ISO-10303-21;
HEADER;
FILE_DESCRIPTION(('Open CASCADE Model'),'2;1');
FILE_NAME('Open CASCADE Shape Model','2026-10-01T08:50:04',('Author'),(
    'Open CASCADE'),'Open CASCADE STEP processor 8.0','build123d',
  'Unknown');
FILE_SCHEMA(('AUTOMOTIVE_DESIGN { 1 0 10303 214 1 1 1 1 }'));
ENDSEC;
DATA;
#1 = APPLICATION_PROTOCOL_DEFINITION('international standard',
  'automotive_design',2000,#2);
#2 = APPLICATION_CONTEXT(
  'core data for automotive mechanical design processes');
#3 = SHAPE_DEFINITION_REPRESENTATION(#4,#10);
#4 = PRODUCT_DEFINITION_SHAPE('','',#5);
#5 = PRODUCT_DEFINITION('design','',#6,#9);
#6 = PRODUCT_DEFINITION_FORMATION('','',#7);
#7 = PRODUCT('COMPOUND','COMPOUND','',(#8));
#8 = PRODUCT_CONTEXT('',#2,'mechanical');
#9 = PRODUCT_DEFINITION_CONTEXT('part definition',#2,'design');
#10 = SHAPE_REPRESENTATION('',(#11,#15,#19),#23);
#11 = AXIS2_PLACEMENT_3D('',#12,#13,#14);
#12 = CARTESIAN_POINT('',(0.,0.,0.));
#13 = DIRECTION('',(0.,0.,1.));
#14 = DIRECTION('',(1.,0.,-0.));
#15 = AXIS2_PLACEMENT_3D('',#16,#17,#18);
#16 = CARTESIAN_POINT('',(0.,0.,0.));
#17 = DIRECTION('',(0.,0.,1.));
#18 = DIRECTION('',(1.,0.,-0.));
#19 = AXIS2_PLACEMENT_3D('',#20,#21,#22);
#20 = CARTESIAN_POINT('',(0.,0.,0.));
#21 = DIRECTION('',(0.,0.,1.));
#22 = DIRECTION('',(1.,0.,-0.));
#23 = ( GEOMETRIC_REPRESENTATION_CONTEXT(3) 
GLOBAL_UNCERTAINTY_ASSIGNED_CONTEXT((#27)) GLOBAL_UNIT_ASSIGNED_CONTEXT(
(#24,#25,#26)) REPRESENTATION_CONTEXT('Context #1',
  '3D Context with UNIT and UNCERTAINTY') );
#24 = ( LENGTH_UNIT() NAMED_UNIT(*) SI_UNIT(.MILLI.,.METRE.) );
#25 = ( NAMED_UNIT(*) PLANE_ANGLE_UNIT() SI_UNIT($,.RADIAN.) );
#26 = ( NAMED_UNIT(*) SI_UNIT($,.STERADIAN.) SOLID_ANGLE_UNIT() );
#27 = UNCERTAINTY_MEASURE_WITH_UNIT(LENGTH_MEASURE(1.E-07),#24,
  'distance_accuracy_value','confusion accuracy');
#28 = PRODUCT_RELATED_PRODUCT_CATEGORY('part',$,(#7));
#29 = SHAPE_DEFINITION_REPRESENTATION(#30,#36);
#30 = PRODUCT_DEFINITION_SHAPE('','',#31);
#31 = PRODUCT_DEFINITION('design','',#32,#35);
#32 = PRODUCT_DEFINITION_FORMATION('','',#33);
#33 = PRODUCT('SOLID','SOLID','',(#34));
#34 = PRODUCT_CONTEXT('',#2,'mechanical');
#35 = PRODUCT_DEFINITION_CONTEXT('part definition',#2,'design');
#36 = ADVANCED_BREP_SHAPE_REPRESENTATION('',(#11,#37),#4353);
#37 = BREP_WITH_VOIDS('',#38,(#3733));
#38 = CLOSED_SHELL('',(#39,#477,#500,#774,#824,#893,#964,#1013,#1060,
    #1106,#1155,#1180,#1207,#1230,#1268,#1276,#1408,#1515,#1782,#1786,
    #1913,#2307,#2330,#2604,#2654,#2723,#2794,#2843,#2890,#2936,#2985,
    #3010,#3037,#3060,#3098,#3106,#3164,#3219,#3254,#3309,#3313,#3371,
    #3716,#3720));
#39 = ADVANCED_FACE('',(#40),#55,.T.);
#40 = FACE_BOUND('',#41,.T.);
#41 = EDGE_LOOP('',(#42,#105,#128,#160,#192,#221,#248,#281,#313,#342,
    #369,#394,#395,#446));
#42 = ORIENTED_EDGE('',*,*,#43,.F.);
#43 = EDGE_CURVE('',#44,#46,#48,.T.);
#44 = VERTEX_POINT('',#45);
#45 = CARTESIAN_POINT('',(731.10201005849,-45.20110135683,
    490.32688247027));
#46 = VERTEX_POINT('',#47);
#47 = CARTESIAN_POINT('',(738.52912676939,-55.,493.03013187946));
#48 = SURFACE_CURVE('',#49,(#54,#93),.PCURVE_S1.);
#49 = ELLIPSE('',#50,10.112947479974,10.);
#50 = AXIS2_PLACEMENT_3D('',#51,#52,#53);
#51 = CARTESIAN_POINT('',(740.60067863253,-45.24598487391,
    493.78411509638));
#52 = DIRECTION('',(-0.342020143326,0.,0.939692620786));
#53 = DIRECTION('',(0.919930605239,-0.204005690972,0.334827357897));
#54 = PCURVE('',#55,#60);
#55 = CYLINDRICAL_SURFACE('',#56,10.);
#56 = AXIS2_PLACEMENT_3D('',#57,#58,#59);
#57 = CARTESIAN_POINT('',(736.75528855776,-45.,500.89792974983));
#58 = DIRECTION('',(0.475305305696,-3.040469586107E-02,-0.879295411592)
  );
#59 = DIRECTION('',(-0.879702123958,3.469446951954E-18,-0.47552515507));
#60 = DEFINITIONAL_REPRESENTATION('',(#61),#92);
#61 = B_SPLINE_CURVE_WITH_KNOTS('',8,(#62,#63,#64,#65,#66,#67,#68,#69,
    #70,#71,#72,#73,#74,#75,#76,#77,#78,#79,#80,#81,#82,#83,#84,#85,#86,
    #87,#88,#89,#90,#91),.UNSPECIFIED.,.F.,.F.,(9,7,7,7,9),(
    3.344809009145,4.91560533594,7.271799826133,8.449897071229,
    9.627994316325),.UNSPECIFIED.);
#62 = CARTESIAN_POINT('',(6.28318530718,6.614154528949));
#63 = CARTESIAN_POINT('',(6.08683576633,6.673881623274));
#64 = CARTESIAN_POINT('',(5.890486225481,6.798652254834));
#65 = CARTESIAN_POINT('',(5.694136684632,6.984951112905));
#66 = CARTESIAN_POINT('',(5.497787143782,7.223939790693));
#67 = CARTESIAN_POINT('',(5.301437602933,7.501807148687));
#68 = CARTESIAN_POINT('',(5.105088062083,7.801439882161));
#69 = CARTESIAN_POINT('',(4.908738521234,8.104693706935));
#70 = CARTESIAN_POINT('',(4.417864669111,8.829323383424));
#71 = CARTESIAN_POINT('',(4.12334035784,9.23394598633));
#72 = CARTESIAN_POINT('',(3.828816046559,9.550934308871));
#73 = CARTESIAN_POINT('',(3.53429173532,9.728443496257));
#74 = CARTESIAN_POINT('',(3.239767424009,9.735966724184));
#75 = CARTESIAN_POINT('',(2.945243112743,9.578508375258));
#76 = CARTESIAN_POINT('',(2.650718801466,9.289882832274));
#77 = CARTESIAN_POINT('',(2.208932334555,8.733706104797));
#78 = CARTESIAN_POINT('',(2.061670178918,8.527774220232));
#79 = CARTESIAN_POINT('',(1.914408023281,8.307429139215));
#80 = CARTESIAN_POINT('',(1.767145867645,8.079747234767));
#81 = CARTESIAN_POINT('',(1.619883712007,7.852330991209));
#82 = CARTESIAN_POINT('',(1.47262155637,7.632770351879));
#83 = CARTESIAN_POINT('',(1.325359400733,7.428105418144));
#84 = CARTESIAN_POINT('',(1.030835089459,7.060707956282));
#85 = CARTESIAN_POINT('',(0.883572933822,6.897975562611));
#86 = CARTESIAN_POINT('',(0.736310778184,6.762278970429));
#87 = CARTESIAN_POINT('',(0.589048622549,6.658721415738));
#88 = CARTESIAN_POINT('',(0.441786466912,6.591007686979));
#89 = CARTESIAN_POINT('',(0.294524311274,6.561150502135));
#90 = CARTESIAN_POINT('',(0.147262155637,6.569359208204));
#91 = CARTESIAN_POINT('',(6.217248937901E-15,6.614154528949));
#92 = ( GEOMETRIC_REPRESENTATION_CONTEXT(2) 
PARAMETRIC_REPRESENTATION_CONTEXT() REPRESENTATION_CONTEXT('2D SPACE',''
  ) );
#93 = PCURVE('',#94,#99);
#94 = PLANE('',#95);
#95 = AXIS2_PLACEMENT_3D('',#96,#97,#98);
#96 = CARTESIAN_POINT('',(720.69759728865,-55.,486.53998591703));
#97 = DIRECTION('',(-0.342020143326,0.,0.939692620786));
#98 = DIRECTION('',(0.939692620786,0.,0.342020143326));
#99 = DEFINITIONAL_REPRESENTATION('',(#100),#104);
#100 = ELLIPSE('',#101,10.112947479974,10.);
#101 = AXIS2_PLACEMENT_2D('',#102,#103);
#102 = CARTESIAN_POINT('',(21.180416769936,9.75401512609));
#103 = DIRECTION('',(0.978969702315,-0.204005690972));
#104 = ( GEOMETRIC_REPRESENTATION_CONTEXT(2) 
PARAMETRIC_REPRESENTATION_CONTEXT() REPRESENTATION_CONTEXT('2D SPACE',''
  ) );
#105 = ORIENTED_EDGE('',*,*,#106,.T.);
#106 = EDGE_CURVE('',#44,#107,#109,.T.);
#107 = VERTEX_POINT('',#108);
#108 = CARTESIAN_POINT('',(842.,-52.29510938781,285.17012839712));
#109 = SEAM_CURVE('',#110,(#114,#121),.PCURVE_S1.);
#110 = LINE('',#111,#112);
#111 = CARTESIAN_POINT('',(727.95826731819,-45.,496.14267819914));
#112 = VECTOR('',#113,1.);
#113 = DIRECTION('',(0.475305305696,-3.040469586107E-02,-0.879295411592)
  );
#114 = PCURVE('',#55,#115);
#115 = DEFINITIONAL_REPRESENTATION('',(#116),#120);
#116 = LINE('',#117,#118);
#117 = CARTESIAN_POINT('',(0.,-0.));
#118 = VECTOR('',#119,1.);
#119 = DIRECTION('',(0.,1.));
#120 = ( GEOMETRIC_REPRESENTATION_CONTEXT(2) 
PARAMETRIC_REPRESENTATION_CONTEXT() REPRESENTATION_CONTEXT('2D SPACE',''
  ) );
#121 = PCURVE('',#55,#122);
#122 = DEFINITIONAL_REPRESENTATION('',(#123),#127);
#123 = LINE('',#124,#125);
#124 = CARTESIAN_POINT('',(6.28318530718,-0.));
#125 = VECTOR('',#126,1.);
#126 = DIRECTION('',(0.,1.));
#127 = ( GEOMETRIC_REPRESENTATION_CONTEXT(2) 
PARAMETRIC_REPRESENTATION_CONTEXT() REPRESENTATION_CONTEXT('2D SPACE',''
  ) );
#128 = ORIENTED_EDGE('',*,*,#129,.F.);
#129 = EDGE_CURVE('',#130,#107,#132,.T.);
#130 = VERTEX_POINT('',#131);
#131 = CARTESIAN_POINT('',(842.,-55.,285.96592438642));
#132 = SURFACE_CURVE('',#133,(#138,#148),.PCURVE_S1.);
#133 = ELLIPSE('',#134,21.039108716356,10.);
#134 = AXIS2_PLACEMENT_3D('',#135,#136,#137);
#135 = CARTESIAN_POINT('',(842.,-51.73237475794,306.19951010993));
#136 = DIRECTION('',(1.,0.,0.));
#137 = DIRECTION('',(0.,-3.455782293103E-02,-0.999402700054));
#138 = PCURVE('',#55,#139);
#139 = DEFINITIONAL_REPRESENTATION('',(#140),#147);
#140 = B_SPLINE_CURVE_WITH_KNOTS('',5,(#141,#142,#143,#144,#145,#146),
  .UNSPECIFIED.,.F.,.F.,(6,6),(5.970338119421,6.299619160997),
  .PIECEWISE_BEZIER_KNOTS.);
#141 = CARTESIAN_POINT('',(5.953904265603,239.03765521162));
#142 = CARTESIAN_POINT('',(6.019760473919,239.41283811251));
#143 = CARTESIAN_POINT('',(6.085616682234,239.69254089884));
#144 = CARTESIAN_POINT('',(6.151472890549,239.87336897275));
#145 = CARTESIAN_POINT('',(6.217329098864,239.95367385095));
#146 = CARTESIAN_POINT('',(6.28318530718,239.93364120942));
#147 = ( GEOMETRIC_REPRESENTATION_CONTEXT(2) 
PARAMETRIC_REPRESENTATION_CONTEXT() REPRESENTATION_CONTEXT('2D SPACE',''
  ) );
#148 = PCURVE('',#149,#154);
#149 = PLANE('',#150);
#150 = AXIS2_PLACEMENT_3D('',#151,#152,#153);
#151 = CARTESIAN_POINT('',(842.,-55.,238.));
#152 = DIRECTION('',(1.,-0.,0.));
#153 = DIRECTION('',(0.,0.,1.));
#154 = DEFINITIONAL_REPRESENTATION('',(#155),#159);
#155 = ELLIPSE('',#156,21.039108716356,10.);
#156 = AXIS2_PLACEMENT_2D('',#157,#158);
#157 = CARTESIAN_POINT('',(68.199510109934,-3.267625242051));
#158 = DIRECTION('',(-0.999402700054,3.455782293103E-02));
#159 = ( GEOMETRIC_REPRESENTATION_CONTEXT(2) 
PARAMETRIC_REPRESENTATION_CONTEXT() REPRESENTATION_CONTEXT('2D SPACE',''
  ) );
#160 = ORIENTED_EDGE('',*,*,#161,.F.);
#161 = EDGE_CURVE('',#162,#130,#164,.T.);
#162 = VERTEX_POINT('',#163);
#163 = CARTESIAN_POINT('',(845.4464213155,-55.,279.46278811514));
#164 = SURFACE_CURVE('',#165,(#170,#180),.PCURVE_S1.);
#165 = ELLIPSE('',#166,328.89656406012,10.);
#166 = AXIS2_PLACEMENT_3D('',#167,#168,#169);
#167 = CARTESIAN_POINT('',(893.08157048074,-55.,211.70069008338));
#168 = DIRECTION('',(0.,1.,0.));
#169 = DIRECTION('',(0.47552515507,-0.,-0.879702123958));
#170 = PCURVE('',#55,#171);
#171 = DEFINITIONAL_REPRESENTATION('',(#172),#179);
#172 = B_SPLINE_CURVE_WITH_KNOTS('',5,(#173,#174,#175,#176,#177,#178),
  .UNSPECIFIED.,.F.,.F.,(6,6),(1.823596010108,1.868471330017),
  .PIECEWISE_BEZIER_KNOTS.);
#173 = CARTESIAN_POINT('',(6.030385623866,246.67242364509));
#174 = CARTESIAN_POINT('',(6.021410559884,243.81569954245));
#175 = CARTESIAN_POINT('',(6.012435495903,240.9672545652));
#176 = CARTESIAN_POINT('',(6.003460431921,238.12756811806));
#177 = CARTESIAN_POINT('',(5.994485367939,235.29711682636));
#178 = CARTESIAN_POINT('',(5.985510303958,232.47637405626));
#179 = ( GEOMETRIC_REPRESENTATION_CONTEXT(2) 
PARAMETRIC_REPRESENTATION_CONTEXT() REPRESENTATION_CONTEXT('2D SPACE',''
  ) );
#180 = PCURVE('',#181,#186);
#181 = PLANE('',#182);
#182 = AXIS2_PLACEMENT_3D('',#183,#184,#185);
#183 = CARTESIAN_POINT('',(857.22303809874,-55.,263.12874719043));
#184 = DIRECTION('',(0.,1.,-0.));
#185 = DIRECTION('',(-1.,0.,0.));
#186 = DEFINITIONAL_REPRESENTATION('',(#187),#191);
#187 = ELLIPSE('',#188,328.89656406012,10.);
#188 = AXIS2_PLACEMENT_2D('',#189,#190);
#189 = CARTESIAN_POINT('',(-35.858532382,-51.42805710705));
#190 = DIRECTION('',(-0.47552515507,-0.879702123958));
#191 = ( GEOMETRIC_REPRESENTATION_CONTEXT(2) 
PARAMETRIC_REPRESENTATION_CONTEXT() REPRESENTATION_CONTEXT('2D SPACE',''
  ) );
#192 = ORIENTED_EDGE('',*,*,#193,.F.);
#193 = EDGE_CURVE('',#194,#162,#196,.T.);
#194 = VERTEX_POINT('',#195);
#195 = CARTESIAN_POINT('',(862.4812542582,-55.,288.67100912092));
#196 = SURFACE_CURVE('',#197,(#202,#209),.PCURVE_S1.);
#197 = CIRCLE('',#198,10.);
#198 = AXIS2_PLACEMENT_3D('',#199,#200,#201);
#199 = CARTESIAN_POINT('',(854.,-52.5,284.));
#200 = DIRECTION('',(0.475305305696,-3.040469586107E-02,-0.879295411592)
  );
#201 = DIRECTION('',(-0.879702123958,5.20417042793E-18,-0.47552515507));
#202 = PCURVE('',#55,#203);
#203 = DEFINITIONAL_REPRESENTATION('',(#204),#208);
#204 = LINE('',#205,#206);
#205 = CARTESIAN_POINT('',(0.,246.67242304509));
#206 = VECTOR('',#207,1.);
#207 = DIRECTION('',(1.,0.));
#208 = ( GEOMETRIC_REPRESENTATION_CONTEXT(2) 
PARAMETRIC_REPRESENTATION_CONTEXT() REPRESENTATION_CONTEXT('2D SPACE',''
  ) );
#209 = PCURVE('',#210,#215);
#210 = PLANE('',#211);
#211 = AXIS2_PLACEMENT_3D('',#212,#213,#214);
#212 = CARTESIAN_POINT('',(854.,-52.5,284.));
#213 = DIRECTION('',(0.475305305696,-3.040469586107E-02,-0.879295411592)
  );
#214 = DIRECTION('',(-0.879702123958,3.469446951954E-18,-0.47552515507)
  );
#215 = DEFINITIONAL_REPRESENTATION('',(#216),#220);
#216 = CIRCLE('',#217,10.);
#217 = AXIS2_PLACEMENT_2D('',#218,#219);
#218 = CARTESIAN_POINT('',(0.,0.));
#219 = DIRECTION('',(1.,0.));
#220 = ( GEOMETRIC_REPRESENTATION_CONTEXT(2) 
PARAMETRIC_REPRESENTATION_CONTEXT() REPRESENTATION_CONTEXT('2D SPACE',''
  ) );
#221 = ORIENTED_EDGE('',*,*,#222,.F.);
#222 = EDGE_CURVE('',#223,#194,#225,.T.);
#223 = VERTEX_POINT('',#224);
#224 = CARTESIAN_POINT('',(861.74918506468,-55.,290.));
#225 = SURFACE_CURVE('',#226,(#231,#241),.PCURVE_S1.);
#226 = ELLIPSE('',#227,328.89656406012,10.);
#227 = AXIS2_PLACEMENT_3D('',#228,#229,#230);
#228 = CARTESIAN_POINT('',(893.08157048074,-55.,211.70069008338));
#229 = DIRECTION('',(0.,1.,0.));
#230 = DIRECTION('',(0.47552515507,-0.,-0.879702123958));
#231 = PCURVE('',#55,#232);
#232 = DEFINITIONAL_REPRESENTATION('',(#233),#240);
#233 = B_SPLINE_CURVE_WITH_KNOTS('',5,(#234,#235,#236,#237,#238,#239),
  .UNSPECIFIED.,.F.,.F.,(6,6),(4.436105080495,4.459589297071),
  .PIECEWISE_BEZIER_KNOTS.);
#234 = CARTESIAN_POINT('',(3.417876553479,239.22085860869));
#235 = CARTESIAN_POINT('',(3.413179710164,240.70636269344));
#236 = CARTESIAN_POINT('',(3.408482866849,242.19433962355));
#237 = CARTESIAN_POINT('',(3.403786023534,243.68472112669));
#238 = CARTESIAN_POINT('',(3.399089180219,245.17743870323));
#239 = CARTESIAN_POINT('',(3.394392336903,246.67242364509));
#240 = ( GEOMETRIC_REPRESENTATION_CONTEXT(2) 
PARAMETRIC_REPRESENTATION_CONTEXT() REPRESENTATION_CONTEXT('2D SPACE',''
  ) );
#241 = PCURVE('',#181,#242);
#242 = DEFINITIONAL_REPRESENTATION('',(#243),#247);
#243 = ELLIPSE('',#244,328.89656406012,10.);
#244 = AXIS2_PLACEMENT_2D('',#245,#246);
#245 = CARTESIAN_POINT('',(-35.858532382,-51.42805710705));
#246 = DIRECTION('',(-0.47552515507,-0.879702123958));
#247 = ( GEOMETRIC_REPRESENTATION_CONTEXT(2) 
PARAMETRIC_REPRESENTATION_CONTEXT() REPRESENTATION_CONTEXT('2D SPACE',''
  ) );
#248 = ORIENTED_EDGE('',*,*,#249,.F.);
#249 = EDGE_CURVE('',#250,#223,#252,.T.);
#250 = VERTEX_POINT('',#251);
#251 = CARTESIAN_POINT('',(861.7774906863,-50.,290.));
#252 = SURFACE_CURVE('',#253,(#258,#269),.PCURVE_S1.);
#253 = ELLIPSE('',#254,11.372742161698,10.);
#254 = AXIS2_PLACEMENT_3D('',#255,#256,#257);
#255 = CARTESIAN_POINT('',(850.75668518613,-52.29252914008,290.));
#256 = DIRECTION('',(0.,-0.,-1.));
#257 = DIRECTION('',(0.997960256071,-6.383829026026E-02,0.));
#258 = PCURVE('',#55,#259);
#259 = DEFINITIONAL_REPRESENTATION('',(#260),#268);
#260 = B_SPLINE_CURVE_WITH_KNOTS('',6,(#261,#262,#263,#264,#265,#266,
    #267),.UNSPECIFIED.,.F.,.F.,(7,7),(5.927720934055,6.536879093102),
  .PIECEWISE_BEZIER_KNOTS.);
#261 = CARTESIAN_POINT('',(2.842316520817,244.92673366243));
#262 = CARTESIAN_POINT('',(2.943842880659,245.11812170346));
#263 = CARTESIAN_POINT('',(3.0453692405,245.24669987266));
#264 = CARTESIAN_POINT('',(3.146895600341,245.30891734355));
#265 = CARTESIAN_POINT('',(3.248421960182,245.30316485439));
#266 = CARTESIAN_POINT('',(3.349948320024,245.22999778684));
#267 = CARTESIAN_POINT('',(3.451474679865,245.09197695265));
#268 = ( GEOMETRIC_REPRESENTATION_CONTEXT(2) 
PARAMETRIC_REPRESENTATION_CONTEXT() REPRESENTATION_CONTEXT('2D SPACE',''
  ) );
#269 = PCURVE('',#270,#275);
#270 = PLANE('',#271);
#271 = AXIS2_PLACEMENT_3D('',#272,#273,#274);
#272 = CARTESIAN_POINT('',(842.,-55.,290.));
#273 = DIRECTION('',(0.,-0.,-1.));
#274 = DIRECTION('',(1.,0.,0.));
#275 = DEFINITIONAL_REPRESENTATION('',(#276),#280);
#276 = ELLIPSE('',#277,11.372742161698,10.);
#277 = AXIS2_PLACEMENT_2D('',#278,#279);
#278 = CARTESIAN_POINT('',(8.756685186139,-2.70747085992));
#279 = DIRECTION('',(0.997960256071,6.383829026026E-02));
#280 = ( GEOMETRIC_REPRESENTATION_CONTEXT(2) 
PARAMETRIC_REPRESENTATION_CONTEXT() REPRESENTATION_CONTEXT('2D SPACE',''
  ) );
#281 = ORIENTED_EDGE('',*,*,#282,.T.);
#282 = EDGE_CURVE('',#250,#283,#285,.T.);
#283 = VERTEX_POINT('',#284);
#284 = CARTESIAN_POINT('',(862.55357868449,-50.,288.53721188485));
#285 = SURFACE_CURVE('',#286,(#291,#301),.PCURVE_S1.);
#286 = ELLIPSE('',#287,328.89656406012,10.);
#287 = AXIS2_PLACEMENT_3D('',#288,#289,#290);
#288 = CARTESIAN_POINT('',(814.91842951925,-50.,356.29930991661));
#289 = DIRECTION('',(0.,1.,0.));
#290 = DIRECTION('',(0.47552515507,-0.,-0.879702123958));
#291 = PCURVE('',#55,#292);
#292 = DEFINITIONAL_REPRESENTATION('',(#293),#300);
#293 = B_SPLINE_CURVE_WITH_KNOTS('',5,(#294,#295,#296,#297,#298,#299),
  .UNSPECIFIED.,.F.,.F.,(6,6),(4.941569990179,4.965188667468),
  .PIECEWISE_BEZIER_KNOTS.);
#294 = CARTESIAN_POINT('',(2.912411643795,239.13246663928));
#295 = CARTESIAN_POINT('',(2.907687908337,240.64476464359));
#296 = CARTESIAN_POINT('',(2.90296417288,242.15497954947));
#297 = CARTESIAN_POINT('',(2.898240437422,243.66304105497));
#298 = CARTESIAN_POINT('',(2.893516701964,245.16887905185));
#299 = CARTESIAN_POINT('',(2.888792966506,246.67242364509));
#300 = ( GEOMETRIC_REPRESENTATION_CONTEXT(2) 
PARAMETRIC_REPRESENTATION_CONTEXT() REPRESENTATION_CONTEXT('2D SPACE',''
  ) );
#301 = PCURVE('',#302,#307);
#302 = PLANE('',#303);
#303 = AXIS2_PLACEMENT_3D('',#304,#305,#306);
#304 = CARTESIAN_POINT('',(857.22303809874,-50.,263.12874719043));
#305 = DIRECTION('',(0.,1.,-0.));
#306 = DIRECTION('',(-1.,0.,0.));
#307 = DEFINITIONAL_REPRESENTATION('',(#308),#312);
#308 = ELLIPSE('',#309,328.89656406012,10.);
#309 = AXIS2_PLACEMENT_2D('',#310,#311);
#310 = CARTESIAN_POINT('',(42.304608579486,93.170562726174));
#311 = DIRECTION('',(-0.47552515507,-0.879702123958));
#312 = ( GEOMETRIC_REPRESENTATION_CONTEXT(2) 
PARAMETRIC_REPRESENTATION_CONTEXT() REPRESENTATION_CONTEXT('2D SPACE',''
  ) );
#313 = ORIENTED_EDGE('',*,*,#314,.F.);
#314 = EDGE_CURVE('',#315,#283,#317,.T.);
#315 = VERTEX_POINT('',#316);
#316 = CARTESIAN_POINT('',(845.51874574179,-50.,279.32899087907));
#317 = SURFACE_CURVE('',#318,(#323,#330),.PCURVE_S1.);
#318 = CIRCLE('',#319,10.);
#319 = AXIS2_PLACEMENT_3D('',#320,#321,#322);
#320 = CARTESIAN_POINT('',(854.,-52.5,284.));
#321 = DIRECTION('',(0.475305305696,-3.040469586107E-02,-0.879295411592)
  );
#322 = DIRECTION('',(-0.879702123958,5.20417042793E-18,-0.47552515507));
#323 = PCURVE('',#55,#324);
#324 = DEFINITIONAL_REPRESENTATION('',(#325),#329);
#325 = LINE('',#326,#327);
#326 = CARTESIAN_POINT('',(0.,246.67242304509));
#327 = VECTOR('',#328,1.);
#328 = DIRECTION('',(1.,0.));
#329 = ( GEOMETRIC_REPRESENTATION_CONTEXT(2) 
PARAMETRIC_REPRESENTATION_CONTEXT() REPRESENTATION_CONTEXT('2D SPACE',''
  ) );
#330 = PCURVE('',#331,#336);
#331 = PLANE('',#332);
#332 = AXIS2_PLACEMENT_3D('',#333,#334,#335);
#333 = CARTESIAN_POINT('',(854.,-52.5,284.));
#334 = DIRECTION('',(0.475305305696,-3.040469586107E-02,-0.879295411592)
  );
#335 = DIRECTION('',(-0.879702123958,3.469446951954E-18,-0.47552515507)
  );
#336 = DEFINITIONAL_REPRESENTATION('',(#337),#341);
#337 = CIRCLE('',#338,10.);
#338 = AXIS2_PLACEMENT_2D('',#339,#340);
#339 = CARTESIAN_POINT('',(0.,0.));
#340 = DIRECTION('',(1.,0.));
#341 = ( GEOMETRIC_REPRESENTATION_CONTEXT(2) 
PARAMETRIC_REPRESENTATION_CONTEXT() REPRESENTATION_CONTEXT('2D SPACE',''
  ) );
#342 = ORIENTED_EDGE('',*,*,#343,.T.);
#343 = EDGE_CURVE('',#315,#344,#346,.T.);
#344 = VERTEX_POINT('',#345);
#345 = CARTESIAN_POINT('',(842.,-50.,285.72364594892));
#346 = SURFACE_CURVE('',#347,(#352,#362),.PCURVE_S1.);
#347 = ELLIPSE('',#348,328.89656406012,10.);
#348 = AXIS2_PLACEMENT_3D('',#349,#350,#351);
#349 = CARTESIAN_POINT('',(814.91842951925,-50.,356.29930991661));
#350 = DIRECTION('',(0.,1.,0.));
#351 = DIRECTION('',(0.47552515507,-0.,-0.879702123958));
#352 = PCURVE('',#55,#353);
#353 = DEFINITIONAL_REPRESENTATION('',(#354),#361);
#354 = B_SPLINE_CURVE_WITH_KNOTS('',5,(#355,#356,#357,#358,#359,#360),
  .UNSPECIFIED.,.F.,.F.,(6,6),(1.317996639711,1.361555376454),
  .PIECEWISE_BEZIER_KNOTS.);
#355 = CARTESIAN_POINT('',(0.252799687084,246.67242364509));
#356 = CARTESIAN_POINT('',(0.244087939735,243.89951209222));
#357 = CARTESIAN_POINT('',(0.235376192386,241.11880008492));
#358 = CARTESIAN_POINT('',(0.226664445038,238.3307260582));
#359 = CARTESIAN_POINT('',(0.217952697689,235.53573091423));
#360 = CARTESIAN_POINT('',(0.209240950341,232.73425760424));
#361 = ( GEOMETRIC_REPRESENTATION_CONTEXT(2) 
PARAMETRIC_REPRESENTATION_CONTEXT() REPRESENTATION_CONTEXT('2D SPACE',''
  ) );
#362 = PCURVE('',#302,#363);
#363 = DEFINITIONAL_REPRESENTATION('',(#364),#368);
#364 = ELLIPSE('',#365,328.89656406012,10.);
#365 = AXIS2_PLACEMENT_2D('',#366,#367);
#366 = CARTESIAN_POINT('',(42.304608579486,93.170562726174));
#367 = DIRECTION('',(-0.47552515507,-0.879702123958));
#368 = ( GEOMETRIC_REPRESENTATION_CONTEXT(2) 
PARAMETRIC_REPRESENTATION_CONTEXT() REPRESENTATION_CONTEXT('2D SPACE',''
  ) );
#369 = ORIENTED_EDGE('',*,*,#370,.F.);
#370 = EDGE_CURVE('',#107,#344,#371,.T.);
#371 = SURFACE_CURVE('',#372,(#377,#387),.PCURVE_S1.);
#372 = ELLIPSE('',#373,21.039108716356,10.);
#373 = AXIS2_PLACEMENT_3D('',#374,#375,#376);
#374 = CARTESIAN_POINT('',(842.,-51.73237475794,306.19951010993));
#375 = DIRECTION('',(1.,0.,0.));
#376 = DIRECTION('',(0.,-3.455782293103E-02,-0.999402700054));
#377 = PCURVE('',#55,#378);
#378 = DEFINITIONAL_REPRESENTATION('',(#379),#386);
#379 = B_SPLINE_CURVE_WITH_KNOTS('',5,(#380,#381,#382,#383,#384,#385),
  .UNSPECIFIED.,.F.,.F.,(6,6),(1.643385381755E-02,0.297289489279),
  .PIECEWISE_BEZIER_KNOTS.);
#380 = CARTESIAN_POINT('',(0.,239.93364120942));
#381 = CARTESIAN_POINT('',(5.617112709223E-02,239.91655464944));
#382 = CARTESIAN_POINT('',(0.112342254184,239.82647232818));
#383 = CARTESIAN_POINT('',(0.168513381277,239.66350476484));
#384 = CARTESIAN_POINT('',(0.224684508369,239.42873018694));
#385 = CARTESIAN_POINT('',(0.280855635461,239.12415246546));
#386 = ( GEOMETRIC_REPRESENTATION_CONTEXT(2) 
PARAMETRIC_REPRESENTATION_CONTEXT() REPRESENTATION_CONTEXT('2D SPACE',''
  ) );
#387 = PCURVE('',#149,#388);
#388 = DEFINITIONAL_REPRESENTATION('',(#389),#393);
#389 = ELLIPSE('',#390,21.039108716356,10.);
#390 = AXIS2_PLACEMENT_2D('',#391,#392);
#391 = CARTESIAN_POINT('',(68.199510109934,-3.267625242051));
#392 = DIRECTION('',(-0.999402700054,3.455782293103E-02));
#393 = ( GEOMETRIC_REPRESENTATION_CONTEXT(2) 
PARAMETRIC_REPRESENTATION_CONTEXT() REPRESENTATION_CONTEXT('2D SPACE',''
  ) );
#394 = ORIENTED_EDGE('',*,*,#106,.F.);
#395 = ORIENTED_EDGE('',*,*,#396,.F.);
#396 = EDGE_CURVE('',#397,#44,#399,.T.);
#397 = VERTEX_POINT('',#398);
#398 = CARTESIAN_POINT('',(742.75532123588,-55.,494.56834086948));
#399 = SURFACE_CURVE('',#400,(#405,#439),.PCURVE_S1.);
#400 = ELLIPSE('',#401,10.112947479974,10.);
#401 = AXIS2_PLACEMENT_3D('',#402,#403,#404);
#402 = CARTESIAN_POINT('',(740.60067863253,-45.24598487391,
    493.78411509638));
#403 = DIRECTION('',(-0.342020143326,0.,0.939692620786));
#404 = DIRECTION('',(0.919930605239,-0.204005690972,0.334827357897));
#405 = PCURVE('',#55,#406);
#406 = DEFINITIONAL_REPRESENTATION('',(#407),#438);
#407 = B_SPLINE_CURVE_WITH_KNOTS('',8,(#408,#409,#410,#411,#412,#413,
    #414,#415,#416,#417,#418,#419,#420,#421,#422,#423,#424,#425,#426,
    #427,#428,#429,#430,#431,#432,#433,#434,#435,#436,#437),
  .UNSPECIFIED.,.F.,.F.,(9,7,7,7,9),(3.344809009145,4.91560533594,
    7.271799826133,8.449897071229,9.627994316325),.UNSPECIFIED.);
#408 = CARTESIAN_POINT('',(6.28318530718,6.614154528949));
#409 = CARTESIAN_POINT('',(6.08683576633,6.673881623274));
#410 = CARTESIAN_POINT('',(5.890486225481,6.798652254834));
#411 = CARTESIAN_POINT('',(5.694136684632,6.984951112905));
#412 = CARTESIAN_POINT('',(5.497787143782,7.223939790693));
#413 = CARTESIAN_POINT('',(5.301437602933,7.501807148687));
#414 = CARTESIAN_POINT('',(5.105088062083,7.801439882161));
#415 = CARTESIAN_POINT('',(4.908738521234,8.104693706935));
#416 = CARTESIAN_POINT('',(4.417864669111,8.829323383424));
#417 = CARTESIAN_POINT('',(4.12334035784,9.23394598633));
#418 = CARTESIAN_POINT('',(3.828816046559,9.550934308871));
#419 = CARTESIAN_POINT('',(3.53429173532,9.728443496257));
#420 = CARTESIAN_POINT('',(3.239767424009,9.735966724184));
#421 = CARTESIAN_POINT('',(2.945243112743,9.578508375258));
#422 = CARTESIAN_POINT('',(2.650718801466,9.289882832274));
#423 = CARTESIAN_POINT('',(2.208932334555,8.733706104797));
#424 = CARTESIAN_POINT('',(2.061670178918,8.527774220232));
#425 = CARTESIAN_POINT('',(1.914408023281,8.307429139215));
#426 = CARTESIAN_POINT('',(1.767145867645,8.079747234767));
#427 = CARTESIAN_POINT('',(1.619883712007,7.852330991209));
#428 = CARTESIAN_POINT('',(1.47262155637,7.632770351879));
#429 = CARTESIAN_POINT('',(1.325359400733,7.428105418144));
#430 = CARTESIAN_POINT('',(1.030835089459,7.060707956282));
#431 = CARTESIAN_POINT('',(0.883572933822,6.897975562611));
#432 = CARTESIAN_POINT('',(0.736310778184,6.762278970429));
#433 = CARTESIAN_POINT('',(0.589048622549,6.658721415738));
#434 = CARTESIAN_POINT('',(0.441786466912,6.591007686979));
#435 = CARTESIAN_POINT('',(0.294524311274,6.561150502135));
#436 = CARTESIAN_POINT('',(0.147262155637,6.569359208204));
#437 = CARTESIAN_POINT('',(6.217248937901E-15,6.614154528949));
#438 = ( GEOMETRIC_REPRESENTATION_CONTEXT(2) 
PARAMETRIC_REPRESENTATION_CONTEXT() REPRESENTATION_CONTEXT('2D SPACE',''
  ) );
#439 = PCURVE('',#94,#440);
#440 = DEFINITIONAL_REPRESENTATION('',(#441),#445);
#441 = ELLIPSE('',#442,10.112947479974,10.);
#442 = AXIS2_PLACEMENT_2D('',#443,#444);
#443 = CARTESIAN_POINT('',(21.180416769936,9.75401512609));
#444 = DIRECTION('',(0.978969702315,-0.204005690972));
#445 = ( GEOMETRIC_REPRESENTATION_CONTEXT(2) 
PARAMETRIC_REPRESENTATION_CONTEXT() REPRESENTATION_CONTEXT('2D SPACE',''
  ) );
#446 = ORIENTED_EDGE('',*,*,#447,.F.);
#447 = EDGE_CURVE('',#46,#397,#448,.T.);
#448 = SURFACE_CURVE('',#449,(#454,#465),.PCURVE_S1.);
#449 = ELLIPSE('',#450,328.89656406012,10.);
#450 = AXIS2_PLACEMENT_3D('',#451,#452,#453);
#451 = CARTESIAN_POINT('',(893.08157048074,-55.,211.70069008338));
#452 = DIRECTION('',(0.,1.,0.));
#453 = DIRECTION('',(0.47552515507,0.,-0.879702123958));
#454 = PCURVE('',#55,#455);
#455 = DEFINITIONAL_REPRESENTATION('',(#456),#464);
#456 = B_SPLINE_CURVE_WITH_KNOTS('',6,(#457,#458,#459,#460,#461,#462,
    #463),.UNSPECIFIED.,.F.,.F.,(7,7),(2.900609536474,3.39154826373),
  .PIECEWISE_BEZIER_KNOTS.);
#457 = CARTESIAN_POINT('',(4.9533720975,9.651520360678));
#458 = CARTESIAN_POINT('',(4.871548976291,3.231897106913));
#459 = CARTESIAN_POINT('',(4.789725855082,-0.62290254539));
#460 = CARTESIAN_POINT('',(4.707902733872,-1.835515957708));
#461 = CARTESIAN_POINT('',(4.626079612663,-0.380091628122));
#462 = CARTESIAN_POINT('',(4.544256491454,3.714581337603));
#463 = CARTESIAN_POINT('',(4.462433370245,10.368319146671));
#464 = ( GEOMETRIC_REPRESENTATION_CONTEXT(2) 
PARAMETRIC_REPRESENTATION_CONTEXT() REPRESENTATION_CONTEXT('2D SPACE',''
  ) );
#465 = PCURVE('',#466,#471);
#466 = PLANE('',#467);
#467 = AXIS2_PLACEMENT_3D('',#468,#469,#470);
#468 = CARTESIAN_POINT('',(720.69759728865,-55.,486.53998591703));
#469 = DIRECTION('',(-0.,1.,0.));
#470 = DIRECTION('',(-0.342020143326,0.,0.939692620786));
#471 = DEFINITIONAL_REPRESENTATION('',(#472),#476);
#472 = ELLIPSE('',#473,328.89656406012,10.);
#473 = AXIS2_PLACEMENT_2D('',#474,#475);
#474 = CARTESIAN_POINT('',(-317.223249415,67.98737219781));
#475 = DIRECTION('',(-0.989288776065,0.145971632697));
#476 = ( GEOMETRIC_REPRESENTATION_CONTEXT(2) 
PARAMETRIC_REPRESENTATION_CONTEXT() REPRESENTATION_CONTEXT('2D SPACE',''
  ) );
#477 = ADVANCED_FACE('',(#478),#210,.T.);
#478 = FACE_BOUND('',#479,.T.);
#479 = EDGE_LOOP('',(#480,#481));
#480 = ORIENTED_EDGE('',*,*,#193,.T.);
#481 = ORIENTED_EDGE('',*,*,#482,.T.);
#482 = EDGE_CURVE('',#162,#194,#483,.T.);
#483 = SURFACE_CURVE('',#484,(#488,#494),.PCURVE_S1.);
#484 = LINE('',#485,#486);
#485 = CARTESIAN_POINT('',(850.84551708401,-55.,282.38128266305));
#486 = VECTOR('',#487,1.);
#487 = DIRECTION('',(0.879702123958,0.,0.47552515507));
#488 = PCURVE('',#210,#489);
#489 = DEFINITIONAL_REPRESENTATION('',(#490),#493);
#490 = B_SPLINE_CURVE_WITH_KNOTS('',1,(#491,#492),.UNSPECIFIED.,.F.,.F.,
  (2,2),(-6.455253866149,13.544746133851),.PIECEWISE_BEZIER_KNOTS.);
#491 = CARTESIAN_POINT('',(10.,-2.501156358718));
#492 = CARTESIAN_POINT('',(-10.,-2.501156358718));
#493 = ( GEOMETRIC_REPRESENTATION_CONTEXT(2) 
PARAMETRIC_REPRESENTATION_CONTEXT() REPRESENTATION_CONTEXT('2D SPACE',''
  ) );
#494 = PCURVE('',#181,#495);
#495 = DEFINITIONAL_REPRESENTATION('',(#496),#499);
#496 = B_SPLINE_CURVE_WITH_KNOTS('',1,(#497,#498),.UNSPECIFIED.,.F.,.F.,
  (2,2),(-6.455253866149,13.544746133851),.PIECEWISE_BEZIER_KNOTS.);
#497 = CARTESIAN_POINT('',(12.05622155147,16.182899876898));
#498 = CARTESIAN_POINT('',(-5.537820927688,25.693402978289));
#499 = ( GEOMETRIC_REPRESENTATION_CONTEXT(2) 
PARAMETRIC_REPRESENTATION_CONTEXT() REPRESENTATION_CONTEXT('2D SPACE',''
  ) );
#500 = ADVANCED_FACE('',(#501,#743),#181,.F.);
#501 = FACE_BOUND('',#502,.F.);
#502 = EDGE_LOOP('',(#503,#531,#559,#580,#581,#582,#583,#606,#634,#662,
    #690,#716));
#503 = ORIENTED_EDGE('',*,*,#504,.T.);
#504 = EDGE_CURVE('',#505,#507,#509,.T.);
#505 = VERTEX_POINT('',#506);
#506 = CARTESIAN_POINT('',(855.,-55.,250.));
#507 = VERTEX_POINT('',#508);
#508 = CARTESIAN_POINT('',(855.,-55.,238.));
#509 = SURFACE_CURVE('',#510,(#514,#520),.PCURVE_S1.);
#510 = LINE('',#511,#512);
#511 = CARTESIAN_POINT('',(855.,-55.,248.56437359521));
#512 = VECTOR('',#513,1.);
#513 = DIRECTION('',(0.,0.,-1.));
#514 = PCURVE('',#181,#515);
#515 = DEFINITIONAL_REPRESENTATION('',(#516),#519);
#516 = B_SPLINE_CURVE_WITH_KNOTS('',1,(#517,#518),.UNSPECIFIED.,.F.,.F.,
  (2,2),(-1.435626404781,10.564373595219),.PIECEWISE_BEZIER_KNOTS.);
#517 = CARTESIAN_POINT('',(2.223038098743,-13.12874719043));
#518 = CARTESIAN_POINT('',(2.223038098743,-25.12874719043));
#519 = ( GEOMETRIC_REPRESENTATION_CONTEXT(2) 
PARAMETRIC_REPRESENTATION_CONTEXT() REPRESENTATION_CONTEXT('2D SPACE',''
  ) );
#520 = PCURVE('',#521,#526);
#521 = PLANE('',#522);
#522 = AXIS2_PLACEMENT_3D('',#523,#524,#525);
#523 = CARTESIAN_POINT('',(855.,-62.5,234.));
#524 = DIRECTION('',(1.,0.,-0.));
#525 = DIRECTION('',(0.,0.,1.));
#526 = DEFINITIONAL_REPRESENTATION('',(#527),#530);
#527 = B_SPLINE_CURVE_WITH_KNOTS('',1,(#528,#529),.UNSPECIFIED.,.F.,.F.,
  (2,2),(-1.435626404781,10.564373595219),.PIECEWISE_BEZIER_KNOTS.);
#528 = CARTESIAN_POINT('',(16.,-7.5));
#529 = CARTESIAN_POINT('',(4.,-7.5));
#530 = ( GEOMETRIC_REPRESENTATION_CONTEXT(2) 
PARAMETRIC_REPRESENTATION_CONTEXT() REPRESENTATION_CONTEXT('2D SPACE',''
  ) );
#531 = ORIENTED_EDGE('',*,*,#532,.T.);
#532 = EDGE_CURVE('',#507,#533,#535,.T.);
#533 = VERTEX_POINT('',#534);
#534 = CARTESIAN_POINT('',(842.,-55.,238.));
#535 = SURFACE_CURVE('',#536,(#540,#547),.PCURVE_S1.);
#536 = LINE('',#537,#538);
#537 = CARTESIAN_POINT('',(874.,-55.,238.));
#538 = VECTOR('',#539,1.);
#539 = DIRECTION('',(-1.,0.,0.));
#540 = PCURVE('',#181,#541);
#541 = DEFINITIONAL_REPRESENTATION('',(#542),#546);
#542 = LINE('',#543,#544);
#543 = CARTESIAN_POINT('',(-16.77696190125,-25.12874719043));
#544 = VECTOR('',#545,1.);
#545 = DIRECTION('',(1.,0.));
#546 = ( GEOMETRIC_REPRESENTATION_CONTEXT(2) 
PARAMETRIC_REPRESENTATION_CONTEXT() REPRESENTATION_CONTEXT('2D SPACE',''
  ) );
#547 = PCURVE('',#548,#553);
#548 = PLANE('',#549);
#549 = AXIS2_PLACEMENT_3D('',#550,#551,#552);
#550 = CARTESIAN_POINT('',(874.,-55.,238.));
#551 = DIRECTION('',(0.,0.,1.));
#552 = DIRECTION('',(-1.,0.,0.));
#553 = DEFINITIONAL_REPRESENTATION('',(#554),#558);
#554 = LINE('',#555,#556);
#555 = CARTESIAN_POINT('',(0.,0.));
#556 = VECTOR('',#557,1.);
#557 = DIRECTION('',(1.,0.));
#558 = ( GEOMETRIC_REPRESENTATION_CONTEXT(2) 
PARAMETRIC_REPRESENTATION_CONTEXT() REPRESENTATION_CONTEXT('2D SPACE',''
  ) );
#559 = ORIENTED_EDGE('',*,*,#560,.T.);
#560 = EDGE_CURVE('',#533,#130,#561,.T.);
#561 = SURFACE_CURVE('',#562,(#566,#573),.PCURVE_S1.);
#562 = LINE('',#563,#564);
#563 = CARTESIAN_POINT('',(842.,-55.,238.));
#564 = VECTOR('',#565,1.);
#565 = DIRECTION('',(0.,0.,1.));
#566 = PCURVE('',#181,#567);
#567 = DEFINITIONAL_REPRESENTATION('',(#568),#572);
#568 = LINE('',#569,#570);
#569 = CARTESIAN_POINT('',(15.223038098743,-25.12874719043));
#570 = VECTOR('',#571,1.);
#571 = DIRECTION('',(0.,1.));
#572 = ( GEOMETRIC_REPRESENTATION_CONTEXT(2) 
PARAMETRIC_REPRESENTATION_CONTEXT() REPRESENTATION_CONTEXT('2D SPACE',''
  ) );
#573 = PCURVE('',#149,#574);
#574 = DEFINITIONAL_REPRESENTATION('',(#575),#579);
#575 = LINE('',#576,#577);
#576 = CARTESIAN_POINT('',(0.,0.));
#577 = VECTOR('',#578,1.);
#578 = DIRECTION('',(1.,0.));
#579 = ( GEOMETRIC_REPRESENTATION_CONTEXT(2) 
PARAMETRIC_REPRESENTATION_CONTEXT() REPRESENTATION_CONTEXT('2D SPACE',''
  ) );
#580 = ORIENTED_EDGE('',*,*,#161,.F.);
#581 = ORIENTED_EDGE('',*,*,#482,.T.);
#582 = ORIENTED_EDGE('',*,*,#222,.F.);
#583 = ORIENTED_EDGE('',*,*,#584,.T.);
#584 = EDGE_CURVE('',#223,#585,#587,.T.);
#585 = VERTEX_POINT('',#586);
#586 = CARTESIAN_POINT('',(868.,-55.,290.));
#587 = SURFACE_CURVE('',#588,(#592,#599),.PCURVE_S1.);
#588 = LINE('',#589,#590);
#589 = CARTESIAN_POINT('',(842.,-55.,290.));
#590 = VECTOR('',#591,1.);
#591 = DIRECTION('',(1.,0.,0.));
#592 = PCURVE('',#181,#593);
#593 = DEFINITIONAL_REPRESENTATION('',(#594),#598);
#594 = LINE('',#595,#596);
#595 = CARTESIAN_POINT('',(15.223038098743,26.871252809561));
#596 = VECTOR('',#597,1.);
#597 = DIRECTION('',(-1.,0.));
#598 = ( GEOMETRIC_REPRESENTATION_CONTEXT(2) 
PARAMETRIC_REPRESENTATION_CONTEXT() REPRESENTATION_CONTEXT('2D SPACE',''
  ) );
#599 = PCURVE('',#270,#600);
#600 = DEFINITIONAL_REPRESENTATION('',(#601),#605);
#601 = LINE('',#602,#603);
#602 = CARTESIAN_POINT('',(0.,0.));
#603 = VECTOR('',#604,1.);
#604 = DIRECTION('',(1.,0.));
#605 = ( GEOMETRIC_REPRESENTATION_CONTEXT(2) 
PARAMETRIC_REPRESENTATION_CONTEXT() REPRESENTATION_CONTEXT('2D SPACE',''
  ) );
#606 = ORIENTED_EDGE('',*,*,#607,.T.);
#607 = EDGE_CURVE('',#585,#608,#610,.T.);
#608 = VERTEX_POINT('',#609);
#609 = CARTESIAN_POINT('',(874.,-55.,270.));
#610 = SURFACE_CURVE('',#611,(#615,#622),.PCURVE_S1.);
#611 = LINE('',#612,#613);
#612 = CARTESIAN_POINT('',(868.,-55.,290.));
#613 = VECTOR('',#614,1.);
#614 = DIRECTION('',(0.287347885566,0.,-0.957826285221));
#615 = PCURVE('',#181,#616);
#616 = DEFINITIONAL_REPRESENTATION('',(#617),#621);
#617 = LINE('',#618,#619);
#618 = CARTESIAN_POINT('',(-10.77696190125,26.871252809561));
#619 = VECTOR('',#620,1.);
#620 = DIRECTION('',(-0.287347885566,-0.957826285221));
#621 = ( GEOMETRIC_REPRESENTATION_CONTEXT(2) 
PARAMETRIC_REPRESENTATION_CONTEXT() REPRESENTATION_CONTEXT('2D SPACE',''
  ) );
#622 = PCURVE('',#623,#628);
#623 = PLANE('',#624);
#624 = AXIS2_PLACEMENT_3D('',#625,#626,#627);
#625 = CARTESIAN_POINT('',(868.,-55.,290.));
#626 = DIRECTION('',(-0.957826285221,0.,-0.287347885566));
#627 = DIRECTION('',(0.287347885566,0.,-0.957826285221));
#628 = DEFINITIONAL_REPRESENTATION('',(#629),#633);
#629 = LINE('',#630,#631);
#630 = CARTESIAN_POINT('',(0.,0.));
#631 = VECTOR('',#632,1.);
#632 = DIRECTION('',(1.,0.));
#633 = ( GEOMETRIC_REPRESENTATION_CONTEXT(2) 
PARAMETRIC_REPRESENTATION_CONTEXT() REPRESENTATION_CONTEXT('2D SPACE',''
  ) );
#634 = ORIENTED_EDGE('',*,*,#635,.T.);
#635 = EDGE_CURVE('',#608,#636,#638,.T.);
#636 = VERTEX_POINT('',#637);
#637 = CARTESIAN_POINT('',(874.,-55.,238.));
#638 = SURFACE_CURVE('',#639,(#643,#650),.PCURVE_S1.);
#639 = LINE('',#640,#641);
#640 = CARTESIAN_POINT('',(874.,-55.,270.));
#641 = VECTOR('',#642,1.);
#642 = DIRECTION('',(0.,0.,-1.));
#643 = PCURVE('',#181,#644);
#644 = DEFINITIONAL_REPRESENTATION('',(#645),#649);
#645 = LINE('',#646,#647);
#646 = CARTESIAN_POINT('',(-16.77696190125,6.871252809561));
#647 = VECTOR('',#648,1.);
#648 = DIRECTION('',(0.,-1.));
#649 = ( GEOMETRIC_REPRESENTATION_CONTEXT(2) 
PARAMETRIC_REPRESENTATION_CONTEXT() REPRESENTATION_CONTEXT('2D SPACE',''
  ) );
#650 = PCURVE('',#651,#656);
#651 = PLANE('',#652);
#652 = AXIS2_PLACEMENT_3D('',#653,#654,#655);
#653 = CARTESIAN_POINT('',(874.,-55.,270.));
#654 = DIRECTION('',(-1.,0.,0.));
#655 = DIRECTION('',(0.,0.,-1.));
#656 = DEFINITIONAL_REPRESENTATION('',(#657),#661);
#657 = LINE('',#658,#659);
#658 = CARTESIAN_POINT('',(0.,-0.));
#659 = VECTOR('',#660,1.);
#660 = DIRECTION('',(1.,0.));
#661 = ( GEOMETRIC_REPRESENTATION_CONTEXT(2) 
PARAMETRIC_REPRESENTATION_CONTEXT() REPRESENTATION_CONTEXT('2D SPACE',''
  ) );
#662 = ORIENTED_EDGE('',*,*,#663,.T.);
#663 = EDGE_CURVE('',#636,#664,#666,.T.);
#664 = VERTEX_POINT('',#665);
#665 = CARTESIAN_POINT('',(865.,-55.,238.));
#666 = SURFACE_CURVE('',#667,(#671,#678),.PCURVE_S1.);
#667 = LINE('',#668,#669);
#668 = CARTESIAN_POINT('',(874.,-55.,238.));
#669 = VECTOR('',#670,1.);
#670 = DIRECTION('',(-1.,0.,0.));
#671 = PCURVE('',#181,#672);
#672 = DEFINITIONAL_REPRESENTATION('',(#673),#677);
#673 = LINE('',#674,#675);
#674 = CARTESIAN_POINT('',(-16.77696190125,-25.12874719043));
#675 = VECTOR('',#676,1.);
#676 = DIRECTION('',(1.,0.));
#677 = ( GEOMETRIC_REPRESENTATION_CONTEXT(2) 
PARAMETRIC_REPRESENTATION_CONTEXT() REPRESENTATION_CONTEXT('2D SPACE',''
  ) );
#678 = PCURVE('',#679,#684);
#679 = PLANE('',#680);
#680 = AXIS2_PLACEMENT_3D('',#681,#682,#683);
#681 = CARTESIAN_POINT('',(874.,-55.,238.));
#682 = DIRECTION('',(0.,0.,1.));
#683 = DIRECTION('',(-1.,0.,0.));
#684 = DEFINITIONAL_REPRESENTATION('',(#685),#689);
#685 = LINE('',#686,#687);
#686 = CARTESIAN_POINT('',(0.,0.));
#687 = VECTOR('',#688,1.);
#688 = DIRECTION('',(1.,0.));
#689 = ( GEOMETRIC_REPRESENTATION_CONTEXT(2) 
PARAMETRIC_REPRESENTATION_CONTEXT() REPRESENTATION_CONTEXT('2D SPACE',''
  ) );
#690 = ORIENTED_EDGE('',*,*,#691,.F.);
#691 = EDGE_CURVE('',#692,#664,#694,.T.);
#692 = VERTEX_POINT('',#693);
#693 = CARTESIAN_POINT('',(865.,-55.,250.));
#694 = SURFACE_CURVE('',#695,(#699,#705),.PCURVE_S1.);
#695 = LINE('',#696,#697);
#696 = CARTESIAN_POINT('',(865.,-55.,248.56437359521));
#697 = VECTOR('',#698,1.);
#698 = DIRECTION('',(0.,0.,-1.));
#699 = PCURVE('',#181,#700);
#700 = DEFINITIONAL_REPRESENTATION('',(#701),#704);
#701 = B_SPLINE_CURVE_WITH_KNOTS('',1,(#702,#703),.UNSPECIFIED.,.F.,.F.,
  (2,2),(-1.435626404781,10.564373595219),.PIECEWISE_BEZIER_KNOTS.);
#702 = CARTESIAN_POINT('',(-7.776961901257,-13.12874719043));
#703 = CARTESIAN_POINT('',(-7.776961901257,-25.12874719043));
#704 = ( GEOMETRIC_REPRESENTATION_CONTEXT(2) 
PARAMETRIC_REPRESENTATION_CONTEXT() REPRESENTATION_CONTEXT('2D SPACE',''
  ) );
#705 = PCURVE('',#706,#711);
#706 = PLANE('',#707);
#707 = AXIS2_PLACEMENT_3D('',#708,#709,#710);
#708 = CARTESIAN_POINT('',(865.,-62.5,234.));
#709 = DIRECTION('',(1.,0.,-0.));
#710 = DIRECTION('',(0.,0.,1.));
#711 = DEFINITIONAL_REPRESENTATION('',(#712),#715);
#712 = B_SPLINE_CURVE_WITH_KNOTS('',1,(#713,#714),.UNSPECIFIED.,.F.,.F.,
  (2,2),(-1.435626404781,10.564373595219),.PIECEWISE_BEZIER_KNOTS.);
#713 = CARTESIAN_POINT('',(16.,-7.5));
#714 = CARTESIAN_POINT('',(4.,-7.5));
#715 = ( GEOMETRIC_REPRESENTATION_CONTEXT(2) 
PARAMETRIC_REPRESENTATION_CONTEXT() REPRESENTATION_CONTEXT('2D SPACE',''
  ) );
#716 = ORIENTED_EDGE('',*,*,#717,.F.);
#717 = EDGE_CURVE('',#505,#692,#718,.T.);
#718 = SURFACE_CURVE('',#719,(#724,#731),.PCURVE_S1.);
#719 = CIRCLE('',#720,5.);
#720 = AXIS2_PLACEMENT_3D('',#721,#722,#723);
#721 = CARTESIAN_POINT('',(860.,-55.,250.));
#722 = DIRECTION('',(0.,1.,0.));
#723 = DIRECTION('',(0.,-0.,1.));
#724 = PCURVE('',#181,#725);
#725 = DEFINITIONAL_REPRESENTATION('',(#726),#730);
#726 = CIRCLE('',#727,5.);
#727 = AXIS2_PLACEMENT_2D('',#728,#729);
#728 = CARTESIAN_POINT('',(-2.776961901257,-13.12874719043));
#729 = DIRECTION('',(0.,1.));
#730 = ( GEOMETRIC_REPRESENTATION_CONTEXT(2) 
PARAMETRIC_REPRESENTATION_CONTEXT() REPRESENTATION_CONTEXT('2D SPACE',''
  ) );
#731 = PCURVE('',#732,#737);
#732 = CYLINDRICAL_SURFACE('',#733,5.);
#733 = AXIS2_PLACEMENT_3D('',#734,#735,#736);
#734 = CARTESIAN_POINT('',(860.,-62.5,250.));
#735 = DIRECTION('',(0.,1.,0.));
#736 = DIRECTION('',(0.,-0.,1.));
#737 = DEFINITIONAL_REPRESENTATION('',(#738),#742);
#738 = LINE('',#739,#740);
#739 = CARTESIAN_POINT('',(0.,7.5));
#740 = VECTOR('',#741,1.);
#741 = DIRECTION('',(1.,0.));
#742 = ( GEOMETRIC_REPRESENTATION_CONTEXT(2) 
PARAMETRIC_REPRESENTATION_CONTEXT() REPRESENTATION_CONTEXT('2D SPACE',''
  ) );
#743 = FACE_BOUND('',#744,.F.);
#744 = EDGE_LOOP('',(#745));
#745 = ORIENTED_EDGE('',*,*,#746,.F.);
#746 = EDGE_CURVE('',#747,#747,#749,.T.);
#747 = VERTEX_POINT('',#748);
#748 = CARTESIAN_POINT('',(866.,-55.,276.75));
#749 = SURFACE_CURVE('',#750,(#755,#762),.PCURVE_S1.);
#750 = CIRCLE('',#751,2.75);
#751 = AXIS2_PLACEMENT_3D('',#752,#753,#754);
#752 = CARTESIAN_POINT('',(866.,-55.,274.));
#753 = DIRECTION('',(0.,1.,0.));
#754 = DIRECTION('',(0.,-0.,1.));
#755 = PCURVE('',#181,#756);
#756 = DEFINITIONAL_REPRESENTATION('',(#757),#761);
#757 = CIRCLE('',#758,2.75);
#758 = AXIS2_PLACEMENT_2D('',#759,#760);
#759 = CARTESIAN_POINT('',(-8.776961901257,10.871252809561));
#760 = DIRECTION('',(0.,1.));
#761 = ( GEOMETRIC_REPRESENTATION_CONTEXT(2) 
PARAMETRIC_REPRESENTATION_CONTEXT() REPRESENTATION_CONTEXT('2D SPACE',''
  ) );
#762 = PCURVE('',#763,#768);
#763 = CYLINDRICAL_SURFACE('',#764,2.75);
#764 = AXIS2_PLACEMENT_3D('',#765,#766,#767);
#765 = CARTESIAN_POINT('',(866.,-62.5,274.));
#766 = DIRECTION('',(0.,1.,0.));
#767 = DIRECTION('',(0.,-0.,1.));
#768 = DEFINITIONAL_REPRESENTATION('',(#769),#773);
#769 = LINE('',#770,#771);
#770 = CARTESIAN_POINT('',(0.,7.5));
#771 = VECTOR('',#772,1.);
#772 = DIRECTION('',(1.,0.));
#773 = ( GEOMETRIC_REPRESENTATION_CONTEXT(2) 
PARAMETRIC_REPRESENTATION_CONTEXT() REPRESENTATION_CONTEXT('2D SPACE',''
  ) );
#774 = ADVANCED_FACE('',(#775),#763,.F.);
#775 = FACE_BOUND('',#776,.F.);
#776 = EDGE_LOOP('',(#777,#801,#822,#823));
#777 = ORIENTED_EDGE('',*,*,#778,.F.);
#778 = EDGE_CURVE('',#779,#779,#781,.T.);
#779 = VERTEX_POINT('',#780);
#780 = CARTESIAN_POINT('',(866.,-50.,276.75));
#781 = SURFACE_CURVE('',#782,(#787,#794),.PCURVE_S1.);
#782 = CIRCLE('',#783,2.75);
#783 = AXIS2_PLACEMENT_3D('',#784,#785,#786);
#784 = CARTESIAN_POINT('',(866.,-50.,274.));
#785 = DIRECTION('',(0.,1.,0.));
#786 = DIRECTION('',(0.,-0.,1.));
#787 = PCURVE('',#763,#788);
#788 = DEFINITIONAL_REPRESENTATION('',(#789),#793);
#789 = LINE('',#790,#791);
#790 = CARTESIAN_POINT('',(0.,12.5));
#791 = VECTOR('',#792,1.);
#792 = DIRECTION('',(1.,0.));
#793 = ( GEOMETRIC_REPRESENTATION_CONTEXT(2) 
PARAMETRIC_REPRESENTATION_CONTEXT() REPRESENTATION_CONTEXT('2D SPACE',''
  ) );
#794 = PCURVE('',#302,#795);
#795 = DEFINITIONAL_REPRESENTATION('',(#796),#800);
#796 = CIRCLE('',#797,2.75);
#797 = AXIS2_PLACEMENT_2D('',#798,#799);
#798 = CARTESIAN_POINT('',(-8.776961901257,10.871252809561));
#799 = DIRECTION('',(0.,1.));
#800 = ( GEOMETRIC_REPRESENTATION_CONTEXT(2) 
PARAMETRIC_REPRESENTATION_CONTEXT() REPRESENTATION_CONTEXT('2D SPACE',''
  ) );
#801 = ORIENTED_EDGE('',*,*,#802,.F.);
#802 = EDGE_CURVE('',#747,#779,#803,.T.);
#803 = SEAM_CURVE('',#804,(#808,#815),.PCURVE_S1.);
#804 = LINE('',#805,#806);
#805 = CARTESIAN_POINT('',(866.,-62.5,276.75));
#806 = VECTOR('',#807,1.);
#807 = DIRECTION('',(0.,1.,0.));
#808 = PCURVE('',#763,#809);
#809 = DEFINITIONAL_REPRESENTATION('',(#810),#814);
#810 = LINE('',#811,#812);
#811 = CARTESIAN_POINT('',(6.28318530718,-0.));
#812 = VECTOR('',#813,1.);
#813 = DIRECTION('',(0.,1.));
#814 = ( GEOMETRIC_REPRESENTATION_CONTEXT(2) 
PARAMETRIC_REPRESENTATION_CONTEXT() REPRESENTATION_CONTEXT('2D SPACE',''
  ) );
#815 = PCURVE('',#763,#816);
#816 = DEFINITIONAL_REPRESENTATION('',(#817),#821);
#817 = LINE('',#818,#819);
#818 = CARTESIAN_POINT('',(0.,-0.));
#819 = VECTOR('',#820,1.);
#820 = DIRECTION('',(0.,1.));
#821 = ( GEOMETRIC_REPRESENTATION_CONTEXT(2) 
PARAMETRIC_REPRESENTATION_CONTEXT() REPRESENTATION_CONTEXT('2D SPACE',''
  ) );
#822 = ORIENTED_EDGE('',*,*,#746,.T.);
#823 = ORIENTED_EDGE('',*,*,#802,.T.);
#824 = ADVANCED_FACE('',(#825),#548,.F.);
#825 = FACE_BOUND('',#826,.F.);
#826 = EDGE_LOOP('',(#827,#828,#849,#872));
#827 = ORIENTED_EDGE('',*,*,#532,.F.);
#828 = ORIENTED_EDGE('',*,*,#829,.T.);
#829 = EDGE_CURVE('',#507,#830,#832,.T.);
#830 = VERTEX_POINT('',#831);
#831 = CARTESIAN_POINT('',(855.,-50.,238.));
#832 = SURFACE_CURVE('',#833,(#837,#843),.PCURVE_S1.);
#833 = LINE('',#834,#835);
#834 = CARTESIAN_POINT('',(855.,-58.75,238.));
#835 = VECTOR('',#836,1.);
#836 = DIRECTION('',(-0.,1.,0.));
#837 = PCURVE('',#548,#838);
#838 = DEFINITIONAL_REPRESENTATION('',(#839),#842);
#839 = B_SPLINE_CURVE_WITH_KNOTS('',1,(#840,#841),.UNSPECIFIED.,.F.,.F.,
  (2,2),(3.75,8.75),.PIECEWISE_BEZIER_KNOTS.);
#840 = CARTESIAN_POINT('',(19.,0.));
#841 = CARTESIAN_POINT('',(19.,-5.));
#842 = ( GEOMETRIC_REPRESENTATION_CONTEXT(2) 
PARAMETRIC_REPRESENTATION_CONTEXT() REPRESENTATION_CONTEXT('2D SPACE',''
  ) );
#843 = PCURVE('',#521,#844);
#844 = DEFINITIONAL_REPRESENTATION('',(#845),#848);
#845 = B_SPLINE_CURVE_WITH_KNOTS('',1,(#846,#847),.UNSPECIFIED.,.F.,.F.,
  (2,2),(3.75,8.75),.PIECEWISE_BEZIER_KNOTS.);
#846 = CARTESIAN_POINT('',(4.,-7.5));
#847 = CARTESIAN_POINT('',(4.,-12.5));
#848 = ( GEOMETRIC_REPRESENTATION_CONTEXT(2) 
PARAMETRIC_REPRESENTATION_CONTEXT() REPRESENTATION_CONTEXT('2D SPACE',''
  ) );
#849 = ORIENTED_EDGE('',*,*,#850,.T.);
#850 = EDGE_CURVE('',#830,#851,#853,.T.);
#851 = VERTEX_POINT('',#852);
#852 = CARTESIAN_POINT('',(842.,-50.,238.));
#853 = SURFACE_CURVE('',#854,(#858,#865),.PCURVE_S1.);
#854 = LINE('',#855,#856);
#855 = CARTESIAN_POINT('',(874.,-50.,238.));
#856 = VECTOR('',#857,1.);
#857 = DIRECTION('',(-1.,0.,0.));
#858 = PCURVE('',#548,#859);
#859 = DEFINITIONAL_REPRESENTATION('',(#860),#864);
#860 = LINE('',#861,#862);
#861 = CARTESIAN_POINT('',(0.,-5.));
#862 = VECTOR('',#863,1.);
#863 = DIRECTION('',(1.,0.));
#864 = ( GEOMETRIC_REPRESENTATION_CONTEXT(2) 
PARAMETRIC_REPRESENTATION_CONTEXT() REPRESENTATION_CONTEXT('2D SPACE',''
  ) );
#865 = PCURVE('',#302,#866);
#866 = DEFINITIONAL_REPRESENTATION('',(#867),#871);
#867 = LINE('',#868,#869);
#868 = CARTESIAN_POINT('',(-16.77696190125,-25.12874719043));
#869 = VECTOR('',#870,1.);
#870 = DIRECTION('',(1.,0.));
#871 = ( GEOMETRIC_REPRESENTATION_CONTEXT(2) 
PARAMETRIC_REPRESENTATION_CONTEXT() REPRESENTATION_CONTEXT('2D SPACE',''
  ) );
#872 = ORIENTED_EDGE('',*,*,#873,.F.);
#873 = EDGE_CURVE('',#533,#851,#874,.T.);
#874 = SURFACE_CURVE('',#875,(#879,#886),.PCURVE_S1.);
#875 = LINE('',#876,#877);
#876 = CARTESIAN_POINT('',(842.,-55.,238.));
#877 = VECTOR('',#878,1.);
#878 = DIRECTION('',(0.,1.,-0.));
#879 = PCURVE('',#548,#880);
#880 = DEFINITIONAL_REPRESENTATION('',(#881),#885);
#881 = LINE('',#882,#883);
#882 = CARTESIAN_POINT('',(32.,0.));
#883 = VECTOR('',#884,1.);
#884 = DIRECTION('',(0.,-1.));
#885 = ( GEOMETRIC_REPRESENTATION_CONTEXT(2) 
PARAMETRIC_REPRESENTATION_CONTEXT() REPRESENTATION_CONTEXT('2D SPACE',''
  ) );
#886 = PCURVE('',#149,#887);
#887 = DEFINITIONAL_REPRESENTATION('',(#888),#892);
#888 = LINE('',#889,#890);
#889 = CARTESIAN_POINT('',(0.,0.));
#890 = VECTOR('',#891,1.);
#891 = DIRECTION('',(0.,-1.));
#892 = ( GEOMETRIC_REPRESENTATION_CONTEXT(2) 
PARAMETRIC_REPRESENTATION_CONTEXT() REPRESENTATION_CONTEXT('2D SPACE',''
  ) );
#893 = ADVANCED_FACE('',(#894),#623,.F.);
#894 = FACE_BOUND('',#895,.F.);
#895 = EDGE_LOOP('',(#896,#919,#942,#963));
#896 = ORIENTED_EDGE('',*,*,#897,.T.);
#897 = EDGE_CURVE('',#585,#898,#900,.T.);
#898 = VERTEX_POINT('',#899);
#899 = CARTESIAN_POINT('',(868.,-50.,290.));
#900 = SURFACE_CURVE('',#901,(#905,#912),.PCURVE_S1.);
#901 = LINE('',#902,#903);
#902 = CARTESIAN_POINT('',(868.,-55.,290.));
#903 = VECTOR('',#904,1.);
#904 = DIRECTION('',(0.,1.,-0.));
#905 = PCURVE('',#623,#906);
#906 = DEFINITIONAL_REPRESENTATION('',(#907),#911);
#907 = LINE('',#908,#909);
#908 = CARTESIAN_POINT('',(0.,0.));
#909 = VECTOR('',#910,1.);
#910 = DIRECTION('',(0.,-1.));
#911 = ( GEOMETRIC_REPRESENTATION_CONTEXT(2) 
PARAMETRIC_REPRESENTATION_CONTEXT() REPRESENTATION_CONTEXT('2D SPACE',''
  ) );
#912 = PCURVE('',#270,#913);
#913 = DEFINITIONAL_REPRESENTATION('',(#914),#918);
#914 = LINE('',#915,#916);
#915 = CARTESIAN_POINT('',(26.,0.));
#916 = VECTOR('',#917,1.);
#917 = DIRECTION('',(0.,-1.));
#918 = ( GEOMETRIC_REPRESENTATION_CONTEXT(2) 
PARAMETRIC_REPRESENTATION_CONTEXT() REPRESENTATION_CONTEXT('2D SPACE',''
  ) );
#919 = ORIENTED_EDGE('',*,*,#920,.T.);
#920 = EDGE_CURVE('',#898,#921,#923,.T.);
#921 = VERTEX_POINT('',#922);
#922 = CARTESIAN_POINT('',(874.,-50.,270.));
#923 = SURFACE_CURVE('',#924,(#928,#935),.PCURVE_S1.);
#924 = LINE('',#925,#926);
#925 = CARTESIAN_POINT('',(868.,-50.,290.));
#926 = VECTOR('',#927,1.);
#927 = DIRECTION('',(0.287347885566,0.,-0.957826285221));
#928 = PCURVE('',#623,#929);
#929 = DEFINITIONAL_REPRESENTATION('',(#930),#934);
#930 = LINE('',#931,#932);
#931 = CARTESIAN_POINT('',(0.,-5.));
#932 = VECTOR('',#933,1.);
#933 = DIRECTION('',(1.,0.));
#934 = ( GEOMETRIC_REPRESENTATION_CONTEXT(2) 
PARAMETRIC_REPRESENTATION_CONTEXT() REPRESENTATION_CONTEXT('2D SPACE',''
  ) );
#935 = PCURVE('',#302,#936);
#936 = DEFINITIONAL_REPRESENTATION('',(#937),#941);
#937 = LINE('',#938,#939);
#938 = CARTESIAN_POINT('',(-10.77696190125,26.871252809561));
#939 = VECTOR('',#940,1.);
#940 = DIRECTION('',(-0.287347885566,-0.957826285221));
#941 = ( GEOMETRIC_REPRESENTATION_CONTEXT(2) 
PARAMETRIC_REPRESENTATION_CONTEXT() REPRESENTATION_CONTEXT('2D SPACE',''
  ) );
#942 = ORIENTED_EDGE('',*,*,#943,.F.);
#943 = EDGE_CURVE('',#608,#921,#944,.T.);
#944 = SURFACE_CURVE('',#945,(#949,#956),.PCURVE_S1.);
#945 = LINE('',#946,#947);
#946 = CARTESIAN_POINT('',(874.,-55.,270.));
#947 = VECTOR('',#948,1.);
#948 = DIRECTION('',(0.,1.,-0.));
#949 = PCURVE('',#623,#950);
#950 = DEFINITIONAL_REPRESENTATION('',(#951),#955);
#951 = LINE('',#952,#953);
#952 = CARTESIAN_POINT('',(20.880613017821,0.));
#953 = VECTOR('',#954,1.);
#954 = DIRECTION('',(0.,-1.));
#955 = ( GEOMETRIC_REPRESENTATION_CONTEXT(2) 
PARAMETRIC_REPRESENTATION_CONTEXT() REPRESENTATION_CONTEXT('2D SPACE',''
  ) );
#956 = PCURVE('',#651,#957);
#957 = DEFINITIONAL_REPRESENTATION('',(#958),#962);
#958 = LINE('',#959,#960);
#959 = CARTESIAN_POINT('',(0.,-0.));
#960 = VECTOR('',#961,1.);
#961 = DIRECTION('',(0.,-1.));
#962 = ( GEOMETRIC_REPRESENTATION_CONTEXT(2) 
PARAMETRIC_REPRESENTATION_CONTEXT() REPRESENTATION_CONTEXT('2D SPACE',''
  ) );
#963 = ORIENTED_EDGE('',*,*,#607,.F.);
#964 = ADVANCED_FACE('',(#965),#651,.F.);
#965 = FACE_BOUND('',#966,.F.);
#966 = EDGE_LOOP('',(#967,#968,#991,#1012));
#967 = ORIENTED_EDGE('',*,*,#943,.T.);
#968 = ORIENTED_EDGE('',*,*,#969,.T.);
#969 = EDGE_CURVE('',#921,#970,#972,.T.);
#970 = VERTEX_POINT('',#971);
#971 = CARTESIAN_POINT('',(874.,-50.,238.));
#972 = SURFACE_CURVE('',#973,(#977,#984),.PCURVE_S1.);
#973 = LINE('',#974,#975);
#974 = CARTESIAN_POINT('',(874.,-50.,270.));
#975 = VECTOR('',#976,1.);
#976 = DIRECTION('',(0.,0.,-1.));
#977 = PCURVE('',#651,#978);
#978 = DEFINITIONAL_REPRESENTATION('',(#979),#983);
#979 = LINE('',#980,#981);
#980 = CARTESIAN_POINT('',(0.,-5.));
#981 = VECTOR('',#982,1.);
#982 = DIRECTION('',(1.,0.));
#983 = ( GEOMETRIC_REPRESENTATION_CONTEXT(2) 
PARAMETRIC_REPRESENTATION_CONTEXT() REPRESENTATION_CONTEXT('2D SPACE',''
  ) );
#984 = PCURVE('',#302,#985);
#985 = DEFINITIONAL_REPRESENTATION('',(#986),#990);
#986 = LINE('',#987,#988);
#987 = CARTESIAN_POINT('',(-16.77696190125,6.871252809561));
#988 = VECTOR('',#989,1.);
#989 = DIRECTION('',(0.,-1.));
#990 = ( GEOMETRIC_REPRESENTATION_CONTEXT(2) 
PARAMETRIC_REPRESENTATION_CONTEXT() REPRESENTATION_CONTEXT('2D SPACE',''
  ) );
#991 = ORIENTED_EDGE('',*,*,#992,.F.);
#992 = EDGE_CURVE('',#636,#970,#993,.T.);
#993 = SURFACE_CURVE('',#994,(#998,#1005),.PCURVE_S1.);
#994 = LINE('',#995,#996);
#995 = CARTESIAN_POINT('',(874.,-55.,238.));
#996 = VECTOR('',#997,1.);
#997 = DIRECTION('',(0.,1.,-0.));
#998 = PCURVE('',#651,#999);
#999 = DEFINITIONAL_REPRESENTATION('',(#1000),#1004);
#1000 = LINE('',#1001,#1002);
#1001 = CARTESIAN_POINT('',(32.,0.));
#1002 = VECTOR('',#1003,1.);
#1003 = DIRECTION('',(0.,-1.));
#1004 = ( GEOMETRIC_REPRESENTATION_CONTEXT(2) 
PARAMETRIC_REPRESENTATION_CONTEXT() REPRESENTATION_CONTEXT('2D SPACE',''
  ) );
#1005 = PCURVE('',#679,#1006);
#1006 = DEFINITIONAL_REPRESENTATION('',(#1007),#1011);
#1007 = LINE('',#1008,#1009);
#1008 = CARTESIAN_POINT('',(0.,0.));
#1009 = VECTOR('',#1010,1.);
#1010 = DIRECTION('',(0.,-1.));
#1011 = ( GEOMETRIC_REPRESENTATION_CONTEXT(2) 
PARAMETRIC_REPRESENTATION_CONTEXT() REPRESENTATION_CONTEXT('2D SPACE',''
  ) );
#1012 = ORIENTED_EDGE('',*,*,#635,.F.);
#1013 = ADVANCED_FACE('',(#1014),#679,.F.);
#1014 = FACE_BOUND('',#1015,.F.);
#1015 = EDGE_LOOP('',(#1016,#1017,#1018,#1041));
#1016 = ORIENTED_EDGE('',*,*,#663,.F.);
#1017 = ORIENTED_EDGE('',*,*,#992,.T.);
#1018 = ORIENTED_EDGE('',*,*,#1019,.T.);
#1019 = EDGE_CURVE('',#970,#1020,#1022,.T.);
#1020 = VERTEX_POINT('',#1021);
#1021 = CARTESIAN_POINT('',(865.,-50.,238.));
#1022 = SURFACE_CURVE('',#1023,(#1027,#1034),.PCURVE_S1.);
#1023 = LINE('',#1024,#1025);
#1024 = CARTESIAN_POINT('',(874.,-50.,238.));
#1025 = VECTOR('',#1026,1.);
#1026 = DIRECTION('',(-1.,0.,0.));
#1027 = PCURVE('',#679,#1028);
#1028 = DEFINITIONAL_REPRESENTATION('',(#1029),#1033);
#1029 = LINE('',#1030,#1031);
#1030 = CARTESIAN_POINT('',(0.,-5.));
#1031 = VECTOR('',#1032,1.);
#1032 = DIRECTION('',(1.,0.));
#1033 = ( GEOMETRIC_REPRESENTATION_CONTEXT(2) 
PARAMETRIC_REPRESENTATION_CONTEXT() REPRESENTATION_CONTEXT('2D SPACE',''
  ) );
#1034 = PCURVE('',#302,#1035);
#1035 = DEFINITIONAL_REPRESENTATION('',(#1036),#1040);
#1036 = LINE('',#1037,#1038);
#1037 = CARTESIAN_POINT('',(-16.77696190125,-25.12874719043));
#1038 = VECTOR('',#1039,1.);
#1039 = DIRECTION('',(1.,0.));
#1040 = ( GEOMETRIC_REPRESENTATION_CONTEXT(2) 
PARAMETRIC_REPRESENTATION_CONTEXT() REPRESENTATION_CONTEXT('2D SPACE',''
  ) );
#1041 = ORIENTED_EDGE('',*,*,#1042,.F.);
#1042 = EDGE_CURVE('',#664,#1020,#1043,.T.);
#1043 = SURFACE_CURVE('',#1044,(#1048,#1054),.PCURVE_S1.);
#1044 = LINE('',#1045,#1046);
#1045 = CARTESIAN_POINT('',(865.,-58.75,238.));
#1046 = VECTOR('',#1047,1.);
#1047 = DIRECTION('',(-0.,1.,0.));
#1048 = PCURVE('',#679,#1049);
#1049 = DEFINITIONAL_REPRESENTATION('',(#1050),#1053);
#1050 = B_SPLINE_CURVE_WITH_KNOTS('',1,(#1051,#1052),.UNSPECIFIED.,.F.,
  .F.,(2,2),(3.75,8.75),.PIECEWISE_BEZIER_KNOTS.);
#1051 = CARTESIAN_POINT('',(9.,0.));
#1052 = CARTESIAN_POINT('',(9.,-5.));
#1053 = ( GEOMETRIC_REPRESENTATION_CONTEXT(2) 
PARAMETRIC_REPRESENTATION_CONTEXT() REPRESENTATION_CONTEXT('2D SPACE',''
  ) );
#1054 = PCURVE('',#706,#1055);
#1055 = DEFINITIONAL_REPRESENTATION('',(#1056),#1059);
#1056 = B_SPLINE_CURVE_WITH_KNOTS('',1,(#1057,#1058),.UNSPECIFIED.,.F.,
  .F.,(2,2),(3.75,8.75),.PIECEWISE_BEZIER_KNOTS.);
#1057 = CARTESIAN_POINT('',(4.,-7.5));
#1058 = CARTESIAN_POINT('',(4.,-12.5));
#1059 = ( GEOMETRIC_REPRESENTATION_CONTEXT(2) 
PARAMETRIC_REPRESENTATION_CONTEXT() REPRESENTATION_CONTEXT('2D SPACE',''
  ) );
#1060 = ADVANCED_FACE('',(#1061),#706,.F.);
#1061 = FACE_BOUND('',#1062,.F.);
#1062 = EDGE_LOOP('',(#1063,#1085,#1086,#1087));
#1063 = ORIENTED_EDGE('',*,*,#1064,.F.);
#1064 = EDGE_CURVE('',#692,#1065,#1067,.T.);
#1065 = VERTEX_POINT('',#1066);
#1066 = CARTESIAN_POINT('',(865.,-50.,250.));
#1067 = SURFACE_CURVE('',#1068,(#1072,#1079),.PCURVE_S1.);
#1068 = LINE('',#1069,#1070);
#1069 = CARTESIAN_POINT('',(865.,-62.5,250.));
#1070 = VECTOR('',#1071,1.);
#1071 = DIRECTION('',(-0.,1.,0.));
#1072 = PCURVE('',#706,#1073);
#1073 = DEFINITIONAL_REPRESENTATION('',(#1074),#1078);
#1074 = LINE('',#1075,#1076);
#1075 = CARTESIAN_POINT('',(16.,0.));
#1076 = VECTOR('',#1077,1.);
#1077 = DIRECTION('',(0.,-1.));
#1078 = ( GEOMETRIC_REPRESENTATION_CONTEXT(2) 
PARAMETRIC_REPRESENTATION_CONTEXT() REPRESENTATION_CONTEXT('2D SPACE',''
  ) );
#1079 = PCURVE('',#732,#1080);
#1080 = DEFINITIONAL_REPRESENTATION('',(#1081),#1084);
#1081 = B_SPLINE_CURVE_WITH_KNOTS('',1,(#1082,#1083),.UNSPECIFIED.,.F.,
  .F.,(2,2),(0.,20.),.PIECEWISE_BEZIER_KNOTS.);
#1082 = CARTESIAN_POINT('',(7.853981633974,0.));
#1083 = CARTESIAN_POINT('',(7.853981633974,20.));
#1084 = ( GEOMETRIC_REPRESENTATION_CONTEXT(2) 
PARAMETRIC_REPRESENTATION_CONTEXT() REPRESENTATION_CONTEXT('2D SPACE',''
  ) );
#1085 = ORIENTED_EDGE('',*,*,#691,.T.);
#1086 = ORIENTED_EDGE('',*,*,#1042,.T.);
#1087 = ORIENTED_EDGE('',*,*,#1088,.F.);
#1088 = EDGE_CURVE('',#1065,#1020,#1089,.T.);
#1089 = SURFACE_CURVE('',#1090,(#1094,#1100),.PCURVE_S1.);
#1090 = LINE('',#1091,#1092);
#1091 = CARTESIAN_POINT('',(865.,-50.,248.56437359521));
#1092 = VECTOR('',#1093,1.);
#1093 = DIRECTION('',(0.,0.,-1.));
#1094 = PCURVE('',#706,#1095);
#1095 = DEFINITIONAL_REPRESENTATION('',(#1096),#1099);
#1096 = B_SPLINE_CURVE_WITH_KNOTS('',1,(#1097,#1098),.UNSPECIFIED.,.F.,
  .F.,(2,2),(-1.435626404781,10.564373595219),.PIECEWISE_BEZIER_KNOTS.);
#1097 = CARTESIAN_POINT('',(16.,-12.5));
#1098 = CARTESIAN_POINT('',(4.,-12.5));
#1099 = ( GEOMETRIC_REPRESENTATION_CONTEXT(2) 
PARAMETRIC_REPRESENTATION_CONTEXT() REPRESENTATION_CONTEXT('2D SPACE',''
  ) );
#1100 = PCURVE('',#302,#1101);
#1101 = DEFINITIONAL_REPRESENTATION('',(#1102),#1105);
#1102 = B_SPLINE_CURVE_WITH_KNOTS('',1,(#1103,#1104),.UNSPECIFIED.,.F.,
  .F.,(2,2),(-1.435626404781,10.564373595219),.PIECEWISE_BEZIER_KNOTS.);
#1103 = CARTESIAN_POINT('',(-7.776961901257,-13.12874719043));
#1104 = CARTESIAN_POINT('',(-7.776961901257,-25.12874719043));
#1105 = ( GEOMETRIC_REPRESENTATION_CONTEXT(2) 
PARAMETRIC_REPRESENTATION_CONTEXT() REPRESENTATION_CONTEXT('2D SPACE',''
  ) );
#1106 = ADVANCED_FACE('',(#1107),#732,.F.);
#1107 = FACE_BOUND('',#1108,.F.);
#1108 = EDGE_LOOP('',(#1109,#1110,#1111,#1135));
#1109 = ORIENTED_EDGE('',*,*,#717,.T.);
#1110 = ORIENTED_EDGE('',*,*,#1064,.T.);
#1111 = ORIENTED_EDGE('',*,*,#1112,.F.);
#1112 = EDGE_CURVE('',#1113,#1065,#1115,.T.);
#1113 = VERTEX_POINT('',#1114);
#1114 = CARTESIAN_POINT('',(855.,-50.,250.));
#1115 = SURFACE_CURVE('',#1116,(#1121,#1128),.PCURVE_S1.);
#1116 = CIRCLE('',#1117,5.);
#1117 = AXIS2_PLACEMENT_3D('',#1118,#1119,#1120);
#1118 = CARTESIAN_POINT('',(860.,-50.,250.));
#1119 = DIRECTION('',(0.,1.,0.));
#1120 = DIRECTION('',(0.,-0.,1.));
#1121 = PCURVE('',#732,#1122);
#1122 = DEFINITIONAL_REPRESENTATION('',(#1123),#1127);
#1123 = LINE('',#1124,#1125);
#1124 = CARTESIAN_POINT('',(0.,12.5));
#1125 = VECTOR('',#1126,1.);
#1126 = DIRECTION('',(1.,0.));
#1127 = ( GEOMETRIC_REPRESENTATION_CONTEXT(2) 
PARAMETRIC_REPRESENTATION_CONTEXT() REPRESENTATION_CONTEXT('2D SPACE',''
  ) );
#1128 = PCURVE('',#302,#1129);
#1129 = DEFINITIONAL_REPRESENTATION('',(#1130),#1134);
#1130 = CIRCLE('',#1131,5.);
#1131 = AXIS2_PLACEMENT_2D('',#1132,#1133);
#1132 = CARTESIAN_POINT('',(-2.776961901257,-13.12874719043));
#1133 = DIRECTION('',(0.,1.));
#1134 = ( GEOMETRIC_REPRESENTATION_CONTEXT(2) 
PARAMETRIC_REPRESENTATION_CONTEXT() REPRESENTATION_CONTEXT('2D SPACE',''
  ) );
#1135 = ORIENTED_EDGE('',*,*,#1136,.F.);
#1136 = EDGE_CURVE('',#505,#1113,#1137,.T.);
#1137 = SURFACE_CURVE('',#1138,(#1142,#1148),.PCURVE_S1.);
#1138 = LINE('',#1139,#1140);
#1139 = CARTESIAN_POINT('',(855.,-62.5,250.));
#1140 = VECTOR('',#1141,1.);
#1141 = DIRECTION('',(-0.,1.,0.));
#1142 = PCURVE('',#732,#1143);
#1143 = DEFINITIONAL_REPRESENTATION('',(#1144),#1147);
#1144 = B_SPLINE_CURVE_WITH_KNOTS('',1,(#1145,#1146),.UNSPECIFIED.,.F.,
  .F.,(2,2),(0.,20.),.PIECEWISE_BEZIER_KNOTS.);
#1145 = CARTESIAN_POINT('',(4.712388980385,0.));
#1146 = CARTESIAN_POINT('',(4.712388980385,20.));
#1147 = ( GEOMETRIC_REPRESENTATION_CONTEXT(2) 
PARAMETRIC_REPRESENTATION_CONTEXT() REPRESENTATION_CONTEXT('2D SPACE',''
  ) );
#1148 = PCURVE('',#521,#1149);
#1149 = DEFINITIONAL_REPRESENTATION('',(#1150),#1154);
#1150 = LINE('',#1151,#1152);
#1151 = CARTESIAN_POINT('',(16.,0.));
#1152 = VECTOR('',#1153,1.);
#1153 = DIRECTION('',(0.,-1.));
#1154 = ( GEOMETRIC_REPRESENTATION_CONTEXT(2) 
PARAMETRIC_REPRESENTATION_CONTEXT() REPRESENTATION_CONTEXT('2D SPACE',''
  ) );
#1155 = ADVANCED_FACE('',(#1156),#521,.T.);
#1156 = FACE_BOUND('',#1157,.T.);
#1157 = EDGE_LOOP('',(#1158,#1159,#1160,#1161));
#1158 = ORIENTED_EDGE('',*,*,#1136,.F.);
#1159 = ORIENTED_EDGE('',*,*,#504,.T.);
#1160 = ORIENTED_EDGE('',*,*,#829,.T.);
#1161 = ORIENTED_EDGE('',*,*,#1162,.F.);
#1162 = EDGE_CURVE('',#1113,#830,#1163,.T.);
#1163 = SURFACE_CURVE('',#1164,(#1168,#1174),.PCURVE_S1.);
#1164 = LINE('',#1165,#1166);
#1165 = CARTESIAN_POINT('',(855.,-50.,248.56437359521));
#1166 = VECTOR('',#1167,1.);
#1167 = DIRECTION('',(0.,0.,-1.));
#1168 = PCURVE('',#521,#1169);
#1169 = DEFINITIONAL_REPRESENTATION('',(#1170),#1173);
#1170 = B_SPLINE_CURVE_WITH_KNOTS('',1,(#1171,#1172),.UNSPECIFIED.,.F.,
  .F.,(2,2),(-1.435626404781,10.564373595219),.PIECEWISE_BEZIER_KNOTS.);
#1171 = CARTESIAN_POINT('',(16.,-12.5));
#1172 = CARTESIAN_POINT('',(4.,-12.5));
#1173 = ( GEOMETRIC_REPRESENTATION_CONTEXT(2) 
PARAMETRIC_REPRESENTATION_CONTEXT() REPRESENTATION_CONTEXT('2D SPACE',''
  ) );
#1174 = PCURVE('',#302,#1175);
#1175 = DEFINITIONAL_REPRESENTATION('',(#1176),#1179);
#1176 = B_SPLINE_CURVE_WITH_KNOTS('',1,(#1177,#1178),.UNSPECIFIED.,.F.,
  .F.,(2,2),(-1.435626404781,10.564373595219),.PIECEWISE_BEZIER_KNOTS.);
#1177 = CARTESIAN_POINT('',(2.223038098743,-13.12874719043));
#1178 = CARTESIAN_POINT('',(2.223038098743,-25.12874719043));
#1179 = ( GEOMETRIC_REPRESENTATION_CONTEXT(2) 
PARAMETRIC_REPRESENTATION_CONTEXT() REPRESENTATION_CONTEXT('2D SPACE',''
  ) );
#1180 = ADVANCED_FACE('',(#1181),#270,.F.);
#1181 = FACE_BOUND('',#1182,.F.);
#1182 = EDGE_LOOP('',(#1183,#1184,#1185,#1206));
#1183 = ORIENTED_EDGE('',*,*,#584,.F.);
#1184 = ORIENTED_EDGE('',*,*,#249,.F.);
#1185 = ORIENTED_EDGE('',*,*,#1186,.T.);
#1186 = EDGE_CURVE('',#250,#898,#1187,.T.);
#1187 = SURFACE_CURVE('',#1188,(#1192,#1199),.PCURVE_S1.);
#1188 = LINE('',#1189,#1190);
#1189 = CARTESIAN_POINT('',(842.,-50.,290.));
#1190 = VECTOR('',#1191,1.);
#1191 = DIRECTION('',(1.,0.,0.));
#1192 = PCURVE('',#270,#1193);
#1193 = DEFINITIONAL_REPRESENTATION('',(#1194),#1198);
#1194 = LINE('',#1195,#1196);
#1195 = CARTESIAN_POINT('',(0.,-5.));
#1196 = VECTOR('',#1197,1.);
#1197 = DIRECTION('',(1.,0.));
#1198 = ( GEOMETRIC_REPRESENTATION_CONTEXT(2) 
PARAMETRIC_REPRESENTATION_CONTEXT() REPRESENTATION_CONTEXT('2D SPACE',''
  ) );
#1199 = PCURVE('',#302,#1200);
#1200 = DEFINITIONAL_REPRESENTATION('',(#1201),#1205);
#1201 = LINE('',#1202,#1203);
#1202 = CARTESIAN_POINT('',(15.223038098743,26.871252809561));
#1203 = VECTOR('',#1204,1.);
#1204 = DIRECTION('',(-1.,0.));
#1205 = ( GEOMETRIC_REPRESENTATION_CONTEXT(2) 
PARAMETRIC_REPRESENTATION_CONTEXT() REPRESENTATION_CONTEXT('2D SPACE',''
  ) );
#1206 = ORIENTED_EDGE('',*,*,#897,.F.);
#1207 = ADVANCED_FACE('',(#1208),#331,.T.);
#1208 = FACE_BOUND('',#1209,.T.);
#1209 = EDGE_LOOP('',(#1210,#1229));
#1210 = ORIENTED_EDGE('',*,*,#1211,.F.);
#1211 = EDGE_CURVE('',#315,#283,#1212,.T.);
#1212 = SURFACE_CURVE('',#1213,(#1217,#1223),.PCURVE_S1.);
#1213 = LINE('',#1214,#1215);
#1214 = CARTESIAN_POINT('',(850.9178415103,-50.,282.24748542698));
#1215 = VECTOR('',#1216,1.);
#1216 = DIRECTION('',(0.879702123958,0.,0.47552515507));
#1217 = PCURVE('',#331,#1218);
#1218 = DEFINITIONAL_REPRESENTATION('',(#1219),#1222);
#1219 = B_SPLINE_CURVE_WITH_KNOTS('',1,(#1220,#1221),.UNSPECIFIED.,.F.,
  .F.,(2,2),(-6.455253866149,13.544746133851),.PIECEWISE_BEZIER_KNOTS.);
#1220 = CARTESIAN_POINT('',(10.,2.501156358718));
#1221 = CARTESIAN_POINT('',(-10.,2.501156358718));
#1222 = ( GEOMETRIC_REPRESENTATION_CONTEXT(2) 
PARAMETRIC_REPRESENTATION_CONTEXT() REPRESENTATION_CONTEXT('2D SPACE',''
  ) );
#1223 = PCURVE('',#302,#1224);
#1224 = DEFINITIONAL_REPRESENTATION('',(#1225),#1228);
#1225 = B_SPLINE_CURVE_WITH_KNOTS('',1,(#1226,#1227),.UNSPECIFIED.,.F.,
  .F.,(2,2),(-6.455253866149,13.544746133851),.PIECEWISE_BEZIER_KNOTS.);
#1226 = CARTESIAN_POINT('',(11.983897125173,16.049102640833));
#1227 = CARTESIAN_POINT('',(-5.610145353985,25.559605742225));
#1228 = ( GEOMETRIC_REPRESENTATION_CONTEXT(2) 
PARAMETRIC_REPRESENTATION_CONTEXT() REPRESENTATION_CONTEXT('2D SPACE',''
  ) );
#1229 = ORIENTED_EDGE('',*,*,#314,.T.);
#1230 = ADVANCED_FACE('',(#1231,#1265),#302,.T.);
#1231 = FACE_BOUND('',#1232,.T.);
#1232 = EDGE_LOOP('',(#1233,#1234,#1235,#1256,#1257,#1258,#1259,#1260,
    #1261,#1262,#1263,#1264));
#1233 = ORIENTED_EDGE('',*,*,#1162,.T.);
#1234 = ORIENTED_EDGE('',*,*,#850,.T.);
#1235 = ORIENTED_EDGE('',*,*,#1236,.T.);
#1236 = EDGE_CURVE('',#851,#344,#1237,.T.);
#1237 = SURFACE_CURVE('',#1238,(#1242,#1249),.PCURVE_S1.);
#1238 = LINE('',#1239,#1240);
#1239 = CARTESIAN_POINT('',(842.,-50.,238.));
#1240 = VECTOR('',#1241,1.);
#1241 = DIRECTION('',(0.,0.,1.));
#1242 = PCURVE('',#302,#1243);
#1243 = DEFINITIONAL_REPRESENTATION('',(#1244),#1248);
#1244 = LINE('',#1245,#1246);
#1245 = CARTESIAN_POINT('',(15.223038098743,-25.12874719043));
#1246 = VECTOR('',#1247,1.);
#1247 = DIRECTION('',(0.,1.));
#1248 = ( GEOMETRIC_REPRESENTATION_CONTEXT(2) 
PARAMETRIC_REPRESENTATION_CONTEXT() REPRESENTATION_CONTEXT('2D SPACE',''
  ) );
#1249 = PCURVE('',#149,#1250);
#1250 = DEFINITIONAL_REPRESENTATION('',(#1251),#1255);
#1251 = LINE('',#1252,#1253);
#1252 = CARTESIAN_POINT('',(0.,-5.));
#1253 = VECTOR('',#1254,1.);
#1254 = DIRECTION('',(1.,0.));
#1255 = ( GEOMETRIC_REPRESENTATION_CONTEXT(2) 
PARAMETRIC_REPRESENTATION_CONTEXT() REPRESENTATION_CONTEXT('2D SPACE',''
  ) );
#1256 = ORIENTED_EDGE('',*,*,#343,.F.);
#1257 = ORIENTED_EDGE('',*,*,#1211,.T.);
#1258 = ORIENTED_EDGE('',*,*,#282,.F.);
#1259 = ORIENTED_EDGE('',*,*,#1186,.T.);
#1260 = ORIENTED_EDGE('',*,*,#920,.T.);
#1261 = ORIENTED_EDGE('',*,*,#969,.T.);
#1262 = ORIENTED_EDGE('',*,*,#1019,.T.);
#1263 = ORIENTED_EDGE('',*,*,#1088,.F.);
#1264 = ORIENTED_EDGE('',*,*,#1112,.F.);
#1265 = FACE_BOUND('',#1266,.T.);
#1266 = EDGE_LOOP('',(#1267));
#1267 = ORIENTED_EDGE('',*,*,#778,.F.);
#1268 = ADVANCED_FACE('',(#1269),#149,.F.);
#1269 = FACE_BOUND('',#1270,.F.);
#1270 = EDGE_LOOP('',(#1271,#1272,#1273,#1274,#1275));
#1271 = ORIENTED_EDGE('',*,*,#560,.F.);
#1272 = ORIENTED_EDGE('',*,*,#873,.T.);
#1273 = ORIENTED_EDGE('',*,*,#1236,.T.);
#1274 = ORIENTED_EDGE('',*,*,#370,.F.);
#1275 = ORIENTED_EDGE('',*,*,#129,.F.);
#1276 = ADVANCED_FACE('',(#1277),#466,.F.);
#1277 = FACE_BOUND('',#1278,.F.);
#1278 = EDGE_LOOP('',(#1279,#1302,#1330,#1358,#1386,#1407));
#1279 = ORIENTED_EDGE('',*,*,#1280,.F.);
#1280 = EDGE_CURVE('',#1281,#46,#1283,.T.);
#1281 = VERTEX_POINT('',#1282);
#1282 = CARTESIAN_POINT('',(720.69759728865,-55.,486.53998591703));
#1283 = SURFACE_CURVE('',#1284,(#1288,#1295),.PCURVE_S1.);
#1284 = LINE('',#1285,#1286);
#1285 = CARTESIAN_POINT('',(720.69759728865,-55.,486.53998591703));
#1286 = VECTOR('',#1287,1.);
#1287 = DIRECTION('',(0.939692620786,0.,0.342020143326));
#1288 = PCURVE('',#466,#1289);
#1289 = DEFINITIONAL_REPRESENTATION('',(#1290),#1294);
#1290 = LINE('',#1291,#1292);
#1291 = CARTESIAN_POINT('',(0.,0.));
#1292 = VECTOR('',#1293,1.);
#1293 = DIRECTION('',(0.,1.));
#1294 = ( GEOMETRIC_REPRESENTATION_CONTEXT(2) 
PARAMETRIC_REPRESENTATION_CONTEXT() REPRESENTATION_CONTEXT('2D SPACE',''
  ) );
#1295 = PCURVE('',#94,#1296);
#1296 = DEFINITIONAL_REPRESENTATION('',(#1297),#1301);
#1297 = LINE('',#1298,#1299);
#1298 = CARTESIAN_POINT('',(0.,0.));
#1299 = VECTOR('',#1300,1.);
#1300 = DIRECTION('',(1.,0.));
#1301 = ( GEOMETRIC_REPRESENTATION_CONTEXT(2) 
PARAMETRIC_REPRESENTATION_CONTEXT() REPRESENTATION_CONTEXT('2D SPACE',''
  ) );
#1302 = ORIENTED_EDGE('',*,*,#1303,.T.);
#1303 = EDGE_CURVE('',#1281,#1304,#1306,.T.);
#1304 = VERTEX_POINT('',#1305);
#1305 = CARTESIAN_POINT('',(715.22527499544,-55.,501.57506784961));
#1306 = SURFACE_CURVE('',#1307,(#1311,#1318),.PCURVE_S1.);
#1307 = LINE('',#1308,#1309);
#1308 = CARTESIAN_POINT('',(720.69759728865,-55.,486.53998591703));
#1309 = VECTOR('',#1310,1.);
#1310 = DIRECTION('',(-0.342020143326,0.,0.939692620786));
#1311 = PCURVE('',#466,#1312);
#1312 = DEFINITIONAL_REPRESENTATION('',(#1313),#1317);
#1313 = LINE('',#1314,#1315);
#1314 = CARTESIAN_POINT('',(0.,0.));
#1315 = VECTOR('',#1316,1.);
#1316 = DIRECTION('',(1.,0.));
#1317 = ( GEOMETRIC_REPRESENTATION_CONTEXT(2) 
PARAMETRIC_REPRESENTATION_CONTEXT() REPRESENTATION_CONTEXT('2D SPACE',''
  ) );
#1318 = PCURVE('',#1319,#1324);
#1319 = PLANE('',#1320);
#1320 = AXIS2_PLACEMENT_3D('',#1321,#1322,#1323);
#1321 = CARTESIAN_POINT('',(720.69759728865,-55.,486.53998591703));
#1322 = DIRECTION('',(0.939692620786,0.,0.342020143326));
#1323 = DIRECTION('',(-0.342020143326,0.,0.939692620786));
#1324 = DEFINITIONAL_REPRESENTATION('',(#1325),#1329);
#1325 = LINE('',#1326,#1327);
#1326 = CARTESIAN_POINT('',(0.,0.));
#1327 = VECTOR('',#1328,1.);
#1328 = DIRECTION('',(1.,0.));
#1329 = ( GEOMETRIC_REPRESENTATION_CONTEXT(2) 
PARAMETRIC_REPRESENTATION_CONTEXT() REPRESENTATION_CONTEXT('2D SPACE',''
  ) );
#1330 = ORIENTED_EDGE('',*,*,#1331,.T.);
#1331 = EDGE_CURVE('',#1304,#1332,#1334,.T.);
#1332 = VERTEX_POINT('',#1333);
#1333 = CARTESIAN_POINT('',(752.81297982688,-55.,515.25587358263));
#1334 = SURFACE_CURVE('',#1335,(#1339,#1346),.PCURVE_S1.);
#1335 = LINE('',#1336,#1337);
#1336 = CARTESIAN_POINT('',(715.22527499544,-55.,501.57506784961));
#1337 = VECTOR('',#1338,1.);
#1338 = DIRECTION('',(0.939692620786,0.,0.342020143326));
#1339 = PCURVE('',#466,#1340);
#1340 = DEFINITIONAL_REPRESENTATION('',(#1341),#1345);
#1341 = LINE('',#1342,#1343);
#1342 = CARTESIAN_POINT('',(16.,0.));
#1343 = VECTOR('',#1344,1.);
#1344 = DIRECTION('',(0.,1.));
#1345 = ( GEOMETRIC_REPRESENTATION_CONTEXT(2) 
PARAMETRIC_REPRESENTATION_CONTEXT() REPRESENTATION_CONTEXT('2D SPACE',''
  ) );
#1346 = PCURVE('',#1347,#1352);
#1347 = PLANE('',#1348);
#1348 = AXIS2_PLACEMENT_3D('',#1349,#1350,#1351);
#1349 = CARTESIAN_POINT('',(715.22527499544,-55.,501.57506784961));
#1350 = DIRECTION('',(-0.342020143326,0.,0.939692620786));
#1351 = DIRECTION('',(0.939692620786,0.,0.342020143326));
#1352 = DEFINITIONAL_REPRESENTATION('',(#1353),#1357);
#1353 = LINE('',#1354,#1355);
#1354 = CARTESIAN_POINT('',(0.,0.));
#1355 = VECTOR('',#1356,1.);
#1356 = DIRECTION('',(1.,0.));
#1357 = ( GEOMETRIC_REPRESENTATION_CONTEXT(2) 
PARAMETRIC_REPRESENTATION_CONTEXT() REPRESENTATION_CONTEXT('2D SPACE',''
  ) );
#1358 = ORIENTED_EDGE('',*,*,#1359,.F.);
#1359 = EDGE_CURVE('',#1360,#1332,#1362,.T.);
#1360 = VERTEX_POINT('',#1361);
#1361 = CARTESIAN_POINT('',(758.28530212009,-55.,500.22079165006));
#1362 = SURFACE_CURVE('',#1363,(#1367,#1374),.PCURVE_S1.);
#1363 = LINE('',#1364,#1365);
#1364 = CARTESIAN_POINT('',(758.28530212009,-55.,500.22079165006));
#1365 = VECTOR('',#1366,1.);
#1366 = DIRECTION('',(-0.342020143326,0.,0.939692620786));
#1367 = PCURVE('',#466,#1368);
#1368 = DEFINITIONAL_REPRESENTATION('',(#1369),#1373);
#1369 = LINE('',#1370,#1371);
#1370 = CARTESIAN_POINT('',(0.,40.));
#1371 = VECTOR('',#1372,1.);
#1372 = DIRECTION('',(1.,0.));
#1373 = ( GEOMETRIC_REPRESENTATION_CONTEXT(2) 
PARAMETRIC_REPRESENTATION_CONTEXT() REPRESENTATION_CONTEXT('2D SPACE',''
  ) );
#1374 = PCURVE('',#1375,#1380);
#1375 = PLANE('',#1376);
#1376 = AXIS2_PLACEMENT_3D('',#1377,#1378,#1379);
#1377 = CARTESIAN_POINT('',(758.28530212009,-55.,500.22079165006));
#1378 = DIRECTION('',(0.939692620786,0.,0.342020143326));
#1379 = DIRECTION('',(-0.342020143326,0.,0.939692620786));
#1380 = DEFINITIONAL_REPRESENTATION('',(#1381),#1385);
#1381 = LINE('',#1382,#1383);
#1382 = CARTESIAN_POINT('',(0.,0.));
#1383 = VECTOR('',#1384,1.);
#1384 = DIRECTION('',(1.,0.));
#1385 = ( GEOMETRIC_REPRESENTATION_CONTEXT(2) 
PARAMETRIC_REPRESENTATION_CONTEXT() REPRESENTATION_CONTEXT('2D SPACE',''
  ) );
#1386 = ORIENTED_EDGE('',*,*,#1387,.F.);
#1387 = EDGE_CURVE('',#397,#1360,#1388,.T.);
#1388 = SURFACE_CURVE('',#1389,(#1393,#1400),.PCURVE_S1.);
#1389 = LINE('',#1390,#1391);
#1390 = CARTESIAN_POINT('',(720.69759728865,-55.,486.53998591703));
#1391 = VECTOR('',#1392,1.);
#1392 = DIRECTION('',(0.939692620786,0.,0.342020143326));
#1393 = PCURVE('',#466,#1394);
#1394 = DEFINITIONAL_REPRESENTATION('',(#1395),#1399);
#1395 = LINE('',#1396,#1397);
#1396 = CARTESIAN_POINT('',(0.,0.));
#1397 = VECTOR('',#1398,1.);
#1398 = DIRECTION('',(0.,1.));
#1399 = ( GEOMETRIC_REPRESENTATION_CONTEXT(2) 
PARAMETRIC_REPRESENTATION_CONTEXT() REPRESENTATION_CONTEXT('2D SPACE',''
  ) );
#1400 = PCURVE('',#94,#1401);
#1401 = DEFINITIONAL_REPRESENTATION('',(#1402),#1406);
#1402 = LINE('',#1403,#1404);
#1403 = CARTESIAN_POINT('',(0.,0.));
#1404 = VECTOR('',#1405,1.);
#1405 = DIRECTION('',(1.,0.));
#1406 = ( GEOMETRIC_REPRESENTATION_CONTEXT(2) 
PARAMETRIC_REPRESENTATION_CONTEXT() REPRESENTATION_CONTEXT('2D SPACE',''
  ) );
#1407 = ORIENTED_EDGE('',*,*,#447,.F.);
#1408 = ADVANCED_FACE('',(#1409,#1484),#1319,.F.);
#1409 = FACE_BOUND('',#1410,.F.);
#1410 = EDGE_LOOP('',(#1411,#1412,#1435,#1463));
#1411 = ORIENTED_EDGE('',*,*,#1303,.F.);
#1412 = ORIENTED_EDGE('',*,*,#1413,.T.);
#1413 = EDGE_CURVE('',#1281,#1414,#1416,.T.);
#1414 = VERTEX_POINT('',#1415);
#1415 = CARTESIAN_POINT('',(720.69759728865,55.,486.53998591703));
#1416 = SURFACE_CURVE('',#1417,(#1421,#1428),.PCURVE_S1.);
#1417 = LINE('',#1418,#1419);
#1418 = CARTESIAN_POINT('',(720.69759728865,-55.,486.53998591703));
#1419 = VECTOR('',#1420,1.);
#1420 = DIRECTION('',(-0.,1.,0.));
#1421 = PCURVE('',#1319,#1422);
#1422 = DEFINITIONAL_REPRESENTATION('',(#1423),#1427);
#1423 = LINE('',#1424,#1425);
#1424 = CARTESIAN_POINT('',(0.,0.));
#1425 = VECTOR('',#1426,1.);
#1426 = DIRECTION('',(0.,-1.));
#1427 = ( GEOMETRIC_REPRESENTATION_CONTEXT(2) 
PARAMETRIC_REPRESENTATION_CONTEXT() REPRESENTATION_CONTEXT('2D SPACE',''
  ) );
#1428 = PCURVE('',#94,#1429);
#1429 = DEFINITIONAL_REPRESENTATION('',(#1430),#1434);
#1430 = LINE('',#1431,#1432);
#1431 = CARTESIAN_POINT('',(0.,0.));
#1432 = VECTOR('',#1433,1.);
#1433 = DIRECTION('',(0.,1.));
#1434 = ( GEOMETRIC_REPRESENTATION_CONTEXT(2) 
PARAMETRIC_REPRESENTATION_CONTEXT() REPRESENTATION_CONTEXT('2D SPACE',''
  ) );
#1435 = ORIENTED_EDGE('',*,*,#1436,.T.);
#1436 = EDGE_CURVE('',#1414,#1437,#1439,.T.);
#1437 = VERTEX_POINT('',#1438);
#1438 = CARTESIAN_POINT('',(715.22527499544,55.,501.57506784961));
#1439 = SURFACE_CURVE('',#1440,(#1444,#1451),.PCURVE_S1.);
#1440 = LINE('',#1441,#1442);
#1441 = CARTESIAN_POINT('',(720.69759728865,55.,486.53998591703));
#1442 = VECTOR('',#1443,1.);
#1443 = DIRECTION('',(-0.342020143326,0.,0.939692620786));
#1444 = PCURVE('',#1319,#1445);
#1445 = DEFINITIONAL_REPRESENTATION('',(#1446),#1450);
#1446 = LINE('',#1447,#1448);
#1447 = CARTESIAN_POINT('',(0.,-110.));
#1448 = VECTOR('',#1449,1.);
#1449 = DIRECTION('',(1.,0.));
#1450 = ( GEOMETRIC_REPRESENTATION_CONTEXT(2) 
PARAMETRIC_REPRESENTATION_CONTEXT() REPRESENTATION_CONTEXT('2D SPACE',''
  ) );
#1451 = PCURVE('',#1452,#1457);
#1452 = PLANE('',#1453);
#1453 = AXIS2_PLACEMENT_3D('',#1454,#1455,#1456);
#1454 = CARTESIAN_POINT('',(720.69759728865,55.,486.53998591703));
#1455 = DIRECTION('',(-0.,1.,0.));
#1456 = DIRECTION('',(-0.342020143326,0.,0.939692620786));
#1457 = DEFINITIONAL_REPRESENTATION('',(#1458),#1462);
#1458 = LINE('',#1459,#1460);
#1459 = CARTESIAN_POINT('',(0.,0.));
#1460 = VECTOR('',#1461,1.);
#1461 = DIRECTION('',(1.,0.));
#1462 = ( GEOMETRIC_REPRESENTATION_CONTEXT(2) 
PARAMETRIC_REPRESENTATION_CONTEXT() REPRESENTATION_CONTEXT('2D SPACE',''
  ) );
#1463 = ORIENTED_EDGE('',*,*,#1464,.F.);
#1464 = EDGE_CURVE('',#1304,#1437,#1465,.T.);
#1465 = SURFACE_CURVE('',#1466,(#1470,#1477),.PCURVE_S1.);
#1466 = LINE('',#1467,#1468);
#1467 = CARTESIAN_POINT('',(715.22527499544,-55.,501.57506784961));
#1468 = VECTOR('',#1469,1.);
#1469 = DIRECTION('',(-0.,1.,0.));
#1470 = PCURVE('',#1319,#1471);
#1471 = DEFINITIONAL_REPRESENTATION('',(#1472),#1476);
#1472 = LINE('',#1473,#1474);
#1473 = CARTESIAN_POINT('',(16.,0.));
#1474 = VECTOR('',#1475,1.);
#1475 = DIRECTION('',(0.,-1.));
#1476 = ( GEOMETRIC_REPRESENTATION_CONTEXT(2) 
PARAMETRIC_REPRESENTATION_CONTEXT() REPRESENTATION_CONTEXT('2D SPACE',''
  ) );
#1477 = PCURVE('',#1347,#1478);
#1478 = DEFINITIONAL_REPRESENTATION('',(#1479),#1483);
#1479 = LINE('',#1480,#1481);
#1480 = CARTESIAN_POINT('',(0.,0.));
#1481 = VECTOR('',#1482,1.);
#1482 = DIRECTION('',(0.,1.));
#1483 = ( GEOMETRIC_REPRESENTATION_CONTEXT(2) 
PARAMETRIC_REPRESENTATION_CONTEXT() REPRESENTATION_CONTEXT('2D SPACE',''
  ) );
#1484 = FACE_BOUND('',#1485,.F.);
#1485 = EDGE_LOOP('',(#1486));
#1486 = ORIENTED_EDGE('',*,*,#1487,.F.);
#1487 = EDGE_CURVE('',#1488,#1488,#1490,.T.);
#1488 = VERTEX_POINT('',#1489);
#1489 = CARTESIAN_POINT('',(716.76436564041,8.572527594031E-16,
    497.34645105607));
#1490 = SURFACE_CURVE('',#1491,(#1496,#1503),.PCURVE_S1.);
#1491 = CIRCLE('',#1492,3.5);
#1492 = AXIS2_PLACEMENT_3D('',#1493,#1494,#1495);
#1493 = CARTESIAN_POINT('',(717.96143614205,0.,494.05752688332));
#1494 = DIRECTION('',(0.939692620786,0.,0.342020143326));
#1495 = DIRECTION('',(-0.342020143326,0.,0.939692620786));
#1496 = PCURVE('',#1319,#1497);
#1497 = DEFINITIONAL_REPRESENTATION('',(#1498),#1502);
#1498 = CIRCLE('',#1499,3.5);
#1499 = AXIS2_PLACEMENT_2D('',#1500,#1501);
#1500 = CARTESIAN_POINT('',(8.,-55.));
#1501 = DIRECTION('',(1.,0.));
#1502 = ( GEOMETRIC_REPRESENTATION_CONTEXT(2) 
PARAMETRIC_REPRESENTATION_CONTEXT() REPRESENTATION_CONTEXT('2D SPACE',''
  ) );
#1503 = PCURVE('',#1504,#1509);
#1504 = CYLINDRICAL_SURFACE('',#1505,3.5);
#1505 = AXIS2_PLACEMENT_3D('',#1506,#1507,#1508);
#1506 = CARTESIAN_POINT('',(699.16758372633,0.,487.21712401681));
#1507 = DIRECTION('',(0.939692620786,0.,0.342020143326));
#1508 = DIRECTION('',(-0.342020143326,0.,0.939692620786));
#1509 = DEFINITIONAL_REPRESENTATION('',(#1510),#1514);
#1510 = LINE('',#1511,#1512);
#1511 = CARTESIAN_POINT('',(0.,20.));
#1512 = VECTOR('',#1513,1.);
#1513 = DIRECTION('',(1.,0.));
#1514 = ( GEOMETRIC_REPRESENTATION_CONTEXT(2) 
PARAMETRIC_REPRESENTATION_CONTEXT() REPRESENTATION_CONTEXT('2D SPACE',''
  ) );
#1515 = ADVANCED_FACE('',(#1516),#1504,.F.);
#1516 = FACE_BOUND('',#1517,.F.);
#1517 = EDGE_LOOP('',(#1518,#1759,#1780,#1781));
#1518 = ORIENTED_EDGE('',*,*,#1519,.F.);
#1519 = EDGE_CURVE('',#1520,#1520,#1522,.T.);
#1520 = VERTEX_POINT('',#1521);
#1521 = CARTESIAN_POINT('',(723.62412177215,8.572527594031E-16,
    499.84319810235));
#1522 = SURFACE_CURVE('',#1523,(#1598,#1676),.PCURVE_S1.);
#1523 = B_SPLINE_CURVE_WITH_KNOTS('',7,(#1524,#1525,#1526,#1527,#1528,
    #1529,#1530,#1531,#1532,#1533,#1534,#1535,#1536,#1537,#1538,#1539,
    #1540,#1541,#1542,#1543,#1544,#1545,#1546,#1547,#1548,#1549,#1550,
    #1551,#1552,#1553,#1554,#1555,#1556,#1557,#1558,#1559,#1560,#1561,
    #1562,#1563,#1564,#1565,#1566,#1567,#1568,#1569,#1570,#1571,#1572,
    #1573,#1574,#1575,#1576,#1577,#1578,#1579,#1580,#1581,#1582,#1583,
    #1584,#1585,#1586,#1587,#1588,#1589,#1590,#1591,#1592,#1593,#1594,
    #1595,#1596,#1597),.UNSPECIFIED.,.T.,.F.,(8,6,6,6,6,6,6,6,6,6,6,6,8)
  ,(0.,7.060596404032E-02,0.165169490732,0.250033150875,0.361932752408,
    0.458187519641,0.526654130769,0.608515141887,0.665075165303,
    0.749923558443,0.861806523636,0.954974723418,1.),.UNSPECIFIED.);
#1524 = CARTESIAN_POINT('',(723.62412177214,1.33226762955E-15,
    499.84319810235));
#1525 = CARTESIAN_POINT('',(723.62412177214,-0.270146650819,
    499.84319810235));
#1526 = CARTESIAN_POINT('',(723.63874140177,-0.53810611849,
    499.82263128468));
#1527 = CARTESIAN_POINT('',(723.66755621818,-0.800276827024,
    499.78209932741));
#1528 = CARTESIAN_POINT('',(723.70935727135,-1.053197500263,
    499.72284129838));
#1529 = CARTESIAN_POINT('',(723.76222543189,-1.293706893337,
    499.64673854997));
#1530 = CARTESIAN_POINT('',(723.82368585942,-1.519099718198,
    499.55637429708));
#1531 = CARTESIAN_POINT('',(723.98102049367,-2.006095785961,
    499.31957396034));
#1532 = CARTESIAN_POINT('',(724.08250908119,-2.257174302472,
    499.16298876899));
#1533 = CARTESIAN_POINT('',(724.19122650156,-2.480779172228,
    498.98957052165));
#1534 = CARTESIAN_POINT('',(724.30385880757,-2.677735783012,
    498.80245402903));
#1535 = CARTESIAN_POINT('',(724.41789883232,-2.849055525812,
    498.60405997966));
#1536 = CARTESIAN_POINT('',(724.53145421717,-2.995719025144,
    498.39624491652));
#1537 = CARTESIAN_POINT('',(724.74332749462,-3.228730026793,
    497.98670151637));
#1538 = CARTESIAN_POINT('',(724.84205207887,-3.319763773242,
    497.78646097112));
#1539 = CARTESIAN_POINT('',(724.93820598787,-3.392098429951,
    497.58080651256));
#1540 = CARTESIAN_POINT('',(725.03095906254,-3.446101873833,
    497.37071001176));
#1541 = CARTESIAN_POINT('',(725.11968501216,-3.482027258144,
    497.15705109873));
#1542 = CARTESIAN_POINT('',(725.2039210585,-3.5,496.94067987144));
#1543 = CARTESIAN_POINT('',(725.38805745086,-3.5,496.43476929133));
#1544 = CARTESIAN_POINT('',(725.48425951946,-3.468752245293,
    496.14426333399));
#1545 = CARTESIAN_POINT('',(725.57127975194,-3.406359845985,
    495.85287800879));
#1546 = CARTESIAN_POINT('',(725.64879353047,-3.312420753144,
    495.56276156647));
#1547 = CARTESIAN_POINT('',(725.71675560394,-3.186116198131,
    495.27651408784));
#1548 = CARTESIAN_POINT('',(725.77539853747,-3.026287460869,
    494.99751960829));
#1549 = CARTESIAN_POINT('',(725.86806764572,-2.664056681505,
    494.5006835326));
#1550 = CARTESIAN_POINT('',(725.90459938611,-2.469909880214,
    494.27861935688));
#1551 = CARTESIAN_POINT('',(725.93489849821,-2.248210802648,
    494.06794014651));
#1552 = CARTESIAN_POINT('',(725.95929694534,-1.998340986616,
    493.87311928592));
#1553 = CARTESIAN_POINT('',(725.97835436651,-1.720104885122,
    493.69947601092));
#1554 = CARTESIAN_POINT('',(725.99278731697,-1.413972471072,
    493.55331264493));
#1555 = CARTESIAN_POINT('',(726.01031449604,-0.845112064496,
    493.36299583468));
#1556 = CARTESIAN_POINT('',(726.01547733872,-0.595438444065,
    493.3015980807));
#1557 = CARTESIAN_POINT('',(726.01857017332,-0.336473105774,
    493.26169814643));
#1558 = CARTESIAN_POINT('',(726.01978804575,-7.263217198462E-02,
    493.24556141961));
#1559 = CARTESIAN_POINT('',(726.01919960682,0.191437551232,
    493.25388979156));
#1560 = CARTESIAN_POINT('',(726.01669942045,0.451114457526,
    493.28580269688));
#1561 = CARTESIAN_POINT('',(726.00678011964,1.002105522313,
    493.40224855502));
#1562 = CARTESIAN_POINT('',(725.99854626265,1.286811942868,
    493.4952500443));
#1563 = CARTESIAN_POINT('',(725.98731513911,1.55381184721,
    493.61357332676));
#1564 = CARTESIAN_POINT('',(725.97266591731,1.801394614278,
    493.7529994842));
#1565 = CARTESIAN_POINT('',(725.95416795647,2.028405484674,
    493.9093582042));
#1566 = CARTESIAN_POINT('',(725.93155970648,2.234208928991,
    494.0785452777));
#1567 = CARTESIAN_POINT('',(725.88641321087,2.546202540323,
    494.37955373344));
#1568 = CARTESIAN_POINT('',(725.86591915187,2.66417033631,
    494.50738876376));
#1569 = CARTESIAN_POINT('',(725.84328743476,2.772828339516,
    494.63922778882));
#1570 = CARTESIAN_POINT('',(725.81844107359,2.872391371665,
    494.77436653594));
#1571 = CARTESIAN_POINT('',(725.7913161285,2.963070389027,
    494.91221391902));
#1572 = CARTESIAN_POINT('',(725.76186089287,3.045059475326,
    495.05227310215));
#1573 = CARTESIAN_POINT('',(725.68229165894,3.228728729524,
    495.40691771643));
#1574 = CARTESIAN_POINT('',(725.62920688843,3.319763357311,
    495.62377051487));
#1575 = CARTESIAN_POINT('',(725.57067217123,3.392099389223,
    495.84312069502));
#1576 = CARTESIAN_POINT('',(725.50667650198,3.446103509651,
    496.06368845101));
#1577 = CARTESIAN_POINT('',(725.43730614079,3.482028402214,
    496.28439518604));
#1578 = CARTESIAN_POINT('',(725.36275400381,3.5,496.50428994074));
#1579 = CARTESIAN_POINT('',(725.17862009191,3.5,497.01019370586));
#1580 = CARTESIAN_POINT('',(725.06558152205,3.468752245293,
    497.29457167789));
#1581 = CARTESIAN_POINT('',(724.9449440109,3.406359845985,497.5737213143
    ));
#1582 = CARTESIAN_POINT('',(724.81783975572,3.312420753143,
    497.84578829921));
#1583 = CARTESIAN_POINT('',(724.68590539188,3.186116198132,
    498.10875176833));
#1584 = CARTESIAN_POINT('',(724.5514942906,3.026287460869,
    498.36016889012));
#1585 = CARTESIAN_POINT('',(724.30678925873,2.669403826282,
    498.79383637166));
#1586 = CARTESIAN_POINT('',(724.19576040025,2.482374362045,
    498.9814399361));
#1587 = CARTESIAN_POINT('',(724.08706648225,2.269639928931,
    499.15717543629));
#1588 = CARTESIAN_POINT('',(723.98348389302,2.0305868874,499.31820736793
    ));
#1589 = CARTESIAN_POINT('',(723.88842940737,1.764942616553,
    499.46123033942));
#1590 = CARTESIAN_POINT('',(723.80600459676,1.472990547843,
    499.58233759765));
#1591 = CARTESIAN_POINT('',(723.70934353173,1.002773848757,
    499.72225133649));
#1592 = CARTESIAN_POINT('',(723.68191532846,0.843887355123,
    499.76153236132));
#1593 = CARTESIAN_POINT('',(723.65922011354,0.680266849343,
    499.79375030813));
#1594 = CARTESIAN_POINT('',(723.64179597496,0.512950229826,
    499.81833527272));
#1595 = CARTESIAN_POINT('',(723.63002571206,0.343038701086,
    499.83489277059));
#1596 = CARTESIAN_POINT('',(723.62412177214,0.171671453255,
    499.84319810235));
#1597 = CARTESIAN_POINT('',(723.62412177214,1.33226762955E-15,
    499.84319810235));
#1598 = PCURVE('',#1504,#1599);
#1599 = DEFINITIONAL_REPRESENTATION('',(#1600),#1675);
#1600 = B_SPLINE_CURVE_WITH_KNOTS('',7,(#1601,#1602,#1603,#1604,#1605,
    #1606,#1607,#1608,#1609,#1610,#1611,#1612,#1613,#1614,#1615,#1616,
    #1617,#1618,#1619,#1620,#1621,#1622,#1623,#1624,#1625,#1626,#1627,
    #1628,#1629,#1630,#1631,#1632,#1633,#1634,#1635,#1636,#1637,#1638,
    #1639,#1640,#1641,#1642,#1643,#1644,#1645,#1646,#1647,#1648,#1649,
    #1650,#1651,#1652,#1653,#1654,#1655,#1656,#1657,#1658,#1659,#1660,
    #1661,#1662,#1663,#1664,#1665,#1666,#1667,#1668,#1669,#1670,#1671,
    #1672,#1673,#1674),.UNSPECIFIED.,.F.,.F.,(8,6,6,6,6,6,6,6,6,6,6,6,8)
  ,(0.,7.060596404032E-02,0.165169490732,0.250033150875,0.361932752408,
    0.458187519641,0.526654130769,0.608515141887,0.665075165303,
    0.749923558443,0.861806523636,0.954974723418,1.),.UNSPECIFIED.);
#1601 = CARTESIAN_POINT('',(0.,27.3));
#1602 = CARTESIAN_POINT('',(7.718475737682E-02,27.3));
#1603 = CARTESIAN_POINT('',(0.153744541091,27.306703692147));
#1604 = CARTESIAN_POINT('',(0.229401787113,27.319918016663));
#1605 = CARTESIAN_POINT('',(0.303862671076,27.338930718293));
#1606 = CARTESIAN_POINT('',(0.376784323832,27.362581865705));
#1607 = CARTESIAN_POINT('',(0.447730941943,27.389429381205));
#1608 = CARTESIAN_POINT('',(0.607711571055,27.456285090893));
#1609 = CARTESIAN_POINT('',(0.695745719492,27.498097878089));
#1610 = CARTESIAN_POINT('',(0.780786326424,27.540946301949));
#1611 = CARTESIAN_POINT('',(0.86328158507,27.582788439141));
#1612 = CARTESIAN_POINT('',(0.943647391014,27.622096247681));
#1613 = CARTESIAN_POINT('',(1.022272105079,27.657726467186));
#1614 = CARTESIAN_POINT('',(1.168915199897,27.716750130133));
#1615 = CARTESIAN_POINT('',(1.237220972494,27.741034593457));
#1616 = CARTESIAN_POINT('',(1.304717030423,27.761051744807));
#1617 = CARTESIAN_POINT('',(1.371618358323,27.776353889314));
#1618 = CARTESIAN_POINT('',(1.438129151066,27.786653357396));
#1619 = CARTESIAN_POINT('',(1.504452938689,27.791806030374));
#1620 = CARTESIAN_POINT('',(1.658275451321,27.791806030374));
#1621 = CARTESIAN_POINT('',(1.745672349644,27.782847515173));
#1622 = CARTESIAN_POINT('',(1.833501847179,27.764960134807));
#1623 = CARTESIAN_POINT('',(1.92223850197,27.738573593315));
#1624 = CARTESIAN_POINT('',(2.012382898126,27.704534648585));
#1625 = CARTESIAN_POINT('',(2.104460278045,27.664219248593));
#1626 = CARTESIAN_POINT('',(2.280535652488,27.581371779976));
#1627 = CARTESIAN_POINT('',(2.36426244927,27.539749965638));
#1628 = CARTESIAN_POINT('',(2.450533042814,27.496165283967));
#1629 = CARTESIAN_POINT('',(2.539609442615,27.452459666038));
#1630 = CARTESIAN_POINT('',(2.631822591028,27.410978286277));
#1631 = CARTESIAN_POINT('',(2.727570616051,27.374550007933));
#1632 = CARTESIAN_POINT('',(2.898466395588,27.325927986056));
#1633 = CARTESIAN_POINT('',(2.971559982335,27.309780202599));
#1634 = CARTESIAN_POINT('',(3.045918394511,27.299039935218));
#1635 = CARTESIAN_POINT('',(3.1208961969,27.294665275336));
#1636 = CARTESIAN_POINT('',(3.195912139913,27.296960794578));
#1637 = CARTESIAN_POINT('',(3.270365112531,27.305526244352));
#1638 = CARTESIAN_POINT('',(3.43105713232,27.336031979665));
#1639 = CARTESIAN_POINT('',(3.515918800329,27.360103067706));
#1640 = CARTESIAN_POINT('',(3.598339775052,27.390018209814));
#1641 = CARTESIAN_POINT('',(3.678423387839,27.423938998543));
#1642 = CARTESIAN_POINT('',(3.756196753115,27.460034433063));
#1643 = CARTESIAN_POINT('',(3.831615596479,27.496655014514));
#1644 = CARTESIAN_POINT('',(3.95494385498,27.557182140907));
#1645 = CARTESIAN_POINT('',(4.004408265409,27.581646180283));
#1646 = CARTESIAN_POINT('',(4.053045794258,27.605470924969));
#1647 = CARTESIAN_POINT('',(4.100950713578,27.628343156386));
#1648 = CARTESIAN_POINT('',(4.148212201076,27.650000627361));
#1649 = CARTESIAN_POINT('',(4.19491666722,27.670224821687));
#1650 = CARTESIAN_POINT('',(4.310507037064,27.716749801523));
#1651 = CARTESIAN_POINT('',(4.378813102385,27.741034459596));
#1652 = CARTESIAN_POINT('',(4.446310132151,27.761051997839));
#1653 = CARTESIAN_POINT('',(4.513212629245,27.776354355206));
#1654 = CARTESIAN_POINT('',(4.579724192455,27.786653687838));
#1655 = CARTESIAN_POINT('',(4.646047664381,27.791806030374));
#1656 = CARTESIAN_POINT('',(4.79986810491,27.791806030374));
#1657 = CARTESIAN_POINT('',(4.887265003234,27.782847515173));
#1658 = CARTESIAN_POINT('',(4.975094500768,27.764960134808));
#1659 = CARTESIAN_POINT('',(5.06383115556,27.738573593315));
#1660 = CARTESIAN_POINT('',(5.153975551716,27.704534648586));
#1661 = CARTESIAN_POINT('',(5.246052931635,27.664219248593));
#1662 = CARTESIAN_POINT('',(5.419529132919,27.582594750067));
#1663 = CARTESIAN_POINT('',(5.500465099822,27.542425949058));
#1664 = CARTESIAN_POINT('',(5.583755905489,27.50039215735));
#1665 = CARTESIAN_POINT('',(5.669660022541,27.458132526951));
#1666 = CARTESIAN_POINT('',(5.758492365211,27.41772726542));
#1667 = CARTESIAN_POINT('',(5.850625738415,27.381694400932));
#1668 = CARTESIAN_POINT('',(5.992960732578,27.33871602842));
#1669 = CARTESIAN_POINT('',(6.040177855104,27.32637684995));
#1670 = CARTESIAN_POINT('',(6.088055501595,27.31606951075));
#1671 = CARTESIAN_POINT('',(6.136435344608,27.308104729411));
#1672 = CARTESIAN_POINT('',(6.185174255497,27.30270729801));
#1673 = CARTESIAN_POINT('',(6.234136320535,27.3));
#1674 = CARTESIAN_POINT('',(6.28318530718,27.3));
#1675 = ( GEOMETRIC_REPRESENTATION_CONTEXT(2) 
PARAMETRIC_REPRESENTATION_CONTEXT() REPRESENTATION_CONTEXT('2D SPACE',''
  ) );
#1676 = PCURVE('',#1677,#1682);
#1677 = CYLINDRICAL_SURFACE('',#1678,12.7);
#1678 = AXIS2_PLACEMENT_3D('',#1679,#1680,#1681);
#1679 = CARTESIAN_POINT('',(739.32043963271,0.,493.85023509394));
#1680 = DIRECTION('',(-0.342020143326,0.,0.939692620786));
#1681 = DIRECTION('',(0.939692620786,0.,0.342020143326));
#1682 = DEFINITIONAL_REPRESENTATION('',(#1683),#1758);
#1683 = B_SPLINE_CURVE_WITH_KNOTS('',7,(#1684,#1685,#1686,#1687,#1688,
    #1689,#1690,#1691,#1692,#1693,#1694,#1695,#1696,#1697,#1698,#1699,
    #1700,#1701,#1702,#1703,#1704,#1705,#1706,#1707,#1708,#1709,#1710,
    #1711,#1712,#1713,#1714,#1715,#1716,#1717,#1718,#1719,#1720,#1721,
    #1722,#1723,#1724,#1725,#1726,#1727,#1728,#1729,#1730,#1731,#1732,
    #1733,#1734,#1735,#1736,#1737,#1738,#1739,#1740,#1741,#1742,#1743,
    #1744,#1745,#1746,#1747,#1748,#1749,#1750,#1751,#1752,#1753,#1754,
    #1755,#1756,#1757),.UNSPECIFIED.,.T.,.F.,(8,6,6,6,6,6,6,6,6,6,6,6,8)
  ,(0.,7.060596404032E-02,0.165169490732,0.250033150875,0.361932752408,
    0.458187519641,0.526654130769,0.608515141887,0.665075165303,
    0.749923558443,0.861806523636,0.954974723418,1.),.UNSPECIFIED.);
#1684 = CARTESIAN_POINT('',(3.14159265359,11.));
#1685 = CARTESIAN_POINT('',(3.162864043418,11.));
#1686 = CARTESIAN_POINT('',(3.183963231128,10.975673305385));
#1687 = CARTESIAN_POINT('',(3.204622248514,10.927730476596));
#1688 = CARTESIAN_POINT('',(3.224583394479,10.857749341792));
#1689 = CARTESIAN_POINT('',(3.243605802756,10.768154174849));
#1690 = CARTESIAN_POINT('',(3.26147589005,10.662218848994));
#1691 = CARTESIAN_POINT('',(3.300181691981,10.385887705801));
#1692 = CARTESIAN_POINT('',(3.320215726871,10.204034615719));
#1693 = CARTESIAN_POINT('',(3.338135473197,10.003891220683));
#1694 = CARTESIAN_POINT('',(3.353985766489,9.789536715901));
#1695 = CARTESIAN_POINT('',(3.367824111159,9.564103306088));
#1696 = CARTESIAN_POINT('',(3.379707755275,9.32998279576));
#1697 = CARTESIAN_POINT('',(3.398634556865,8.872672956025));
#1698 = CARTESIAN_POINT('',(3.406052645989,8.650742596826));
#1699 = CARTESIAN_POINT('',(3.411962098594,8.42460404594));
#1700 = CARTESIAN_POINT('',(3.416381734759,8.195454494593));
#1701 = CARTESIAN_POINT('',(3.419324454439,7.964334728652));
#1702 = CARTESIAN_POINT('',(3.420796643412,7.732201858369));
#1703 = CARTESIAN_POINT('',(3.420796643412,7.193823064159));
#1704 = CARTESIAN_POINT('',(3.418237072559,6.887933714465));
#1705 = CARTESIAN_POINT('',(3.41312636615,6.584358402183));
#1706 = CARTESIAN_POINT('',(3.40544346479,6.285226848525));
#1707 = CARTESIAN_POINT('',(3.395144638826,5.992997807029));
#1708 = CARTESIAN_POINT('',(3.382168717997,5.710771688824));
#1709 = CARTESIAN_POINT('',(3.352910117147,5.21220379307));
#1710 = CARTESIAN_POINT('',(3.337277065015,4.99103713472));
#1711 = CARTESIAN_POINT('',(3.319490694296,4.782700528719));
#1712 = CARTESIAN_POINT('',(3.299525970524,4.591284043266));
#1713 = CARTESIAN_POINT('',(3.277389395353,4.42159471718));
#1714 = CARTESIAN_POINT('',(3.253127782199,4.279309720949));
#1715 = CARTESIAN_POINT('',(3.208172305628,4.094475770445));
#1716 = CARTESIAN_POINT('',(3.188476043134,4.035014957899));
#1717 = CARTESIAN_POINT('',(3.168076679269,3.996463472367));
#1718 = CARTESIAN_POINT('',(3.1473105141,3.980883372347));
#1719 = CARTESIAN_POINT('',(3.126526973872,3.988910739979));
#1720 = CARTESIAN_POINT('',(3.106073897341,4.019754175719));
#1721 = CARTESIAN_POINT('',(3.062622330662,4.132570090016));
#1722 = CARTESIAN_POINT('',(3.040134034034,4.222779048162));
#1723 = CARTESIAN_POINT('',(3.018990613853,4.33780783404));
#1724 = CARTESIAN_POINT('',(2.999322961486,4.473835894274));
#1725 = CARTESIAN_POINT('',(2.981228570167,4.627091704871));
#1726 = CARTESIAN_POINT('',(2.96477104138,4.793808026272));
#1727 = CARTESIAN_POINT('',(2.939746588519,5.092104461823));
#1728 = CARTESIAN_POINT('',(2.930260924911,5.219239477485));
#1729 = CARTESIAN_POINT('',(2.921502769211,5.350868139594));
#1730 = CARTESIAN_POINT('',(2.913459553277,5.486354979058));
#1731 = CARTESIAN_POINT('',(2.906118970653,5.625166425341));
#1732 = CARTESIAN_POINT('',(2.899469771567,5.766853290115));
#1733 = CARTESIAN_POINT('',(2.884550855688,6.127324497941));
#1734 = CARTESIAN_POINT('',(2.877132695407,6.349255533257));
#1735 = CARTESIAN_POINT('',(2.871223130635,6.575397331278));
#1736 = CARTESIAN_POINT('',(2.866803438622,6.804551031933));
#1737 = CARTESIAN_POINT('',(2.863860758753,7.035673583075));
#1738 = CARTESIAN_POINT('',(2.862388663767,7.267805393985));
#1739 = CARTESIAN_POINT('',(2.862388663767,7.80617693584));
#1740 = CARTESIAN_POINT('',(2.86494823462,8.112066285537));
#1741 = CARTESIAN_POINT('',(2.87005894103,8.415641597815));
#1742 = CARTESIAN_POINT('',(2.87774184239,8.714773151478));
#1743 = CARTESIAN_POINT('',(2.888040668353,9.00700219297));
#1744 = CARTESIAN_POINT('',(2.901016589182,9.289228311176));
#1745 = CARTESIAN_POINT('',(2.929843283128,9.780436493533));
#1746 = CARTESIAN_POINT('',(2.944904511399,9.994700284763));
#1747 = CARTESIAN_POINT('',(2.961975179842,10.197013146914));
#1748 = CARTESIAN_POINT('',(2.98108238435,10.383760996794));
#1749 = CARTESIAN_POINT('',(3.002227769634,10.550669176513));
#1750 = CARTESIAN_POINT('',(3.025378939086,10.692663718942));
#1751 = CARTESIAN_POINT('',(3.062558210854,10.857199658187));
#1752 = CARTESIAN_POINT('',(3.075105462771,10.903492745374));
#1753 = CARTESIAN_POINT('',(3.08801225639,10.941529932907));
#1754 = CARTESIAN_POINT('',(3.101198842774,10.970591649083));
#1755 = CARTESIAN_POINT('',(3.114581730233,10.990176274656));
#1756 = CARTESIAN_POINT('',(3.128075216326,11.));
#1757 = CARTESIAN_POINT('',(3.14159265359,11.));
#1758 = ( GEOMETRIC_REPRESENTATION_CONTEXT(2) 
PARAMETRIC_REPRESENTATION_CONTEXT() REPRESENTATION_CONTEXT('2D SPACE',''
  ) );
#1759 = ORIENTED_EDGE('',*,*,#1760,.F.);
#1760 = EDGE_CURVE('',#1488,#1520,#1761,.T.);
#1761 = SEAM_CURVE('',#1762,(#1766,#1773),.PCURVE_S1.);
#1762 = LINE('',#1763,#1764);
#1763 = CARTESIAN_POINT('',(697.97051322469,8.572527594031E-16,
    490.50604818956));
#1764 = VECTOR('',#1765,1.);
#1765 = DIRECTION('',(0.939692620786,-1.232595164408E-32,0.342020143326)
  );
#1766 = PCURVE('',#1504,#1767);
#1767 = DEFINITIONAL_REPRESENTATION('',(#1768),#1772);
#1768 = LINE('',#1769,#1770);
#1769 = CARTESIAN_POINT('',(6.28318530718,-0.));
#1770 = VECTOR('',#1771,1.);
#1771 = DIRECTION('',(0.,1.));
#1772 = ( GEOMETRIC_REPRESENTATION_CONTEXT(2) 
PARAMETRIC_REPRESENTATION_CONTEXT() REPRESENTATION_CONTEXT('2D SPACE',''
  ) );
#1773 = PCURVE('',#1504,#1774);
#1774 = DEFINITIONAL_REPRESENTATION('',(#1775),#1779);
#1775 = LINE('',#1776,#1777);
#1776 = CARTESIAN_POINT('',(0.,-0.));
#1777 = VECTOR('',#1778,1.);
#1778 = DIRECTION('',(0.,1.));
#1779 = ( GEOMETRIC_REPRESENTATION_CONTEXT(2) 
PARAMETRIC_REPRESENTATION_CONTEXT() REPRESENTATION_CONTEXT('2D SPACE',''
  ) );
#1780 = ORIENTED_EDGE('',*,*,#1487,.T.);
#1781 = ORIENTED_EDGE('',*,*,#1760,.T.);
#1782 = ADVANCED_FACE('',(#1783),#1677,.T.);
#1783 = FACE_BOUND('',#1784,.T.);
#1784 = EDGE_LOOP('',(#1785));
#1785 = ORIENTED_EDGE('',*,*,#1519,.F.);
#1786 = ADVANCED_FACE('',(#1787),#1452,.T.);
#1787 = FACE_BOUND('',#1788,.T.);
#1788 = EDGE_LOOP('',(#1789,#1812,#1813,#1836,#1859,#1882));
#1789 = ORIENTED_EDGE('',*,*,#1790,.F.);
#1790 = EDGE_CURVE('',#1414,#1791,#1793,.T.);
#1791 = VERTEX_POINT('',#1792);
#1792 = CARTESIAN_POINT('',(738.52912676939,55.,493.03013187946));
#1793 = SURFACE_CURVE('',#1794,(#1798,#1805),.PCURVE_S1.);
#1794 = LINE('',#1795,#1796);
#1795 = CARTESIAN_POINT('',(720.69759728865,55.,486.53998591703));
#1796 = VECTOR('',#1797,1.);
#1797 = DIRECTION('',(0.939692620786,0.,0.342020143326));
#1798 = PCURVE('',#1452,#1799);
#1799 = DEFINITIONAL_REPRESENTATION('',(#1800),#1804);
#1800 = LINE('',#1801,#1802);
#1801 = CARTESIAN_POINT('',(0.,0.));
#1802 = VECTOR('',#1803,1.);
#1803 = DIRECTION('',(0.,1.));
#1804 = ( GEOMETRIC_REPRESENTATION_CONTEXT(2) 
PARAMETRIC_REPRESENTATION_CONTEXT() REPRESENTATION_CONTEXT('2D SPACE',''
  ) );
#1805 = PCURVE('',#94,#1806);
#1806 = DEFINITIONAL_REPRESENTATION('',(#1807),#1811);
#1807 = LINE('',#1808,#1809);
#1808 = CARTESIAN_POINT('',(0.,110.));
#1809 = VECTOR('',#1810,1.);
#1810 = DIRECTION('',(1.,0.));
#1811 = ( GEOMETRIC_REPRESENTATION_CONTEXT(2) 
PARAMETRIC_REPRESENTATION_CONTEXT() REPRESENTATION_CONTEXT('2D SPACE',''
  ) );
#1812 = ORIENTED_EDGE('',*,*,#1436,.T.);
#1813 = ORIENTED_EDGE('',*,*,#1814,.T.);
#1814 = EDGE_CURVE('',#1437,#1815,#1817,.T.);
#1815 = VERTEX_POINT('',#1816);
#1816 = CARTESIAN_POINT('',(752.81297982688,55.,515.25587358263));
#1817 = SURFACE_CURVE('',#1818,(#1822,#1829),.PCURVE_S1.);
#1818 = LINE('',#1819,#1820);
#1819 = CARTESIAN_POINT('',(715.22527499544,55.,501.57506784961));
#1820 = VECTOR('',#1821,1.);
#1821 = DIRECTION('',(0.939692620786,0.,0.342020143326));
#1822 = PCURVE('',#1452,#1823);
#1823 = DEFINITIONAL_REPRESENTATION('',(#1824),#1828);
#1824 = LINE('',#1825,#1826);
#1825 = CARTESIAN_POINT('',(16.,0.));
#1826 = VECTOR('',#1827,1.);
#1827 = DIRECTION('',(0.,1.));
#1828 = ( GEOMETRIC_REPRESENTATION_CONTEXT(2) 
PARAMETRIC_REPRESENTATION_CONTEXT() REPRESENTATION_CONTEXT('2D SPACE',''
  ) );
#1829 = PCURVE('',#1347,#1830);
#1830 = DEFINITIONAL_REPRESENTATION('',(#1831),#1835);
#1831 = LINE('',#1832,#1833);
#1832 = CARTESIAN_POINT('',(0.,110.));
#1833 = VECTOR('',#1834,1.);
#1834 = DIRECTION('',(1.,0.));
#1835 = ( GEOMETRIC_REPRESENTATION_CONTEXT(2) 
PARAMETRIC_REPRESENTATION_CONTEXT() REPRESENTATION_CONTEXT('2D SPACE',''
  ) );
#1836 = ORIENTED_EDGE('',*,*,#1837,.F.);
#1837 = EDGE_CURVE('',#1838,#1815,#1840,.T.);
#1838 = VERTEX_POINT('',#1839);
#1839 = CARTESIAN_POINT('',(758.28530212009,55.,500.22079165006));
#1840 = SURFACE_CURVE('',#1841,(#1845,#1852),.PCURVE_S1.);
#1841 = LINE('',#1842,#1843);
#1842 = CARTESIAN_POINT('',(758.28530212009,55.,500.22079165006));
#1843 = VECTOR('',#1844,1.);
#1844 = DIRECTION('',(-0.342020143326,0.,0.939692620786));
#1845 = PCURVE('',#1452,#1846);
#1846 = DEFINITIONAL_REPRESENTATION('',(#1847),#1851);
#1847 = LINE('',#1848,#1849);
#1848 = CARTESIAN_POINT('',(0.,40.));
#1849 = VECTOR('',#1850,1.);
#1850 = DIRECTION('',(1.,0.));
#1851 = ( GEOMETRIC_REPRESENTATION_CONTEXT(2) 
PARAMETRIC_REPRESENTATION_CONTEXT() REPRESENTATION_CONTEXT('2D SPACE',''
  ) );
#1852 = PCURVE('',#1375,#1853);
#1853 = DEFINITIONAL_REPRESENTATION('',(#1854),#1858);
#1854 = LINE('',#1855,#1856);
#1855 = CARTESIAN_POINT('',(0.,-110.));
#1856 = VECTOR('',#1857,1.);
#1857 = DIRECTION('',(1.,0.));
#1858 = ( GEOMETRIC_REPRESENTATION_CONTEXT(2) 
PARAMETRIC_REPRESENTATION_CONTEXT() REPRESENTATION_CONTEXT('2D SPACE',''
  ) );
#1859 = ORIENTED_EDGE('',*,*,#1860,.F.);
#1860 = EDGE_CURVE('',#1861,#1838,#1863,.T.);
#1861 = VERTEX_POINT('',#1862);
#1862 = CARTESIAN_POINT('',(742.75532123588,55.,494.56834086948));
#1863 = SURFACE_CURVE('',#1864,(#1868,#1875),.PCURVE_S1.);
#1864 = LINE('',#1865,#1866);
#1865 = CARTESIAN_POINT('',(720.69759728865,55.,486.53998591703));
#1866 = VECTOR('',#1867,1.);
#1867 = DIRECTION('',(0.939692620786,0.,0.342020143326));
#1868 = PCURVE('',#1452,#1869);
#1869 = DEFINITIONAL_REPRESENTATION('',(#1870),#1874);
#1870 = LINE('',#1871,#1872);
#1871 = CARTESIAN_POINT('',(0.,0.));
#1872 = VECTOR('',#1873,1.);
#1873 = DIRECTION('',(0.,1.));
#1874 = ( GEOMETRIC_REPRESENTATION_CONTEXT(2) 
PARAMETRIC_REPRESENTATION_CONTEXT() REPRESENTATION_CONTEXT('2D SPACE',''
  ) );
#1875 = PCURVE('',#94,#1876);
#1876 = DEFINITIONAL_REPRESENTATION('',(#1877),#1881);
#1877 = LINE('',#1878,#1879);
#1878 = CARTESIAN_POINT('',(0.,110.));
#1879 = VECTOR('',#1880,1.);
#1880 = DIRECTION('',(1.,0.));
#1881 = ( GEOMETRIC_REPRESENTATION_CONTEXT(2) 
PARAMETRIC_REPRESENTATION_CONTEXT() REPRESENTATION_CONTEXT('2D SPACE',''
  ) );
#1882 = ORIENTED_EDGE('',*,*,#1883,.F.);
#1883 = EDGE_CURVE('',#1791,#1861,#1884,.T.);
#1884 = SURFACE_CURVE('',#1885,(#1890,#1897),.PCURVE_S1.);
#1885 = ELLIPSE('',#1886,328.89656406012,10.);
#1886 = AXIS2_PLACEMENT_3D('',#1887,#1888,#1889);
#1887 = CARTESIAN_POINT('',(893.08157048074,55.,211.70069008338));
#1888 = DIRECTION('',(0.,1.,0.));
#1889 = DIRECTION('',(0.47552515507,0.,-0.879702123958));
#1890 = PCURVE('',#1452,#1891);
#1891 = DEFINITIONAL_REPRESENTATION('',(#1892),#1896);
#1892 = ELLIPSE('',#1893,328.89656406012,10.);
#1893 = AXIS2_PLACEMENT_2D('',#1894,#1895);
#1894 = CARTESIAN_POINT('',(-317.223249415,67.98737219781));
#1895 = DIRECTION('',(-0.989288776065,0.145971632697));
#1896 = ( GEOMETRIC_REPRESENTATION_CONTEXT(2) 
PARAMETRIC_REPRESENTATION_CONTEXT() REPRESENTATION_CONTEXT('2D SPACE',''
  ) );
#1897 = PCURVE('',#1898,#1903);
#1898 = CYLINDRICAL_SURFACE('',#1899,10.);
#1899 = AXIS2_PLACEMENT_3D('',#1900,#1901,#1902);
#1900 = CARTESIAN_POINT('',(736.75528855776,45.,500.89792974983));
#1901 = DIRECTION('',(0.475305305696,3.040469586107E-02,-0.879295411592)
  );
#1902 = DIRECTION('',(-0.879702123958,-3.469446951954E-18,-0.47552515507
    ));
#1903 = DEFINITIONAL_REPRESENTATION('',(#1904),#1912);
#1904 = B_SPLINE_CURVE_WITH_KNOTS('',6,(#1905,#1906,#1907,#1908,#1909,
    #1910,#1911),.UNSPECIFIED.,.F.,.F.,(7,7),(2.900609536474,
    3.39154826373),.PIECEWISE_BEZIER_KNOTS.);
#1905 = CARTESIAN_POINT('',(1.329813209679,9.651520360678));
#1906 = CARTESIAN_POINT('',(1.411636330889,3.231897106913));
#1907 = CARTESIAN_POINT('',(1.493459452098,-0.62290254539));
#1908 = CARTESIAN_POINT('',(1.575282573307,-1.835515957708));
#1909 = CARTESIAN_POINT('',(1.657105694516,-0.380091628122));
#1910 = CARTESIAN_POINT('',(1.738928815726,3.714581337603));
#1911 = CARTESIAN_POINT('',(1.820751936935,10.368319146671));
#1912 = ( GEOMETRIC_REPRESENTATION_CONTEXT(2) 
PARAMETRIC_REPRESENTATION_CONTEXT() REPRESENTATION_CONTEXT('2D SPACE',''
  ) );
#1913 = ADVANCED_FACE('',(#1914),#1898,.T.);
#1914 = FACE_BOUND('',#1915,.T.);
#1915 = EDGE_LOOP('',(#1916,#1967,#1990,#2022,#2054,#2083,#2110,#2143,
    #2175,#2204,#2231,#2256,#2257,#2306));
#1916 = ORIENTED_EDGE('',*,*,#1917,.F.);
#1917 = EDGE_CURVE('',#1918,#1861,#1920,.T.);
#1918 = VERTEX_POINT('',#1919);
#1919 = CARTESIAN_POINT('',(731.10201005849,45.201101356831,
    490.32688247027));
#1920 = SURFACE_CURVE('',#1921,(#1926,#1960),.PCURVE_S1.);
#1921 = ELLIPSE('',#1922,10.112947479974,10.);
#1922 = AXIS2_PLACEMENT_3D('',#1923,#1924,#1925);
#1923 = CARTESIAN_POINT('',(740.60067863253,45.24598487391,
    493.78411509638));
#1924 = DIRECTION('',(-0.342020143326,0.,0.939692620786));
#1925 = DIRECTION('',(0.919930605239,0.204005690972,0.334827357897));
#1926 = PCURVE('',#1898,#1927);
#1927 = DEFINITIONAL_REPRESENTATION('',(#1928),#1959);
#1928 = B_SPLINE_CURVE_WITH_KNOTS('',8,(#1929,#1930,#1931,#1932,#1933,
    #1934,#1935,#1936,#1937,#1938,#1939,#1940,#1941,#1942,#1943,#1944,
    #1945,#1946,#1947,#1948,#1949,#1950,#1951,#1952,#1953,#1954,#1955,
    #1956,#1957,#1958),.UNSPECIFIED.,.F.,.F.,(9,7,7,7,9),(2.938376298034
    ,4.509172624829,5.687269869925,7.454415737569,9.221561605214),
  .UNSPECIFIED.);
#1929 = CARTESIAN_POINT('',(6.28318530718,6.614154528949));
#1930 = CARTESIAN_POINT('',(6.08683576633,6.554427434623));
#1931 = CARTESIAN_POINT('',(5.890486225477,6.559742995852));
#1932 = CARTESIAN_POINT('',(5.69413668464,6.633609616467));
#1933 = CARTESIAN_POINT('',(5.497787143748,6.774188321877));
#1934 = CARTESIAN_POINT('',(5.301437602946,6.973851429291));
#1935 = CARTESIAN_POINT('',(5.105088062081,7.219869321832));
#1936 = CARTESIAN_POINT('',(4.908738521234,7.496318519832));
#1937 = CARTESIAN_POINT('',(4.565126824748,8.003559293375));
#1938 = CARTESIAN_POINT('',(4.417864669111,8.228487178706));
#1939 = CARTESIAN_POINT('',(4.270602513474,8.453770651312));
#1940 = CARTESIAN_POINT('',(4.123340357837,8.671876274748));
#1941 = CARTESIAN_POINT('',(3.976078202201,8.875422448632));
#1942 = CARTESIAN_POINT('',(3.828816046562,9.057714876847));
#1943 = CARTESIAN_POINT('',(3.681553890926,9.213207977996));
#1944 = CARTESIAN_POINT('',(3.313398501833,9.52464950681));
#1945 = CARTESIAN_POINT('',(3.092505268381,9.641952407935));
#1946 = CARTESIAN_POINT('',(2.871612034906,9.675799940069));
#1947 = CARTESIAN_POINT('',(2.650718801491,9.619537234488));
#1948 = CARTESIAN_POINT('',(2.429825567986,9.475925768398));
#1949 = CARTESIAN_POINT('',(2.208932334558,9.257415265416));
#1950 = CARTESIAN_POINT('',(1.9880391011,8.983402759495));
#1951 = CARTESIAN_POINT('',(1.546252634189,8.369984651742));
#1952 = CARTESIAN_POINT('',(1.325359400733,8.030578710401));
#1953 = CARTESIAN_POINT('',(1.104466167277,7.681282721067));
#1954 = CARTESIAN_POINT('',(0.88357293382,7.34829492955));
#1955 = CARTESIAN_POINT('',(0.662679700367,7.057694770458));
#1956 = CARTESIAN_POINT('',(0.44178646691,6.830860274334));
#1957 = CARTESIAN_POINT('',(0.220893233456,6.681347510065));
#1958 = CARTESIAN_POINT('',(7.815970093361E-15,6.614154528949));
#1959 = ( GEOMETRIC_REPRESENTATION_CONTEXT(2) 
PARAMETRIC_REPRESENTATION_CONTEXT() REPRESENTATION_CONTEXT('2D SPACE',''
  ) );
#1960 = PCURVE('',#94,#1961);
#1961 = DEFINITIONAL_REPRESENTATION('',(#1962),#1966);
#1962 = ELLIPSE('',#1963,10.112947479974,10.);
#1963 = AXIS2_PLACEMENT_2D('',#1964,#1965);
#1964 = CARTESIAN_POINT('',(21.180416769936,100.24598487391));
#1965 = DIRECTION('',(0.978969702315,0.204005690972));
#1966 = ( GEOMETRIC_REPRESENTATION_CONTEXT(2) 
PARAMETRIC_REPRESENTATION_CONTEXT() REPRESENTATION_CONTEXT('2D SPACE',''
  ) );
#1967 = ORIENTED_EDGE('',*,*,#1968,.T.);
#1968 = EDGE_CURVE('',#1918,#1969,#1971,.T.);
#1969 = VERTEX_POINT('',#1970);
#1970 = CARTESIAN_POINT('',(842.,52.295109387812,285.17012839712));
#1971 = SEAM_CURVE('',#1972,(#1976,#1983),.PCURVE_S1.);
#1972 = LINE('',#1973,#1974);
#1973 = CARTESIAN_POINT('',(727.95826731819,45.,496.14267819914));
#1974 = VECTOR('',#1975,1.);
#1975 = DIRECTION('',(0.475305305696,3.040469586107E-02,-0.879295411592)
  );
#1976 = PCURVE('',#1898,#1977);
#1977 = DEFINITIONAL_REPRESENTATION('',(#1978),#1982);
#1978 = LINE('',#1979,#1980);
#1979 = CARTESIAN_POINT('',(0.,-0.));
#1980 = VECTOR('',#1981,1.);
#1981 = DIRECTION('',(0.,1.));
#1982 = ( GEOMETRIC_REPRESENTATION_CONTEXT(2) 
PARAMETRIC_REPRESENTATION_CONTEXT() REPRESENTATION_CONTEXT('2D SPACE',''
  ) );
#1983 = PCURVE('',#1898,#1984);
#1984 = DEFINITIONAL_REPRESENTATION('',(#1985),#1989);
#1985 = LINE('',#1986,#1987);
#1986 = CARTESIAN_POINT('',(6.28318530718,-0.));
#1987 = VECTOR('',#1988,1.);
#1988 = DIRECTION('',(0.,1.));
#1989 = ( GEOMETRIC_REPRESENTATION_CONTEXT(2) 
PARAMETRIC_REPRESENTATION_CONTEXT() REPRESENTATION_CONTEXT('2D SPACE',''
  ) );
#1990 = ORIENTED_EDGE('',*,*,#1991,.F.);
#1991 = EDGE_CURVE('',#1992,#1969,#1994,.T.);
#1992 = VERTEX_POINT('',#1993);
#1993 = CARTESIAN_POINT('',(842.,50.,285.72364594892));
#1994 = SURFACE_CURVE('',#1995,(#2000,#2010),.PCURVE_S1.);
#1995 = ELLIPSE('',#1996,21.039108716356,10.);
#1996 = AXIS2_PLACEMENT_3D('',#1997,#1998,#1999);
#1997 = CARTESIAN_POINT('',(842.,51.732374757949,306.19951010993));
#1998 = DIRECTION('',(1.,-0.,0.));
#1999 = DIRECTION('',(0.,3.455782293103E-02,-0.999402700054));
#2000 = PCURVE('',#1898,#2001);
#2001 = DEFINITIONAL_REPRESENTATION('',(#2002),#2009);
#2002 = B_SPLINE_CURVE_WITH_KNOTS('',5,(#2003,#2004,#2005,#2006,#2007,
    #2008),.UNSPECIFIED.,.F.,.F.,(6,6),(5.985895817901,6.266751453362),
  .PIECEWISE_BEZIER_KNOTS.);
#2003 = CARTESIAN_POINT('',(6.002329671718,239.12415246546));
#2004 = CARTESIAN_POINT('',(6.058500798811,239.42873018694));
#2005 = CARTESIAN_POINT('',(6.114671925903,239.66350476484));
#2006 = CARTESIAN_POINT('',(6.170843052995,239.82647232818));
#2007 = CARTESIAN_POINT('',(6.227014180087,239.91655464944));
#2008 = CARTESIAN_POINT('',(6.28318530718,239.93364120942));
#2009 = ( GEOMETRIC_REPRESENTATION_CONTEXT(2) 
PARAMETRIC_REPRESENTATION_CONTEXT() REPRESENTATION_CONTEXT('2D SPACE',''
  ) );
#2010 = PCURVE('',#2011,#2016);
#2011 = PLANE('',#2012);
#2012 = AXIS2_PLACEMENT_3D('',#2013,#2014,#2015);
#2013 = CARTESIAN_POINT('',(842.,50.,238.));
#2014 = DIRECTION('',(1.,-0.,0.));
#2015 = DIRECTION('',(0.,0.,1.));
#2016 = DEFINITIONAL_REPRESENTATION('',(#2017),#2021);
#2017 = ELLIPSE('',#2018,21.039108716356,10.);
#2018 = AXIS2_PLACEMENT_2D('',#2019,#2020);
#2019 = CARTESIAN_POINT('',(68.199510109934,-1.732374757949));
#2020 = DIRECTION('',(-0.999402700054,-3.455782293103E-02));
#2021 = ( GEOMETRIC_REPRESENTATION_CONTEXT(2) 
PARAMETRIC_REPRESENTATION_CONTEXT() REPRESENTATION_CONTEXT('2D SPACE',''
  ) );
#2022 = ORIENTED_EDGE('',*,*,#2023,.F.);
#2023 = EDGE_CURVE('',#2024,#1992,#2026,.T.);
#2024 = VERTEX_POINT('',#2025);
#2025 = CARTESIAN_POINT('',(845.51874574179,50.,279.32899087907));
#2026 = SURFACE_CURVE('',#2027,(#2032,#2042),.PCURVE_S1.);
#2027 = ELLIPSE('',#2028,328.89656406012,10.);
#2028 = AXIS2_PLACEMENT_3D('',#2029,#2030,#2031);
#2029 = CARTESIAN_POINT('',(814.91842951925,50.,356.29930991661));
#2030 = DIRECTION('',(0.,1.,0.));
#2031 = DIRECTION('',(0.47552515507,-0.,-0.879702123958));
#2032 = PCURVE('',#1898,#2033);
#2033 = DEFINITIONAL_REPRESENTATION('',(#2034),#2041);
#2034 = B_SPLINE_CURVE_WITH_KNOTS('',5,(#2035,#2036,#2037,#2038,#2039,
    #2040),.UNSPECIFIED.,.F.,.F.,(6,6),(1.317996639711,1.361555376454),
  .PIECEWISE_BEZIER_KNOTS.);
#2035 = CARTESIAN_POINT('',(6.030385620096,246.67242364509));
#2036 = CARTESIAN_POINT('',(6.039097367445,243.89951209222));
#2037 = CARTESIAN_POINT('',(6.047809114793,241.11880008492));
#2038 = CARTESIAN_POINT('',(6.056520862142,238.3307260582));
#2039 = CARTESIAN_POINT('',(6.06523260949,235.53573091423));
#2040 = CARTESIAN_POINT('',(6.073944356839,232.73425760424));
#2041 = ( GEOMETRIC_REPRESENTATION_CONTEXT(2) 
PARAMETRIC_REPRESENTATION_CONTEXT() REPRESENTATION_CONTEXT('2D SPACE',''
  ) );
#2042 = PCURVE('',#2043,#2048);
#2043 = PLANE('',#2044);
#2044 = AXIS2_PLACEMENT_3D('',#2045,#2046,#2047);
#2045 = CARTESIAN_POINT('',(857.22303809874,50.,263.12874719043));
#2046 = DIRECTION('',(0.,1.,-0.));
#2047 = DIRECTION('',(-1.,0.,0.));
#2048 = DEFINITIONAL_REPRESENTATION('',(#2049),#2053);
#2049 = ELLIPSE('',#2050,328.89656406012,10.);
#2050 = AXIS2_PLACEMENT_2D('',#2051,#2052);
#2051 = CARTESIAN_POINT('',(42.304608579486,93.170562726174));
#2052 = DIRECTION('',(-0.47552515507,-0.879702123958));
#2053 = ( GEOMETRIC_REPRESENTATION_CONTEXT(2) 
PARAMETRIC_REPRESENTATION_CONTEXT() REPRESENTATION_CONTEXT('2D SPACE',''
  ) );
#2054 = ORIENTED_EDGE('',*,*,#2055,.F.);
#2055 = EDGE_CURVE('',#2056,#2024,#2058,.T.);
#2056 = VERTEX_POINT('',#2057);
#2057 = CARTESIAN_POINT('',(862.55357868449,50.,288.53721188485));
#2058 = SURFACE_CURVE('',#2059,(#2064,#2071),.PCURVE_S1.);
#2059 = CIRCLE('',#2060,10.);
#2060 = AXIS2_PLACEMENT_3D('',#2061,#2062,#2063);
#2061 = CARTESIAN_POINT('',(854.,52.5,284.));
#2062 = DIRECTION('',(0.475305305696,3.040469586107E-02,-0.879295411592)
  );
#2063 = DIRECTION('',(-0.879702123958,-5.20417042793E-18,-0.47552515507)
  );
#2064 = PCURVE('',#1898,#2065);
#2065 = DEFINITIONAL_REPRESENTATION('',(#2066),#2070);
#2066 = LINE('',#2067,#2068);
#2067 = CARTESIAN_POINT('',(0.,246.67242304509));
#2068 = VECTOR('',#2069,1.);
#2069 = DIRECTION('',(1.,0.));
#2070 = ( GEOMETRIC_REPRESENTATION_CONTEXT(2) 
PARAMETRIC_REPRESENTATION_CONTEXT() REPRESENTATION_CONTEXT('2D SPACE',''
  ) );
#2071 = PCURVE('',#2072,#2077);
#2072 = PLANE('',#2073);
#2073 = AXIS2_PLACEMENT_3D('',#2074,#2075,#2076);
#2074 = CARTESIAN_POINT('',(854.,52.5,284.));
#2075 = DIRECTION('',(0.475305305696,3.040469586107E-02,-0.879295411592)
  );
#2076 = DIRECTION('',(-0.879702123958,-3.469446951954E-18,-0.47552515507
    ));
#2077 = DEFINITIONAL_REPRESENTATION('',(#2078),#2082);
#2078 = CIRCLE('',#2079,10.);
#2079 = AXIS2_PLACEMENT_2D('',#2080,#2081);
#2080 = CARTESIAN_POINT('',(0.,0.));
#2081 = DIRECTION('',(1.,0.));
#2082 = ( GEOMETRIC_REPRESENTATION_CONTEXT(2) 
PARAMETRIC_REPRESENTATION_CONTEXT() REPRESENTATION_CONTEXT('2D SPACE',''
  ) );
#2083 = ORIENTED_EDGE('',*,*,#2084,.F.);
#2084 = EDGE_CURVE('',#2085,#2056,#2087,.T.);
#2085 = VERTEX_POINT('',#2086);
#2086 = CARTESIAN_POINT('',(861.7774906863,50.,290.));
#2087 = SURFACE_CURVE('',#2088,(#2093,#2103),.PCURVE_S1.);
#2088 = ELLIPSE('',#2089,328.89656406012,10.);
#2089 = AXIS2_PLACEMENT_3D('',#2090,#2091,#2092);
#2090 = CARTESIAN_POINT('',(814.91842951925,50.,356.29930991661));
#2091 = DIRECTION('',(0.,1.,0.));
#2092 = DIRECTION('',(0.47552515507,-0.,-0.879702123958));
#2093 = PCURVE('',#1898,#2094);
#2094 = DEFINITIONAL_REPRESENTATION('',(#2095),#2102);
#2095 = B_SPLINE_CURVE_WITH_KNOTS('',5,(#2096,#2097,#2098,#2099,#2100,
    #2101),.UNSPECIFIED.,.F.,.F.,(6,6),(4.941569990179,4.965188667468),
  .PIECEWISE_BEZIER_KNOTS.);
#2096 = CARTESIAN_POINT('',(3.370773663384,239.13246663928));
#2097 = CARTESIAN_POINT('',(3.375497398842,240.64476464359));
#2098 = CARTESIAN_POINT('',(3.3802211343,242.15497954947));
#2099 = CARTESIAN_POINT('',(3.384944869758,243.66304105497));
#2100 = CARTESIAN_POINT('',(3.389668605216,245.16887905185));
#2101 = CARTESIAN_POINT('',(3.394392340673,246.67242364509));
#2102 = ( GEOMETRIC_REPRESENTATION_CONTEXT(2) 
PARAMETRIC_REPRESENTATION_CONTEXT() REPRESENTATION_CONTEXT('2D SPACE',''
  ) );
#2103 = PCURVE('',#2043,#2104);
#2104 = DEFINITIONAL_REPRESENTATION('',(#2105),#2109);
#2105 = ELLIPSE('',#2106,328.89656406012,10.);
#2106 = AXIS2_PLACEMENT_2D('',#2107,#2108);
#2107 = CARTESIAN_POINT('',(42.304608579486,93.170562726174));
#2108 = DIRECTION('',(-0.47552515507,-0.879702123958));
#2109 = ( GEOMETRIC_REPRESENTATION_CONTEXT(2) 
PARAMETRIC_REPRESENTATION_CONTEXT() REPRESENTATION_CONTEXT('2D SPACE',''
  ) );
#2110 = ORIENTED_EDGE('',*,*,#2111,.F.);
#2111 = EDGE_CURVE('',#2112,#2085,#2114,.T.);
#2112 = VERTEX_POINT('',#2113);
#2113 = CARTESIAN_POINT('',(861.74918506468,55.,290.));
#2114 = SURFACE_CURVE('',#2115,(#2120,#2131),.PCURVE_S1.);
#2115 = ELLIPSE('',#2116,11.372742161698,10.);
#2116 = AXIS2_PLACEMENT_3D('',#2117,#2118,#2119);
#2117 = CARTESIAN_POINT('',(850.75668518613,52.29252914008,290.));
#2118 = DIRECTION('',(0.,0.,-1.));
#2119 = DIRECTION('',(0.997960256071,6.383829026026E-02,0.));
#2120 = PCURVE('',#1898,#2121);
#2121 = DEFINITIONAL_REPRESENTATION('',(#2122),#2130);
#2122 = B_SPLINE_CURVE_WITH_KNOTS('',6,(#2123,#2124,#2125,#2126,#2127,
    #2128,#2129),.UNSPECIFIED.,.F.,.F.,(7,7),(6.029491521257,
    6.638649680305),.PIECEWISE_BEZIER_KNOTS.);
#2123 = CARTESIAN_POINT('',(2.831710627315,245.09197695265));
#2124 = CARTESIAN_POINT('',(2.933236987156,245.22999778684));
#2125 = CARTESIAN_POINT('',(3.034763346997,245.30316485439));
#2126 = CARTESIAN_POINT('',(3.136289706838,245.30891734355));
#2127 = CARTESIAN_POINT('',(3.23781606668,245.24669987266));
#2128 = CARTESIAN_POINT('',(3.339342426521,245.11812170346));
#2129 = CARTESIAN_POINT('',(3.440868786362,244.92673366243));
#2130 = ( GEOMETRIC_REPRESENTATION_CONTEXT(2) 
PARAMETRIC_REPRESENTATION_CONTEXT() REPRESENTATION_CONTEXT('2D SPACE',''
  ) );
#2131 = PCURVE('',#2132,#2137);
#2132 = PLANE('',#2133);
#2133 = AXIS2_PLACEMENT_3D('',#2134,#2135,#2136);
#2134 = CARTESIAN_POINT('',(842.,50.,290.));
#2135 = DIRECTION('',(0.,-0.,-1.));
#2136 = DIRECTION('',(1.,0.,0.));
#2137 = DEFINITIONAL_REPRESENTATION('',(#2138),#2142);
#2138 = ELLIPSE('',#2139,11.372742161698,10.);
#2139 = AXIS2_PLACEMENT_2D('',#2140,#2141);
#2140 = CARTESIAN_POINT('',(8.756685186139,-2.29252914008));
#2141 = DIRECTION('',(0.997960256071,-6.383829026026E-02));
#2142 = ( GEOMETRIC_REPRESENTATION_CONTEXT(2) 
PARAMETRIC_REPRESENTATION_CONTEXT() REPRESENTATION_CONTEXT('2D SPACE',''
  ) );
#2143 = ORIENTED_EDGE('',*,*,#2144,.T.);
#2144 = EDGE_CURVE('',#2112,#2145,#2147,.T.);
#2145 = VERTEX_POINT('',#2146);
#2146 = CARTESIAN_POINT('',(862.4812542582,55.,288.67100912092));
#2147 = SURFACE_CURVE('',#2148,(#2153,#2163),.PCURVE_S1.);
#2148 = ELLIPSE('',#2149,328.89656406012,10.);
#2149 = AXIS2_PLACEMENT_3D('',#2150,#2151,#2152);
#2150 = CARTESIAN_POINT('',(893.08157048074,55.,211.70069008338));
#2151 = DIRECTION('',(0.,1.,0.));
#2152 = DIRECTION('',(0.47552515507,-0.,-0.879702123958));
#2153 = PCURVE('',#1898,#2154);
#2154 = DEFINITIONAL_REPRESENTATION('',(#2155),#2162);
#2155 = B_SPLINE_CURVE_WITH_KNOTS('',5,(#2156,#2157,#2158,#2159,#2160,
    #2161),.UNSPECIFIED.,.F.,.F.,(6,6),(4.436105080495,4.459589297071),
  .PIECEWISE_BEZIER_KNOTS.);
#2156 = CARTESIAN_POINT('',(2.8653087537,239.22085860869));
#2157 = CARTESIAN_POINT('',(2.870005597015,240.70636269344));
#2158 = CARTESIAN_POINT('',(2.874702440331,242.19433962355));
#2159 = CARTESIAN_POINT('',(2.879399283646,243.68472112669));
#2160 = CARTESIAN_POINT('',(2.884096126961,245.17743870323));
#2161 = CARTESIAN_POINT('',(2.888792970276,246.67242364509));
#2162 = ( GEOMETRIC_REPRESENTATION_CONTEXT(2) 
PARAMETRIC_REPRESENTATION_CONTEXT() REPRESENTATION_CONTEXT('2D SPACE',''
  ) );
#2163 = PCURVE('',#2164,#2169);
#2164 = PLANE('',#2165);
#2165 = AXIS2_PLACEMENT_3D('',#2166,#2167,#2168);
#2166 = CARTESIAN_POINT('',(857.22303809874,55.,263.12874719043));
#2167 = DIRECTION('',(0.,1.,-0.));
#2168 = DIRECTION('',(-1.,0.,0.));
#2169 = DEFINITIONAL_REPRESENTATION('',(#2170),#2174);
#2170 = ELLIPSE('',#2171,328.89656406012,10.);
#2171 = AXIS2_PLACEMENT_2D('',#2172,#2173);
#2172 = CARTESIAN_POINT('',(-35.858532382,-51.42805710705));
#2173 = DIRECTION('',(-0.47552515507,-0.879702123958));
#2174 = ( GEOMETRIC_REPRESENTATION_CONTEXT(2) 
PARAMETRIC_REPRESENTATION_CONTEXT() REPRESENTATION_CONTEXT('2D SPACE',''
  ) );
#2175 = ORIENTED_EDGE('',*,*,#2176,.F.);
#2176 = EDGE_CURVE('',#2177,#2145,#2179,.T.);
#2177 = VERTEX_POINT('',#2178);
#2178 = CARTESIAN_POINT('',(845.4464213155,55.,279.46278811514));
#2179 = SURFACE_CURVE('',#2180,(#2185,#2192),.PCURVE_S1.);
#2180 = CIRCLE('',#2181,10.);
#2181 = AXIS2_PLACEMENT_3D('',#2182,#2183,#2184);
#2182 = CARTESIAN_POINT('',(854.,52.5,284.));
#2183 = DIRECTION('',(0.475305305696,3.040469586107E-02,-0.879295411592)
  );
#2184 = DIRECTION('',(-0.879702123958,-5.20417042793E-18,-0.47552515507)
  );
#2185 = PCURVE('',#1898,#2186);
#2186 = DEFINITIONAL_REPRESENTATION('',(#2187),#2191);
#2187 = LINE('',#2188,#2189);
#2188 = CARTESIAN_POINT('',(0.,246.67242304509));
#2189 = VECTOR('',#2190,1.);
#2190 = DIRECTION('',(1.,0.));
#2191 = ( GEOMETRIC_REPRESENTATION_CONTEXT(2) 
PARAMETRIC_REPRESENTATION_CONTEXT() REPRESENTATION_CONTEXT('2D SPACE',''
  ) );
#2192 = PCURVE('',#2193,#2198);
#2193 = PLANE('',#2194);
#2194 = AXIS2_PLACEMENT_3D('',#2195,#2196,#2197);
#2195 = CARTESIAN_POINT('',(854.,52.5,284.));
#2196 = DIRECTION('',(0.475305305696,3.040469586107E-02,-0.879295411592)
  );
#2197 = DIRECTION('',(-0.879702123958,-3.469446951954E-18,-0.47552515507
    ));
#2198 = DEFINITIONAL_REPRESENTATION('',(#2199),#2203);
#2199 = CIRCLE('',#2200,10.);
#2200 = AXIS2_PLACEMENT_2D('',#2201,#2202);
#2201 = CARTESIAN_POINT('',(0.,0.));
#2202 = DIRECTION('',(1.,0.));
#2203 = ( GEOMETRIC_REPRESENTATION_CONTEXT(2) 
PARAMETRIC_REPRESENTATION_CONTEXT() REPRESENTATION_CONTEXT('2D SPACE',''
  ) );
#2204 = ORIENTED_EDGE('',*,*,#2205,.T.);
#2205 = EDGE_CURVE('',#2177,#2206,#2208,.T.);
#2206 = VERTEX_POINT('',#2207);
#2207 = CARTESIAN_POINT('',(842.,55.,285.96592438642));
#2208 = SURFACE_CURVE('',#2209,(#2214,#2224),.PCURVE_S1.);
#2209 = ELLIPSE('',#2210,328.89656406012,10.);
#2210 = AXIS2_PLACEMENT_3D('',#2211,#2212,#2213);
#2211 = CARTESIAN_POINT('',(893.08157048074,55.,211.70069008338));
#2212 = DIRECTION('',(0.,1.,0.));
#2213 = DIRECTION('',(0.47552515507,-0.,-0.879702123958));
#2214 = PCURVE('',#1898,#2215);
#2215 = DEFINITIONAL_REPRESENTATION('',(#2216),#2223);
#2216 = B_SPLINE_CURVE_WITH_KNOTS('',5,(#2217,#2218,#2219,#2220,#2221,
    #2222),.UNSPECIFIED.,.F.,.F.,(6,6),(1.823596010108,1.868471330017),
  .PIECEWISE_BEZIER_KNOTS.);
#2217 = CARTESIAN_POINT('',(0.252799683314,246.67242364509));
#2218 = CARTESIAN_POINT('',(0.261774747295,243.81569954245));
#2219 = CARTESIAN_POINT('',(0.270749811277,240.9672545652));
#2220 = CARTESIAN_POINT('',(0.279724875259,238.12756811806));
#2221 = CARTESIAN_POINT('',(0.28869993924,235.29711682636));
#2222 = CARTESIAN_POINT('',(0.297675003222,232.47637405626));
#2223 = ( GEOMETRIC_REPRESENTATION_CONTEXT(2) 
PARAMETRIC_REPRESENTATION_CONTEXT() REPRESENTATION_CONTEXT('2D SPACE',''
  ) );
#2224 = PCURVE('',#2164,#2225);
#2225 = DEFINITIONAL_REPRESENTATION('',(#2226),#2230);
#2226 = ELLIPSE('',#2227,328.89656406012,10.);
#2227 = AXIS2_PLACEMENT_2D('',#2228,#2229);
#2228 = CARTESIAN_POINT('',(-35.858532382,-51.42805710705));
#2229 = DIRECTION('',(-0.47552515507,-0.879702123958));
#2230 = ( GEOMETRIC_REPRESENTATION_CONTEXT(2) 
PARAMETRIC_REPRESENTATION_CONTEXT() REPRESENTATION_CONTEXT('2D SPACE',''
  ) );
#2231 = ORIENTED_EDGE('',*,*,#2232,.F.);
#2232 = EDGE_CURVE('',#1969,#2206,#2233,.T.);
#2233 = SURFACE_CURVE('',#2234,(#2239,#2249),.PCURVE_S1.);
#2234 = ELLIPSE('',#2235,21.039108716356,10.);
#2235 = AXIS2_PLACEMENT_3D('',#2236,#2237,#2238);
#2236 = CARTESIAN_POINT('',(842.,51.732374757949,306.19951010993));
#2237 = DIRECTION('',(1.,-0.,0.));
#2238 = DIRECTION('',(0.,3.455782293103E-02,-0.999402700054));
#2239 = PCURVE('',#1898,#2240);
#2240 = DEFINITIONAL_REPRESENTATION('',(#2241),#2248);
#2241 = B_SPLINE_CURVE_WITH_KNOTS('',5,(#2242,#2243,#2244,#2245,#2246,
    #2247),.UNSPECIFIED.,.F.,.F.,(6,6),(6.266751453362,6.596032494938),
  .PIECEWISE_BEZIER_KNOTS.);
#2242 = CARTESIAN_POINT('',(-8.881784197001E-16,239.93364120942));
#2243 = CARTESIAN_POINT('',(6.585620831527E-02,239.95367385095));
#2244 = CARTESIAN_POINT('',(0.131712416631,239.87336897274));
#2245 = CARTESIAN_POINT('',(0.197568624946,239.69254089884));
#2246 = CARTESIAN_POINT('',(0.263424833261,239.41283811251));
#2247 = CARTESIAN_POINT('',(0.329281041576,239.03765521162));
#2248 = ( GEOMETRIC_REPRESENTATION_CONTEXT(2) 
PARAMETRIC_REPRESENTATION_CONTEXT() REPRESENTATION_CONTEXT('2D SPACE',''
  ) );
#2249 = PCURVE('',#2011,#2250);
#2250 = DEFINITIONAL_REPRESENTATION('',(#2251),#2255);
#2251 = ELLIPSE('',#2252,21.039108716356,10.);
#2252 = AXIS2_PLACEMENT_2D('',#2253,#2254);
#2253 = CARTESIAN_POINT('',(68.199510109934,-1.732374757949));
#2254 = DIRECTION('',(-0.999402700054,-3.455782293103E-02));
#2255 = ( GEOMETRIC_REPRESENTATION_CONTEXT(2) 
PARAMETRIC_REPRESENTATION_CONTEXT() REPRESENTATION_CONTEXT('2D SPACE',''
  ) );
#2256 = ORIENTED_EDGE('',*,*,#1968,.F.);
#2257 = ORIENTED_EDGE('',*,*,#2258,.F.);
#2258 = EDGE_CURVE('',#1791,#1918,#2259,.T.);
#2259 = SURFACE_CURVE('',#2260,(#2265,#2299),.PCURVE_S1.);
#2260 = ELLIPSE('',#2261,10.112947479974,10.);
#2261 = AXIS2_PLACEMENT_3D('',#2262,#2263,#2264);
#2262 = CARTESIAN_POINT('',(740.60067863253,45.24598487391,
    493.78411509638));
#2263 = DIRECTION('',(-0.342020143326,0.,0.939692620786));
#2264 = DIRECTION('',(0.919930605239,0.204005690972,0.334827357897));
#2265 = PCURVE('',#1898,#2266);
#2266 = DEFINITIONAL_REPRESENTATION('',(#2267),#2298);
#2267 = B_SPLINE_CURVE_WITH_KNOTS('',8,(#2268,#2269,#2270,#2271,#2272,
    #2273,#2274,#2275,#2276,#2277,#2278,#2279,#2280,#2281,#2282,#2283,
    #2284,#2285,#2286,#2287,#2288,#2289,#2290,#2291,#2292,#2293,#2294,
    #2295,#2296,#2297),.UNSPECIFIED.,.F.,.F.,(9,7,7,7,9),(2.938376298034
    ,4.509172624829,5.687269869925,7.454415737569,9.221561605214),
  .UNSPECIFIED.);
#2268 = CARTESIAN_POINT('',(6.28318530718,6.614154528949));
#2269 = CARTESIAN_POINT('',(6.08683576633,6.554427434623));
#2270 = CARTESIAN_POINT('',(5.890486225477,6.559742995852));
#2271 = CARTESIAN_POINT('',(5.69413668464,6.633609616467));
#2272 = CARTESIAN_POINT('',(5.497787143748,6.774188321877));
#2273 = CARTESIAN_POINT('',(5.301437602946,6.973851429291));
#2274 = CARTESIAN_POINT('',(5.105088062081,7.219869321832));
#2275 = CARTESIAN_POINT('',(4.908738521234,7.496318519832));
#2276 = CARTESIAN_POINT('',(4.565126824748,8.003559293375));
#2277 = CARTESIAN_POINT('',(4.417864669111,8.228487178706));
#2278 = CARTESIAN_POINT('',(4.270602513474,8.453770651312));
#2279 = CARTESIAN_POINT('',(4.123340357837,8.671876274748));
#2280 = CARTESIAN_POINT('',(3.976078202201,8.875422448632));
#2281 = CARTESIAN_POINT('',(3.828816046562,9.057714876847));
#2282 = CARTESIAN_POINT('',(3.681553890926,9.213207977996));
#2283 = CARTESIAN_POINT('',(3.313398501833,9.52464950681));
#2284 = CARTESIAN_POINT('',(3.092505268381,9.641952407935));
#2285 = CARTESIAN_POINT('',(2.871612034906,9.675799940069));
#2286 = CARTESIAN_POINT('',(2.650718801491,9.619537234488));
#2287 = CARTESIAN_POINT('',(2.429825567986,9.475925768398));
#2288 = CARTESIAN_POINT('',(2.208932334558,9.257415265416));
#2289 = CARTESIAN_POINT('',(1.9880391011,8.983402759495));
#2290 = CARTESIAN_POINT('',(1.546252634189,8.369984651742));
#2291 = CARTESIAN_POINT('',(1.325359400733,8.030578710401));
#2292 = CARTESIAN_POINT('',(1.104466167277,7.681282721067));
#2293 = CARTESIAN_POINT('',(0.88357293382,7.34829492955));
#2294 = CARTESIAN_POINT('',(0.662679700367,7.057694770458));
#2295 = CARTESIAN_POINT('',(0.44178646691,6.830860274334));
#2296 = CARTESIAN_POINT('',(0.220893233456,6.681347510065));
#2297 = CARTESIAN_POINT('',(7.815970093361E-15,6.614154528949));
#2298 = ( GEOMETRIC_REPRESENTATION_CONTEXT(2) 
PARAMETRIC_REPRESENTATION_CONTEXT() REPRESENTATION_CONTEXT('2D SPACE',''
  ) );
#2299 = PCURVE('',#94,#2300);
#2300 = DEFINITIONAL_REPRESENTATION('',(#2301),#2305);
#2301 = ELLIPSE('',#2302,10.112947479974,10.);
#2302 = AXIS2_PLACEMENT_2D('',#2303,#2304);
#2303 = CARTESIAN_POINT('',(21.180416769936,100.24598487391));
#2304 = DIRECTION('',(0.978969702315,0.204005690972));
#2305 = ( GEOMETRIC_REPRESENTATION_CONTEXT(2) 
PARAMETRIC_REPRESENTATION_CONTEXT() REPRESENTATION_CONTEXT('2D SPACE',''
  ) );
#2306 = ORIENTED_EDGE('',*,*,#1883,.T.);
#2307 = ADVANCED_FACE('',(#2308),#2072,.T.);
#2308 = FACE_BOUND('',#2309,.T.);
#2309 = EDGE_LOOP('',(#2310,#2311));
#2310 = ORIENTED_EDGE('',*,*,#2055,.T.);
#2311 = ORIENTED_EDGE('',*,*,#2312,.T.);
#2312 = EDGE_CURVE('',#2024,#2056,#2313,.T.);
#2313 = SURFACE_CURVE('',#2314,(#2318,#2324),.PCURVE_S1.);
#2314 = LINE('',#2315,#2316);
#2315 = CARTESIAN_POINT('',(850.9178415103,50.,282.24748542698));
#2316 = VECTOR('',#2317,1.);
#2317 = DIRECTION('',(0.879702123958,0.,0.47552515507));
#2318 = PCURVE('',#2072,#2319);
#2319 = DEFINITIONAL_REPRESENTATION('',(#2320),#2323);
#2320 = B_SPLINE_CURVE_WITH_KNOTS('',1,(#2321,#2322),.UNSPECIFIED.,.F.,
  .F.,(2,2),(-6.455253866149,13.544746133851),.PIECEWISE_BEZIER_KNOTS.);
#2321 = CARTESIAN_POINT('',(10.,-2.501156358718));
#2322 = CARTESIAN_POINT('',(-10.,-2.501156358718));
#2323 = ( GEOMETRIC_REPRESENTATION_CONTEXT(2) 
PARAMETRIC_REPRESENTATION_CONTEXT() REPRESENTATION_CONTEXT('2D SPACE',''
  ) );
#2324 = PCURVE('',#2043,#2325);
#2325 = DEFINITIONAL_REPRESENTATION('',(#2326),#2329);
#2326 = B_SPLINE_CURVE_WITH_KNOTS('',1,(#2327,#2328),.UNSPECIFIED.,.F.,
  .F.,(2,2),(-6.455253866149,13.544746133851),.PIECEWISE_BEZIER_KNOTS.);
#2327 = CARTESIAN_POINT('',(11.983897125173,16.049102640833));
#2328 = CARTESIAN_POINT('',(-5.610145353985,25.559605742225));
#2329 = ( GEOMETRIC_REPRESENTATION_CONTEXT(2) 
PARAMETRIC_REPRESENTATION_CONTEXT() REPRESENTATION_CONTEXT('2D SPACE',''
  ) );
#2330 = ADVANCED_FACE('',(#2331,#2573),#2043,.F.);
#2331 = FACE_BOUND('',#2332,.F.);
#2332 = EDGE_LOOP('',(#2333,#2361,#2389,#2410,#2411,#2412,#2413,#2436,
    #2464,#2492,#2520,#2546));
#2333 = ORIENTED_EDGE('',*,*,#2334,.T.);
#2334 = EDGE_CURVE('',#2335,#2337,#2339,.T.);
#2335 = VERTEX_POINT('',#2336);
#2336 = CARTESIAN_POINT('',(855.,50.,250.));
#2337 = VERTEX_POINT('',#2338);
#2338 = CARTESIAN_POINT('',(855.,50.,238.));
#2339 = SURFACE_CURVE('',#2340,(#2344,#2350),.PCURVE_S1.);
#2340 = LINE('',#2341,#2342);
#2341 = CARTESIAN_POINT('',(855.,50.,248.56437359521));
#2342 = VECTOR('',#2343,1.);
#2343 = DIRECTION('',(0.,0.,-1.));
#2344 = PCURVE('',#2043,#2345);
#2345 = DEFINITIONAL_REPRESENTATION('',(#2346),#2349);
#2346 = B_SPLINE_CURVE_WITH_KNOTS('',1,(#2347,#2348),.UNSPECIFIED.,.F.,
  .F.,(2,2),(-1.435626404781,10.564373595219),.PIECEWISE_BEZIER_KNOTS.);
#2347 = CARTESIAN_POINT('',(2.223038098743,-13.12874719043));
#2348 = CARTESIAN_POINT('',(2.223038098743,-25.12874719043));
#2349 = ( GEOMETRIC_REPRESENTATION_CONTEXT(2) 
PARAMETRIC_REPRESENTATION_CONTEXT() REPRESENTATION_CONTEXT('2D SPACE',''
  ) );
#2350 = PCURVE('',#2351,#2356);
#2351 = PLANE('',#2352);
#2352 = AXIS2_PLACEMENT_3D('',#2353,#2354,#2355);
#2353 = CARTESIAN_POINT('',(855.,42.5,234.));
#2354 = DIRECTION('',(1.,0.,-0.));
#2355 = DIRECTION('',(0.,0.,1.));
#2356 = DEFINITIONAL_REPRESENTATION('',(#2357),#2360);
#2357 = B_SPLINE_CURVE_WITH_KNOTS('',1,(#2358,#2359),.UNSPECIFIED.,.F.,
  .F.,(2,2),(-1.435626404781,10.564373595219),.PIECEWISE_BEZIER_KNOTS.);
#2358 = CARTESIAN_POINT('',(16.,-7.5));
#2359 = CARTESIAN_POINT('',(4.,-7.5));
#2360 = ( GEOMETRIC_REPRESENTATION_CONTEXT(2) 
PARAMETRIC_REPRESENTATION_CONTEXT() REPRESENTATION_CONTEXT('2D SPACE',''
  ) );
#2361 = ORIENTED_EDGE('',*,*,#2362,.T.);
#2362 = EDGE_CURVE('',#2337,#2363,#2365,.T.);
#2363 = VERTEX_POINT('',#2364);
#2364 = CARTESIAN_POINT('',(842.,50.,238.));
#2365 = SURFACE_CURVE('',#2366,(#2370,#2377),.PCURVE_S1.);
#2366 = LINE('',#2367,#2368);
#2367 = CARTESIAN_POINT('',(874.,50.,238.));
#2368 = VECTOR('',#2369,1.);
#2369 = DIRECTION('',(-1.,0.,0.));
#2370 = PCURVE('',#2043,#2371);
#2371 = DEFINITIONAL_REPRESENTATION('',(#2372),#2376);
#2372 = LINE('',#2373,#2374);
#2373 = CARTESIAN_POINT('',(-16.77696190125,-25.12874719043));
#2374 = VECTOR('',#2375,1.);
#2375 = DIRECTION('',(1.,0.));
#2376 = ( GEOMETRIC_REPRESENTATION_CONTEXT(2) 
PARAMETRIC_REPRESENTATION_CONTEXT() REPRESENTATION_CONTEXT('2D SPACE',''
  ) );
#2377 = PCURVE('',#2378,#2383);
#2378 = PLANE('',#2379);
#2379 = AXIS2_PLACEMENT_3D('',#2380,#2381,#2382);
#2380 = CARTESIAN_POINT('',(874.,50.,238.));
#2381 = DIRECTION('',(0.,0.,1.));
#2382 = DIRECTION('',(-1.,0.,0.));
#2383 = DEFINITIONAL_REPRESENTATION('',(#2384),#2388);
#2384 = LINE('',#2385,#2386);
#2385 = CARTESIAN_POINT('',(0.,0.));
#2386 = VECTOR('',#2387,1.);
#2387 = DIRECTION('',(1.,0.));
#2388 = ( GEOMETRIC_REPRESENTATION_CONTEXT(2) 
PARAMETRIC_REPRESENTATION_CONTEXT() REPRESENTATION_CONTEXT('2D SPACE',''
  ) );
#2389 = ORIENTED_EDGE('',*,*,#2390,.T.);
#2390 = EDGE_CURVE('',#2363,#1992,#2391,.T.);
#2391 = SURFACE_CURVE('',#2392,(#2396,#2403),.PCURVE_S1.);
#2392 = LINE('',#2393,#2394);
#2393 = CARTESIAN_POINT('',(842.,50.,238.));
#2394 = VECTOR('',#2395,1.);
#2395 = DIRECTION('',(0.,0.,1.));
#2396 = PCURVE('',#2043,#2397);
#2397 = DEFINITIONAL_REPRESENTATION('',(#2398),#2402);
#2398 = LINE('',#2399,#2400);
#2399 = CARTESIAN_POINT('',(15.223038098743,-25.12874719043));
#2400 = VECTOR('',#2401,1.);
#2401 = DIRECTION('',(0.,1.));
#2402 = ( GEOMETRIC_REPRESENTATION_CONTEXT(2) 
PARAMETRIC_REPRESENTATION_CONTEXT() REPRESENTATION_CONTEXT('2D SPACE',''
  ) );
#2403 = PCURVE('',#2011,#2404);
#2404 = DEFINITIONAL_REPRESENTATION('',(#2405),#2409);
#2405 = LINE('',#2406,#2407);
#2406 = CARTESIAN_POINT('',(0.,0.));
#2407 = VECTOR('',#2408,1.);
#2408 = DIRECTION('',(1.,0.));
#2409 = ( GEOMETRIC_REPRESENTATION_CONTEXT(2) 
PARAMETRIC_REPRESENTATION_CONTEXT() REPRESENTATION_CONTEXT('2D SPACE',''
  ) );
#2410 = ORIENTED_EDGE('',*,*,#2023,.F.);
#2411 = ORIENTED_EDGE('',*,*,#2312,.T.);
#2412 = ORIENTED_EDGE('',*,*,#2084,.F.);
#2413 = ORIENTED_EDGE('',*,*,#2414,.T.);
#2414 = EDGE_CURVE('',#2085,#2415,#2417,.T.);
#2415 = VERTEX_POINT('',#2416);
#2416 = CARTESIAN_POINT('',(868.,50.,290.));
#2417 = SURFACE_CURVE('',#2418,(#2422,#2429),.PCURVE_S1.);
#2418 = LINE('',#2419,#2420);
#2419 = CARTESIAN_POINT('',(842.,50.,290.));
#2420 = VECTOR('',#2421,1.);
#2421 = DIRECTION('',(1.,0.,0.));
#2422 = PCURVE('',#2043,#2423);
#2423 = DEFINITIONAL_REPRESENTATION('',(#2424),#2428);
#2424 = LINE('',#2425,#2426);
#2425 = CARTESIAN_POINT('',(15.223038098743,26.871252809561));
#2426 = VECTOR('',#2427,1.);
#2427 = DIRECTION('',(-1.,0.));
#2428 = ( GEOMETRIC_REPRESENTATION_CONTEXT(2) 
PARAMETRIC_REPRESENTATION_CONTEXT() REPRESENTATION_CONTEXT('2D SPACE',''
  ) );
#2429 = PCURVE('',#2132,#2430);
#2430 = DEFINITIONAL_REPRESENTATION('',(#2431),#2435);
#2431 = LINE('',#2432,#2433);
#2432 = CARTESIAN_POINT('',(0.,0.));
#2433 = VECTOR('',#2434,1.);
#2434 = DIRECTION('',(1.,0.));
#2435 = ( GEOMETRIC_REPRESENTATION_CONTEXT(2) 
PARAMETRIC_REPRESENTATION_CONTEXT() REPRESENTATION_CONTEXT('2D SPACE',''
  ) );
#2436 = ORIENTED_EDGE('',*,*,#2437,.T.);
#2437 = EDGE_CURVE('',#2415,#2438,#2440,.T.);
#2438 = VERTEX_POINT('',#2439);
#2439 = CARTESIAN_POINT('',(874.,50.,270.));
#2440 = SURFACE_CURVE('',#2441,(#2445,#2452),.PCURVE_S1.);
#2441 = LINE('',#2442,#2443);
#2442 = CARTESIAN_POINT('',(868.,50.,290.));
#2443 = VECTOR('',#2444,1.);
#2444 = DIRECTION('',(0.287347885566,0.,-0.957826285221));
#2445 = PCURVE('',#2043,#2446);
#2446 = DEFINITIONAL_REPRESENTATION('',(#2447),#2451);
#2447 = LINE('',#2448,#2449);
#2448 = CARTESIAN_POINT('',(-10.77696190125,26.871252809561));
#2449 = VECTOR('',#2450,1.);
#2450 = DIRECTION('',(-0.287347885566,-0.957826285221));
#2451 = ( GEOMETRIC_REPRESENTATION_CONTEXT(2) 
PARAMETRIC_REPRESENTATION_CONTEXT() REPRESENTATION_CONTEXT('2D SPACE',''
  ) );
#2452 = PCURVE('',#2453,#2458);
#2453 = PLANE('',#2454);
#2454 = AXIS2_PLACEMENT_3D('',#2455,#2456,#2457);
#2455 = CARTESIAN_POINT('',(868.,50.,290.));
#2456 = DIRECTION('',(-0.957826285221,0.,-0.287347885566));
#2457 = DIRECTION('',(0.287347885566,0.,-0.957826285221));
#2458 = DEFINITIONAL_REPRESENTATION('',(#2459),#2463);
#2459 = LINE('',#2460,#2461);
#2460 = CARTESIAN_POINT('',(0.,0.));
#2461 = VECTOR('',#2462,1.);
#2462 = DIRECTION('',(1.,0.));
#2463 = ( GEOMETRIC_REPRESENTATION_CONTEXT(2) 
PARAMETRIC_REPRESENTATION_CONTEXT() REPRESENTATION_CONTEXT('2D SPACE',''
  ) );
#2464 = ORIENTED_EDGE('',*,*,#2465,.T.);
#2465 = EDGE_CURVE('',#2438,#2466,#2468,.T.);
#2466 = VERTEX_POINT('',#2467);
#2467 = CARTESIAN_POINT('',(874.,50.,238.));
#2468 = SURFACE_CURVE('',#2469,(#2473,#2480),.PCURVE_S1.);
#2469 = LINE('',#2470,#2471);
#2470 = CARTESIAN_POINT('',(874.,50.,270.));
#2471 = VECTOR('',#2472,1.);
#2472 = DIRECTION('',(0.,0.,-1.));
#2473 = PCURVE('',#2043,#2474);
#2474 = DEFINITIONAL_REPRESENTATION('',(#2475),#2479);
#2475 = LINE('',#2476,#2477);
#2476 = CARTESIAN_POINT('',(-16.77696190125,6.871252809561));
#2477 = VECTOR('',#2478,1.);
#2478 = DIRECTION('',(0.,-1.));
#2479 = ( GEOMETRIC_REPRESENTATION_CONTEXT(2) 
PARAMETRIC_REPRESENTATION_CONTEXT() REPRESENTATION_CONTEXT('2D SPACE',''
  ) );
#2480 = PCURVE('',#2481,#2486);
#2481 = PLANE('',#2482);
#2482 = AXIS2_PLACEMENT_3D('',#2483,#2484,#2485);
#2483 = CARTESIAN_POINT('',(874.,50.,270.));
#2484 = DIRECTION('',(-1.,0.,0.));
#2485 = DIRECTION('',(0.,0.,-1.));
#2486 = DEFINITIONAL_REPRESENTATION('',(#2487),#2491);
#2487 = LINE('',#2488,#2489);
#2488 = CARTESIAN_POINT('',(0.,-0.));
#2489 = VECTOR('',#2490,1.);
#2490 = DIRECTION('',(1.,0.));
#2491 = ( GEOMETRIC_REPRESENTATION_CONTEXT(2) 
PARAMETRIC_REPRESENTATION_CONTEXT() REPRESENTATION_CONTEXT('2D SPACE',''
  ) );
#2492 = ORIENTED_EDGE('',*,*,#2493,.T.);
#2493 = EDGE_CURVE('',#2466,#2494,#2496,.T.);
#2494 = VERTEX_POINT('',#2495);
#2495 = CARTESIAN_POINT('',(865.,50.,238.));
#2496 = SURFACE_CURVE('',#2497,(#2501,#2508),.PCURVE_S1.);
#2497 = LINE('',#2498,#2499);
#2498 = CARTESIAN_POINT('',(874.,50.,238.));
#2499 = VECTOR('',#2500,1.);
#2500 = DIRECTION('',(-1.,0.,0.));
#2501 = PCURVE('',#2043,#2502);
#2502 = DEFINITIONAL_REPRESENTATION('',(#2503),#2507);
#2503 = LINE('',#2504,#2505);
#2504 = CARTESIAN_POINT('',(-16.77696190125,-25.12874719043));
#2505 = VECTOR('',#2506,1.);
#2506 = DIRECTION('',(1.,0.));
#2507 = ( GEOMETRIC_REPRESENTATION_CONTEXT(2) 
PARAMETRIC_REPRESENTATION_CONTEXT() REPRESENTATION_CONTEXT('2D SPACE',''
  ) );
#2508 = PCURVE('',#2509,#2514);
#2509 = PLANE('',#2510);
#2510 = AXIS2_PLACEMENT_3D('',#2511,#2512,#2513);
#2511 = CARTESIAN_POINT('',(874.,50.,238.));
#2512 = DIRECTION('',(0.,0.,1.));
#2513 = DIRECTION('',(-1.,0.,0.));
#2514 = DEFINITIONAL_REPRESENTATION('',(#2515),#2519);
#2515 = LINE('',#2516,#2517);
#2516 = CARTESIAN_POINT('',(0.,0.));
#2517 = VECTOR('',#2518,1.);
#2518 = DIRECTION('',(1.,0.));
#2519 = ( GEOMETRIC_REPRESENTATION_CONTEXT(2) 
PARAMETRIC_REPRESENTATION_CONTEXT() REPRESENTATION_CONTEXT('2D SPACE',''
  ) );
#2520 = ORIENTED_EDGE('',*,*,#2521,.F.);
#2521 = EDGE_CURVE('',#2522,#2494,#2524,.T.);
#2522 = VERTEX_POINT('',#2523);
#2523 = CARTESIAN_POINT('',(865.,50.,250.));
#2524 = SURFACE_CURVE('',#2525,(#2529,#2535),.PCURVE_S1.);
#2525 = LINE('',#2526,#2527);
#2526 = CARTESIAN_POINT('',(865.,50.,248.56437359521));
#2527 = VECTOR('',#2528,1.);
#2528 = DIRECTION('',(0.,0.,-1.));
#2529 = PCURVE('',#2043,#2530);
#2530 = DEFINITIONAL_REPRESENTATION('',(#2531),#2534);
#2531 = B_SPLINE_CURVE_WITH_KNOTS('',1,(#2532,#2533),.UNSPECIFIED.,.F.,
  .F.,(2,2),(-1.435626404781,10.564373595219),.PIECEWISE_BEZIER_KNOTS.);
#2532 = CARTESIAN_POINT('',(-7.776961901257,-13.12874719043));
#2533 = CARTESIAN_POINT('',(-7.776961901257,-25.12874719043));
#2534 = ( GEOMETRIC_REPRESENTATION_CONTEXT(2) 
PARAMETRIC_REPRESENTATION_CONTEXT() REPRESENTATION_CONTEXT('2D SPACE',''
  ) );
#2535 = PCURVE('',#2536,#2541);
#2536 = PLANE('',#2537);
#2537 = AXIS2_PLACEMENT_3D('',#2538,#2539,#2540);
#2538 = CARTESIAN_POINT('',(865.,42.5,234.));
#2539 = DIRECTION('',(1.,0.,-0.));
#2540 = DIRECTION('',(0.,0.,1.));
#2541 = DEFINITIONAL_REPRESENTATION('',(#2542),#2545);
#2542 = B_SPLINE_CURVE_WITH_KNOTS('',1,(#2543,#2544),.UNSPECIFIED.,.F.,
  .F.,(2,2),(-1.435626404781,10.564373595219),.PIECEWISE_BEZIER_KNOTS.);
#2543 = CARTESIAN_POINT('',(16.,-7.5));
#2544 = CARTESIAN_POINT('',(4.,-7.5));
#2545 = ( GEOMETRIC_REPRESENTATION_CONTEXT(2) 
PARAMETRIC_REPRESENTATION_CONTEXT() REPRESENTATION_CONTEXT('2D SPACE',''
  ) );
#2546 = ORIENTED_EDGE('',*,*,#2547,.F.);
#2547 = EDGE_CURVE('',#2335,#2522,#2548,.T.);
#2548 = SURFACE_CURVE('',#2549,(#2554,#2561),.PCURVE_S1.);
#2549 = CIRCLE('',#2550,5.);
#2550 = AXIS2_PLACEMENT_3D('',#2551,#2552,#2553);
#2551 = CARTESIAN_POINT('',(860.,50.,250.));
#2552 = DIRECTION('',(0.,1.,0.));
#2553 = DIRECTION('',(0.,-0.,1.));
#2554 = PCURVE('',#2043,#2555);
#2555 = DEFINITIONAL_REPRESENTATION('',(#2556),#2560);
#2556 = CIRCLE('',#2557,5.);
#2557 = AXIS2_PLACEMENT_2D('',#2558,#2559);
#2558 = CARTESIAN_POINT('',(-2.776961901257,-13.12874719043));
#2559 = DIRECTION('',(0.,1.));
#2560 = ( GEOMETRIC_REPRESENTATION_CONTEXT(2) 
PARAMETRIC_REPRESENTATION_CONTEXT() REPRESENTATION_CONTEXT('2D SPACE',''
  ) );
#2561 = PCURVE('',#2562,#2567);
#2562 = CYLINDRICAL_SURFACE('',#2563,5.);
#2563 = AXIS2_PLACEMENT_3D('',#2564,#2565,#2566);
#2564 = CARTESIAN_POINT('',(860.,42.5,250.));
#2565 = DIRECTION('',(0.,1.,0.));
#2566 = DIRECTION('',(0.,-0.,1.));
#2567 = DEFINITIONAL_REPRESENTATION('',(#2568),#2572);
#2568 = LINE('',#2569,#2570);
#2569 = CARTESIAN_POINT('',(0.,7.5));
#2570 = VECTOR('',#2571,1.);
#2571 = DIRECTION('',(1.,0.));
#2572 = ( GEOMETRIC_REPRESENTATION_CONTEXT(2) 
PARAMETRIC_REPRESENTATION_CONTEXT() REPRESENTATION_CONTEXT('2D SPACE',''
  ) );
#2573 = FACE_BOUND('',#2574,.F.);
#2574 = EDGE_LOOP('',(#2575));
#2575 = ORIENTED_EDGE('',*,*,#2576,.F.);
#2576 = EDGE_CURVE('',#2577,#2577,#2579,.T.);
#2577 = VERTEX_POINT('',#2578);
#2578 = CARTESIAN_POINT('',(866.,50.,276.75));
#2579 = SURFACE_CURVE('',#2580,(#2585,#2592),.PCURVE_S1.);
#2580 = CIRCLE('',#2581,2.75);
#2581 = AXIS2_PLACEMENT_3D('',#2582,#2583,#2584);
#2582 = CARTESIAN_POINT('',(866.,50.,274.));
#2583 = DIRECTION('',(0.,1.,0.));
#2584 = DIRECTION('',(0.,-0.,1.));
#2585 = PCURVE('',#2043,#2586);
#2586 = DEFINITIONAL_REPRESENTATION('',(#2587),#2591);
#2587 = CIRCLE('',#2588,2.75);
#2588 = AXIS2_PLACEMENT_2D('',#2589,#2590);
#2589 = CARTESIAN_POINT('',(-8.776961901257,10.871252809561));
#2590 = DIRECTION('',(0.,1.));
#2591 = ( GEOMETRIC_REPRESENTATION_CONTEXT(2) 
PARAMETRIC_REPRESENTATION_CONTEXT() REPRESENTATION_CONTEXT('2D SPACE',''
  ) );
#2592 = PCURVE('',#2593,#2598);
#2593 = CYLINDRICAL_SURFACE('',#2594,2.75);
#2594 = AXIS2_PLACEMENT_3D('',#2595,#2596,#2597);
#2595 = CARTESIAN_POINT('',(866.,42.5,274.));
#2596 = DIRECTION('',(0.,1.,0.));
#2597 = DIRECTION('',(0.,-0.,1.));
#2598 = DEFINITIONAL_REPRESENTATION('',(#2599),#2603);
#2599 = LINE('',#2600,#2601);
#2600 = CARTESIAN_POINT('',(0.,7.5));
#2601 = VECTOR('',#2602,1.);
#2602 = DIRECTION('',(1.,0.));
#2603 = ( GEOMETRIC_REPRESENTATION_CONTEXT(2) 
PARAMETRIC_REPRESENTATION_CONTEXT() REPRESENTATION_CONTEXT('2D SPACE',''
  ) );
#2604 = ADVANCED_FACE('',(#2605),#2593,.F.);
#2605 = FACE_BOUND('',#2606,.F.);
#2606 = EDGE_LOOP('',(#2607,#2631,#2652,#2653));
#2607 = ORIENTED_EDGE('',*,*,#2608,.F.);
#2608 = EDGE_CURVE('',#2609,#2609,#2611,.T.);
#2609 = VERTEX_POINT('',#2610);
#2610 = CARTESIAN_POINT('',(866.,55.,276.75));
#2611 = SURFACE_CURVE('',#2612,(#2617,#2624),.PCURVE_S1.);
#2612 = CIRCLE('',#2613,2.75);
#2613 = AXIS2_PLACEMENT_3D('',#2614,#2615,#2616);
#2614 = CARTESIAN_POINT('',(866.,55.,274.));
#2615 = DIRECTION('',(0.,1.,0.));
#2616 = DIRECTION('',(0.,-0.,1.));
#2617 = PCURVE('',#2593,#2618);
#2618 = DEFINITIONAL_REPRESENTATION('',(#2619),#2623);
#2619 = LINE('',#2620,#2621);
#2620 = CARTESIAN_POINT('',(0.,12.5));
#2621 = VECTOR('',#2622,1.);
#2622 = DIRECTION('',(1.,0.));
#2623 = ( GEOMETRIC_REPRESENTATION_CONTEXT(2) 
PARAMETRIC_REPRESENTATION_CONTEXT() REPRESENTATION_CONTEXT('2D SPACE',''
  ) );
#2624 = PCURVE('',#2164,#2625);
#2625 = DEFINITIONAL_REPRESENTATION('',(#2626),#2630);
#2626 = CIRCLE('',#2627,2.75);
#2627 = AXIS2_PLACEMENT_2D('',#2628,#2629);
#2628 = CARTESIAN_POINT('',(-8.776961901257,10.871252809561));
#2629 = DIRECTION('',(0.,1.));
#2630 = ( GEOMETRIC_REPRESENTATION_CONTEXT(2) 
PARAMETRIC_REPRESENTATION_CONTEXT() REPRESENTATION_CONTEXT('2D SPACE',''
  ) );
#2631 = ORIENTED_EDGE('',*,*,#2632,.F.);
#2632 = EDGE_CURVE('',#2577,#2609,#2633,.T.);
#2633 = SEAM_CURVE('',#2634,(#2638,#2645),.PCURVE_S1.);
#2634 = LINE('',#2635,#2636);
#2635 = CARTESIAN_POINT('',(866.,42.5,276.75));
#2636 = VECTOR('',#2637,1.);
#2637 = DIRECTION('',(0.,1.,0.));
#2638 = PCURVE('',#2593,#2639);
#2639 = DEFINITIONAL_REPRESENTATION('',(#2640),#2644);
#2640 = LINE('',#2641,#2642);
#2641 = CARTESIAN_POINT('',(6.28318530718,-0.));
#2642 = VECTOR('',#2643,1.);
#2643 = DIRECTION('',(0.,1.));
#2644 = ( GEOMETRIC_REPRESENTATION_CONTEXT(2) 
PARAMETRIC_REPRESENTATION_CONTEXT() REPRESENTATION_CONTEXT('2D SPACE',''
  ) );
#2645 = PCURVE('',#2593,#2646);
#2646 = DEFINITIONAL_REPRESENTATION('',(#2647),#2651);
#2647 = LINE('',#2648,#2649);
#2648 = CARTESIAN_POINT('',(0.,-0.));
#2649 = VECTOR('',#2650,1.);
#2650 = DIRECTION('',(0.,1.));
#2651 = ( GEOMETRIC_REPRESENTATION_CONTEXT(2) 
PARAMETRIC_REPRESENTATION_CONTEXT() REPRESENTATION_CONTEXT('2D SPACE',''
  ) );
#2652 = ORIENTED_EDGE('',*,*,#2576,.T.);
#2653 = ORIENTED_EDGE('',*,*,#2632,.T.);
#2654 = ADVANCED_FACE('',(#2655),#2378,.F.);
#2655 = FACE_BOUND('',#2656,.F.);
#2656 = EDGE_LOOP('',(#2657,#2658,#2679,#2702));
#2657 = ORIENTED_EDGE('',*,*,#2362,.F.);
#2658 = ORIENTED_EDGE('',*,*,#2659,.T.);
#2659 = EDGE_CURVE('',#2337,#2660,#2662,.T.);
#2660 = VERTEX_POINT('',#2661);
#2661 = CARTESIAN_POINT('',(855.,55.,238.));
#2662 = SURFACE_CURVE('',#2663,(#2667,#2673),.PCURVE_S1.);
#2663 = LINE('',#2664,#2665);
#2664 = CARTESIAN_POINT('',(855.,46.25,238.));
#2665 = VECTOR('',#2666,1.);
#2666 = DIRECTION('',(-0.,1.,0.));
#2667 = PCURVE('',#2378,#2668);
#2668 = DEFINITIONAL_REPRESENTATION('',(#2669),#2672);
#2669 = B_SPLINE_CURVE_WITH_KNOTS('',1,(#2670,#2671),.UNSPECIFIED.,.F.,
  .F.,(2,2),(3.75,8.75),.PIECEWISE_BEZIER_KNOTS.);
#2670 = CARTESIAN_POINT('',(19.,0.));
#2671 = CARTESIAN_POINT('',(19.,-5.));
#2672 = ( GEOMETRIC_REPRESENTATION_CONTEXT(2) 
PARAMETRIC_REPRESENTATION_CONTEXT() REPRESENTATION_CONTEXT('2D SPACE',''
  ) );
#2673 = PCURVE('',#2351,#2674);
#2674 = DEFINITIONAL_REPRESENTATION('',(#2675),#2678);
#2675 = B_SPLINE_CURVE_WITH_KNOTS('',1,(#2676,#2677),.UNSPECIFIED.,.F.,
  .F.,(2,2),(3.75,8.75),.PIECEWISE_BEZIER_KNOTS.);
#2676 = CARTESIAN_POINT('',(4.,-7.5));
#2677 = CARTESIAN_POINT('',(4.,-12.5));
#2678 = ( GEOMETRIC_REPRESENTATION_CONTEXT(2) 
PARAMETRIC_REPRESENTATION_CONTEXT() REPRESENTATION_CONTEXT('2D SPACE',''
  ) );
#2679 = ORIENTED_EDGE('',*,*,#2680,.T.);
#2680 = EDGE_CURVE('',#2660,#2681,#2683,.T.);
#2681 = VERTEX_POINT('',#2682);
#2682 = CARTESIAN_POINT('',(842.,55.,238.));
#2683 = SURFACE_CURVE('',#2684,(#2688,#2695),.PCURVE_S1.);
#2684 = LINE('',#2685,#2686);
#2685 = CARTESIAN_POINT('',(874.,55.,238.));
#2686 = VECTOR('',#2687,1.);
#2687 = DIRECTION('',(-1.,0.,0.));
#2688 = PCURVE('',#2378,#2689);
#2689 = DEFINITIONAL_REPRESENTATION('',(#2690),#2694);
#2690 = LINE('',#2691,#2692);
#2691 = CARTESIAN_POINT('',(0.,-5.));
#2692 = VECTOR('',#2693,1.);
#2693 = DIRECTION('',(1.,0.));
#2694 = ( GEOMETRIC_REPRESENTATION_CONTEXT(2) 
PARAMETRIC_REPRESENTATION_CONTEXT() REPRESENTATION_CONTEXT('2D SPACE',''
  ) );
#2695 = PCURVE('',#2164,#2696);
#2696 = DEFINITIONAL_REPRESENTATION('',(#2697),#2701);
#2697 = LINE('',#2698,#2699);
#2698 = CARTESIAN_POINT('',(-16.77696190125,-25.12874719043));
#2699 = VECTOR('',#2700,1.);
#2700 = DIRECTION('',(1.,0.));
#2701 = ( GEOMETRIC_REPRESENTATION_CONTEXT(2) 
PARAMETRIC_REPRESENTATION_CONTEXT() REPRESENTATION_CONTEXT('2D SPACE',''
  ) );
#2702 = ORIENTED_EDGE('',*,*,#2703,.F.);
#2703 = EDGE_CURVE('',#2363,#2681,#2704,.T.);
#2704 = SURFACE_CURVE('',#2705,(#2709,#2716),.PCURVE_S1.);
#2705 = LINE('',#2706,#2707);
#2706 = CARTESIAN_POINT('',(842.,50.,238.));
#2707 = VECTOR('',#2708,1.);
#2708 = DIRECTION('',(0.,1.,-0.));
#2709 = PCURVE('',#2378,#2710);
#2710 = DEFINITIONAL_REPRESENTATION('',(#2711),#2715);
#2711 = LINE('',#2712,#2713);
#2712 = CARTESIAN_POINT('',(32.,0.));
#2713 = VECTOR('',#2714,1.);
#2714 = DIRECTION('',(0.,-1.));
#2715 = ( GEOMETRIC_REPRESENTATION_CONTEXT(2) 
PARAMETRIC_REPRESENTATION_CONTEXT() REPRESENTATION_CONTEXT('2D SPACE',''
  ) );
#2716 = PCURVE('',#2011,#2717);
#2717 = DEFINITIONAL_REPRESENTATION('',(#2718),#2722);
#2718 = LINE('',#2719,#2720);
#2719 = CARTESIAN_POINT('',(0.,0.));
#2720 = VECTOR('',#2721,1.);
#2721 = DIRECTION('',(0.,-1.));
#2722 = ( GEOMETRIC_REPRESENTATION_CONTEXT(2) 
PARAMETRIC_REPRESENTATION_CONTEXT() REPRESENTATION_CONTEXT('2D SPACE',''
  ) );
#2723 = ADVANCED_FACE('',(#2724),#2453,.F.);
#2724 = FACE_BOUND('',#2725,.F.);
#2725 = EDGE_LOOP('',(#2726,#2749,#2772,#2793));
#2726 = ORIENTED_EDGE('',*,*,#2727,.T.);
#2727 = EDGE_CURVE('',#2415,#2728,#2730,.T.);
#2728 = VERTEX_POINT('',#2729);
#2729 = CARTESIAN_POINT('',(868.,55.,290.));
#2730 = SURFACE_CURVE('',#2731,(#2735,#2742),.PCURVE_S1.);
#2731 = LINE('',#2732,#2733);
#2732 = CARTESIAN_POINT('',(868.,50.,290.));
#2733 = VECTOR('',#2734,1.);
#2734 = DIRECTION('',(0.,1.,-0.));
#2735 = PCURVE('',#2453,#2736);
#2736 = DEFINITIONAL_REPRESENTATION('',(#2737),#2741);
#2737 = LINE('',#2738,#2739);
#2738 = CARTESIAN_POINT('',(0.,0.));
#2739 = VECTOR('',#2740,1.);
#2740 = DIRECTION('',(0.,-1.));
#2741 = ( GEOMETRIC_REPRESENTATION_CONTEXT(2) 
PARAMETRIC_REPRESENTATION_CONTEXT() REPRESENTATION_CONTEXT('2D SPACE',''
  ) );
#2742 = PCURVE('',#2132,#2743);
#2743 = DEFINITIONAL_REPRESENTATION('',(#2744),#2748);
#2744 = LINE('',#2745,#2746);
#2745 = CARTESIAN_POINT('',(26.,0.));
#2746 = VECTOR('',#2747,1.);
#2747 = DIRECTION('',(0.,-1.));
#2748 = ( GEOMETRIC_REPRESENTATION_CONTEXT(2) 
PARAMETRIC_REPRESENTATION_CONTEXT() REPRESENTATION_CONTEXT('2D SPACE',''
  ) );
#2749 = ORIENTED_EDGE('',*,*,#2750,.T.);
#2750 = EDGE_CURVE('',#2728,#2751,#2753,.T.);
#2751 = VERTEX_POINT('',#2752);
#2752 = CARTESIAN_POINT('',(874.,55.,270.));
#2753 = SURFACE_CURVE('',#2754,(#2758,#2765),.PCURVE_S1.);
#2754 = LINE('',#2755,#2756);
#2755 = CARTESIAN_POINT('',(868.,55.,290.));
#2756 = VECTOR('',#2757,1.);
#2757 = DIRECTION('',(0.287347885566,0.,-0.957826285221));
#2758 = PCURVE('',#2453,#2759);
#2759 = DEFINITIONAL_REPRESENTATION('',(#2760),#2764);
#2760 = LINE('',#2761,#2762);
#2761 = CARTESIAN_POINT('',(0.,-5.));
#2762 = VECTOR('',#2763,1.);
#2763 = DIRECTION('',(1.,0.));
#2764 = ( GEOMETRIC_REPRESENTATION_CONTEXT(2) 
PARAMETRIC_REPRESENTATION_CONTEXT() REPRESENTATION_CONTEXT('2D SPACE',''
  ) );
#2765 = PCURVE('',#2164,#2766);
#2766 = DEFINITIONAL_REPRESENTATION('',(#2767),#2771);
#2767 = LINE('',#2768,#2769);
#2768 = CARTESIAN_POINT('',(-10.77696190125,26.871252809561));
#2769 = VECTOR('',#2770,1.);
#2770 = DIRECTION('',(-0.287347885566,-0.957826285221));
#2771 = ( GEOMETRIC_REPRESENTATION_CONTEXT(2) 
PARAMETRIC_REPRESENTATION_CONTEXT() REPRESENTATION_CONTEXT('2D SPACE',''
  ) );
#2772 = ORIENTED_EDGE('',*,*,#2773,.F.);
#2773 = EDGE_CURVE('',#2438,#2751,#2774,.T.);
#2774 = SURFACE_CURVE('',#2775,(#2779,#2786),.PCURVE_S1.);
#2775 = LINE('',#2776,#2777);
#2776 = CARTESIAN_POINT('',(874.,50.,270.));
#2777 = VECTOR('',#2778,1.);
#2778 = DIRECTION('',(0.,1.,-0.));
#2779 = PCURVE('',#2453,#2780);
#2780 = DEFINITIONAL_REPRESENTATION('',(#2781),#2785);
#2781 = LINE('',#2782,#2783);
#2782 = CARTESIAN_POINT('',(20.880613017821,0.));
#2783 = VECTOR('',#2784,1.);
#2784 = DIRECTION('',(0.,-1.));
#2785 = ( GEOMETRIC_REPRESENTATION_CONTEXT(2) 
PARAMETRIC_REPRESENTATION_CONTEXT() REPRESENTATION_CONTEXT('2D SPACE',''
  ) );
#2786 = PCURVE('',#2481,#2787);
#2787 = DEFINITIONAL_REPRESENTATION('',(#2788),#2792);
#2788 = LINE('',#2789,#2790);
#2789 = CARTESIAN_POINT('',(0.,-0.));
#2790 = VECTOR('',#2791,1.);
#2791 = DIRECTION('',(0.,-1.));
#2792 = ( GEOMETRIC_REPRESENTATION_CONTEXT(2) 
PARAMETRIC_REPRESENTATION_CONTEXT() REPRESENTATION_CONTEXT('2D SPACE',''
  ) );
#2793 = ORIENTED_EDGE('',*,*,#2437,.F.);
#2794 = ADVANCED_FACE('',(#2795),#2481,.F.);
#2795 = FACE_BOUND('',#2796,.F.);
#2796 = EDGE_LOOP('',(#2797,#2798,#2821,#2842));
#2797 = ORIENTED_EDGE('',*,*,#2773,.T.);
#2798 = ORIENTED_EDGE('',*,*,#2799,.T.);
#2799 = EDGE_CURVE('',#2751,#2800,#2802,.T.);
#2800 = VERTEX_POINT('',#2801);
#2801 = CARTESIAN_POINT('',(874.,55.,238.));
#2802 = SURFACE_CURVE('',#2803,(#2807,#2814),.PCURVE_S1.);
#2803 = LINE('',#2804,#2805);
#2804 = CARTESIAN_POINT('',(874.,55.,270.));
#2805 = VECTOR('',#2806,1.);
#2806 = DIRECTION('',(0.,0.,-1.));
#2807 = PCURVE('',#2481,#2808);
#2808 = DEFINITIONAL_REPRESENTATION('',(#2809),#2813);
#2809 = LINE('',#2810,#2811);
#2810 = CARTESIAN_POINT('',(0.,-5.));
#2811 = VECTOR('',#2812,1.);
#2812 = DIRECTION('',(1.,0.));
#2813 = ( GEOMETRIC_REPRESENTATION_CONTEXT(2) 
PARAMETRIC_REPRESENTATION_CONTEXT() REPRESENTATION_CONTEXT('2D SPACE',''
  ) );
#2814 = PCURVE('',#2164,#2815);
#2815 = DEFINITIONAL_REPRESENTATION('',(#2816),#2820);
#2816 = LINE('',#2817,#2818);
#2817 = CARTESIAN_POINT('',(-16.77696190125,6.871252809561));
#2818 = VECTOR('',#2819,1.);
#2819 = DIRECTION('',(0.,-1.));
#2820 = ( GEOMETRIC_REPRESENTATION_CONTEXT(2) 
PARAMETRIC_REPRESENTATION_CONTEXT() REPRESENTATION_CONTEXT('2D SPACE',''
  ) );
#2821 = ORIENTED_EDGE('',*,*,#2822,.F.);
#2822 = EDGE_CURVE('',#2466,#2800,#2823,.T.);
#2823 = SURFACE_CURVE('',#2824,(#2828,#2835),.PCURVE_S1.);
#2824 = LINE('',#2825,#2826);
#2825 = CARTESIAN_POINT('',(874.,50.,238.));
#2826 = VECTOR('',#2827,1.);
#2827 = DIRECTION('',(0.,1.,-0.));
#2828 = PCURVE('',#2481,#2829);
#2829 = DEFINITIONAL_REPRESENTATION('',(#2830),#2834);
#2830 = LINE('',#2831,#2832);
#2831 = CARTESIAN_POINT('',(32.,0.));
#2832 = VECTOR('',#2833,1.);
#2833 = DIRECTION('',(0.,-1.));
#2834 = ( GEOMETRIC_REPRESENTATION_CONTEXT(2) 
PARAMETRIC_REPRESENTATION_CONTEXT() REPRESENTATION_CONTEXT('2D SPACE',''
  ) );
#2835 = PCURVE('',#2509,#2836);
#2836 = DEFINITIONAL_REPRESENTATION('',(#2837),#2841);
#2837 = LINE('',#2838,#2839);
#2838 = CARTESIAN_POINT('',(0.,0.));
#2839 = VECTOR('',#2840,1.);
#2840 = DIRECTION('',(0.,-1.));
#2841 = ( GEOMETRIC_REPRESENTATION_CONTEXT(2) 
PARAMETRIC_REPRESENTATION_CONTEXT() REPRESENTATION_CONTEXT('2D SPACE',''
  ) );
#2842 = ORIENTED_EDGE('',*,*,#2465,.F.);
#2843 = ADVANCED_FACE('',(#2844),#2509,.F.);
#2844 = FACE_BOUND('',#2845,.F.);
#2845 = EDGE_LOOP('',(#2846,#2847,#2848,#2871));
#2846 = ORIENTED_EDGE('',*,*,#2493,.F.);
#2847 = ORIENTED_EDGE('',*,*,#2822,.T.);
#2848 = ORIENTED_EDGE('',*,*,#2849,.T.);
#2849 = EDGE_CURVE('',#2800,#2850,#2852,.T.);
#2850 = VERTEX_POINT('',#2851);
#2851 = CARTESIAN_POINT('',(865.,55.,238.));
#2852 = SURFACE_CURVE('',#2853,(#2857,#2864),.PCURVE_S1.);
#2853 = LINE('',#2854,#2855);
#2854 = CARTESIAN_POINT('',(874.,55.,238.));
#2855 = VECTOR('',#2856,1.);
#2856 = DIRECTION('',(-1.,0.,0.));
#2857 = PCURVE('',#2509,#2858);
#2858 = DEFINITIONAL_REPRESENTATION('',(#2859),#2863);
#2859 = LINE('',#2860,#2861);
#2860 = CARTESIAN_POINT('',(0.,-5.));
#2861 = VECTOR('',#2862,1.);
#2862 = DIRECTION('',(1.,0.));
#2863 = ( GEOMETRIC_REPRESENTATION_CONTEXT(2) 
PARAMETRIC_REPRESENTATION_CONTEXT() REPRESENTATION_CONTEXT('2D SPACE',''
  ) );
#2864 = PCURVE('',#2164,#2865);
#2865 = DEFINITIONAL_REPRESENTATION('',(#2866),#2870);
#2866 = LINE('',#2867,#2868);
#2867 = CARTESIAN_POINT('',(-16.77696190125,-25.12874719043));
#2868 = VECTOR('',#2869,1.);
#2869 = DIRECTION('',(1.,0.));
#2870 = ( GEOMETRIC_REPRESENTATION_CONTEXT(2) 
PARAMETRIC_REPRESENTATION_CONTEXT() REPRESENTATION_CONTEXT('2D SPACE',''
  ) );
#2871 = ORIENTED_EDGE('',*,*,#2872,.F.);
#2872 = EDGE_CURVE('',#2494,#2850,#2873,.T.);
#2873 = SURFACE_CURVE('',#2874,(#2878,#2884),.PCURVE_S1.);
#2874 = LINE('',#2875,#2876);
#2875 = CARTESIAN_POINT('',(865.,46.25,238.));
#2876 = VECTOR('',#2877,1.);
#2877 = DIRECTION('',(-0.,1.,0.));
#2878 = PCURVE('',#2509,#2879);
#2879 = DEFINITIONAL_REPRESENTATION('',(#2880),#2883);
#2880 = B_SPLINE_CURVE_WITH_KNOTS('',1,(#2881,#2882),.UNSPECIFIED.,.F.,
  .F.,(2,2),(3.75,8.75),.PIECEWISE_BEZIER_KNOTS.);
#2881 = CARTESIAN_POINT('',(9.,0.));
#2882 = CARTESIAN_POINT('',(9.,-5.));
#2883 = ( GEOMETRIC_REPRESENTATION_CONTEXT(2) 
PARAMETRIC_REPRESENTATION_CONTEXT() REPRESENTATION_CONTEXT('2D SPACE',''
  ) );
#2884 = PCURVE('',#2536,#2885);
#2885 = DEFINITIONAL_REPRESENTATION('',(#2886),#2889);
#2886 = B_SPLINE_CURVE_WITH_KNOTS('',1,(#2887,#2888),.UNSPECIFIED.,.F.,
  .F.,(2,2),(3.75,8.75),.PIECEWISE_BEZIER_KNOTS.);
#2887 = CARTESIAN_POINT('',(4.,-7.5));
#2888 = CARTESIAN_POINT('',(4.,-12.5));
#2889 = ( GEOMETRIC_REPRESENTATION_CONTEXT(2) 
PARAMETRIC_REPRESENTATION_CONTEXT() REPRESENTATION_CONTEXT('2D SPACE',''
  ) );
#2890 = ADVANCED_FACE('',(#2891),#2536,.F.);
#2891 = FACE_BOUND('',#2892,.F.);
#2892 = EDGE_LOOP('',(#2893,#2915,#2916,#2917));
#2893 = ORIENTED_EDGE('',*,*,#2894,.F.);
#2894 = EDGE_CURVE('',#2522,#2895,#2897,.T.);
#2895 = VERTEX_POINT('',#2896);
#2896 = CARTESIAN_POINT('',(865.,55.,250.));
#2897 = SURFACE_CURVE('',#2898,(#2902,#2909),.PCURVE_S1.);
#2898 = LINE('',#2899,#2900);
#2899 = CARTESIAN_POINT('',(865.,42.5,250.));
#2900 = VECTOR('',#2901,1.);
#2901 = DIRECTION('',(-0.,1.,0.));
#2902 = PCURVE('',#2536,#2903);
#2903 = DEFINITIONAL_REPRESENTATION('',(#2904),#2908);
#2904 = LINE('',#2905,#2906);
#2905 = CARTESIAN_POINT('',(16.,0.));
#2906 = VECTOR('',#2907,1.);
#2907 = DIRECTION('',(0.,-1.));
#2908 = ( GEOMETRIC_REPRESENTATION_CONTEXT(2) 
PARAMETRIC_REPRESENTATION_CONTEXT() REPRESENTATION_CONTEXT('2D SPACE',''
  ) );
#2909 = PCURVE('',#2562,#2910);
#2910 = DEFINITIONAL_REPRESENTATION('',(#2911),#2914);
#2911 = B_SPLINE_CURVE_WITH_KNOTS('',1,(#2912,#2913),.UNSPECIFIED.,.F.,
  .F.,(2,2),(0.,20.),.PIECEWISE_BEZIER_KNOTS.);
#2912 = CARTESIAN_POINT('',(7.853981633974,0.));
#2913 = CARTESIAN_POINT('',(7.853981633974,20.));
#2914 = ( GEOMETRIC_REPRESENTATION_CONTEXT(2) 
PARAMETRIC_REPRESENTATION_CONTEXT() REPRESENTATION_CONTEXT('2D SPACE',''
  ) );
#2915 = ORIENTED_EDGE('',*,*,#2521,.T.);
#2916 = ORIENTED_EDGE('',*,*,#2872,.T.);
#2917 = ORIENTED_EDGE('',*,*,#2918,.F.);
#2918 = EDGE_CURVE('',#2895,#2850,#2919,.T.);
#2919 = SURFACE_CURVE('',#2920,(#2924,#2930),.PCURVE_S1.);
#2920 = LINE('',#2921,#2922);
#2921 = CARTESIAN_POINT('',(865.,55.,248.56437359521));
#2922 = VECTOR('',#2923,1.);
#2923 = DIRECTION('',(0.,0.,-1.));
#2924 = PCURVE('',#2536,#2925);
#2925 = DEFINITIONAL_REPRESENTATION('',(#2926),#2929);
#2926 = B_SPLINE_CURVE_WITH_KNOTS('',1,(#2927,#2928),.UNSPECIFIED.,.F.,
  .F.,(2,2),(-1.435626404781,10.564373595219),.PIECEWISE_BEZIER_KNOTS.);
#2927 = CARTESIAN_POINT('',(16.,-12.5));
#2928 = CARTESIAN_POINT('',(4.,-12.5));
#2929 = ( GEOMETRIC_REPRESENTATION_CONTEXT(2) 
PARAMETRIC_REPRESENTATION_CONTEXT() REPRESENTATION_CONTEXT('2D SPACE',''
  ) );
#2930 = PCURVE('',#2164,#2931);
#2931 = DEFINITIONAL_REPRESENTATION('',(#2932),#2935);
#2932 = B_SPLINE_CURVE_WITH_KNOTS('',1,(#2933,#2934),.UNSPECIFIED.,.F.,
  .F.,(2,2),(-1.435626404781,10.564373595219),.PIECEWISE_BEZIER_KNOTS.);
#2933 = CARTESIAN_POINT('',(-7.776961901257,-13.12874719043));
#2934 = CARTESIAN_POINT('',(-7.776961901257,-25.12874719043));
#2935 = ( GEOMETRIC_REPRESENTATION_CONTEXT(2) 
PARAMETRIC_REPRESENTATION_CONTEXT() REPRESENTATION_CONTEXT('2D SPACE',''
  ) );
#2936 = ADVANCED_FACE('',(#2937),#2562,.F.);
#2937 = FACE_BOUND('',#2938,.F.);
#2938 = EDGE_LOOP('',(#2939,#2940,#2941,#2965));
#2939 = ORIENTED_EDGE('',*,*,#2547,.T.);
#2940 = ORIENTED_EDGE('',*,*,#2894,.T.);
#2941 = ORIENTED_EDGE('',*,*,#2942,.F.);
#2942 = EDGE_CURVE('',#2943,#2895,#2945,.T.);
#2943 = VERTEX_POINT('',#2944);
#2944 = CARTESIAN_POINT('',(855.,55.,250.));
#2945 = SURFACE_CURVE('',#2946,(#2951,#2958),.PCURVE_S1.);
#2946 = CIRCLE('',#2947,5.);
#2947 = AXIS2_PLACEMENT_3D('',#2948,#2949,#2950);
#2948 = CARTESIAN_POINT('',(860.,55.,250.));
#2949 = DIRECTION('',(0.,1.,0.));
#2950 = DIRECTION('',(0.,-0.,1.));
#2951 = PCURVE('',#2562,#2952);
#2952 = DEFINITIONAL_REPRESENTATION('',(#2953),#2957);
#2953 = LINE('',#2954,#2955);
#2954 = CARTESIAN_POINT('',(0.,12.5));
#2955 = VECTOR('',#2956,1.);
#2956 = DIRECTION('',(1.,0.));
#2957 = ( GEOMETRIC_REPRESENTATION_CONTEXT(2) 
PARAMETRIC_REPRESENTATION_CONTEXT() REPRESENTATION_CONTEXT('2D SPACE',''
  ) );
#2958 = PCURVE('',#2164,#2959);
#2959 = DEFINITIONAL_REPRESENTATION('',(#2960),#2964);
#2960 = CIRCLE('',#2961,5.);
#2961 = AXIS2_PLACEMENT_2D('',#2962,#2963);
#2962 = CARTESIAN_POINT('',(-2.776961901257,-13.12874719043));
#2963 = DIRECTION('',(0.,1.));
#2964 = ( GEOMETRIC_REPRESENTATION_CONTEXT(2) 
PARAMETRIC_REPRESENTATION_CONTEXT() REPRESENTATION_CONTEXT('2D SPACE',''
  ) );
#2965 = ORIENTED_EDGE('',*,*,#2966,.F.);
#2966 = EDGE_CURVE('',#2335,#2943,#2967,.T.);
#2967 = SURFACE_CURVE('',#2968,(#2972,#2978),.PCURVE_S1.);
#2968 = LINE('',#2969,#2970);
#2969 = CARTESIAN_POINT('',(855.,42.5,250.));
#2970 = VECTOR('',#2971,1.);
#2971 = DIRECTION('',(-0.,1.,0.));
#2972 = PCURVE('',#2562,#2973);
#2973 = DEFINITIONAL_REPRESENTATION('',(#2974),#2977);
#2974 = B_SPLINE_CURVE_WITH_KNOTS('',1,(#2975,#2976),.UNSPECIFIED.,.F.,
  .F.,(2,2),(0.,20.),.PIECEWISE_BEZIER_KNOTS.);
#2975 = CARTESIAN_POINT('',(4.712388980385,0.));
#2976 = CARTESIAN_POINT('',(4.712388980385,20.));
#2977 = ( GEOMETRIC_REPRESENTATION_CONTEXT(2) 
PARAMETRIC_REPRESENTATION_CONTEXT() REPRESENTATION_CONTEXT('2D SPACE',''
  ) );
#2978 = PCURVE('',#2351,#2979);
#2979 = DEFINITIONAL_REPRESENTATION('',(#2980),#2984);
#2980 = LINE('',#2981,#2982);
#2981 = CARTESIAN_POINT('',(16.,0.));
#2982 = VECTOR('',#2983,1.);
#2983 = DIRECTION('',(0.,-1.));
#2984 = ( GEOMETRIC_REPRESENTATION_CONTEXT(2) 
PARAMETRIC_REPRESENTATION_CONTEXT() REPRESENTATION_CONTEXT('2D SPACE',''
  ) );
#2985 = ADVANCED_FACE('',(#2986),#2351,.T.);
#2986 = FACE_BOUND('',#2987,.T.);
#2987 = EDGE_LOOP('',(#2988,#2989,#2990,#2991));
#2988 = ORIENTED_EDGE('',*,*,#2966,.F.);
#2989 = ORIENTED_EDGE('',*,*,#2334,.T.);
#2990 = ORIENTED_EDGE('',*,*,#2659,.T.);
#2991 = ORIENTED_EDGE('',*,*,#2992,.F.);
#2992 = EDGE_CURVE('',#2943,#2660,#2993,.T.);
#2993 = SURFACE_CURVE('',#2994,(#2998,#3004),.PCURVE_S1.);
#2994 = LINE('',#2995,#2996);
#2995 = CARTESIAN_POINT('',(855.,55.,248.56437359521));
#2996 = VECTOR('',#2997,1.);
#2997 = DIRECTION('',(0.,0.,-1.));
#2998 = PCURVE('',#2351,#2999);
#2999 = DEFINITIONAL_REPRESENTATION('',(#3000),#3003);
#3000 = B_SPLINE_CURVE_WITH_KNOTS('',1,(#3001,#3002),.UNSPECIFIED.,.F.,
  .F.,(2,2),(-1.435626404781,10.564373595219),.PIECEWISE_BEZIER_KNOTS.);
#3001 = CARTESIAN_POINT('',(16.,-12.5));
#3002 = CARTESIAN_POINT('',(4.,-12.5));
#3003 = ( GEOMETRIC_REPRESENTATION_CONTEXT(2) 
PARAMETRIC_REPRESENTATION_CONTEXT() REPRESENTATION_CONTEXT('2D SPACE',''
  ) );
#3004 = PCURVE('',#2164,#3005);
#3005 = DEFINITIONAL_REPRESENTATION('',(#3006),#3009);
#3006 = B_SPLINE_CURVE_WITH_KNOTS('',1,(#3007,#3008),.UNSPECIFIED.,.F.,
  .F.,(2,2),(-1.435626404781,10.564373595219),.PIECEWISE_BEZIER_KNOTS.);
#3007 = CARTESIAN_POINT('',(2.223038098743,-13.12874719043));
#3008 = CARTESIAN_POINT('',(2.223038098743,-25.12874719043));
#3009 = ( GEOMETRIC_REPRESENTATION_CONTEXT(2) 
PARAMETRIC_REPRESENTATION_CONTEXT() REPRESENTATION_CONTEXT('2D SPACE',''
  ) );
#3010 = ADVANCED_FACE('',(#3011),#2132,.F.);
#3011 = FACE_BOUND('',#3012,.F.);
#3012 = EDGE_LOOP('',(#3013,#3014,#3015,#3036));
#3013 = ORIENTED_EDGE('',*,*,#2414,.F.);
#3014 = ORIENTED_EDGE('',*,*,#2111,.F.);
#3015 = ORIENTED_EDGE('',*,*,#3016,.T.);
#3016 = EDGE_CURVE('',#2112,#2728,#3017,.T.);
#3017 = SURFACE_CURVE('',#3018,(#3022,#3029),.PCURVE_S1.);
#3018 = LINE('',#3019,#3020);
#3019 = CARTESIAN_POINT('',(842.,55.,290.));
#3020 = VECTOR('',#3021,1.);
#3021 = DIRECTION('',(1.,0.,0.));
#3022 = PCURVE('',#2132,#3023);
#3023 = DEFINITIONAL_REPRESENTATION('',(#3024),#3028);
#3024 = LINE('',#3025,#3026);
#3025 = CARTESIAN_POINT('',(0.,-5.));
#3026 = VECTOR('',#3027,1.);
#3027 = DIRECTION('',(1.,0.));
#3028 = ( GEOMETRIC_REPRESENTATION_CONTEXT(2) 
PARAMETRIC_REPRESENTATION_CONTEXT() REPRESENTATION_CONTEXT('2D SPACE',''
  ) );
#3029 = PCURVE('',#2164,#3030);
#3030 = DEFINITIONAL_REPRESENTATION('',(#3031),#3035);
#3031 = LINE('',#3032,#3033);
#3032 = CARTESIAN_POINT('',(15.223038098743,26.871252809561));
#3033 = VECTOR('',#3034,1.);
#3034 = DIRECTION('',(-1.,0.));
#3035 = ( GEOMETRIC_REPRESENTATION_CONTEXT(2) 
PARAMETRIC_REPRESENTATION_CONTEXT() REPRESENTATION_CONTEXT('2D SPACE',''
  ) );
#3036 = ORIENTED_EDGE('',*,*,#2727,.F.);
#3037 = ADVANCED_FACE('',(#3038),#2193,.T.);
#3038 = FACE_BOUND('',#3039,.T.);
#3039 = EDGE_LOOP('',(#3040,#3059));
#3040 = ORIENTED_EDGE('',*,*,#3041,.F.);
#3041 = EDGE_CURVE('',#2177,#2145,#3042,.T.);
#3042 = SURFACE_CURVE('',#3043,(#3047,#3053),.PCURVE_S1.);
#3043 = LINE('',#3044,#3045);
#3044 = CARTESIAN_POINT('',(850.84551708401,55.,282.38128266305));
#3045 = VECTOR('',#3046,1.);
#3046 = DIRECTION('',(0.879702123958,0.,0.47552515507));
#3047 = PCURVE('',#2193,#3048);
#3048 = DEFINITIONAL_REPRESENTATION('',(#3049),#3052);
#3049 = B_SPLINE_CURVE_WITH_KNOTS('',1,(#3050,#3051),.UNSPECIFIED.,.F.,
  .F.,(2,2),(-6.455253866149,13.544746133851),.PIECEWISE_BEZIER_KNOTS.);
#3050 = CARTESIAN_POINT('',(10.,2.501156358718));
#3051 = CARTESIAN_POINT('',(-10.,2.501156358718));
#3052 = ( GEOMETRIC_REPRESENTATION_CONTEXT(2) 
PARAMETRIC_REPRESENTATION_CONTEXT() REPRESENTATION_CONTEXT('2D SPACE',''
  ) );
#3053 = PCURVE('',#2164,#3054);
#3054 = DEFINITIONAL_REPRESENTATION('',(#3055),#3058);
#3055 = B_SPLINE_CURVE_WITH_KNOTS('',1,(#3056,#3057),.UNSPECIFIED.,.F.,
  .F.,(2,2),(-6.455253866149,13.544746133851),.PIECEWISE_BEZIER_KNOTS.);
#3056 = CARTESIAN_POINT('',(12.05622155147,16.182899876898));
#3057 = CARTESIAN_POINT('',(-5.537820927688,25.693402978289));
#3058 = ( GEOMETRIC_REPRESENTATION_CONTEXT(2) 
PARAMETRIC_REPRESENTATION_CONTEXT() REPRESENTATION_CONTEXT('2D SPACE',''
  ) );
#3059 = ORIENTED_EDGE('',*,*,#2176,.T.);
#3060 = ADVANCED_FACE('',(#3061,#3095),#2164,.T.);
#3061 = FACE_BOUND('',#3062,.T.);
#3062 = EDGE_LOOP('',(#3063,#3064,#3065,#3086,#3087,#3088,#3089,#3090,
    #3091,#3092,#3093,#3094));
#3063 = ORIENTED_EDGE('',*,*,#2992,.T.);
#3064 = ORIENTED_EDGE('',*,*,#2680,.T.);
#3065 = ORIENTED_EDGE('',*,*,#3066,.T.);
#3066 = EDGE_CURVE('',#2681,#2206,#3067,.T.);
#3067 = SURFACE_CURVE('',#3068,(#3072,#3079),.PCURVE_S1.);
#3068 = LINE('',#3069,#3070);
#3069 = CARTESIAN_POINT('',(842.,55.,238.));
#3070 = VECTOR('',#3071,1.);
#3071 = DIRECTION('',(0.,0.,1.));
#3072 = PCURVE('',#2164,#3073);
#3073 = DEFINITIONAL_REPRESENTATION('',(#3074),#3078);
#3074 = LINE('',#3075,#3076);
#3075 = CARTESIAN_POINT('',(15.223038098743,-25.12874719043));
#3076 = VECTOR('',#3077,1.);
#3077 = DIRECTION('',(0.,1.));
#3078 = ( GEOMETRIC_REPRESENTATION_CONTEXT(2) 
PARAMETRIC_REPRESENTATION_CONTEXT() REPRESENTATION_CONTEXT('2D SPACE',''
  ) );
#3079 = PCURVE('',#2011,#3080);
#3080 = DEFINITIONAL_REPRESENTATION('',(#3081),#3085);
#3081 = LINE('',#3082,#3083);
#3082 = CARTESIAN_POINT('',(0.,-5.));
#3083 = VECTOR('',#3084,1.);
#3084 = DIRECTION('',(1.,0.));
#3085 = ( GEOMETRIC_REPRESENTATION_CONTEXT(2) 
PARAMETRIC_REPRESENTATION_CONTEXT() REPRESENTATION_CONTEXT('2D SPACE',''
  ) );
#3086 = ORIENTED_EDGE('',*,*,#2205,.F.);
#3087 = ORIENTED_EDGE('',*,*,#3041,.T.);
#3088 = ORIENTED_EDGE('',*,*,#2144,.F.);
#3089 = ORIENTED_EDGE('',*,*,#3016,.T.);
#3090 = ORIENTED_EDGE('',*,*,#2750,.T.);
#3091 = ORIENTED_EDGE('',*,*,#2799,.T.);
#3092 = ORIENTED_EDGE('',*,*,#2849,.T.);
#3093 = ORIENTED_EDGE('',*,*,#2918,.F.);
#3094 = ORIENTED_EDGE('',*,*,#2942,.F.);
#3095 = FACE_BOUND('',#3096,.T.);
#3096 = EDGE_LOOP('',(#3097));
#3097 = ORIENTED_EDGE('',*,*,#2608,.F.);
#3098 = ADVANCED_FACE('',(#3099),#2011,.F.);
#3099 = FACE_BOUND('',#3100,.F.);
#3100 = EDGE_LOOP('',(#3101,#3102,#3103,#3104,#3105));
#3101 = ORIENTED_EDGE('',*,*,#2390,.F.);
#3102 = ORIENTED_EDGE('',*,*,#2703,.T.);
#3103 = ORIENTED_EDGE('',*,*,#3066,.T.);
#3104 = ORIENTED_EDGE('',*,*,#2232,.F.);
#3105 = ORIENTED_EDGE('',*,*,#1991,.F.);
#3106 = ADVANCED_FACE('',(#3107,#3133),#1347,.T.);
#3107 = FACE_BOUND('',#3108,.T.);
#3108 = EDGE_LOOP('',(#3109,#3110,#3111,#3132));
#3109 = ORIENTED_EDGE('',*,*,#1464,.F.);
#3110 = ORIENTED_EDGE('',*,*,#1331,.T.);
#3111 = ORIENTED_EDGE('',*,*,#3112,.T.);
#3112 = EDGE_CURVE('',#1332,#1815,#3113,.T.);
#3113 = SURFACE_CURVE('',#3114,(#3118,#3125),.PCURVE_S1.);
#3114 = LINE('',#3115,#3116);
#3115 = CARTESIAN_POINT('',(752.81297982688,-55.,515.25587358263));
#3116 = VECTOR('',#3117,1.);
#3117 = DIRECTION('',(-0.,1.,0.));
#3118 = PCURVE('',#1347,#3119);
#3119 = DEFINITIONAL_REPRESENTATION('',(#3120),#3124);
#3120 = LINE('',#3121,#3122);
#3121 = CARTESIAN_POINT('',(40.,0.));
#3122 = VECTOR('',#3123,1.);
#3123 = DIRECTION('',(0.,1.));
#3124 = ( GEOMETRIC_REPRESENTATION_CONTEXT(2) 
PARAMETRIC_REPRESENTATION_CONTEXT() REPRESENTATION_CONTEXT('2D SPACE',''
  ) );
#3125 = PCURVE('',#1375,#3126);
#3126 = DEFINITIONAL_REPRESENTATION('',(#3127),#3131);
#3127 = LINE('',#3128,#3129);
#3128 = CARTESIAN_POINT('',(16.,0.));
#3129 = VECTOR('',#3130,1.);
#3130 = DIRECTION('',(0.,-1.));
#3131 = ( GEOMETRIC_REPRESENTATION_CONTEXT(2) 
PARAMETRIC_REPRESENTATION_CONTEXT() REPRESENTATION_CONTEXT('2D SPACE',''
  ) );
#3132 = ORIENTED_EDGE('',*,*,#1814,.F.);
#3133 = FACE_BOUND('',#3134,.T.);
#3134 = EDGE_LOOP('',(#3135));
#3135 = ORIENTED_EDGE('',*,*,#3136,.F.);
#3136 = EDGE_CURVE('',#3137,#3137,#3139,.T.);
#3137 = VERTEX_POINT('',#3138);
#3138 = CARTESIAN_POINT('',(745.95322369514,-3.110602869834E-15,
    512.75912653636));
#3139 = SURFACE_CURVE('',#3140,(#3145,#3152),.PCURVE_S1.);
#3140 = CIRCLE('',#3141,12.7);
#3141 = AXIS2_PLACEMENT_3D('',#3142,#3143,#3144);
#3142 = CARTESIAN_POINT('',(734.01912741116,0.,508.41547071612));
#3143 = DIRECTION('',(-0.342020143326,0.,0.939692620786));
#3144 = DIRECTION('',(0.939692620786,0.,0.342020143326));
#3145 = PCURVE('',#1347,#3146);
#3146 = DEFINITIONAL_REPRESENTATION('',(#3147),#3151);
#3147 = CIRCLE('',#3148,12.7);
#3148 = AXIS2_PLACEMENT_2D('',#3149,#3150);
#3149 = CARTESIAN_POINT('',(20.,55.));
#3150 = DIRECTION('',(1.,0.));
#3151 = ( GEOMETRIC_REPRESENTATION_CONTEXT(2) 
PARAMETRIC_REPRESENTATION_CONTEXT() REPRESENTATION_CONTEXT('2D SPACE',''
  ) );
#3152 = PCURVE('',#3153,#3158);
#3153 = CYLINDRICAL_SURFACE('',#3154,12.7);
#3154 = AXIS2_PLACEMENT_3D('',#3155,#3156,#3157);
#3155 = CARTESIAN_POINT('',(739.32043963271,0.,493.85023509394));
#3156 = DIRECTION('',(-0.342020143326,0.,0.939692620786));
#3157 = DIRECTION('',(0.939692620786,0.,0.342020143326));
#3158 = DEFINITIONAL_REPRESENTATION('',(#3159),#3163);
#3159 = LINE('',#3160,#3161);
#3160 = CARTESIAN_POINT('',(0.,15.5));
#3161 = VECTOR('',#3162,1.);
#3162 = DIRECTION('',(1.,0.));
#3163 = ( GEOMETRIC_REPRESENTATION_CONTEXT(2) 
PARAMETRIC_REPRESENTATION_CONTEXT() REPRESENTATION_CONTEXT('2D SPACE',''
  ) );
#3164 = ADVANCED_FACE('',(#3165),#3153,.T.);
#3165 = FACE_BOUND('',#3166,.T.);
#3166 = EDGE_LOOP('',(#3167,#3190,#3217,#3218));
#3167 = ORIENTED_EDGE('',*,*,#3168,.T.);
#3168 = EDGE_CURVE('',#3137,#3169,#3171,.T.);
#3169 = VERTEX_POINT('',#3170);
#3170 = CARTESIAN_POINT('',(670.70879216349,-3.110602869834E-15,
    719.49150310926));
#3171 = SEAM_CURVE('',#3172,(#3176,#3183),.PCURVE_S1.);
#3172 = LINE('',#3173,#3174);
#3173 = CARTESIAN_POINT('',(751.25453591669,-3.110602869834E-15,
    498.19389091417));
#3174 = VECTOR('',#3175,1.);
#3175 = DIRECTION('',(-0.342020143326,-1.232595164408E-32,0.939692620786
    ));
#3176 = PCURVE('',#3153,#3177);
#3177 = DEFINITIONAL_REPRESENTATION('',(#3178),#3182);
#3178 = LINE('',#3179,#3180);
#3179 = CARTESIAN_POINT('',(6.28318530718,-0.));
#3180 = VECTOR('',#3181,1.);
#3181 = DIRECTION('',(0.,1.));
#3182 = ( GEOMETRIC_REPRESENTATION_CONTEXT(2) 
PARAMETRIC_REPRESENTATION_CONTEXT() REPRESENTATION_CONTEXT('2D SPACE',''
  ) );
#3183 = PCURVE('',#3153,#3184);
#3184 = DEFINITIONAL_REPRESENTATION('',(#3185),#3189);
#3185 = LINE('',#3186,#3187);
#3186 = CARTESIAN_POINT('',(0.,-0.));
#3187 = VECTOR('',#3188,1.);
#3188 = DIRECTION('',(0.,1.));
#3189 = ( GEOMETRIC_REPRESENTATION_CONTEXT(2) 
PARAMETRIC_REPRESENTATION_CONTEXT() REPRESENTATION_CONTEXT('2D SPACE',''
  ) );
#3190 = ORIENTED_EDGE('',*,*,#3191,.F.);
#3191 = EDGE_CURVE('',#3169,#3169,#3192,.T.);
#3192 = SURFACE_CURVE('',#3193,(#3198,#3205),.PCURVE_S1.);
#3193 = CIRCLE('',#3194,12.7);
#3194 = AXIS2_PLACEMENT_3D('',#3195,#3196,#3197);
#3195 = CARTESIAN_POINT('',(658.77469587951,0.,715.14784728902));
#3196 = DIRECTION('',(-0.342020143326,0.,0.939692620786));
#3197 = DIRECTION('',(0.939692620786,0.,0.342020143326));
#3198 = PCURVE('',#3153,#3199);
#3199 = DEFINITIONAL_REPRESENTATION('',(#3200),#3204);
#3200 = LINE('',#3201,#3202);
#3201 = CARTESIAN_POINT('',(0.,235.5));
#3202 = VECTOR('',#3203,1.);
#3203 = DIRECTION('',(1.,0.));
#3204 = ( GEOMETRIC_REPRESENTATION_CONTEXT(2) 
PARAMETRIC_REPRESENTATION_CONTEXT() REPRESENTATION_CONTEXT('2D SPACE',''
  ) );
#3205 = PCURVE('',#3206,#3211);
#3206 = PLANE('',#3207);
#3207 = AXIS2_PLACEMENT_3D('',#3208,#3209,#3210);
#3208 = CARTESIAN_POINT('',(658.77469587951,0.,715.14784728902));
#3209 = DIRECTION('',(-0.342020143326,0.,0.939692620786));
#3210 = DIRECTION('',(0.939692620786,0.,0.342020143326));
#3211 = DEFINITIONAL_REPRESENTATION('',(#3212),#3216);
#3212 = CIRCLE('',#3213,12.7);
#3213 = AXIS2_PLACEMENT_2D('',#3214,#3215);
#3214 = CARTESIAN_POINT('',(0.,0.));
#3215 = DIRECTION('',(1.,0.));
#3216 = ( GEOMETRIC_REPRESENTATION_CONTEXT(2) 
PARAMETRIC_REPRESENTATION_CONTEXT() REPRESENTATION_CONTEXT('2D SPACE',''
  ) );
#3217 = ORIENTED_EDGE('',*,*,#3168,.F.);
#3218 = ORIENTED_EDGE('',*,*,#3136,.T.);
#3219 = ADVANCED_FACE('',(#3220,#3223),#3206,.T.);
#3220 = FACE_BOUND('',#3221,.T.);
#3221 = EDGE_LOOP('',(#3222));
#3222 = ORIENTED_EDGE('',*,*,#3191,.T.);
#3223 = FACE_BOUND('',#3224,.T.);
#3224 = EDGE_LOOP('',(#3225));
#3225 = ORIENTED_EDGE('',*,*,#3226,.F.);
#3226 = EDGE_CURVE('',#3227,#3227,#3229,.T.);
#3227 = VERTEX_POINT('',#3228);
#3228 = CARTESIAN_POINT('',(669.20528397024,-2.718715894107E-15,
    718.94427087994));
#3229 = SURFACE_CURVE('',#3230,(#3235,#3242),.PCURVE_S1.);
#3230 = CIRCLE('',#3231,11.1);
#3231 = AXIS2_PLACEMENT_3D('',#3232,#3233,#3234);
#3232 = CARTESIAN_POINT('',(658.77469587951,0.,715.14784728902));
#3233 = DIRECTION('',(-0.342020143326,0.,0.939692620786));
#3234 = DIRECTION('',(0.939692620786,0.,0.342020143326));
#3235 = PCURVE('',#3206,#3236);
#3236 = DEFINITIONAL_REPRESENTATION('',(#3237),#3241);
#3237 = CIRCLE('',#3238,11.1);
#3238 = AXIS2_PLACEMENT_2D('',#3239,#3240);
#3239 = CARTESIAN_POINT('',(0.,0.));
#3240 = DIRECTION('',(1.,0.));
#3241 = ( GEOMETRIC_REPRESENTATION_CONTEXT(2) 
PARAMETRIC_REPRESENTATION_CONTEXT() REPRESENTATION_CONTEXT('2D SPACE',''
  ) );
#3242 = PCURVE('',#3243,#3248);
#3243 = CYLINDRICAL_SURFACE('',#3244,11.1);
#3244 = AXIS2_PLACEMENT_3D('',#3245,#3246,#3247);
#3245 = CARTESIAN_POINT('',(739.32043963271,0.,493.85023509394));
#3246 = DIRECTION('',(-0.342020143326,0.,0.939692620786));
#3247 = DIRECTION('',(0.939692620786,0.,0.342020143326));
#3248 = DEFINITIONAL_REPRESENTATION('',(#3249),#3253);
#3249 = LINE('',#3250,#3251);
#3250 = CARTESIAN_POINT('',(0.,235.5));
#3251 = VECTOR('',#3252,1.);
#3252 = DIRECTION('',(1.,0.));
#3253 = ( GEOMETRIC_REPRESENTATION_CONTEXT(2) 
PARAMETRIC_REPRESENTATION_CONTEXT() REPRESENTATION_CONTEXT('2D SPACE',''
  ) );
#3254 = ADVANCED_FACE('',(#3255),#3243,.F.);
#3255 = FACE_BOUND('',#3256,.F.);
#3256 = EDGE_LOOP('',(#3257,#3280,#3281,#3282));
#3257 = ORIENTED_EDGE('',*,*,#3258,.T.);
#3258 = EDGE_CURVE('',#3259,#3227,#3261,.T.);
#3259 = VERTEX_POINT('',#3260);
#3260 = CARTESIAN_POINT('',(744.44971550188,-2.718715894107E-15,
    512.21189430704));
#3261 = SEAM_CURVE('',#3262,(#3266,#3273),.PCURVE_S1.);
#3262 = LINE('',#3263,#3264);
#3263 = CARTESIAN_POINT('',(749.75102772343,-2.718715894107E-15,
    497.64665868485));
#3264 = VECTOR('',#3265,1.);
#3265 = DIRECTION('',(-0.342020143326,-1.232595164408E-32,0.939692620786
    ));
#3266 = PCURVE('',#3243,#3267);
#3267 = DEFINITIONAL_REPRESENTATION('',(#3268),#3272);
#3268 = LINE('',#3269,#3270);
#3269 = CARTESIAN_POINT('',(6.28318530718,-0.));
#3270 = VECTOR('',#3271,1.);
#3271 = DIRECTION('',(0.,1.));
#3272 = ( GEOMETRIC_REPRESENTATION_CONTEXT(2) 
PARAMETRIC_REPRESENTATION_CONTEXT() REPRESENTATION_CONTEXT('2D SPACE',''
  ) );
#3273 = PCURVE('',#3243,#3274);
#3274 = DEFINITIONAL_REPRESENTATION('',(#3275),#3279);
#3275 = LINE('',#3276,#3277);
#3276 = CARTESIAN_POINT('',(0.,-0.));
#3277 = VECTOR('',#3278,1.);
#3278 = DIRECTION('',(0.,1.));
#3279 = ( GEOMETRIC_REPRESENTATION_CONTEXT(2) 
PARAMETRIC_REPRESENTATION_CONTEXT() REPRESENTATION_CONTEXT('2D SPACE',''
  ) );
#3280 = ORIENTED_EDGE('',*,*,#3226,.F.);
#3281 = ORIENTED_EDGE('',*,*,#3258,.F.);
#3282 = ORIENTED_EDGE('',*,*,#3283,.T.);
#3283 = EDGE_CURVE('',#3259,#3259,#3284,.T.);
#3284 = SURFACE_CURVE('',#3285,(#3290,#3297),.PCURVE_S1.);
#3285 = CIRCLE('',#3286,11.1);
#3286 = AXIS2_PLACEMENT_3D('',#3287,#3288,#3289);
#3287 = CARTESIAN_POINT('',(734.01912741116,0.,508.41547071612));
#3288 = DIRECTION('',(-0.342020143326,0.,0.939692620786));
#3289 = DIRECTION('',(0.939692620786,0.,0.342020143326));
#3290 = PCURVE('',#3243,#3291);
#3291 = DEFINITIONAL_REPRESENTATION('',(#3292),#3296);
#3292 = LINE('',#3293,#3294);
#3293 = CARTESIAN_POINT('',(0.,15.5));
#3294 = VECTOR('',#3295,1.);
#3295 = DIRECTION('',(1.,0.));
#3296 = ( GEOMETRIC_REPRESENTATION_CONTEXT(2) 
PARAMETRIC_REPRESENTATION_CONTEXT() REPRESENTATION_CONTEXT('2D SPACE',''
  ) );
#3297 = PCURVE('',#3298,#3303);
#3298 = PLANE('',#3299);
#3299 = AXIS2_PLACEMENT_3D('',#3300,#3301,#3302);
#3300 = CARTESIAN_POINT('',(715.22527499544,-55.,501.57506784961));
#3301 = DIRECTION('',(-0.342020143326,0.,0.939692620786));
#3302 = DIRECTION('',(0.939692620786,0.,0.342020143326));
#3303 = DEFINITIONAL_REPRESENTATION('',(#3304),#3308);
#3304 = CIRCLE('',#3305,11.1);
#3305 = AXIS2_PLACEMENT_2D('',#3306,#3307);
#3306 = CARTESIAN_POINT('',(20.,55.));
#3307 = DIRECTION('',(1.,0.));
#3308 = ( GEOMETRIC_REPRESENTATION_CONTEXT(2) 
PARAMETRIC_REPRESENTATION_CONTEXT() REPRESENTATION_CONTEXT('2D SPACE',''
  ) );
#3309 = ADVANCED_FACE('',(#3310),#3298,.T.);
#3310 = FACE_BOUND('',#3311,.T.);
#3311 = EDGE_LOOP('',(#3312));
#3312 = ORIENTED_EDGE('',*,*,#3283,.T.);
#3313 = ADVANCED_FACE('',(#3314,#3340),#1375,.T.);
#3314 = FACE_BOUND('',#3315,.T.);
#3315 = EDGE_LOOP('',(#3316,#3317,#3338,#3339));
#3316 = ORIENTED_EDGE('',*,*,#1359,.F.);
#3317 = ORIENTED_EDGE('',*,*,#3318,.T.);
#3318 = EDGE_CURVE('',#1360,#1838,#3319,.T.);
#3319 = SURFACE_CURVE('',#3320,(#3324,#3331),.PCURVE_S1.);
#3320 = LINE('',#3321,#3322);
#3321 = CARTESIAN_POINT('',(758.28530212009,-55.,500.22079165006));
#3322 = VECTOR('',#3323,1.);
#3323 = DIRECTION('',(-0.,1.,0.));
#3324 = PCURVE('',#1375,#3325);
#3325 = DEFINITIONAL_REPRESENTATION('',(#3326),#3330);
#3326 = LINE('',#3327,#3328);
#3327 = CARTESIAN_POINT('',(0.,0.));
#3328 = VECTOR('',#3329,1.);
#3329 = DIRECTION('',(0.,-1.));
#3330 = ( GEOMETRIC_REPRESENTATION_CONTEXT(2) 
PARAMETRIC_REPRESENTATION_CONTEXT() REPRESENTATION_CONTEXT('2D SPACE',''
  ) );
#3331 = PCURVE('',#94,#3332);
#3332 = DEFINITIONAL_REPRESENTATION('',(#3333),#3337);
#3333 = LINE('',#3334,#3335);
#3334 = CARTESIAN_POINT('',(40.,0.));
#3335 = VECTOR('',#3336,1.);
#3336 = DIRECTION('',(0.,1.));
#3337 = ( GEOMETRIC_REPRESENTATION_CONTEXT(2) 
PARAMETRIC_REPRESENTATION_CONTEXT() REPRESENTATION_CONTEXT('2D SPACE',''
  ) );
#3338 = ORIENTED_EDGE('',*,*,#1837,.T.);
#3339 = ORIENTED_EDGE('',*,*,#3112,.F.);
#3340 = FACE_BOUND('',#3341,.T.);
#3341 = EDGE_LOOP('',(#3342));
#3342 = ORIENTED_EDGE('',*,*,#3343,.F.);
#3343 = EDGE_CURVE('',#3344,#3344,#3346,.T.);
#3344 = VERTEX_POINT('',#3345);
#3345 = CARTESIAN_POINT('',(754.35207047184,8.572527594031E-16,
    511.0272567891));
#3346 = SURFACE_CURVE('',#3347,(#3352,#3359),.PCURVE_S1.);
#3347 = CIRCLE('',#3348,3.5);
#3348 = AXIS2_PLACEMENT_3D('',#3349,#3350,#3351);
#3349 = CARTESIAN_POINT('',(755.54914097348,0.,507.73833261635));
#3350 = DIRECTION('',(0.939692620786,0.,0.342020143326));
#3351 = DIRECTION('',(-0.342020143326,0.,0.939692620786));
#3352 = PCURVE('',#1375,#3353);
#3353 = DEFINITIONAL_REPRESENTATION('',(#3354),#3358);
#3354 = CIRCLE('',#3355,3.5);
#3355 = AXIS2_PLACEMENT_2D('',#3356,#3357);
#3356 = CARTESIAN_POINT('',(8.,-55.));
#3357 = DIRECTION('',(1.,0.));
#3358 = ( GEOMETRIC_REPRESENTATION_CONTEXT(2) 
PARAMETRIC_REPRESENTATION_CONTEXT() REPRESENTATION_CONTEXT('2D SPACE',''
  ) );
#3359 = PCURVE('',#3360,#3365);
#3360 = CYLINDRICAL_SURFACE('',#3361,3.5);
#3361 = AXIS2_PLACEMENT_3D('',#3362,#3363,#3364);
#3362 = CARTESIAN_POINT('',(699.16758372633,0.,487.21712401681));
#3363 = DIRECTION('',(0.939692620786,0.,0.342020143326));
#3364 = DIRECTION('',(-0.342020143326,0.,0.939692620786));
#3365 = DEFINITIONAL_REPRESENTATION('',(#3366),#3370);
#3366 = LINE('',#3367,#3368);
#3367 = CARTESIAN_POINT('',(0.,60.));
#3368 = VECTOR('',#3369,1.);
#3369 = DIRECTION('',(1.,0.));
#3370 = ( GEOMETRIC_REPRESENTATION_CONTEXT(2) 
PARAMETRIC_REPRESENTATION_CONTEXT() REPRESENTATION_CONTEXT('2D SPACE',''
  ) );
#3371 = ADVANCED_FACE('',(#3372),#3360,.F.);
#3372 = FACE_BOUND('',#3373,.F.);
#3373 = EDGE_LOOP('',(#3374,#3397,#3398,#3399));
#3374 = ORIENTED_EDGE('',*,*,#3375,.T.);
#3375 = EDGE_CURVE('',#3376,#3344,#3378,.T.);
#3376 = VERTEX_POINT('',#3377);
#3377 = CARTESIAN_POINT('',(747.49231434011,-1.126675055216E-15,
    508.53050974282));
#3378 = SEAM_CURVE('',#3379,(#3383,#3390),.PCURVE_S1.);
#3379 = LINE('',#3380,#3381);
#3380 = CARTESIAN_POINT('',(697.97051322469,8.572527594031E-16,
    490.50604818956));
#3381 = VECTOR('',#3382,1.);
#3382 = DIRECTION('',(0.939692620786,-1.232595164408E-32,0.342020143326)
  );
#3383 = PCURVE('',#3360,#3384);
#3384 = DEFINITIONAL_REPRESENTATION('',(#3385),#3389);
#3385 = LINE('',#3386,#3387);
#3386 = CARTESIAN_POINT('',(6.28318530718,-0.));
#3387 = VECTOR('',#3388,1.);
#3388 = DIRECTION('',(0.,1.));
#3389 = ( GEOMETRIC_REPRESENTATION_CONTEXT(2) 
PARAMETRIC_REPRESENTATION_CONTEXT() REPRESENTATION_CONTEXT('2D SPACE',''
  ) );
#3390 = PCURVE('',#3360,#3391);
#3391 = DEFINITIONAL_REPRESENTATION('',(#3392),#3396);
#3392 = LINE('',#3393,#3394);
#3393 = CARTESIAN_POINT('',(0.,-0.));
#3394 = VECTOR('',#3395,1.);
#3395 = DIRECTION('',(0.,1.));
#3396 = ( GEOMETRIC_REPRESENTATION_CONTEXT(2) 
PARAMETRIC_REPRESENTATION_CONTEXT() REPRESENTATION_CONTEXT('2D SPACE',''
  ) );
#3397 = ORIENTED_EDGE('',*,*,#3343,.F.);
#3398 = ORIENTED_EDGE('',*,*,#3375,.F.);
#3399 = ORIENTED_EDGE('',*,*,#3400,.F.);
#3400 = EDGE_CURVE('',#3376,#3376,#3401,.T.);
#3401 = SURFACE_CURVE('',#3402,(#3477,#3594),.PCURVE_S1.);
#3402 = B_SPLINE_CURVE_WITH_KNOTS('',7,(#3403,#3404,#3405,#3406,#3407,
    #3408,#3409,#3410,#3411,#3412,#3413,#3414,#3415,#3416,#3417,#3418,
    #3419,#3420,#3421,#3422,#3423,#3424,#3425,#3426,#3427,#3428,#3429,
    #3430,#3431,#3432,#3433,#3434,#3435,#3436,#3437,#3438,#3439,#3440,
    #3441,#3442,#3443,#3444,#3445,#3446,#3447,#3448,#3449,#3450,#3451,
    #3452,#3453,#3454,#3455,#3456,#3457,#3458,#3459,#3460,#3461,#3462,
    #3463,#3464,#3465,#3466,#3467,#3468,#3469,#3470,#3471,#3472,#3473,
    #3474,#3475,#3476),.UNSPECIFIED.,.T.,.F.,(8,6,6,6,6,6,6,6,6,6,6,6,8)
  ,(0.,9.003856898037E-02,0.276350170443,0.500086321598,0.669760524235,
    0.858830609951,1.,1.083509200826,1.275366846385,1.498408205362,
    1.667560783404,1.856047397562,1.996781137922),.UNSPECIFIED.);
#3403 = CARTESIAN_POINT('',(747.49231434011,4.286263797016E-16,
    508.53050974282));
#3404 = CARTESIAN_POINT('',(747.49231434011,0.171671453274,
    508.53050974282));
#3405 = CARTESIAN_POINT('',(747.49313022409,0.343038701088,
    508.52035251015));
#3406 = CARTESIAN_POINT('',(747.49475663408,0.512950229811,
    508.50010295176));
#3407 = CARTESIAN_POINT('',(747.49721188016,0.680266849328,
    508.47006975587));
#3408 = CARTESIAN_POINT('',(747.50053563391,0.843887355125,
    508.4308011738));
#3409 = CARTESIAN_POINT('',(747.50477376727,1.002773848774,
    508.38307965378));
#3410 = CARTESIAN_POINT('',(747.52066191329,1.472990547937,
    508.21376697666));
#3411 = CARTESIAN_POINT('',(747.53536709018,1.764942616562,
    508.06801178748));
#3412 = CARTESIAN_POINT('',(747.55448452362,2.030586887331,
    507.89734998937));
#3413 = CARTESIAN_POINT('',(747.57864498715,2.269639928872,
    507.70741076807));
#3414 = CARTESIAN_POINT('',(747.60834121737,2.48237436206,507.5029224609
    ));
#3415 = CARTESIAN_POINT('',(747.64387742409,2.669403826342,
    507.28784181821));
#3416 = CARTESIAN_POINT('',(747.73517857806,3.026287460869,
    506.79833989138));
#3417 = CARTESIAN_POINT('',(747.79382151159,3.186116198131,
    506.51934541182));
#3418 = CARTESIAN_POINT('',(747.86178358506,3.312420753144,
    506.23309793319));
#3419 = CARTESIAN_POINT('',(747.93929736359,3.406359845985,
    505.94298149088));
#3420 = CARTESIAN_POINT('',(748.02631759607,3.468752245293,
    505.65159616567));
#3421 = CARTESIAN_POINT('',(748.12251966467,3.5,505.36109020834));
#3422 = CARTESIAN_POINT('',(748.30665357655,3.5,504.85518644327));
#3423 = CARTESIAN_POINT('',(748.39088895009,3.482028402223,
    504.63881609832));
#3424 = CARTESIAN_POINT('',(748.47961572503,3.446103509625,
    504.42515452176));
#3425 = CARTESIAN_POINT('',(748.57237041883,3.392099389225,
    504.21505419479));
#3426 = CARTESIAN_POINT('',(748.66852580197,3.319763357355,
    504.00939681723));
#3427 = CARTESIAN_POINT('',(748.76725080053,3.228728729489,
    503.80915570314));
#3428 = CARTESIAN_POINT('',(748.9791228958,2.995719027965,
    503.39961458811));
#3429 = CARTESIAN_POINT('',(749.09267828945,2.849055520437,
    503.19179950771));
#3430 = CARTESIAN_POINT('',(749.20671830341,2.677735781341,
    502.99340548074));
#3431 = CARTESIAN_POINT('',(749.31935061196,2.480779186613,
    502.80628897925));
#3432 = CARTESIAN_POINT('',(749.42806803897,2.257174286622,
    502.63287072412));
#3433 = CARTESIAN_POINT('',(749.52955661982,2.006095792273,
    502.47628554239));
#3434 = CARTESIAN_POINT('',(749.68689125617,1.519099717995,
    502.23948520248));
#3435 = CARTESIAN_POINT('',(749.74835168362,1.293706893315,
    502.14912094972));
#3436 = CARTESIAN_POINT('',(749.80121984413,1.053197500438,
    502.07301820136));
#3437 = CARTESIAN_POINT('',(749.84302089734,0.800276827201,
    502.01376017227));
#3438 = CARTESIAN_POINT('',(749.87183571379,0.538106118462,
    501.97322821495));
#3439 = CARTESIAN_POINT('',(749.88645534339,0.270146650588,
    501.95266139732));
#3440 = CARTESIAN_POINT('',(749.88645534339,-0.159806108736,
    501.95266139732));
#3441 = CARTESIAN_POINT('',(749.88133931698,-0.319405637039,
    501.95985832307));
#3442 = CARTESIAN_POINT('',(749.87113104892,-0.477843135515,
    501.97421856898));
#3443 = CARTESIAN_POINT('',(749.85599070444,-0.634171820794,
    501.99557242856));
#3444 = CARTESIAN_POINT('',(749.83621189664,-0.787472327202,
    502.02361561501));
#3445 = CARTESIAN_POINT('',(749.8122113574,-0.936871250015,
    502.05790559762));
#3446 = CARTESIAN_POINT('',(749.72087170025,-1.413972471102,
    502.18962907662));
#3447 = CARTESIAN_POINT('',(749.6379759811,-1.720104885125,
    502.31087403264));
#3448 = CARTESIAN_POINT('',(749.54095906702,-1.998340986593,
    502.45614237273));
#3449 = CARTESIAN_POINT('',(749.43442092659,-2.248210802629,
    502.62106682989));
#3450 = CARTESIAN_POINT('',(749.32220940698,-2.469909880219,
    502.80193236213));
#3451 = CARTESIAN_POINT('',(749.20745424299,-2.664056681524,
    502.99552554006));
#3452 = CARTESIAN_POINT('',(748.95908282493,-3.026287460869,
    503.43569060955));
#3453 = CARTESIAN_POINT('',(748.82467172365,-3.186116198131,
    503.68710773134));
#3454 = CARTESIAN_POINT('',(748.69273735981,-3.312420753144,
    503.95007120045));
#3455 = CARTESIAN_POINT('',(748.56563310463,-3.406359845985,
    504.22213818537));
#3456 = CARTESIAN_POINT('',(748.44499559348,-3.468752245293,
    504.50128782178));
#3457 = CARTESIAN_POINT('',(748.33195702362,-3.5,504.78566579381));
#3458 = CARTESIAN_POINT('',(748.14782063129,-3.5,505.29157637386));
#3459 = CARTESIAN_POINT('',(748.07326844245,-3.482027258154,
    505.51147223717));
#3460 = CARTESIAN_POINT('',(748.00389916115,-3.44610187381,
    505.73217640128));
#3461 = CARTESIAN_POINT('',(747.93990471105,-3.392098429951,
    505.9527401853));
#3462 = CARTESIAN_POINT('',(747.88137074088,-3.31976377328,
    506.17208718181));
#3463 = CARTESIAN_POINT('',(747.82828601858,-3.228730026764,
    506.38893927841));
#3464 = CARTESIAN_POINT('',(747.7273409434,-2.995719027965,
    506.83885723638));
#3465 = CARTESIAN_POINT('',(747.68074846292,-2.849055520436,
    507.07104482397));
#3466 = CARTESIAN_POINT('',(747.64058295953,-2.677735781342,
    507.29632697386));
#3467 = CARTESIAN_POINT('',(747.60658814488,-2.480779186612,
    507.51206518243));
#3468 = CARTESIAN_POINT('',(747.57839942002,-2.257174286622,
    507.71479348815));
#3469 = CARTESIAN_POINT('',(747.55549316874,-2.006095792273,
    507.89998029878));
#3470 = CARTESIAN_POINT('',(747.52380616817,-1.519099717995,
    508.18251263812));
#3471 = CARTESIAN_POINT('',(747.51280256506,-1.293706893315,
    508.29124167306));
#3472 = CARTESIAN_POINT('',(747.50438402192,-1.053197500438,
    508.38352275907));
#3473 = CARTESIAN_POINT('',(747.49831515958,-0.800276827201,
    508.45578624204));
#3474 = CARTESIAN_POINT('',(747.49433514964,-0.538106118462,
    508.5053573297));
#3475 = CARTESIAN_POINT('',(747.49231434011,-0.270146650588,
    508.53050974282));
#3476 = CARTESIAN_POINT('',(747.49231434011,-1.33226762955E-15,
    508.53050974282));
#3477 = PCURVE('',#3360,#3478);
#3478 = DEFINITIONAL_REPRESENTATION('',(#3479),#3593);
#3479 = B_SPLINE_CURVE_WITH_KNOTS('',3,(#3480,#3481,#3482,#3483,#3484,
    #3485,#3486,#3487,#3488,#3489,#3490,#3491,#3492,#3493,#3494,#3495,
    #3496,#3497,#3498,#3499,#3500,#3501,#3502,#3503,#3504,#3505,#3506,
    #3507,#3508,#3509,#3510,#3511,#3512,#3513,#3514,#3515,#3516,#3517,
    #3518,#3519,#3520,#3521,#3522,#3523,#3524,#3525,#3526,#3527,#3528,
    #3529,#3530,#3531,#3532,#3533,#3534,#3535,#3536,#3537,#3538,#3539,
    #3540,#3541,#3542,#3543,#3544,#3545,#3546,#3547,#3548,#3549,#3550,
    #3551,#3552,#3553,#3554,#3555,#3556,#3557,#3558,#3559,#3560,#3561,
    #3562,#3563,#3564,#3565,#3566,#3567,#3568,#3569,#3570,#3571,#3572,
    #3573,#3574,#3575,#3576,#3577,#3578,#3579,#3580,#3581,#3582,#3583,
    #3584,#3585,#3586,#3587,#3588,#3589,#3590,#3591,#3592),
  .UNSPECIFIED.,.F.,.F.,(4,1,1,1,1,1,1,1,1,1,1,1,1,1,1,1,1,1,1,1,1,1,1,1
    ,1,1,1,1,1,1,1,1,1,1,1,1,1,1,1,1,1,1,1,1,1,1,1,1,1,1,1,1,1,1,1,1,1,1
    ,1,1,1,1,1,1,1,1,1,1,1,1,1,1,1,1,1,1,1,1,1,1,1,1,1,1,1,1,1,1,1,1,1,1
    ,1,1,1,1,1,1,1,1,1,1,1,1,1,1,1,1,1,1,4),(0.,1.815255579929E-02,
    3.630511159858E-02,5.445766739787E-02,7.261022319716E-02,
    9.076277899644E-02,0.108915334796,0.127067890595,0.145220446394,
    0.163373002194,0.181525557993,0.199678113792,0.217830669591,
    0.235983225391,0.25413578119,0.272288336989,0.290440892789,
    0.308593448588,0.326746004387,0.344898560186,0.363051115986,
    0.381203671785,0.399356227584,0.417508783384,0.435661339183,
    0.453813894982,0.471966450782,0.490119006581,0.50827156238,
    0.526424118179,0.544576673979,0.562729229778,0.580881785577,
    0.599034341377,0.617186897176,0.635339452975,0.653492008774,
    0.671644564574,0.689797120373,0.707949676172,0.726102231972,
    0.744254787771,0.76240734357,0.780559899369,0.798712455169,
    0.816865010968,0.835017566767,0.853170122567,0.871322678366,
    0.889475234165,0.907627789964,0.925780345764,0.943932901563,
    0.962085457362,0.980238013162,0.998390568961,1.01654312476,
    1.034695680559,1.052848236359,1.071000792158,1.089153347957,
    1.107305903757,1.125458459556,1.143611015355,1.161763571154,
    1.179916126954,1.198068682753,1.216221238552,1.234373794352,
    1.252526350151,1.27067890595,1.28883146175,1.306984017549,
    1.325136573348,1.343289129147,1.361441684947,1.379594240746,
    1.397746796545,1.415899352345,1.434051908144,1.452204463943,
    1.470357019742,1.488509575542,1.506662131341,1.52481468714,
    1.54296724294,1.561119798739,1.579272354538,1.597424910337,
    1.615577466137,1.633730021936,1.651882577735,1.670035133535,
    1.688187689334,1.706340245133,1.724492800932,1.742645356732,
    1.760797912531,1.77895046833,1.79710302413,1.815255579929,
    1.833408135728,1.851560691527,1.869713247327,1.887865803126,
    1.906018358925,1.924170914725,1.942323470524,1.960476026323,
    1.978628582122,1.996781137922),.QUASI_UNIFORM_KNOTS.);
#3480 = CARTESIAN_POINT('',(6.28318530718,52.7));
#3481 = CARTESIAN_POINT('',(6.260112277625,52.700011618362));
#3482 = CARTESIAN_POINT('',(6.214013515969,52.698449963341));
#3483 = CARTESIAN_POINT('',(6.145250491829,52.691608531899));
#3484 = CARTESIAN_POINT('',(6.07711007075,52.680470755226));
#3485 = CARTESIAN_POINT('',(6.009849831885,52.665425166264));
#3486 = CARTESIAN_POINT('',(5.943727955397,52.646957912138));
#3487 = CARTESIAN_POINT('',(5.879095915928,52.625685584845));
#3488 = CARTESIAN_POINT('',(5.815896833915,52.602138935011));
#3489 = CARTESIAN_POINT('',(5.75403370323,52.576809287687));
#3490 = CARTESIAN_POINT('',(5.693430902163,52.550171028864));
#3491 = CARTESIAN_POINT('',(5.634016006326,52.52267101012));
#3492 = CARTESIAN_POINT('',(5.575723371529,52.494727943147));
#3493 = CARTESIAN_POINT('',(5.518491877287,52.466729953921));
#3494 = CARTESIAN_POINT('',(5.462265318388,52.439033925717));
#3495 = CARTESIAN_POINT('',(5.406988723641,52.411963324357));
#3496 = CARTESIAN_POINT('',(5.352618715386,52.385813482863));
#3497 = CARTESIAN_POINT('',(5.299081983386,52.360831123447));
#3498 = CARTESIAN_POINT('',(5.24617970235,52.337178425742));
#3499 = CARTESIAN_POINT('',(5.193873598603,52.315069328313));
#3500 = CARTESIAN_POINT('',(5.142091603255,52.294677559586));
#3501 = CARTESIAN_POINT('',(5.090773987857,52.2761603497));
#3502 = CARTESIAN_POINT('',(5.039860361355,52.259653506858));
#3503 = CARTESIAN_POINT('',(4.989292602137,52.245274068166));
#3504 = CARTESIAN_POINT('',(4.939013597499,52.233120812549));
#3505 = CARTESIAN_POINT('',(4.888967092371,52.223275235038));
#3506 = CARTESIAN_POINT('',(4.839097442821,52.21580225728));
#3507 = CARTESIAN_POINT('',(4.789348677577,52.210750935193));
#3508 = CARTESIAN_POINT('',(4.739666359048,52.208154804875));
#3509 = CARTESIAN_POINT('',(4.689988788387,52.208033000988));
#3510 = CARTESIAN_POINT('',(4.640297372003,52.210387523457));
#3511 = CARTESIAN_POINT('',(4.590537563006,52.215201921671));
#3512 = CARTESIAN_POINT('',(4.540657280869,52.22244474732));
#3513 = CARTESIAN_POINT('',(4.490603661316,52.232068429051));
#3514 = CARTESIAN_POINT('',(4.440323596107,52.244009037521));
#3515 = CARTESIAN_POINT('',(4.389763114516,52.258185753055));
#3516 = CARTESIAN_POINT('',(4.338867456013,52.274500130382));
#3517 = CARTESIAN_POINT('',(4.287579269658,52.292835970361));
#3518 = CARTESIAN_POINT('',(4.235843237268,52.313056464543));
#3519 = CARTESIAN_POINT('',(4.183585947019,52.335011319838));
#3520 = CARTESIAN_POINT('',(4.130726740813,52.358532959115));
#3521 = CARTESIAN_POINT('',(4.077193244058,52.383427158175));
#3522 = CARTESIAN_POINT('',(4.022910329028,52.409475327813));
#3523 = CARTESIAN_POINT('',(3.9678022466,52.436431474597));
#3524 = CARTESIAN_POINT('',(3.911791411982,52.464020605556));
#3525 = CARTESIAN_POINT('',(3.854797355283,52.491937277987));
#3526 = CARTESIAN_POINT('',(3.796738143945,52.519843239317));
#3527 = CARTESIAN_POINT('',(3.737521316977,52.547370191123));
#3528 = CARTESIAN_POINT('',(3.677073580705,52.574105111073));
#3529 = CARTESIAN_POINT('',(3.615224877751,52.599642878518));
#3530 = CARTESIAN_POINT('',(3.551685360236,52.623567469049));
#3531 = CARTESIAN_POINT('',(3.486790128627,52.645196798274));
#3532 = CARTESIAN_POINT('',(3.420706267788,52.663951959783));
#3533 = CARTESIAN_POINT('',(3.353618586681,52.67929659313));
#3534 = CARTESIAN_POINT('',(3.285678127604,52.690774401619));
#3535 = CARTESIAN_POINT('',(3.217046729812,52.698016698219));
#3536 = CARTESIAN_POINT('',(3.147792995783,52.700758838015));
#3537 = CARTESIAN_POINT('',(3.078285245905,52.698838225305));
#3538 = CARTESIAN_POINT('',(3.009215670693,52.692332088513));
#3539 = CARTESIAN_POINT('',(2.940728286297,52.681477485887));
#3540 = CARTESIAN_POINT('',(2.873126437724,52.666649020965));
#3541 = CARTESIAN_POINT('',(2.806686511142,52.648342809628));
#3542 = CARTESIAN_POINT('',(2.741785706406,52.627189375419));
#3543 = CARTESIAN_POINT('',(2.67829911324,52.603703580191));
#3544 = CARTESIAN_POINT('',(2.616150960873,52.578387263723));
#3545 = CARTESIAN_POINT('',(2.555263085615,52.55171976799));
#3546 = CARTESIAN_POINT('',(2.495567085428,52.524155477003));
#3547 = CARTESIAN_POINT('',(2.436999805402,52.496120614193));
#3548 = CARTESIAN_POINT('',(2.379503319685,52.468011111401));
#3549 = CARTESIAN_POINT('',(2.323024625378,52.440191434323));
#3550 = CARTESIAN_POINT('',(2.267512647361,52.412992394023));
#3551 = CARTESIAN_POINT('',(2.212926669331,52.386715324259));
#3552 = CARTESIAN_POINT('',(2.159201948783,52.361614459078));
#3553 = CARTESIAN_POINT('',(2.106115163771,52.337843352312));
#3554 = CARTESIAN_POINT('',(2.053630923812,52.315620328411));
#3555 = CARTESIAN_POINT('',(2.001675511583,52.295120904184));
#3556 = CARTESIAN_POINT('',(1.950188824497,52.27650441288));
#3557 = CARTESIAN_POINT('',(1.899109803141,52.259908325008));
#3558 = CARTESIAN_POINT('',(1.848379773201,52.245451124782));
#3559 = CARTESIAN_POINT('',(1.797941066647,52.233232783856));
#3560 = CARTESIAN_POINT('',(1.747736894193,52.223335765529));
#3561 = CARTESIAN_POINT('',(1.697711087512,52.215825743757));
#3562 = CARTESIAN_POINT('',(1.64780714968,52.210752325223));
#3563 = CARTESIAN_POINT('',(1.597970139137,52.208149395808));
#3564 = CARTESIAN_POINT('',(1.548137759192,52.20803627664));
#3565 = CARTESIAN_POINT('',(1.498292097812,52.210414856032));
#3566 = CARTESIAN_POINT('',(1.448377735936,52.215268313836));
#3567 = CARTESIAN_POINT('',(1.398341990186,52.222564698509));
#3568 = CARTESIAN_POINT('',(1.348131324671,52.232255762264));
#3569 = CARTESIAN_POINT('',(1.297691976303,52.244276722371));
#3570 = CARTESIAN_POINT('',(1.246969304597,52.258545714411));
#3571 = CARTESIAN_POINT('',(1.195907876381,52.274963035936));
#3572 = CARTESIAN_POINT('',(1.144449614646,52.293411020843));
#3573 = CARTESIAN_POINT('',(1.092538569479,52.31375108483));
#3574 = CARTESIAN_POINT('',(1.040099892147,52.335831245188));
#3575 = CARTESIAN_POINT('',(0.987053063064,52.359481249654));
#3576 = CARTESIAN_POINT('',(0.933324788024,52.384504232932));
#3577 = CARTESIAN_POINT('',(0.878839269623,52.410678466219));
#3578 = CARTESIAN_POINT('',(0.823519957706,52.437754432344));
#3579 = CARTESIAN_POINT('',(0.767288494498,52.465453142174));
#3580 = CARTESIAN_POINT('',(0.7100633442,52.493464793125));
#3581 = CARTESIAN_POINT('',(0.651762262214,52.521445977117));
#3582 = CARTESIAN_POINT('',(0.592289264765,52.54902403408));
#3583 = CARTESIAN_POINT('',(0.531579007631,52.575776485467));
#3584 = CARTESIAN_POINT('',(0.469425917636,52.601305740302));
#3585 = CARTESIAN_POINT('',(0.405587906162,52.625167592646));
#3586 = CARTESIAN_POINT('',(0.340400339395,52.646676751027));
#3587 = CARTESIAN_POINT('',(0.274030685251,52.665252499404));
#3588 = CARTESIAN_POINT('',(0.206662726049,52.680358108206));
#3589 = CARTESIAN_POINT('',(0.138452231908,52.691541762521));
#3590 = CARTESIAN_POINT('',(6.954464467511E-02,52.698430958439));
#3591 = CARTESIAN_POINT('',(2.322930551084E-02,52.700009264765));
#3592 = CARTESIAN_POINT('',(0.,52.7));
#3593 = ( GEOMETRIC_REPRESENTATION_CONTEXT(2) 
PARAMETRIC_REPRESENTATION_CONTEXT() REPRESENTATION_CONTEXT('2D SPACE',''
  ) );
#3594 = PCURVE('',#3595,#3600);
#3595 = CYLINDRICAL_SURFACE('',#3596,12.7);
#3596 = AXIS2_PLACEMENT_3D('',#3597,#3598,#3599);
#3597 = CARTESIAN_POINT('',(739.32043963271,0.,493.85023509394));
#3598 = DIRECTION('',(-0.342020143326,0.,0.939692620786));
#3599 = DIRECTION('',(0.939692620786,0.,0.342020143326));
#3600 = DEFINITIONAL_REPRESENTATION('',(#3601),#3715);
#3601 = B_SPLINE_CURVE_WITH_KNOTS('',3,(#3602,#3603,#3604,#3605,#3606,
    #3607,#3608,#3609,#3610,#3611,#3612,#3613,#3614,#3615,#3616,#3617,
    #3618,#3619,#3620,#3621,#3622,#3623,#3624,#3625,#3626,#3627,#3628,
    #3629,#3630,#3631,#3632,#3633,#3634,#3635,#3636,#3637,#3638,#3639,
    #3640,#3641,#3642,#3643,#3644,#3645,#3646,#3647,#3648,#3649,#3650,
    #3651,#3652,#3653,#3654,#3655,#3656,#3657,#3658,#3659,#3660,#3661,
    #3662,#3663,#3664,#3665,#3666,#3667,#3668,#3669,#3670,#3671,#3672,
    #3673,#3674,#3675,#3676,#3677,#3678,#3679,#3680,#3681,#3682,#3683,
    #3684,#3685,#3686,#3687,#3688,#3689,#3690,#3691,#3692,#3693,#3694,
    #3695,#3696,#3697,#3698,#3699,#3700,#3701,#3702,#3703,#3704,#3705,
    #3706,#3707,#3708,#3709,#3710,#3711,#3712,#3713,#3714),
  .UNSPECIFIED.,.T.,.F.,(4,1,1,1,1,1,1,1,1,1,1,1,1,1,1,1,1,1,1,1,1,1,1,1
    ,1,1,1,1,1,1,1,1,1,1,1,1,1,1,1,1,1,1,1,1,1,1,1,1,1,1,1,1,1,1,1,1,1,1
    ,1,1,1,1,1,1,1,1,1,1,1,1,1,1,1,1,1,1,1,1,1,1,1,1,1,1,1,1,1,1,1,1,1,1
    ,1,1,1,1,1,1,1,1,1,1,1,1,1,1,1,1,1,1,4),(0.,1.815255579929E-02,
    3.630511159858E-02,5.445766739787E-02,7.261022319716E-02,
    9.076277899644E-02,0.108915334796,0.127067890595,0.145220446394,
    0.163373002194,0.181525557993,0.199678113792,0.217830669591,
    0.235983225391,0.25413578119,0.272288336989,0.290440892789,
    0.308593448588,0.326746004387,0.344898560186,0.363051115986,
    0.381203671785,0.399356227584,0.417508783384,0.435661339183,
    0.453813894982,0.471966450782,0.490119006581,0.50827156238,
    0.526424118179,0.544576673979,0.562729229778,0.580881785577,
    0.599034341377,0.617186897176,0.635339452975,0.653492008774,
    0.671644564574,0.689797120373,0.707949676172,0.726102231972,
    0.744254787771,0.76240734357,0.780559899369,0.798712455169,
    0.816865010968,0.835017566767,0.853170122567,0.871322678366,
    0.889475234165,0.907627789964,0.925780345764,0.943932901563,
    0.962085457362,0.980238013162,0.998390568961,1.01654312476,
    1.034695680559,1.052848236359,1.071000792158,1.089153347957,
    1.107305903757,1.125458459556,1.143611015355,1.161763571154,
    1.179916126954,1.198068682753,1.216221238552,1.234373794352,
    1.252526350151,1.27067890595,1.28883146175,1.306984017549,
    1.325136573348,1.343289129147,1.361441684947,1.379594240746,
    1.397746796545,1.415899352345,1.434051908144,1.452204463943,
    1.470357019742,1.488509575542,1.506662131341,1.52481468714,
    1.54296724294,1.561119798739,1.579272354538,1.597424910337,
    1.615577466137,1.633730021936,1.651882577735,1.670035133535,
    1.688187689334,1.706340245133,1.724492800932,1.742645356732,
    1.760797912531,1.77895046833,1.79710302413,1.815255579929,
    1.833408135728,1.851560691527,1.869713247327,1.887865803126,
    1.906018358925,1.924170914725,1.942323470524,1.960476026323,
    1.978628582122,1.996781137922),.QUASI_UNIFORM_KNOTS.);
#3602 = CARTESIAN_POINT('',(6.28318530718,11.));
#3603 = CARTESIAN_POINT('',(6.289544404621,11.000025367712));
#3604 = CARTESIAN_POINT('',(6.302248168649,10.994389527838));
#3605 = CARTESIAN_POINT('',(6.321115019681,10.969472004461));
#3606 = CARTESIAN_POINT('',(6.339646596648,10.92856537705));
#3607 = CARTESIAN_POINT('',(6.357699838616,10.872568864925));
#3608 = CARTESIAN_POINT('',(6.37514078821,10.802627417904));
#3609 = CARTESIAN_POINT('',(6.39182505793,10.720302481286));
#3610 = CARTESIAN_POINT('',(6.407727467078,10.626811191901));
#3611 = CARTESIAN_POINT('',(6.422839199099,10.523212058689));
#3612 = CARTESIAN_POINT('',(6.437151571285,10.410515583766));
#3613 = CARTESIAN_POINT('',(6.450659875436,10.289660749998));
#3614 = CARTESIAN_POINT('',(6.463361897496,10.161526969874));
#3615 = CARTESIAN_POINT('',(6.475257968519,10.026935253474));
#3616 = CARTESIAN_POINT('',(6.486350484294,9.886654159392));
#3617 = CARTESIAN_POINT('',(6.496644253114,9.741394705184));
#3618 = CARTESIAN_POINT('',(6.50614426388,9.591842157092));
#3619 = CARTESIAN_POINT('',(6.514863119597,9.438549033302));
#3620 = CARTESIAN_POINT('',(6.522831350205,9.281622348017));
#3621 = CARTESIAN_POINT('',(6.530051691243,9.121565522488));
#3622 = CARTESIAN_POINT('',(6.536532720784,8.958747147262));
#3623 = CARTESIAN_POINT('',(6.54228068038,8.79353344716));
#3624 = CARTESIAN_POINT('',(6.547301622313,8.626257183962));
#3625 = CARTESIAN_POINT('',(6.551600785666,8.457230134595));
#3626 = CARTESIAN_POINT('',(6.555182711389,8.286743711972));
#3627 = CARTESIAN_POINT('',(6.558051154499,8.115072365253));
#3628 = CARTESIAN_POINT('',(6.560209051632,7.942476688319));
#3629 = CARTESIAN_POINT('',(6.561658453494,7.769203927652));
#3630 = CARTESIAN_POINT('',(6.562400526002,7.595498239113));
#3631 = CARTESIAN_POINT('',(6.562435295095,7.421573647576));
#3632 = CARTESIAN_POINT('',(6.561762446656,7.2477940294));
#3633 = CARTESIAN_POINT('',(6.560381696426,7.074398731762));
#3634 = CARTESIAN_POINT('',(6.558291783209,6.901640323246));
#3635 = CARTESIAN_POINT('',(6.555490727011,6.729776749365));
#3636 = CARTESIAN_POINT('',(6.551975805581,6.55907671332));
#3637 = CARTESIAN_POINT('',(6.547743582913,6.389821171703));
#3638 = CARTESIAN_POINT('',(6.54278997162,6.222307236403));
#3639 = CARTESIAN_POINT('',(6.537110066225,6.056846427909));
#3640 = CARTESIAN_POINT('',(6.530698815114,5.893783208039));
#3641 = CARTESIAN_POINT('',(6.523548462228,5.733436753331));
#3642 = CARTESIAN_POINT('',(6.515649160937,5.576146059798));
#3643 = CARTESIAN_POINT('',(6.506991580777,5.422321976954));
#3644 = CARTESIAN_POINT('',(6.497565803096,5.272418006527));
#3645 = CARTESIAN_POINT('',(6.487361924118,5.126942584169));
#3646 = CARTESIAN_POINT('',(6.47637026305,4.986461019993));
#3647 = CARTESIAN_POINT('',(6.464581533619,4.851599292905));
#3648 = CARTESIAN_POINT('',(6.451987654975,4.723052874528));
#3649 = CARTESIAN_POINT('',(6.438580149987,4.601575815871));
#3650 = CARTESIAN_POINT('',(6.424357676448,4.488046119751));
#3651 = CARTESIAN_POINT('',(6.40929957864,4.383248205172));
#3652 = CARTESIAN_POINT('',(6.393355280958,4.287996452669));
#3653 = CARTESIAN_POINT('',(6.376638548619,4.204113428404));
#3654 = CARTESIAN_POINT('',(6.359237068978,4.132960979431));
#3655 = CARTESIAN_POINT('',(6.34125439898,4.075774633188));
#3656 = CARTESIAN_POINT('',(6.322795533271,4.033574241801));
#3657 = CARTESIAN_POINT('',(6.30397677839,4.007190976609));
#3658 = CARTESIAN_POINT('',(6.284895330439,3.9972493995));
#3659 = CARTESIAN_POINT('',(6.265736213429,4.004209599356));
#3660 = CARTESIAN_POINT('',(6.246775261563,4.027883379951));
#3661 = CARTESIAN_POINT('',(6.22813323433,4.067717970337));
#3662 = CARTESIAN_POINT('',(6.209967686786,4.122842337177));
#3663 = CARTESIAN_POINT('',(6.19241869301,4.192078046954));
#3664 = CARTESIAN_POINT('',(6.175638193795,4.273811101527));
#3665 = CARTESIAN_POINT('',(6.15963460872,4.36689210703));
#3666 = CARTESIAN_POINT('',(6.144423367957,4.470232395653));
#3667 = CARTESIAN_POINT('',(6.130013347716,4.582814266773));
#3668 = CARTESIAN_POINT('',(6.116411003501,4.703682291978));
#3669 = CARTESIAN_POINT('',(6.103619698961,4.831940215313));
#3670 = CARTESIAN_POINT('',(6.091640219509,4.966747506978));
#3671 = CARTESIAN_POINT('',(6.080471064101,5.10731461074));
#3672 = CARTESIAN_POINT('',(6.070108193895,5.252906470086));
#3673 = CARTESIAN_POINT('',(6.060546964505,5.402816757137));
#3674 = CARTESIAN_POINT('',(6.051775685224,5.556453327655));
#3675 = CARTESIAN_POINT('',(6.043759466786,5.713767535602));
#3676 = CARTESIAN_POINT('',(6.036496161048,5.874241380614));
#3677 = CARTESIAN_POINT('',(6.029976923956,6.037504296502));
#3678 = CARTESIAN_POINT('',(6.024195485154,6.203185309485));
#3679 = CARTESIAN_POINT('',(6.019145709112,6.370948180631));
#3680 = CARTESIAN_POINT('',(6.014822297864,6.540477773554));
#3681 = CARTESIAN_POINT('',(6.011220655565,6.7114796765));
#3682 = CARTESIAN_POINT('',(6.008336982615,6.883676677268));
#3683 = CARTESIAN_POINT('',(6.006168307139,7.056805623946));
#3684 = CARTESIAN_POINT('',(6.004712554337,7.230616897124));
#3685 = CARTESIAN_POINT('',(6.003968543706,7.404864013884));
#3686 = CARTESIAN_POINT('',(6.003936253862,7.579331012669));
#3687 = CARTESIAN_POINT('',(6.00461598382,7.753647612453));
#3688 = CARTESIAN_POINT('',(6.006007994658,7.927573502864));
#3689 = CARTESIAN_POINT('',(6.008113551167,8.100854145994));
#3690 = CARTESIAN_POINT('',(6.010934653894,8.273229734097));
#3691 = CARTESIAN_POINT('',(6.014474063504,8.444429441755));
#3692 = CARTESIAN_POINT('',(6.018735271075,8.614169969086));
#3693 = CARTESIAN_POINT('',(6.023722432993,8.782151531697));
#3694 = CARTESIAN_POINT('',(6.029440543979,8.94805967804));
#3695 = CARTESIAN_POINT('',(6.035894737739,9.111546255794));
#3696 = CARTESIAN_POINT('',(6.043092984879,9.272290187305));
#3697 = CARTESIAN_POINT('',(6.051045140587,9.429944984934));
#3698 = CARTESIAN_POINT('',(6.059760666964,9.584094903357));
#3699 = CARTESIAN_POINT('',(6.069249573967,9.734279903638));
#3700 = CARTESIAN_POINT('',(6.079521859102,9.879984450759));
#3701 = CARTESIAN_POINT('',(6.090587264428,10.020635073797));
#3702 = CARTESIAN_POINT('',(6.102455172596,10.155597027301));
#3703 = CARTESIAN_POINT('',(6.115133529059,10.284163636257));
#3704 = CARTESIAN_POINT('',(6.128631409666,10.405573522233));
#3705 = CARTESIAN_POINT('',(6.142947855589,10.518921203722));
#3706 = CARTESIAN_POINT('',(6.158111850449,10.62346376674));
#3707 = CARTESIAN_POINT('',(6.174161975686,10.718281738471));
#3708 = CARTESIAN_POINT('',(6.190982877418,10.801554963922));
#3709 = CARTESIAN_POINT('',(6.208485450198,10.871921914953));
#3710 = CARTESIAN_POINT('',(6.226565092203,10.928149782028));
#3711 = CARTESIAN_POINT('',(6.24511407447,10.969228223698));
#3712 = CARTESIAN_POINT('',(6.264019762946,10.994320492615));
#3713 = CARTESIAN_POINT('',(6.276783095275,11.000016655184));
#3714 = CARTESIAN_POINT('',(6.28318530718,11.));
#3715 = ( GEOMETRIC_REPRESENTATION_CONTEXT(2) 
PARAMETRIC_REPRESENTATION_CONTEXT() REPRESENTATION_CONTEXT('2D SPACE',''
  ) );
#3716 = ADVANCED_FACE('',(#3717),#3595,.T.);
#3717 = FACE_BOUND('',#3718,.T.);
#3718 = EDGE_LOOP('',(#3719));
#3719 = ORIENTED_EDGE('',*,*,#3400,.F.);
#3720 = ADVANCED_FACE('',(#3721),#94,.F.);
#3721 = FACE_BOUND('',#3722,.F.);
#3722 = EDGE_LOOP('',(#3723,#3724,#3725,#3726,#3727,#3728,#3729,#3730,
    #3731,#3732));
#3723 = ORIENTED_EDGE('',*,*,#1790,.F.);
#3724 = ORIENTED_EDGE('',*,*,#1413,.F.);
#3725 = ORIENTED_EDGE('',*,*,#1280,.T.);
#3726 = ORIENTED_EDGE('',*,*,#43,.F.);
#3727 = ORIENTED_EDGE('',*,*,#396,.F.);
#3728 = ORIENTED_EDGE('',*,*,#1387,.T.);
#3729 = ORIENTED_EDGE('',*,*,#3318,.T.);
#3730 = ORIENTED_EDGE('',*,*,#1860,.F.);
#3731 = ORIENTED_EDGE('',*,*,#1917,.F.);
#3732 = ORIENTED_EDGE('',*,*,#2258,.F.);
#3733 = ORIENTED_CLOSED_SHELL('',*,#3734,.F.);
#3734 = CLOSED_SHELL('',(#3735,#4345,#4349));
#3735 = ADVANCED_FACE('',(#3736),#3824,.T.);
#3736 = FACE_BOUND('',#3737,.T.);
#3737 = EDGE_LOOP('',(#3738,#4067,#4090,#4344));
#3738 = ORIENTED_EDGE('',*,*,#3739,.F.);
#3739 = EDGE_CURVE('',#3740,#3740,#3742,.T.);
#3740 = VERTEX_POINT('',#3741);
#3741 = CARTESIAN_POINT('',(745.98880614685,-9.30731567352E-16,
    507.9832775135));
#3742 = SURFACE_CURVE('',#3743,(#3823,#3945),.PCURVE_S1.);
#3743 = B_SPLINE_CURVE_WITH_KNOTS('',8,(#3744,#3745,#3746,#3747,#3748,
    #3749,#3750,#3751,#3752,#3753,#3754,#3755,#3756,#3757,#3758,#3759,
    #3760,#3761,#3762,#3763,#3764,#3765,#3766,#3767,#3768,#3769,#3770,
    #3771,#3772,#3773,#3774,#3775,#3776,#3777,#3778,#3779,#3780,#3781,
    #3782,#3783,#3784,#3785,#3786,#3787,#3788,#3789,#3790,#3791,#3792,
    #3793,#3794,#3795,#3796,#3797,#3798,#3799,#3800,#3801,#3802,#3803,
    #3804,#3805,#3806,#3807,#3808,#3809,#3810,#3811,#3812,#3813,#3814,
    #3815,#3816,#3817,#3818,#3819,#3820,#3821,#3822),.UNSPECIFIED.,.T.,
  .F.,(9,7,7,7,7,7,7,7,7,7,7,9),(0.,0.141136999602,0.322671994569,
    0.499900779852,0.730977382972,0.916251631344,1.,1.141711004844,
    1.323984304003,1.501930264301,1.733952208972,2.000261396884),
  .UNSPECIFIED.);
#3744 = CARTESIAN_POINT('',(745.98880614685,-8.881784197001E-16,
    507.9832775135));
#3745 = CARTESIAN_POINT('',(745.98880614685,-0.236759037161,
    507.9832775135));
#3746 = CARTESIAN_POINT('',(745.98964333808,-0.471759312292,
    507.96410371194));
#3747 = CARTESIAN_POINT('',(745.99129446284,-0.702755499257,
    507.92625497223));
#3748 = CARTESIAN_POINT('',(745.99386343398,-0.927573089325,
    507.87073295236));
#3749 = CARTESIAN_POINT('',(745.99755618382,-1.144166511991,
    507.79902655081));
#3750 = CARTESIAN_POINT('',(746.00262822806,-1.350676473016,
    507.71309448387));
#3751 = CARTESIAN_POINT('',(746.00930494495,-1.545486509675,
    507.61534599447));
#3752 = CARTESIAN_POINT('',(746.02843985269,-1.961105866864,
    507.37134485475));
#3753 = CARTESIAN_POINT('',(746.04211605271,-2.175775193323,
    507.21782044003));
#3754 = CARTESIAN_POINT('',(746.05916861476,-2.371465431707,
    507.05135321421));
#3755 = CARTESIAN_POINT('',(746.0800464086,-2.548590128553,
    506.87465184638));
#3756 = CARTESIAN_POINT('',(746.10513146615,-2.707678602049,
    506.68991880535));
#3757 = CARTESIAN_POINT('',(746.13473412443,-2.849289260014,
    506.4989321235));
#3758 = CARTESIAN_POINT('',(746.16910930963,-2.973945498961,
    506.30311460372));
#3759 = CARTESIAN_POINT('',(746.24689641572,-3.187658051315,
    505.90879447774));
#3760 = CARTESIAN_POINT('',(746.29008743953,-3.277524111147,
    505.71040071077));
#3761 = CARTESIAN_POINT('',(746.33821815158,-3.351989493785,
    505.50959290756));
#3762 = CARTESIAN_POINT('',(746.391389973,-3.411307550928,505.3073844202
    ));
#3763 = CARTESIAN_POINT('',(746.449628873,-3.455673334622,
    505.10465091989));
#3764 = CARTESIAN_POINT('',(746.51288159211,-3.485217670099,
    504.90216397916));
#3765 = CARTESIAN_POINT('',(746.58100958037,-3.5,504.7006231068));
#3766 = CARTESIAN_POINT('',(746.74866191681,-3.5,504.24000209809));
#3767 = CARTESIAN_POINT('',(746.85128351624,-3.474870963193,
    503.98246394931));
#3768 = CARTESIAN_POINT('',(746.96112458982,-3.424708850938,
    503.7294092316));
#3769 = CARTESIAN_POINT('',(747.07738143073,-3.349334233148,
    503.48213156327));
#3770 = CARTESIAN_POINT('',(747.19892761319,-3.248331956185,
    503.24196843122));
#3771 = CARTESIAN_POINT('',(747.3242414417,-3.121087400987,
    503.01040349269));
#3772 = CARTESIAN_POINT('',(747.45130523931,-2.966828904952,
    502.78919559445));
#3773 = CARTESIAN_POINT('',(747.67864709047,-2.638646019269,
    502.41325455208));
#3774 = CARTESIAN_POINT('',(747.77965739507,-2.474080832295,
    502.25334962467));
#3775 = CARTESIAN_POINT('',(747.87899714387,-2.290494871223,
    502.10232758108));
#3776 = CARTESIAN_POINT('',(747.97482936327,-2.0875117292,
    501.96187714358));
#3777 = CARTESIAN_POINT('',(748.06498469814,-1.864919875817,
    501.83390432348));
#3778 = CARTESIAN_POINT('',(748.14695177765,-1.622741406966,
    501.72057406312));
#3779 = CARTESIAN_POINT('',(748.21789487525,-1.361336894539,
    501.62439032418));
#3780 = CARTESIAN_POINT('',(748.30041446887,-0.955093432094,
    501.51395725608));
#3781 = CARTESIAN_POINT('',(748.32318568785,-0.825041265123,
    501.48373735407));
#3782 = CARTESIAN_POINT('',(748.34268271229,-0.691916328262,
    501.45804603844));
#3783 = CARTESIAN_POINT('',(748.35860646094,-0.556263575497,
    501.43717866625));
#3784 = CARTESIAN_POINT('',(748.37072256734,-0.418652813332,
    501.42136002979));
#3785 = CARTESIAN_POINT('',(748.37886658272,-0.279671893946,
    501.41074691984));
#3786 = CARTESIAN_POINT('',(748.38294715013,-0.139919854133,
    501.405429168));
#3787 = CARTESIAN_POINT('',(748.38294715013,0.236759037161,501.405429168
    ));
#3788 = CARTESIAN_POINT('',(748.37126379375,0.471759312292,
    501.42065528829));
#3789 = CARTESIAN_POINT('',(748.34819992776,0.702755499257,
    501.45071042755));
#3790 = CARTESIAN_POINT('',(748.3144790074,0.927573089325,
    501.49489406516));
#3791 = CARTESIAN_POINT('',(748.27121583143,1.144166511991,
    501.55219800945));
#3792 = CARTESIAN_POINT('',(748.21986517484,1.350676473016,
    501.62128603901));
#3793 = CARTESIAN_POINT('',(748.16214831885,1.545486509675,
    501.70045743703));
#3794 = CARTESIAN_POINT('',(748.01996559924,1.961105866864,
    501.89967283584));
#3795 = CARTESIAN_POINT('',(747.9317585847,2.175775193323,
    502.02607025253));
#3796 = CARTESIAN_POINT('',(747.83781853493,2.371465431707,
    502.16455272143));
#3797 = CARTESIAN_POINT('',(747.74023040302,2.548590128553,
    502.31333380955));
#3798 = CARTESIAN_POINT('',(747.6407025621,2.707678602049,
    502.47097189327));
#3799 = CARTESIAN_POINT('',(747.54061564126,2.849289260014,
    502.63630440157));
#3800 = CARTESIAN_POINT('',(747.4410794854,2.973945498961,
    502.80840526759));
#3801 = CARTESIAN_POINT('',(747.24720572059,3.187655906143,
    503.16046906297));
#3802 = CARTESIAN_POINT('',(747.15276669675,3.27752278987,
    503.34021020143));
#3803 = CARTESIAN_POINT('',(747.06055850187,3.351990002397,
    503.52497872504));
#3804 = CARTESIAN_POINT('',(746.97131114756,3.411309501487,
    503.71406226396));
#3805 = CARTESIAN_POINT('',(746.88560837177,3.455675574898,
    503.90680491953));
#3806 = CARTESIAN_POINT('',(746.80390614678,3.485218999846,
    504.10257928864));
#3807 = CARTESIAN_POINT('',(746.72654850035,3.5,504.30075821048));
#3808 = CARTESIAN_POINT('',(746.55889938361,3.5,504.76137037311));
#3809 = CARTESIAN_POINT('',(746.47196975854,3.474870963193,
    505.02461993348));
#3810 = CARTESIAN_POINT('',(746.39345246546,3.424708850938,
    505.28907557492));
#3811 = CARTESIAN_POINT('',(746.32356335107,3.349334233148,
    505.55322971553));
#3812 = CARTESIAN_POINT('',(746.26229924314,3.248331956185,
    505.81533372836));
#3813 = CARTESIAN_POINT('',(746.20944813178,3.121087400987,
    506.07327293903));
#3814 = CARTESIAN_POINT('',(746.16459495171,2.966828904952,
    506.32440305501));
#3815 = CARTESIAN_POINT('',(746.08413767527,2.575626600487,
    506.84188516577));
#3816 = CARTESIAN_POINT('',(746.04962996535,2.323753509841,
    507.11304325482));
#3817 = CARTESIAN_POINT('',(746.02449377213,2.0279310135,507.36714334681
    ));
#3818 = CARTESIAN_POINT('',(746.00790182094,1.689338669621,
    507.59251251276));
#3819 = CARTESIAN_POINT('',(745.99778245911,1.311215080719,
    507.77762961984));
#3820 = CARTESIAN_POINT('',(745.99194333525,0.898618936659,
    507.91139652532));
#3821 = CARTESIAN_POINT('',(745.98880614685,0.458417288891,
    507.9832775135));
#3822 = CARTESIAN_POINT('',(745.98880614685,4.286263797016E-16,
    507.9832775135));
#3823 = PCURVE('',#3824,#3829);
#3824 = CYLINDRICAL_SURFACE('',#3825,3.5);
#3825 = AXIS2_PLACEMENT_3D('',#3826,#3827,#3828);
#3826 = CARTESIAN_POINT('',(699.16758372633,0.,487.21712401681));
#3827 = DIRECTION('',(0.939692620786,0.,0.342020143326));
#3828 = DIRECTION('',(-0.342020143326,0.,0.939692620786));
#3829 = DEFINITIONAL_REPRESENTATION('',(#3830),#3944);
#3830 = B_SPLINE_CURVE_WITH_KNOTS('',3,(#3831,#3832,#3833,#3834,#3835,
    #3836,#3837,#3838,#3839,#3840,#3841,#3842,#3843,#3844,#3845,#3846,
    #3847,#3848,#3849,#3850,#3851,#3852,#3853,#3854,#3855,#3856,#3857,
    #3858,#3859,#3860,#3861,#3862,#3863,#3864,#3865,#3866,#3867,#3868,
    #3869,#3870,#3871,#3872,#3873,#3874,#3875,#3876,#3877,#3878,#3879,
    #3880,#3881,#3882,#3883,#3884,#3885,#3886,#3887,#3888,#3889,#3890,
    #3891,#3892,#3893,#3894,#3895,#3896,#3897,#3898,#3899,#3900,#3901,
    #3902,#3903,#3904,#3905,#3906,#3907,#3908,#3909,#3910,#3911,#3912,
    #3913,#3914,#3915,#3916,#3917,#3918,#3919,#3920,#3921,#3922,#3923,
    #3924,#3925,#3926,#3927,#3928,#3929,#3930,#3931,#3932,#3933,#3934,
    #3935,#3936,#3937,#3938,#3939,#3940,#3941,#3942,#3943),
  .UNSPECIFIED.,.F.,.F.,(4,1,1,1,1,1,1,1,1,1,1,1,1,1,1,1,1,1,1,1,1,1,1,1
    ,1,1,1,1,1,1,1,1,1,1,1,1,1,1,1,1,1,1,1,1,1,1,1,1,1,1,1,1,1,1,1,1,1,1
    ,1,1,1,1,1,1,1,1,1,1,1,1,1,1,1,1,1,1,1,1,1,1,1,1,1,1,1,1,1,1,1,1,1,1
    ,1,1,1,1,1,1,1,1,1,1,1,1,1,1,1,1,1,1,4),(0.,1.818419451712E-02,
    3.636838903425E-02,5.455258355137E-02,7.27367780685E-02,
    9.092097258562E-02,0.109105167103,0.12728936162,0.145473556137,
    0.163657750654,0.181841945171,0.200026139688,0.218210334205,
    0.236394528723,0.25457872324,0.272762917757,0.290947112274,
    0.309131306791,0.327315501308,0.345499695825,0.363683890342,
    0.38186808486,0.400052279377,0.418236473894,0.436420668411,
    0.454604862928,0.472789057445,0.490973251962,0.509157446479,
    0.527341640997,0.545525835514,0.563710030031,0.581894224548,
    0.600078419065,0.618262613582,0.636446808099,0.654631002616,
    0.672815197134,0.690999391651,0.709183586168,0.727367780685,
    0.745551975202,0.763736169719,0.781920364236,0.800104558753,
    0.818288753271,0.836472947788,0.854657142305,0.872841336822,
    0.891025531339,0.909209725856,0.927393920373,0.94557811489,
    0.963762309408,0.981946503925,1.000130698442,1.018314892959,
    1.036499087476,1.054683281993,1.07286747651,1.091051671027,
    1.109235865545,1.127420060062,1.145604254579,1.163788449096,
    1.181972643613,1.20015683813,1.218341032647,1.236525227164,
    1.254709421682,1.272893616199,1.291077810716,1.309262005233,
    1.32744619975,1.345630394267,1.363814588784,1.381998783301,
    1.400182977819,1.418367172336,1.436551366853,1.45473556137,
    1.472919755887,1.491103950404,1.509288144921,1.527472339438,
    1.545656533956,1.563840728473,1.58202492299,1.600209117507,
    1.618393312024,1.636577506541,1.654761701058,1.672945895575,
    1.691130090093,1.70931428461,1.727498479127,1.745682673644,
    1.763866868161,1.782051062678,1.800235257195,1.818419451712,
    1.83660364623,1.854787840747,1.872972035264,1.891156229781,
    1.909340424298,1.927524618815,1.945708813332,1.963893007849,
    1.982077202367,2.000261396884),.QUASI_UNIFORM_KNOTS.);
#3831 = CARTESIAN_POINT('',(2.537652627715E-16,51.1));
#3832 = CARTESIAN_POINT('',(2.324060723391E-02,51.100010385171));
#3833 = CARTESIAN_POINT('',(6.956866448966E-02,51.098203199204));
#3834 = CARTESIAN_POINT('',(0.138467527161,51.0903190515));
#3835 = CARTESIAN_POINT('',(0.206643704507,51.077525435949));
#3836 = CARTESIAN_POINT('',(0.273952721294,51.060249350895));
#3837 = CARTESIAN_POINT('',(0.3402391302,51.039007192057));
#3838 = CARTESIAN_POINT('',(0.405317612225,51.014412058932));
#3839 = CARTESIAN_POINT('',(0.469020855587,50.987125892214));
#3840 = CARTESIAN_POINT('',(0.531001316396,50.957936740865));
#3841 = CARTESIAN_POINT('',(0.591528597822,50.927337144584));
#3842 = CARTESIAN_POINT('',(0.650822710135,50.895769404249));
#3843 = CARTESIAN_POINT('',(0.708947873042,50.863713449644));
#3844 = CARTESIAN_POINT('',(0.766003383736,50.831591141229));
#3845 = CARTESIAN_POINT('',(0.822073875355,50.799792705489));
#3846 = CARTESIAN_POINT('',(0.8772437851,50.768671094982));
#3847 = CARTESIAN_POINT('',(0.931594523693,50.738545432849));
#3848 = CARTESIAN_POINT('',(0.985205917629,50.709702533118));
#3849 = CARTESIAN_POINT('',(1.038157434685,50.682398793255));
#3850 = CARTESIAN_POINT('',(1.09052580234,50.656863703427));
#3851 = CARTESIAN_POINT('',(1.142399386946,50.633296108535));
#3852 = CARTESIAN_POINT('',(1.193837782382,50.611885150173));
#3853 = CARTESIAN_POINT('',(1.244897578781,50.592797012857));
#3854 = CARTESIAN_POINT('',(1.295633668767,50.576175600893));
#3855 = CARTESIAN_POINT('',(1.34609950167,50.562143180651));
#3856 = CARTESIAN_POINT('',(1.396347562034,50.550800959868));
#3857 = CARTESIAN_POINT('',(1.44642955345,50.542229575694));
#3858 = CARTESIAN_POINT('',(1.496397190708,50.536489633002));
#3859 = CARTESIAN_POINT('',(1.54630061609,50.533621755208));
#3860 = CARTESIAN_POINT('',(1.59619558469,50.533648157009));
#3861 = CARTESIAN_POINT('',(1.646084217545,50.536567179176));
#3862 = CARTESIAN_POINT('',(1.696028369167,50.54235447232));
#3863 = CARTESIAN_POINT('',(1.746081572756,50.550968205472));
#3864 = CARTESIAN_POINT('',(1.796299083179,50.562347446103));
#3865 = CARTESIAN_POINT('',(1.846735682908,50.576411998578));
#3866 = CARTESIAN_POINT('',(1.897446720873,50.593061718007));
#3867 = CARTESIAN_POINT('',(1.948488291954,50.612175858547));
#3868 = CARTESIAN_POINT('',(1.999917537601,50.633612240865));
#3869 = CARTESIAN_POINT('',(2.051793332873,50.657206578791));
#3870 = CARTESIAN_POINT('',(2.104175425996,50.68277085831));
#3871 = CARTESIAN_POINT('',(2.157129620514,50.710094894132));
#3872 = CARTESIAN_POINT('',(2.210710704221,50.738935707633));
#3873 = CARTESIAN_POINT('',(2.265028857298,50.769052063792));
#3874 = CARTESIAN_POINT('',(2.320285376817,50.800227055401));
#3875 = CARTESIAN_POINT('',(2.376493141454,50.832103153016));
#3876 = CARTESIAN_POINT('',(2.433714155844,50.864311195641));
#3877 = CARTESIAN_POINT('',(2.492001632334,50.896439046227));
#3878 = CARTESIAN_POINT('',(2.551416261493,50.928041037853));
#3879 = CARTESIAN_POINT('',(2.612023137942,50.958637259935));
#3880 = CARTESIAN_POINT('',(2.673892218419,50.987716000477));
#3881 = CARTESIAN_POINT('',(2.737104601771,51.01473771773));
#3882 = CARTESIAN_POINT('',(2.801732964366,51.039134418943));
#3883 = CARTESIAN_POINT('',(2.867921008341,51.060331248723));
#3884 = CARTESIAN_POINT('',(2.935344113235,51.07761779794));
#3885 = CARTESIAN_POINT('',(3.003697411396,51.090407557138));
#3886 = CARTESIAN_POINT('',(3.072677499194,51.098259430179));
#3887 = CARTESIAN_POINT('',(3.142121220062,51.10088886032));
#3888 = CARTESIAN_POINT('',(3.211388123824,51.098184303865));
#3889 = CARTESIAN_POINT('',(3.279991227801,51.090320973063));
#3890 = CARTESIAN_POINT('',(3.347897697232,51.077595124059));
#3891 = CARTESIAN_POINT('',(3.414939373677,51.06041876427));
#3892 = CARTESIAN_POINT('',(3.480969606532,51.039303929393));
#3893 = CARTESIAN_POINT('',(3.545803808152,51.014854676022));
#3894 = CARTESIAN_POINT('',(3.609277212032,50.98772445215));
#3895 = CARTESIAN_POINT('',(3.671048199057,50.958690050429));
#3896 = CARTESIAN_POINT('',(3.731363635176,50.928248753606));
#3897 = CARTESIAN_POINT('',(3.790456068261,50.896831663185));
#3898 = CARTESIAN_POINT('',(3.848385092854,50.864915916185));
#3899 = CARTESIAN_POINT('',(3.905250037429,50.832919086668));
#3900 = CARTESIAN_POINT('',(3.961134358976,50.801228233647));
#3901 = CARTESIAN_POINT('',(4.016121663071,50.770193512166));
#3902 = CARTESIAN_POINT('',(4.07029245658,50.740131753069));
#3903 = CARTESIAN_POINT('',(4.123725636298,50.711327910317));
#3904 = CARTESIAN_POINT('',(4.176499875966,50.684036812707));
#3905 = CARTESIAN_POINT('',(4.228690478175,50.658487011405));
#3906 = CARTESIAN_POINT('',(4.280385742822,50.634875935809));
#3907 = CARTESIAN_POINT('',(4.331646303347,50.613391320194));
#3908 = CARTESIAN_POINT('',(4.382527563801,50.594199324713));
#3909 = CARTESIAN_POINT('',(4.433083812942,50.577443828883));
#3910 = CARTESIAN_POINT('',(4.483367715893,50.563247422115));
#3911 = CARTESIAN_POINT('',(4.533431016481,50.551711869566));
#3912 = CARTESIAN_POINT('',(4.583324574165,50.542918618819));
#3913 = CARTESIAN_POINT('',(4.63309950558,50.536929307086));
#3914 = CARTESIAN_POINT('',(4.682804330852,50.53378586463));
#3915 = CARTESIAN_POINT('',(4.732496860886,50.533511871972));
#3916 = CARTESIAN_POINT('',(4.782180460338,50.536108427135));
#3917 = CARTESIAN_POINT('',(4.831912184079,50.541553371528));
#3918 = CARTESIAN_POINT('',(4.881746085948,50.549807460864));
#3919 = CARTESIAN_POINT('',(4.93173646591,50.560812686736));
#3920 = CARTESIAN_POINT('',(4.981937492129,50.574492157844));
#3921 = CARTESIAN_POINT('',(5.03240374773,50.590749432193));
#3922 = CARTESIAN_POINT('',(5.083190534581,50.609467890454));
#3923 = CARTESIAN_POINT('',(5.134354132511,50.630509935327));
#3924 = CARTESIAN_POINT('',(5.185952478549,50.65371632413));
#3925 = CARTESIAN_POINT('',(5.238044312676,50.678904657835));
#3926 = CARTESIAN_POINT('',(5.290694254412,50.705870663159));
#3927 = CARTESIAN_POINT('',(5.343956032004,50.734378735034));
#3928 = CARTESIAN_POINT('',(5.397937647179,50.764192270359));
#3929 = CARTESIAN_POINT('',(5.453451119486,50.795451612844));
#3930 = CARTESIAN_POINT('',(5.510251851478,50.827666237952));
#3931 = CARTESIAN_POINT('',(5.568318442498,50.860408481694));
#3932 = CARTESIAN_POINT('',(5.627586349607,50.893178795246));
#3933 = CARTESIAN_POINT('',(5.688018176844,50.92545160098));
#3934 = CARTESIAN_POINT('',(5.749583945112,50.956673465688));
#3935 = CARTESIAN_POINT('',(5.812265675538,50.986274571676));
#3936 = CARTESIAN_POINT('',(5.87605566223,51.013677027728));
#3937 = CARTESIAN_POINT('',(5.940956632009,51.038304285984));
#3938 = CARTESIAN_POINT('',(6.006981649261,51.059590707663));
#3939 = CARTESIAN_POINT('',(6.074154171694,51.076990723234));
#3940 = CARTESIAN_POINT('',(6.142508849082,51.089990879506));
#3941 = CARTESIAN_POINT('',(6.212090430841,51.098112510177));
#3942 = CARTESIAN_POINT('',(6.259337453191,51.100005088513));
#3943 = CARTESIAN_POINT('',(6.28318530718,51.1));
#3944 = ( GEOMETRIC_REPRESENTATION_CONTEXT(2) 
PARAMETRIC_REPRESENTATION_CONTEXT() REPRESENTATION_CONTEXT('2D SPACE',''
  ) );
#3945 = PCURVE('',#3946,#3951);
#3946 = CYLINDRICAL_SURFACE('',#3947,11.1);
#3947 = AXIS2_PLACEMENT_3D('',#3948,#3949,#3950);
#3948 = CARTESIAN_POINT('',(739.32043963271,0.,493.85023509394));
#3949 = DIRECTION('',(-0.342020143326,0.,0.939692620786));
#3950 = DIRECTION('',(0.939692620786,0.,0.342020143326));
#3951 = DEFINITIONAL_REPRESENTATION('',(#3952),#4066);
#3952 = B_SPLINE_CURVE_WITH_KNOTS('',3,(#3953,#3954,#3955,#3956,#3957,
    #3958,#3959,#3960,#3961,#3962,#3963,#3964,#3965,#3966,#3967,#3968,
    #3969,#3970,#3971,#3972,#3973,#3974,#3975,#3976,#3977,#3978,#3979,
    #3980,#3981,#3982,#3983,#3984,#3985,#3986,#3987,#3988,#3989,#3990,
    #3991,#3992,#3993,#3994,#3995,#3996,#3997,#3998,#3999,#4000,#4001,
    #4002,#4003,#4004,#4005,#4006,#4007,#4008,#4009,#4010,#4011,#4012,
    #4013,#4014,#4015,#4016,#4017,#4018,#4019,#4020,#4021,#4022,#4023,
    #4024,#4025,#4026,#4027,#4028,#4029,#4030,#4031,#4032,#4033,#4034,
    #4035,#4036,#4037,#4038,#4039,#4040,#4041,#4042,#4043,#4044,#4045,
    #4046,#4047,#4048,#4049,#4050,#4051,#4052,#4053,#4054,#4055,#4056,
    #4057,#4058,#4059,#4060,#4061,#4062,#4063,#4064,#4065),
  .UNSPECIFIED.,.T.,.F.,(4,1,1,1,1,1,1,1,1,1,1,1,1,1,1,1,1,1,1,1,1,1,1,1
    ,1,1,1,1,1,1,1,1,1,1,1,1,1,1,1,1,1,1,1,1,1,1,1,1,1,1,1,1,1,1,1,1,1,1
    ,1,1,1,1,1,1,1,1,1,1,1,1,1,1,1,1,1,1,1,1,1,1,1,1,1,1,1,1,1,1,1,1,1,1
    ,1,1,1,1,1,1,1,1,1,1,1,1,1,1,1,1,1,1,4),(0.,1.818419451712E-02,
    3.636838903425E-02,5.455258355137E-02,7.27367780685E-02,
    9.092097258562E-02,0.109105167103,0.12728936162,0.145473556137,
    0.163657750654,0.181841945171,0.200026139688,0.218210334205,
    0.236394528723,0.25457872324,0.272762917757,0.290947112274,
    0.309131306791,0.327315501308,0.345499695825,0.363683890342,
    0.38186808486,0.400052279377,0.418236473894,0.436420668411,
    0.454604862928,0.472789057445,0.490973251962,0.509157446479,
    0.527341640997,0.545525835514,0.563710030031,0.581894224548,
    0.600078419065,0.618262613582,0.636446808099,0.654631002616,
    0.672815197134,0.690999391651,0.709183586168,0.727367780685,
    0.745551975202,0.763736169719,0.781920364236,0.800104558753,
    0.818288753271,0.836472947788,0.854657142305,0.872841336822,
    0.891025531339,0.909209725856,0.927393920373,0.94557811489,
    0.963762309408,0.981946503925,1.000130698442,1.018314892959,
    1.036499087476,1.054683281993,1.07286747651,1.091051671027,
    1.109235865545,1.127420060062,1.145604254579,1.163788449096,
    1.181972643613,1.20015683813,1.218341032647,1.236525227164,
    1.254709421682,1.272893616199,1.291077810716,1.309262005233,
    1.32744619975,1.345630394267,1.363814588784,1.381998783301,
    1.400182977819,1.418367172336,1.436551366853,1.45473556137,
    1.472919755887,1.491103950404,1.509288144921,1.527472339438,
    1.545656533956,1.563840728473,1.58202492299,1.600209117507,
    1.618393312024,1.636577506541,1.654761701058,1.672945895575,
    1.691130090093,1.70931428461,1.727498479127,1.745682673644,
    1.763866868161,1.782051062678,1.800235257195,1.818419451712,
    1.83660364623,1.854787840747,1.872972035264,1.891156229781,
    1.909340424298,1.927524618815,1.945708813332,1.963893007849,
    1.982077202367,2.000261396884),.QUASI_UNIFORM_KNOTS.);
#3953 = CARTESIAN_POINT('',(6.28318530718,11.));
#3954 = CARTESIAN_POINT('',(6.275856694611,11.000016454171));
#3955 = CARTESIAN_POINT('',(6.261249589356,10.99431512555));
#3956 = CARTESIAN_POINT('',(6.239619100967,10.969219069146));
#3957 = CARTESIAN_POINT('',(6.218399981065,10.928159824244));
#3958 = CARTESIAN_POINT('',(6.197718566613,10.871990469366));
#3959 = CARTESIAN_POINT('',(6.177696078707,10.801736443737));
#3960 = CARTESIAN_POINT('',(6.158451093799,10.718646813572));
#3961 = CARTESIAN_POINT('',(6.140084399664,10.624095112521));
#3962 = CARTESIAN_POINT('',(6.122730766721,10.519934968251));
#3963 = CARTESIAN_POINT('',(6.10633771568,10.407049315625));
#3964 = CARTESIAN_POINT('',(6.090868410039,10.286148605458));
#3965 = CARTESIAN_POINT('',(6.076325005682,10.158132982826));
#3966 = CARTESIAN_POINT('',(6.06269725389,10.023749152278));
#3967 = CARTESIAN_POINT('',(6.049976761001,9.883689673905));
#3968 = CARTESIAN_POINT('',(6.038153626822,9.738573218168));
#3969 = CARTESIAN_POINT('',(6.027217769018,9.588955971113));
#3970 = CARTESIAN_POINT('',(6.017159004575,9.435335042932));
#3971 = CARTESIAN_POINT('',(6.007967313309,9.278150423798));
#3972 = CARTESIAN_POINT('',(5.999633523999,9.117798605729));
#3973 = CARTESIAN_POINT('',(5.992147715987,8.954592321138));
#3974 = CARTESIAN_POINT('',(5.985505360845,8.788893621188));
#3975 = CARTESIAN_POINT('',(5.97970245888,8.621044836086));
#3976 = CARTESIAN_POINT('',(5.974735561506,8.451367804565));
#3977 = CARTESIAN_POINT('',(5.970601752271,8.280167308082));
#3978 = CARTESIAN_POINT('',(5.967298654766,8.107733211781));
#3979 = CARTESIAN_POINT('',(5.964824438351,7.934343478799));
#3980 = CARTESIAN_POINT('',(5.96317786699,7.760264889536));
#3981 = CARTESIAN_POINT('',(5.962358236954,7.585761972866));
#3982 = CARTESIAN_POINT('',(5.962365773336,7.411075289704));
#3983 = CARTESIAN_POINT('',(5.963200058116,7.236631966991));
#3984 = CARTESIAN_POINT('',(5.964860359966,7.062650570283));
#3985 = CARTESIAN_POINT('',(5.967347123472,6.889382857613));
#3986 = CARTESIAN_POINT('',(5.9706615577,6.717082339316));
#3987 = CARTESIAN_POINT('',(5.974805674631,6.546015628165));
#3988 = CARTESIAN_POINT('',(5.979782212332,6.376462528247));
#3989 = CARTESIAN_POINT('',(5.98559460091,6.208719249995));
#3990 = CARTESIAN_POINT('',(5.99224690363,6.043101297738));
#3991 = CARTESIAN_POINT('',(5.999743845549,5.879945501311));
#3992 = CARTESIAN_POINT('',(6.008090548303,5.719616803701));
#3993 = CARTESIAN_POINT('',(6.017293384928,5.562497929708));
#3994 = CARTESIAN_POINT('',(6.027356681842,5.409043868176));
#3995 = CARTESIAN_POINT('',(6.038294947169,5.259595357093));
#3996 = CARTESIAN_POINT('',(6.050145513982,5.11433905408));
#3997 = CARTESIAN_POINT('',(6.062907341393,4.974050264705));
#3998 = CARTESIAN_POINT('',(6.076586133718,4.839421688843));
#3999 = CARTESIAN_POINT('',(6.09118300833,4.711232477738));
#4000 = CARTESIAN_POINT('',(6.106697260195,4.590306418062));
#4001 = CARTESIAN_POINT('',(6.123125450232,4.477526836841));
#4002 = CARTESIAN_POINT('',(6.140460873715,4.37383809938));
#4003 = CARTESIAN_POINT('',(6.158694913778,4.280246844738));
#4004 = CARTESIAN_POINT('',(6.177810151715,4.197840735332));
#4005 = CARTESIAN_POINT('',(6.197804181275,4.127740696708));
#4006 = CARTESIAN_POINT('',(6.218522032893,4.071542361652));
#4007 = CARTESIAN_POINT('',(6.239798063557,4.030496131098));
#4008 = CARTESIAN_POINT('',(6.261455118152,4.005514019873));
#4009 = CARTESIAN_POINT('',(6.283352102627,3.997184015731));
#4010 = CARTESIAN_POINT('',(6.305192551865,4.005752532755));
#4011 = CARTESIAN_POINT('',(6.326729621704,4.030773114465));
#4012 = CARTESIAN_POINT('',(6.347865488691,4.071616710803));
#4013 = CARTESIAN_POINT('',(6.368466817608,4.127455899856));
#4014 = CARTESIAN_POINT('',(6.388416096281,4.197275001081));
#4015 = CARTESIAN_POINT('',(6.407595525658,4.279843579546));
#4016 = CARTESIAN_POINT('',(6.425905521436,4.373806403614));
#4017 = CARTESIAN_POINT('',(6.443213014303,4.477340106811));
#4018 = CARTESIAN_POINT('',(6.459564351878,4.589534852541));
#4019 = CARTESIAN_POINT('',(6.475000122712,4.709710555854));
#4020 = CARTESIAN_POINT('',(6.489517005549,4.836968927233));
#4021 = CARTESIAN_POINT('',(6.503125385978,4.970571348426));
#4022 = CARTESIAN_POINT('',(6.515833439043,5.109830399274));
#4023 = CARTESIAN_POINT('',(6.527650942525,5.254132167439));
#4024 = CARTESIAN_POINT('',(6.538587841443,5.402924302467));
#4025 = CARTESIAN_POINT('',(6.548654195154,5.555712693335));
#4026 = CARTESIAN_POINT('',(6.557859944609,5.712060148123));
#4027 = CARTESIAN_POINT('',(6.566214106779,5.871570538877));
#4028 = CARTESIAN_POINT('',(6.573726725009,6.033935116887));
#4029 = CARTESIAN_POINT('',(6.580402526643,6.198799641709));
#4030 = CARTESIAN_POINT('',(6.586245380354,6.365822462447));
#4031 = CARTESIAN_POINT('',(6.591258714927,6.534684029701));
#4032 = CARTESIAN_POINT('',(6.595445421675,6.705081182536));
#4033 = CARTESIAN_POINT('',(6.598807880103,6.87672578086));
#4034 = CARTESIAN_POINT('',(6.601347944463,7.049341271809));
#4035 = CARTESIAN_POINT('',(6.603066903623,7.222663265306));
#4036 = CARTESIAN_POINT('',(6.603965529034,7.396426229563));
#4037 = CARTESIAN_POINT('',(6.60404374094,7.570401788277));
#4038 = CARTESIAN_POINT('',(6.60330180557,7.744172402905));
#4039 = CARTESIAN_POINT('',(6.601740561901,7.917508199014));
#4040 = CARTESIAN_POINT('',(6.59935966293,8.090165226408));
#4041 = CARTESIAN_POINT('',(6.596158008869,8.261893148565));
#4042 = CARTESIAN_POINT('',(6.592133702308,8.432430336521));
#4043 = CARTESIAN_POINT('',(6.587284125815,8.601502135033));
#4044 = CARTESIAN_POINT('',(6.581605976838,8.768818189973));
#4045 = CARTESIAN_POINT('',(6.575095320684,8.934069470137));
#4046 = CARTESIAN_POINT('',(6.567747583669,9.096926518551));
#4047 = CARTESIAN_POINT('',(6.559557736991,9.257032116606));
#4048 = CARTESIAN_POINT('',(6.550519746262,9.414014049346));
#4049 = CARTESIAN_POINT('',(6.540628735253,9.567421992145));
#4050 = CARTESIAN_POINT('',(6.52987299318,9.716946706272));
#4051 = CARTESIAN_POINT('',(6.518080620361,9.863995041396));
#4052 = CARTESIAN_POINT('',(6.505286614206,10.006906313983));
#4053 = CARTESIAN_POINT('',(6.491494740451,10.144648447771));
#4054 = CARTESIAN_POINT('',(6.476725692197,10.276046696076));
#4055 = CARTESIAN_POINT('',(6.461003542335,10.399989374354));
#4056 = CARTESIAN_POINT('',(6.44435877467,10.515371584287));
#4057 = CARTESIAN_POINT('',(6.426826940308,10.621108918344));
#4058 = CARTESIAN_POINT('',(6.408448577922,10.716132170818));
#4059 = CARTESIAN_POINT('',(6.389268903007,10.799386867074));
#4060 = CARTESIAN_POINT('',(6.369337709594,10.869831184423));
#4061 = CARTESIAN_POINT('',(6.34870930531,10.926433947198));
#4062 = CARTESIAN_POINT('',(6.32744285106,10.968172121924));
#4063 = CARTESIAN_POINT('',(6.305601897579,10.994028097672));
#4064 = CARTESIAN_POINT('',(6.290705751454,10.999999898089));
#4065 = CARTESIAN_POINT('',(6.28318530718,11.));
#4066 = ( GEOMETRIC_REPRESENTATION_CONTEXT(2) 
PARAMETRIC_REPRESENTATION_CONTEXT() REPRESENTATION_CONTEXT('2D SPACE',''
  ) );
#4067 = ORIENTED_EDGE('',*,*,#4068,.F.);
#4068 = EDGE_CURVE('',#4069,#3740,#4071,.T.);
#4069 = VERTEX_POINT('',#4070);
#4070 = CARTESIAN_POINT('',(725.12762996541,8.572527594031E-16,
    500.39043033167));
#4071 = SEAM_CURVE('',#4072,(#4076,#4083),.PCURVE_S1.);
#4072 = LINE('',#4073,#4074);
#4073 = CARTESIAN_POINT('',(697.97051322469,8.572527594031E-16,
    490.50604818956));
#4074 = VECTOR('',#4075,1.);
#4075 = DIRECTION('',(0.939692620786,-1.232595164408E-32,0.342020143326)
  );
#4076 = PCURVE('',#3824,#4077);
#4077 = DEFINITIONAL_REPRESENTATION('',(#4078),#4082);
#4078 = LINE('',#4079,#4080);
#4079 = CARTESIAN_POINT('',(0.,-0.));
#4080 = VECTOR('',#4081,1.);
#4081 = DIRECTION('',(0.,1.));
#4082 = ( GEOMETRIC_REPRESENTATION_CONTEXT(2) 
PARAMETRIC_REPRESENTATION_CONTEXT() REPRESENTATION_CONTEXT('2D SPACE',''
  ) );
#4083 = PCURVE('',#3824,#4084);
#4084 = DEFINITIONAL_REPRESENTATION('',(#4085),#4089);
#4085 = LINE('',#4086,#4087);
#4086 = CARTESIAN_POINT('',(6.28318530718,-0.));
#4087 = VECTOR('',#4088,1.);
#4088 = DIRECTION('',(0.,1.));
#4089 = ( GEOMETRIC_REPRESENTATION_CONTEXT(2) 
PARAMETRIC_REPRESENTATION_CONTEXT() REPRESENTATION_CONTEXT('2D SPACE',''
  ) );
#4090 = ORIENTED_EDGE('',*,*,#4091,.T.);
#4091 = EDGE_CURVE('',#4069,#4069,#4092,.T.);
#4092 = SURFACE_CURVE('',#4093,(#4173,#4256),.PCURVE_S1.);
#4093 = B_SPLINE_CURVE_WITH_KNOTS('',8,(#4094,#4095,#4096,#4097,#4098,
    #4099,#4100,#4101,#4102,#4103,#4104,#4105,#4106,#4107,#4108,#4109,
    #4110,#4111,#4112,#4113,#4114,#4115,#4116,#4117,#4118,#4119,#4120,
    #4121,#4122,#4123,#4124,#4125,#4126,#4127,#4128,#4129,#4130,#4131,
    #4132,#4133,#4134,#4135,#4136,#4137,#4138,#4139,#4140,#4141,#4142,
    #4143,#4144,#4145,#4146,#4147,#4148,#4149,#4150,#4151,#4152,#4153,
    #4154,#4155,#4156,#4157,#4158,#4159,#4160,#4161,#4162,#4163,#4164,
    #4165,#4166,#4167,#4168,#4169,#4170,#4171,#4172),.UNSPECIFIED.,.T.,
  .F.,(9,7,7,7,7,7,7,7,7,7,7,9),(0.,7.071863602467E-02,0.16167924529,
    0.250482170556,0.366266287029,0.459100502456,0.527658702115,
    0.606189734147,0.682343354713,0.751365578552,0.867129250947,1.),
  .UNSPECIFIED.);
#4094 = CARTESIAN_POINT('',(725.1276299654,8.881784197001E-16,
    500.39043033167));
#4095 = CARTESIAN_POINT('',(725.1276299654,-0.236759037211,
    500.39043033167));
#4096 = CARTESIAN_POINT('',(725.13931332178,-0.471759312311,
    500.37520421137));
#4097 = CARTESIAN_POINT('',(725.16237718777,-0.702755499233,
    500.34514907211));
#4098 = CARTESIAN_POINT('',(725.19609810813,-0.927573089282,
    500.30096543451));
#4099 = CARTESIAN_POINT('',(725.23936128409,-1.144166511966,
    500.24366149023));
#4100 = CARTESIAN_POINT('',(725.29071194069,-1.350676473032,
    500.17457346065));
#4101 = CARTESIAN_POINT('',(725.34842879669,-1.545486509719,
    500.09540206261));
#4102 = CARTESIAN_POINT('',(725.49061151776,-1.961105871158,
    499.89618666177));
#4103 = CARTESIAN_POINT('',(725.57881852838,-2.175775185313,
    499.76978925032));
#4104 = CARTESIAN_POINT('',(725.67275858024,-2.371465434004,
    499.63130677951));
#4105 = CARTESIAN_POINT('',(725.7703467152,-2.548590133588,
    499.48252568576));
#4106 = CARTESIAN_POINT('',(725.86987455381,-2.707678599743,
    499.3248876051));
#4107 = CARTESIAN_POINT('',(725.96996147097,-2.849289257226,
    499.15955510422));
#4108 = CARTESIAN_POINT('',(726.06949763197,-2.973945500991,
    498.98745422873));
#4109 = CARTESIAN_POINT('',(726.263373341,-3.187658051315,
    498.63538690277));
#4110 = CARTESIAN_POINT('',(726.35781215246,-3.277524111147,
    498.45564580508));
#4111 = CARTESIAN_POINT('',(726.45001865579,-3.351989493785,
    498.27088027794));
#4112 = CARTESIAN_POINT('',(726.53926378771,-3.411307550928,
    498.08180140185));
#4113 = CARTESIAN_POINT('',(726.62496478406,-3.455673334622,
    497.88906328719));
#4114 = CARTESIAN_POINT('',(726.7066664867,-3.485217670099,
    497.69329122731));
#4115 = CARTESIAN_POINT('',(726.78402539547,-3.5,497.49511013525));
#4116 = CARTESIAN_POINT('',(726.95167773192,-3.5,497.03448912655));
#4117 = CARTESIAN_POINT('',(727.03860735699,-3.474870963193,
    496.77123956619));
#4118 = CARTESIAN_POINT('',(727.11712465007,-3.424708850938,
    496.50678392475));
#4119 = CARTESIAN_POINT('',(727.18701376446,-3.349334233148,
    496.24262978414));
#4120 = CARTESIAN_POINT('',(727.24827787239,-3.248331956185,
    495.9805257713));
#4121 = CARTESIAN_POINT('',(727.30112898375,-3.121087400987,
    495.72258656063));
#4122 = CARTESIAN_POINT('',(727.34598216381,-2.966828904952,
    495.47145644466));
#4123 = CARTESIAN_POINT('',(727.41347844606,-2.63864601926,
    495.03733637311));
#4124 = CARTESIAN_POINT('',(727.43888496958,-2.474080832291,
    494.84991391981));
#4125 = CARTESIAN_POINT('',(727.45986140544,-2.290494871228,
    494.67036996285));
#4126 = CARTESIAN_POINT('',(727.4767294673,-2.08751172921,
    494.50117892244));
#4127 = CARTESIAN_POINT('',(727.48992581714,-1.864919875823,
    494.34519532252));
#4128 = CARTESIAN_POINT('',(727.49998267853,-1.622741406961,
    494.20569188322));
#4129 = CARTESIAN_POINT('',(727.50746282848,-1.361336894526,
    494.08640952036));
#4130 = CARTESIAN_POINT('',(727.51676740826,-0.874943463412,
    493.92161472602));
#4131 = CARTESIAN_POINT('',(727.51956094339,-0.658231480295,
    493.86494245955));
#4132 = CARTESIAN_POINT('',(727.52133114274,-0.433934822556,
    493.82407918069));
#4133 = CARTESIAN_POINT('',(727.52226184722,-0.204801567789,
    493.8007020763));
#4134 = CARTESIAN_POINT('',(727.52247131594,2.627589224049E-02,
    493.79567628528));
#4135 = CARTESIAN_POINT('',(727.52196071324,0.256354615317,
    493.80904673697));
#4136 = CARTESIAN_POINT('',(727.52062486568,0.482536164416,
    493.84003331172));
#4137 = CARTESIAN_POINT('',(727.515691204,0.953523255076,493.94086161996
    ));
#4138 = CARTESIAN_POINT('',(727.51181307365,1.194333695387,
    494.01528839576));
#4139 = CARTESIAN_POINT('',(727.50648860277,1.423211641948,
    494.1078994967));
#4140 = CARTESIAN_POINT('',(727.499398484,1.639138888679,494.21630160232
    ));
#4141 = CARTESIAN_POINT('',(727.49018637789,1.841343387684,
    494.33812259895));
#4142 = CARTESIAN_POINT('',(727.47852662876,2.029285918136,
    494.47101597207));
#4143 = CARTESIAN_POINT('',(727.46417971618,2.202651694026,
    494.61266521814));
#4144 = CARTESIAN_POINT('',(727.43041018607,2.51523786327,
    494.90442712579));
#4145 = CARTESIAN_POINT('',(727.41105677315,2.65623971655,
    495.05499912881));
#4146 = CARTESIAN_POINT('',(727.38874752666,2.78465511099,
    495.21117564308));
#4147 = CARTESIAN_POINT('',(727.36328563523,2.900801066207,
    495.37184772415));
#4148 = CARTESIAN_POINT('',(727.33450497022,3.00498820348,
    495.53609492582));
#4149 = CARTESIAN_POINT('',(727.3022687669,3.097501105449,495.7031545648
    ));
#4150 = CARTESIAN_POINT('',(727.26646716963,3.178579813065,
    495.87239144907));
#4151 = CARTESIAN_POINT('',(727.19125473322,3.311686573131,
    496.19814296979));
#4152 = CARTESIAN_POINT('',(727.15250387806,3.365710134422,
    496.35433010125));
#4153 = CARTESIAN_POINT('',(727.11071749857,3.41058191622,
    496.51135167262));
#4154 = CARTESIAN_POINT('',(727.06588022891,3.446390689934,
    496.66877824462));
#4155 = CARTESIAN_POINT('',(727.01800659548,3.473203956332,
    496.82622042991));
#4156 = CARTESIAN_POINT('',(726.96714269811,3.491066676036,
    496.98332059275));
#4157 = CARTESIAN_POINT('',(726.91336789127,3.5,497.13974454866));
#4158 = CARTESIAN_POINT('',(726.76191519872,3.5,497.55585740157));
#4159 = CARTESIAN_POINT('',(726.65929359929,3.474870963193,
    497.81339555036));
#4160 = CARTESIAN_POINT('',(726.54945252571,3.424708850938,
    498.06645026807));
#4161 = CARTESIAN_POINT('',(726.43319568479,3.349334233148,
    498.3137279364));
#4162 = CARTESIAN_POINT('',(726.31164950234,3.248331956185,
    498.55389106844));
#4163 = CARTESIAN_POINT('',(726.18633567383,3.121087400987,
    498.78545600698));
#4164 = CARTESIAN_POINT('',(726.05927187622,2.966828904952,
    499.00666390522));
#4165 = CARTESIAN_POINT('',(725.78827463671,2.575626600486,
    499.45479514099));
#4166 = CARTESIAN_POINT('',(725.64041201623,2.323753509845,
    499.68469541668));
#4167 = CARTESIAN_POINT('',(725.49633506661,2.027931013494,
    499.89550461372));
#4168 = CARTESIAN_POINT('',(725.36418073116,1.689338669626,
    500.07881251157));
#4169 = CARTESIAN_POINT('',(725.25294162928,1.311215080715,
    500.2271250432));
#4170 = CARTESIAN_POINT('',(725.17143094823,0.898618936663,
    500.33334975427));
#4171 = CARTESIAN_POINT('',(725.1276299654,0.45841728889,500.39043033167
    ));
#4172 = CARTESIAN_POINT('',(725.1276299654,8.881784197001E-16,
    500.39043033167));
#4173 = PCURVE('',#3824,#4174);
#4174 = DEFINITIONAL_REPRESENTATION('',(#4175),#4255);
#4175 = B_SPLINE_CURVE_WITH_KNOTS('',8,(#4176,#4177,#4178,#4179,#4180,
    #4181,#4182,#4183,#4184,#4185,#4186,#4187,#4188,#4189,#4190,#4191,
    #4192,#4193,#4194,#4195,#4196,#4197,#4198,#4199,#4200,#4201,#4202,
    #4203,#4204,#4205,#4206,#4207,#4208,#4209,#4210,#4211,#4212,#4213,
    #4214,#4215,#4216,#4217,#4218,#4219,#4220,#4221,#4222,#4223,#4224,
    #4225,#4226,#4227,#4228,#4229,#4230,#4231,#4232,#4233,#4234,#4235,
    #4236,#4237,#4238,#4239,#4240,#4241,#4242,#4243,#4244,#4245,#4246,
    #4247,#4248,#4249,#4250,#4251,#4252,#4253,#4254),.UNSPECIFIED.,.F.,
  .F.,(9,7,7,7,7,7,7,7,7,7,7,9),(0.,7.071863602467E-02,0.16167924529,
    0.250482170556,0.366266287029,0.459100502456,0.527658702115,
    0.606189734147,0.682343354713,0.751365578552,0.867129250947,1.),
  .UNSPECIFIED.);
#4176 = CARTESIAN_POINT('',(0.,28.9));
#4177 = CARTESIAN_POINT('',(6.764543920305E-02,28.9));
#4178 = CARTESIAN_POINT('',(0.13478832082,28.905771123933));
#4179 = CARTESIAN_POINT('',(0.201259083605,28.917164605566));
#4180 = CARTESIAN_POINT('',(0.266878083468,28.933740211529));
#4181 = CARTESIAN_POINT('',(0.331443490901,28.954795195493));
#4182 = CARTESIAN_POINT('',(0.394715826434,28.979419530804));
#4183 = CARTESIAN_POINT('',(0.456399134126,29.006577421572));
#4184 = CARTESIAN_POINT('',(0.592932160398,29.072049795416));
#4185 = CARTESIAN_POINT('',(0.667278329137,29.111706811615));
#4186 = CARTESIAN_POINT('',(0.739476410305,29.152617790629));
#4187 = CARTESIAN_POINT('',(0.809796939655,29.193434509923));
#4188 = CARTESIAN_POINT('',(0.878487845591,29.233044686487));
#4189 = CARTESIAN_POINT('',(0.945784657038,29.270548578326));
#4190 = CARTESIAN_POINT('',(1.011916256219,29.305220008225));
#4191 = CARTESIAN_POINT('',(1.140772062689,29.366989464061));
#4192 = CARTESIAN_POINT('',(1.203561223962,29.394257842316));
#4193 = CARTESIAN_POINT('',(1.265653739552,29.417710081009));
#4194 = CARTESIAN_POINT('',(1.327202057818,29.43690428861));
#4195 = CARTESIAN_POINT('',(1.388349813599,29.451516564875));
#4196 = CARTESIAN_POINT('',(1.449237366201,29.461333063974));
#4197 = CARTESIAN_POINT('',(1.510005362732,29.466244734189));
#4198 = CARTESIAN_POINT('',(1.650057545302,29.466244734189));
#4199 = CARTESIAN_POINT('',(1.729230447487,29.457895209031));
#4200 = CARTESIAN_POINT('',(1.80866413405,29.441228173551));
#4201 = CARTESIAN_POINT('',(1.888683784786,29.416556421589));
#4202 = CARTESIAN_POINT('',(1.96962004927,29.384480999696));
#4203 = CARTESIAN_POINT('',(2.051817800467,29.345924393232));
#4204 = CARTESIAN_POINT('',(2.135649047652,29.302181037303));
#4205 = CARTESIAN_POINT('',(2.290432936431,29.217128986569));
#4206 = CARTESIAN_POINT('',(2.360927309558,29.176901054902));
#4207 = CARTESIAN_POINT('',(2.43318476632,29.135204806999));
#4208 = CARTESIAN_POINT('',(2.507361949241,29.09318885636));
#4209 = CARTESIAN_POINT('',(2.583639922721,29.052239835728));
#4210 = CARTESIAN_POINT('',(2.662229392936,29.013977207861));
#4211 = CARTESIAN_POINT('',(2.743383279019,28.980209278727));
#4212 = CARTESIAN_POINT('',(2.889504513,28.932589584506));
#4213 = CARTESIAN_POINT('',(2.95317784015,28.915831592155));
#4214 = CARTESIAN_POINT('',(3.017934528871,28.903518970931));
#4215 = CARTESIAN_POINT('',(3.083336848013,28.896398106469));
#4216 = CARTESIAN_POINT('',(3.148993274602,28.894876020914));
#4217 = CARTESIAN_POINT('',(3.214524307377,28.898969175126));
#4218 = CARTESIAN_POINT('',(3.279528995338,28.908311921768));
#4219 = CARTESIAN_POINT('',(3.416888512996,28.938161108729));
#4220 = CARTESIAN_POINT('',(3.488377521453,28.959972314784));
#4221 = CARTESIAN_POINT('',(3.558134627973,28.986643810806));
#4222 = CARTESIAN_POINT('',(3.626227558396,29.017056982213));
#4223 = CARTESIAN_POINT('',(3.692688102603,29.050065668811));
#4224 = CARTESIAN_POINT('',(3.757517077404,29.084561299113));
#4225 = CARTESIAN_POINT('',(3.820682492847,29.119526506673));
#4226 = CARTESIAN_POINT('',(3.941679695702,29.187581977898));
#4227 = CARTESIAN_POINT('',(3.999966069302,29.220894376636));
#4228 = CARTESIAN_POINT('',(4.057129940052,29.253346056133));
#4229 = CARTESIAN_POINT('',(4.113314829395,29.284372792844));
#4230 = CARTESIAN_POINT('',(4.16865541945,29.313503665764));
#4231 = CARTESIAN_POINT('',(4.223282445979,29.340349305051));
#4232 = CARTESIAN_POINT('',(4.277324947771,29.364589231696));
#4233 = CARTESIAN_POINT('',(4.379476843238,29.405326242023));
#4234 = CARTESIAN_POINT('',(4.427657207698,29.422331494463));
#4235 = CARTESIAN_POINT('',(4.475521680714,29.436769682353));
#4236 = CARTESIAN_POINT('',(4.523137284981,29.448479489638));
#4237 = CARTESIAN_POINT('',(4.570568542762,29.45734138835));
#4238 = CARTESIAN_POINT('',(4.617878667654,29.463276379535));
#4239 = CARTESIAN_POINT('',(4.665130756346,29.466244734189));
#4240 = CARTESIAN_POINT('',(4.791650198892,29.466244734189));
#4241 = CARTESIAN_POINT('',(4.870823101077,29.457895209031));
#4242 = CARTESIAN_POINT('',(4.95025678764,29.441228173551));
#4243 = CARTESIAN_POINT('',(5.030276438376,29.416556421589));
#4244 = CARTESIAN_POINT('',(5.111212702859,29.384480999696));
#4245 = CARTESIAN_POINT('',(5.193410454057,29.345924393232));
#4246 = CARTESIAN_POINT('',(5.277241701242,29.302181037303));
#4247 = CARTESIAN_POINT('',(5.461748013498,29.200796840571));
#4248 = CARTESIAN_POINT('',(5.565948694517,29.140481952465));
#4249 = CARTESIAN_POINT('',(5.67484335351,29.077194897867));
#4250 = CARTESIAN_POINT('',(5.787961604957,29.015705437529));
#4251 = CARTESIAN_POINT('',(5.905129620947,28.961900747675));
#4252 = CARTESIAN_POINT('',(6.026436851003,28.921636753089));
#4253 = CARTESIAN_POINT('',(6.152208938925,28.9));
#4254 = CARTESIAN_POINT('',(6.28318530718,28.9));
#4255 = ( GEOMETRIC_REPRESENTATION_CONTEXT(2) 
PARAMETRIC_REPRESENTATION_CONTEXT() REPRESENTATION_CONTEXT('2D SPACE',''
  ) );
#4256 = PCURVE('',#4257,#4262);
#4257 = CYLINDRICAL_SURFACE('',#4258,11.1);
#4258 = AXIS2_PLACEMENT_3D('',#4259,#4260,#4261);
#4259 = CARTESIAN_POINT('',(739.32043963271,0.,493.85023509394));
#4260 = DIRECTION('',(-0.342020143326,0.,0.939692620786));
#4261 = DIRECTION('',(0.939692620786,0.,0.342020143326));
#4262 = DEFINITIONAL_REPRESENTATION('',(#4263),#4343);
#4263 = B_SPLINE_CURVE_WITH_KNOTS('',8,(#4264,#4265,#4266,#4267,#4268,
    #4269,#4270,#4271,#4272,#4273,#4274,#4275,#4276,#4277,#4278,#4279,
    #4280,#4281,#4282,#4283,#4284,#4285,#4286,#4287,#4288,#4289,#4290,
    #4291,#4292,#4293,#4294,#4295,#4296,#4297,#4298,#4299,#4300,#4301,
    #4302,#4303,#4304,#4305,#4306,#4307,#4308,#4309,#4310,#4311,#4312,
    #4313,#4314,#4315,#4316,#4317,#4318,#4319,#4320,#4321,#4322,#4323,
    #4324,#4325,#4326,#4327,#4328,#4329,#4330,#4331,#4332,#4333,#4334,
    #4335,#4336,#4337,#4338,#4339,#4340,#4341,#4342),.UNSPECIFIED.,.T.,
  .F.,(9,7,7,7,7,7,7,7,7,7,7,9),(0.,7.071863602467E-02,0.16167924529,
    0.250482170556,0.366266287029,0.459100502456,0.527658702115,
    0.606189734147,0.682343354713,0.751365578552,0.867129250947,1.),
  .UNSPECIFIED.);
#4264 = CARTESIAN_POINT('',(3.14159265359,11.));
#4265 = CARTESIAN_POINT('',(3.162922296582,11.));
#4266 = CARTESIAN_POINT('',(3.184093511577,10.981696183888));
#4267 = CARTESIAN_POINT('',(3.204918711549,10.945565284559));
#4268 = CARTESIAN_POINT('',(3.225216034676,10.892513012333));
#4269 = CARTESIAN_POINT('',(3.244811274,10.823868041106));
#4270 = CARTESIAN_POINT('',(3.263541255006,10.741383570597));
#4271 = CARTESIAN_POINT('',(3.281258661144,10.64724646472));
#4272 = CARTESIAN_POINT('',(3.319163587226,10.411415867962));
#4273 = CARTESIAN_POINT('',(3.338823527371,10.262472578729));
#4274 = CARTESIAN_POINT('',(3.35682684291,10.100212232797));
#4275 = CARTESIAN_POINT('',(3.373196462973,9.927026628979));
#4276 = CARTESIAN_POINT('',(3.387962805488,9.744854762204));
#4277 = CARTESIAN_POINT('',(3.401158595623,9.555261289393));
#4278 = CARTESIAN_POINT('',(3.41281459379,9.359495994615));
#4279 = CARTESIAN_POINT('',(3.432856049049,8.962351528604));
#4280 = CARTESIAN_POINT('',(3.441315854711,8.761150169616));
#4281 = CARTESIAN_POINT('',(3.448348779359,8.555990885709));
#4282 = CARTESIAN_POINT('',(3.453965387029,8.34779122829));
#4283 = CARTESIAN_POINT('',(3.458173498923,8.137365177142));
#4284 = CARTESIAN_POINT('',(3.460978222655,7.925455989074));
#4285 = CARTESIAN_POINT('',(3.462381554478,7.712768374221));
#4286 = CARTESIAN_POINT('',(3.462381554478,7.222585735225));
#4287 = CARTESIAN_POINT('',(3.459995983191,6.945480383098));
#4288 = CARTESIAN_POINT('',(3.455233942843,6.670118872483));
#4289 = CARTESIAN_POINT('',(3.448089010678,6.397991690875));
#4290 = CARTESIAN_POINT('',(3.438542712889,6.130740925162));
#4291 = CARTESIAN_POINT('',(3.426567001148,5.870281207603));
#4292 = CARTESIAN_POINT('',(3.412125617929,5.618955399691));
#4293 = CARTESIAN_POINT('',(3.381582837471,5.187930883797));
#4294 = CARTESIAN_POINT('',(3.366322066015,5.003121844639));
#4295 = CARTESIAN_POINT('',(3.349365530273,4.827231349582));
#4296 = CARTESIAN_POINT('',(3.330698496043,4.66247456047));
#4297 = CARTESIAN_POINT('',(3.310319996902,4.511384505198));
#4298 = CARTESIAN_POINT('',(3.288245281579,4.376854503537));
#4299 = CARTESIAN_POINT('',(3.264510969873,4.262207385406));
#4300 = CARTESIAN_POINT('',(3.220482236282,4.104168579519));
#4301 = CARTESIAN_POINT('',(3.200904363429,4.049958623628));
#4302 = CARTESIAN_POINT('',(3.180675725207,4.010954258181));
#4303 = CARTESIAN_POINT('',(3.160034895711,3.988668646011));
#4304 = CARTESIAN_POINT('',(3.139228900494,3.983874304756));
#4305 = CARTESIAN_POINT('',(3.118507576397,3.996613055954));
#4306 = CARTESIAN_POINT('',(3.098118358211,4.026187798364));
#4307 = CARTESIAN_POINT('',(3.055601961728,4.122622827261));
#4308 = CARTESIAN_POINT('',(3.033826504187,4.193887517967));
#4309 = CARTESIAN_POINT('',(3.013078297339,4.282734562417));
#4310 = CARTESIAN_POINT('',(2.993443704768,4.387024184583));
#4311 = CARTESIAN_POINT('',(2.974993592737,4.50464920202));
#4312 = CARTESIAN_POINT('',(2.957783452177,4.633515993167));
#4313 = CARTESIAN_POINT('',(2.941852325774,4.771529677533));
#4314 = CARTESIAN_POINT('',(2.913031710339,5.057246048704));
#4315 = CARTESIAN_POINT('',(2.899981165991,5.2053567059));
#4316 = CARTESIAN_POINT('',(2.88805073121,5.359744835587));
#4317 = CARTESIAN_POINT('',(2.877221880304,5.519435684288));
#4318 = CARTESIAN_POINT('',(2.86747666911,5.683621134852));
#4319 = CARTESIAN_POINT('',(2.858798849357,5.851631275719));
#4320 = CARTESIAN_POINT('',(2.851175166096,6.022906794462));
#4321 = CARTESIAN_POINT('',(2.838634537024,6.354737262972));
#4322 = CARTESIAN_POINT('',(2.833532266419,6.514758730901));
#4323 = CARTESIAN_POINT('',(2.829285785603,6.676602526323));
#4324 = CARTESIAN_POINT('',(2.825891719647,6.839870363738));
#4325 = CARTESIAN_POINT('',(2.823347583442,7.00419137042));
#4326 = CARTESIAN_POINT('',(2.821651805656,7.169213711637));
#4327 = CARTESIAN_POINT('',(2.820803752702,7.334596215864));
#4328 = CARTESIAN_POINT('',(2.820803752702,7.777414264775));
#4329 = CARTESIAN_POINT('',(2.823189323989,8.054519616902));
#4330 = CARTESIAN_POINT('',(2.827951364336,8.329881127518));
#4331 = CARTESIAN_POINT('',(2.835096296502,8.602008309125));
#4332 = CARTESIAN_POINT('',(2.844642594291,8.869259074837));
#4333 = CARTESIAN_POINT('',(2.856618306032,9.129718792398));
#4334 = CARTESIAN_POINT('',(2.87105968925,9.381044600309));
#4335 = CARTESIAN_POINT('',(2.907467456447,9.8948367304));
#4336 = CARTESIAN_POINT('',(2.93079623835,10.16144431763));
#4337 = CARTESIAN_POINT('',(2.958036255018,10.408817383447));
#4338 = CARTESIAN_POINT('',(2.989006614318,10.626269907138));
#4339 = CARTESIAN_POINT('',(3.023357783175,10.803684112249));
#4340 = CARTESIAN_POINT('',(3.060636001827,10.931380984203));
#4341 = CARTESIAN_POINT('',(3.100293798735,11.));
#4342 = CARTESIAN_POINT('',(3.14159265359,11.));
#4343 = ( GEOMETRIC_REPRESENTATION_CONTEXT(2) 
PARAMETRIC_REPRESENTATION_CONTEXT() REPRESENTATION_CONTEXT('2D SPACE',''
  ) );
#4344 = ORIENTED_EDGE('',*,*,#4068,.T.);
#4345 = ADVANCED_FACE('',(#4346),#4257,.T.);
#4346 = FACE_BOUND('',#4347,.T.);
#4347 = EDGE_LOOP('',(#4348));
#4348 = ORIENTED_EDGE('',*,*,#4091,.F.);
#4349 = ADVANCED_FACE('',(#4350),#3946,.T.);
#4350 = FACE_BOUND('',#4351,.T.);
#4351 = EDGE_LOOP('',(#4352));
#4352 = ORIENTED_EDGE('',*,*,#3739,.T.);
#4353 = ( GEOMETRIC_REPRESENTATION_CONTEXT(3) 
GLOBAL_UNCERTAINTY_ASSIGNED_CONTEXT((#4357)) 
GLOBAL_UNIT_ASSIGNED_CONTEXT((#4354,#4355,#4356)) REPRESENTATION_CONTEXT
('Context #1','3D Context with UNIT and UNCERTAINTY') );
#4354 = ( LENGTH_UNIT() NAMED_UNIT(*) SI_UNIT(.MILLI.,.METRE.) );
#4355 = ( NAMED_UNIT(*) PLANE_ANGLE_UNIT() SI_UNIT($,.RADIAN.) );
#4356 = ( NAMED_UNIT(*) SI_UNIT($,.STERADIAN.) SOLID_ANGLE_UNIT() );
#4357 = UNCERTAINTY_MEASURE_WITH_UNIT(LENGTH_MEASURE(1.E-07),#4354,
  'distance_accuracy_value','confusion accuracy');
#4358 = CONTEXT_DEPENDENT_SHAPE_REPRESENTATION(#4359,#4361);
#4359 = ( REPRESENTATION_RELATIONSHIP('','',#36,#10) 
REPRESENTATION_RELATIONSHIP_WITH_TRANSFORMATION(#4360) 
SHAPE_REPRESENTATION_RELATIONSHIP() );
#4360 = ITEM_DEFINED_TRANSFORMATION('','',#11,#15);
#4361 = PRODUCT_DEFINITION_SHAPE('Placement','Placement of an item',
  #4362);
#4362 = NEXT_ASSEMBLY_USAGE_OCCURRENCE('374','=>[0:1:1:2]','',#5,#31,$);
#4363 = PRODUCT_RELATED_PRODUCT_CATEGORY('part',$,(#33));
#4364 = SHAPE_DEFINITION_REPRESENTATION(#4365,#4371);
#4365 = PRODUCT_DEFINITION_SHAPE('','',#4366);
#4366 = PRODUCT_DEFINITION('design','',#4367,#4370);
#4367 = PRODUCT_DEFINITION_FORMATION('','',#4368);
#4368 = PRODUCT('COMPOUND','COMPOUND','',(#4369));
#4369 = PRODUCT_CONTEXT('',#2,'mechanical');
#4370 = PRODUCT_DEFINITION_CONTEXT('part definition',#2,'design');
#4371 = SHAPE_REPRESENTATION('',(#11,#4372,#4376),#4380);
#4372 = AXIS2_PLACEMENT_3D('',#4373,#4374,#4375);
#4373 = CARTESIAN_POINT('',(0.,0.,0.));
#4374 = DIRECTION('',(0.,0.,1.));
#4375 = DIRECTION('',(1.,0.,-0.));
#4376 = AXIS2_PLACEMENT_3D('',#4377,#4378,#4379);
#4377 = CARTESIAN_POINT('',(0.,0.,0.));
#4378 = DIRECTION('',(0.,0.,1.));
#4379 = DIRECTION('',(1.,0.,-0.));
#4380 = ( GEOMETRIC_REPRESENTATION_CONTEXT(3) 
GLOBAL_UNCERTAINTY_ASSIGNED_CONTEXT((#4384)) 
GLOBAL_UNIT_ASSIGNED_CONTEXT((#4381,#4382,#4383)) REPRESENTATION_CONTEXT
('Context #1','3D Context with UNIT and UNCERTAINTY') );
#4381 = ( LENGTH_UNIT() NAMED_UNIT(*) SI_UNIT(.MILLI.,.METRE.) );
#4382 = ( NAMED_UNIT(*) PLANE_ANGLE_UNIT() SI_UNIT($,.RADIAN.) );
#4383 = ( NAMED_UNIT(*) SI_UNIT($,.STERADIAN.) SOLID_ANGLE_UNIT() );
#4384 = UNCERTAINTY_MEASURE_WITH_UNIT(LENGTH_MEASURE(1.E-07),#4381,
  'distance_accuracy_value','confusion accuracy');
#4385 = CONTEXT_DEPENDENT_SHAPE_REPRESENTATION(#4386,#4388);
#4386 = ( REPRESENTATION_RELATIONSHIP('','',#4371,#10) 
REPRESENTATION_RELATIONSHIP_WITH_TRANSFORMATION(#4387) 
SHAPE_REPRESENTATION_RELATIONSHIP() );
#4387 = ITEM_DEFINED_TRANSFORMATION('','',#11,#19);
#4388 = PRODUCT_DEFINITION_SHAPE('Placement','Placement of an item',
  #4389);
#4389 = NEXT_ASSEMBLY_USAGE_OCCURRENCE('377','=>[0:1:1:3]','',#5,#4366,$
  );
#4390 = PRODUCT_RELATED_PRODUCT_CATEGORY('part',$,(#4368));
#4391 = SHAPE_DEFINITION_REPRESENTATION(#4392,#4398);
#4392 = PRODUCT_DEFINITION_SHAPE('','',#4393);
#4393 = PRODUCT_DEFINITION('design','',#4394,#4397);
#4394 = PRODUCT_DEFINITION_FORMATION('','',#4395);
#4395 = PRODUCT('SOLID','SOLID','',(#4396));
#4396 = PRODUCT_CONTEXT('',#2,'mechanical');
#4397 = PRODUCT_DEFINITION_CONTEXT('part definition',#2,'design');
#4398 = ADVANCED_BREP_SHAPE_REPRESENTATION('',(#11,#4399),#4581);
#4399 = MANIFOLD_SOLID_BREP('',#4400);
#4400 = CLOSED_SHELL('',(#4401,#4489,#4524,#4554));
#4401 = ADVANCED_FACE('',(#4402),#4415,.T.);
#4402 = FACE_BOUND('',#4403,.T.);
#4403 = EDGE_LOOP('',(#4404,#4438,#4461,#4488));
#4404 = ORIENTED_EDGE('',*,*,#4405,.F.);
#4405 = EDGE_CURVE('',#4406,#4406,#4408,.T.);
#4406 = VERTEX_POINT('',#4407);
#4407 = CARTESIAN_POINT('',(747.98323946244,-4.531193156845E-15,
    524.1397695755));
#4408 = SURFACE_CURVE('',#4409,(#4414,#4426),.PCURVE_S1.);
#4409 = CIRCLE('',#4410,18.5);
#4410 = AXIS2_PLACEMENT_3D('',#4411,#4412,#4413);
#4411 = CARTESIAN_POINT('',(730.5989259779,0.,517.81239692398));
#4412 = DIRECTION('',(-0.342020143326,0.,0.939692620786));
#4413 = DIRECTION('',(0.939692620786,0.,0.342020143326));
#4414 = PCURVE('',#4415,#4420);
#4415 = CYLINDRICAL_SURFACE('',#4416,18.5);
#4416 = AXIS2_PLACEMENT_3D('',#4417,#4418,#4419);
#4417 = CARTESIAN_POINT('',(734.01912741116,0.,508.41547071612));
#4418 = DIRECTION('',(-0.342020143326,0.,0.939692620786));
#4419 = DIRECTION('',(0.939692620786,0.,0.342020143326));
#4420 = DEFINITIONAL_REPRESENTATION('',(#4421),#4425);
#4421 = LINE('',#4422,#4423);
#4422 = CARTESIAN_POINT('',(0.,10.));
#4423 = VECTOR('',#4424,1.);
#4424 = DIRECTION('',(1.,0.));
#4425 = ( GEOMETRIC_REPRESENTATION_CONTEXT(2) 
PARAMETRIC_REPRESENTATION_CONTEXT() REPRESENTATION_CONTEXT('2D SPACE',''
  ) );
#4426 = PCURVE('',#4427,#4432);
#4427 = PLANE('',#4428);
#4428 = AXIS2_PLACEMENT_3D('',#4429,#4430,#4431);
#4429 = CARTESIAN_POINT('',(730.5989259779,0.,517.81239692398));
#4430 = DIRECTION('',(-0.342020143326,0.,0.939692620786));
#4431 = DIRECTION('',(0.939692620786,0.,0.342020143326));
#4432 = DEFINITIONAL_REPRESENTATION('',(#4433),#4437);
#4433 = CIRCLE('',#4434,18.5);
#4434 = AXIS2_PLACEMENT_2D('',#4435,#4436);
#4435 = CARTESIAN_POINT('',(0.,0.));
#4436 = DIRECTION('',(1.,0.));
#4437 = ( GEOMETRIC_REPRESENTATION_CONTEXT(2) 
PARAMETRIC_REPRESENTATION_CONTEXT() REPRESENTATION_CONTEXT('2D SPACE',''
  ) );
#4438 = ORIENTED_EDGE('',*,*,#4439,.F.);
#4439 = EDGE_CURVE('',#4440,#4406,#4442,.T.);
#4440 = VERTEX_POINT('',#4441);
#4441 = CARTESIAN_POINT('',(751.4034408957,-4.531193156845E-15,
    514.74284336765));
#4442 = SEAM_CURVE('',#4443,(#4447,#4454),.PCURVE_S1.);
#4443 = LINE('',#4444,#4445);
#4444 = CARTESIAN_POINT('',(751.4034408957,-4.531193156845E-15,
    514.74284336765));
#4445 = VECTOR('',#4446,1.);
#4446 = DIRECTION('',(-0.342020143326,0.,0.939692620786));
#4447 = PCURVE('',#4415,#4448);
#4448 = DEFINITIONAL_REPRESENTATION('',(#4449),#4453);
#4449 = LINE('',#4450,#4451);
#4450 = CARTESIAN_POINT('',(6.28318530718,-0.));
#4451 = VECTOR('',#4452,1.);
#4452 = DIRECTION('',(0.,1.));
#4453 = ( GEOMETRIC_REPRESENTATION_CONTEXT(2) 
PARAMETRIC_REPRESENTATION_CONTEXT() REPRESENTATION_CONTEXT('2D SPACE',''
  ) );
#4454 = PCURVE('',#4415,#4455);
#4455 = DEFINITIONAL_REPRESENTATION('',(#4456),#4460);
#4456 = LINE('',#4457,#4458);
#4457 = CARTESIAN_POINT('',(0.,-0.));
#4458 = VECTOR('',#4459,1.);
#4459 = DIRECTION('',(0.,1.));
#4460 = ( GEOMETRIC_REPRESENTATION_CONTEXT(2) 
PARAMETRIC_REPRESENTATION_CONTEXT() REPRESENTATION_CONTEXT('2D SPACE',''
  ) );
#4461 = ORIENTED_EDGE('',*,*,#4462,.T.);
#4462 = EDGE_CURVE('',#4440,#4440,#4463,.T.);
#4463 = SURFACE_CURVE('',#4464,(#4469,#4476),.PCURVE_S1.);
#4464 = CIRCLE('',#4465,18.5);
#4465 = AXIS2_PLACEMENT_3D('',#4466,#4467,#4468);
#4466 = CARTESIAN_POINT('',(734.01912741116,0.,508.41547071612));
#4467 = DIRECTION('',(-0.342020143326,0.,0.939692620786));
#4468 = DIRECTION('',(0.939692620786,0.,0.342020143326));
#4469 = PCURVE('',#4415,#4470);
#4470 = DEFINITIONAL_REPRESENTATION('',(#4471),#4475);
#4471 = LINE('',#4472,#4473);
#4472 = CARTESIAN_POINT('',(0.,0.));
#4473 = VECTOR('',#4474,1.);
#4474 = DIRECTION('',(1.,0.));
#4475 = ( GEOMETRIC_REPRESENTATION_CONTEXT(2) 
PARAMETRIC_REPRESENTATION_CONTEXT() REPRESENTATION_CONTEXT('2D SPACE',''
  ) );
#4476 = PCURVE('',#4477,#4482);
#4477 = PLANE('',#4478);
#4478 = AXIS2_PLACEMENT_3D('',#4479,#4480,#4481);
#4479 = CARTESIAN_POINT('',(734.01912741116,0.,508.41547071612));
#4480 = DIRECTION('',(-0.342020143326,0.,0.939692620786));
#4481 = DIRECTION('',(0.939692620786,0.,0.342020143326));
#4482 = DEFINITIONAL_REPRESENTATION('',(#4483),#4487);
#4483 = CIRCLE('',#4484,18.5);
#4484 = AXIS2_PLACEMENT_2D('',#4485,#4486);
#4485 = CARTESIAN_POINT('',(0.,0.));
#4486 = DIRECTION('',(1.,0.));
#4487 = ( GEOMETRIC_REPRESENTATION_CONTEXT(2) 
PARAMETRIC_REPRESENTATION_CONTEXT() REPRESENTATION_CONTEXT('2D SPACE',''
  ) );
#4488 = ORIENTED_EDGE('',*,*,#4439,.T.);
#4489 = ADVANCED_FACE('',(#4490,#4493),#4427,.T.);
#4490 = FACE_BOUND('',#4491,.T.);
#4491 = EDGE_LOOP('',(#4492));
#4492 = ORIENTED_EDGE('',*,*,#4405,.T.);
#4493 = FACE_BOUND('',#4494,.T.);
#4494 = EDGE_LOOP('',(#4495));
#4495 = ORIENTED_EDGE('',*,*,#4496,.F.);
#4496 = EDGE_CURVE('',#4497,#4497,#4499,.T.);
#4497 = VERTEX_POINT('',#4498);
#4498 = CARTESIAN_POINT('',(742.62699152396,-3.135095805817E-15,
    522.19025475855));
#4499 = SURFACE_CURVE('',#4500,(#4505,#4512),.PCURVE_S1.);
#4500 = CIRCLE('',#4501,12.8);
#4501 = AXIS2_PLACEMENT_3D('',#4502,#4503,#4504);
#4502 = CARTESIAN_POINT('',(730.5989259779,0.,517.81239692398));
#4503 = DIRECTION('',(-0.342020143326,0.,0.939692620786));
#4504 = DIRECTION('',(0.939692620786,0.,0.342020143326));
#4505 = PCURVE('',#4427,#4506);
#4506 = DEFINITIONAL_REPRESENTATION('',(#4507),#4511);
#4507 = CIRCLE('',#4508,12.8);
#4508 = AXIS2_PLACEMENT_2D('',#4509,#4510);
#4509 = CARTESIAN_POINT('',(0.,0.));
#4510 = DIRECTION('',(1.,0.));
#4511 = ( GEOMETRIC_REPRESENTATION_CONTEXT(2) 
PARAMETRIC_REPRESENTATION_CONTEXT() REPRESENTATION_CONTEXT('2D SPACE',''
  ) );
#4512 = PCURVE('',#4513,#4518);
#4513 = CYLINDRICAL_SURFACE('',#4514,12.8);
#4514 = AXIS2_PLACEMENT_3D('',#4515,#4516,#4517);
#4515 = CARTESIAN_POINT('',(734.01912741116,0.,508.41547071612));
#4516 = DIRECTION('',(-0.342020143326,0.,0.939692620786));
#4517 = DIRECTION('',(0.939692620786,0.,0.342020143326));
#4518 = DEFINITIONAL_REPRESENTATION('',(#4519),#4523);
#4519 = LINE('',#4520,#4521);
#4520 = CARTESIAN_POINT('',(0.,10.));
#4521 = VECTOR('',#4522,1.);
#4522 = DIRECTION('',(1.,0.));
#4523 = ( GEOMETRIC_REPRESENTATION_CONTEXT(2) 
PARAMETRIC_REPRESENTATION_CONTEXT() REPRESENTATION_CONTEXT('2D SPACE',''
  ) );
#4524 = ADVANCED_FACE('',(#4525,#4528),#4477,.F.);
#4525 = FACE_BOUND('',#4526,.F.);
#4526 = EDGE_LOOP('',(#4527));
#4527 = ORIENTED_EDGE('',*,*,#4462,.T.);
#4528 = FACE_BOUND('',#4529,.F.);
#4529 = EDGE_LOOP('',(#4530));
#4530 = ORIENTED_EDGE('',*,*,#4531,.F.);
#4531 = EDGE_CURVE('',#4532,#4532,#4534,.T.);
#4532 = VERTEX_POINT('',#4533);
#4533 = CARTESIAN_POINT('',(746.04719295722,-3.135095805817E-15,
    512.79332855069));
#4534 = SURFACE_CURVE('',#4535,(#4540,#4547),.PCURVE_S1.);
#4535 = CIRCLE('',#4536,12.8);
#4536 = AXIS2_PLACEMENT_3D('',#4537,#4538,#4539);
#4537 = CARTESIAN_POINT('',(734.01912741116,0.,508.41547071612));
#4538 = DIRECTION('',(-0.342020143326,0.,0.939692620786));
#4539 = DIRECTION('',(0.939692620786,0.,0.342020143326));
#4540 = PCURVE('',#4477,#4541);
#4541 = DEFINITIONAL_REPRESENTATION('',(#4542),#4546);
#4542 = CIRCLE('',#4543,12.8);
#4543 = AXIS2_PLACEMENT_2D('',#4544,#4545);
#4544 = CARTESIAN_POINT('',(0.,0.));
#4545 = DIRECTION('',(1.,0.));
#4546 = ( GEOMETRIC_REPRESENTATION_CONTEXT(2) 
PARAMETRIC_REPRESENTATION_CONTEXT() REPRESENTATION_CONTEXT('2D SPACE',''
  ) );
#4547 = PCURVE('',#4513,#4548);
#4548 = DEFINITIONAL_REPRESENTATION('',(#4549),#4553);
#4549 = LINE('',#4550,#4551);
#4550 = CARTESIAN_POINT('',(0.,0.));
#4551 = VECTOR('',#4552,1.);
#4552 = DIRECTION('',(1.,0.));
#4553 = ( GEOMETRIC_REPRESENTATION_CONTEXT(2) 
PARAMETRIC_REPRESENTATION_CONTEXT() REPRESENTATION_CONTEXT('2D SPACE',''
  ) );
#4554 = ADVANCED_FACE('',(#4555),#4513,.F.);
#4555 = FACE_BOUND('',#4556,.F.);
#4556 = EDGE_LOOP('',(#4557,#4558,#4579,#4580));
#4557 = ORIENTED_EDGE('',*,*,#4496,.F.);
#4558 = ORIENTED_EDGE('',*,*,#4559,.F.);
#4559 = EDGE_CURVE('',#4532,#4497,#4560,.T.);
#4560 = SEAM_CURVE('',#4561,(#4565,#4572),.PCURVE_S1.);
#4561 = LINE('',#4562,#4563);
#4562 = CARTESIAN_POINT('',(746.04719295722,-3.135095805817E-15,
    512.79332855069));
#4563 = VECTOR('',#4564,1.);
#4564 = DIRECTION('',(-0.342020143326,0.,0.939692620786));
#4565 = PCURVE('',#4513,#4566);
#4566 = DEFINITIONAL_REPRESENTATION('',(#4567),#4571);
#4567 = LINE('',#4568,#4569);
#4568 = CARTESIAN_POINT('',(6.28318530718,-0.));
#4569 = VECTOR('',#4570,1.);
#4570 = DIRECTION('',(0.,1.));
#4571 = ( GEOMETRIC_REPRESENTATION_CONTEXT(2) 
PARAMETRIC_REPRESENTATION_CONTEXT() REPRESENTATION_CONTEXT('2D SPACE',''
  ) );
#4572 = PCURVE('',#4513,#4573);
#4573 = DEFINITIONAL_REPRESENTATION('',(#4574),#4578);
#4574 = LINE('',#4575,#4576);
#4575 = CARTESIAN_POINT('',(0.,-0.));
#4576 = VECTOR('',#4577,1.);
#4577 = DIRECTION('',(0.,1.));
#4578 = ( GEOMETRIC_REPRESENTATION_CONTEXT(2) 
PARAMETRIC_REPRESENTATION_CONTEXT() REPRESENTATION_CONTEXT('2D SPACE',''
  ) );
#4579 = ORIENTED_EDGE('',*,*,#4531,.T.);
#4580 = ORIENTED_EDGE('',*,*,#4559,.T.);
#4581 = ( GEOMETRIC_REPRESENTATION_CONTEXT(3) 
GLOBAL_UNCERTAINTY_ASSIGNED_CONTEXT((#4585)) 
GLOBAL_UNIT_ASSIGNED_CONTEXT((#4582,#4583,#4584)) REPRESENTATION_CONTEXT
('Context #1','3D Context with UNIT and UNCERTAINTY') );
#4582 = ( LENGTH_UNIT() NAMED_UNIT(*) SI_UNIT(.MILLI.,.METRE.) );
#4583 = ( NAMED_UNIT(*) PLANE_ANGLE_UNIT() SI_UNIT($,.RADIAN.) );
#4584 = ( NAMED_UNIT(*) SI_UNIT($,.STERADIAN.) SOLID_ANGLE_UNIT() );
#4585 = UNCERTAINTY_MEASURE_WITH_UNIT(LENGTH_MEASURE(1.E-07),#4582,
  'distance_accuracy_value','confusion accuracy');
#4586 = CONTEXT_DEPENDENT_SHAPE_REPRESENTATION(#4587,#4589);
#4587 = ( REPRESENTATION_RELATIONSHIP('','',#4398,#4371) 
REPRESENTATION_RELATIONSHIP_WITH_TRANSFORMATION(#4588) 
SHAPE_REPRESENTATION_RELATIONSHIP() );
#4588 = ITEM_DEFINED_TRANSFORMATION('','',#11,#4372);
#4589 = PRODUCT_DEFINITION_SHAPE('Placement','Placement of an item',
  #4590);
#4590 = NEXT_ASSEMBLY_USAGE_OCCURRENCE('375','=>[0:1:1:4]','',#4366,
  #4393,$);
#4591 = PRODUCT_RELATED_PRODUCT_CATEGORY('part',$,(#4395));
#4592 = SHAPE_DEFINITION_REPRESENTATION(#4593,#4599);
#4593 = PRODUCT_DEFINITION_SHAPE('','',#4594);
#4594 = PRODUCT_DEFINITION('design','',#4595,#4598);
#4595 = PRODUCT_DEFINITION_FORMATION('','',#4596);
#4596 = PRODUCT('SOLID','SOLID','',(#4597));
#4597 = PRODUCT_CONTEXT('',#2,'mechanical');
#4598 = PRODUCT_DEFINITION_CONTEXT('part definition',#2,'design');
#4599 = ADVANCED_BREP_SHAPE_REPRESENTATION('',(#11,#4600),#4782);
#4600 = MANIFOLD_SOLID_BREP('',#4601);
#4601 = CLOSED_SHELL('',(#4602,#4690,#4725,#4755));
#4602 = ADVANCED_FACE('',(#4603),#4616,.T.);
#4603 = FACE_BOUND('',#4604,.T.);
#4604 = EDGE_LOOP('',(#4605,#4639,#4662,#4689));
#4605 = ORIENTED_EDGE('',*,*,#4606,.F.);
#4606 = EDGE_CURVE('',#4607,#4607,#4609,.T.);
#4607 = VERTEX_POINT('',#4608);
#4608 = CARTESIAN_POINT('',(676.15900936405,-4.531193156845E-15,
    721.47521994055));
#4609 = SURFACE_CURVE('',#4610,(#4615,#4627),.PCURVE_S1.);
#4610 = CIRCLE('',#4611,18.5);
#4611 = AXIS2_PLACEMENT_3D('',#4612,#4613,#4614);
#4612 = CARTESIAN_POINT('',(658.77469587951,0.,715.14784728902));
#4613 = DIRECTION('',(-0.342020143326,0.,0.939692620786));
#4614 = DIRECTION('',(0.939692620786,0.,0.342020143326));
#4615 = PCURVE('',#4616,#4621);
#4616 = CYLINDRICAL_SURFACE('',#4617,18.5);
#4617 = AXIS2_PLACEMENT_3D('',#4618,#4619,#4620);
#4618 = CARTESIAN_POINT('',(669.03530017928,0.,686.95706866544));
#4619 = DIRECTION('',(-0.342020143326,0.,0.939692620786));
#4620 = DIRECTION('',(0.939692620786,0.,0.342020143326));
#4621 = DEFINITIONAL_REPRESENTATION('',(#4622),#4626);
#4622 = LINE('',#4623,#4624);
#4623 = CARTESIAN_POINT('',(0.,30.));
#4624 = VECTOR('',#4625,1.);
#4625 = DIRECTION('',(1.,0.));
#4626 = ( GEOMETRIC_REPRESENTATION_CONTEXT(2) 
PARAMETRIC_REPRESENTATION_CONTEXT() REPRESENTATION_CONTEXT('2D SPACE',''
  ) );
#4627 = PCURVE('',#4628,#4633);
#4628 = PLANE('',#4629);
#4629 = AXIS2_PLACEMENT_3D('',#4630,#4631,#4632);
#4630 = CARTESIAN_POINT('',(658.77469587951,0.,715.14784728902));
#4631 = DIRECTION('',(-0.342020143326,0.,0.939692620786));
#4632 = DIRECTION('',(0.939692620786,0.,0.342020143326));
#4633 = DEFINITIONAL_REPRESENTATION('',(#4634),#4638);
#4634 = CIRCLE('',#4635,18.5);
#4635 = AXIS2_PLACEMENT_2D('',#4636,#4637);
#4636 = CARTESIAN_POINT('',(0.,0.));
#4637 = DIRECTION('',(1.,0.));
#4638 = ( GEOMETRIC_REPRESENTATION_CONTEXT(2) 
PARAMETRIC_REPRESENTATION_CONTEXT() REPRESENTATION_CONTEXT('2D SPACE',''
  ) );
#4639 = ORIENTED_EDGE('',*,*,#4640,.F.);
#4640 = EDGE_CURVE('',#4641,#4607,#4643,.T.);
#4641 = VERTEX_POINT('',#4642);
#4642 = CARTESIAN_POINT('',(686.41961366382,-4.531193156845E-15,
    693.28444131697));
#4643 = SEAM_CURVE('',#4644,(#4648,#4655),.PCURVE_S1.);
#4644 = LINE('',#4645,#4646);
#4645 = CARTESIAN_POINT('',(686.41961366382,-4.531193156845E-15,
    693.28444131697));
#4646 = VECTOR('',#4647,1.);
#4647 = DIRECTION('',(-0.342020143326,0.,0.939692620786));
#4648 = PCURVE('',#4616,#4649);
#4649 = DEFINITIONAL_REPRESENTATION('',(#4650),#4654);
#4650 = LINE('',#4651,#4652);
#4651 = CARTESIAN_POINT('',(6.28318530718,-0.));
#4652 = VECTOR('',#4653,1.);
#4653 = DIRECTION('',(0.,1.));
#4654 = ( GEOMETRIC_REPRESENTATION_CONTEXT(2) 
PARAMETRIC_REPRESENTATION_CONTEXT() REPRESENTATION_CONTEXT('2D SPACE',''
  ) );
#4655 = PCURVE('',#4616,#4656);
#4656 = DEFINITIONAL_REPRESENTATION('',(#4657),#4661);
#4657 = LINE('',#4658,#4659);
#4658 = CARTESIAN_POINT('',(0.,-0.));
#4659 = VECTOR('',#4660,1.);
#4660 = DIRECTION('',(0.,1.));
#4661 = ( GEOMETRIC_REPRESENTATION_CONTEXT(2) 
PARAMETRIC_REPRESENTATION_CONTEXT() REPRESENTATION_CONTEXT('2D SPACE',''
  ) );
#4662 = ORIENTED_EDGE('',*,*,#4663,.T.);
#4663 = EDGE_CURVE('',#4641,#4641,#4664,.T.);
#4664 = SURFACE_CURVE('',#4665,(#4670,#4677),.PCURVE_S1.);
#4665 = CIRCLE('',#4666,18.5);
#4666 = AXIS2_PLACEMENT_3D('',#4667,#4668,#4669);
#4667 = CARTESIAN_POINT('',(669.03530017928,0.,686.95706866544));
#4668 = DIRECTION('',(-0.342020143326,0.,0.939692620786));
#4669 = DIRECTION('',(0.939692620786,0.,0.342020143326));
#4670 = PCURVE('',#4616,#4671);
#4671 = DEFINITIONAL_REPRESENTATION('',(#4672),#4676);
#4672 = LINE('',#4673,#4674);
#4673 = CARTESIAN_POINT('',(0.,0.));
#4674 = VECTOR('',#4675,1.);
#4675 = DIRECTION('',(1.,0.));
#4676 = ( GEOMETRIC_REPRESENTATION_CONTEXT(2) 
PARAMETRIC_REPRESENTATION_CONTEXT() REPRESENTATION_CONTEXT('2D SPACE',''
  ) );
#4677 = PCURVE('',#4678,#4683);
#4678 = PLANE('',#4679);
#4679 = AXIS2_PLACEMENT_3D('',#4680,#4681,#4682);
#4680 = CARTESIAN_POINT('',(669.03530017928,0.,686.95706866544));
#4681 = DIRECTION('',(-0.342020143326,0.,0.939692620786));
#4682 = DIRECTION('',(0.939692620786,0.,0.342020143326));
#4683 = DEFINITIONAL_REPRESENTATION('',(#4684),#4688);
#4684 = CIRCLE('',#4685,18.5);
#4685 = AXIS2_PLACEMENT_2D('',#4686,#4687);
#4686 = CARTESIAN_POINT('',(0.,0.));
#4687 = DIRECTION('',(1.,0.));
#4688 = ( GEOMETRIC_REPRESENTATION_CONTEXT(2) 
PARAMETRIC_REPRESENTATION_CONTEXT() REPRESENTATION_CONTEXT('2D SPACE',''
  ) );
#4689 = ORIENTED_EDGE('',*,*,#4640,.T.);
#4690 = ADVANCED_FACE('',(#4691,#4694),#4628,.T.);
#4691 = FACE_BOUND('',#4692,.T.);
#4692 = EDGE_LOOP('',(#4693));
#4693 = ORIENTED_EDGE('',*,*,#4606,.T.);
#4694 = FACE_BOUND('',#4695,.T.);
#4695 = EDGE_LOOP('',(#4696));
#4696 = ORIENTED_EDGE('',*,*,#4697,.F.);
#4697 = EDGE_CURVE('',#4698,#4698,#4700,.T.);
#4698 = VERTEX_POINT('',#4699);
#4699 = CARTESIAN_POINT('',(670.80276142557,-3.135095805817E-15,
    719.52570512359));
#4700 = SURFACE_CURVE('',#4701,(#4706,#4713),.PCURVE_S1.);
#4701 = CIRCLE('',#4702,12.8);
#4702 = AXIS2_PLACEMENT_3D('',#4703,#4704,#4705);
#4703 = CARTESIAN_POINT('',(658.77469587951,0.,715.14784728902));
#4704 = DIRECTION('',(-0.342020143326,0.,0.939692620786));
#4705 = DIRECTION('',(0.939692620786,0.,0.342020143326));
#4706 = PCURVE('',#4628,#4707);
#4707 = DEFINITIONAL_REPRESENTATION('',(#4708),#4712);
#4708 = CIRCLE('',#4709,12.8);
#4709 = AXIS2_PLACEMENT_2D('',#4710,#4711);
#4710 = CARTESIAN_POINT('',(0.,0.));
#4711 = DIRECTION('',(1.,0.));
#4712 = ( GEOMETRIC_REPRESENTATION_CONTEXT(2) 
PARAMETRIC_REPRESENTATION_CONTEXT() REPRESENTATION_CONTEXT('2D SPACE',''
  ) );
#4713 = PCURVE('',#4714,#4719);
#4714 = CYLINDRICAL_SURFACE('',#4715,12.8);
#4715 = AXIS2_PLACEMENT_3D('',#4716,#4717,#4718);
#4716 = CARTESIAN_POINT('',(669.03530017928,0.,686.95706866544));
#4717 = DIRECTION('',(-0.342020143326,0.,0.939692620786));
#4718 = DIRECTION('',(0.939692620786,0.,0.342020143326));
#4719 = DEFINITIONAL_REPRESENTATION('',(#4720),#4724);
#4720 = LINE('',#4721,#4722);
#4721 = CARTESIAN_POINT('',(0.,30.));
#4722 = VECTOR('',#4723,1.);
#4723 = DIRECTION('',(1.,0.));
#4724 = ( GEOMETRIC_REPRESENTATION_CONTEXT(2) 
PARAMETRIC_REPRESENTATION_CONTEXT() REPRESENTATION_CONTEXT('2D SPACE',''
  ) );
#4725 = ADVANCED_FACE('',(#4726,#4729),#4678,.F.);
#4726 = FACE_BOUND('',#4727,.F.);
#4727 = EDGE_LOOP('',(#4728));
#4728 = ORIENTED_EDGE('',*,*,#4663,.T.);
#4729 = FACE_BOUND('',#4730,.F.);
#4730 = EDGE_LOOP('',(#4731));
#4731 = ORIENTED_EDGE('',*,*,#4732,.F.);
#4732 = EDGE_CURVE('',#4733,#4733,#4735,.T.);
#4733 = VERTEX_POINT('',#4734);
#4734 = CARTESIAN_POINT('',(681.06336572534,-3.135095805817E-15,
    691.33492650001));
#4735 = SURFACE_CURVE('',#4736,(#4741,#4748),.PCURVE_S1.);
#4736 = CIRCLE('',#4737,12.8);
#4737 = AXIS2_PLACEMENT_3D('',#4738,#4739,#4740);
#4738 = CARTESIAN_POINT('',(669.03530017928,0.,686.95706866544));
#4739 = DIRECTION('',(-0.342020143326,0.,0.939692620786));
#4740 = DIRECTION('',(0.939692620786,0.,0.342020143326));
#4741 = PCURVE('',#4678,#4742);
#4742 = DEFINITIONAL_REPRESENTATION('',(#4743),#4747);
#4743 = CIRCLE('',#4744,12.8);
#4744 = AXIS2_PLACEMENT_2D('',#4745,#4746);
#4745 = CARTESIAN_POINT('',(0.,0.));
#4746 = DIRECTION('',(1.,0.));
#4747 = ( GEOMETRIC_REPRESENTATION_CONTEXT(2) 
PARAMETRIC_REPRESENTATION_CONTEXT() REPRESENTATION_CONTEXT('2D SPACE',''
  ) );
#4748 = PCURVE('',#4714,#4749);
#4749 = DEFINITIONAL_REPRESENTATION('',(#4750),#4754);
#4750 = LINE('',#4751,#4752);
#4751 = CARTESIAN_POINT('',(0.,0.));
#4752 = VECTOR('',#4753,1.);
#4753 = DIRECTION('',(1.,0.));
#4754 = ( GEOMETRIC_REPRESENTATION_CONTEXT(2) 
PARAMETRIC_REPRESENTATION_CONTEXT() REPRESENTATION_CONTEXT('2D SPACE',''
  ) );
#4755 = ADVANCED_FACE('',(#4756),#4714,.F.);
#4756 = FACE_BOUND('',#4757,.F.);
#4757 = EDGE_LOOP('',(#4758,#4759,#4780,#4781));
#4758 = ORIENTED_EDGE('',*,*,#4697,.F.);
#4759 = ORIENTED_EDGE('',*,*,#4760,.F.);
#4760 = EDGE_CURVE('',#4733,#4698,#4761,.T.);
#4761 = SEAM_CURVE('',#4762,(#4766,#4773),.PCURVE_S1.);
#4762 = LINE('',#4763,#4764);
#4763 = CARTESIAN_POINT('',(681.06336572534,-3.135095805817E-15,
    691.33492650001));
#4764 = VECTOR('',#4765,1.);
#4765 = DIRECTION('',(-0.342020143326,0.,0.939692620786));
#4766 = PCURVE('',#4714,#4767);
#4767 = DEFINITIONAL_REPRESENTATION('',(#4768),#4772);
#4768 = LINE('',#4769,#4770);
#4769 = CARTESIAN_POINT('',(6.28318530718,-0.));
#4770 = VECTOR('',#4771,1.);
#4771 = DIRECTION('',(0.,1.));
#4772 = ( GEOMETRIC_REPRESENTATION_CONTEXT(2) 
PARAMETRIC_REPRESENTATION_CONTEXT() REPRESENTATION_CONTEXT('2D SPACE',''
  ) );
#4773 = PCURVE('',#4714,#4774);
#4774 = DEFINITIONAL_REPRESENTATION('',(#4775),#4779);
#4775 = LINE('',#4776,#4777);
#4776 = CARTESIAN_POINT('',(0.,-0.));
#4777 = VECTOR('',#4778,1.);
#4778 = DIRECTION('',(0.,1.));
#4779 = ( GEOMETRIC_REPRESENTATION_CONTEXT(2) 
PARAMETRIC_REPRESENTATION_CONTEXT() REPRESENTATION_CONTEXT('2D SPACE',''
  ) );
#4780 = ORIENTED_EDGE('',*,*,#4732,.T.);
#4781 = ORIENTED_EDGE('',*,*,#4760,.T.);
#4782 = ( GEOMETRIC_REPRESENTATION_CONTEXT(3) 
GLOBAL_UNCERTAINTY_ASSIGNED_CONTEXT((#4786)) 
GLOBAL_UNIT_ASSIGNED_CONTEXT((#4783,#4784,#4785)) REPRESENTATION_CONTEXT
('Context #1','3D Context with UNIT and UNCERTAINTY') );
#4783 = ( LENGTH_UNIT() NAMED_UNIT(*) SI_UNIT(.MILLI.,.METRE.) );
#4784 = ( NAMED_UNIT(*) PLANE_ANGLE_UNIT() SI_UNIT($,.RADIAN.) );
#4785 = ( NAMED_UNIT(*) SI_UNIT($,.STERADIAN.) SOLID_ANGLE_UNIT() );
#4786 = UNCERTAINTY_MEASURE_WITH_UNIT(LENGTH_MEASURE(1.E-07),#4783,
  'distance_accuracy_value','confusion accuracy');
#4787 = CONTEXT_DEPENDENT_SHAPE_REPRESENTATION(#4788,#4790);
#4788 = ( REPRESENTATION_RELATIONSHIP('','',#4599,#4371) 
REPRESENTATION_RELATIONSHIP_WITH_TRANSFORMATION(#4789) 
SHAPE_REPRESENTATION_RELATIONSHIP() );
#4789 = ITEM_DEFINED_TRANSFORMATION('','',#11,#4376);
#4790 = PRODUCT_DEFINITION_SHAPE('Placement','Placement of an item',
  #4791);
#4791 = NEXT_ASSEMBLY_USAGE_OCCURRENCE('376','=>[0:1:1:5]','',#4366,
  #4594,$);
#4792 = PRODUCT_RELATED_PRODUCT_CATEGORY('part',$,(#4596));
ENDSEC;
END-ISO-10303-21;
