ISO-10303-21;
HEADER;
FILE_DESCRIPTION(('Open CASCADE Model'),'2;1');
FILE_NAME('Open CASCADE Shape Model','2026-09-25T11:57:12',('Author'),(
    'Open CASCADE'),'Open CASCADE STEP processor 8.0','build123d',
  'Unknown');
FILE_SCHEMA(('AUTOMOTIVE_DESIGN { 1 0 10303 214 1 1 1 1 }'));
ENDSEC;
DATA;
#1 = APPLICATION_PROTOCOL_DEFINITION('international standard',
  'automotive_design',2000,#2);
#2 = APPLICATION_CONTEXT(
  'core data for automotive mechanical design processes');
#3 = SHAPE_DEFINITION_REPRESENTATION(#4,#10);
#4 = PRODUCT_DEFINITION_SHAPE('','',#5);
#5 = PRODUCT_DEFINITION('design','',#6,#9);
#6 = PRODUCT_DEFINITION_FORMATION('','',#7);
#7 = PRODUCT('COMPOUND','COMPOUND','',(#8));
#8 = PRODUCT_CONTEXT('',#2,'mechanical');
#9 = PRODUCT_DEFINITION_CONTEXT('part definition',#2,'design');
#10 = SHAPE_REPRESENTATION('',(#11,#15,#19,#23,#27,#31,#35,#39,#43,#47,
    #51,#55,#59,#63,#67,#71,#75,#79),#83);
#11 = AXIS2_PLACEMENT_3D('',#12,#13,#14);
#12 = CARTESIAN_POINT('',(0.,0.,0.));
#13 = DIRECTION('',(0.,0.,1.));
#14 = DIRECTION('',(1.,0.,-0.));
#15 = AXIS2_PLACEMENT_3D('',#16,#17,#18);
#16 = CARTESIAN_POINT('',(0.,0.,0.));
#17 = DIRECTION('',(0.,0.,1.));
#18 = DIRECTION('',(1.,0.,-0.));
#19 = AXIS2_PLACEMENT_3D('',#20,#21,#22);
#20 = CARTESIAN_POINT('',(0.,0.,0.));
#21 = DIRECTION('',(0.,0.,1.));
#22 = DIRECTION('',(1.,0.,-0.));
#23 = AXIS2_PLACEMENT_3D('',#24,#25,#26);
#24 = CARTESIAN_POINT('',(0.,0.,0.));
#25 = DIRECTION('',(0.,0.,1.));
#26 = DIRECTION('',(1.,0.,-0.));
#27 = AXIS2_PLACEMENT_3D('',#28,#29,#30);
#28 = CARTESIAN_POINT('',(258.06034093418,0.,605.87704831436));
#29 = DIRECTION('',(0.,0.,1.));
#30 = DIRECTION('',(1.,0.,-0.));
#31 = AXIS2_PLACEMENT_3D('',#32,#33,#34);
#32 = CARTESIAN_POINT('',(0.,0.,0.));
#33 = DIRECTION('',(0.,0.,1.));
#34 = DIRECTION('',(1.,0.,-0.));
#35 = AXIS2_PLACEMENT_3D('',#36,#37,#38);
#36 = CARTESIAN_POINT('',(0.,0.,0.));
#37 = DIRECTION('',(0.,0.,1.));
#38 = DIRECTION('',(1.,0.,-0.));
#39 = AXIS2_PLACEMENT_3D('',#40,#41,#42);
#40 = CARTESIAN_POINT('',(0.,0.,0.));
#41 = DIRECTION('',(0.,0.,1.));
#42 = DIRECTION('',(1.,0.,-0.));
#43 = AXIS2_PLACEMENT_3D('',#44,#45,#46);
#44 = CARTESIAN_POINT('',(0.,0.,0.));
#45 = DIRECTION('',(0.,0.,1.));
#46 = DIRECTION('',(1.,0.,-0.));
#47 = AXIS2_PLACEMENT_3D('',#48,#49,#50);
#48 = CARTESIAN_POINT('',(0.,0.,0.));
#49 = DIRECTION('',(0.,0.,1.));
#50 = DIRECTION('',(1.,0.,-0.));
#51 = AXIS2_PLACEMENT_3D('',#52,#53,#54);
#52 = CARTESIAN_POINT('',(0.,0.,0.));
#53 = DIRECTION('',(0.,0.,1.));
#54 = DIRECTION('',(1.,0.,-0.));
#55 = AXIS2_PLACEMENT_3D('',#56,#57,#58);
#56 = CARTESIAN_POINT('',(0.,0.,0.));
#57 = DIRECTION('',(0.,0.,1.));
#58 = DIRECTION('',(1.,0.,-0.));
#59 = AXIS2_PLACEMENT_3D('',#60,#61,#62);
#60 = CARTESIAN_POINT('',(0.,0.,0.));
#61 = DIRECTION('',(0.,0.,1.));
#62 = DIRECTION('',(1.,0.,-0.));
#63 = AXIS2_PLACEMENT_3D('',#64,#65,#66);
#64 = CARTESIAN_POINT('',(0.,0.,0.));
#65 = DIRECTION('',(0.,0.,1.));
#66 = DIRECTION('',(1.,0.,-0.));
#67 = AXIS2_PLACEMENT_3D('',#68,#69,#70);
#68 = CARTESIAN_POINT('',(0.,0.,0.));
#69 = DIRECTION('',(0.,0.,1.));
#70 = DIRECTION('',(1.,0.,-0.));
#71 = AXIS2_PLACEMENT_3D('',#72,#73,#74);
#72 = CARTESIAN_POINT('',(219.93419913222,-64.,305.));
#73 = DIRECTION('',(0.,0.,1.));
#74 = DIRECTION('',(1.,0.,-0.));
#75 = AXIS2_PLACEMENT_3D('',#76,#77,#78);
#76 = CARTESIAN_POINT('',(0.,0.,0.));
#77 = DIRECTION('',(0.,0.,1.));
#78 = DIRECTION('',(1.,0.,-0.));
#79 = AXIS2_PLACEMENT_3D('',#80,#81,#82);
#80 = CARTESIAN_POINT('',(0.,0.,0.));
#81 = DIRECTION('',(0.,0.,1.));
#82 = DIRECTION('',(1.,0.,-0.));
#83 = ( GEOMETRIC_REPRESENTATION_CONTEXT(3) 
GLOBAL_UNCERTAINTY_ASSIGNED_CONTEXT((#87)) GLOBAL_UNIT_ASSIGNED_CONTEXT(
(#84,#85,#86)) REPRESENTATION_CONTEXT('Context #1',
  '3D Context with UNIT and UNCERTAINTY') );
#84 = ( LENGTH_UNIT() NAMED_UNIT(*) SI_UNIT(.MILLI.,.METRE.) );
#85 = ( NAMED_UNIT(*) PLANE_ANGLE_UNIT() SI_UNIT($,.RADIAN.) );
#86 = ( NAMED_UNIT(*) SI_UNIT($,.STERADIAN.) SOLID_ANGLE_UNIT() );
#87 = UNCERTAINTY_MEASURE_WITH_UNIT(LENGTH_MEASURE(1.E-07),#84,
  'distance_accuracy_value','confusion accuracy');
#88 = PRODUCT_RELATED_PRODUCT_CATEGORY('part',$,(#7));
#89 = SHAPE_DEFINITION_REPRESENTATION(#90,#96);
#90 = PRODUCT_DEFINITION_SHAPE('','',#91);
#91 = PRODUCT_DEFINITION('design','',#92,#95);
#92 = PRODUCT_DEFINITION_FORMATION('','',#93);
#93 = PRODUCT('COMPOUND','COMPOUND','',(#94));
#94 = PRODUCT_CONTEXT('',#2,'mechanical');
#95 = PRODUCT_DEFINITION_CONTEXT('part definition',#2,'design');
#96 = SHAPE_REPRESENTATION('',(#11,#97,#101,#105,#109,#113,#117,#121,
    #125,#129,#133,#137),#141);
#97 = AXIS2_PLACEMENT_3D('',#98,#99,#100);
#98 = CARTESIAN_POINT('',(0.,0.,0.));
#99 = DIRECTION('',(0.,0.,1.));
#100 = DIRECTION('',(1.,0.,-0.));
#101 = AXIS2_PLACEMENT_3D('',#102,#103,#104);
#102 = CARTESIAN_POINT('',(0.,0.,0.));
#103 = DIRECTION('',(0.,0.,1.));
#104 = DIRECTION('',(1.,0.,-0.));
#105 = AXIS2_PLACEMENT_3D('',#106,#107,#108);
#106 = CARTESIAN_POINT('',(0.,0.,0.));
#107 = DIRECTION('',(0.,0.,1.));
#108 = DIRECTION('',(1.,0.,-0.));
#109 = AXIS2_PLACEMENT_3D('',#110,#111,#112);
#110 = CARTESIAN_POINT('',(0.,0.,0.));
#111 = DIRECTION('',(0.,0.,1.));
#112 = DIRECTION('',(1.,0.,-0.));
#113 = AXIS2_PLACEMENT_3D('',#114,#115,#116);
#114 = CARTESIAN_POINT('',(0.,0.,0.));
#115 = DIRECTION('',(0.,0.,1.));
#116 = DIRECTION('',(1.,0.,-0.));
#117 = AXIS2_PLACEMENT_3D('',#118,#119,#120);
#118 = CARTESIAN_POINT('',(0.,0.,0.));
#119 = DIRECTION('',(0.,0.,1.));
#120 = DIRECTION('',(1.,0.,-0.));
#121 = AXIS2_PLACEMENT_3D('',#122,#123,#124);
#122 = CARTESIAN_POINT('',(0.,0.,0.));
#123 = DIRECTION('',(0.,0.,1.));
#124 = DIRECTION('',(1.,0.,-0.));
#125 = AXIS2_PLACEMENT_3D('',#126,#127,#128);
#126 = CARTESIAN_POINT('',(0.,0.,0.));
#127 = DIRECTION('',(0.,0.,1.));
#128 = DIRECTION('',(1.,0.,-0.));
#129 = AXIS2_PLACEMENT_3D('',#130,#131,#132);
#130 = CARTESIAN_POINT('',(0.,0.,0.));
#131 = DIRECTION('',(0.,0.,1.));
#132 = DIRECTION('',(1.,0.,-0.));
#133 = AXIS2_PLACEMENT_3D('',#134,#135,#136);
#134 = CARTESIAN_POINT('',(0.,-55.,250.));
#135 = DIRECTION('',(0.,0.,1.));
#136 = DIRECTION('',(1.,0.,-0.));
#137 = AXIS2_PLACEMENT_3D('',#138,#139,#140);
#138 = CARTESIAN_POINT('',(0.,55.,250.));
#139 = DIRECTION('',(0.,0.,1.));
#140 = DIRECTION('',(1.,0.,-0.));
#141 = ( GEOMETRIC_REPRESENTATION_CONTEXT(3) 
GLOBAL_UNCERTAINTY_ASSIGNED_CONTEXT((#145)) GLOBAL_UNIT_ASSIGNED_CONTEXT
((#142,#143,#144)) REPRESENTATION_CONTEXT('Context #1',
  '3D Context with UNIT and UNCERTAINTY') );
#142 = ( LENGTH_UNIT() NAMED_UNIT(*) SI_UNIT(.MILLI.,.METRE.) );
#143 = ( NAMED_UNIT(*) PLANE_ANGLE_UNIT() SI_UNIT($,.RADIAN.) );
#144 = ( NAMED_UNIT(*) SI_UNIT($,.STERADIAN.) SOLID_ANGLE_UNIT() );
#145 = UNCERTAINTY_MEASURE_WITH_UNIT(LENGTH_MEASURE(1.E-07),#142,
  'distance_accuracy_value','confusion accuracy');
#146 = CONTEXT_DEPENDENT_SHAPE_REPRESENTATION(#147,#149);
#147 = ( REPRESENTATION_RELATIONSHIP('','',#96,#10) 
REPRESENTATION_RELATIONSHIP_WITH_TRANSFORMATION(#148) 
SHAPE_REPRESENTATION_RELATIONSHIP() );
#148 = ITEM_DEFINED_TRANSFORMATION('','',#11,#15);
#149 = PRODUCT_DEFINITION_SHAPE('Placement','Placement of an item',#150
  );
#150 = NEXT_ASSEMBLY_USAGE_OCCURRENCE('12','=>[0:1:1:2]','',#5,#91,$);
#151 = PRODUCT_RELATED_PRODUCT_CATEGORY('part',$,(#93));
#152 = SHAPE_DEFINITION_REPRESENTATION(#153,#159);
#153 = PRODUCT_DEFINITION_SHAPE('','',#154);
#154 = PRODUCT_DEFINITION('design','',#155,#158);
#155 = PRODUCT_DEFINITION_FORMATION('','',#156);
#156 = PRODUCT('SOLID','SOLID','',(#157));
#157 = PRODUCT_CONTEXT('',#2,'mechanical');
#158 = PRODUCT_DEFINITION_CONTEXT('part definition',#2,'design');
#159 = ADVANCED_BREP_SHAPE_REPRESENTATION('',(#11,#160),#258);
#160 = MANIFOLD_SOLID_BREP('',#161);
#161 = CLOSED_SHELL('',(#162,#250,#254));
#162 = ADVANCED_FACE('',(#163),#176,.T.);
#163 = FACE_BOUND('',#164,.T.);
#164 = EDGE_LOOP('',(#165,#199,#222,#249));
#165 = ORIENTED_EDGE('',*,*,#166,.F.);
#166 = EDGE_CURVE('',#167,#167,#169,.T.);
#167 = VERTEX_POINT('',#168);
#168 = CARTESIAN_POINT('',(685.01007473264,-4.163799117101E-15,
    692.77141110198));
#169 = SURFACE_CURVE('',#170,(#175,#187),.PCURVE_S1.);
#170 = CIRCLE('',#171,17.);
#171 = AXIS2_PLACEMENT_3D('',#172,#173,#174);
#172 = CARTESIAN_POINT('',(669.03530017928,0.,686.95706866544));
#173 = DIRECTION('',(-0.342020143326,0.,0.939692620786));
#174 = DIRECTION('',(0.939692620786,0.,0.342020143326));
#175 = PCURVE('',#176,#181);
#176 = CYLINDRICAL_SURFACE('',#177,17.);
#177 = AXIS2_PLACEMENT_3D('',#178,#179,#180);
#178 = CARTESIAN_POINT('',(730.5989259779,0.,517.81239692398));
#179 = DIRECTION('',(-0.342020143326,0.,0.939692620786));
#180 = DIRECTION('',(0.939692620786,0.,0.342020143326));
#181 = DEFINITIONAL_REPRESENTATION('',(#182),#186);
#182 = LINE('',#183,#184);
#183 = CARTESIAN_POINT('',(0.,180.));
#184 = VECTOR('',#185,1.);
#185 = DIRECTION('',(1.,0.));
#186 = ( GEOMETRIC_REPRESENTATION_CONTEXT(2) 
PARAMETRIC_REPRESENTATION_CONTEXT() REPRESENTATION_CONTEXT('2D SPACE',''
  ) );
#187 = PCURVE('',#188,#193);
#188 = PLANE('',#189);
#189 = AXIS2_PLACEMENT_3D('',#190,#191,#192);
#190 = CARTESIAN_POINT('',(669.03530017928,0.,686.95706866544));
#191 = DIRECTION('',(-0.342020143326,0.,0.939692620786));
#192 = DIRECTION('',(0.939692620786,0.,0.342020143326));
#193 = DEFINITIONAL_REPRESENTATION('',(#194),#198);
#194 = CIRCLE('',#195,17.);
#195 = AXIS2_PLACEMENT_2D('',#196,#197);
#196 = CARTESIAN_POINT('',(0.,0.));
#197 = DIRECTION('',(1.,0.));
#198 = ( GEOMETRIC_REPRESENTATION_CONTEXT(2) 
PARAMETRIC_REPRESENTATION_CONTEXT() REPRESENTATION_CONTEXT('2D SPACE',''
  ) );
#199 = ORIENTED_EDGE('',*,*,#200,.F.);
#200 = EDGE_CURVE('',#201,#167,#203,.T.);
#201 = VERTEX_POINT('',#202);
#202 = CARTESIAN_POINT('',(746.57370053126,-4.163799117101E-15,
    523.62673936052));
#203 = SEAM_CURVE('',#204,(#208,#215),.PCURVE_S1.);
#204 = LINE('',#205,#206);
#205 = CARTESIAN_POINT('',(746.57370053126,-4.163799117101E-15,
    523.62673936052));
#206 = VECTOR('',#207,1.);
#207 = DIRECTION('',(-0.342020143326,-1.232595164408E-32,0.939692620786)
  );
#208 = PCURVE('',#176,#209);
#209 = DEFINITIONAL_REPRESENTATION('',(#210),#214);
#210 = LINE('',#211,#212);
#211 = CARTESIAN_POINT('',(6.28318530718,-0.));
#212 = VECTOR('',#213,1.);
#213 = DIRECTION('',(0.,1.));
#214 = ( GEOMETRIC_REPRESENTATION_CONTEXT(2) 
PARAMETRIC_REPRESENTATION_CONTEXT() REPRESENTATION_CONTEXT('2D SPACE',''
  ) );
#215 = PCURVE('',#176,#216);
#216 = DEFINITIONAL_REPRESENTATION('',(#217),#221);
#217 = LINE('',#218,#219);
#218 = CARTESIAN_POINT('',(0.,-0.));
#219 = VECTOR('',#220,1.);
#220 = DIRECTION('',(0.,1.));
#221 = ( GEOMETRIC_REPRESENTATION_CONTEXT(2) 
PARAMETRIC_REPRESENTATION_CONTEXT() REPRESENTATION_CONTEXT('2D SPACE',''
  ) );
#222 = ORIENTED_EDGE('',*,*,#223,.T.);
#223 = EDGE_CURVE('',#201,#201,#224,.T.);
#224 = SURFACE_CURVE('',#225,(#230,#237),.PCURVE_S1.);
#225 = CIRCLE('',#226,17.);
#226 = AXIS2_PLACEMENT_3D('',#227,#228,#229);
#227 = CARTESIAN_POINT('',(730.5989259779,0.,517.81239692398));
#228 = DIRECTION('',(-0.342020143326,0.,0.939692620786));
#229 = DIRECTION('',(0.939692620786,0.,0.342020143326));
#230 = PCURVE('',#176,#231);
#231 = DEFINITIONAL_REPRESENTATION('',(#232),#236);
#232 = LINE('',#233,#234);
#233 = CARTESIAN_POINT('',(0.,0.));
#234 = VECTOR('',#235,1.);
#235 = DIRECTION('',(1.,0.));
#236 = ( GEOMETRIC_REPRESENTATION_CONTEXT(2) 
PARAMETRIC_REPRESENTATION_CONTEXT() REPRESENTATION_CONTEXT('2D SPACE',''
  ) );
#237 = PCURVE('',#238,#243);
#238 = PLANE('',#239);
#239 = AXIS2_PLACEMENT_3D('',#240,#241,#242);
#240 = CARTESIAN_POINT('',(730.5989259779,0.,517.81239692398));
#241 = DIRECTION('',(-0.342020143326,0.,0.939692620786));
#242 = DIRECTION('',(0.939692620786,0.,0.342020143326));
#243 = DEFINITIONAL_REPRESENTATION('',(#244),#248);
#244 = CIRCLE('',#245,17.);
#245 = AXIS2_PLACEMENT_2D('',#246,#247);
#246 = CARTESIAN_POINT('',(0.,0.));
#247 = DIRECTION('',(1.,0.));
#248 = ( GEOMETRIC_REPRESENTATION_CONTEXT(2) 
PARAMETRIC_REPRESENTATION_CONTEXT() REPRESENTATION_CONTEXT('2D SPACE',''
  ) );
#249 = ORIENTED_EDGE('',*,*,#200,.T.);
#250 = ADVANCED_FACE('',(#251),#188,.T.);
#251 = FACE_BOUND('',#252,.T.);
#252 = EDGE_LOOP('',(#253));
#253 = ORIENTED_EDGE('',*,*,#166,.T.);
#254 = ADVANCED_FACE('',(#255),#238,.F.);
#255 = FACE_BOUND('',#256,.T.);
#256 = EDGE_LOOP('',(#257));
#257 = ORIENTED_EDGE('',*,*,#223,.F.);
#258 = ( GEOMETRIC_REPRESENTATION_CONTEXT(3) 
GLOBAL_UNCERTAINTY_ASSIGNED_CONTEXT((#262)) GLOBAL_UNIT_ASSIGNED_CONTEXT
((#259,#260,#261)) REPRESENTATION_CONTEXT('Context #1',
  '3D Context with UNIT and UNCERTAINTY') );
#259 = ( LENGTH_UNIT() NAMED_UNIT(*) SI_UNIT(.MILLI.,.METRE.) );
#260 = ( NAMED_UNIT(*) PLANE_ANGLE_UNIT() SI_UNIT($,.RADIAN.) );
#261 = ( NAMED_UNIT(*) SI_UNIT($,.STERADIAN.) SOLID_ANGLE_UNIT() );
#262 = UNCERTAINTY_MEASURE_WITH_UNIT(LENGTH_MEASURE(1.E-07),#259,
  'distance_accuracy_value','confusion accuracy');
#263 = CONTEXT_DEPENDENT_SHAPE_REPRESENTATION(#264,#266);
#264 = ( REPRESENTATION_RELATIONSHIP('','',#159,#96) 
REPRESENTATION_RELATIONSHIP_WITH_TRANSFORMATION(#265) 
SHAPE_REPRESENTATION_RELATIONSHIP() );
#265 = ITEM_DEFINED_TRANSFORMATION('','',#11,#97);
#266 = PRODUCT_DEFINITION_SHAPE('Placement','Placement of an item',#267
  );
#267 = NEXT_ASSEMBLY_USAGE_OCCURRENCE('1','=>[0:1:1:3]','',#91,#154,$);
#268 = PRODUCT_RELATED_PRODUCT_CATEGORY('part',$,(#156));
#269 = SHAPE_DEFINITION_REPRESENTATION(#270,#276);
#270 = PRODUCT_DEFINITION_SHAPE('','',#271);
#271 = PRODUCT_DEFINITION('design','',#272,#275);
#272 = PRODUCT_DEFINITION_FORMATION('','',#273);
#273 = PRODUCT('SOLID','SOLID','',(#274));
#274 = PRODUCT_CONTEXT('',#2,'mechanical');
#275 = PRODUCT_DEFINITION_CONTEXT('part definition',#2,'design');
#276 = ADVANCED_BREP_SHAPE_REPRESENTATION('',(#11,#277),#375);
#277 = MANIFOLD_SOLID_BREP('',#278);
#278 = CLOSED_SHELL('',(#279,#367,#371));
#279 = ADVANCED_FACE('',(#280),#293,.T.);
#280 = FACE_BOUND('',#281,.T.);
#281 = EDGE_LOOP('',(#282,#316,#339,#366));
#282 = ORIENTED_EDGE('',*,*,#283,.F.);
#283 = EDGE_CURVE('',#284,#284,#286,.T.);
#284 = VERTEX_POINT('',#285);
#285 = CARTESIAN_POINT('',(299.04387080376,-3.894376821289E-15,
    528.55205409893));
#286 = SURFACE_CURVE('',#287,(#292,#304),.PCURVE_S1.);
#287 = CIRCLE('',#288,15.9);
#288 = AXIS2_PLACEMENT_3D('',#289,#290,#291);
#289 = CARTESIAN_POINT('',(284.10275813326,0.,523.11393382005));
#290 = DIRECTION('',(-0.342020143326,0.,0.939692620786));
#291 = DIRECTION('',(0.939692620786,0.,0.342020143326));
#292 = PCURVE('',#293,#298);
#293 = CYLINDRICAL_SURFACE('',#294,15.9);
#294 = AXIS2_PLACEMENT_3D('',#295,#296,#297);
#295 = CARTESIAN_POINT('',(379.86839826445,0.,260.));
#296 = DIRECTION('',(-0.342020143326,0.,0.939692620786));
#297 = DIRECTION('',(0.939692620786,0.,0.342020143326));
#298 = DEFINITIONAL_REPRESENTATION('',(#299),#303);
#299 = LINE('',#300,#301);
#300 = CARTESIAN_POINT('',(0.,280.));
#301 = VECTOR('',#302,1.);
#302 = DIRECTION('',(1.,0.));
#303 = ( GEOMETRIC_REPRESENTATION_CONTEXT(2) 
PARAMETRIC_REPRESENTATION_CONTEXT() REPRESENTATION_CONTEXT('2D SPACE',''
  ) );
#304 = PCURVE('',#305,#310);
#305 = PLANE('',#306);
#306 = AXIS2_PLACEMENT_3D('',#307,#308,#309);
#307 = CARTESIAN_POINT('',(284.10275813326,0.,523.11393382005));
#308 = DIRECTION('',(-0.342020143326,0.,0.939692620786));
#309 = DIRECTION('',(0.939692620786,0.,0.342020143326));
#310 = DEFINITIONAL_REPRESENTATION('',(#311),#315);
#311 = CIRCLE('',#312,15.9);
#312 = AXIS2_PLACEMENT_2D('',#313,#314);
#313 = CARTESIAN_POINT('',(0.,0.));
#314 = DIRECTION('',(1.,0.));
#315 = ( GEOMETRIC_REPRESENTATION_CONTEXT(2) 
PARAMETRIC_REPRESENTATION_CONTEXT() REPRESENTATION_CONTEXT('2D SPACE',''
  ) );
#316 = ORIENTED_EDGE('',*,*,#317,.F.);
#317 = EDGE_CURVE('',#318,#284,#320,.T.);
#318 = VERTEX_POINT('',#319);
#319 = CARTESIAN_POINT('',(394.80951093494,-3.894376821289E-15,
    265.43812027887));
#320 = SEAM_CURVE('',#321,(#325,#332),.PCURVE_S1.);
#321 = LINE('',#322,#323);
#322 = CARTESIAN_POINT('',(394.80951093494,-3.894376821289E-15,
    265.43812027887));
#323 = VECTOR('',#324,1.);
#324 = DIRECTION('',(-0.342020143326,-1.232595164408E-32,0.939692620786)
  );
#325 = PCURVE('',#293,#326);
#326 = DEFINITIONAL_REPRESENTATION('',(#327),#331);
#327 = LINE('',#328,#329);
#328 = CARTESIAN_POINT('',(6.28318530718,-0.));
#329 = VECTOR('',#330,1.);
#330 = DIRECTION('',(0.,1.));
#331 = ( GEOMETRIC_REPRESENTATION_CONTEXT(2) 
PARAMETRIC_REPRESENTATION_CONTEXT() REPRESENTATION_CONTEXT('2D SPACE',''
  ) );
#332 = PCURVE('',#293,#333);
#333 = DEFINITIONAL_REPRESENTATION('',(#334),#338);
#334 = LINE('',#335,#336);
#335 = CARTESIAN_POINT('',(0.,-0.));
#336 = VECTOR('',#337,1.);
#337 = DIRECTION('',(0.,1.));
#338 = ( GEOMETRIC_REPRESENTATION_CONTEXT(2) 
PARAMETRIC_REPRESENTATION_CONTEXT() REPRESENTATION_CONTEXT('2D SPACE',''
  ) );
#339 = ORIENTED_EDGE('',*,*,#340,.T.);
#340 = EDGE_CURVE('',#318,#318,#341,.T.);
#341 = SURFACE_CURVE('',#342,(#347,#354),.PCURVE_S1.);
#342 = CIRCLE('',#343,15.9);
#343 = AXIS2_PLACEMENT_3D('',#344,#345,#346);
#344 = CARTESIAN_POINT('',(379.86839826445,0.,260.));
#345 = DIRECTION('',(-0.342020143326,0.,0.939692620786));
#346 = DIRECTION('',(0.939692620786,0.,0.342020143326));
#347 = PCURVE('',#293,#348);
#348 = DEFINITIONAL_REPRESENTATION('',(#349),#353);
#349 = LINE('',#350,#351);
#350 = CARTESIAN_POINT('',(0.,0.));
#351 = VECTOR('',#352,1.);
#352 = DIRECTION('',(1.,0.));
#353 = ( GEOMETRIC_REPRESENTATION_CONTEXT(2) 
PARAMETRIC_REPRESENTATION_CONTEXT() REPRESENTATION_CONTEXT('2D SPACE',''
  ) );
#354 = PCURVE('',#355,#360);
#355 = PLANE('',#356);
#356 = AXIS2_PLACEMENT_3D('',#357,#358,#359);
#357 = CARTESIAN_POINT('',(379.86839826445,0.,260.));
#358 = DIRECTION('',(-0.342020143326,0.,0.939692620786));
#359 = DIRECTION('',(0.939692620786,0.,0.342020143326));
#360 = DEFINITIONAL_REPRESENTATION('',(#361),#365);
#361 = CIRCLE('',#362,15.9);
#362 = AXIS2_PLACEMENT_2D('',#363,#364);
#363 = CARTESIAN_POINT('',(0.,0.));
#364 = DIRECTION('',(1.,0.));
#365 = ( GEOMETRIC_REPRESENTATION_CONTEXT(2) 
PARAMETRIC_REPRESENTATION_CONTEXT() REPRESENTATION_CONTEXT('2D SPACE',''
  ) );
#366 = ORIENTED_EDGE('',*,*,#317,.T.);
#367 = ADVANCED_FACE('',(#368),#305,.T.);
#368 = FACE_BOUND('',#369,.T.);
#369 = EDGE_LOOP('',(#370));
#370 = ORIENTED_EDGE('',*,*,#283,.T.);
#371 = ADVANCED_FACE('',(#372),#355,.F.);
#372 = FACE_BOUND('',#373,.T.);
#373 = EDGE_LOOP('',(#374));
#374 = ORIENTED_EDGE('',*,*,#340,.F.);
#375 = ( GEOMETRIC_REPRESENTATION_CONTEXT(3) 
GLOBAL_UNCERTAINTY_ASSIGNED_CONTEXT((#379)) GLOBAL_UNIT_ASSIGNED_CONTEXT
((#376,#377,#378)) REPRESENTATION_CONTEXT('Context #1',
  '3D Context with UNIT and UNCERTAINTY') );
#376 = ( LENGTH_UNIT() NAMED_UNIT(*) SI_UNIT(.MILLI.,.METRE.) );
#377 = ( NAMED_UNIT(*) PLANE_ANGLE_UNIT() SI_UNIT($,.RADIAN.) );
#378 = ( NAMED_UNIT(*) SI_UNIT($,.STERADIAN.) SOLID_ANGLE_UNIT() );
#379 = UNCERTAINTY_MEASURE_WITH_UNIT(LENGTH_MEASURE(1.E-07),#376,
  'distance_accuracy_value','confusion accuracy');
#380 = CONTEXT_DEPENDENT_SHAPE_REPRESENTATION(#381,#383);
#381 = ( REPRESENTATION_RELATIONSHIP('','',#276,#96) 
REPRESENTATION_RELATIONSHIP_WITH_TRANSFORMATION(#382) 
SHAPE_REPRESENTATION_RELATIONSHIP() );
#382 = ITEM_DEFINED_TRANSFORMATION('','',#11,#101);
#383 = PRODUCT_DEFINITION_SHAPE('Placement','Placement of an item',#384
  );
#384 = NEXT_ASSEMBLY_USAGE_OCCURRENCE('2','=>[0:1:1:4]','',#91,#271,$);
#385 = PRODUCT_RELATED_PRODUCT_CATEGORY('part',$,(#273));
#386 = SHAPE_DEFINITION_REPRESENTATION(#387,#393);
#387 = PRODUCT_DEFINITION_SHAPE('','',#388);
#388 = PRODUCT_DEFINITION('design','',#389,#392);
#389 = PRODUCT_DEFINITION_FORMATION('','',#390);
#390 = PRODUCT('SOLID','SOLID','',(#391));
#391 = PRODUCT_CONTEXT('',#2,'mechanical');
#392 = PRODUCT_DEFINITION_CONTEXT('part definition',#2,'design');
#393 = ADVANCED_BREP_SHAPE_REPRESENTATION('',(#11,#394),#492);
#394 = MANIFOLD_SOLID_BREP('',#395);
#395 = CLOSED_SHELL('',(#396,#484,#488));
#396 = ADVANCED_FACE('',(#397),#410,.T.);
#397 = FACE_BOUND('',#398,.T.);
#398 = EDGE_LOOP('',(#399,#433,#456,#483));
#399 = ORIENTED_EDGE('',*,*,#400,.F.);
#400 = EDGE_CURVE('',#401,#401,#403,.T.);
#401 = VERTEX_POINT('',#402);
#402 = CARTESIAN_POINT('',(389.69991327179,3.894376821289E-15,
    247.50394811709));
#403 = SURFACE_CURVE('',#404,(#409,#421),.PCURVE_S1.);
#404 = CIRCLE('',#405,15.9);
#405 = AXIS2_PLACEMENT_3D('',#406,#407,#408);
#406 = CARTESIAN_POINT('',(379.86839826445,0.,260.));
#407 = DIRECTION('',(-0.785915212762,0.,-0.618334277191));
#408 = DIRECTION('',(0.618334277191,0.,-0.785915212762));
#409 = PCURVE('',#410,#415);
#410 = CYLINDRICAL_SURFACE('',#411,15.9);
#411 = AXIS2_PLACEMENT_3D('',#412,#413,#414);
#412 = CARTESIAN_POINT('',(725.46862382802,0.,531.90778623577));
#413 = DIRECTION('',(-0.785915212762,0.,-0.618334277191));
#414 = DIRECTION('',(0.618334277191,0.,-0.785915212762));
#415 = DEFINITIONAL_REPRESENTATION('',(#416),#420);
#416 = LINE('',#417,#418);
#417 = CARTESIAN_POINT('',(0.,439.74237926907));
#418 = VECTOR('',#419,1.);
#419 = DIRECTION('',(1.,0.));
#420 = ( GEOMETRIC_REPRESENTATION_CONTEXT(2) 
PARAMETRIC_REPRESENTATION_CONTEXT() REPRESENTATION_CONTEXT('2D SPACE',''
  ) );
#421 = PCURVE('',#422,#427);
#422 = PLANE('',#423);
#423 = AXIS2_PLACEMENT_3D('',#424,#425,#426);
#424 = CARTESIAN_POINT('',(379.86839826445,0.,260.));
#425 = DIRECTION('',(-0.785915212762,0.,-0.618334277191));
#426 = DIRECTION('',(0.618334277191,0.,-0.785915212762));
#427 = DEFINITIONAL_REPRESENTATION('',(#428),#432);
#428 = CIRCLE('',#429,15.9);
#429 = AXIS2_PLACEMENT_2D('',#430,#431);
#430 = CARTESIAN_POINT('',(0.,0.));
#431 = DIRECTION('',(1.,0.));
#432 = ( GEOMETRIC_REPRESENTATION_CONTEXT(2) 
PARAMETRIC_REPRESENTATION_CONTEXT() REPRESENTATION_CONTEXT('2D SPACE',''
  ) );
#433 = ORIENTED_EDGE('',*,*,#434,.F.);
#434 = EDGE_CURVE('',#435,#401,#437,.T.);
#435 = VERTEX_POINT('',#436);
#436 = CARTESIAN_POINT('',(735.30013883536,3.894376821289E-15,
    519.41173435286));
#437 = SEAM_CURVE('',#438,(#442,#449),.PCURVE_S1.);
#438 = LINE('',#439,#440);
#439 = CARTESIAN_POINT('',(735.30013883536,3.894376821289E-15,
    519.41173435286));
#440 = VECTOR('',#441,1.);
#441 = DIRECTION('',(-0.785915212762,0.,-0.618334277191));
#442 = PCURVE('',#410,#443);
#443 = DEFINITIONAL_REPRESENTATION('',(#444),#448);
#444 = LINE('',#445,#446);
#445 = CARTESIAN_POINT('',(6.28318530718,-0.));
#446 = VECTOR('',#447,1.);
#447 = DIRECTION('',(0.,1.));
#448 = ( GEOMETRIC_REPRESENTATION_CONTEXT(2) 
PARAMETRIC_REPRESENTATION_CONTEXT() REPRESENTATION_CONTEXT('2D SPACE',''
  ) );
#449 = PCURVE('',#410,#450);
#450 = DEFINITIONAL_REPRESENTATION('',(#451),#455);
#451 = LINE('',#452,#453);
#452 = CARTESIAN_POINT('',(0.,-0.));
#453 = VECTOR('',#454,1.);
#454 = DIRECTION('',(0.,1.));
#455 = ( GEOMETRIC_REPRESENTATION_CONTEXT(2) 
PARAMETRIC_REPRESENTATION_CONTEXT() REPRESENTATION_CONTEXT('2D SPACE',''
  ) );
#456 = ORIENTED_EDGE('',*,*,#457,.T.);
#457 = EDGE_CURVE('',#435,#435,#458,.T.);
#458 = SURFACE_CURVE('',#459,(#464,#471),.PCURVE_S1.);
#459 = CIRCLE('',#460,15.9);
#460 = AXIS2_PLACEMENT_3D('',#461,#462,#463);
#461 = CARTESIAN_POINT('',(725.46862382802,0.,531.90778623577));
#462 = DIRECTION('',(-0.785915212762,0.,-0.618334277191));
#463 = DIRECTION('',(0.618334277191,0.,-0.785915212762));
#464 = PCURVE('',#410,#465);
#465 = DEFINITIONAL_REPRESENTATION('',(#466),#470);
#466 = LINE('',#467,#468);
#467 = CARTESIAN_POINT('',(0.,0.));
#468 = VECTOR('',#469,1.);
#469 = DIRECTION('',(1.,0.));
#470 = ( GEOMETRIC_REPRESENTATION_CONTEXT(2) 
PARAMETRIC_REPRESENTATION_CONTEXT() REPRESENTATION_CONTEXT('2D SPACE',''
  ) );
#471 = PCURVE('',#472,#477);
#472 = PLANE('',#473);
#473 = AXIS2_PLACEMENT_3D('',#474,#475,#476);
#474 = CARTESIAN_POINT('',(725.46862382802,0.,531.90778623577));
#475 = DIRECTION('',(-0.785915212762,0.,-0.618334277191));
#476 = DIRECTION('',(0.618334277191,0.,-0.785915212762));
#477 = DEFINITIONAL_REPRESENTATION('',(#478),#482);
#478 = CIRCLE('',#479,15.9);
#479 = AXIS2_PLACEMENT_2D('',#480,#481);
#480 = CARTESIAN_POINT('',(0.,0.));
#481 = DIRECTION('',(1.,0.));
#482 = ( GEOMETRIC_REPRESENTATION_CONTEXT(2) 
PARAMETRIC_REPRESENTATION_CONTEXT() REPRESENTATION_CONTEXT('2D SPACE',''
  ) );
#483 = ORIENTED_EDGE('',*,*,#434,.T.);
#484 = ADVANCED_FACE('',(#485),#422,.T.);
#485 = FACE_BOUND('',#486,.T.);
#486 = EDGE_LOOP('',(#487));
#487 = ORIENTED_EDGE('',*,*,#400,.T.);
#488 = ADVANCED_FACE('',(#489),#472,.F.);
#489 = FACE_BOUND('',#490,.T.);
#490 = EDGE_LOOP('',(#491));
#491 = ORIENTED_EDGE('',*,*,#457,.F.);
#492 = ( GEOMETRIC_REPRESENTATION_CONTEXT(3) 
GLOBAL_UNCERTAINTY_ASSIGNED_CONTEXT((#496)) GLOBAL_UNIT_ASSIGNED_CONTEXT
((#493,#494,#495)) REPRESENTATION_CONTEXT('Context #1',
  '3D Context with UNIT and UNCERTAINTY') );
#493 = ( LENGTH_UNIT() NAMED_UNIT(*) SI_UNIT(.MILLI.,.METRE.) );
#494 = ( NAMED_UNIT(*) PLANE_ANGLE_UNIT() SI_UNIT($,.RADIAN.) );
#495 = ( NAMED_UNIT(*) SI_UNIT($,.STERADIAN.) SOLID_ANGLE_UNIT() );
#496 = UNCERTAINTY_MEASURE_WITH_UNIT(LENGTH_MEASURE(1.E-07),#493,
  'distance_accuracy_value','confusion accuracy');
#497 = CONTEXT_DEPENDENT_SHAPE_REPRESENTATION(#498,#500);
#498 = ( REPRESENTATION_RELATIONSHIP('','',#393,#96) 
REPRESENTATION_RELATIONSHIP_WITH_TRANSFORMATION(#499) 
SHAPE_REPRESENTATION_RELATIONSHIP() );
#499 = ITEM_DEFINED_TRANSFORMATION('','',#11,#105);
#500 = PRODUCT_DEFINITION_SHAPE('Placement','Placement of an item',#501
  );
#501 = NEXT_ASSEMBLY_USAGE_OCCURRENCE('3','=>[0:1:1:5]','',#91,#388,$);
#502 = PRODUCT_RELATED_PRODUCT_CATEGORY('part',$,(#390));
#503 = SHAPE_DEFINITION_REPRESENTATION(#504,#510);
#504 = PRODUCT_DEFINITION_SHAPE('','',#505);
#505 = PRODUCT_DEFINITION('design','',#506,#509);
#506 = PRODUCT_DEFINITION_FORMATION('','',#507);
#507 = PRODUCT('SOLID','SOLID','',(#508));
#508 = PRODUCT_CONTEXT('',#2,'mechanical');
#509 = PRODUCT_DEFINITION_CONTEXT('part definition',#2,'design');
#510 = ADVANCED_BREP_SHAPE_REPRESENTATION('',(#11,#511),#609);
#511 = MANIFOLD_SOLID_BREP('',#512);
#512 = CLOSED_SHELL('',(#513,#601,#605));
#513 = ADVANCED_FACE('',(#514),#527,.T.);
#514 = FACE_BOUND('',#515,.T.);
#515 = EDGE_LOOP('',(#516,#550,#573,#600));
#516 = ORIENTED_EDGE('',*,*,#517,.F.);
#517 = EDGE_CURVE('',#518,#518,#520,.T.);
#518 = VERTEX_POINT('',#519);
#519 = CARTESIAN_POINT('',(346.63775921003,3.502489845561E-15,
    360.78538005834));
#520 = SURFACE_CURVE('',#521,(#526,#538),.PCURVE_S1.);
#521 = CIRCLE('',#522,14.3);
#522 = AXIS2_PLACEMENT_3D('',#523,#524,#525);
#523 = CARTESIAN_POINT('',(338.82598106537,0.,372.7631144943));
#524 = DIRECTION('',(-0.837603806711,0.,-0.546278191935));
#525 = DIRECTION('',(0.546278191935,0.,-0.837603806711));
#526 = PCURVE('',#527,#532);
#527 = CYLINDRICAL_SURFACE('',#528,14.3);
#528 = AXIS2_PLACEMENT_3D('',#529,#530,#531);
#529 = CARTESIAN_POINT('',(698.10701236196,0.,607.08319589864));
#530 = DIRECTION('',(-0.837603806711,0.,-0.546278191935));
#531 = DIRECTION('',(0.546278191935,0.,-0.837603806711));
#532 = DEFINITIONAL_REPRESENTATION('',(#533),#537);
#533 = LINE('',#534,#535);
#534 = CARTESIAN_POINT('',(0.,428.93910989659));
#535 = VECTOR('',#536,1.);
#536 = DIRECTION('',(1.,0.));
#537 = ( GEOMETRIC_REPRESENTATION_CONTEXT(2) 
PARAMETRIC_REPRESENTATION_CONTEXT() REPRESENTATION_CONTEXT('2D SPACE',''
  ) );
#538 = PCURVE('',#539,#544);
#539 = PLANE('',#540);
#540 = AXIS2_PLACEMENT_3D('',#541,#542,#543);
#541 = CARTESIAN_POINT('',(338.82598106537,0.,372.7631144943));
#542 = DIRECTION('',(-0.837603806711,0.,-0.546278191935));
#543 = DIRECTION('',(0.546278191935,0.,-0.837603806711));
#544 = DEFINITIONAL_REPRESENTATION('',(#545),#549);
#545 = CIRCLE('',#546,14.3);
#546 = AXIS2_PLACEMENT_2D('',#547,#548);
#547 = CARTESIAN_POINT('',(0.,0.));
#548 = DIRECTION('',(1.,0.));
#549 = ( GEOMETRIC_REPRESENTATION_CONTEXT(2) 
PARAMETRIC_REPRESENTATION_CONTEXT() REPRESENTATION_CONTEXT('2D SPACE',''
  ) );
#550 = ORIENTED_EDGE('',*,*,#551,.F.);
#551 = EDGE_CURVE('',#552,#518,#554,.T.);
#552 = VERTEX_POINT('',#553);
#553 = CARTESIAN_POINT('',(705.91879050663,3.502489845561E-15,
    595.10546146267));
#554 = SEAM_CURVE('',#555,(#559,#566),.PCURVE_S1.);
#555 = LINE('',#556,#557);
#556 = CARTESIAN_POINT('',(705.91879050663,3.502489845561E-15,
    595.10546146267));
#557 = VECTOR('',#558,1.);
#558 = DIRECTION('',(-0.837603806711,0.,-0.546278191935));
#559 = PCURVE('',#527,#560);
#560 = DEFINITIONAL_REPRESENTATION('',(#561),#565);
#561 = LINE('',#562,#563);
#562 = CARTESIAN_POINT('',(6.28318530718,-0.));
#563 = VECTOR('',#564,1.);
#564 = DIRECTION('',(0.,1.));
#565 = ( GEOMETRIC_REPRESENTATION_CONTEXT(2) 
PARAMETRIC_REPRESENTATION_CONTEXT() REPRESENTATION_CONTEXT('2D SPACE',''
  ) );
#566 = PCURVE('',#527,#567);
#567 = DEFINITIONAL_REPRESENTATION('',(#568),#572);
#568 = LINE('',#569,#570);
#569 = CARTESIAN_POINT('',(0.,-0.));
#570 = VECTOR('',#571,1.);
#571 = DIRECTION('',(0.,1.));
#572 = ( GEOMETRIC_REPRESENTATION_CONTEXT(2) 
PARAMETRIC_REPRESENTATION_CONTEXT() REPRESENTATION_CONTEXT('2D SPACE',''
  ) );
#573 = ORIENTED_EDGE('',*,*,#574,.T.);
#574 = EDGE_CURVE('',#552,#552,#575,.T.);
#575 = SURFACE_CURVE('',#576,(#581,#588),.PCURVE_S1.);
#576 = CIRCLE('',#577,14.3);
#577 = AXIS2_PLACEMENT_3D('',#578,#579,#580);
#578 = CARTESIAN_POINT('',(698.10701236196,0.,607.08319589864));
#579 = DIRECTION('',(-0.837603806711,0.,-0.546278191935));
#580 = DIRECTION('',(0.546278191935,0.,-0.837603806711));
#581 = PCURVE('',#527,#582);
#582 = DEFINITIONAL_REPRESENTATION('',(#583),#587);
#583 = LINE('',#584,#585);
#584 = CARTESIAN_POINT('',(0.,0.));
#585 = VECTOR('',#586,1.);
#586 = DIRECTION('',(1.,0.));
#587 = ( GEOMETRIC_REPRESENTATION_CONTEXT(2) 
PARAMETRIC_REPRESENTATION_CONTEXT() REPRESENTATION_CONTEXT('2D SPACE',''
  ) );
#588 = PCURVE('',#589,#594);
#589 = PLANE('',#590);
#590 = AXIS2_PLACEMENT_3D('',#591,#592,#593);
#591 = CARTESIAN_POINT('',(698.10701236196,0.,607.08319589864));
#592 = DIRECTION('',(-0.837603806711,0.,-0.546278191935));
#593 = DIRECTION('',(0.546278191935,0.,-0.837603806711));
#594 = DEFINITIONAL_REPRESENTATION('',(#595),#599);
#595 = CIRCLE('',#596,14.3);
#596 = AXIS2_PLACEMENT_2D('',#597,#598);
#597 = CARTESIAN_POINT('',(0.,0.));
#598 = DIRECTION('',(1.,0.));
#599 = ( GEOMETRIC_REPRESENTATION_CONTEXT(2) 
PARAMETRIC_REPRESENTATION_CONTEXT() REPRESENTATION_CONTEXT('2D SPACE',''
  ) );
#600 = ORIENTED_EDGE('',*,*,#551,.T.);
#601 = ADVANCED_FACE('',(#602),#539,.T.);
#602 = FACE_BOUND('',#603,.T.);
#603 = EDGE_LOOP('',(#604));
#604 = ORIENTED_EDGE('',*,*,#517,.T.);
#605 = ADVANCED_FACE('',(#606),#589,.F.);
#606 = FACE_BOUND('',#607,.T.);
#607 = EDGE_LOOP('',(#608));
#608 = ORIENTED_EDGE('',*,*,#574,.F.);
#609 = ( GEOMETRIC_REPRESENTATION_CONTEXT(3) 
GLOBAL_UNCERTAINTY_ASSIGNED_CONTEXT((#613)) GLOBAL_UNIT_ASSIGNED_CONTEXT
((#610,#611,#612)) REPRESENTATION_CONTEXT('Context #1',
  '3D Context with UNIT and UNCERTAINTY') );
#610 = ( LENGTH_UNIT() NAMED_UNIT(*) SI_UNIT(.MILLI.,.METRE.) );
#611 = ( NAMED_UNIT(*) PLANE_ANGLE_UNIT() SI_UNIT($,.RADIAN.) );
#612 = ( NAMED_UNIT(*) SI_UNIT($,.STERADIAN.) SOLID_ANGLE_UNIT() );
#613 = UNCERTAINTY_MEASURE_WITH_UNIT(LENGTH_MEASURE(1.E-07),#610,
  'distance_accuracy_value','confusion accuracy');
#614 = CONTEXT_DEPENDENT_SHAPE_REPRESENTATION(#615,#617);
#615 = ( REPRESENTATION_RELATIONSHIP('','',#510,#96) 
REPRESENTATION_RELATIONSHIP_WITH_TRANSFORMATION(#616) 
SHAPE_REPRESENTATION_RELATIONSHIP() );
#616 = ITEM_DEFINED_TRANSFORMATION('','',#11,#109);
#617 = PRODUCT_DEFINITION_SHAPE('Placement','Placement of an item',#618
  );
#618 = NEXT_ASSEMBLY_USAGE_OCCURRENCE('4','=>[0:1:1:6]','',#91,#505,$);
#619 = PRODUCT_RELATED_PRODUCT_CATEGORY('part',$,(#507));
#620 = SHAPE_DEFINITION_REPRESENTATION(#621,#627);
#621 = PRODUCT_DEFINITION_SHAPE('','',#622);
#622 = PRODUCT_DEFINITION('design','',#623,#626);
#623 = PRODUCT_DEFINITION_FORMATION('','',#624);
#624 = PRODUCT('SOLID','SOLID','',(#625));
#625 = PRODUCT_CONTEXT('',#2,'mechanical');
#626 = PRODUCT_DEFINITION_CONTEXT('part definition',#2,'design');
#627 = ADVANCED_BREP_SHAPE_REPRESENTATION('',(#11,#628),#726);
#628 = MANIFOLD_SOLID_BREP('',#629);
#629 = CLOSED_SHELL('',(#630,#718,#722));
#630 = ADVANCED_FACE('',(#631),#644,.T.);
#631 = FACE_BOUND('',#632,.T.);
#632 = EDGE_LOOP('',(#633,#667,#690,#717));
#633 = ORIENTED_EDGE('',*,*,#634,.F.);
#634 = EDGE_CURVE('',#635,#635,#637,.T.);
#635 = VERTEX_POINT('',#636);
#636 = CARTESIAN_POINT('',(379.86839826445,34.,280.));
#637 = SURFACE_CURVE('',#638,(#643,#655),.PCURVE_S1.);
#638 = CIRCLE('',#639,20.);
#639 = AXIS2_PLACEMENT_3D('',#640,#641,#642);
#640 = CARTESIAN_POINT('',(379.86839826445,34.,260.));
#641 = DIRECTION('',(0.,1.,0.));
#642 = DIRECTION('',(0.,-0.,1.));
#643 = PCURVE('',#644,#649);
#644 = CYLINDRICAL_SURFACE('',#645,20.);
#645 = AXIS2_PLACEMENT_3D('',#646,#647,#648);
#646 = CARTESIAN_POINT('',(379.86839826445,-34.,260.));
#647 = DIRECTION('',(0.,1.,0.));
#648 = DIRECTION('',(0.,-0.,1.));
#649 = DEFINITIONAL_REPRESENTATION('',(#650),#654);
#650 = LINE('',#651,#652);
#651 = CARTESIAN_POINT('',(0.,68.));
#652 = VECTOR('',#653,1.);
#653 = DIRECTION('',(1.,0.));
#654 = ( GEOMETRIC_REPRESENTATION_CONTEXT(2) 
PARAMETRIC_REPRESENTATION_CONTEXT() REPRESENTATION_CONTEXT('2D SPACE',''
  ) );
#655 = PCURVE('',#656,#661);
#656 = PLANE('',#657);
#657 = AXIS2_PLACEMENT_3D('',#658,#659,#660);
#658 = CARTESIAN_POINT('',(379.86839826445,34.,260.));
#659 = DIRECTION('',(0.,1.,0.));
#660 = DIRECTION('',(0.,-0.,1.));
#661 = DEFINITIONAL_REPRESENTATION('',(#662),#666);
#662 = CIRCLE('',#663,20.);
#663 = AXIS2_PLACEMENT_2D('',#664,#665);
#664 = CARTESIAN_POINT('',(0.,0.));
#665 = DIRECTION('',(1.,0.));
#666 = ( GEOMETRIC_REPRESENTATION_CONTEXT(2) 
PARAMETRIC_REPRESENTATION_CONTEXT() REPRESENTATION_CONTEXT('2D SPACE',''
  ) );
#667 = ORIENTED_EDGE('',*,*,#668,.F.);
#668 = EDGE_CURVE('',#669,#635,#671,.T.);
#669 = VERTEX_POINT('',#670);
#670 = CARTESIAN_POINT('',(379.86839826445,-34.,280.));
#671 = SEAM_CURVE('',#672,(#676,#683),.PCURVE_S1.);
#672 = LINE('',#673,#674);
#673 = CARTESIAN_POINT('',(379.86839826445,-34.,280.));
#674 = VECTOR('',#675,1.);
#675 = DIRECTION('',(0.,1.,0.));
#676 = PCURVE('',#644,#677);
#677 = DEFINITIONAL_REPRESENTATION('',(#678),#682);
#678 = LINE('',#679,#680);
#679 = CARTESIAN_POINT('',(6.28318530718,-0.));
#680 = VECTOR('',#681,1.);
#681 = DIRECTION('',(0.,1.));
#682 = ( GEOMETRIC_REPRESENTATION_CONTEXT(2) 
PARAMETRIC_REPRESENTATION_CONTEXT() REPRESENTATION_CONTEXT('2D SPACE',''
  ) );
#683 = PCURVE('',#644,#684);
#684 = DEFINITIONAL_REPRESENTATION('',(#685),#689);
#685 = LINE('',#686,#687);
#686 = CARTESIAN_POINT('',(0.,-0.));
#687 = VECTOR('',#688,1.);
#688 = DIRECTION('',(0.,1.));
#689 = ( GEOMETRIC_REPRESENTATION_CONTEXT(2) 
PARAMETRIC_REPRESENTATION_CONTEXT() REPRESENTATION_CONTEXT('2D SPACE',''
  ) );
#690 = ORIENTED_EDGE('',*,*,#691,.T.);
#691 = EDGE_CURVE('',#669,#669,#692,.T.);
#692 = SURFACE_CURVE('',#693,(#698,#705),.PCURVE_S1.);
#693 = CIRCLE('',#694,20.);
#694 = AXIS2_PLACEMENT_3D('',#695,#696,#697);
#695 = CARTESIAN_POINT('',(379.86839826445,-34.,260.));
#696 = DIRECTION('',(0.,1.,0.));
#697 = DIRECTION('',(0.,-0.,1.));
#698 = PCURVE('',#644,#699);
#699 = DEFINITIONAL_REPRESENTATION('',(#700),#704);
#700 = LINE('',#701,#702);
#701 = CARTESIAN_POINT('',(0.,0.));
#702 = VECTOR('',#703,1.);
#703 = DIRECTION('',(1.,0.));
#704 = ( GEOMETRIC_REPRESENTATION_CONTEXT(2) 
PARAMETRIC_REPRESENTATION_CONTEXT() REPRESENTATION_CONTEXT('2D SPACE',''
  ) );
#705 = PCURVE('',#706,#711);
#706 = PLANE('',#707);
#707 = AXIS2_PLACEMENT_3D('',#708,#709,#710);
#708 = CARTESIAN_POINT('',(379.86839826445,-34.,260.));
#709 = DIRECTION('',(0.,1.,0.));
#710 = DIRECTION('',(0.,-0.,1.));
#711 = DEFINITIONAL_REPRESENTATION('',(#712),#716);
#712 = CIRCLE('',#713,20.);
#713 = AXIS2_PLACEMENT_2D('',#714,#715);
#714 = CARTESIAN_POINT('',(0.,0.));
#715 = DIRECTION('',(1.,0.));
#716 = ( GEOMETRIC_REPRESENTATION_CONTEXT(2) 
PARAMETRIC_REPRESENTATION_CONTEXT() REPRESENTATION_CONTEXT('2D SPACE',''
  ) );
#717 = ORIENTED_EDGE('',*,*,#668,.T.);
#718 = ADVANCED_FACE('',(#719),#656,.T.);
#719 = FACE_BOUND('',#720,.T.);
#720 = EDGE_LOOP('',(#721));
#721 = ORIENTED_EDGE('',*,*,#634,.T.);
#722 = ADVANCED_FACE('',(#723),#706,.F.);
#723 = FACE_BOUND('',#724,.T.);
#724 = EDGE_LOOP('',(#725));
#725 = ORIENTED_EDGE('',*,*,#691,.F.);
#726 = ( GEOMETRIC_REPRESENTATION_CONTEXT(3) 
GLOBAL_UNCERTAINTY_ASSIGNED_CONTEXT((#730)) GLOBAL_UNIT_ASSIGNED_CONTEXT
((#727,#728,#729)) REPRESENTATION_CONTEXT('Context #1',
  '3D Context with UNIT and UNCERTAINTY') );
#727 = ( LENGTH_UNIT() NAMED_UNIT(*) SI_UNIT(.MILLI.,.METRE.) );
#728 = ( NAMED_UNIT(*) PLANE_ANGLE_UNIT() SI_UNIT($,.RADIAN.) );
#729 = ( NAMED_UNIT(*) SI_UNIT($,.STERADIAN.) SOLID_ANGLE_UNIT() );
#730 = UNCERTAINTY_MEASURE_WITH_UNIT(LENGTH_MEASURE(1.E-07),#727,
  'distance_accuracy_value','confusion accuracy');
#731 = CONTEXT_DEPENDENT_SHAPE_REPRESENTATION(#732,#734);
#732 = ( REPRESENTATION_RELATIONSHIP('','',#627,#96) 
REPRESENTATION_RELATIONSHIP_WITH_TRANSFORMATION(#733) 
SHAPE_REPRESENTATION_RELATIONSHIP() );
#733 = ITEM_DEFINED_TRANSFORMATION('','',#11,#113);
#734 = PRODUCT_DEFINITION_SHAPE('Placement','Placement of an item',#735
  );
#735 = NEXT_ASSEMBLY_USAGE_OCCURRENCE('5','=>[0:1:1:7]','',#91,#622,$);
#736 = PRODUCT_RELATED_PRODUCT_CATEGORY('part',$,(#624));
#737 = SHAPE_DEFINITION_REPRESENTATION(#738,#744);
#738 = PRODUCT_DEFINITION_SHAPE('','',#739);
#739 = PRODUCT_DEFINITION('design','',#740,#743);
#740 = PRODUCT_DEFINITION_FORMATION('','',#741);
#741 = PRODUCT('SOLID','SOLID','',(#742));
#742 = PRODUCT_CONTEXT('',#2,'mechanical');
#743 = PRODUCT_DEFINITION_CONTEXT('part definition',#2,'design');
#744 = ADVANCED_BREP_SHAPE_REPRESENTATION('',(#11,#745),#843);
#745 = MANIFOLD_SOLID_BREP('',#746);
#746 = CLOSED_SHELL('',(#747,#835,#839));
#747 = ADVANCED_FACE('',(#748),#761,.T.);
#748 = FACE_BOUND('',#749,.T.);
#749 = EDGE_LOOP('',(#750,#784,#807,#834));
#750 = ORIENTED_EDGE('',*,*,#751,.F.);
#751 = EDGE_CURVE('',#752,#752,#754,.T.);
#752 = VERTEX_POINT('',#753);
#753 = CARTESIAN_POINT('',(0.747931030541,-64.47051208613,250.));
#754 = SURFACE_CURVE('',#755,(#760,#772),.PCURVE_S1.);
#755 = CIRCLE('',#756,9.5);
#756 = AXIS2_PLACEMENT_3D('',#757,#758,#759);
#757 = CARTESIAN_POINT('',(0.,-55.,250.));
#758 = DIRECTION('',(-0.996552902531,-7.870248542001E-02,
    -2.623416180667E-02));
#759 = DIRECTION('',(7.872958216222E-02,-0.996896009066,
    8.673617379884E-19));
#760 = PCURVE('',#761,#766);
#761 = CYLINDRICAL_SURFACE('',#762,9.5);
#762 = AXIS2_PLACEMENT_3D('',#763,#764,#765);
#763 = CARTESIAN_POINT('',(379.86839826445,-25.,260.));
#764 = DIRECTION('',(-0.996552902531,-7.870248542001E-02,
    -2.623416180667E-02));
#765 = DIRECTION('',(7.872958216222E-02,-0.996896009066,
    4.336808689942E-19));
#766 = DEFINITIONAL_REPRESENTATION('',(#767),#771);
#767 = LINE('',#768,#769);
#768 = CARTESIAN_POINT('',(0.,381.18237105091));
#769 = VECTOR('',#770,1.);
#770 = DIRECTION('',(1.,0.));
#771 = ( GEOMETRIC_REPRESENTATION_CONTEXT(2) 
PARAMETRIC_REPRESENTATION_CONTEXT() REPRESENTATION_CONTEXT('2D SPACE',''
  ) );
#772 = PCURVE('',#773,#778);
#773 = PLANE('',#774);
#774 = AXIS2_PLACEMENT_3D('',#775,#776,#777);
#775 = CARTESIAN_POINT('',(0.,-55.,250.));
#776 = DIRECTION('',(-0.996552902531,-7.870248542001E-02,
    -2.623416180667E-02));
#777 = DIRECTION('',(7.872958216222E-02,-0.996896009066,
    4.336808689942E-19));
#778 = DEFINITIONAL_REPRESENTATION('',(#779),#783);
#779 = CIRCLE('',#780,9.5);
#780 = AXIS2_PLACEMENT_2D('',#781,#782);
#781 = CARTESIAN_POINT('',(0.,0.));
#782 = DIRECTION('',(1.,0.));
#783 = ( GEOMETRIC_REPRESENTATION_CONTEXT(2) 
PARAMETRIC_REPRESENTATION_CONTEXT() REPRESENTATION_CONTEXT('2D SPACE',''
  ) );
#784 = ORIENTED_EDGE('',*,*,#785,.F.);
#785 = EDGE_CURVE('',#786,#752,#788,.T.);
#786 = VERTEX_POINT('',#787);
#787 = CARTESIAN_POINT('',(380.61632929499,-34.47051208613,260.));
#788 = SEAM_CURVE('',#789,(#793,#800),.PCURVE_S1.);
#789 = LINE('',#790,#791);
#790 = CARTESIAN_POINT('',(380.61632929499,-34.47051208613,260.));
#791 = VECTOR('',#792,1.);
#792 = DIRECTION('',(-0.996552902531,-7.870248542001E-02,
    -2.623416180667E-02));
#793 = PCURVE('',#761,#794);
#794 = DEFINITIONAL_REPRESENTATION('',(#795),#799);
#795 = LINE('',#796,#797);
#796 = CARTESIAN_POINT('',(6.28318530718,-0.));
#797 = VECTOR('',#798,1.);
#798 = DIRECTION('',(0.,1.));
#799 = ( GEOMETRIC_REPRESENTATION_CONTEXT(2) 
PARAMETRIC_REPRESENTATION_CONTEXT() REPRESENTATION_CONTEXT('2D SPACE',''
  ) );
#800 = PCURVE('',#761,#801);
#801 = DEFINITIONAL_REPRESENTATION('',(#802),#806);
#802 = LINE('',#803,#804);
#803 = CARTESIAN_POINT('',(0.,-0.));
#804 = VECTOR('',#805,1.);
#805 = DIRECTION('',(0.,1.));
#806 = ( GEOMETRIC_REPRESENTATION_CONTEXT(2) 
PARAMETRIC_REPRESENTATION_CONTEXT() REPRESENTATION_CONTEXT('2D SPACE',''
  ) );
#807 = ORIENTED_EDGE('',*,*,#808,.T.);
#808 = EDGE_CURVE('',#786,#786,#809,.T.);
#809 = SURFACE_CURVE('',#810,(#815,#822),.PCURVE_S1.);
#810 = CIRCLE('',#811,9.5);
#811 = AXIS2_PLACEMENT_3D('',#812,#813,#814);
#812 = CARTESIAN_POINT('',(379.86839826445,-25.,260.));
#813 = DIRECTION('',(-0.996552902531,-7.870248542001E-02,
    -2.623416180667E-02));
#814 = DIRECTION('',(7.872958216222E-02,-0.996896009066,
    8.673617379884E-19));
#815 = PCURVE('',#761,#816);
#816 = DEFINITIONAL_REPRESENTATION('',(#817),#821);
#817 = LINE('',#818,#819);
#818 = CARTESIAN_POINT('',(0.,0.));
#819 = VECTOR('',#820,1.);
#820 = DIRECTION('',(1.,0.));
#821 = ( GEOMETRIC_REPRESENTATION_CONTEXT(2) 
PARAMETRIC_REPRESENTATION_CONTEXT() REPRESENTATION_CONTEXT('2D SPACE',''
  ) );
#822 = PCURVE('',#823,#828);
#823 = PLANE('',#824);
#824 = AXIS2_PLACEMENT_3D('',#825,#826,#827);
#825 = CARTESIAN_POINT('',(379.86839826445,-25.,260.));
#826 = DIRECTION('',(-0.996552902531,-7.870248542001E-02,
    -2.623416180667E-02));
#827 = DIRECTION('',(7.872958216222E-02,-0.996896009066,
    4.336808689942E-19));
#828 = DEFINITIONAL_REPRESENTATION('',(#829),#833);
#829 = CIRCLE('',#830,9.5);
#830 = AXIS2_PLACEMENT_2D('',#831,#832);
#831 = CARTESIAN_POINT('',(0.,0.));
#832 = DIRECTION('',(1.,0.));
#833 = ( GEOMETRIC_REPRESENTATION_CONTEXT(2) 
PARAMETRIC_REPRESENTATION_CONTEXT() REPRESENTATION_CONTEXT('2D SPACE',''
  ) );
#834 = ORIENTED_EDGE('',*,*,#785,.T.);
#835 = ADVANCED_FACE('',(#836),#773,.T.);
#836 = FACE_BOUND('',#837,.T.);
#837 = EDGE_LOOP('',(#838));
#838 = ORIENTED_EDGE('',*,*,#751,.T.);
#839 = ADVANCED_FACE('',(#840),#823,.F.);
#840 = FACE_BOUND('',#841,.T.);
#841 = EDGE_LOOP('',(#842));
#842 = ORIENTED_EDGE('',*,*,#808,.F.);
#843 = ( GEOMETRIC_REPRESENTATION_CONTEXT(3) 
GLOBAL_UNCERTAINTY_ASSIGNED_CONTEXT((#847)) GLOBAL_UNIT_ASSIGNED_CONTEXT
((#844,#845,#846)) REPRESENTATION_CONTEXT('Context #1',
  '3D Context with UNIT and UNCERTAINTY') );
#844 = ( LENGTH_UNIT() NAMED_UNIT(*) SI_UNIT(.MILLI.,.METRE.) );
#845 = ( NAMED_UNIT(*) PLANE_ANGLE_UNIT() SI_UNIT($,.RADIAN.) );
#846 = ( NAMED_UNIT(*) SI_UNIT($,.STERADIAN.) SOLID_ANGLE_UNIT() );
#847 = UNCERTAINTY_MEASURE_WITH_UNIT(LENGTH_MEASURE(1.E-07),#844,
  'distance_accuracy_value','confusion accuracy');
#848 = CONTEXT_DEPENDENT_SHAPE_REPRESENTATION(#849,#851);
#849 = ( REPRESENTATION_RELATIONSHIP('','',#744,#96) 
REPRESENTATION_RELATIONSHIP_WITH_TRANSFORMATION(#850) 
SHAPE_REPRESENTATION_RELATIONSHIP() );
#850 = ITEM_DEFINED_TRANSFORMATION('','',#11,#117);
#851 = PRODUCT_DEFINITION_SHAPE('Placement','Placement of an item',#852
  );
#852 = NEXT_ASSEMBLY_USAGE_OCCURRENCE('6','=>[0:1:1:8]','',#91,#739,$);
#853 = PRODUCT_RELATED_PRODUCT_CATEGORY('part',$,(#741));
#854 = SHAPE_DEFINITION_REPRESENTATION(#855,#861);
#855 = PRODUCT_DEFINITION_SHAPE('','',#856);
#856 = PRODUCT_DEFINITION('design','',#857,#860);
#857 = PRODUCT_DEFINITION_FORMATION('','',#858);
#858 = PRODUCT('SOLID','SOLID','',(#859));
#859 = PRODUCT_CONTEXT('',#2,'mechanical');
#860 = PRODUCT_DEFINITION_CONTEXT('part definition',#2,'design');
#861 = ADVANCED_BREP_SHAPE_REPRESENTATION('',(#11,#862),#960);
#862 = MANIFOLD_SOLID_BREP('',#863);
#863 = CLOSED_SHELL('',(#864,#952,#956));
#864 = ADVANCED_FACE('',(#865),#878,.T.);
#865 = FACE_BOUND('',#866,.T.);
#866 = EDGE_LOOP('',(#867,#901,#924,#951));
#867 = ORIENTED_EDGE('',*,*,#868,.F.);
#868 = EDGE_CURVE('',#869,#869,#871,.T.);
#869 = VERTEX_POINT('',#870);
#870 = CARTESIAN_POINT('',(-0.747931030541,45.529487913869,250.));
#871 = SURFACE_CURVE('',#872,(#877,#889),.PCURVE_S1.);
#872 = CIRCLE('',#873,9.5);
#873 = AXIS2_PLACEMENT_3D('',#874,#875,#876);
#874 = CARTESIAN_POINT('',(0.,55.,250.));
#875 = DIRECTION('',(-0.996552902531,7.870248542001E-02,
    -2.623416180667E-02));
#876 = DIRECTION('',(-7.872958216222E-02,-0.996896009066,
    -8.673617379884E-19));
#877 = PCURVE('',#878,#883);
#878 = CYLINDRICAL_SURFACE('',#879,9.5);
#879 = AXIS2_PLACEMENT_3D('',#880,#881,#882);
#880 = CARTESIAN_POINT('',(379.86839826445,25.,260.));
#881 = DIRECTION('',(-0.996552902531,7.870248542001E-02,
    -2.623416180667E-02));
#882 = DIRECTION('',(-7.872958216222E-02,-0.996896009066,
    -4.336808689942E-19));
#883 = DEFINITIONAL_REPRESENTATION('',(#884),#888);
#884 = LINE('',#885,#886);
#885 = CARTESIAN_POINT('',(0.,381.18237105091));
#886 = VECTOR('',#887,1.);
#887 = DIRECTION('',(1.,0.));
#888 = ( GEOMETRIC_REPRESENTATION_CONTEXT(2) 
PARAMETRIC_REPRESENTATION_CONTEXT() REPRESENTATION_CONTEXT('2D SPACE',''
  ) );
#889 = PCURVE('',#890,#895);
#890 = PLANE('',#891);
#891 = AXIS2_PLACEMENT_3D('',#892,#893,#894);
#892 = CARTESIAN_POINT('',(0.,55.,250.));
#893 = DIRECTION('',(-0.996552902531,7.870248542001E-02,
    -2.623416180667E-02));
#894 = DIRECTION('',(-7.872958216222E-02,-0.996896009066,
    -4.336808689942E-19));
#895 = DEFINITIONAL_REPRESENTATION('',(#896),#900);
#896 = CIRCLE('',#897,9.5);
#897 = AXIS2_PLACEMENT_2D('',#898,#899);
#898 = CARTESIAN_POINT('',(0.,0.));
#899 = DIRECTION('',(1.,0.));
#900 = ( GEOMETRIC_REPRESENTATION_CONTEXT(2) 
PARAMETRIC_REPRESENTATION_CONTEXT() REPRESENTATION_CONTEXT('2D SPACE',''
  ) );
#901 = ORIENTED_EDGE('',*,*,#902,.F.);
#902 = EDGE_CURVE('',#903,#869,#905,.T.);
#903 = VERTEX_POINT('',#904);
#904 = CARTESIAN_POINT('',(379.12046723391,15.529487913869,260.));
#905 = SEAM_CURVE('',#906,(#910,#917),.PCURVE_S1.);
#906 = LINE('',#907,#908);
#907 = CARTESIAN_POINT('',(379.12046723391,15.529487913869,260.));
#908 = VECTOR('',#909,1.);
#909 = DIRECTION('',(-0.996552902531,7.870248542001E-02,
    -2.623416180667E-02));
#910 = PCURVE('',#878,#911);
#911 = DEFINITIONAL_REPRESENTATION('',(#912),#916);
#912 = LINE('',#913,#914);
#913 = CARTESIAN_POINT('',(6.28318530718,-0.));
#914 = VECTOR('',#915,1.);
#915 = DIRECTION('',(0.,1.));
#916 = ( GEOMETRIC_REPRESENTATION_CONTEXT(2) 
PARAMETRIC_REPRESENTATION_CONTEXT() REPRESENTATION_CONTEXT('2D SPACE',''
  ) );
#917 = PCURVE('',#878,#918);
#918 = DEFINITIONAL_REPRESENTATION('',(#919),#923);
#919 = LINE('',#920,#921);
#920 = CARTESIAN_POINT('',(0.,-0.));
#921 = VECTOR('',#922,1.);
#922 = DIRECTION('',(0.,1.));
#923 = ( GEOMETRIC_REPRESENTATION_CONTEXT(2) 
PARAMETRIC_REPRESENTATION_CONTEXT() REPRESENTATION_CONTEXT('2D SPACE',''
  ) );
#924 = ORIENTED_EDGE('',*,*,#925,.T.);
#925 = EDGE_CURVE('',#903,#903,#926,.T.);
#926 = SURFACE_CURVE('',#927,(#932,#939),.PCURVE_S1.);
#927 = CIRCLE('',#928,9.5);
#928 = AXIS2_PLACEMENT_3D('',#929,#930,#931);
#929 = CARTESIAN_POINT('',(379.86839826445,25.,260.));
#930 = DIRECTION('',(-0.996552902531,7.870248542001E-02,
    -2.623416180667E-02));
#931 = DIRECTION('',(-7.872958216222E-02,-0.996896009066,
    -8.673617379884E-19));
#932 = PCURVE('',#878,#933);
#933 = DEFINITIONAL_REPRESENTATION('',(#934),#938);
#934 = LINE('',#935,#936);
#935 = CARTESIAN_POINT('',(0.,0.));
#936 = VECTOR('',#937,1.);
#937 = DIRECTION('',(1.,0.));
#938 = ( GEOMETRIC_REPRESENTATION_CONTEXT(2) 
PARAMETRIC_REPRESENTATION_CONTEXT() REPRESENTATION_CONTEXT('2D SPACE',''
  ) );
#939 = PCURVE('',#940,#945);
#940 = PLANE('',#941);
#941 = AXIS2_PLACEMENT_3D('',#942,#943,#944);
#942 = CARTESIAN_POINT('',(379.86839826445,25.,260.));
#943 = DIRECTION('',(-0.996552902531,7.870248542001E-02,
    -2.623416180667E-02));
#944 = DIRECTION('',(-7.872958216222E-02,-0.996896009066,
    -4.336808689942E-19));
#945 = DEFINITIONAL_REPRESENTATION('',(#946),#950);
#946 = CIRCLE('',#947,9.5);
#947 = AXIS2_PLACEMENT_2D('',#948,#949);
#948 = CARTESIAN_POINT('',(0.,0.));
#949 = DIRECTION('',(1.,0.));
#950 = ( GEOMETRIC_REPRESENTATION_CONTEXT(2) 
PARAMETRIC_REPRESENTATION_CONTEXT() REPRESENTATION_CONTEXT('2D SPACE',''
  ) );
#951 = ORIENTED_EDGE('',*,*,#902,.T.);
#952 = ADVANCED_FACE('',(#953),#890,.T.);
#953 = FACE_BOUND('',#954,.T.);
#954 = EDGE_LOOP('',(#955));
#955 = ORIENTED_EDGE('',*,*,#868,.T.);
#956 = ADVANCED_FACE('',(#957),#940,.F.);
#957 = FACE_BOUND('',#958,.T.);
#958 = EDGE_LOOP('',(#959));
#959 = ORIENTED_EDGE('',*,*,#925,.F.);
#960 = ( GEOMETRIC_REPRESENTATION_CONTEXT(3) 
GLOBAL_UNCERTAINTY_ASSIGNED_CONTEXT((#964)) GLOBAL_UNIT_ASSIGNED_CONTEXT
((#961,#962,#963)) REPRESENTATION_CONTEXT('Context #1',
  '3D Context with UNIT and UNCERTAINTY') );
#961 = ( LENGTH_UNIT() NAMED_UNIT(*) SI_UNIT(.MILLI.,.METRE.) );
#962 = ( NAMED_UNIT(*) PLANE_ANGLE_UNIT() SI_UNIT($,.RADIAN.) );
#963 = ( NAMED_UNIT(*) SI_UNIT($,.STERADIAN.) SOLID_ANGLE_UNIT() );
#964 = UNCERTAINTY_MEASURE_WITH_UNIT(LENGTH_MEASURE(1.E-07),#961,
  'distance_accuracy_value','confusion accuracy');
#965 = CONTEXT_DEPENDENT_SHAPE_REPRESENTATION(#966,#968);
#966 = ( REPRESENTATION_RELATIONSHIP('','',#861,#96) 
REPRESENTATION_RELATIONSHIP_WITH_TRANSFORMATION(#967) 
SHAPE_REPRESENTATION_RELATIONSHIP() );
#967 = ITEM_DEFINED_TRANSFORMATION('','',#11,#121);
#968 = PRODUCT_DEFINITION_SHAPE('Placement','Placement of an item',#969
  );
#969 = NEXT_ASSEMBLY_USAGE_OCCURRENCE('7','=>[0:1:1:9]','',#91,#856,$);
#970 = PRODUCT_RELATED_PRODUCT_CATEGORY('part',$,(#858));
#971 = SHAPE_DEFINITION_REPRESENTATION(#972,#978);
#972 = PRODUCT_DEFINITION_SHAPE('','',#973);
#973 = PRODUCT_DEFINITION('design','',#974,#977);
#974 = PRODUCT_DEFINITION_FORMATION('','',#975);
#975 = PRODUCT('SOLID','SOLID','',(#976));
#976 = PRODUCT_CONTEXT('',#2,'mechanical');
#977 = PRODUCT_DEFINITION_CONTEXT('part definition',#2,'design');
#978 = ADVANCED_BREP_SHAPE_REPRESENTATION('',(#11,#979),#1077);
#979 = MANIFOLD_SOLID_BREP('',#980);
#980 = CLOSED_SHELL('',(#981,#1069,#1073));
#981 = ADVANCED_FACE('',(#982),#995,.T.);
#982 = FACE_BOUND('',#983,.T.);
#983 = EDGE_LOOP('',(#984,#1018,#1041,#1068));
#984 = ORIENTED_EDGE('',*,*,#985,.F.);
#985 = EDGE_CURVE('',#986,#986,#988,.T.);
#986 = VERTEX_POINT('',#987);
#987 = CARTESIAN_POINT('',(5.265044105303,-55.,243.97676909215));
#988 = SURFACE_CURVE('',#989,(#994,#1006),.PCURVE_S1.);
#989 = CIRCLE('',#990,8.);
#990 = AXIS2_PLACEMENT_3D('',#991,#992,#993);
#991 = CARTESIAN_POINT('',(0.,-55.,250.));
#992 = DIRECTION('',(-0.749476169456,-9.531283765039E-02,-0.655134287301
    ));
#993 = DIRECTION('',(0.658130513163,0.,-0.752903863481));
#994 = PCURVE('',#995,#1000);
#995 = CYLINDRICAL_SURFACE('',#996,8.);
#996 = AXIS2_PLACEMENT_3D('',#997,#998,#999);
#997 = CARTESIAN_POINT('',(290.94316099977,-18.,504.32008140433));
#998 = DIRECTION('',(-0.749476169456,-9.531283765039E-02,-0.655134287301
    ));
#999 = DIRECTION('',(0.658130513163,0.,-0.752903863481));
#1000 = DEFINITIONAL_REPRESENTATION('',(#1001),#1005);
#1001 = LINE('',#1002,#1003);
#1002 = CARTESIAN_POINT('',(0.,388.1953461056));
#1003 = VECTOR('',#1004,1.);
#1004 = DIRECTION('',(1.,0.));
#1005 = ( GEOMETRIC_REPRESENTATION_CONTEXT(2) 
PARAMETRIC_REPRESENTATION_CONTEXT() REPRESENTATION_CONTEXT('2D SPACE',''
  ) );
#1006 = PCURVE('',#1007,#1012);
#1007 = PLANE('',#1008);
#1008 = AXIS2_PLACEMENT_3D('',#1009,#1010,#1011);
#1009 = CARTESIAN_POINT('',(0.,-55.,250.));
#1010 = DIRECTION('',(-0.749476169456,-9.531283765039E-02,
    -0.655134287301));
#1011 = DIRECTION('',(0.658130513163,0.,-0.752903863481));
#1012 = DEFINITIONAL_REPRESENTATION('',(#1013),#1017);
#1013 = CIRCLE('',#1014,8.);
#1014 = AXIS2_PLACEMENT_2D('',#1015,#1016);
#1015 = CARTESIAN_POINT('',(0.,0.));
#1016 = DIRECTION('',(1.,0.));
#1017 = ( GEOMETRIC_REPRESENTATION_CONTEXT(2) 
PARAMETRIC_REPRESENTATION_CONTEXT() REPRESENTATION_CONTEXT('2D SPACE',''
  ) );
#1018 = ORIENTED_EDGE('',*,*,#1019,.F.);
#1019 = EDGE_CURVE('',#1020,#986,#1022,.T.);
#1020 = VERTEX_POINT('',#1021);
#1021 = CARTESIAN_POINT('',(296.20820510508,-18.,498.29685049649));
#1022 = SEAM_CURVE('',#1023,(#1027,#1034),.PCURVE_S1.);
#1023 = LINE('',#1024,#1025);
#1024 = CARTESIAN_POINT('',(296.20820510508,-18.,498.29685049649));
#1025 = VECTOR('',#1026,1.);
#1026 = DIRECTION('',(-0.749476169456,-9.531283765039E-02,
    -0.655134287301));
#1027 = PCURVE('',#995,#1028);
#1028 = DEFINITIONAL_REPRESENTATION('',(#1029),#1033);
#1029 = LINE('',#1030,#1031);
#1030 = CARTESIAN_POINT('',(6.28318530718,-0.));
#1031 = VECTOR('',#1032,1.);
#1032 = DIRECTION('',(0.,1.));
#1033 = ( GEOMETRIC_REPRESENTATION_CONTEXT(2) 
PARAMETRIC_REPRESENTATION_CONTEXT() REPRESENTATION_CONTEXT('2D SPACE',''
  ) );
#1034 = PCURVE('',#995,#1035);
#1035 = DEFINITIONAL_REPRESENTATION('',(#1036),#1040);
#1036 = LINE('',#1037,#1038);
#1037 = CARTESIAN_POINT('',(0.,-0.));
#1038 = VECTOR('',#1039,1.);
#1039 = DIRECTION('',(0.,1.));
#1040 = ( GEOMETRIC_REPRESENTATION_CONTEXT(2) 
PARAMETRIC_REPRESENTATION_CONTEXT() REPRESENTATION_CONTEXT('2D SPACE',''
  ) );
#1041 = ORIENTED_EDGE('',*,*,#1042,.T.);
#1042 = EDGE_CURVE('',#1020,#1020,#1043,.T.);
#1043 = SURFACE_CURVE('',#1044,(#1049,#1056),.PCURVE_S1.);
#1044 = CIRCLE('',#1045,8.);
#1045 = AXIS2_PLACEMENT_3D('',#1046,#1047,#1048);
#1046 = CARTESIAN_POINT('',(290.94316099977,-18.,504.32008140433));
#1047 = DIRECTION('',(-0.749476169456,-9.531283765039E-02,
    -0.655134287301));
#1048 = DIRECTION('',(0.658130513163,0.,-0.752903863481));
#1049 = PCURVE('',#995,#1050);
#1050 = DEFINITIONAL_REPRESENTATION('',(#1051),#1055);
#1051 = LINE('',#1052,#1053);
#1052 = CARTESIAN_POINT('',(0.,0.));
#1053 = VECTOR('',#1054,1.);
#1054 = DIRECTION('',(1.,0.));
#1055 = ( GEOMETRIC_REPRESENTATION_CONTEXT(2) 
PARAMETRIC_REPRESENTATION_CONTEXT() REPRESENTATION_CONTEXT('2D SPACE',''
  ) );
#1056 = PCURVE('',#1057,#1062);
#1057 = PLANE('',#1058);
#1058 = AXIS2_PLACEMENT_3D('',#1059,#1060,#1061);
#1059 = CARTESIAN_POINT('',(290.94316099977,-18.,504.32008140433));
#1060 = DIRECTION('',(-0.749476169456,-9.531283765039E-02,
    -0.655134287301));
#1061 = DIRECTION('',(0.658130513163,0.,-0.752903863481));
#1062 = DEFINITIONAL_REPRESENTATION('',(#1063),#1067);
#1063 = CIRCLE('',#1064,8.);
#1064 = AXIS2_PLACEMENT_2D('',#1065,#1066);
#1065 = CARTESIAN_POINT('',(0.,0.));
#1066 = DIRECTION('',(1.,0.));
#1067 = ( GEOMETRIC_REPRESENTATION_CONTEXT(2) 
PARAMETRIC_REPRESENTATION_CONTEXT() REPRESENTATION_CONTEXT('2D SPACE',''
  ) );
#1068 = ORIENTED_EDGE('',*,*,#1019,.T.);
#1069 = ADVANCED_FACE('',(#1070),#1007,.T.);
#1070 = FACE_BOUND('',#1071,.T.);
#1071 = EDGE_LOOP('',(#1072));
#1072 = ORIENTED_EDGE('',*,*,#985,.T.);
#1073 = ADVANCED_FACE('',(#1074),#1057,.F.);
#1074 = FACE_BOUND('',#1075,.T.);
#1075 = EDGE_LOOP('',(#1076));
#1076 = ORIENTED_EDGE('',*,*,#1042,.F.);
#1077 = ( GEOMETRIC_REPRESENTATION_CONTEXT(3) 
GLOBAL_UNCERTAINTY_ASSIGNED_CONTEXT((#1081)) 
GLOBAL_UNIT_ASSIGNED_CONTEXT((#1078,#1079,#1080)) REPRESENTATION_CONTEXT
('Context #1','3D Context with UNIT and UNCERTAINTY') );
#1078 = ( LENGTH_UNIT() NAMED_UNIT(*) SI_UNIT(.MILLI.,.METRE.) );
#1079 = ( NAMED_UNIT(*) PLANE_ANGLE_UNIT() SI_UNIT($,.RADIAN.) );
#1080 = ( NAMED_UNIT(*) SI_UNIT($,.STERADIAN.) SOLID_ANGLE_UNIT() );
#1081 = UNCERTAINTY_MEASURE_WITH_UNIT(LENGTH_MEASURE(1.E-07),#1078,
  'distance_accuracy_value','confusion accuracy');
#1082 = CONTEXT_DEPENDENT_SHAPE_REPRESENTATION(#1083,#1085);
#1083 = ( REPRESENTATION_RELATIONSHIP('','',#978,#96) 
REPRESENTATION_RELATIONSHIP_WITH_TRANSFORMATION(#1084) 
SHAPE_REPRESENTATION_RELATIONSHIP() );
#1084 = ITEM_DEFINED_TRANSFORMATION('','',#11,#125);
#1085 = PRODUCT_DEFINITION_SHAPE('Placement','Placement of an item',
  #1086);
#1086 = NEXT_ASSEMBLY_USAGE_OCCURRENCE('8','=>[0:1:1:10]','',#91,#973,$
  );
#1087 = PRODUCT_RELATED_PRODUCT_CATEGORY('part',$,(#975));
#1088 = SHAPE_DEFINITION_REPRESENTATION(#1089,#1095);
#1089 = PRODUCT_DEFINITION_SHAPE('','',#1090);
#1090 = PRODUCT_DEFINITION('design','',#1091,#1094);
#1091 = PRODUCT_DEFINITION_FORMATION('','',#1092);
#1092 = PRODUCT('SOLID','SOLID','',(#1093));
#1093 = PRODUCT_CONTEXT('',#2,'mechanical');
#1094 = PRODUCT_DEFINITION_CONTEXT('part definition',#2,'design');
#1095 = ADVANCED_BREP_SHAPE_REPRESENTATION('',(#11,#1096),#1194);
#1096 = MANIFOLD_SOLID_BREP('',#1097);
#1097 = CLOSED_SHELL('',(#1098,#1186,#1190));
#1098 = ADVANCED_FACE('',(#1099),#1112,.T.);
#1099 = FACE_BOUND('',#1100,.T.);
#1100 = EDGE_LOOP('',(#1101,#1135,#1158,#1185));
#1101 = ORIENTED_EDGE('',*,*,#1102,.F.);
#1102 = EDGE_CURVE('',#1103,#1103,#1105,.T.);
#1103 = VERTEX_POINT('',#1104);
#1104 = CARTESIAN_POINT('',(5.265044105303,55.,243.97676909215));
#1105 = SURFACE_CURVE('',#1106,(#1111,#1123),.PCURVE_S1.);
#1106 = CIRCLE('',#1107,8.);
#1107 = AXIS2_PLACEMENT_3D('',#1108,#1109,#1110);
#1108 = CARTESIAN_POINT('',(0.,55.,250.));
#1109 = DIRECTION('',(-0.749476169456,9.531283765039E-02,-0.655134287301
    ));
#1110 = DIRECTION('',(0.658130513163,0.,-0.752903863481));
#1111 = PCURVE('',#1112,#1117);
#1112 = CYLINDRICAL_SURFACE('',#1113,8.);
#1113 = AXIS2_PLACEMENT_3D('',#1114,#1115,#1116);
#1114 = CARTESIAN_POINT('',(290.94316099977,18.,504.32008140433));
#1115 = DIRECTION('',(-0.749476169456,9.531283765039E-02,-0.655134287301
    ));
#1116 = DIRECTION('',(0.658130513163,0.,-0.752903863481));
#1117 = DEFINITIONAL_REPRESENTATION('',(#1118),#1122);
#1118 = LINE('',#1119,#1120);
#1119 = CARTESIAN_POINT('',(0.,388.1953461056));
#1120 = VECTOR('',#1121,1.);
#1121 = DIRECTION('',(1.,0.));
#1122 = ( GEOMETRIC_REPRESENTATION_CONTEXT(2) 
PARAMETRIC_REPRESENTATION_CONTEXT() REPRESENTATION_CONTEXT('2D SPACE',''
  ) );
#1123 = PCURVE('',#1124,#1129);
#1124 = PLANE('',#1125);
#1125 = AXIS2_PLACEMENT_3D('',#1126,#1127,#1128);
#1126 = CARTESIAN_POINT('',(0.,55.,250.));
#1127 = DIRECTION('',(-0.749476169456,9.531283765039E-02,-0.655134287301
    ));
#1128 = DIRECTION('',(0.658130513163,0.,-0.752903863481));
#1129 = DEFINITIONAL_REPRESENTATION('',(#1130),#1134);
#1130 = CIRCLE('',#1131,8.);
#1131 = AXIS2_PLACEMENT_2D('',#1132,#1133);
#1132 = CARTESIAN_POINT('',(0.,0.));
#1133 = DIRECTION('',(1.,0.));
#1134 = ( GEOMETRIC_REPRESENTATION_CONTEXT(2) 
PARAMETRIC_REPRESENTATION_CONTEXT() REPRESENTATION_CONTEXT('2D SPACE',''
  ) );
#1135 = ORIENTED_EDGE('',*,*,#1136,.F.);
#1136 = EDGE_CURVE('',#1137,#1103,#1139,.T.);
#1137 = VERTEX_POINT('',#1138);
#1138 = CARTESIAN_POINT('',(296.20820510508,18.,498.29685049649));
#1139 = SEAM_CURVE('',#1140,(#1144,#1151),.PCURVE_S1.);
#1140 = LINE('',#1141,#1142);
#1141 = CARTESIAN_POINT('',(296.20820510508,18.,498.29685049649));
#1142 = VECTOR('',#1143,1.);
#1143 = DIRECTION('',(-0.749476169456,9.531283765039E-02,-0.655134287301
    ));
#1144 = PCURVE('',#1112,#1145);
#1145 = DEFINITIONAL_REPRESENTATION('',(#1146),#1150);
#1146 = LINE('',#1147,#1148);
#1147 = CARTESIAN_POINT('',(6.28318530718,-0.));
#1148 = VECTOR('',#1149,1.);
#1149 = DIRECTION('',(0.,1.));
#1150 = ( GEOMETRIC_REPRESENTATION_CONTEXT(2) 
PARAMETRIC_REPRESENTATION_CONTEXT() REPRESENTATION_CONTEXT('2D SPACE',''
  ) );
#1151 = PCURVE('',#1112,#1152);
#1152 = DEFINITIONAL_REPRESENTATION('',(#1153),#1157);
#1153 = LINE('',#1154,#1155);
#1154 = CARTESIAN_POINT('',(0.,-0.));
#1155 = VECTOR('',#1156,1.);
#1156 = DIRECTION('',(0.,1.));
#1157 = ( GEOMETRIC_REPRESENTATION_CONTEXT(2) 
PARAMETRIC_REPRESENTATION_CONTEXT() REPRESENTATION_CONTEXT('2D SPACE',''
  ) );
#1158 = ORIENTED_EDGE('',*,*,#1159,.T.);
#1159 = EDGE_CURVE('',#1137,#1137,#1160,.T.);
#1160 = SURFACE_CURVE('',#1161,(#1166,#1173),.PCURVE_S1.);
#1161 = CIRCLE('',#1162,8.);
#1162 = AXIS2_PLACEMENT_3D('',#1163,#1164,#1165);
#1163 = CARTESIAN_POINT('',(290.94316099977,18.,504.32008140433));
#1164 = DIRECTION('',(-0.749476169456,9.531283765039E-02,-0.655134287301
    ));
#1165 = DIRECTION('',(0.658130513163,0.,-0.752903863481));
#1166 = PCURVE('',#1112,#1167);
#1167 = DEFINITIONAL_REPRESENTATION('',(#1168),#1172);
#1168 = LINE('',#1169,#1170);
#1169 = CARTESIAN_POINT('',(0.,0.));
#1170 = VECTOR('',#1171,1.);
#1171 = DIRECTION('',(1.,0.));
#1172 = ( GEOMETRIC_REPRESENTATION_CONTEXT(2) 
PARAMETRIC_REPRESENTATION_CONTEXT() REPRESENTATION_CONTEXT('2D SPACE',''
  ) );
#1173 = PCURVE('',#1174,#1179);
#1174 = PLANE('',#1175);
#1175 = AXIS2_PLACEMENT_3D('',#1176,#1177,#1178);
#1176 = CARTESIAN_POINT('',(290.94316099977,18.,504.32008140433));
#1177 = DIRECTION('',(-0.749476169456,9.531283765039E-02,-0.655134287301
    ));
#1178 = DIRECTION('',(0.658130513163,0.,-0.752903863481));
#1179 = DEFINITIONAL_REPRESENTATION('',(#1180),#1184);
#1180 = CIRCLE('',#1181,8.);
#1181 = AXIS2_PLACEMENT_2D('',#1182,#1183);
#1182 = CARTESIAN_POINT('',(0.,0.));
#1183 = DIRECTION('',(1.,0.));
#1184 = ( GEOMETRIC_REPRESENTATION_CONTEXT(2) 
PARAMETRIC_REPRESENTATION_CONTEXT() REPRESENTATION_CONTEXT('2D SPACE',''
  ) );
#1185 = ORIENTED_EDGE('',*,*,#1136,.T.);
#1186 = ADVANCED_FACE('',(#1187),#1124,.T.);
#1187 = FACE_BOUND('',#1188,.T.);
#1188 = EDGE_LOOP('',(#1189));
#1189 = ORIENTED_EDGE('',*,*,#1102,.T.);
#1190 = ADVANCED_FACE('',(#1191),#1174,.F.);
#1191 = FACE_BOUND('',#1192,.T.);
#1192 = EDGE_LOOP('',(#1193));
#1193 = ORIENTED_EDGE('',*,*,#1159,.F.);
#1194 = ( GEOMETRIC_REPRESENTATION_CONTEXT(3) 
GLOBAL_UNCERTAINTY_ASSIGNED_CONTEXT((#1198)) 
GLOBAL_UNIT_ASSIGNED_CONTEXT((#1195,#1196,#1197)) REPRESENTATION_CONTEXT
('Context #1','3D Context with UNIT and UNCERTAINTY') );
#1195 = ( LENGTH_UNIT() NAMED_UNIT(*) SI_UNIT(.MILLI.,.METRE.) );
#1196 = ( NAMED_UNIT(*) PLANE_ANGLE_UNIT() SI_UNIT($,.RADIAN.) );
#1197 = ( NAMED_UNIT(*) SI_UNIT($,.STERADIAN.) SOLID_ANGLE_UNIT() );
#1198 = UNCERTAINTY_MEASURE_WITH_UNIT(LENGTH_MEASURE(1.E-07),#1195,
  'distance_accuracy_value','confusion accuracy');
#1199 = CONTEXT_DEPENDENT_SHAPE_REPRESENTATION(#1200,#1202);
#1200 = ( REPRESENTATION_RELATIONSHIP('','',#1095,#96) 
REPRESENTATION_RELATIONSHIP_WITH_TRANSFORMATION(#1201) 
SHAPE_REPRESENTATION_RELATIONSHIP() );
#1201 = ITEM_DEFINED_TRANSFORMATION('','',#11,#129);
#1202 = PRODUCT_DEFINITION_SHAPE('Placement','Placement of an item',
  #1203);
#1203 = NEXT_ASSEMBLY_USAGE_OCCURRENCE('9','=>[0:1:1:11]','',#91,#1090,$
  );
#1204 = PRODUCT_RELATED_PRODUCT_CATEGORY('part',$,(#1092));
#1205 = SHAPE_DEFINITION_REPRESENTATION(#1206,#1212);
#1206 = PRODUCT_DEFINITION_SHAPE('','',#1207);
#1207 = PRODUCT_DEFINITION('design','',#1208,#1211);
#1208 = PRODUCT_DEFINITION_FORMATION('','',#1209);
#1209 = PRODUCT('COMPOUND','COMPOUND','',(#1210));
#1210 = PRODUCT_CONTEXT('',#2,'mechanical');
#1211 = PRODUCT_DEFINITION_CONTEXT('part definition',#2,'design');
#1212 = ADVANCED_BREP_SHAPE_REPRESENTATION('',(#11,#1213),#1543);
#1213 = MANIFOLD_SOLID_BREP('',#1214);
#1214 = CLOSED_SHELL('',(#1215,#1335,#1435,#1482,#1529,#1536));
#1215 = ADVANCED_FACE('',(#1216),#1230,.F.);
#1216 = FACE_BOUND('',#1217,.F.);
#1217 = EDGE_LOOP('',(#1218,#1253,#1281,#1309));
#1218 = ORIENTED_EDGE('',*,*,#1219,.F.);
#1219 = EDGE_CURVE('',#1220,#1222,#1224,.T.);
#1220 = VERTEX_POINT('',#1221);
#1221 = CARTESIAN_POINT('',(-20.,-2.5,-20.));
#1222 = VERTEX_POINT('',#1223);
#1223 = CARTESIAN_POINT('',(-20.,-2.5,20.));
#1224 = SURFACE_CURVE('',#1225,(#1229,#1241),.PCURVE_S1.);
#1225 = LINE('',#1226,#1227);
#1226 = CARTESIAN_POINT('',(-20.,-2.5,-20.));
#1227 = VECTOR('',#1228,1.);
#1228 = DIRECTION('',(0.,0.,1.));
#1229 = PCURVE('',#1230,#1235);
#1230 = PLANE('',#1231);
#1231 = AXIS2_PLACEMENT_3D('',#1232,#1233,#1234);
#1232 = CARTESIAN_POINT('',(-20.,-2.5,-20.));
#1233 = DIRECTION('',(1.,0.,-0.));
#1234 = DIRECTION('',(0.,0.,1.));
#1235 = DEFINITIONAL_REPRESENTATION('',(#1236),#1240);
#1236 = LINE('',#1237,#1238);
#1237 = CARTESIAN_POINT('',(0.,0.));
#1238 = VECTOR('',#1239,1.);
#1239 = DIRECTION('',(1.,0.));
#1240 = ( GEOMETRIC_REPRESENTATION_CONTEXT(2) 
PARAMETRIC_REPRESENTATION_CONTEXT() REPRESENTATION_CONTEXT('2D SPACE',''
  ) );
#1241 = PCURVE('',#1242,#1247);
#1242 = PLANE('',#1243);
#1243 = AXIS2_PLACEMENT_3D('',#1244,#1245,#1246);
#1244 = CARTESIAN_POINT('',(-20.,-2.5,-20.));
#1245 = DIRECTION('',(-0.,1.,0.));
#1246 = DIRECTION('',(0.,0.,1.));
#1247 = DEFINITIONAL_REPRESENTATION('',(#1248),#1252);
#1248 = LINE('',#1249,#1250);
#1249 = CARTESIAN_POINT('',(0.,0.));
#1250 = VECTOR('',#1251,1.);
#1251 = DIRECTION('',(1.,0.));
#1252 = ( GEOMETRIC_REPRESENTATION_CONTEXT(2) 
PARAMETRIC_REPRESENTATION_CONTEXT() REPRESENTATION_CONTEXT('2D SPACE',''
  ) );
#1253 = ORIENTED_EDGE('',*,*,#1254,.T.);
#1254 = EDGE_CURVE('',#1220,#1255,#1257,.T.);
#1255 = VERTEX_POINT('',#1256);
#1256 = CARTESIAN_POINT('',(-20.,2.5,-20.));
#1257 = SURFACE_CURVE('',#1258,(#1262,#1269),.PCURVE_S1.);
#1258 = LINE('',#1259,#1260);
#1259 = CARTESIAN_POINT('',(-20.,-2.5,-20.));
#1260 = VECTOR('',#1261,1.);
#1261 = DIRECTION('',(-0.,1.,0.));
#1262 = PCURVE('',#1230,#1263);
#1263 = DEFINITIONAL_REPRESENTATION('',(#1264),#1268);
#1264 = LINE('',#1265,#1266);
#1265 = CARTESIAN_POINT('',(0.,0.));
#1266 = VECTOR('',#1267,1.);
#1267 = DIRECTION('',(0.,-1.));
#1268 = ( GEOMETRIC_REPRESENTATION_CONTEXT(2) 
PARAMETRIC_REPRESENTATION_CONTEXT() REPRESENTATION_CONTEXT('2D SPACE',''
  ) );
#1269 = PCURVE('',#1270,#1275);
#1270 = PLANE('',#1271);
#1271 = AXIS2_PLACEMENT_3D('',#1272,#1273,#1274);
#1272 = CARTESIAN_POINT('',(-20.,-2.5,-20.));
#1273 = DIRECTION('',(0.,0.,1.));
#1274 = DIRECTION('',(1.,0.,-0.));
#1275 = DEFINITIONAL_REPRESENTATION('',(#1276),#1280);
#1276 = LINE('',#1277,#1278);
#1277 = CARTESIAN_POINT('',(0.,0.));
#1278 = VECTOR('',#1279,1.);
#1279 = DIRECTION('',(0.,1.));
#1280 = ( GEOMETRIC_REPRESENTATION_CONTEXT(2) 
PARAMETRIC_REPRESENTATION_CONTEXT() REPRESENTATION_CONTEXT('2D SPACE',''
  ) );
#1281 = ORIENTED_EDGE('',*,*,#1282,.T.);
#1282 = EDGE_CURVE('',#1255,#1283,#1285,.T.);
#1283 = VERTEX_POINT('',#1284);
#1284 = CARTESIAN_POINT('',(-20.,2.5,20.));
#1285 = SURFACE_CURVE('',#1286,(#1290,#1297),.PCURVE_S1.);
#1286 = LINE('',#1287,#1288);
#1287 = CARTESIAN_POINT('',(-20.,2.5,-20.));
#1288 = VECTOR('',#1289,1.);
#1289 = DIRECTION('',(0.,0.,1.));
#1290 = PCURVE('',#1230,#1291);
#1291 = DEFINITIONAL_REPRESENTATION('',(#1292),#1296);
#1292 = LINE('',#1293,#1294);
#1293 = CARTESIAN_POINT('',(0.,-5.));
#1294 = VECTOR('',#1295,1.);
#1295 = DIRECTION('',(1.,0.));
#1296 = ( GEOMETRIC_REPRESENTATION_CONTEXT(2) 
PARAMETRIC_REPRESENTATION_CONTEXT() REPRESENTATION_CONTEXT('2D SPACE',''
  ) );
#1297 = PCURVE('',#1298,#1303);
#1298 = PLANE('',#1299);
#1299 = AXIS2_PLACEMENT_3D('',#1300,#1301,#1302);
#1300 = CARTESIAN_POINT('',(-20.,2.5,-20.));
#1301 = DIRECTION('',(-0.,1.,0.));
#1302 = DIRECTION('',(0.,0.,1.));
#1303 = DEFINITIONAL_REPRESENTATION('',(#1304),#1308);
#1304 = LINE('',#1305,#1306);
#1305 = CARTESIAN_POINT('',(0.,0.));
#1306 = VECTOR('',#1307,1.);
#1307 = DIRECTION('',(1.,0.));
#1308 = ( GEOMETRIC_REPRESENTATION_CONTEXT(2) 
PARAMETRIC_REPRESENTATION_CONTEXT() REPRESENTATION_CONTEXT('2D SPACE',''
  ) );
#1309 = ORIENTED_EDGE('',*,*,#1310,.F.);
#1310 = EDGE_CURVE('',#1222,#1283,#1311,.T.);
#1311 = SURFACE_CURVE('',#1312,(#1316,#1323),.PCURVE_S1.);
#1312 = LINE('',#1313,#1314);
#1313 = CARTESIAN_POINT('',(-20.,-2.5,20.));
#1314 = VECTOR('',#1315,1.);
#1315 = DIRECTION('',(-0.,1.,0.));
#1316 = PCURVE('',#1230,#1317);
#1317 = DEFINITIONAL_REPRESENTATION('',(#1318),#1322);
#1318 = LINE('',#1319,#1320);
#1319 = CARTESIAN_POINT('',(40.,0.));
#1320 = VECTOR('',#1321,1.);
#1321 = DIRECTION('',(0.,-1.));
#1322 = ( GEOMETRIC_REPRESENTATION_CONTEXT(2) 
PARAMETRIC_REPRESENTATION_CONTEXT() REPRESENTATION_CONTEXT('2D SPACE',''
  ) );
#1323 = PCURVE('',#1324,#1329);
#1324 = PLANE('',#1325);
#1325 = AXIS2_PLACEMENT_3D('',#1326,#1327,#1328);
#1326 = CARTESIAN_POINT('',(-20.,-2.5,20.));
#1327 = DIRECTION('',(0.,0.,1.));
#1328 = DIRECTION('',(1.,0.,-0.));
#1329 = DEFINITIONAL_REPRESENTATION('',(#1330),#1334);
#1330 = LINE('',#1331,#1332);
#1331 = CARTESIAN_POINT('',(0.,0.));
#1332 = VECTOR('',#1333,1.);
#1333 = DIRECTION('',(0.,1.));
#1334 = ( GEOMETRIC_REPRESENTATION_CONTEXT(2) 
PARAMETRIC_REPRESENTATION_CONTEXT() REPRESENTATION_CONTEXT('2D SPACE',''
  ) );
#1335 = ADVANCED_FACE('',(#1336),#1350,.T.);
#1336 = FACE_BOUND('',#1337,.T.);
#1337 = EDGE_LOOP('',(#1338,#1368,#1391,#1414));
#1338 = ORIENTED_EDGE('',*,*,#1339,.F.);
#1339 = EDGE_CURVE('',#1340,#1342,#1344,.T.);
#1340 = VERTEX_POINT('',#1341);
#1341 = CARTESIAN_POINT('',(20.,-2.5,-20.));
#1342 = VERTEX_POINT('',#1343);
#1343 = CARTESIAN_POINT('',(20.,-2.5,20.));
#1344 = SURFACE_CURVE('',#1345,(#1349,#1361),.PCURVE_S1.);
#1345 = LINE('',#1346,#1347);
#1346 = CARTESIAN_POINT('',(20.,-2.5,-20.));
#1347 = VECTOR('',#1348,1.);
#1348 = DIRECTION('',(0.,0.,1.));
#1349 = PCURVE('',#1350,#1355);
#1350 = PLANE('',#1351);
#1351 = AXIS2_PLACEMENT_3D('',#1352,#1353,#1354);
#1352 = CARTESIAN_POINT('',(20.,-2.5,-20.));
#1353 = DIRECTION('',(1.,0.,-0.));
#1354 = DIRECTION('',(0.,0.,1.));
#1355 = DEFINITIONAL_REPRESENTATION('',(#1356),#1360);
#1356 = LINE('',#1357,#1358);
#1357 = CARTESIAN_POINT('',(0.,0.));
#1358 = VECTOR('',#1359,1.);
#1359 = DIRECTION('',(1.,0.));
#1360 = ( GEOMETRIC_REPRESENTATION_CONTEXT(2) 
PARAMETRIC_REPRESENTATION_CONTEXT() REPRESENTATION_CONTEXT('2D SPACE',''
  ) );
#1361 = PCURVE('',#1242,#1362);
#1362 = DEFINITIONAL_REPRESENTATION('',(#1363),#1367);
#1363 = LINE('',#1364,#1365);
#1364 = CARTESIAN_POINT('',(0.,40.));
#1365 = VECTOR('',#1366,1.);
#1366 = DIRECTION('',(1.,0.));
#1367 = ( GEOMETRIC_REPRESENTATION_CONTEXT(2) 
PARAMETRIC_REPRESENTATION_CONTEXT() REPRESENTATION_CONTEXT('2D SPACE',''
  ) );
#1368 = ORIENTED_EDGE('',*,*,#1369,.T.);
#1369 = EDGE_CURVE('',#1340,#1370,#1372,.T.);
#1370 = VERTEX_POINT('',#1371);
#1371 = CARTESIAN_POINT('',(20.,2.5,-20.));
#1372 = SURFACE_CURVE('',#1373,(#1377,#1384),.PCURVE_S1.);
#1373 = LINE('',#1374,#1375);
#1374 = CARTESIAN_POINT('',(20.,-2.5,-20.));
#1375 = VECTOR('',#1376,1.);
#1376 = DIRECTION('',(-0.,1.,0.));
#1377 = PCURVE('',#1350,#1378);
#1378 = DEFINITIONAL_REPRESENTATION('',(#1379),#1383);
#1379 = LINE('',#1380,#1381);
#1380 = CARTESIAN_POINT('',(0.,0.));
#1381 = VECTOR('',#1382,1.);
#1382 = DIRECTION('',(0.,-1.));
#1383 = ( GEOMETRIC_REPRESENTATION_CONTEXT(2) 
PARAMETRIC_REPRESENTATION_CONTEXT() REPRESENTATION_CONTEXT('2D SPACE',''
  ) );
#1384 = PCURVE('',#1270,#1385);
#1385 = DEFINITIONAL_REPRESENTATION('',(#1386),#1390);
#1386 = LINE('',#1387,#1388);
#1387 = CARTESIAN_POINT('',(40.,0.));
#1388 = VECTOR('',#1389,1.);
#1389 = DIRECTION('',(0.,1.));
#1390 = ( GEOMETRIC_REPRESENTATION_CONTEXT(2) 
PARAMETRIC_REPRESENTATION_CONTEXT() REPRESENTATION_CONTEXT('2D SPACE',''
  ) );
#1391 = ORIENTED_EDGE('',*,*,#1392,.T.);
#1392 = EDGE_CURVE('',#1370,#1393,#1395,.T.);
#1393 = VERTEX_POINT('',#1394);
#1394 = CARTESIAN_POINT('',(20.,2.5,20.));
#1395 = SURFACE_CURVE('',#1396,(#1400,#1407),.PCURVE_S1.);
#1396 = LINE('',#1397,#1398);
#1397 = CARTESIAN_POINT('',(20.,2.5,-20.));
#1398 = VECTOR('',#1399,1.);
#1399 = DIRECTION('',(0.,0.,1.));
#1400 = PCURVE('',#1350,#1401);
#1401 = DEFINITIONAL_REPRESENTATION('',(#1402),#1406);
#1402 = LINE('',#1403,#1404);
#1403 = CARTESIAN_POINT('',(0.,-5.));
#1404 = VECTOR('',#1405,1.);
#1405 = DIRECTION('',(1.,0.));
#1406 = ( GEOMETRIC_REPRESENTATION_CONTEXT(2) 
PARAMETRIC_REPRESENTATION_CONTEXT() REPRESENTATION_CONTEXT('2D SPACE',''
  ) );
#1407 = PCURVE('',#1298,#1408);
#1408 = DEFINITIONAL_REPRESENTATION('',(#1409),#1413);
#1409 = LINE('',#1410,#1411);
#1410 = CARTESIAN_POINT('',(0.,40.));
#1411 = VECTOR('',#1412,1.);
#1412 = DIRECTION('',(1.,0.));
#1413 = ( GEOMETRIC_REPRESENTATION_CONTEXT(2) 
PARAMETRIC_REPRESENTATION_CONTEXT() REPRESENTATION_CONTEXT('2D SPACE',''
  ) );
#1414 = ORIENTED_EDGE('',*,*,#1415,.F.);
#1415 = EDGE_CURVE('',#1342,#1393,#1416,.T.);
#1416 = SURFACE_CURVE('',#1417,(#1421,#1428),.PCURVE_S1.);
#1417 = LINE('',#1418,#1419);
#1418 = CARTESIAN_POINT('',(20.,-2.5,20.));
#1419 = VECTOR('',#1420,1.);
#1420 = DIRECTION('',(-0.,1.,0.));
#1421 = PCURVE('',#1350,#1422);
#1422 = DEFINITIONAL_REPRESENTATION('',(#1423),#1427);
#1423 = LINE('',#1424,#1425);
#1424 = CARTESIAN_POINT('',(40.,0.));
#1425 = VECTOR('',#1426,1.);
#1426 = DIRECTION('',(0.,-1.));
#1427 = ( GEOMETRIC_REPRESENTATION_CONTEXT(2) 
PARAMETRIC_REPRESENTATION_CONTEXT() REPRESENTATION_CONTEXT('2D SPACE',''
  ) );
#1428 = PCURVE('',#1324,#1429);
#1429 = DEFINITIONAL_REPRESENTATION('',(#1430),#1434);
#1430 = LINE('',#1431,#1432);
#1431 = CARTESIAN_POINT('',(40.,0.));
#1432 = VECTOR('',#1433,1.);
#1433 = DIRECTION('',(0.,1.));
#1434 = ( GEOMETRIC_REPRESENTATION_CONTEXT(2) 
PARAMETRIC_REPRESENTATION_CONTEXT() REPRESENTATION_CONTEXT('2D SPACE',''
  ) );
#1435 = ADVANCED_FACE('',(#1436),#1242,.F.);
#1436 = FACE_BOUND('',#1437,.F.);
#1437 = EDGE_LOOP('',(#1438,#1459,#1460,#1481));
#1438 = ORIENTED_EDGE('',*,*,#1439,.F.);
#1439 = EDGE_CURVE('',#1220,#1340,#1440,.T.);
#1440 = SURFACE_CURVE('',#1441,(#1445,#1452),.PCURVE_S1.);
#1441 = LINE('',#1442,#1443);
#1442 = CARTESIAN_POINT('',(-20.,-2.5,-20.));
#1443 = VECTOR('',#1444,1.);
#1444 = DIRECTION('',(1.,0.,-0.));
#1445 = PCURVE('',#1242,#1446);
#1446 = DEFINITIONAL_REPRESENTATION('',(#1447),#1451);
#1447 = LINE('',#1448,#1449);
#1448 = CARTESIAN_POINT('',(0.,0.));
#1449 = VECTOR('',#1450,1.);
#1450 = DIRECTION('',(0.,1.));
#1451 = ( GEOMETRIC_REPRESENTATION_CONTEXT(2) 
PARAMETRIC_REPRESENTATION_CONTEXT() REPRESENTATION_CONTEXT('2D SPACE',''
  ) );
#1452 = PCURVE('',#1270,#1453);
#1453 = DEFINITIONAL_REPRESENTATION('',(#1454),#1458);
#1454 = LINE('',#1455,#1456);
#1455 = CARTESIAN_POINT('',(0.,0.));
#1456 = VECTOR('',#1457,1.);
#1457 = DIRECTION('',(1.,0.));
#1458 = ( GEOMETRIC_REPRESENTATION_CONTEXT(2) 
PARAMETRIC_REPRESENTATION_CONTEXT() REPRESENTATION_CONTEXT('2D SPACE',''
  ) );
#1459 = ORIENTED_EDGE('',*,*,#1219,.T.);
#1460 = ORIENTED_EDGE('',*,*,#1461,.T.);
#1461 = EDGE_CURVE('',#1222,#1342,#1462,.T.);
#1462 = SURFACE_CURVE('',#1463,(#1467,#1474),.PCURVE_S1.);
#1463 = LINE('',#1464,#1465);
#1464 = CARTESIAN_POINT('',(-20.,-2.5,20.));
#1465 = VECTOR('',#1466,1.);
#1466 = DIRECTION('',(1.,0.,-0.));
#1467 = PCURVE('',#1242,#1468);
#1468 = DEFINITIONAL_REPRESENTATION('',(#1469),#1473);
#1469 = LINE('',#1470,#1471);
#1470 = CARTESIAN_POINT('',(40.,0.));
#1471 = VECTOR('',#1472,1.);
#1472 = DIRECTION('',(0.,1.));
#1473 = ( GEOMETRIC_REPRESENTATION_CONTEXT(2) 
PARAMETRIC_REPRESENTATION_CONTEXT() REPRESENTATION_CONTEXT('2D SPACE',''
  ) );
#1474 = PCURVE('',#1324,#1475);
#1475 = DEFINITIONAL_REPRESENTATION('',(#1476),#1480);
#1476 = LINE('',#1477,#1478);
#1477 = CARTESIAN_POINT('',(0.,0.));
#1478 = VECTOR('',#1479,1.);
#1479 = DIRECTION('',(1.,0.));
#1480 = ( GEOMETRIC_REPRESENTATION_CONTEXT(2) 
PARAMETRIC_REPRESENTATION_CONTEXT() REPRESENTATION_CONTEXT('2D SPACE',''
  ) );
#1481 = ORIENTED_EDGE('',*,*,#1339,.F.);
#1482 = ADVANCED_FACE('',(#1483),#1298,.T.);
#1483 = FACE_BOUND('',#1484,.T.);
#1484 = EDGE_LOOP('',(#1485,#1506,#1507,#1528));
#1485 = ORIENTED_EDGE('',*,*,#1486,.F.);
#1486 = EDGE_CURVE('',#1255,#1370,#1487,.T.);
#1487 = SURFACE_CURVE('',#1488,(#1492,#1499),.PCURVE_S1.);
#1488 = LINE('',#1489,#1490);
#1489 = CARTESIAN_POINT('',(-20.,2.5,-20.));
#1490 = VECTOR('',#1491,1.);
#1491 = DIRECTION('',(1.,0.,-0.));
#1492 = PCURVE('',#1298,#1493);
#1493 = DEFINITIONAL_REPRESENTATION('',(#1494),#1498);
#1494 = LINE('',#1495,#1496);
#1495 = CARTESIAN_POINT('',(0.,0.));
#1496 = VECTOR('',#1497,1.);
#1497 = DIRECTION('',(0.,1.));
#1498 = ( GEOMETRIC_REPRESENTATION_CONTEXT(2) 
PARAMETRIC_REPRESENTATION_CONTEXT() REPRESENTATION_CONTEXT('2D SPACE',''
  ) );
#1499 = PCURVE('',#1270,#1500);
#1500 = DEFINITIONAL_REPRESENTATION('',(#1501),#1505);
#1501 = LINE('',#1502,#1503);
#1502 = CARTESIAN_POINT('',(0.,5.));
#1503 = VECTOR('',#1504,1.);
#1504 = DIRECTION('',(1.,0.));
#1505 = ( GEOMETRIC_REPRESENTATION_CONTEXT(2) 
PARAMETRIC_REPRESENTATION_CONTEXT() REPRESENTATION_CONTEXT('2D SPACE',''
  ) );
#1506 = ORIENTED_EDGE('',*,*,#1282,.T.);
#1507 = ORIENTED_EDGE('',*,*,#1508,.T.);
#1508 = EDGE_CURVE('',#1283,#1393,#1509,.T.);
#1509 = SURFACE_CURVE('',#1510,(#1514,#1521),.PCURVE_S1.);
#1510 = LINE('',#1511,#1512);
#1511 = CARTESIAN_POINT('',(-20.,2.5,20.));
#1512 = VECTOR('',#1513,1.);
#1513 = DIRECTION('',(1.,0.,-0.));
#1514 = PCURVE('',#1298,#1515);
#1515 = DEFINITIONAL_REPRESENTATION('',(#1516),#1520);
#1516 = LINE('',#1517,#1518);
#1517 = CARTESIAN_POINT('',(40.,0.));
#1518 = VECTOR('',#1519,1.);
#1519 = DIRECTION('',(0.,1.));
#1520 = ( GEOMETRIC_REPRESENTATION_CONTEXT(2) 
PARAMETRIC_REPRESENTATION_CONTEXT() REPRESENTATION_CONTEXT('2D SPACE',''
  ) );
#1521 = PCURVE('',#1324,#1522);
#1522 = DEFINITIONAL_REPRESENTATION('',(#1523),#1527);
#1523 = LINE('',#1524,#1525);
#1524 = CARTESIAN_POINT('',(0.,5.));
#1525 = VECTOR('',#1526,1.);
#1526 = DIRECTION('',(1.,0.));
#1527 = ( GEOMETRIC_REPRESENTATION_CONTEXT(2) 
PARAMETRIC_REPRESENTATION_CONTEXT() REPRESENTATION_CONTEXT('2D SPACE',''
  ) );
#1528 = ORIENTED_EDGE('',*,*,#1392,.F.);
#1529 = ADVANCED_FACE('',(#1530),#1270,.F.);
#1530 = FACE_BOUND('',#1531,.F.);
#1531 = EDGE_LOOP('',(#1532,#1533,#1534,#1535));
#1532 = ORIENTED_EDGE('',*,*,#1254,.F.);
#1533 = ORIENTED_EDGE('',*,*,#1439,.T.);
#1534 = ORIENTED_EDGE('',*,*,#1369,.T.);
#1535 = ORIENTED_EDGE('',*,*,#1486,.F.);
#1536 = ADVANCED_FACE('',(#1537),#1324,.T.);
#1537 = FACE_BOUND('',#1538,.T.);
#1538 = EDGE_LOOP('',(#1539,#1540,#1541,#1542));
#1539 = ORIENTED_EDGE('',*,*,#1310,.F.);
#1540 = ORIENTED_EDGE('',*,*,#1461,.T.);
#1541 = ORIENTED_EDGE('',*,*,#1415,.T.);
#1542 = ORIENTED_EDGE('',*,*,#1508,.F.);
#1543 = ( GEOMETRIC_REPRESENTATION_CONTEXT(3) 
GLOBAL_UNCERTAINTY_ASSIGNED_CONTEXT((#1547)) 
GLOBAL_UNIT_ASSIGNED_CONTEXT((#1544,#1545,#1546)) REPRESENTATION_CONTEXT
('Context #1','3D Context with UNIT and UNCERTAINTY') );
#1544 = ( LENGTH_UNIT() NAMED_UNIT(*) SI_UNIT(.MILLI.,.METRE.) );
#1545 = ( NAMED_UNIT(*) PLANE_ANGLE_UNIT() SI_UNIT($,.RADIAN.) );
#1546 = ( NAMED_UNIT(*) SI_UNIT($,.STERADIAN.) SOLID_ANGLE_UNIT() );
#1547 = UNCERTAINTY_MEASURE_WITH_UNIT(LENGTH_MEASURE(1.E-07),#1544,
  'distance_accuracy_value','confusion accuracy');
#1548 = CONTEXT_DEPENDENT_SHAPE_REPRESENTATION(#1549,#1551);
#1549 = ( REPRESENTATION_RELATIONSHIP('','',#1212,#96) 
REPRESENTATION_RELATIONSHIP_WITH_TRANSFORMATION(#1550) 
SHAPE_REPRESENTATION_RELATIONSHIP() );
#1550 = ITEM_DEFINED_TRANSFORMATION('','',#11,#133);
#1551 = PRODUCT_DEFINITION_SHAPE('Placement','Placement of an item',
  #1552);
#1552 = NEXT_ASSEMBLY_USAGE_OCCURRENCE('10','=>[0:1:1:12]','',#91,#1207,
  $);
#1553 = PRODUCT_RELATED_PRODUCT_CATEGORY('part',$,(#1209));
#1554 = SHAPE_DEFINITION_REPRESENTATION(#1555,#1561);
#1555 = PRODUCT_DEFINITION_SHAPE('','',#1556);
#1556 = PRODUCT_DEFINITION('design','',#1557,#1560);
#1557 = PRODUCT_DEFINITION_FORMATION('','',#1558);
#1558 = PRODUCT('COMPOUND','COMPOUND','',(#1559));
#1559 = PRODUCT_CONTEXT('',#2,'mechanical');
#1560 = PRODUCT_DEFINITION_CONTEXT('part definition',#2,'design');
#1561 = ADVANCED_BREP_SHAPE_REPRESENTATION('',(#11,#1562),#1892);
#1562 = MANIFOLD_SOLID_BREP('',#1563);
#1563 = CLOSED_SHELL('',(#1564,#1684,#1784,#1831,#1878,#1885));
#1564 = ADVANCED_FACE('',(#1565),#1579,.F.);
#1565 = FACE_BOUND('',#1566,.F.);
#1566 = EDGE_LOOP('',(#1567,#1602,#1630,#1658));
#1567 = ORIENTED_EDGE('',*,*,#1568,.F.);
#1568 = EDGE_CURVE('',#1569,#1571,#1573,.T.);
#1569 = VERTEX_POINT('',#1570);
#1570 = CARTESIAN_POINT('',(-20.,-2.5,-20.));
#1571 = VERTEX_POINT('',#1572);
#1572 = CARTESIAN_POINT('',(-20.,-2.5,20.));
#1573 = SURFACE_CURVE('',#1574,(#1578,#1590),.PCURVE_S1.);
#1574 = LINE('',#1575,#1576);
#1575 = CARTESIAN_POINT('',(-20.,-2.5,-20.));
#1576 = VECTOR('',#1577,1.);
#1577 = DIRECTION('',(0.,0.,1.));
#1578 = PCURVE('',#1579,#1584);
#1579 = PLANE('',#1580);
#1580 = AXIS2_PLACEMENT_3D('',#1581,#1582,#1583);
#1581 = CARTESIAN_POINT('',(-20.,-2.5,-20.));
#1582 = DIRECTION('',(1.,0.,-0.));
#1583 = DIRECTION('',(0.,0.,1.));
#1584 = DEFINITIONAL_REPRESENTATION('',(#1585),#1589);
#1585 = LINE('',#1586,#1587);
#1586 = CARTESIAN_POINT('',(0.,0.));
#1587 = VECTOR('',#1588,1.);
#1588 = DIRECTION('',(1.,0.));
#1589 = ( GEOMETRIC_REPRESENTATION_CONTEXT(2) 
PARAMETRIC_REPRESENTATION_CONTEXT() REPRESENTATION_CONTEXT('2D SPACE',''
  ) );
#1590 = PCURVE('',#1591,#1596);
#1591 = PLANE('',#1592);
#1592 = AXIS2_PLACEMENT_3D('',#1593,#1594,#1595);
#1593 = CARTESIAN_POINT('',(-20.,-2.5,-20.));
#1594 = DIRECTION('',(-0.,1.,0.));
#1595 = DIRECTION('',(0.,0.,1.));
#1596 = DEFINITIONAL_REPRESENTATION('',(#1597),#1601);
#1597 = LINE('',#1598,#1599);
#1598 = CARTESIAN_POINT('',(0.,0.));
#1599 = VECTOR('',#1600,1.);
#1600 = DIRECTION('',(1.,0.));
#1601 = ( GEOMETRIC_REPRESENTATION_CONTEXT(2) 
PARAMETRIC_REPRESENTATION_CONTEXT() REPRESENTATION_CONTEXT('2D SPACE',''
  ) );
#1602 = ORIENTED_EDGE('',*,*,#1603,.T.);
#1603 = EDGE_CURVE('',#1569,#1604,#1606,.T.);
#1604 = VERTEX_POINT('',#1605);
#1605 = CARTESIAN_POINT('',(-20.,2.5,-20.));
#1606 = SURFACE_CURVE('',#1607,(#1611,#1618),.PCURVE_S1.);
#1607 = LINE('',#1608,#1609);
#1608 = CARTESIAN_POINT('',(-20.,-2.5,-20.));
#1609 = VECTOR('',#1610,1.);
#1610 = DIRECTION('',(-0.,1.,0.));
#1611 = PCURVE('',#1579,#1612);
#1612 = DEFINITIONAL_REPRESENTATION('',(#1613),#1617);
#1613 = LINE('',#1614,#1615);
#1614 = CARTESIAN_POINT('',(0.,0.));
#1615 = VECTOR('',#1616,1.);
#1616 = DIRECTION('',(0.,-1.));
#1617 = ( GEOMETRIC_REPRESENTATION_CONTEXT(2) 
PARAMETRIC_REPRESENTATION_CONTEXT() REPRESENTATION_CONTEXT('2D SPACE',''
  ) );
#1618 = PCURVE('',#1619,#1624);
#1619 = PLANE('',#1620);
#1620 = AXIS2_PLACEMENT_3D('',#1621,#1622,#1623);
#1621 = CARTESIAN_POINT('',(-20.,-2.5,-20.));
#1622 = DIRECTION('',(0.,0.,1.));
#1623 = DIRECTION('',(1.,0.,-0.));
#1624 = DEFINITIONAL_REPRESENTATION('',(#1625),#1629);
#1625 = LINE('',#1626,#1627);
#1626 = CARTESIAN_POINT('',(0.,0.));
#1627 = VECTOR('',#1628,1.);
#1628 = DIRECTION('',(0.,1.));
#1629 = ( GEOMETRIC_REPRESENTATION_CONTEXT(2) 
PARAMETRIC_REPRESENTATION_CONTEXT() REPRESENTATION_CONTEXT('2D SPACE',''
  ) );
#1630 = ORIENTED_EDGE('',*,*,#1631,.T.);
#1631 = EDGE_CURVE('',#1604,#1632,#1634,.T.);
#1632 = VERTEX_POINT('',#1633);
#1633 = CARTESIAN_POINT('',(-20.,2.5,20.));
#1634 = SURFACE_CURVE('',#1635,(#1639,#1646),.PCURVE_S1.);
#1635 = LINE('',#1636,#1637);
#1636 = CARTESIAN_POINT('',(-20.,2.5,-20.));
#1637 = VECTOR('',#1638,1.);
#1638 = DIRECTION('',(0.,0.,1.));
#1639 = PCURVE('',#1579,#1640);
#1640 = DEFINITIONAL_REPRESENTATION('',(#1641),#1645);
#1641 = LINE('',#1642,#1643);
#1642 = CARTESIAN_POINT('',(0.,-5.));
#1643 = VECTOR('',#1644,1.);
#1644 = DIRECTION('',(1.,0.));
#1645 = ( GEOMETRIC_REPRESENTATION_CONTEXT(2) 
PARAMETRIC_REPRESENTATION_CONTEXT() REPRESENTATION_CONTEXT('2D SPACE',''
  ) );
#1646 = PCURVE('',#1647,#1652);
#1647 = PLANE('',#1648);
#1648 = AXIS2_PLACEMENT_3D('',#1649,#1650,#1651);
#1649 = CARTESIAN_POINT('',(-20.,2.5,-20.));
#1650 = DIRECTION('',(-0.,1.,0.));
#1651 = DIRECTION('',(0.,0.,1.));
#1652 = DEFINITIONAL_REPRESENTATION('',(#1653),#1657);
#1653 = LINE('',#1654,#1655);
#1654 = CARTESIAN_POINT('',(0.,0.));
#1655 = VECTOR('',#1656,1.);
#1656 = DIRECTION('',(1.,0.));
#1657 = ( GEOMETRIC_REPRESENTATION_CONTEXT(2) 
PARAMETRIC_REPRESENTATION_CONTEXT() REPRESENTATION_CONTEXT('2D SPACE',''
  ) );
#1658 = ORIENTED_EDGE('',*,*,#1659,.F.);
#1659 = EDGE_CURVE('',#1571,#1632,#1660,.T.);
#1660 = SURFACE_CURVE('',#1661,(#1665,#1672),.PCURVE_S1.);
#1661 = LINE('',#1662,#1663);
#1662 = CARTESIAN_POINT('',(-20.,-2.5,20.));
#1663 = VECTOR('',#1664,1.);
#1664 = DIRECTION('',(-0.,1.,0.));
#1665 = PCURVE('',#1579,#1666);
#1666 = DEFINITIONAL_REPRESENTATION('',(#1667),#1671);
#1667 = LINE('',#1668,#1669);
#1668 = CARTESIAN_POINT('',(40.,0.));
#1669 = VECTOR('',#1670,1.);
#1670 = DIRECTION('',(0.,-1.));
#1671 = ( GEOMETRIC_REPRESENTATION_CONTEXT(2) 
PARAMETRIC_REPRESENTATION_CONTEXT() REPRESENTATION_CONTEXT('2D SPACE',''
  ) );
#1672 = PCURVE('',#1673,#1678);
#1673 = PLANE('',#1674);
#1674 = AXIS2_PLACEMENT_3D('',#1675,#1676,#1677);
#1675 = CARTESIAN_POINT('',(-20.,-2.5,20.));
#1676 = DIRECTION('',(0.,0.,1.));
#1677 = DIRECTION('',(1.,0.,-0.));
#1678 = DEFINITIONAL_REPRESENTATION('',(#1679),#1683);
#1679 = LINE('',#1680,#1681);
#1680 = CARTESIAN_POINT('',(0.,0.));
#1681 = VECTOR('',#1682,1.);
#1682 = DIRECTION('',(0.,1.));
#1683 = ( GEOMETRIC_REPRESENTATION_CONTEXT(2) 
PARAMETRIC_REPRESENTATION_CONTEXT() REPRESENTATION_CONTEXT('2D SPACE',''
  ) );
#1684 = ADVANCED_FACE('',(#1685),#1699,.T.);
#1685 = FACE_BOUND('',#1686,.T.);
#1686 = EDGE_LOOP('',(#1687,#1717,#1740,#1763));
#1687 = ORIENTED_EDGE('',*,*,#1688,.F.);
#1688 = EDGE_CURVE('',#1689,#1691,#1693,.T.);
#1689 = VERTEX_POINT('',#1690);
#1690 = CARTESIAN_POINT('',(20.,-2.5,-20.));
#1691 = VERTEX_POINT('',#1692);
#1692 = CARTESIAN_POINT('',(20.,-2.5,20.));
#1693 = SURFACE_CURVE('',#1694,(#1698,#1710),.PCURVE_S1.);
#1694 = LINE('',#1695,#1696);
#1695 = CARTESIAN_POINT('',(20.,-2.5,-20.));
#1696 = VECTOR('',#1697,1.);
#1697 = DIRECTION('',(0.,0.,1.));
#1698 = PCURVE('',#1699,#1704);
#1699 = PLANE('',#1700);
#1700 = AXIS2_PLACEMENT_3D('',#1701,#1702,#1703);
#1701 = CARTESIAN_POINT('',(20.,-2.5,-20.));
#1702 = DIRECTION('',(1.,0.,-0.));
#1703 = DIRECTION('',(0.,0.,1.));
#1704 = DEFINITIONAL_REPRESENTATION('',(#1705),#1709);
#1705 = LINE('',#1706,#1707);
#1706 = CARTESIAN_POINT('',(0.,0.));
#1707 = VECTOR('',#1708,1.);
#1708 = DIRECTION('',(1.,0.));
#1709 = ( GEOMETRIC_REPRESENTATION_CONTEXT(2) 
PARAMETRIC_REPRESENTATION_CONTEXT() REPRESENTATION_CONTEXT('2D SPACE',''
  ) );
#1710 = PCURVE('',#1591,#1711);
#1711 = DEFINITIONAL_REPRESENTATION('',(#1712),#1716);
#1712 = LINE('',#1713,#1714);
#1713 = CARTESIAN_POINT('',(0.,40.));
#1714 = VECTOR('',#1715,1.);
#1715 = DIRECTION('',(1.,0.));
#1716 = ( GEOMETRIC_REPRESENTATION_CONTEXT(2) 
PARAMETRIC_REPRESENTATION_CONTEXT() REPRESENTATION_CONTEXT('2D SPACE',''
  ) );
#1717 = ORIENTED_EDGE('',*,*,#1718,.T.);
#1718 = EDGE_CURVE('',#1689,#1719,#1721,.T.);
#1719 = VERTEX_POINT('',#1720);
#1720 = CARTESIAN_POINT('',(20.,2.5,-20.));
#1721 = SURFACE_CURVE('',#1722,(#1726,#1733),.PCURVE_S1.);
#1722 = LINE('',#1723,#1724);
#1723 = CARTESIAN_POINT('',(20.,-2.5,-20.));
#1724 = VECTOR('',#1725,1.);
#1725 = DIRECTION('',(-0.,1.,0.));
#1726 = PCURVE('',#1699,#1727);
#1727 = DEFINITIONAL_REPRESENTATION('',(#1728),#1732);
#1728 = LINE('',#1729,#1730);
#1729 = CARTESIAN_POINT('',(0.,0.));
#1730 = VECTOR('',#1731,1.);
#1731 = DIRECTION('',(0.,-1.));
#1732 = ( GEOMETRIC_REPRESENTATION_CONTEXT(2) 
PARAMETRIC_REPRESENTATION_CONTEXT() REPRESENTATION_CONTEXT('2D SPACE',''
  ) );
#1733 = PCURVE('',#1619,#1734);
#1734 = DEFINITIONAL_REPRESENTATION('',(#1735),#1739);
#1735 = LINE('',#1736,#1737);
#1736 = CARTESIAN_POINT('',(40.,0.));
#1737 = VECTOR('',#1738,1.);
#1738 = DIRECTION('',(0.,1.));
#1739 = ( GEOMETRIC_REPRESENTATION_CONTEXT(2) 
PARAMETRIC_REPRESENTATION_CONTEXT() REPRESENTATION_CONTEXT('2D SPACE',''
  ) );
#1740 = ORIENTED_EDGE('',*,*,#1741,.T.);
#1741 = EDGE_CURVE('',#1719,#1742,#1744,.T.);
#1742 = VERTEX_POINT('',#1743);
#1743 = CARTESIAN_POINT('',(20.,2.5,20.));
#1744 = SURFACE_CURVE('',#1745,(#1749,#1756),.PCURVE_S1.);
#1745 = LINE('',#1746,#1747);
#1746 = CARTESIAN_POINT('',(20.,2.5,-20.));
#1747 = VECTOR('',#1748,1.);
#1748 = DIRECTION('',(0.,0.,1.));
#1749 = PCURVE('',#1699,#1750);
#1750 = DEFINITIONAL_REPRESENTATION('',(#1751),#1755);
#1751 = LINE('',#1752,#1753);
#1752 = CARTESIAN_POINT('',(0.,-5.));
#1753 = VECTOR('',#1754,1.);
#1754 = DIRECTION('',(1.,0.));
#1755 = ( GEOMETRIC_REPRESENTATION_CONTEXT(2) 
PARAMETRIC_REPRESENTATION_CONTEXT() REPRESENTATION_CONTEXT('2D SPACE',''
  ) );
#1756 = PCURVE('',#1647,#1757);
#1757 = DEFINITIONAL_REPRESENTATION('',(#1758),#1762);
#1758 = LINE('',#1759,#1760);
#1759 = CARTESIAN_POINT('',(0.,40.));
#1760 = VECTOR('',#1761,1.);
#1761 = DIRECTION('',(1.,0.));
#1762 = ( GEOMETRIC_REPRESENTATION_CONTEXT(2) 
PARAMETRIC_REPRESENTATION_CONTEXT() REPRESENTATION_CONTEXT('2D SPACE',''
  ) );
#1763 = ORIENTED_EDGE('',*,*,#1764,.F.);
#1764 = EDGE_CURVE('',#1691,#1742,#1765,.T.);
#1765 = SURFACE_CURVE('',#1766,(#1770,#1777),.PCURVE_S1.);
#1766 = LINE('',#1767,#1768);
#1767 = CARTESIAN_POINT('',(20.,-2.5,20.));
#1768 = VECTOR('',#1769,1.);
#1769 = DIRECTION('',(-0.,1.,0.));
#1770 = PCURVE('',#1699,#1771);
#1771 = DEFINITIONAL_REPRESENTATION('',(#1772),#1776);
#1772 = LINE('',#1773,#1774);
#1773 = CARTESIAN_POINT('',(40.,0.));
#1774 = VECTOR('',#1775,1.);
#1775 = DIRECTION('',(0.,-1.));
#1776 = ( GEOMETRIC_REPRESENTATION_CONTEXT(2) 
PARAMETRIC_REPRESENTATION_CONTEXT() REPRESENTATION_CONTEXT('2D SPACE',''
  ) );
#1777 = PCURVE('',#1673,#1778);
#1778 = DEFINITIONAL_REPRESENTATION('',(#1779),#1783);
#1779 = LINE('',#1780,#1781);
#1780 = CARTESIAN_POINT('',(40.,0.));
#1781 = VECTOR('',#1782,1.);
#1782 = DIRECTION('',(0.,1.));
#1783 = ( GEOMETRIC_REPRESENTATION_CONTEXT(2) 
PARAMETRIC_REPRESENTATION_CONTEXT() REPRESENTATION_CONTEXT('2D SPACE',''
  ) );
#1784 = ADVANCED_FACE('',(#1785),#1591,.F.);
#1785 = FACE_BOUND('',#1786,.F.);
#1786 = EDGE_LOOP('',(#1787,#1808,#1809,#1830));
#1787 = ORIENTED_EDGE('',*,*,#1788,.F.);
#1788 = EDGE_CURVE('',#1569,#1689,#1789,.T.);
#1789 = SURFACE_CURVE('',#1790,(#1794,#1801),.PCURVE_S1.);
#1790 = LINE('',#1791,#1792);
#1791 = CARTESIAN_POINT('',(-20.,-2.5,-20.));
#1792 = VECTOR('',#1793,1.);
#1793 = DIRECTION('',(1.,0.,-0.));
#1794 = PCURVE('',#1591,#1795);
#1795 = DEFINITIONAL_REPRESENTATION('',(#1796),#1800);
#1796 = LINE('',#1797,#1798);
#1797 = CARTESIAN_POINT('',(0.,0.));
#1798 = VECTOR('',#1799,1.);
#1799 = DIRECTION('',(0.,1.));
#1800 = ( GEOMETRIC_REPRESENTATION_CONTEXT(2) 
PARAMETRIC_REPRESENTATION_CONTEXT() REPRESENTATION_CONTEXT('2D SPACE',''
  ) );
#1801 = PCURVE('',#1619,#1802);
#1802 = DEFINITIONAL_REPRESENTATION('',(#1803),#1807);
#1803 = LINE('',#1804,#1805);
#1804 = CARTESIAN_POINT('',(0.,0.));
#1805 = VECTOR('',#1806,1.);
#1806 = DIRECTION('',(1.,0.));
#1807 = ( GEOMETRIC_REPRESENTATION_CONTEXT(2) 
PARAMETRIC_REPRESENTATION_CONTEXT() REPRESENTATION_CONTEXT('2D SPACE',''
  ) );
#1808 = ORIENTED_EDGE('',*,*,#1568,.T.);
#1809 = ORIENTED_EDGE('',*,*,#1810,.T.);
#1810 = EDGE_CURVE('',#1571,#1691,#1811,.T.);
#1811 = SURFACE_CURVE('',#1812,(#1816,#1823),.PCURVE_S1.);
#1812 = LINE('',#1813,#1814);
#1813 = CARTESIAN_POINT('',(-20.,-2.5,20.));
#1814 = VECTOR('',#1815,1.);
#1815 = DIRECTION('',(1.,0.,-0.));
#1816 = PCURVE('',#1591,#1817);
#1817 = DEFINITIONAL_REPRESENTATION('',(#1818),#1822);
#1818 = LINE('',#1819,#1820);
#1819 = CARTESIAN_POINT('',(40.,0.));
#1820 = VECTOR('',#1821,1.);
#1821 = DIRECTION('',(0.,1.));
#1822 = ( GEOMETRIC_REPRESENTATION_CONTEXT(2) 
PARAMETRIC_REPRESENTATION_CONTEXT() REPRESENTATION_CONTEXT('2D SPACE',''
  ) );
#1823 = PCURVE('',#1673,#1824);
#1824 = DEFINITIONAL_REPRESENTATION('',(#1825),#1829);
#1825 = LINE('',#1826,#1827);
#1826 = CARTESIAN_POINT('',(0.,0.));
#1827 = VECTOR('',#1828,1.);
#1828 = DIRECTION('',(1.,0.));
#1829 = ( GEOMETRIC_REPRESENTATION_CONTEXT(2) 
PARAMETRIC_REPRESENTATION_CONTEXT() REPRESENTATION_CONTEXT('2D SPACE',''
  ) );
#1830 = ORIENTED_EDGE('',*,*,#1688,.F.);
#1831 = ADVANCED_FACE('',(#1832),#1647,.T.);
#1832 = FACE_BOUND('',#1833,.T.);
#1833 = EDGE_LOOP('',(#1834,#1855,#1856,#1877));
#1834 = ORIENTED_EDGE('',*,*,#1835,.F.);
#1835 = EDGE_CURVE('',#1604,#1719,#1836,.T.);
#1836 = SURFACE_CURVE('',#1837,(#1841,#1848),.PCURVE_S1.);
#1837 = LINE('',#1838,#1839);
#1838 = CARTESIAN_POINT('',(-20.,2.5,-20.));
#1839 = VECTOR('',#1840,1.);
#1840 = DIRECTION('',(1.,0.,-0.));
#1841 = PCURVE('',#1647,#1842);
#1842 = DEFINITIONAL_REPRESENTATION('',(#1843),#1847);
#1843 = LINE('',#1844,#1845);
#1844 = CARTESIAN_POINT('',(0.,0.));
#1845 = VECTOR('',#1846,1.);
#1846 = DIRECTION('',(0.,1.));
#1847 = ( GEOMETRIC_REPRESENTATION_CONTEXT(2) 
PARAMETRIC_REPRESENTATION_CONTEXT() REPRESENTATION_CONTEXT('2D SPACE',''
  ) );
#1848 = PCURVE('',#1619,#1849);
#1849 = DEFINITIONAL_REPRESENTATION('',(#1850),#1854);
#1850 = LINE('',#1851,#1852);
#1851 = CARTESIAN_POINT('',(0.,5.));
#1852 = VECTOR('',#1853,1.);
#1853 = DIRECTION('',(1.,0.));
#1854 = ( GEOMETRIC_REPRESENTATION_CONTEXT(2) 
PARAMETRIC_REPRESENTATION_CONTEXT() REPRESENTATION_CONTEXT('2D SPACE',''
  ) );
#1855 = ORIENTED_EDGE('',*,*,#1631,.T.);
#1856 = ORIENTED_EDGE('',*,*,#1857,.T.);
#1857 = EDGE_CURVE('',#1632,#1742,#1858,.T.);
#1858 = SURFACE_CURVE('',#1859,(#1863,#1870),.PCURVE_S1.);
#1859 = LINE('',#1860,#1861);
#1860 = CARTESIAN_POINT('',(-20.,2.5,20.));
#1861 = VECTOR('',#1862,1.);
#1862 = DIRECTION('',(1.,0.,-0.));
#1863 = PCURVE('',#1647,#1864);
#1864 = DEFINITIONAL_REPRESENTATION('',(#1865),#1869);
#1865 = LINE('',#1866,#1867);
#1866 = CARTESIAN_POINT('',(40.,0.));
#1867 = VECTOR('',#1868,1.);
#1868 = DIRECTION('',(0.,1.));
#1869 = ( GEOMETRIC_REPRESENTATION_CONTEXT(2) 
PARAMETRIC_REPRESENTATION_CONTEXT() REPRESENTATION_CONTEXT('2D SPACE',''
  ) );
#1870 = PCURVE('',#1673,#1871);
#1871 = DEFINITIONAL_REPRESENTATION('',(#1872),#1876);
#1872 = LINE('',#1873,#1874);
#1873 = CARTESIAN_POINT('',(0.,5.));
#1874 = VECTOR('',#1875,1.);
#1875 = DIRECTION('',(1.,0.));
#1876 = ( GEOMETRIC_REPRESENTATION_CONTEXT(2) 
PARAMETRIC_REPRESENTATION_CONTEXT() REPRESENTATION_CONTEXT('2D SPACE',''
  ) );
#1877 = ORIENTED_EDGE('',*,*,#1741,.F.);
#1878 = ADVANCED_FACE('',(#1879),#1619,.F.);
#1879 = FACE_BOUND('',#1880,.F.);
#1880 = EDGE_LOOP('',(#1881,#1882,#1883,#1884));
#1881 = ORIENTED_EDGE('',*,*,#1603,.F.);
#1882 = ORIENTED_EDGE('',*,*,#1788,.T.);
#1883 = ORIENTED_EDGE('',*,*,#1718,.T.);
#1884 = ORIENTED_EDGE('',*,*,#1835,.F.);
#1885 = ADVANCED_FACE('',(#1886),#1673,.T.);
#1886 = FACE_BOUND('',#1887,.T.);
#1887 = EDGE_LOOP('',(#1888,#1889,#1890,#1891));
#1888 = ORIENTED_EDGE('',*,*,#1659,.F.);
#1889 = ORIENTED_EDGE('',*,*,#1810,.T.);
#1890 = ORIENTED_EDGE('',*,*,#1764,.T.);
#1891 = ORIENTED_EDGE('',*,*,#1857,.F.);
#1892 = ( GEOMETRIC_REPRESENTATION_CONTEXT(3) 
GLOBAL_UNCERTAINTY_ASSIGNED_CONTEXT((#1896)) 
GLOBAL_UNIT_ASSIGNED_CONTEXT((#1893,#1894,#1895)) REPRESENTATION_CONTEXT
('Context #1','3D Context with UNIT and UNCERTAINTY') );
#1893 = ( LENGTH_UNIT() NAMED_UNIT(*) SI_UNIT(.MILLI.,.METRE.) );
#1894 = ( NAMED_UNIT(*) PLANE_ANGLE_UNIT() SI_UNIT($,.RADIAN.) );
#1895 = ( NAMED_UNIT(*) SI_UNIT($,.STERADIAN.) SOLID_ANGLE_UNIT() );
#1896 = UNCERTAINTY_MEASURE_WITH_UNIT(LENGTH_MEASURE(1.E-07),#1893,
  'distance_accuracy_value','confusion accuracy');
#1897 = CONTEXT_DEPENDENT_SHAPE_REPRESENTATION(#1898,#1900);
#1898 = ( REPRESENTATION_RELATIONSHIP('','',#1561,#96) 
REPRESENTATION_RELATIONSHIP_WITH_TRANSFORMATION(#1899) 
SHAPE_REPRESENTATION_RELATIONSHIP() );
#1899 = ITEM_DEFINED_TRANSFORMATION('','',#11,#137);
#1900 = PRODUCT_DEFINITION_SHAPE('Placement','Placement of an item',
  #1901);
#1901 = NEXT_ASSEMBLY_USAGE_OCCURRENCE('11','=>[0:1:1:13]','',#91,#1556,
  $);
#1902 = PRODUCT_RELATED_PRODUCT_CATEGORY('part',$,(#1558));
#1903 = SHAPE_DEFINITION_REPRESENTATION(#1904,#1910);
#1904 = PRODUCT_DEFINITION_SHAPE('','',#1905);
#1905 = PRODUCT_DEFINITION('design','',#1906,#1909);
#1906 = PRODUCT_DEFINITION_FORMATION('','',#1907);
#1907 = PRODUCT('COMPOUND','COMPOUND','',(#1908));
#1908 = PRODUCT_CONTEXT('',#2,'mechanical');
#1909 = PRODUCT_DEFINITION_CONTEXT('part definition',#2,'design');
#1910 = SHAPE_REPRESENTATION('',(#11,#1911,#1915,#1919,#1923,#1927,#1931
    ),#1935);
#1911 = AXIS2_PLACEMENT_3D('',#1912,#1913,#1914);
#1912 = CARTESIAN_POINT('',(737.78134898774,0.,498.07885188748));
#1913 = DIRECTION('',(0.,0.,1.));
#1914 = DIRECTION('',(1.,0.,-0.));
#1915 = AXIS2_PLACEMENT_3D('',#1916,#1917,#1918);
#1916 = CARTESIAN_POINT('',(0.,0.,0.));
#1917 = DIRECTION('',(0.,0.,1.));
#1918 = DIRECTION('',(1.,0.,-0.));
#1919 = AXIS2_PLACEMENT_3D('',#1920,#1921,#1922);
#1920 = CARTESIAN_POINT('',(0.,0.,0.));
#1921 = DIRECTION('',(0.,0.,1.));
#1922 = DIRECTION('',(1.,0.,-0.));
#1923 = AXIS2_PLACEMENT_3D('',#1924,#1925,#1926);
#1924 = CARTESIAN_POINT('',(0.,0.,0.));
#1925 = DIRECTION('',(0.,0.,1.));
#1926 = DIRECTION('',(1.,0.,-0.));
#1927 = AXIS2_PLACEMENT_3D('',#1928,#1929,#1930);
#1928 = CARTESIAN_POINT('',(0.,0.,0.));
#1929 = DIRECTION('',(0.,0.,1.));
#1930 = DIRECTION('',(1.,0.,-0.));
#1931 = AXIS2_PLACEMENT_3D('',#1932,#1933,#1934);
#1932 = CARTESIAN_POINT('',(0.,0.,0.));
#1933 = DIRECTION('',(0.,0.,1.));
#1934 = DIRECTION('',(1.,0.,-0.));
#1935 = ( GEOMETRIC_REPRESENTATION_CONTEXT(3) 
GLOBAL_UNCERTAINTY_ASSIGNED_CONTEXT((#1939)) 
GLOBAL_UNIT_ASSIGNED_CONTEXT((#1936,#1937,#1938)) REPRESENTATION_CONTEXT
('Context #1','3D Context with UNIT and UNCERTAINTY') );
#1936 = ( LENGTH_UNIT() NAMED_UNIT(*) SI_UNIT(.MILLI.,.METRE.) );
#1937 = ( NAMED_UNIT(*) PLANE_ANGLE_UNIT() SI_UNIT($,.RADIAN.) );
#1938 = ( NAMED_UNIT(*) SI_UNIT($,.STERADIAN.) SOLID_ANGLE_UNIT() );
#1939 = UNCERTAINTY_MEASURE_WITH_UNIT(LENGTH_MEASURE(1.E-07),#1936,
  'distance_accuracy_value','confusion accuracy');
#1940 = CONTEXT_DEPENDENT_SHAPE_REPRESENTATION(#1941,#1943);
#1941 = ( REPRESENTATION_RELATIONSHIP('','',#1910,#10) 
REPRESENTATION_RELATIONSHIP_WITH_TRANSFORMATION(#1942) 
SHAPE_REPRESENTATION_RELATIONSHIP() );
#1942 = ITEM_DEFINED_TRANSFORMATION('','',#11,#19);
#1943 = PRODUCT_DEFINITION_SHAPE('Placement','Placement of an item',
  #1944);
#1944 = NEXT_ASSEMBLY_USAGE_OCCURRENCE('19','=>[0:1:1:14]','',#5,#1905,$
  );
#1945 = PRODUCT_RELATED_PRODUCT_CATEGORY('part',$,(#1907));
#1946 = SHAPE_DEFINITION_REPRESENTATION(#1947,#1953);
#1947 = PRODUCT_DEFINITION_SHAPE('','',#1948);
#1948 = PRODUCT_DEFINITION('design','',#1949,#1952);
#1949 = PRODUCT_DEFINITION_FORMATION('','',#1950);
#1950 = PRODUCT('COMPOUND','COMPOUND','',(#1951));
#1951 = PRODUCT_CONTEXT('',#2,'mechanical');
#1952 = PRODUCT_DEFINITION_CONTEXT('part definition',#2,'design');
#1953 = ADVANCED_BREP_SHAPE_REPRESENTATION('',(#11,#1954),#2284);
#1954 = MANIFOLD_SOLID_BREP('',#1955);
#1955 = CLOSED_SHELL('',(#1956,#2076,#2176,#2223,#2270,#2277));
#1956 = ADVANCED_FACE('',(#1957),#1971,.F.);
#1957 = FACE_BOUND('',#1958,.F.);
#1958 = EDGE_LOOP('',(#1959,#1994,#2022,#2050));
#1959 = ORIENTED_EDGE('',*,*,#1960,.F.);
#1960 = EDGE_CURVE('',#1961,#1963,#1965,.T.);
#1961 = VERTEX_POINT('',#1962);
#1962 = CARTESIAN_POINT('',(-20.,-55.,-11.));
#1963 = VERTEX_POINT('',#1964);
#1964 = CARTESIAN_POINT('',(-20.,-55.,11.));
#1965 = SURFACE_CURVE('',#1966,(#1970,#1982),.PCURVE_S1.);
#1966 = LINE('',#1967,#1968);
#1967 = CARTESIAN_POINT('',(-20.,-55.,-11.));
#1968 = VECTOR('',#1969,1.);
#1969 = DIRECTION('',(0.,0.,1.));
#1970 = PCURVE('',#1971,#1976);
#1971 = PLANE('',#1972);
#1972 = AXIS2_PLACEMENT_3D('',#1973,#1974,#1975);
#1973 = CARTESIAN_POINT('',(-20.,-55.,-11.));
#1974 = DIRECTION('',(1.,0.,-0.));
#1975 = DIRECTION('',(0.,0.,1.));
#1976 = DEFINITIONAL_REPRESENTATION('',(#1977),#1981);
#1977 = LINE('',#1978,#1979);
#1978 = CARTESIAN_POINT('',(0.,0.));
#1979 = VECTOR('',#1980,1.);
#1980 = DIRECTION('',(1.,0.));
#1981 = ( GEOMETRIC_REPRESENTATION_CONTEXT(2) 
PARAMETRIC_REPRESENTATION_CONTEXT() REPRESENTATION_CONTEXT('2D SPACE',''
  ) );
#1982 = PCURVE('',#1983,#1988);
#1983 = PLANE('',#1984);
#1984 = AXIS2_PLACEMENT_3D('',#1985,#1986,#1987);
#1985 = CARTESIAN_POINT('',(-20.,-55.,-11.));
#1986 = DIRECTION('',(-0.,1.,0.));
#1987 = DIRECTION('',(0.,0.,1.));
#1988 = DEFINITIONAL_REPRESENTATION('',(#1989),#1993);
#1989 = LINE('',#1990,#1991);
#1990 = CARTESIAN_POINT('',(0.,0.));
#1991 = VECTOR('',#1992,1.);
#1992 = DIRECTION('',(1.,0.));
#1993 = ( GEOMETRIC_REPRESENTATION_CONTEXT(2) 
PARAMETRIC_REPRESENTATION_CONTEXT() REPRESENTATION_CONTEXT('2D SPACE',''
  ) );
#1994 = ORIENTED_EDGE('',*,*,#1995,.T.);
#1995 = EDGE_CURVE('',#1961,#1996,#1998,.T.);
#1996 = VERTEX_POINT('',#1997);
#1997 = CARTESIAN_POINT('',(-20.,55.,-11.));
#1998 = SURFACE_CURVE('',#1999,(#2003,#2010),.PCURVE_S1.);
#1999 = LINE('',#2000,#2001);
#2000 = CARTESIAN_POINT('',(-20.,-55.,-11.));
#2001 = VECTOR('',#2002,1.);
#2002 = DIRECTION('',(-0.,1.,0.));
#2003 = PCURVE('',#1971,#2004);
#2004 = DEFINITIONAL_REPRESENTATION('',(#2005),#2009);
#2005 = LINE('',#2006,#2007);
#2006 = CARTESIAN_POINT('',(0.,0.));
#2007 = VECTOR('',#2008,1.);
#2008 = DIRECTION('',(0.,-1.));
#2009 = ( GEOMETRIC_REPRESENTATION_CONTEXT(2) 
PARAMETRIC_REPRESENTATION_CONTEXT() REPRESENTATION_CONTEXT('2D SPACE',''
  ) );
#2010 = PCURVE('',#2011,#2016);
#2011 = PLANE('',#2012);
#2012 = AXIS2_PLACEMENT_3D('',#2013,#2014,#2015);
#2013 = CARTESIAN_POINT('',(-20.,-55.,-11.));
#2014 = DIRECTION('',(0.,0.,1.));
#2015 = DIRECTION('',(1.,0.,-0.));
#2016 = DEFINITIONAL_REPRESENTATION('',(#2017),#2021);
#2017 = LINE('',#2018,#2019);
#2018 = CARTESIAN_POINT('',(0.,0.));
#2019 = VECTOR('',#2020,1.);
#2020 = DIRECTION('',(0.,1.));
#2021 = ( GEOMETRIC_REPRESENTATION_CONTEXT(2) 
PARAMETRIC_REPRESENTATION_CONTEXT() REPRESENTATION_CONTEXT('2D SPACE',''
  ) );
#2022 = ORIENTED_EDGE('',*,*,#2023,.T.);
#2023 = EDGE_CURVE('',#1996,#2024,#2026,.T.);
#2024 = VERTEX_POINT('',#2025);
#2025 = CARTESIAN_POINT('',(-20.,55.,11.));
#2026 = SURFACE_CURVE('',#2027,(#2031,#2038),.PCURVE_S1.);
#2027 = LINE('',#2028,#2029);
#2028 = CARTESIAN_POINT('',(-20.,55.,-11.));
#2029 = VECTOR('',#2030,1.);
#2030 = DIRECTION('',(0.,0.,1.));
#2031 = PCURVE('',#1971,#2032);
#2032 = DEFINITIONAL_REPRESENTATION('',(#2033),#2037);
#2033 = LINE('',#2034,#2035);
#2034 = CARTESIAN_POINT('',(0.,-110.));
#2035 = VECTOR('',#2036,1.);
#2036 = DIRECTION('',(1.,0.));
#2037 = ( GEOMETRIC_REPRESENTATION_CONTEXT(2) 
PARAMETRIC_REPRESENTATION_CONTEXT() REPRESENTATION_CONTEXT('2D SPACE',''
  ) );
#2038 = PCURVE('',#2039,#2044);
#2039 = PLANE('',#2040);
#2040 = AXIS2_PLACEMENT_3D('',#2041,#2042,#2043);
#2041 = CARTESIAN_POINT('',(-20.,55.,-11.));
#2042 = DIRECTION('',(-0.,1.,0.));
#2043 = DIRECTION('',(0.,0.,1.));
#2044 = DEFINITIONAL_REPRESENTATION('',(#2045),#2049);
#2045 = LINE('',#2046,#2047);
#2046 = CARTESIAN_POINT('',(0.,0.));
#2047 = VECTOR('',#2048,1.);
#2048 = DIRECTION('',(1.,0.));
#2049 = ( GEOMETRIC_REPRESENTATION_CONTEXT(2) 
PARAMETRIC_REPRESENTATION_CONTEXT() REPRESENTATION_CONTEXT('2D SPACE',''
  ) );
#2050 = ORIENTED_EDGE('',*,*,#2051,.F.);
#2051 = EDGE_CURVE('',#1963,#2024,#2052,.T.);
#2052 = SURFACE_CURVE('',#2053,(#2057,#2064),.PCURVE_S1.);
#2053 = LINE('',#2054,#2055);
#2054 = CARTESIAN_POINT('',(-20.,-55.,11.));
#2055 = VECTOR('',#2056,1.);
#2056 = DIRECTION('',(-0.,1.,0.));
#2057 = PCURVE('',#1971,#2058);
#2058 = DEFINITIONAL_REPRESENTATION('',(#2059),#2063);
#2059 = LINE('',#2060,#2061);
#2060 = CARTESIAN_POINT('',(22.,0.));
#2061 = VECTOR('',#2062,1.);
#2062 = DIRECTION('',(0.,-1.));
#2063 = ( GEOMETRIC_REPRESENTATION_CONTEXT(2) 
PARAMETRIC_REPRESENTATION_CONTEXT() REPRESENTATION_CONTEXT('2D SPACE',''
  ) );
#2064 = PCURVE('',#2065,#2070);
#2065 = PLANE('',#2066);
#2066 = AXIS2_PLACEMENT_3D('',#2067,#2068,#2069);
#2067 = CARTESIAN_POINT('',(-20.,-55.,11.));
#2068 = DIRECTION('',(0.,0.,1.));
#2069 = DIRECTION('',(1.,0.,-0.));
#2070 = DEFINITIONAL_REPRESENTATION('',(#2071),#2075);
#2071 = LINE('',#2072,#2073);
#2072 = CARTESIAN_POINT('',(0.,0.));
#2073 = VECTOR('',#2074,1.);
#2074 = DIRECTION('',(0.,1.));
#2075 = ( GEOMETRIC_REPRESENTATION_CONTEXT(2) 
PARAMETRIC_REPRESENTATION_CONTEXT() REPRESENTATION_CONTEXT('2D SPACE',''
  ) );
#2076 = ADVANCED_FACE('',(#2077),#2091,.T.);
#2077 = FACE_BOUND('',#2078,.T.);
#2078 = EDGE_LOOP('',(#2079,#2109,#2132,#2155));
#2079 = ORIENTED_EDGE('',*,*,#2080,.F.);
#2080 = EDGE_CURVE('',#2081,#2083,#2085,.T.);
#2081 = VERTEX_POINT('',#2082);
#2082 = CARTESIAN_POINT('',(20.,-55.,-11.));
#2083 = VERTEX_POINT('',#2084);
#2084 = CARTESIAN_POINT('',(20.,-55.,11.));
#2085 = SURFACE_CURVE('',#2086,(#2090,#2102),.PCURVE_S1.);
#2086 = LINE('',#2087,#2088);
#2087 = CARTESIAN_POINT('',(20.,-55.,-11.));
#2088 = VECTOR('',#2089,1.);
#2089 = DIRECTION('',(0.,0.,1.));
#2090 = PCURVE('',#2091,#2096);
#2091 = PLANE('',#2092);
#2092 = AXIS2_PLACEMENT_3D('',#2093,#2094,#2095);
#2093 = CARTESIAN_POINT('',(20.,-55.,-11.));
#2094 = DIRECTION('',(1.,0.,-0.));
#2095 = DIRECTION('',(0.,0.,1.));
#2096 = DEFINITIONAL_REPRESENTATION('',(#2097),#2101);
#2097 = LINE('',#2098,#2099);
#2098 = CARTESIAN_POINT('',(0.,0.));
#2099 = VECTOR('',#2100,1.);
#2100 = DIRECTION('',(1.,0.));
#2101 = ( GEOMETRIC_REPRESENTATION_CONTEXT(2) 
PARAMETRIC_REPRESENTATION_CONTEXT() REPRESENTATION_CONTEXT('2D SPACE',''
  ) );
#2102 = PCURVE('',#1983,#2103);
#2103 = DEFINITIONAL_REPRESENTATION('',(#2104),#2108);
#2104 = LINE('',#2105,#2106);
#2105 = CARTESIAN_POINT('',(0.,40.));
#2106 = VECTOR('',#2107,1.);
#2107 = DIRECTION('',(1.,0.));
#2108 = ( GEOMETRIC_REPRESENTATION_CONTEXT(2) 
PARAMETRIC_REPRESENTATION_CONTEXT() REPRESENTATION_CONTEXT('2D SPACE',''
  ) );
#2109 = ORIENTED_EDGE('',*,*,#2110,.T.);
#2110 = EDGE_CURVE('',#2081,#2111,#2113,.T.);
#2111 = VERTEX_POINT('',#2112);
#2112 = CARTESIAN_POINT('',(20.,55.,-11.));
#2113 = SURFACE_CURVE('',#2114,(#2118,#2125),.PCURVE_S1.);
#2114 = LINE('',#2115,#2116);
#2115 = CARTESIAN_POINT('',(20.,-55.,-11.));
#2116 = VECTOR('',#2117,1.);
#2117 = DIRECTION('',(-0.,1.,0.));
#2118 = PCURVE('',#2091,#2119);
#2119 = DEFINITIONAL_REPRESENTATION('',(#2120),#2124);
#2120 = LINE('',#2121,#2122);
#2121 = CARTESIAN_POINT('',(0.,0.));
#2122 = VECTOR('',#2123,1.);
#2123 = DIRECTION('',(0.,-1.));
#2124 = ( GEOMETRIC_REPRESENTATION_CONTEXT(2) 
PARAMETRIC_REPRESENTATION_CONTEXT() REPRESENTATION_CONTEXT('2D SPACE',''
  ) );
#2125 = PCURVE('',#2011,#2126);
#2126 = DEFINITIONAL_REPRESENTATION('',(#2127),#2131);
#2127 = LINE('',#2128,#2129);
#2128 = CARTESIAN_POINT('',(40.,0.));
#2129 = VECTOR('',#2130,1.);
#2130 = DIRECTION('',(0.,1.));
#2131 = ( GEOMETRIC_REPRESENTATION_CONTEXT(2) 
PARAMETRIC_REPRESENTATION_CONTEXT() REPRESENTATION_CONTEXT('2D SPACE',''
  ) );
#2132 = ORIENTED_EDGE('',*,*,#2133,.T.);
#2133 = EDGE_CURVE('',#2111,#2134,#2136,.T.);
#2134 = VERTEX_POINT('',#2135);
#2135 = CARTESIAN_POINT('',(20.,55.,11.));
#2136 = SURFACE_CURVE('',#2137,(#2141,#2148),.PCURVE_S1.);
#2137 = LINE('',#2138,#2139);
#2138 = CARTESIAN_POINT('',(20.,55.,-11.));
#2139 = VECTOR('',#2140,1.);
#2140 = DIRECTION('',(0.,0.,1.));
#2141 = PCURVE('',#2091,#2142);
#2142 = DEFINITIONAL_REPRESENTATION('',(#2143),#2147);
#2143 = LINE('',#2144,#2145);
#2144 = CARTESIAN_POINT('',(0.,-110.));
#2145 = VECTOR('',#2146,1.);
#2146 = DIRECTION('',(1.,0.));
#2147 = ( GEOMETRIC_REPRESENTATION_CONTEXT(2) 
PARAMETRIC_REPRESENTATION_CONTEXT() REPRESENTATION_CONTEXT('2D SPACE',''
  ) );
#2148 = PCURVE('',#2039,#2149);
#2149 = DEFINITIONAL_REPRESENTATION('',(#2150),#2154);
#2150 = LINE('',#2151,#2152);
#2151 = CARTESIAN_POINT('',(0.,40.));
#2152 = VECTOR('',#2153,1.);
#2153 = DIRECTION('',(1.,0.));
#2154 = ( GEOMETRIC_REPRESENTATION_CONTEXT(2) 
PARAMETRIC_REPRESENTATION_CONTEXT() REPRESENTATION_CONTEXT('2D SPACE',''
  ) );
#2155 = ORIENTED_EDGE('',*,*,#2156,.F.);
#2156 = EDGE_CURVE('',#2083,#2134,#2157,.T.);
#2157 = SURFACE_CURVE('',#2158,(#2162,#2169),.PCURVE_S1.);
#2158 = LINE('',#2159,#2160);
#2159 = CARTESIAN_POINT('',(20.,-55.,11.));
#2160 = VECTOR('',#2161,1.);
#2161 = DIRECTION('',(-0.,1.,0.));
#2162 = PCURVE('',#2091,#2163);
#2163 = DEFINITIONAL_REPRESENTATION('',(#2164),#2168);
#2164 = LINE('',#2165,#2166);
#2165 = CARTESIAN_POINT('',(22.,0.));
#2166 = VECTOR('',#2167,1.);
#2167 = DIRECTION('',(0.,-1.));
#2168 = ( GEOMETRIC_REPRESENTATION_CONTEXT(2) 
PARAMETRIC_REPRESENTATION_CONTEXT() REPRESENTATION_CONTEXT('2D SPACE',''
  ) );
#2169 = PCURVE('',#2065,#2170);
#2170 = DEFINITIONAL_REPRESENTATION('',(#2171),#2175);
#2171 = LINE('',#2172,#2173);
#2172 = CARTESIAN_POINT('',(40.,0.));
#2173 = VECTOR('',#2174,1.);
#2174 = DIRECTION('',(0.,1.));
#2175 = ( GEOMETRIC_REPRESENTATION_CONTEXT(2) 
PARAMETRIC_REPRESENTATION_CONTEXT() REPRESENTATION_CONTEXT('2D SPACE',''
  ) );
#2176 = ADVANCED_FACE('',(#2177),#1983,.F.);
#2177 = FACE_BOUND('',#2178,.F.);
#2178 = EDGE_LOOP('',(#2179,#2200,#2201,#2222));
#2179 = ORIENTED_EDGE('',*,*,#2180,.F.);
#2180 = EDGE_CURVE('',#1961,#2081,#2181,.T.);
#2181 = SURFACE_CURVE('',#2182,(#2186,#2193),.PCURVE_S1.);
#2182 = LINE('',#2183,#2184);
#2183 = CARTESIAN_POINT('',(-20.,-55.,-11.));
#2184 = VECTOR('',#2185,1.);
#2185 = DIRECTION('',(1.,0.,-0.));
#2186 = PCURVE('',#1983,#2187);
#2187 = DEFINITIONAL_REPRESENTATION('',(#2188),#2192);
#2188 = LINE('',#2189,#2190);
#2189 = CARTESIAN_POINT('',(0.,0.));
#2190 = VECTOR('',#2191,1.);
#2191 = DIRECTION('',(0.,1.));
#2192 = ( GEOMETRIC_REPRESENTATION_CONTEXT(2) 
PARAMETRIC_REPRESENTATION_CONTEXT() REPRESENTATION_CONTEXT('2D SPACE',''
  ) );
#2193 = PCURVE('',#2011,#2194);
#2194 = DEFINITIONAL_REPRESENTATION('',(#2195),#2199);
#2195 = LINE('',#2196,#2197);
#2196 = CARTESIAN_POINT('',(0.,0.));
#2197 = VECTOR('',#2198,1.);
#2198 = DIRECTION('',(1.,0.));
#2199 = ( GEOMETRIC_REPRESENTATION_CONTEXT(2) 
PARAMETRIC_REPRESENTATION_CONTEXT() REPRESENTATION_CONTEXT('2D SPACE',''
  ) );
#2200 = ORIENTED_EDGE('',*,*,#1960,.T.);
#2201 = ORIENTED_EDGE('',*,*,#2202,.T.);
#2202 = EDGE_CURVE('',#1963,#2083,#2203,.T.);
#2203 = SURFACE_CURVE('',#2204,(#2208,#2215),.PCURVE_S1.);
#2204 = LINE('',#2205,#2206);
#2205 = CARTESIAN_POINT('',(-20.,-55.,11.));
#2206 = VECTOR('',#2207,1.);
#2207 = DIRECTION('',(1.,0.,-0.));
#2208 = PCURVE('',#1983,#2209);
#2209 = DEFINITIONAL_REPRESENTATION('',(#2210),#2214);
#2210 = LINE('',#2211,#2212);
#2211 = CARTESIAN_POINT('',(22.,0.));
#2212 = VECTOR('',#2213,1.);
#2213 = DIRECTION('',(0.,1.));
#2214 = ( GEOMETRIC_REPRESENTATION_CONTEXT(2) 
PARAMETRIC_REPRESENTATION_CONTEXT() REPRESENTATION_CONTEXT('2D SPACE',''
  ) );
#2215 = PCURVE('',#2065,#2216);
#2216 = DEFINITIONAL_REPRESENTATION('',(#2217),#2221);
#2217 = LINE('',#2218,#2219);
#2218 = CARTESIAN_POINT('',(0.,0.));
#2219 = VECTOR('',#2220,1.);
#2220 = DIRECTION('',(1.,0.));
#2221 = ( GEOMETRIC_REPRESENTATION_CONTEXT(2) 
PARAMETRIC_REPRESENTATION_CONTEXT() REPRESENTATION_CONTEXT('2D SPACE',''
  ) );
#2222 = ORIENTED_EDGE('',*,*,#2080,.F.);
#2223 = ADVANCED_FACE('',(#2224),#2039,.T.);
#2224 = FACE_BOUND('',#2225,.T.);
#2225 = EDGE_LOOP('',(#2226,#2247,#2248,#2269));
#2226 = ORIENTED_EDGE('',*,*,#2227,.F.);
#2227 = EDGE_CURVE('',#1996,#2111,#2228,.T.);
#2228 = SURFACE_CURVE('',#2229,(#2233,#2240),.PCURVE_S1.);
#2229 = LINE('',#2230,#2231);
#2230 = CARTESIAN_POINT('',(-20.,55.,-11.));
#2231 = VECTOR('',#2232,1.);
#2232 = DIRECTION('',(1.,0.,-0.));
#2233 = PCURVE('',#2039,#2234);
#2234 = DEFINITIONAL_REPRESENTATION('',(#2235),#2239);
#2235 = LINE('',#2236,#2237);
#2236 = CARTESIAN_POINT('',(0.,0.));
#2237 = VECTOR('',#2238,1.);
#2238 = DIRECTION('',(0.,1.));
#2239 = ( GEOMETRIC_REPRESENTATION_CONTEXT(2) 
PARAMETRIC_REPRESENTATION_CONTEXT() REPRESENTATION_CONTEXT('2D SPACE',''
  ) );
#2240 = PCURVE('',#2011,#2241);
#2241 = DEFINITIONAL_REPRESENTATION('',(#2242),#2246);
#2242 = LINE('',#2243,#2244);
#2243 = CARTESIAN_POINT('',(0.,110.));
#2244 = VECTOR('',#2245,1.);
#2245 = DIRECTION('',(1.,0.));
#2246 = ( GEOMETRIC_REPRESENTATION_CONTEXT(2) 
PARAMETRIC_REPRESENTATION_CONTEXT() REPRESENTATION_CONTEXT('2D SPACE',''
  ) );
#2247 = ORIENTED_EDGE('',*,*,#2023,.T.);
#2248 = ORIENTED_EDGE('',*,*,#2249,.T.);
#2249 = EDGE_CURVE('',#2024,#2134,#2250,.T.);
#2250 = SURFACE_CURVE('',#2251,(#2255,#2262),.PCURVE_S1.);
#2251 = LINE('',#2252,#2253);
#2252 = CARTESIAN_POINT('',(-20.,55.,11.));
#2253 = VECTOR('',#2254,1.);
#2254 = DIRECTION('',(1.,0.,-0.));
#2255 = PCURVE('',#2039,#2256);
#2256 = DEFINITIONAL_REPRESENTATION('',(#2257),#2261);
#2257 = LINE('',#2258,#2259);
#2258 = CARTESIAN_POINT('',(22.,0.));
#2259 = VECTOR('',#2260,1.);
#2260 = DIRECTION('',(0.,1.));
#2261 = ( GEOMETRIC_REPRESENTATION_CONTEXT(2) 
PARAMETRIC_REPRESENTATION_CONTEXT() REPRESENTATION_CONTEXT('2D SPACE',''
  ) );
#2262 = PCURVE('',#2065,#2263);
#2263 = DEFINITIONAL_REPRESENTATION('',(#2264),#2268);
#2264 = LINE('',#2265,#2266);
#2265 = CARTESIAN_POINT('',(0.,110.));
#2266 = VECTOR('',#2267,1.);
#2267 = DIRECTION('',(1.,0.));
#2268 = ( GEOMETRIC_REPRESENTATION_CONTEXT(2) 
PARAMETRIC_REPRESENTATION_CONTEXT() REPRESENTATION_CONTEXT('2D SPACE',''
  ) );
#2269 = ORIENTED_EDGE('',*,*,#2133,.F.);
#2270 = ADVANCED_FACE('',(#2271),#2011,.F.);
#2271 = FACE_BOUND('',#2272,.F.);
#2272 = EDGE_LOOP('',(#2273,#2274,#2275,#2276));
#2273 = ORIENTED_EDGE('',*,*,#1995,.F.);
#2274 = ORIENTED_EDGE('',*,*,#2180,.T.);
#2275 = ORIENTED_EDGE('',*,*,#2110,.T.);
#2276 = ORIENTED_EDGE('',*,*,#2227,.F.);
#2277 = ADVANCED_FACE('',(#2278),#2065,.T.);
#2278 = FACE_BOUND('',#2279,.T.);
#2279 = EDGE_LOOP('',(#2280,#2281,#2282,#2283));
#2280 = ORIENTED_EDGE('',*,*,#2051,.F.);
#2281 = ORIENTED_EDGE('',*,*,#2202,.T.);
#2282 = ORIENTED_EDGE('',*,*,#2156,.T.);
#2283 = ORIENTED_EDGE('',*,*,#2249,.F.);
#2284 = ( GEOMETRIC_REPRESENTATION_CONTEXT(3) 
GLOBAL_UNCERTAINTY_ASSIGNED_CONTEXT((#2288)) 
GLOBAL_UNIT_ASSIGNED_CONTEXT((#2285,#2286,#2287)) REPRESENTATION_CONTEXT
('Context #1','3D Context with UNIT and UNCERTAINTY') );
#2285 = ( LENGTH_UNIT() NAMED_UNIT(*) SI_UNIT(.MILLI.,.METRE.) );
#2286 = ( NAMED_UNIT(*) PLANE_ANGLE_UNIT() SI_UNIT($,.RADIAN.) );
#2287 = ( NAMED_UNIT(*) SI_UNIT($,.STERADIAN.) SOLID_ANGLE_UNIT() );
#2288 = UNCERTAINTY_MEASURE_WITH_UNIT(LENGTH_MEASURE(1.E-07),#2285,
  'distance_accuracy_value','confusion accuracy');
#2289 = CONTEXT_DEPENDENT_SHAPE_REPRESENTATION(#2290,#2292);
#2290 = ( REPRESENTATION_RELATIONSHIP('','',#1953,#1910) 
REPRESENTATION_RELATIONSHIP_WITH_TRANSFORMATION(#2291) 
SHAPE_REPRESENTATION_RELATIONSHIP() );
#2291 = ITEM_DEFINED_TRANSFORMATION('','',#11,#1911);
#2292 = PRODUCT_DEFINITION_SHAPE('Placement','Placement of an item',
  #2293);
#2293 = NEXT_ASSEMBLY_USAGE_OCCURRENCE('13','=>[0:1:1:15]','',#1905,
  #1948,$);
#2294 = PRODUCT_RELATED_PRODUCT_CATEGORY('part',$,(#1950));
#2295 = SHAPE_DEFINITION_REPRESENTATION(#2296,#2302);
#2296 = PRODUCT_DEFINITION_SHAPE('','',#2297);
#2297 = PRODUCT_DEFINITION('design','',#2298,#2301);
#2298 = PRODUCT_DEFINITION_FORMATION('','',#2299);
#2299 = PRODUCT('SOLID','SOLID','',(#2300));
#2300 = PRODUCT_CONTEXT('',#2,'mechanical');
#2301 = PRODUCT_DEFINITION_CONTEXT('part definition',#2,'design');
#2302 = ADVANCED_BREP_SHAPE_REPRESENTATION('',(#11,#2303),#2401);
#2303 = MANIFOLD_SOLID_BREP('',#2304);
#2304 = CLOSED_SHELL('',(#2305,#2393,#2397));
#2305 = ADVANCED_FACE('',(#2306),#2319,.T.);
#2306 = FACE_BOUND('',#2307,.T.);
#2307 = EDGE_LOOP('',(#2308,#2342,#2365,#2392));
#2308 = ORIENTED_EDGE('',*,*,#2309,.F.);
#2309 = EDGE_CURVE('',#2310,#2310,#2312,.T.);
#2310 = VERTEX_POINT('',#2311);
#2311 = CARTESIAN_POINT('',(851.02954771857,-50.,245.58061250096));
#2312 = SURFACE_CURVE('',#2313,(#2318,#2330),.PCURVE_S1.);
#2313 = CIRCLE('',#2314,10.);
#2314 = AXIS2_PLACEMENT_3D('',#2315,#2316,#2317);
#2315 = CARTESIAN_POINT('',(860.,-50.,250.));
#2316 = DIRECTION('',(0.441866536995,-1.807688652001E-02,-0.896898650717
    ));
#2317 = DIRECTION('',(-0.897045228143,-8.673617379884E-19,
    -0.441938749903));
#2318 = PCURVE('',#2319,#2324);
#2319 = CYLINDRICAL_SURFACE('',#2320,10.);
#2320 = AXIS2_PLACEMENT_3D('',#2321,#2322,#2323);
#2321 = CARTESIAN_POINT('',(737.78134898774,-45.,498.07885188748));
#2322 = DIRECTION('',(0.441866536995,-1.807688652001E-02,-0.896898650717
    ));
#2323 = DIRECTION('',(-0.897045228143,-8.673617379884E-19,
    -0.441938749903));
#2324 = DEFINITIONAL_REPRESENTATION('',(#2325),#2329);
#2325 = LINE('',#2326,#2327);
#2326 = CARTESIAN_POINT('',(0.,276.59630404086));
#2327 = VECTOR('',#2328,1.);
#2328 = DIRECTION('',(1.,0.));
#2329 = ( GEOMETRIC_REPRESENTATION_CONTEXT(2) 
PARAMETRIC_REPRESENTATION_CONTEXT() REPRESENTATION_CONTEXT('2D SPACE',''
  ) );
#2330 = PCURVE('',#2331,#2336);
#2331 = PLANE('',#2332);
#2332 = AXIS2_PLACEMENT_3D('',#2333,#2334,#2335);
#2333 = CARTESIAN_POINT('',(860.,-50.,250.));
#2334 = DIRECTION('',(0.441866536995,-1.807688652001E-02,-0.896898650717
    ));
#2335 = DIRECTION('',(-0.897045228143,-8.673617379884E-19,
    -0.441938749903));
#2336 = DEFINITIONAL_REPRESENTATION('',(#2337),#2341);
#2337 = CIRCLE('',#2338,10.);
#2338 = AXIS2_PLACEMENT_2D('',#2339,#2340);
#2339 = CARTESIAN_POINT('',(0.,0.));
#2340 = DIRECTION('',(1.,0.));
#2341 = ( GEOMETRIC_REPRESENTATION_CONTEXT(2) 
PARAMETRIC_REPRESENTATION_CONTEXT() REPRESENTATION_CONTEXT('2D SPACE',''
  ) );
#2342 = ORIENTED_EDGE('',*,*,#2343,.F.);
#2343 = EDGE_CURVE('',#2344,#2310,#2346,.T.);
#2344 = VERTEX_POINT('',#2345);
#2345 = CARTESIAN_POINT('',(728.81089670631,-45.,493.65946438844));
#2346 = SEAM_CURVE('',#2347,(#2351,#2358),.PCURVE_S1.);
#2347 = LINE('',#2348,#2349);
#2348 = CARTESIAN_POINT('',(728.81089670631,-45.,493.65946438844));
#2349 = VECTOR('',#2350,1.);
#2350 = DIRECTION('',(0.441866536995,-1.807688652001E-02,-0.896898650717
    ));
#2351 = PCURVE('',#2319,#2352);
#2352 = DEFINITIONAL_REPRESENTATION('',(#2353),#2357);
#2353 = LINE('',#2354,#2355);
#2354 = CARTESIAN_POINT('',(6.28318530718,-0.));
#2355 = VECTOR('',#2356,1.);
#2356 = DIRECTION('',(0.,1.));
#2357 = ( GEOMETRIC_REPRESENTATION_CONTEXT(2) 
PARAMETRIC_REPRESENTATION_CONTEXT() REPRESENTATION_CONTEXT('2D SPACE',''
  ) );
#2358 = PCURVE('',#2319,#2359);
#2359 = DEFINITIONAL_REPRESENTATION('',(#2360),#2364);
#2360 = LINE('',#2361,#2362);
#2361 = CARTESIAN_POINT('',(0.,-0.));
#2362 = VECTOR('',#2363,1.);
#2363 = DIRECTION('',(0.,1.));
#2364 = ( GEOMETRIC_REPRESENTATION_CONTEXT(2) 
PARAMETRIC_REPRESENTATION_CONTEXT() REPRESENTATION_CONTEXT('2D SPACE',''
  ) );
#2365 = ORIENTED_EDGE('',*,*,#2366,.T.);
#2366 = EDGE_CURVE('',#2344,#2344,#2367,.T.);
#2367 = SURFACE_CURVE('',#2368,(#2373,#2380),.PCURVE_S1.);
#2368 = CIRCLE('',#2369,10.);
#2369 = AXIS2_PLACEMENT_3D('',#2370,#2371,#2372);
#2370 = CARTESIAN_POINT('',(737.78134898774,-45.,498.07885188748));
#2371 = DIRECTION('',(0.441866536995,-1.807688652001E-02,-0.896898650717
    ));
#2372 = DIRECTION('',(-0.897045228143,-8.673617379884E-19,
    -0.441938749903));
#2373 = PCURVE('',#2319,#2374);
#2374 = DEFINITIONAL_REPRESENTATION('',(#2375),#2379);
#2375 = LINE('',#2376,#2377);
#2376 = CARTESIAN_POINT('',(0.,0.));
#2377 = VECTOR('',#2378,1.);
#2378 = DIRECTION('',(1.,0.));
#2379 = ( GEOMETRIC_REPRESENTATION_CONTEXT(2) 
PARAMETRIC_REPRESENTATION_CONTEXT() REPRESENTATION_CONTEXT('2D SPACE',''
  ) );
#2380 = PCURVE('',#2381,#2386);
#2381 = PLANE('',#2382);
#2382 = AXIS2_PLACEMENT_3D('',#2383,#2384,#2385);
#2383 = CARTESIAN_POINT('',(737.78134898774,-45.,498.07885188748));
#2384 = DIRECTION('',(0.441866536995,-1.807688652001E-02,-0.896898650717
    ));
#2385 = DIRECTION('',(-0.897045228143,-8.673617379884E-19,
    -0.441938749903));
#2386 = DEFINITIONAL_REPRESENTATION('',(#2387),#2391);
#2387 = CIRCLE('',#2388,10.);
#2388 = AXIS2_PLACEMENT_2D('',#2389,#2390);
#2389 = CARTESIAN_POINT('',(0.,0.));
#2390 = DIRECTION('',(1.,0.));
#2391 = ( GEOMETRIC_REPRESENTATION_CONTEXT(2) 
PARAMETRIC_REPRESENTATION_CONTEXT() REPRESENTATION_CONTEXT('2D SPACE',''
  ) );
#2392 = ORIENTED_EDGE('',*,*,#2343,.T.);
#2393 = ADVANCED_FACE('',(#2394),#2331,.T.);
#2394 = FACE_BOUND('',#2395,.T.);
#2395 = EDGE_LOOP('',(#2396));
#2396 = ORIENTED_EDGE('',*,*,#2309,.T.);
#2397 = ADVANCED_FACE('',(#2398),#2381,.F.);
#2398 = FACE_BOUND('',#2399,.T.);
#2399 = EDGE_LOOP('',(#2400));
#2400 = ORIENTED_EDGE('',*,*,#2366,.F.);
#2401 = ( GEOMETRIC_REPRESENTATION_CONTEXT(3) 
GLOBAL_UNCERTAINTY_ASSIGNED_CONTEXT((#2405)) 
GLOBAL_UNIT_ASSIGNED_CONTEXT((#2402,#2403,#2404)) REPRESENTATION_CONTEXT
('Context #1','3D Context with UNIT and UNCERTAINTY') );
#2402 = ( LENGTH_UNIT() NAMED_UNIT(*) SI_UNIT(.MILLI.,.METRE.) );
#2403 = ( NAMED_UNIT(*) PLANE_ANGLE_UNIT() SI_UNIT($,.RADIAN.) );
#2404 = ( NAMED_UNIT(*) SI_UNIT($,.STERADIAN.) SOLID_ANGLE_UNIT() );
#2405 = UNCERTAINTY_MEASURE_WITH_UNIT(LENGTH_MEASURE(1.E-07),#2402,
  'distance_accuracy_value','confusion accuracy');
#2406 = CONTEXT_DEPENDENT_SHAPE_REPRESENTATION(#2407,#2409);
#2407 = ( REPRESENTATION_RELATIONSHIP('','',#2302,#1910) 
REPRESENTATION_RELATIONSHIP_WITH_TRANSFORMATION(#2408) 
SHAPE_REPRESENTATION_RELATIONSHIP() );
#2408 = ITEM_DEFINED_TRANSFORMATION('','',#11,#1915);
#2409 = PRODUCT_DEFINITION_SHAPE('Placement','Placement of an item',
  #2410);
#2410 = NEXT_ASSEMBLY_USAGE_OCCURRENCE('14','=>[0:1:1:16]','',#1905,
  #2297,$);
#2411 = PRODUCT_RELATED_PRODUCT_CATEGORY('part',$,(#2299));
#2412 = SHAPE_DEFINITION_REPRESENTATION(#2413,#2419);
#2413 = PRODUCT_DEFINITION_SHAPE('','',#2414);
#2414 = PRODUCT_DEFINITION('design','',#2415,#2418);
#2415 = PRODUCT_DEFINITION_FORMATION('','',#2416);
#2416 = PRODUCT('SOLID','SOLID','',(#2417));
#2417 = PRODUCT_CONTEXT('',#2,'mechanical');
#2418 = PRODUCT_DEFINITION_CONTEXT('part definition',#2,'design');
#2419 = ADVANCED_BREP_SHAPE_REPRESENTATION('',(#11,#2420),#2518);
#2420 = MANIFOLD_SOLID_BREP('',#2421);
#2421 = CLOSED_SHELL('',(#2422,#2510,#2514));
#2422 = ADVANCED_FACE('',(#2423),#2436,.T.);
#2423 = FACE_BOUND('',#2424,.T.);
#2424 = EDGE_LOOP('',(#2425,#2459,#2482,#2509));
#2425 = ORIENTED_EDGE('',*,*,#2426,.F.);
#2426 = EDGE_CURVE('',#2427,#2427,#2429,.T.);
#2427 = VERTEX_POINT('',#2428);
#2428 = CARTESIAN_POINT('',(851.02954771857,50.,245.58061250096));
#2429 = SURFACE_CURVE('',#2430,(#2435,#2447),.PCURVE_S1.);
#2430 = CIRCLE('',#2431,10.);
#2431 = AXIS2_PLACEMENT_3D('',#2432,#2433,#2434);
#2432 = CARTESIAN_POINT('',(860.,50.,250.));
#2433 = DIRECTION('',(0.441866536995,1.807688652001E-02,-0.896898650717)
  );
#2434 = DIRECTION('',(-0.897045228143,8.673617379884E-19,-0.441938749903
    ));
#2435 = PCURVE('',#2436,#2441);
#2436 = CYLINDRICAL_SURFACE('',#2437,10.);
#2437 = AXIS2_PLACEMENT_3D('',#2438,#2439,#2440);
#2438 = CARTESIAN_POINT('',(737.78134898774,45.,498.07885188748));
#2439 = DIRECTION('',(0.441866536995,1.807688652001E-02,-0.896898650717)
  );
#2440 = DIRECTION('',(-0.897045228143,8.673617379884E-19,-0.441938749903
    ));
#2441 = DEFINITIONAL_REPRESENTATION('',(#2442),#2446);
#2442 = LINE('',#2443,#2444);
#2443 = CARTESIAN_POINT('',(0.,276.59630404086));
#2444 = VECTOR('',#2445,1.);
#2445 = DIRECTION('',(1.,0.));
#2446 = ( GEOMETRIC_REPRESENTATION_CONTEXT(2) 
PARAMETRIC_REPRESENTATION_CONTEXT() REPRESENTATION_CONTEXT('2D SPACE',''
  ) );
#2447 = PCURVE('',#2448,#2453);
#2448 = PLANE('',#2449);
#2449 = AXIS2_PLACEMENT_3D('',#2450,#2451,#2452);
#2450 = CARTESIAN_POINT('',(860.,50.,250.));
#2451 = DIRECTION('',(0.441866536995,1.807688652001E-02,-0.896898650717)
  );
#2452 = DIRECTION('',(-0.897045228143,8.673617379884E-19,-0.441938749903
    ));
#2453 = DEFINITIONAL_REPRESENTATION('',(#2454),#2458);
#2454 = CIRCLE('',#2455,10.);
#2455 = AXIS2_PLACEMENT_2D('',#2456,#2457);
#2456 = CARTESIAN_POINT('',(0.,0.));
#2457 = DIRECTION('',(1.,0.));
#2458 = ( GEOMETRIC_REPRESENTATION_CONTEXT(2) 
PARAMETRIC_REPRESENTATION_CONTEXT() REPRESENTATION_CONTEXT('2D SPACE',''
  ) );
#2459 = ORIENTED_EDGE('',*,*,#2460,.F.);
#2460 = EDGE_CURVE('',#2461,#2427,#2463,.T.);
#2461 = VERTEX_POINT('',#2462);
#2462 = CARTESIAN_POINT('',(728.81089670631,45.,493.65946438844));
#2463 = SEAM_CURVE('',#2464,(#2468,#2475),.PCURVE_S1.);
#2464 = LINE('',#2465,#2466);
#2465 = CARTESIAN_POINT('',(728.81089670631,45.,493.65946438844));
#2466 = VECTOR('',#2467,1.);
#2467 = DIRECTION('',(0.441866536995,1.807688652001E-02,-0.896898650717)
  );
#2468 = PCURVE('',#2436,#2469);
#2469 = DEFINITIONAL_REPRESENTATION('',(#2470),#2474);
#2470 = LINE('',#2471,#2472);
#2471 = CARTESIAN_POINT('',(6.28318530718,-0.));
#2472 = VECTOR('',#2473,1.);
#2473 = DIRECTION('',(0.,1.));
#2474 = ( GEOMETRIC_REPRESENTATION_CONTEXT(2) 
PARAMETRIC_REPRESENTATION_CONTEXT() REPRESENTATION_CONTEXT('2D SPACE',''
  ) );
#2475 = PCURVE('',#2436,#2476);
#2476 = DEFINITIONAL_REPRESENTATION('',(#2477),#2481);
#2477 = LINE('',#2478,#2479);
#2478 = CARTESIAN_POINT('',(0.,-0.));
#2479 = VECTOR('',#2480,1.);
#2480 = DIRECTION('',(0.,1.));
#2481 = ( GEOMETRIC_REPRESENTATION_CONTEXT(2) 
PARAMETRIC_REPRESENTATION_CONTEXT() REPRESENTATION_CONTEXT('2D SPACE',''
  ) );
#2482 = ORIENTED_EDGE('',*,*,#2483,.T.);
#2483 = EDGE_CURVE('',#2461,#2461,#2484,.T.);
#2484 = SURFACE_CURVE('',#2485,(#2490,#2497),.PCURVE_S1.);
#2485 = CIRCLE('',#2486,10.);
#2486 = AXIS2_PLACEMENT_3D('',#2487,#2488,#2489);
#2487 = CARTESIAN_POINT('',(737.78134898774,45.,498.07885188748));
#2488 = DIRECTION('',(0.441866536995,1.807688652001E-02,-0.896898650717)
  );
#2489 = DIRECTION('',(-0.897045228143,8.673617379884E-19,-0.441938749903
    ));
#2490 = PCURVE('',#2436,#2491);
#2491 = DEFINITIONAL_REPRESENTATION('',(#2492),#2496);
#2492 = LINE('',#2493,#2494);
#2493 = CARTESIAN_POINT('',(0.,0.));
#2494 = VECTOR('',#2495,1.);
#2495 = DIRECTION('',(1.,0.));
#2496 = ( GEOMETRIC_REPRESENTATION_CONTEXT(2) 
PARAMETRIC_REPRESENTATION_CONTEXT() REPRESENTATION_CONTEXT('2D SPACE',''
  ) );
#2497 = PCURVE('',#2498,#2503);
#2498 = PLANE('',#2499);
#2499 = AXIS2_PLACEMENT_3D('',#2500,#2501,#2502);
#2500 = CARTESIAN_POINT('',(737.78134898774,45.,498.07885188748));
#2501 = DIRECTION('',(0.441866536995,1.807688652001E-02,-0.896898650717)
  );
#2502 = DIRECTION('',(-0.897045228143,8.673617379884E-19,-0.441938749903
    ));
#2503 = DEFINITIONAL_REPRESENTATION('',(#2504),#2508);
#2504 = CIRCLE('',#2505,10.);
#2505 = AXIS2_PLACEMENT_2D('',#2506,#2507);
#2506 = CARTESIAN_POINT('',(0.,0.));
#2507 = DIRECTION('',(1.,0.));
#2508 = ( GEOMETRIC_REPRESENTATION_CONTEXT(2) 
PARAMETRIC_REPRESENTATION_CONTEXT() REPRESENTATION_CONTEXT('2D SPACE',''
  ) );
#2509 = ORIENTED_EDGE('',*,*,#2460,.T.);
#2510 = ADVANCED_FACE('',(#2511),#2448,.T.);
#2511 = FACE_BOUND('',#2512,.T.);
#2512 = EDGE_LOOP('',(#2513));
#2513 = ORIENTED_EDGE('',*,*,#2426,.T.);
#2514 = ADVANCED_FACE('',(#2515),#2498,.F.);
#2515 = FACE_BOUND('',#2516,.T.);
#2516 = EDGE_LOOP('',(#2517));
#2517 = ORIENTED_EDGE('',*,*,#2483,.F.);
#2518 = ( GEOMETRIC_REPRESENTATION_CONTEXT(3) 
GLOBAL_UNCERTAINTY_ASSIGNED_CONTEXT((#2522)) 
GLOBAL_UNIT_ASSIGNED_CONTEXT((#2519,#2520,#2521)) REPRESENTATION_CONTEXT
('Context #1','3D Context with UNIT and UNCERTAINTY') );
#2519 = ( LENGTH_UNIT() NAMED_UNIT(*) SI_UNIT(.MILLI.,.METRE.) );
#2520 = ( NAMED_UNIT(*) PLANE_ANGLE_UNIT() SI_UNIT($,.RADIAN.) );
#2521 = ( NAMED_UNIT(*) SI_UNIT($,.STERADIAN.) SOLID_ANGLE_UNIT() );
#2522 = UNCERTAINTY_MEASURE_WITH_UNIT(LENGTH_MEASURE(1.E-07),#2519,
  'distance_accuracy_value','confusion accuracy');
#2523 = CONTEXT_DEPENDENT_SHAPE_REPRESENTATION(#2524,#2526);
#2524 = ( REPRESENTATION_RELATIONSHIP('','',#2419,#1910) 
REPRESENTATION_RELATIONSHIP_WITH_TRANSFORMATION(#2525) 
SHAPE_REPRESENTATION_RELATIONSHIP() );
#2525 = ITEM_DEFINED_TRANSFORMATION('','',#11,#1919);
#2526 = PRODUCT_DEFINITION_SHAPE('Placement','Placement of an item',
  #2527);
#2527 = NEXT_ASSEMBLY_USAGE_OCCURRENCE('15','=>[0:1:1:17]','',#1905,
  #2414,$);
#2528 = PRODUCT_RELATED_PRODUCT_CATEGORY('part',$,(#2416));
#2529 = SHAPE_DEFINITION_REPRESENTATION(#2530,#2536);
#2530 = PRODUCT_DEFINITION_SHAPE('','',#2531);
#2531 = PRODUCT_DEFINITION('design','',#2532,#2535);
#2532 = PRODUCT_DEFINITION_FORMATION('','',#2533);
#2533 = PRODUCT('SOLID','SOLID','',(#2534));
#2534 = PRODUCT_CONTEXT('',#2,'mechanical');
#2535 = PRODUCT_DEFINITION_CONTEXT('part definition',#2,'design');
#2536 = ADVANCED_BREP_SHAPE_REPRESENTATION('',(#11,#2537),#2635);
#2537 = MANIFOLD_SOLID_BREP('',#2538);
#2538 = CLOSED_SHELL('',(#2539,#2627,#2631));
#2539 = ADVANCED_FACE('',(#2540),#2553,.T.);
#2540 = FACE_BOUND('',#2541,.T.);
#2541 = EDGE_LOOP('',(#2542,#2576,#2599,#2626));
#2542 = ORIENTED_EDGE('',*,*,#2543,.F.);
#2543 = EDGE_CURVE('',#2544,#2544,#2546,.T.);
#2544 = VERTEX_POINT('',#2545);
#2545 = CARTESIAN_POINT('',(670.70879216349,-3.110602869834E-15,
    719.49150310926));
#2546 = SURFACE_CURVE('',#2547,(#2552,#2564),.PCURVE_S1.);
#2547 = CIRCLE('',#2548,12.7);
#2548 = AXIS2_PLACEMENT_3D('',#2549,#2550,#2551);
#2549 = CARTESIAN_POINT('',(658.77469587951,0.,715.14784728902));
#2550 = DIRECTION('',(-0.342020143326,0.,0.939692620786));
#2551 = DIRECTION('',(0.939692620786,0.,0.342020143326));
#2552 = PCURVE('',#2553,#2558);
#2553 = CYLINDRICAL_SURFACE('',#2554,12.7);
#2554 = AXIS2_PLACEMENT_3D('',#2555,#2556,#2557);
#2555 = CARTESIAN_POINT('',(734.01912741116,0.,508.41547071612));
#2556 = DIRECTION('',(-0.342020143326,0.,0.939692620786));
#2557 = DIRECTION('',(0.939692620786,0.,0.342020143326));
#2558 = DEFINITIONAL_REPRESENTATION('',(#2559),#2563);
#2559 = LINE('',#2560,#2561);
#2560 = CARTESIAN_POINT('',(0.,220.));
#2561 = VECTOR('',#2562,1.);
#2562 = DIRECTION('',(1.,0.));
#2563 = ( GEOMETRIC_REPRESENTATION_CONTEXT(2) 
PARAMETRIC_REPRESENTATION_CONTEXT() REPRESENTATION_CONTEXT('2D SPACE',''
  ) );
#2564 = PCURVE('',#2565,#2570);
#2565 = PLANE('',#2566);
#2566 = AXIS2_PLACEMENT_3D('',#2567,#2568,#2569);
#2567 = CARTESIAN_POINT('',(658.77469587951,0.,715.14784728902));
#2568 = DIRECTION('',(-0.342020143326,0.,0.939692620786));
#2569 = DIRECTION('',(0.939692620786,0.,0.342020143326));
#2570 = DEFINITIONAL_REPRESENTATION('',(#2571),#2575);
#2571 = CIRCLE('',#2572,12.7);
#2572 = AXIS2_PLACEMENT_2D('',#2573,#2574);
#2573 = CARTESIAN_POINT('',(0.,0.));
#2574 = DIRECTION('',(1.,0.));
#2575 = ( GEOMETRIC_REPRESENTATION_CONTEXT(2) 
PARAMETRIC_REPRESENTATION_CONTEXT() REPRESENTATION_CONTEXT('2D SPACE',''
  ) );
#2576 = ORIENTED_EDGE('',*,*,#2577,.F.);
#2577 = EDGE_CURVE('',#2578,#2544,#2580,.T.);
#2578 = VERTEX_POINT('',#2579);
#2579 = CARTESIAN_POINT('',(745.95322369514,-3.110602869834E-15,
    512.75912653636));
#2580 = SEAM_CURVE('',#2581,(#2585,#2592),.PCURVE_S1.);
#2581 = LINE('',#2582,#2583);
#2582 = CARTESIAN_POINT('',(745.95322369514,-3.110602869834E-15,
    512.75912653636));
#2583 = VECTOR('',#2584,1.);
#2584 = DIRECTION('',(-0.342020143326,-1.232595164408E-32,0.939692620786
    ));
#2585 = PCURVE('',#2553,#2586);
#2586 = DEFINITIONAL_REPRESENTATION('',(#2587),#2591);
#2587 = LINE('',#2588,#2589);
#2588 = CARTESIAN_POINT('',(6.28318530718,-0.));
#2589 = VECTOR('',#2590,1.);
#2590 = DIRECTION('',(0.,1.));
#2591 = ( GEOMETRIC_REPRESENTATION_CONTEXT(2) 
PARAMETRIC_REPRESENTATION_CONTEXT() REPRESENTATION_CONTEXT('2D SPACE',''
  ) );
#2592 = PCURVE('',#2553,#2593);
#2593 = DEFINITIONAL_REPRESENTATION('',(#2594),#2598);
#2594 = LINE('',#2595,#2596);
#2595 = CARTESIAN_POINT('',(0.,-0.));
#2596 = VECTOR('',#2597,1.);
#2597 = DIRECTION('',(0.,1.));
#2598 = ( GEOMETRIC_REPRESENTATION_CONTEXT(2) 
PARAMETRIC_REPRESENTATION_CONTEXT() REPRESENTATION_CONTEXT('2D SPACE',''
  ) );
#2599 = ORIENTED_EDGE('',*,*,#2600,.T.);
#2600 = EDGE_CURVE('',#2578,#2578,#2601,.T.);
#2601 = SURFACE_CURVE('',#2602,(#2607,#2614),.PCURVE_S1.);
#2602 = CIRCLE('',#2603,12.7);
#2603 = AXIS2_PLACEMENT_3D('',#2604,#2605,#2606);
#2604 = CARTESIAN_POINT('',(734.01912741116,0.,508.41547071612));
#2605 = DIRECTION('',(-0.342020143326,0.,0.939692620786));
#2606 = DIRECTION('',(0.939692620786,0.,0.342020143326));
#2607 = PCURVE('',#2553,#2608);
#2608 = DEFINITIONAL_REPRESENTATION('',(#2609),#2613);
#2609 = LINE('',#2610,#2611);
#2610 = CARTESIAN_POINT('',(0.,0.));
#2611 = VECTOR('',#2612,1.);
#2612 = DIRECTION('',(1.,0.));
#2613 = ( GEOMETRIC_REPRESENTATION_CONTEXT(2) 
PARAMETRIC_REPRESENTATION_CONTEXT() REPRESENTATION_CONTEXT('2D SPACE',''
  ) );
#2614 = PCURVE('',#2615,#2620);
#2615 = PLANE('',#2616);
#2616 = AXIS2_PLACEMENT_3D('',#2617,#2618,#2619);
#2617 = CARTESIAN_POINT('',(734.01912741116,0.,508.41547071612));
#2618 = DIRECTION('',(-0.342020143326,0.,0.939692620786));
#2619 = DIRECTION('',(0.939692620786,0.,0.342020143326));
#2620 = DEFINITIONAL_REPRESENTATION('',(#2621),#2625);
#2621 = CIRCLE('',#2622,12.7);
#2622 = AXIS2_PLACEMENT_2D('',#2623,#2624);
#2623 = CARTESIAN_POINT('',(0.,0.));
#2624 = DIRECTION('',(1.,0.));
#2625 = ( GEOMETRIC_REPRESENTATION_CONTEXT(2) 
PARAMETRIC_REPRESENTATION_CONTEXT() REPRESENTATION_CONTEXT('2D SPACE',''
  ) );
#2626 = ORIENTED_EDGE('',*,*,#2577,.T.);
#2627 = ADVANCED_FACE('',(#2628),#2565,.T.);
#2628 = FACE_BOUND('',#2629,.T.);
#2629 = EDGE_LOOP('',(#2630));
#2630 = ORIENTED_EDGE('',*,*,#2543,.T.);
#2631 = ADVANCED_FACE('',(#2632),#2615,.F.);
#2632 = FACE_BOUND('',#2633,.T.);
#2633 = EDGE_LOOP('',(#2634));
#2634 = ORIENTED_EDGE('',*,*,#2600,.F.);
#2635 = ( GEOMETRIC_REPRESENTATION_CONTEXT(3) 
GLOBAL_UNCERTAINTY_ASSIGNED_CONTEXT((#2639)) 
GLOBAL_UNIT_ASSIGNED_CONTEXT((#2636,#2637,#2638)) REPRESENTATION_CONTEXT
('Context #1','3D Context with UNIT and UNCERTAINTY') );
#2636 = ( LENGTH_UNIT() NAMED_UNIT(*) SI_UNIT(.MILLI.,.METRE.) );
#2637 = ( NAMED_UNIT(*) PLANE_ANGLE_UNIT() SI_UNIT($,.RADIAN.) );
#2638 = ( NAMED_UNIT(*) SI_UNIT($,.STERADIAN.) SOLID_ANGLE_UNIT() );
#2639 = UNCERTAINTY_MEASURE_WITH_UNIT(LENGTH_MEASURE(1.E-07),#2636,
  'distance_accuracy_value','confusion accuracy');
#2640 = CONTEXT_DEPENDENT_SHAPE_REPRESENTATION(#2641,#2643);
#2641 = ( REPRESENTATION_RELATIONSHIP('','',#2536,#1910) 
REPRESENTATION_RELATIONSHIP_WITH_TRANSFORMATION(#2642) 
SHAPE_REPRESENTATION_RELATIONSHIP() );
#2642 = ITEM_DEFINED_TRANSFORMATION('','',#11,#1923);
#2643 = PRODUCT_DEFINITION_SHAPE('Placement','Placement of an item',
  #2644);
#2644 = NEXT_ASSEMBLY_USAGE_OCCURRENCE('16','=>[0:1:1:18]','',#1905,
  #2531,$);
#2645 = PRODUCT_RELATED_PRODUCT_CATEGORY('part',$,(#2533));
#2646 = SHAPE_DEFINITION_REPRESENTATION(#2647,#2653);
#2647 = PRODUCT_DEFINITION_SHAPE('','',#2648);
#2648 = PRODUCT_DEFINITION('design','',#2649,#2652);
#2649 = PRODUCT_DEFINITION_FORMATION('','',#2650);
#2650 = PRODUCT('SOLID','SOLID','',(#2651));
#2651 = PRODUCT_CONTEXT('',#2,'mechanical');
#2652 = PRODUCT_DEFINITION_CONTEXT('part definition',#2,'design');
#2653 = ADVANCED_BREP_SHAPE_REPRESENTATION('',(#11,#2654),#2752);
#2654 = MANIFOLD_SOLID_BREP('',#2655);
#2655 = CLOSED_SHELL('',(#2656,#2744,#2748));
#2656 = ADVANCED_FACE('',(#2657),#2670,.T.);
#2657 = FACE_BOUND('',#2658,.T.);
#2658 = EDGE_LOOP('',(#2659,#2693,#2716,#2743));
#2659 = ORIENTED_EDGE('',*,*,#2660,.F.);
#2660 = EDGE_CURVE('',#2661,#2661,#2663,.T.);
#2661 = VERTEX_POINT('',#2662);
#2662 = CARTESIAN_POINT('',(747.51339315205,-4.40872847693E-15,
    523.96875950384));
#2663 = SURFACE_CURVE('',#2664,(#2669,#2681),.PCURVE_S1.);
#2664 = CIRCLE('',#2665,18.);
#2665 = AXIS2_PLACEMENT_3D('',#2666,#2667,#2668);
#2666 = CARTESIAN_POINT('',(730.5989259779,0.,517.81239692398));
#2667 = DIRECTION('',(-0.342020143326,0.,0.939692620786));
#2668 = DIRECTION('',(0.939692620786,0.,0.342020143326));
#2669 = PCURVE('',#2670,#2675);
#2670 = CYLINDRICAL_SURFACE('',#2671,18.);
#2671 = AXIS2_PLACEMENT_3D('',#2672,#2673,#2674);
#2672 = CARTESIAN_POINT('',(734.01912741116,0.,508.41547071612));
#2673 = DIRECTION('',(-0.342020143326,0.,0.939692620786));
#2674 = DIRECTION('',(0.939692620786,0.,0.342020143326));
#2675 = DEFINITIONAL_REPRESENTATION('',(#2676),#2680);
#2676 = LINE('',#2677,#2678);
#2677 = CARTESIAN_POINT('',(0.,10.));
#2678 = VECTOR('',#2679,1.);
#2679 = DIRECTION('',(1.,0.));
#2680 = ( GEOMETRIC_REPRESENTATION_CONTEXT(2) 
PARAMETRIC_REPRESENTATION_CONTEXT() REPRESENTATION_CONTEXT('2D SPACE',''
  ) );
#2681 = PCURVE('',#2682,#2687);
#2682 = PLANE('',#2683);
#2683 = AXIS2_PLACEMENT_3D('',#2684,#2685,#2686);
#2684 = CARTESIAN_POINT('',(730.5989259779,0.,517.81239692398));
#2685 = DIRECTION('',(-0.342020143326,0.,0.939692620786));
#2686 = DIRECTION('',(0.939692620786,0.,0.342020143326));
#2687 = DEFINITIONAL_REPRESENTATION('',(#2688),#2692);
#2688 = CIRCLE('',#2689,18.);
#2689 = AXIS2_PLACEMENT_2D('',#2690,#2691);
#2690 = CARTESIAN_POINT('',(0.,0.));
#2691 = DIRECTION('',(1.,0.));
#2692 = ( GEOMETRIC_REPRESENTATION_CONTEXT(2) 
PARAMETRIC_REPRESENTATION_CONTEXT() REPRESENTATION_CONTEXT('2D SPACE',''
  ) );
#2693 = ORIENTED_EDGE('',*,*,#2694,.F.);
#2694 = EDGE_CURVE('',#2695,#2661,#2697,.T.);
#2695 = VERTEX_POINT('',#2696);
#2696 = CARTESIAN_POINT('',(750.93359458531,-4.40872847693E-15,
    514.57183329598));
#2697 = SEAM_CURVE('',#2698,(#2702,#2709),.PCURVE_S1.);
#2698 = LINE('',#2699,#2700);
#2699 = CARTESIAN_POINT('',(750.93359458531,-4.40872847693E-15,
    514.57183329598));
#2700 = VECTOR('',#2701,1.);
#2701 = DIRECTION('',(-0.342020143326,0.,0.939692620786));
#2702 = PCURVE('',#2670,#2703);
#2703 = DEFINITIONAL_REPRESENTATION('',(#2704),#2708);
#2704 = LINE('',#2705,#2706);
#2705 = CARTESIAN_POINT('',(6.28318530718,-0.));
#2706 = VECTOR('',#2707,1.);
#2707 = DIRECTION('',(0.,1.));
#2708 = ( GEOMETRIC_REPRESENTATION_CONTEXT(2) 
PARAMETRIC_REPRESENTATION_CONTEXT() REPRESENTATION_CONTEXT('2D SPACE',''
  ) );
#2709 = PCURVE('',#2670,#2710);
#2710 = DEFINITIONAL_REPRESENTATION('',(#2711),#2715);
#2711 = LINE('',#2712,#2713);
#2712 = CARTESIAN_POINT('',(0.,-0.));
#2713 = VECTOR('',#2714,1.);
#2714 = DIRECTION('',(0.,1.));
#2715 = ( GEOMETRIC_REPRESENTATION_CONTEXT(2) 
PARAMETRIC_REPRESENTATION_CONTEXT() REPRESENTATION_CONTEXT('2D SPACE',''
  ) );
#2716 = ORIENTED_EDGE('',*,*,#2717,.T.);
#2717 = EDGE_CURVE('',#2695,#2695,#2718,.T.);
#2718 = SURFACE_CURVE('',#2719,(#2724,#2731),.PCURVE_S1.);
#2719 = CIRCLE('',#2720,18.);
#2720 = AXIS2_PLACEMENT_3D('',#2721,#2722,#2723);
#2721 = CARTESIAN_POINT('',(734.01912741116,0.,508.41547071612));
#2722 = DIRECTION('',(-0.342020143326,0.,0.939692620786));
#2723 = DIRECTION('',(0.939692620786,0.,0.342020143326));
#2724 = PCURVE('',#2670,#2725);
#2725 = DEFINITIONAL_REPRESENTATION('',(#2726),#2730);
#2726 = LINE('',#2727,#2728);
#2727 = CARTESIAN_POINT('',(0.,0.));
#2728 = VECTOR('',#2729,1.);
#2729 = DIRECTION('',(1.,0.));
#2730 = ( GEOMETRIC_REPRESENTATION_CONTEXT(2) 
PARAMETRIC_REPRESENTATION_CONTEXT() REPRESENTATION_CONTEXT('2D SPACE',''
  ) );
#2731 = PCURVE('',#2732,#2737);
#2732 = PLANE('',#2733);
#2733 = AXIS2_PLACEMENT_3D('',#2734,#2735,#2736);
#2734 = CARTESIAN_POINT('',(734.01912741116,0.,508.41547071612));
#2735 = DIRECTION('',(-0.342020143326,0.,0.939692620786));
#2736 = DIRECTION('',(0.939692620786,0.,0.342020143326));
#2737 = DEFINITIONAL_REPRESENTATION('',(#2738),#2742);
#2738 = CIRCLE('',#2739,18.);
#2739 = AXIS2_PLACEMENT_2D('',#2740,#2741);
#2740 = CARTESIAN_POINT('',(0.,0.));
#2741 = DIRECTION('',(1.,0.));
#2742 = ( GEOMETRIC_REPRESENTATION_CONTEXT(2) 
PARAMETRIC_REPRESENTATION_CONTEXT() REPRESENTATION_CONTEXT('2D SPACE',''
  ) );
#2743 = ORIENTED_EDGE('',*,*,#2694,.T.);
#2744 = ADVANCED_FACE('',(#2745),#2682,.T.);
#2745 = FACE_BOUND('',#2746,.T.);
#2746 = EDGE_LOOP('',(#2747));
#2747 = ORIENTED_EDGE('',*,*,#2660,.T.);
#2748 = ADVANCED_FACE('',(#2749),#2732,.F.);
#2749 = FACE_BOUND('',#2750,.T.);
#2750 = EDGE_LOOP('',(#2751));
#2751 = ORIENTED_EDGE('',*,*,#2717,.F.);
#2752 = ( GEOMETRIC_REPRESENTATION_CONTEXT(3) 
GLOBAL_UNCERTAINTY_ASSIGNED_CONTEXT((#2756)) 
GLOBAL_UNIT_ASSIGNED_CONTEXT((#2753,#2754,#2755)) REPRESENTATION_CONTEXT
('Context #1','3D Context with UNIT and UNCERTAINTY') );
#2753 = ( LENGTH_UNIT() NAMED_UNIT(*) SI_UNIT(.MILLI.,.METRE.) );
#2754 = ( NAMED_UNIT(*) PLANE_ANGLE_UNIT() SI_UNIT($,.RADIAN.) );
#2755 = ( NAMED_UNIT(*) SI_UNIT($,.STERADIAN.) SOLID_ANGLE_UNIT() );
#2756 = UNCERTAINTY_MEASURE_WITH_UNIT(LENGTH_MEASURE(1.E-07),#2753,
  'distance_accuracy_value','confusion accuracy');
#2757 = CONTEXT_DEPENDENT_SHAPE_REPRESENTATION(#2758,#2760);
#2758 = ( REPRESENTATION_RELATIONSHIP('','',#2653,#1910) 
REPRESENTATION_RELATIONSHIP_WITH_TRANSFORMATION(#2759) 
SHAPE_REPRESENTATION_RELATIONSHIP() );
#2759 = ITEM_DEFINED_TRANSFORMATION('','',#11,#1927);
#2760 = PRODUCT_DEFINITION_SHAPE('Placement','Placement of an item',
  #2761);
#2761 = NEXT_ASSEMBLY_USAGE_OCCURRENCE('17','=>[0:1:1:19]','',#1905,
  #2648,$);
#2762 = PRODUCT_RELATED_PRODUCT_CATEGORY('part',$,(#2650));
#2763 = SHAPE_DEFINITION_REPRESENTATION(#2764,#2770);
#2764 = PRODUCT_DEFINITION_SHAPE('','',#2765);
#2765 = PRODUCT_DEFINITION('design','',#2766,#2769);
#2766 = PRODUCT_DEFINITION_FORMATION('','',#2767);
#2767 = PRODUCT('SOLID','SOLID','',(#2768));
#2768 = PRODUCT_CONTEXT('',#2,'mechanical');
#2769 = PRODUCT_DEFINITION_CONTEXT('part definition',#2,'design');
#2770 = ADVANCED_BREP_SHAPE_REPRESENTATION('',(#11,#2771),#2869);
#2771 = MANIFOLD_SOLID_BREP('',#2772);
#2772 = CLOSED_SHELL('',(#2773,#2861,#2865));
#2773 = ADVANCED_FACE('',(#2774),#2787,.T.);
#2774 = FACE_BOUND('',#2775,.T.);
#2775 = EDGE_LOOP('',(#2776,#2810,#2833,#2860));
#2776 = ORIENTED_EDGE('',*,*,#2777,.F.);
#2777 = EDGE_CURVE('',#2778,#2778,#2780,.T.);
#2778 = VERTEX_POINT('',#2779);
#2779 = CARTESIAN_POINT('',(673.80977781209,-3.918869757272E-15,
    720.62016958223));
#2780 = SURFACE_CURVE('',#2781,(#2786,#2798),.PCURVE_S1.);
#2781 = CIRCLE('',#2782,16.);
#2782 = AXIS2_PLACEMENT_3D('',#2783,#2784,#2785);
#2783 = CARTESIAN_POINT('',(658.77469587951,0.,715.14784728902));
#2784 = DIRECTION('',(-0.342020143326,0.,0.939692620786));
#2785 = DIRECTION('',(0.939692620786,0.,0.342020143326));
#2786 = PCURVE('',#2787,#2792);
#2787 = CYLINDRICAL_SURFACE('',#2788,16.);
#2788 = AXIS2_PLACEMENT_3D('',#2789,#2790,#2791);
#2789 = CARTESIAN_POINT('',(669.03530017928,0.,686.95706866544));
#2790 = DIRECTION('',(-0.342020143326,0.,0.939692620786));
#2791 = DIRECTION('',(0.939692620786,0.,0.342020143326));
#2792 = DEFINITIONAL_REPRESENTATION('',(#2793),#2797);
#2793 = LINE('',#2794,#2795);
#2794 = CARTESIAN_POINT('',(0.,30.));
#2795 = VECTOR('',#2796,1.);
#2796 = DIRECTION('',(1.,0.));
#2797 = ( GEOMETRIC_REPRESENTATION_CONTEXT(2) 
PARAMETRIC_REPRESENTATION_CONTEXT() REPRESENTATION_CONTEXT('2D SPACE',''
  ) );
#2798 = PCURVE('',#2799,#2804);
#2799 = PLANE('',#2800);
#2800 = AXIS2_PLACEMENT_3D('',#2801,#2802,#2803);
#2801 = CARTESIAN_POINT('',(658.77469587951,0.,715.14784728902));
#2802 = DIRECTION('',(-0.342020143326,0.,0.939692620786));
#2803 = DIRECTION('',(0.939692620786,0.,0.342020143326));
#2804 = DEFINITIONAL_REPRESENTATION('',(#2805),#2809);
#2805 = CIRCLE('',#2806,16.);
#2806 = AXIS2_PLACEMENT_2D('',#2807,#2808);
#2807 = CARTESIAN_POINT('',(0.,0.));
#2808 = DIRECTION('',(1.,0.));
#2809 = ( GEOMETRIC_REPRESENTATION_CONTEXT(2) 
PARAMETRIC_REPRESENTATION_CONTEXT() REPRESENTATION_CONTEXT('2D SPACE',''
  ) );
#2810 = ORIENTED_EDGE('',*,*,#2811,.F.);
#2811 = EDGE_CURVE('',#2812,#2778,#2814,.T.);
#2812 = VERTEX_POINT('',#2813);
#2813 = CARTESIAN_POINT('',(684.07038211186,-3.918869757272E-15,
    692.42939095865));
#2814 = SEAM_CURVE('',#2815,(#2819,#2826),.PCURVE_S1.);
#2815 = LINE('',#2816,#2817);
#2816 = CARTESIAN_POINT('',(684.07038211186,-3.918869757272E-15,
    692.42939095865));
#2817 = VECTOR('',#2818,1.);
#2818 = DIRECTION('',(-0.342020143326,0.,0.939692620786));
#2819 = PCURVE('',#2787,#2820);
#2820 = DEFINITIONAL_REPRESENTATION('',(#2821),#2825);
#2821 = LINE('',#2822,#2823);
#2822 = CARTESIAN_POINT('',(6.28318530718,-0.));
#2823 = VECTOR('',#2824,1.);
#2824 = DIRECTION('',(0.,1.));
#2825 = ( GEOMETRIC_REPRESENTATION_CONTEXT(2) 
PARAMETRIC_REPRESENTATION_CONTEXT() REPRESENTATION_CONTEXT('2D SPACE',''
  ) );
#2826 = PCURVE('',#2787,#2827);
#2827 = DEFINITIONAL_REPRESENTATION('',(#2828),#2832);
#2828 = LINE('',#2829,#2830);
#2829 = CARTESIAN_POINT('',(0.,-0.));
#2830 = VECTOR('',#2831,1.);
#2831 = DIRECTION('',(0.,1.));
#2832 = ( GEOMETRIC_REPRESENTATION_CONTEXT(2) 
PARAMETRIC_REPRESENTATION_CONTEXT() REPRESENTATION_CONTEXT('2D SPACE',''
  ) );
#2833 = ORIENTED_EDGE('',*,*,#2834,.T.);
#2834 = EDGE_CURVE('',#2812,#2812,#2835,.T.);
#2835 = SURFACE_CURVE('',#2836,(#2841,#2848),.PCURVE_S1.);
#2836 = CIRCLE('',#2837,16.);
#2837 = AXIS2_PLACEMENT_3D('',#2838,#2839,#2840);
#2838 = CARTESIAN_POINT('',(669.03530017928,0.,686.95706866544));
#2839 = DIRECTION('',(-0.342020143326,0.,0.939692620786));
#2840 = DIRECTION('',(0.939692620786,0.,0.342020143326));
#2841 = PCURVE('',#2787,#2842);
#2842 = DEFINITIONAL_REPRESENTATION('',(#2843),#2847);
#2843 = LINE('',#2844,#2845);
#2844 = CARTESIAN_POINT('',(0.,0.));
#2845 = VECTOR('',#2846,1.);
#2846 = DIRECTION('',(1.,0.));
#2847 = ( GEOMETRIC_REPRESENTATION_CONTEXT(2) 
PARAMETRIC_REPRESENTATION_CONTEXT() REPRESENTATION_CONTEXT('2D SPACE',''
  ) );
#2848 = PCURVE('',#2849,#2854);
#2849 = PLANE('',#2850);
#2850 = AXIS2_PLACEMENT_3D('',#2851,#2852,#2853);
#2851 = CARTESIAN_POINT('',(669.03530017928,0.,686.95706866544));
#2852 = DIRECTION('',(-0.342020143326,0.,0.939692620786));
#2853 = DIRECTION('',(0.939692620786,0.,0.342020143326));
#2854 = DEFINITIONAL_REPRESENTATION('',(#2855),#2859);
#2855 = CIRCLE('',#2856,16.);
#2856 = AXIS2_PLACEMENT_2D('',#2857,#2858);
#2857 = CARTESIAN_POINT('',(0.,0.));
#2858 = DIRECTION('',(1.,0.));
#2859 = ( GEOMETRIC_REPRESENTATION_CONTEXT(2) 
PARAMETRIC_REPRESENTATION_CONTEXT() REPRESENTATION_CONTEXT('2D SPACE',''
  ) );
#2860 = ORIENTED_EDGE('',*,*,#2811,.T.);
#2861 = ADVANCED_FACE('',(#2862),#2799,.T.);
#2862 = FACE_BOUND('',#2863,.T.);
#2863 = EDGE_LOOP('',(#2864));
#2864 = ORIENTED_EDGE('',*,*,#2777,.T.);
#2865 = ADVANCED_FACE('',(#2866),#2849,.F.);
#2866 = FACE_BOUND('',#2867,.T.);
#2867 = EDGE_LOOP('',(#2868));
#2868 = ORIENTED_EDGE('',*,*,#2834,.F.);
#2869 = ( GEOMETRIC_REPRESENTATION_CONTEXT(3) 
GLOBAL_UNCERTAINTY_ASSIGNED_CONTEXT((#2873)) 
GLOBAL_UNIT_ASSIGNED_CONTEXT((#2870,#2871,#2872)) REPRESENTATION_CONTEXT
('Context #1','3D Context with UNIT and UNCERTAINTY') );
#2870 = ( LENGTH_UNIT() NAMED_UNIT(*) SI_UNIT(.MILLI.,.METRE.) );
#2871 = ( NAMED_UNIT(*) PLANE_ANGLE_UNIT() SI_UNIT($,.RADIAN.) );
#2872 = ( NAMED_UNIT(*) SI_UNIT($,.STERADIAN.) SOLID_ANGLE_UNIT() );
#2873 = UNCERTAINTY_MEASURE_WITH_UNIT(LENGTH_MEASURE(1.E-07),#2870,
  'distance_accuracy_value','confusion accuracy');
#2874 = CONTEXT_DEPENDENT_SHAPE_REPRESENTATION(#2875,#2877);
#2875 = ( REPRESENTATION_RELATIONSHIP('','',#2770,#1910) 
REPRESENTATION_RELATIONSHIP_WITH_TRANSFORMATION(#2876) 
SHAPE_REPRESENTATION_RELATIONSHIP() );
#2876 = ITEM_DEFINED_TRANSFORMATION('','',#11,#1931);
#2877 = PRODUCT_DEFINITION_SHAPE('Placement','Placement of an item',
  #2878);
#2878 = NEXT_ASSEMBLY_USAGE_OCCURRENCE('18','=>[0:1:1:20]','',#1905,
  #2765,$);
#2879 = PRODUCT_RELATED_PRODUCT_CATEGORY('part',$,(#2767));
#2880 = SHAPE_DEFINITION_REPRESENTATION(#2881,#2887);
#2881 = PRODUCT_DEFINITION_SHAPE('','',#2882);
#2882 = PRODUCT_DEFINITION('design','',#2883,#2886);
#2883 = PRODUCT_DEFINITION_FORMATION('','',#2884);
#2884 = PRODUCT('COMPOUND','COMPOUND','',(#2885));
#2885 = PRODUCT_CONTEXT('',#2,'mechanical');
#2886 = PRODUCT_DEFINITION_CONTEXT('part definition',#2,'design');
#2887 = SHAPE_REPRESENTATION('',(#11,#2888,#2892,#2896,#2900),#2904);
#2888 = AXIS2_PLACEMENT_3D('',#2889,#2890,#2891);
#2889 = CARTESIAN_POINT('',(0.,0.,0.));
#2890 = DIRECTION('',(0.,0.,1.));
#2891 = DIRECTION('',(1.,0.,-0.));
#2892 = AXIS2_PLACEMENT_3D('',#2893,#2894,#2895);
#2893 = CARTESIAN_POINT('',(0.,0.,0.));
#2894 = DIRECTION('',(0.,0.,1.));
#2895 = DIRECTION('',(1.,0.,-0.));
#2896 = AXIS2_PLACEMENT_3D('',#2897,#2898,#2899);
#2897 = CARTESIAN_POINT('',(0.,0.,0.));
#2898 = DIRECTION('',(0.,0.,1.));
#2899 = DIRECTION('',(1.,0.,-0.));
#2900 = AXIS2_PLACEMENT_3D('',#2901,#2902,#2903);
#2901 = CARTESIAN_POINT('',(0.,0.,0.));
#2902 = DIRECTION('',(0.,0.,1.));
#2903 = DIRECTION('',(1.,0.,-0.));
#2904 = ( GEOMETRIC_REPRESENTATION_CONTEXT(3) 
GLOBAL_UNCERTAINTY_ASSIGNED_CONTEXT((#2908)) 
GLOBAL_UNIT_ASSIGNED_CONTEXT((#2905,#2906,#2907)) REPRESENTATION_CONTEXT
('Context #1','3D Context with UNIT and UNCERTAINTY') );
#2905 = ( LENGTH_UNIT() NAMED_UNIT(*) SI_UNIT(.MILLI.,.METRE.) );
#2906 = ( NAMED_UNIT(*) PLANE_ANGLE_UNIT() SI_UNIT($,.RADIAN.) );
#2907 = ( NAMED_UNIT(*) SI_UNIT($,.STERADIAN.) SOLID_ANGLE_UNIT() );
#2908 = UNCERTAINTY_MEASURE_WITH_UNIT(LENGTH_MEASURE(1.E-07),#2905,
  'distance_accuracy_value','confusion accuracy');
#2909 = CONTEXT_DEPENDENT_SHAPE_REPRESENTATION(#2910,#2912);
#2910 = ( REPRESENTATION_RELATIONSHIP('','',#2887,#10) 
REPRESENTATION_RELATIONSHIP_WITH_TRANSFORMATION(#2911) 
SHAPE_REPRESENTATION_RELATIONSHIP() );
#2911 = ITEM_DEFINED_TRANSFORMATION('','',#11,#23);
#2912 = PRODUCT_DEFINITION_SHAPE('Placement','Placement of an item',
  #2913);
#2913 = NEXT_ASSEMBLY_USAGE_OCCURRENCE('24','=>[0:1:1:21]','',#5,#2882,$
  );
#2914 = PRODUCT_RELATED_PRODUCT_CATEGORY('part',$,(#2884));
#2915 = SHAPE_DEFINITION_REPRESENTATION(#2916,#2922);
#2916 = PRODUCT_DEFINITION_SHAPE('','',#2917);
#2917 = PRODUCT_DEFINITION('design','',#2918,#2921);
#2918 = PRODUCT_DEFINITION_FORMATION('','',#2919);
#2919 = PRODUCT('SOLID','SOLID','',(#2920));
#2920 = PRODUCT_CONTEXT('',#2,'mechanical');
#2921 = PRODUCT_DEFINITION_CONTEXT('part definition',#2,'design');
#2922 = ADVANCED_BREP_SHAPE_REPRESENTATION('',(#11,#2923),#3021);
#2923 = MANIFOLD_SOLID_BREP('',#2924);
#2924 = CLOSED_SHELL('',(#2925,#3013,#3017));
#2925 = ADVANCED_FACE('',(#2926),#2939,.T.);
#2926 = FACE_BOUND('',#2927,.T.);
#2927 = EDGE_LOOP('',(#2928,#2962,#2985,#3012));
#2928 = ORIENTED_EDGE('',*,*,#2929,.F.);
#2929 = EDGE_CURVE('',#2930,#2930,#2932,.T.);
#2930 = VERTEX_POINT('',#2931);
#2931 = CARTESIAN_POINT('',(290.69995974398,-3.502489845561E-15,
    546.79867428533));
#2932 = SURFACE_CURVE('',#2933,(#2938,#2950),.PCURVE_S1.);
#2933 = CIRCLE('',#2934,14.3);
#2934 = AXIS2_PLACEMENT_3D('',#2935,#2936,#2937);
#2935 = CARTESIAN_POINT('',(277.26235526675,0.,541.90778623577));
#2936 = DIRECTION('',(-0.342020143326,0.,0.939692620786));
#2937 = DIRECTION('',(0.939692620786,0.,0.342020143326));
#2938 = PCURVE('',#2939,#2944);
#2939 = CYLINDRICAL_SURFACE('',#2940,14.3);
#2940 = AXIS2_PLACEMENT_3D('',#2941,#2942,#2943);
#2941 = CARTESIAN_POINT('',(362.76739109816,0.,306.98463103929));
#2942 = DIRECTION('',(-0.342020143326,0.,0.939692620786));
#2943 = DIRECTION('',(0.939692620786,0.,0.342020143326));
#2944 = DEFINITIONAL_REPRESENTATION('',(#2945),#2949);
#2945 = LINE('',#2946,#2947);
#2946 = CARTESIAN_POINT('',(0.,250.));
#2947 = VECTOR('',#2948,1.);
#2948 = DIRECTION('',(1.,0.));
#2949 = ( GEOMETRIC_REPRESENTATION_CONTEXT(2) 
PARAMETRIC_REPRESENTATION_CONTEXT() REPRESENTATION_CONTEXT('2D SPACE',''
  ) );
#2950 = PCURVE('',#2951,#2956);
#2951 = PLANE('',#2952);
#2952 = AXIS2_PLACEMENT_3D('',#2953,#2954,#2955);
#2953 = CARTESIAN_POINT('',(277.26235526675,0.,541.90778623577));
#2954 = DIRECTION('',(-0.342020143326,0.,0.939692620786));
#2955 = DIRECTION('',(0.939692620786,0.,0.342020143326));
#2956 = DEFINITIONAL_REPRESENTATION('',(#2957),#2961);
#2957 = CIRCLE('',#2958,14.3);
#2958 = AXIS2_PLACEMENT_2D('',#2959,#2960);
#2959 = CARTESIAN_POINT('',(0.,0.));
#2960 = DIRECTION('',(1.,0.));
#2961 = ( GEOMETRIC_REPRESENTATION_CONTEXT(2) 
PARAMETRIC_REPRESENTATION_CONTEXT() REPRESENTATION_CONTEXT('2D SPACE',''
  ) );
#2962 = ORIENTED_EDGE('',*,*,#2963,.F.);
#2963 = EDGE_CURVE('',#2964,#2930,#2966,.T.);
#2964 = VERTEX_POINT('',#2965);
#2965 = CARTESIAN_POINT('',(376.2049955754,-3.502489845561E-15,
    311.87551908885));
#2966 = SEAM_CURVE('',#2967,(#2971,#2978),.PCURVE_S1.);
#2967 = LINE('',#2968,#2969);
#2968 = CARTESIAN_POINT('',(376.2049955754,-3.502489845561E-15,
    311.87551908885));
#2969 = VECTOR('',#2970,1.);
#2970 = DIRECTION('',(-0.342020143326,-1.232595164408E-32,0.939692620786
    ));
#2971 = PCURVE('',#2939,#2972);
#2972 = DEFINITIONAL_REPRESENTATION('',(#2973),#2977);
#2973 = LINE('',#2974,#2975);
#2974 = CARTESIAN_POINT('',(6.28318530718,-0.));
#2975 = VECTOR('',#2976,1.);
#2976 = DIRECTION('',(0.,1.));
#2977 = ( GEOMETRIC_REPRESENTATION_CONTEXT(2) 
PARAMETRIC_REPRESENTATION_CONTEXT() REPRESENTATION_CONTEXT('2D SPACE',''
  ) );
#2978 = PCURVE('',#2939,#2979);
#2979 = DEFINITIONAL_REPRESENTATION('',(#2980),#2984);
#2980 = LINE('',#2981,#2982);
#2981 = CARTESIAN_POINT('',(0.,-0.));
#2982 = VECTOR('',#2983,1.);
#2983 = DIRECTION('',(0.,1.));
#2984 = ( GEOMETRIC_REPRESENTATION_CONTEXT(2) 
PARAMETRIC_REPRESENTATION_CONTEXT() REPRESENTATION_CONTEXT('2D SPACE',''
  ) );
#2985 = ORIENTED_EDGE('',*,*,#2986,.T.);
#2986 = EDGE_CURVE('',#2964,#2964,#2987,.T.);
#2987 = SURFACE_CURVE('',#2988,(#2993,#3000),.PCURVE_S1.);
#2988 = CIRCLE('',#2989,14.3);
#2989 = AXIS2_PLACEMENT_3D('',#2990,#2991,#2992);
#2990 = CARTESIAN_POINT('',(362.76739109816,0.,306.98463103929));
#2991 = DIRECTION('',(-0.342020143326,0.,0.939692620786));
#2992 = DIRECTION('',(0.939692620786,0.,0.342020143326));
#2993 = PCURVE('',#2939,#2994);
#2994 = DEFINITIONAL_REPRESENTATION('',(#2995),#2999);
#2995 = LINE('',#2996,#2997);
#2996 = CARTESIAN_POINT('',(0.,0.));
#2997 = VECTOR('',#2998,1.);
#2998 = DIRECTION('',(1.,0.));
#2999 = ( GEOMETRIC_REPRESENTATION_CONTEXT(2) 
PARAMETRIC_REPRESENTATION_CONTEXT() REPRESENTATION_CONTEXT('2D SPACE',''
  ) );
#3000 = PCURVE('',#3001,#3006);
#3001 = PLANE('',#3002);
#3002 = AXIS2_PLACEMENT_3D('',#3003,#3004,#3005);
#3003 = CARTESIAN_POINT('',(362.76739109816,0.,306.98463103929));
#3004 = DIRECTION('',(-0.342020143326,0.,0.939692620786));
#3005 = DIRECTION('',(0.939692620786,0.,0.342020143326));
#3006 = DEFINITIONAL_REPRESENTATION('',(#3007),#3011);
#3007 = CIRCLE('',#3008,14.3);
#3008 = AXIS2_PLACEMENT_2D('',#3009,#3010);
#3009 = CARTESIAN_POINT('',(0.,0.));
#3010 = DIRECTION('',(1.,0.));
#3011 = ( GEOMETRIC_REPRESENTATION_CONTEXT(2) 
PARAMETRIC_REPRESENTATION_CONTEXT() REPRESENTATION_CONTEXT('2D SPACE',''
  ) );
#3012 = ORIENTED_EDGE('',*,*,#2963,.T.);
#3013 = ADVANCED_FACE('',(#3014),#2951,.T.);
#3014 = FACE_BOUND('',#3015,.T.);
#3015 = EDGE_LOOP('',(#3016));
#3016 = ORIENTED_EDGE('',*,*,#2929,.T.);
#3017 = ADVANCED_FACE('',(#3018),#3001,.F.);
#3018 = FACE_BOUND('',#3019,.T.);
#3019 = EDGE_LOOP('',(#3020));
#3020 = ORIENTED_EDGE('',*,*,#2986,.F.);
#3021 = ( GEOMETRIC_REPRESENTATION_CONTEXT(3) 
GLOBAL_UNCERTAINTY_ASSIGNED_CONTEXT((#3025)) 
GLOBAL_UNIT_ASSIGNED_CONTEXT((#3022,#3023,#3024)) REPRESENTATION_CONTEXT
('Context #1','3D Context with UNIT and UNCERTAINTY') );
#3022 = ( LENGTH_UNIT() NAMED_UNIT(*) SI_UNIT(.MILLI.,.METRE.) );
#3023 = ( NAMED_UNIT(*) PLANE_ANGLE_UNIT() SI_UNIT($,.RADIAN.) );
#3024 = ( NAMED_UNIT(*) SI_UNIT($,.STERADIAN.) SOLID_ANGLE_UNIT() );
#3025 = UNCERTAINTY_MEASURE_WITH_UNIT(LENGTH_MEASURE(1.E-07),#3022,
  'distance_accuracy_value','confusion accuracy');
#3026 = CONTEXT_DEPENDENT_SHAPE_REPRESENTATION(#3027,#3029);
#3027 = ( REPRESENTATION_RELATIONSHIP('','',#2922,#2887) 
REPRESENTATION_RELATIONSHIP_WITH_TRANSFORMATION(#3028) 
SHAPE_REPRESENTATION_RELATIONSHIP() );
#3028 = ITEM_DEFINED_TRANSFORMATION('','',#11,#2888);
#3029 = PRODUCT_DEFINITION_SHAPE('Placement','Placement of an item',
  #3030);
#3030 = NEXT_ASSEMBLY_USAGE_OCCURRENCE('20','=>[0:1:1:22]','',#2882,
  #2917,$);
#3031 = PRODUCT_RELATED_PRODUCT_CATEGORY('part',$,(#2919));
#3032 = SHAPE_DEFINITION_REPRESENTATION(#3033,#3039);
#3033 = PRODUCT_DEFINITION_SHAPE('','',#3034);
#3034 = PRODUCT_DEFINITION('design','',#3035,#3038);
#3035 = PRODUCT_DEFINITION_FORMATION('','',#3036);
#3036 = PRODUCT('SOLID','SOLID','',(#3037));
#3037 = PRODUCT_CONTEXT('',#2,'mechanical');
#3038 = PRODUCT_DEFINITION_CONTEXT('part definition',#2,'design');
#3039 = ADVANCED_BREP_SHAPE_REPRESENTATION('',(#11,#3040),#3138);
#3040 = MANIFOLD_SOLID_BREP('',#3041);
#3041 = CLOSED_SHELL('',(#3042,#3130,#3134));
#3042 = ADVANCED_FACE('',(#3043),#3056,.T.);
#3043 = FACE_BOUND('',#3044,.T.);
#3044 = EDGE_LOOP('',(#3045,#3079,#3102,#3129));
#3045 = ORIENTED_EDGE('',*,*,#3046,.F.);
#3046 = EDGE_CURVE('',#3047,#3047,#3049,.T.);
#3047 = VERTEX_POINT('',#3048);
#3048 = CARTESIAN_POINT('',(301.86294866611,-4.629164900777E-15,
    529.57811452891));
#3049 = SURFACE_CURVE('',#3050,(#3055,#3067),.PCURVE_S1.);
#3050 = CIRCLE('',#3051,18.9);
#3051 = AXIS2_PLACEMENT_3D('',#3052,#3053,#3054);
#3052 = CARTESIAN_POINT('',(284.10275813326,0.,523.11393382005));
#3053 = DIRECTION('',(-0.342020143326,0.,0.939692620786));
#3054 = DIRECTION('',(0.939692620786,0.,0.342020143326));
#3055 = PCURVE('',#3056,#3061);
#3056 = CYLINDRICAL_SURFACE('',#3057,18.9);
#3057 = AXIS2_PLACEMENT_3D('',#3058,#3059,#3060);
#3058 = CARTESIAN_POINT('',(288.20699985317,0.,511.83762237062));
#3059 = DIRECTION('',(-0.342020143326,0.,0.939692620786));
#3060 = DIRECTION('',(0.939692620786,0.,0.342020143326));
#3061 = DEFINITIONAL_REPRESENTATION('',(#3062),#3066);
#3062 = LINE('',#3063,#3064);
#3063 = CARTESIAN_POINT('',(0.,12.));
#3064 = VECTOR('',#3065,1.);
#3065 = DIRECTION('',(1.,0.));
#3066 = ( GEOMETRIC_REPRESENTATION_CONTEXT(2) 
PARAMETRIC_REPRESENTATION_CONTEXT() REPRESENTATION_CONTEXT('2D SPACE',''
  ) );
#3067 = PCURVE('',#3068,#3073);
#3068 = PLANE('',#3069);
#3069 = AXIS2_PLACEMENT_3D('',#3070,#3071,#3072);
#3070 = CARTESIAN_POINT('',(284.10275813326,0.,523.11393382005));
#3071 = DIRECTION('',(-0.342020143326,0.,0.939692620786));
#3072 = DIRECTION('',(0.939692620786,0.,0.342020143326));
#3073 = DEFINITIONAL_REPRESENTATION('',(#3074),#3078);
#3074 = CIRCLE('',#3075,18.9);
#3075 = AXIS2_PLACEMENT_2D('',#3076,#3077);
#3076 = CARTESIAN_POINT('',(0.,0.));
#3077 = DIRECTION('',(1.,0.));
#3078 = ( GEOMETRIC_REPRESENTATION_CONTEXT(2) 
PARAMETRIC_REPRESENTATION_CONTEXT() REPRESENTATION_CONTEXT('2D SPACE',''
  ) );
#3079 = ORIENTED_EDGE('',*,*,#3080,.F.);
#3080 = EDGE_CURVE('',#3081,#3047,#3083,.T.);
#3081 = VERTEX_POINT('',#3082);
#3082 = CARTESIAN_POINT('',(305.96719038602,-4.629164900777E-15,
    518.30180307947));
#3083 = SEAM_CURVE('',#3084,(#3088,#3095),.PCURVE_S1.);
#3084 = LINE('',#3085,#3086);
#3085 = CARTESIAN_POINT('',(305.96719038602,-4.629164900777E-15,
    518.30180307947));
#3086 = VECTOR('',#3087,1.);
#3087 = DIRECTION('',(-0.342020143326,0.,0.939692620786));
#3088 = PCURVE('',#3056,#3089);
#3089 = DEFINITIONAL_REPRESENTATION('',(#3090),#3094);
#3090 = LINE('',#3091,#3092);
#3091 = CARTESIAN_POINT('',(6.28318530718,-0.));
#3092 = VECTOR('',#3093,1.);
#3093 = DIRECTION('',(0.,1.));
#3094 = ( GEOMETRIC_REPRESENTATION_CONTEXT(2) 
PARAMETRIC_REPRESENTATION_CONTEXT() REPRESENTATION_CONTEXT('2D SPACE',''
  ) );
#3095 = PCURVE('',#3056,#3096);
#3096 = DEFINITIONAL_REPRESENTATION('',(#3097),#3101);
#3097 = LINE('',#3098,#3099);
#3098 = CARTESIAN_POINT('',(0.,-0.));
#3099 = VECTOR('',#3100,1.);
#3100 = DIRECTION('',(0.,1.));
#3101 = ( GEOMETRIC_REPRESENTATION_CONTEXT(2) 
PARAMETRIC_REPRESENTATION_CONTEXT() REPRESENTATION_CONTEXT('2D SPACE',''
  ) );
#3102 = ORIENTED_EDGE('',*,*,#3103,.T.);
#3103 = EDGE_CURVE('',#3081,#3081,#3104,.T.);
#3104 = SURFACE_CURVE('',#3105,(#3110,#3117),.PCURVE_S1.);
#3105 = CIRCLE('',#3106,18.9);
#3106 = AXIS2_PLACEMENT_3D('',#3107,#3108,#3109);
#3107 = CARTESIAN_POINT('',(288.20699985317,0.,511.83762237062));
#3108 = DIRECTION('',(-0.342020143326,0.,0.939692620786));
#3109 = DIRECTION('',(0.939692620786,0.,0.342020143326));
#3110 = PCURVE('',#3056,#3111);
#3111 = DEFINITIONAL_REPRESENTATION('',(#3112),#3116);
#3112 = LINE('',#3113,#3114);
#3113 = CARTESIAN_POINT('',(0.,0.));
#3114 = VECTOR('',#3115,1.);
#3115 = DIRECTION('',(1.,0.));
#3116 = ( GEOMETRIC_REPRESENTATION_CONTEXT(2) 
PARAMETRIC_REPRESENTATION_CONTEXT() REPRESENTATION_CONTEXT('2D SPACE',''
  ) );
#3117 = PCURVE('',#3118,#3123);
#3118 = PLANE('',#3119);
#3119 = AXIS2_PLACEMENT_3D('',#3120,#3121,#3122);
#3120 = CARTESIAN_POINT('',(288.20699985317,0.,511.83762237062));
#3121 = DIRECTION('',(-0.342020143326,0.,0.939692620786));
#3122 = DIRECTION('',(0.939692620786,0.,0.342020143326));
#3123 = DEFINITIONAL_REPRESENTATION('',(#3124),#3128);
#3124 = CIRCLE('',#3125,18.9);
#3125 = AXIS2_PLACEMENT_2D('',#3126,#3127);
#3126 = CARTESIAN_POINT('',(0.,0.));
#3127 = DIRECTION('',(1.,0.));
#3128 = ( GEOMETRIC_REPRESENTATION_CONTEXT(2) 
PARAMETRIC_REPRESENTATION_CONTEXT() REPRESENTATION_CONTEXT('2D SPACE',''
  ) );
#3129 = ORIENTED_EDGE('',*,*,#3080,.T.);
#3130 = ADVANCED_FACE('',(#3131),#3068,.T.);
#3131 = FACE_BOUND('',#3132,.T.);
#3132 = EDGE_LOOP('',(#3133));
#3133 = ORIENTED_EDGE('',*,*,#3046,.T.);
#3134 = ADVANCED_FACE('',(#3135),#3118,.F.);
#3135 = FACE_BOUND('',#3136,.T.);
#3136 = EDGE_LOOP('',(#3137));
#3137 = ORIENTED_EDGE('',*,*,#3103,.F.);
#3138 = ( GEOMETRIC_REPRESENTATION_CONTEXT(3) 
GLOBAL_UNCERTAINTY_ASSIGNED_CONTEXT((#3142)) 
GLOBAL_UNIT_ASSIGNED_CONTEXT((#3139,#3140,#3141)) REPRESENTATION_CONTEXT
('Context #1','3D Context with UNIT and UNCERTAINTY') );
#3139 = ( LENGTH_UNIT() NAMED_UNIT(*) SI_UNIT(.MILLI.,.METRE.) );
#3140 = ( NAMED_UNIT(*) PLANE_ANGLE_UNIT() SI_UNIT($,.RADIAN.) );
#3141 = ( NAMED_UNIT(*) SI_UNIT($,.STERADIAN.) SOLID_ANGLE_UNIT() );
#3142 = UNCERTAINTY_MEASURE_WITH_UNIT(LENGTH_MEASURE(1.E-07),#3139,
  'distance_accuracy_value','confusion accuracy');
#3143 = CONTEXT_DEPENDENT_SHAPE_REPRESENTATION(#3144,#3146);
#3144 = ( REPRESENTATION_RELATIONSHIP('','',#3039,#2887) 
REPRESENTATION_RELATIONSHIP_WITH_TRANSFORMATION(#3145) 
SHAPE_REPRESENTATION_RELATIONSHIP() );
#3145 = ITEM_DEFINED_TRANSFORMATION('','',#11,#2892);
#3146 = PRODUCT_DEFINITION_SHAPE('Placement','Placement of an item',
  #3147);
#3147 = NEXT_ASSEMBLY_USAGE_OCCURRENCE('21','=>[0:1:1:23]','',#2882,
  #3034,$);
#3148 = PRODUCT_RELATED_PRODUCT_CATEGORY('part',$,(#3036));
#3149 = SHAPE_DEFINITION_REPRESENTATION(#3150,#3156);
#3150 = PRODUCT_DEFINITION_SHAPE('','',#3151);
#3151 = PRODUCT_DEFINITION('design','',#3152,#3155);
#3152 = PRODUCT_DEFINITION_FORMATION('','',#3153);
#3153 = PRODUCT('SOLID','SOLID','',(#3154));
#3154 = PRODUCT_CONTEXT('',#2,'mechanical');
#3155 = PRODUCT_DEFINITION_CONTEXT('part definition',#2,'design');
#3156 = ADVANCED_BREP_SHAPE_REPRESENTATION('',(#11,#3157),#3255);
#3157 = MANIFOLD_SOLID_BREP('',#3158);
#3158 = CLOSED_SHELL('',(#3159,#3247,#3251));
#3159 = ADVANCED_FACE('',(#3160),#3173,.T.);
#3160 = FACE_BOUND('',#3161,.T.);
#3161 = EDGE_LOOP('',(#3162,#3196,#3219,#3246));
#3162 = ORIENTED_EDGE('',*,*,#3163,.F.);
#3163 = EDGE_CURVE('',#3164,#3164,#3166,.T.);
#3164 = VERTEX_POINT('',#3165);
#3165 = CARTESIAN_POINT('',(293.51903760634,-4.23727792505E-15,
    547.8247347153));
#3166 = SURFACE_CURVE('',#3167,(#3172,#3184),.PCURVE_S1.);
#3167 = CIRCLE('',#3168,17.3);
#3168 = AXIS2_PLACEMENT_3D('',#3169,#3170,#3171);
#3169 = CARTESIAN_POINT('',(277.26235526675,0.,541.90778623577));
#3170 = DIRECTION('',(-0.342020143326,0.,0.939692620786));
#3171 = DIRECTION('',(0.939692620786,0.,0.342020143326));
#3172 = PCURVE('',#3173,#3178);
#3173 = CYLINDRICAL_SURFACE('',#3174,17.3);
#3174 = AXIS2_PLACEMENT_3D('',#3175,#3176,#3177);
#3175 = CARTESIAN_POINT('',(281.36659698665,0.,530.63147478634));
#3176 = DIRECTION('',(-0.342020143326,0.,0.939692620786));
#3177 = DIRECTION('',(0.939692620786,0.,0.342020143326));
#3178 = DEFINITIONAL_REPRESENTATION('',(#3179),#3183);
#3179 = LINE('',#3180,#3181);
#3180 = CARTESIAN_POINT('',(0.,12.));
#3181 = VECTOR('',#3182,1.);
#3182 = DIRECTION('',(1.,0.));
#3183 = ( GEOMETRIC_REPRESENTATION_CONTEXT(2) 
PARAMETRIC_REPRESENTATION_CONTEXT() REPRESENTATION_CONTEXT('2D SPACE',''
  ) );
#3184 = PCURVE('',#3185,#3190);
#3185 = PLANE('',#3186);
#3186 = AXIS2_PLACEMENT_3D('',#3187,#3188,#3189);
#3187 = CARTESIAN_POINT('',(277.26235526675,0.,541.90778623577));
#3188 = DIRECTION('',(-0.342020143326,0.,0.939692620786));
#3189 = DIRECTION('',(0.939692620786,0.,0.342020143326));
#3190 = DEFINITIONAL_REPRESENTATION('',(#3191),#3195);
#3191 = CIRCLE('',#3192,17.3);
#3192 = AXIS2_PLACEMENT_2D('',#3193,#3194);
#3193 = CARTESIAN_POINT('',(0.,0.));
#3194 = DIRECTION('',(1.,0.));
#3195 = ( GEOMETRIC_REPRESENTATION_CONTEXT(2) 
PARAMETRIC_REPRESENTATION_CONTEXT() REPRESENTATION_CONTEXT('2D SPACE',''
  ) );
#3196 = ORIENTED_EDGE('',*,*,#3197,.F.);
#3197 = EDGE_CURVE('',#3198,#3164,#3200,.T.);
#3198 = VERTEX_POINT('',#3199);
#3199 = CARTESIAN_POINT('',(297.62327932625,-4.23727792505E-15,
    536.54842326587));
#3200 = SEAM_CURVE('',#3201,(#3205,#3212),.PCURVE_S1.);
#3201 = LINE('',#3202,#3203);
#3202 = CARTESIAN_POINT('',(297.62327932625,-4.23727792505E-15,
    536.54842326587));
#3203 = VECTOR('',#3204,1.);
#3204 = DIRECTION('',(-0.342020143326,-1.232595164408E-32,0.939692620786
    ));
#3205 = PCURVE('',#3173,#3206);
#3206 = DEFINITIONAL_REPRESENTATION('',(#3207),#3211);
#3207 = LINE('',#3208,#3209);
#3208 = CARTESIAN_POINT('',(6.28318530718,-0.));
#3209 = VECTOR('',#3210,1.);
#3210 = DIRECTION('',(0.,1.));
#3211 = ( GEOMETRIC_REPRESENTATION_CONTEXT(2) 
PARAMETRIC_REPRESENTATION_CONTEXT() REPRESENTATION_CONTEXT('2D SPACE',''
  ) );
#3212 = PCURVE('',#3173,#3213);
#3213 = DEFINITIONAL_REPRESENTATION('',(#3214),#3218);
#3214 = LINE('',#3215,#3216);
#3215 = CARTESIAN_POINT('',(0.,-0.));
#3216 = VECTOR('',#3217,1.);
#3217 = DIRECTION('',(0.,1.));
#3218 = ( GEOMETRIC_REPRESENTATION_CONTEXT(2) 
PARAMETRIC_REPRESENTATION_CONTEXT() REPRESENTATION_CONTEXT('2D SPACE',''
  ) );
#3219 = ORIENTED_EDGE('',*,*,#3220,.T.);
#3220 = EDGE_CURVE('',#3198,#3198,#3221,.T.);
#3221 = SURFACE_CURVE('',#3222,(#3227,#3234),.PCURVE_S1.);
#3222 = CIRCLE('',#3223,17.3);
#3223 = AXIS2_PLACEMENT_3D('',#3224,#3225,#3226);
#3224 = CARTESIAN_POINT('',(281.36659698665,0.,530.63147478634));
#3225 = DIRECTION('',(-0.342020143326,0.,0.939692620786));
#3226 = DIRECTION('',(0.939692620786,0.,0.342020143326));
#3227 = PCURVE('',#3173,#3228);
#3228 = DEFINITIONAL_REPRESENTATION('',(#3229),#3233);
#3229 = LINE('',#3230,#3231);
#3230 = CARTESIAN_POINT('',(0.,0.));
#3231 = VECTOR('',#3232,1.);
#3232 = DIRECTION('',(1.,0.));
#3233 = ( GEOMETRIC_REPRESENTATION_CONTEXT(2) 
PARAMETRIC_REPRESENTATION_CONTEXT() REPRESENTATION_CONTEXT('2D SPACE',''
  ) );
#3234 = PCURVE('',#3235,#3240);
#3235 = PLANE('',#3236);
#3236 = AXIS2_PLACEMENT_3D('',#3237,#3238,#3239);
#3237 = CARTESIAN_POINT('',(281.36659698665,0.,530.63147478634));
#3238 = DIRECTION('',(-0.342020143326,0.,0.939692620786));
#3239 = DIRECTION('',(0.939692620786,0.,0.342020143326));
#3240 = DEFINITIONAL_REPRESENTATION('',(#3241),#3245);
#3241 = CIRCLE('',#3242,17.3);
#3242 = AXIS2_PLACEMENT_2D('',#3243,#3244);
#3243 = CARTESIAN_POINT('',(0.,0.));
#3244 = DIRECTION('',(1.,0.));
#3245 = ( GEOMETRIC_REPRESENTATION_CONTEXT(2) 
PARAMETRIC_REPRESENTATION_CONTEXT() REPRESENTATION_CONTEXT('2D SPACE',''
  ) );
#3246 = ORIENTED_EDGE('',*,*,#3197,.T.);
#3247 = ADVANCED_FACE('',(#3248),#3185,.T.);
#3248 = FACE_BOUND('',#3249,.T.);
#3249 = EDGE_LOOP('',(#3250));
#3250 = ORIENTED_EDGE('',*,*,#3163,.T.);
#3251 = ADVANCED_FACE('',(#3252),#3235,.F.);
#3252 = FACE_BOUND('',#3253,.T.);
#3253 = EDGE_LOOP('',(#3254));
#3254 = ORIENTED_EDGE('',*,*,#3220,.F.);
#3255 = ( GEOMETRIC_REPRESENTATION_CONTEXT(3) 
GLOBAL_UNCERTAINTY_ASSIGNED_CONTEXT((#3259)) 
GLOBAL_UNIT_ASSIGNED_CONTEXT((#3256,#3257,#3258)) REPRESENTATION_CONTEXT
('Context #1','3D Context with UNIT and UNCERTAINTY') );
#3256 = ( LENGTH_UNIT() NAMED_UNIT(*) SI_UNIT(.MILLI.,.METRE.) );
#3257 = ( NAMED_UNIT(*) PLANE_ANGLE_UNIT() SI_UNIT($,.RADIAN.) );
#3258 = ( NAMED_UNIT(*) SI_UNIT($,.STERADIAN.) SOLID_ANGLE_UNIT() );
#3259 = UNCERTAINTY_MEASURE_WITH_UNIT(LENGTH_MEASURE(1.E-07),#3256,
  'distance_accuracy_value','confusion accuracy');
#3260 = CONTEXT_DEPENDENT_SHAPE_REPRESENTATION(#3261,#3263);
#3261 = ( REPRESENTATION_RELATIONSHIP('','',#3156,#2887) 
REPRESENTATION_RELATIONSHIP_WITH_TRANSFORMATION(#3262) 
SHAPE_REPRESENTATION_RELATIONSHIP() );
#3262 = ITEM_DEFINED_TRANSFORMATION('','',#11,#2896);
#3263 = PRODUCT_DEFINITION_SHAPE('Placement','Placement of an item',
  #3264);
#3264 = NEXT_ASSEMBLY_USAGE_OCCURRENCE('22','=>[0:1:1:24]','',#2882,
  #3151,$);
#3265 = PRODUCT_RELATED_PRODUCT_CATEGORY('part',$,(#3153));
#3266 = SHAPE_DEFINITION_REPRESENTATION(#3267,#3273);
#3267 = PRODUCT_DEFINITION_SHAPE('','',#3268);
#3268 = PRODUCT_DEFINITION('design','',#3269,#3272);
#3269 = PRODUCT_DEFINITION_FORMATION('','',#3270);
#3270 = PRODUCT('SOLID','SOLID','',(#3271));
#3271 = PRODUCT_CONTEXT('',#2,'mechanical');
#3272 = PRODUCT_DEFINITION_CONTEXT('part definition',#2,'design');
#3273 = ADVANCED_BREP_SHAPE_REPRESENTATION('',(#11,#3274),#3372);
#3274 = MANIFOLD_SOLID_BREP('',#3275);
#3275 = CLOSED_SHELL('',(#3276,#3364,#3368));
#3276 = ADVANCED_FACE('',(#3277),#3290,.T.);
#3277 = FACE_BOUND('',#3278,.T.);
#3278 = EDGE_LOOP('',(#3279,#3313,#3336,#3363));
#3279 = ORIENTED_EDGE('',*,*,#3280,.F.);
#3280 = EDGE_CURVE('',#3281,#3281,#3283,.T.);
#3281 = VERTEX_POINT('',#3282);
#3282 = CARTESIAN_POINT('',(275.5156458177,-3.110602869834E-15,
    583.83914688744));
#3283 = SURFACE_CURVE('',#3284,(#3289,#3301),.PCURVE_S1.);
#3284 = CIRCLE('',#3285,12.7);
#3285 = AXIS2_PLACEMENT_3D('',#3286,#3287,#3288);
#3286 = CARTESIAN_POINT('',(263.58154953372,0.,579.4954910672));
#3287 = DIRECTION('',(-0.342020143326,0.,0.939692620786));
#3288 = DIRECTION('',(0.939692620786,0.,0.342020143326));
#3289 = PCURVE('',#3290,#3295);
#3290 = CYLINDRICAL_SURFACE('',#3291,12.7);
#3291 = AXIS2_PLACEMENT_3D('',#3292,#3293,#3294);
#3292 = CARTESIAN_POINT('',(359.34718966491,0.,316.38155724715));
#3293 = DIRECTION('',(-0.342020143326,0.,0.939692620786));
#3294 = DIRECTION('',(0.939692620786,0.,0.342020143326));
#3295 = DEFINITIONAL_REPRESENTATION('',(#3296),#3300);
#3296 = LINE('',#3297,#3298);
#3297 = CARTESIAN_POINT('',(0.,280.));
#3298 = VECTOR('',#3299,1.);
#3299 = DIRECTION('',(1.,0.));
#3300 = ( GEOMETRIC_REPRESENTATION_CONTEXT(2) 
PARAMETRIC_REPRESENTATION_CONTEXT() REPRESENTATION_CONTEXT('2D SPACE',''
  ) );
#3301 = PCURVE('',#3302,#3307);
#3302 = PLANE('',#3303);
#3303 = AXIS2_PLACEMENT_3D('',#3304,#3305,#3306);
#3304 = CARTESIAN_POINT('',(263.58154953372,0.,579.4954910672));
#3305 = DIRECTION('',(-0.342020143326,0.,0.939692620786));
#3306 = DIRECTION('',(0.939692620786,0.,0.342020143326));
#3307 = DEFINITIONAL_REPRESENTATION('',(#3308),#3312);
#3308 = CIRCLE('',#3309,12.7);
#3309 = AXIS2_PLACEMENT_2D('',#3310,#3311);
#3310 = CARTESIAN_POINT('',(0.,0.));
#3311 = DIRECTION('',(1.,0.));
#3312 = ( GEOMETRIC_REPRESENTATION_CONTEXT(2) 
PARAMETRIC_REPRESENTATION_CONTEXT() REPRESENTATION_CONTEXT('2D SPACE',''
  ) );
#3313 = ORIENTED_EDGE('',*,*,#3314,.F.);
#3314 = EDGE_CURVE('',#3315,#3281,#3317,.T.);
#3315 = VERTEX_POINT('',#3316);
#3316 = CARTESIAN_POINT('',(371.28128594889,-3.110602869834E-15,
    320.72521306739));
#3317 = SEAM_CURVE('',#3318,(#3322,#3329),.PCURVE_S1.);
#3318 = LINE('',#3319,#3320);
#3319 = CARTESIAN_POINT('',(371.28128594889,-3.110602869834E-15,
    320.72521306739));
#3320 = VECTOR('',#3321,1.);
#3321 = DIRECTION('',(-0.342020143326,-1.232595164408E-32,0.939692620786
    ));
#3322 = PCURVE('',#3290,#3323);
#3323 = DEFINITIONAL_REPRESENTATION('',(#3324),#3328);
#3324 = LINE('',#3325,#3326);
#3325 = CARTESIAN_POINT('',(6.28318530718,-0.));
#3326 = VECTOR('',#3327,1.);
#3327 = DIRECTION('',(0.,1.));
#3328 = ( GEOMETRIC_REPRESENTATION_CONTEXT(2) 
PARAMETRIC_REPRESENTATION_CONTEXT() REPRESENTATION_CONTEXT('2D SPACE',''
  ) );
#3329 = PCURVE('',#3290,#3330);
#3330 = DEFINITIONAL_REPRESENTATION('',(#3331),#3335);
#3331 = LINE('',#3332,#3333);
#3332 = CARTESIAN_POINT('',(0.,-0.));
#3333 = VECTOR('',#3334,1.);
#3334 = DIRECTION('',(0.,1.));
#3335 = ( GEOMETRIC_REPRESENTATION_CONTEXT(2) 
PARAMETRIC_REPRESENTATION_CONTEXT() REPRESENTATION_CONTEXT('2D SPACE',''
  ) );
#3336 = ORIENTED_EDGE('',*,*,#3337,.T.);
#3337 = EDGE_CURVE('',#3315,#3315,#3338,.T.);
#3338 = SURFACE_CURVE('',#3339,(#3344,#3351),.PCURVE_S1.);
#3339 = CIRCLE('',#3340,12.7);
#3340 = AXIS2_PLACEMENT_3D('',#3341,#3342,#3343);
#3341 = CARTESIAN_POINT('',(359.34718966491,0.,316.38155724715));
#3342 = DIRECTION('',(-0.342020143326,0.,0.939692620786));
#3343 = DIRECTION('',(0.939692620786,0.,0.342020143326));
#3344 = PCURVE('',#3290,#3345);
#3345 = DEFINITIONAL_REPRESENTATION('',(#3346),#3350);
#3346 = LINE('',#3347,#3348);
#3347 = CARTESIAN_POINT('',(0.,0.));
#3348 = VECTOR('',#3349,1.);
#3349 = DIRECTION('',(1.,0.));
#3350 = ( GEOMETRIC_REPRESENTATION_CONTEXT(2) 
PARAMETRIC_REPRESENTATION_CONTEXT() REPRESENTATION_CONTEXT('2D SPACE',''
  ) );
#3351 = PCURVE('',#3352,#3357);
#3352 = PLANE('',#3353);
#3353 = AXIS2_PLACEMENT_3D('',#3354,#3355,#3356);
#3354 = CARTESIAN_POINT('',(359.34718966491,0.,316.38155724715));
#3355 = DIRECTION('',(-0.342020143326,0.,0.939692620786));
#3356 = DIRECTION('',(0.939692620786,0.,0.342020143326));
#3357 = DEFINITIONAL_REPRESENTATION('',(#3358),#3362);
#3358 = CIRCLE('',#3359,12.7);
#3359 = AXIS2_PLACEMENT_2D('',#3360,#3361);
#3360 = CARTESIAN_POINT('',(0.,0.));
#3361 = DIRECTION('',(1.,0.));
#3362 = ( GEOMETRIC_REPRESENTATION_CONTEXT(2) 
PARAMETRIC_REPRESENTATION_CONTEXT() REPRESENTATION_CONTEXT('2D SPACE',''
  ) );
#3363 = ORIENTED_EDGE('',*,*,#3314,.T.);
#3364 = ADVANCED_FACE('',(#3365),#3302,.T.);
#3365 = FACE_BOUND('',#3366,.T.);
#3366 = EDGE_LOOP('',(#3367));
#3367 = ORIENTED_EDGE('',*,*,#3280,.T.);
#3368 = ADVANCED_FACE('',(#3369),#3352,.F.);
#3369 = FACE_BOUND('',#3370,.T.);
#3370 = EDGE_LOOP('',(#3371));
#3371 = ORIENTED_EDGE('',*,*,#3337,.F.);
#3372 = ( GEOMETRIC_REPRESENTATION_CONTEXT(3) 
GLOBAL_UNCERTAINTY_ASSIGNED_CONTEXT((#3376)) 
GLOBAL_UNIT_ASSIGNED_CONTEXT((#3373,#3374,#3375)) REPRESENTATION_CONTEXT
('Context #1','3D Context with UNIT and UNCERTAINTY') );
#3373 = ( LENGTH_UNIT() NAMED_UNIT(*) SI_UNIT(.MILLI.,.METRE.) );
#3374 = ( NAMED_UNIT(*) PLANE_ANGLE_UNIT() SI_UNIT($,.RADIAN.) );
#3375 = ( NAMED_UNIT(*) SI_UNIT($,.STERADIAN.) SOLID_ANGLE_UNIT() );
#3376 = UNCERTAINTY_MEASURE_WITH_UNIT(LENGTH_MEASURE(1.E-07),#3373,
  'distance_accuracy_value','confusion accuracy');
#3377 = CONTEXT_DEPENDENT_SHAPE_REPRESENTATION(#3378,#3380);
#3378 = ( REPRESENTATION_RELATIONSHIP('','',#3273,#2887) 
REPRESENTATION_RELATIONSHIP_WITH_TRANSFORMATION(#3379) 
SHAPE_REPRESENTATION_RELATIONSHIP() );
#3379 = ITEM_DEFINED_TRANSFORMATION('','',#11,#2900);
#3380 = PRODUCT_DEFINITION_SHAPE('Placement','Placement of an item',
  #3381);
#3381 = NEXT_ASSEMBLY_USAGE_OCCURRENCE('23','=>[0:1:1:25]','',#2882,
  #3268,$);
#3382 = PRODUCT_RELATED_PRODUCT_CATEGORY('part',$,(#3270));
#3383 = SHAPE_DEFINITION_REPRESENTATION(#3384,#3390);
#3384 = PRODUCT_DEFINITION_SHAPE('','',#3385);
#3385 = PRODUCT_DEFINITION('design','',#3386,#3389);
#3386 = PRODUCT_DEFINITION_FORMATION('','',#3387);
#3387 = PRODUCT('COMPOUND','COMPOUND','',(#3388));
#3388 = PRODUCT_CONTEXT('',#2,'mechanical');
#3389 = PRODUCT_DEFINITION_CONTEXT('part definition',#2,'design');
#3390 = ADVANCED_BREP_SHAPE_REPRESENTATION('',(#11,#3391),#3721);
#3391 = MANIFOLD_SOLID_BREP('',#3392);
#3392 = CLOSED_SHELL('',(#3393,#3513,#3613,#3660,#3707,#3714));
#3393 = ADVANCED_FACE('',(#3394),#3408,.F.);
#3394 = FACE_BOUND('',#3395,.F.);
#3395 = EDGE_LOOP('',(#3396,#3431,#3459,#3487));
#3396 = ORIENTED_EDGE('',*,*,#3397,.F.);
#3397 = EDGE_CURVE('',#3398,#3400,#3402,.T.);
#3398 = VERTEX_POINT('',#3399);
#3399 = CARTESIAN_POINT('',(-110.,-62.5,-30.));
#3400 = VERTEX_POINT('',#3401);
#3401 = CARTESIAN_POINT('',(-110.,-62.5,30.));
#3402 = SURFACE_CURVE('',#3403,(#3407,#3419),.PCURVE_S1.);
#3403 = LINE('',#3404,#3405);
#3404 = CARTESIAN_POINT('',(-110.,-62.5,-30.));
#3405 = VECTOR('',#3406,1.);
#3406 = DIRECTION('',(0.,0.,1.));
#3407 = PCURVE('',#3408,#3413);
#3408 = PLANE('',#3409);
#3409 = AXIS2_PLACEMENT_3D('',#3410,#3411,#3412);
#3410 = CARTESIAN_POINT('',(-110.,-62.5,-30.));
#3411 = DIRECTION('',(1.,0.,-0.));
#3412 = DIRECTION('',(0.,0.,1.));
#3413 = DEFINITIONAL_REPRESENTATION('',(#3414),#3418);
#3414 = LINE('',#3415,#3416);
#3415 = CARTESIAN_POINT('',(0.,0.));
#3416 = VECTOR('',#3417,1.);
#3417 = DIRECTION('',(1.,0.));
#3418 = ( GEOMETRIC_REPRESENTATION_CONTEXT(2) 
PARAMETRIC_REPRESENTATION_CONTEXT() REPRESENTATION_CONTEXT('2D SPACE',''
  ) );
#3419 = PCURVE('',#3420,#3425);
#3420 = PLANE('',#3421);
#3421 = AXIS2_PLACEMENT_3D('',#3422,#3423,#3424);
#3422 = CARTESIAN_POINT('',(-110.,-62.5,-30.));
#3423 = DIRECTION('',(-0.,1.,0.));
#3424 = DIRECTION('',(0.,0.,1.));
#3425 = DEFINITIONAL_REPRESENTATION('',(#3426),#3430);
#3426 = LINE('',#3427,#3428);
#3427 = CARTESIAN_POINT('',(0.,0.));
#3428 = VECTOR('',#3429,1.);
#3429 = DIRECTION('',(1.,0.));
#3430 = ( GEOMETRIC_REPRESENTATION_CONTEXT(2) 
PARAMETRIC_REPRESENTATION_CONTEXT() REPRESENTATION_CONTEXT('2D SPACE',''
  ) );
#3431 = ORIENTED_EDGE('',*,*,#3432,.T.);
#3432 = EDGE_CURVE('',#3398,#3433,#3435,.T.);
#3433 = VERTEX_POINT('',#3434);
#3434 = CARTESIAN_POINT('',(-110.,62.5,-30.));
#3435 = SURFACE_CURVE('',#3436,(#3440,#3447),.PCURVE_S1.);
#3436 = LINE('',#3437,#3438);
#3437 = CARTESIAN_POINT('',(-110.,-62.5,-30.));
#3438 = VECTOR('',#3439,1.);
#3439 = DIRECTION('',(-0.,1.,0.));
#3440 = PCURVE('',#3408,#3441);
#3441 = DEFINITIONAL_REPRESENTATION('',(#3442),#3446);
#3442 = LINE('',#3443,#3444);
#3443 = CARTESIAN_POINT('',(0.,0.));
#3444 = VECTOR('',#3445,1.);
#3445 = DIRECTION('',(0.,-1.));
#3446 = ( GEOMETRIC_REPRESENTATION_CONTEXT(2) 
PARAMETRIC_REPRESENTATION_CONTEXT() REPRESENTATION_CONTEXT('2D SPACE',''
  ) );
#3447 = PCURVE('',#3448,#3453);
#3448 = PLANE('',#3449);
#3449 = AXIS2_PLACEMENT_3D('',#3450,#3451,#3452);
#3450 = CARTESIAN_POINT('',(-110.,-62.5,-30.));
#3451 = DIRECTION('',(0.,0.,1.));
#3452 = DIRECTION('',(1.,0.,-0.));
#3453 = DEFINITIONAL_REPRESENTATION('',(#3454),#3458);
#3454 = LINE('',#3455,#3456);
#3455 = CARTESIAN_POINT('',(0.,0.));
#3456 = VECTOR('',#3457,1.);
#3457 = DIRECTION('',(0.,1.));
#3458 = ( GEOMETRIC_REPRESENTATION_CONTEXT(2) 
PARAMETRIC_REPRESENTATION_CONTEXT() REPRESENTATION_CONTEXT('2D SPACE',''
  ) );
#3459 = ORIENTED_EDGE('',*,*,#3460,.T.);
#3460 = EDGE_CURVE('',#3433,#3461,#3463,.T.);
#3461 = VERTEX_POINT('',#3462);
#3462 = CARTESIAN_POINT('',(-110.,62.5,30.));
#3463 = SURFACE_CURVE('',#3464,(#3468,#3475),.PCURVE_S1.);
#3464 = LINE('',#3465,#3466);
#3465 = CARTESIAN_POINT('',(-110.,62.5,-30.));
#3466 = VECTOR('',#3467,1.);
#3467 = DIRECTION('',(0.,0.,1.));
#3468 = PCURVE('',#3408,#3469);
#3469 = DEFINITIONAL_REPRESENTATION('',(#3470),#3474);
#3470 = LINE('',#3471,#3472);
#3471 = CARTESIAN_POINT('',(0.,-125.));
#3472 = VECTOR('',#3473,1.);
#3473 = DIRECTION('',(1.,0.));
#3474 = ( GEOMETRIC_REPRESENTATION_CONTEXT(2) 
PARAMETRIC_REPRESENTATION_CONTEXT() REPRESENTATION_CONTEXT('2D SPACE',''
  ) );
#3475 = PCURVE('',#3476,#3481);
#3476 = PLANE('',#3477);
#3477 = AXIS2_PLACEMENT_3D('',#3478,#3479,#3480);
#3478 = CARTESIAN_POINT('',(-110.,62.5,-30.));
#3479 = DIRECTION('',(-0.,1.,0.));
#3480 = DIRECTION('',(0.,0.,1.));
#3481 = DEFINITIONAL_REPRESENTATION('',(#3482),#3486);
#3482 = LINE('',#3483,#3484);
#3483 = CARTESIAN_POINT('',(0.,0.));
#3484 = VECTOR('',#3485,1.);
#3485 = DIRECTION('',(1.,0.));
#3486 = ( GEOMETRIC_REPRESENTATION_CONTEXT(2) 
PARAMETRIC_REPRESENTATION_CONTEXT() REPRESENTATION_CONTEXT('2D SPACE',''
  ) );
#3487 = ORIENTED_EDGE('',*,*,#3488,.F.);
#3488 = EDGE_CURVE('',#3400,#3461,#3489,.T.);
#3489 = SURFACE_CURVE('',#3490,(#3494,#3501),.PCURVE_S1.);
#3490 = LINE('',#3491,#3492);
#3491 = CARTESIAN_POINT('',(-110.,-62.5,30.));
#3492 = VECTOR('',#3493,1.);
#3493 = DIRECTION('',(-0.,1.,0.));
#3494 = PCURVE('',#3408,#3495);
#3495 = DEFINITIONAL_REPRESENTATION('',(#3496),#3500);
#3496 = LINE('',#3497,#3498);
#3497 = CARTESIAN_POINT('',(60.,0.));
#3498 = VECTOR('',#3499,1.);
#3499 = DIRECTION('',(0.,-1.));
#3500 = ( GEOMETRIC_REPRESENTATION_CONTEXT(2) 
PARAMETRIC_REPRESENTATION_CONTEXT() REPRESENTATION_CONTEXT('2D SPACE',''
  ) );
#3501 = PCURVE('',#3502,#3507);
#3502 = PLANE('',#3503);
#3503 = AXIS2_PLACEMENT_3D('',#3504,#3505,#3506);
#3504 = CARTESIAN_POINT('',(-110.,-62.5,30.));
#3505 = DIRECTION('',(0.,0.,1.));
#3506 = DIRECTION('',(1.,0.,-0.));
#3507 = DEFINITIONAL_REPRESENTATION('',(#3508),#3512);
#3508 = LINE('',#3509,#3510);
#3509 = CARTESIAN_POINT('',(0.,0.));
#3510 = VECTOR('',#3511,1.);
#3511 = DIRECTION('',(0.,1.));
#3512 = ( GEOMETRIC_REPRESENTATION_CONTEXT(2) 
PARAMETRIC_REPRESENTATION_CONTEXT() REPRESENTATION_CONTEXT('2D SPACE',''
  ) );
#3513 = ADVANCED_FACE('',(#3514),#3528,.T.);
#3514 = FACE_BOUND('',#3515,.T.);
#3515 = EDGE_LOOP('',(#3516,#3546,#3569,#3592));
#3516 = ORIENTED_EDGE('',*,*,#3517,.F.);
#3517 = EDGE_CURVE('',#3518,#3520,#3522,.T.);
#3518 = VERTEX_POINT('',#3519);
#3519 = CARTESIAN_POINT('',(110.,-62.5,-30.));
#3520 = VERTEX_POINT('',#3521);
#3521 = CARTESIAN_POINT('',(110.,-62.5,30.));
#3522 = SURFACE_CURVE('',#3523,(#3527,#3539),.PCURVE_S1.);
#3523 = LINE('',#3524,#3525);
#3524 = CARTESIAN_POINT('',(110.,-62.5,-30.));
#3525 = VECTOR('',#3526,1.);
#3526 = DIRECTION('',(0.,0.,1.));
#3527 = PCURVE('',#3528,#3533);
#3528 = PLANE('',#3529);
#3529 = AXIS2_PLACEMENT_3D('',#3530,#3531,#3532);
#3530 = CARTESIAN_POINT('',(110.,-62.5,-30.));
#3531 = DIRECTION('',(1.,0.,-0.));
#3532 = DIRECTION('',(0.,0.,1.));
#3533 = DEFINITIONAL_REPRESENTATION('',(#3534),#3538);
#3534 = LINE('',#3535,#3536);
#3535 = CARTESIAN_POINT('',(0.,0.));
#3536 = VECTOR('',#3537,1.);
#3537 = DIRECTION('',(1.,0.));
#3538 = ( GEOMETRIC_REPRESENTATION_CONTEXT(2) 
PARAMETRIC_REPRESENTATION_CONTEXT() REPRESENTATION_CONTEXT('2D SPACE',''
  ) );
#3539 = PCURVE('',#3420,#3540);
#3540 = DEFINITIONAL_REPRESENTATION('',(#3541),#3545);
#3541 = LINE('',#3542,#3543);
#3542 = CARTESIAN_POINT('',(0.,220.));
#3543 = VECTOR('',#3544,1.);
#3544 = DIRECTION('',(1.,0.));
#3545 = ( GEOMETRIC_REPRESENTATION_CONTEXT(2) 
PARAMETRIC_REPRESENTATION_CONTEXT() REPRESENTATION_CONTEXT('2D SPACE',''
  ) );
#3546 = ORIENTED_EDGE('',*,*,#3547,.T.);
#3547 = EDGE_CURVE('',#3518,#3548,#3550,.T.);
#3548 = VERTEX_POINT('',#3549);
#3549 = CARTESIAN_POINT('',(110.,62.5,-30.));
#3550 = SURFACE_CURVE('',#3551,(#3555,#3562),.PCURVE_S1.);
#3551 = LINE('',#3552,#3553);
#3552 = CARTESIAN_POINT('',(110.,-62.5,-30.));
#3553 = VECTOR('',#3554,1.);
#3554 = DIRECTION('',(-0.,1.,0.));
#3555 = PCURVE('',#3528,#3556);
#3556 = DEFINITIONAL_REPRESENTATION('',(#3557),#3561);
#3557 = LINE('',#3558,#3559);
#3558 = CARTESIAN_POINT('',(0.,0.));
#3559 = VECTOR('',#3560,1.);
#3560 = DIRECTION('',(0.,-1.));
#3561 = ( GEOMETRIC_REPRESENTATION_CONTEXT(2) 
PARAMETRIC_REPRESENTATION_CONTEXT() REPRESENTATION_CONTEXT('2D SPACE',''
  ) );
#3562 = PCURVE('',#3448,#3563);
#3563 = DEFINITIONAL_REPRESENTATION('',(#3564),#3568);
#3564 = LINE('',#3565,#3566);
#3565 = CARTESIAN_POINT('',(220.,0.));
#3566 = VECTOR('',#3567,1.);
#3567 = DIRECTION('',(0.,1.));
#3568 = ( GEOMETRIC_REPRESENTATION_CONTEXT(2) 
PARAMETRIC_REPRESENTATION_CONTEXT() REPRESENTATION_CONTEXT('2D SPACE',''
  ) );
#3569 = ORIENTED_EDGE('',*,*,#3570,.T.);
#3570 = EDGE_CURVE('',#3548,#3571,#3573,.T.);
#3571 = VERTEX_POINT('',#3572);
#3572 = CARTESIAN_POINT('',(110.,62.5,30.));
#3573 = SURFACE_CURVE('',#3574,(#3578,#3585),.PCURVE_S1.);
#3574 = LINE('',#3575,#3576);
#3575 = CARTESIAN_POINT('',(110.,62.5,-30.));
#3576 = VECTOR('',#3577,1.);
#3577 = DIRECTION('',(0.,0.,1.));
#3578 = PCURVE('',#3528,#3579);
#3579 = DEFINITIONAL_REPRESENTATION('',(#3580),#3584);
#3580 = LINE('',#3581,#3582);
#3581 = CARTESIAN_POINT('',(0.,-125.));
#3582 = VECTOR('',#3583,1.);
#3583 = DIRECTION('',(1.,0.));
#3584 = ( GEOMETRIC_REPRESENTATION_CONTEXT(2) 
PARAMETRIC_REPRESENTATION_CONTEXT() REPRESENTATION_CONTEXT('2D SPACE',''
  ) );
#3585 = PCURVE('',#3476,#3586);
#3586 = DEFINITIONAL_REPRESENTATION('',(#3587),#3591);
#3587 = LINE('',#3588,#3589);
#3588 = CARTESIAN_POINT('',(0.,220.));
#3589 = VECTOR('',#3590,1.);
#3590 = DIRECTION('',(1.,0.));
#3591 = ( GEOMETRIC_REPRESENTATION_CONTEXT(2) 
PARAMETRIC_REPRESENTATION_CONTEXT() REPRESENTATION_CONTEXT('2D SPACE',''
  ) );
#3592 = ORIENTED_EDGE('',*,*,#3593,.F.);
#3593 = EDGE_CURVE('',#3520,#3571,#3594,.T.);
#3594 = SURFACE_CURVE('',#3595,(#3599,#3606),.PCURVE_S1.);
#3595 = LINE('',#3596,#3597);
#3596 = CARTESIAN_POINT('',(110.,-62.5,30.));
#3597 = VECTOR('',#3598,1.);
#3598 = DIRECTION('',(-0.,1.,0.));
#3599 = PCURVE('',#3528,#3600);
#3600 = DEFINITIONAL_REPRESENTATION('',(#3601),#3605);
#3601 = LINE('',#3602,#3603);
#3602 = CARTESIAN_POINT('',(60.,0.));
#3603 = VECTOR('',#3604,1.);
#3604 = DIRECTION('',(0.,-1.));
#3605 = ( GEOMETRIC_REPRESENTATION_CONTEXT(2) 
PARAMETRIC_REPRESENTATION_CONTEXT() REPRESENTATION_CONTEXT('2D SPACE',''
  ) );
#3606 = PCURVE('',#3502,#3607);
#3607 = DEFINITIONAL_REPRESENTATION('',(#3608),#3612);
#3608 = LINE('',#3609,#3610);
#3609 = CARTESIAN_POINT('',(220.,0.));
#3610 = VECTOR('',#3611,1.);
#3611 = DIRECTION('',(0.,1.));
#3612 = ( GEOMETRIC_REPRESENTATION_CONTEXT(2) 
PARAMETRIC_REPRESENTATION_CONTEXT() REPRESENTATION_CONTEXT('2D SPACE',''
  ) );
#3613 = ADVANCED_FACE('',(#3614),#3420,.F.);
#3614 = FACE_BOUND('',#3615,.F.);
#3615 = EDGE_LOOP('',(#3616,#3637,#3638,#3659));
#3616 = ORIENTED_EDGE('',*,*,#3617,.F.);
#3617 = EDGE_CURVE('',#3398,#3518,#3618,.T.);
#3618 = SURFACE_CURVE('',#3619,(#3623,#3630),.PCURVE_S1.);
#3619 = LINE('',#3620,#3621);
#3620 = CARTESIAN_POINT('',(-110.,-62.5,-30.));
#3621 = VECTOR('',#3622,1.);
#3622 = DIRECTION('',(1.,0.,-0.));
#3623 = PCURVE('',#3420,#3624);
#3624 = DEFINITIONAL_REPRESENTATION('',(#3625),#3629);
#3625 = LINE('',#3626,#3627);
#3626 = CARTESIAN_POINT('',(0.,0.));
#3627 = VECTOR('',#3628,1.);
#3628 = DIRECTION('',(0.,1.));
#3629 = ( GEOMETRIC_REPRESENTATION_CONTEXT(2) 
PARAMETRIC_REPRESENTATION_CONTEXT() REPRESENTATION_CONTEXT('2D SPACE',''
  ) );
#3630 = PCURVE('',#3448,#3631);
#3631 = DEFINITIONAL_REPRESENTATION('',(#3632),#3636);
#3632 = LINE('',#3633,#3634);
#3633 = CARTESIAN_POINT('',(0.,0.));
#3634 = VECTOR('',#3635,1.);
#3635 = DIRECTION('',(1.,0.));
#3636 = ( GEOMETRIC_REPRESENTATION_CONTEXT(2) 
PARAMETRIC_REPRESENTATION_CONTEXT() REPRESENTATION_CONTEXT('2D SPACE',''
  ) );
#3637 = ORIENTED_EDGE('',*,*,#3397,.T.);
#3638 = ORIENTED_EDGE('',*,*,#3639,.T.);
#3639 = EDGE_CURVE('',#3400,#3520,#3640,.T.);
#3640 = SURFACE_CURVE('',#3641,(#3645,#3652),.PCURVE_S1.);
#3641 = LINE('',#3642,#3643);
#3642 = CARTESIAN_POINT('',(-110.,-62.5,30.));
#3643 = VECTOR('',#3644,1.);
#3644 = DIRECTION('',(1.,0.,-0.));
#3645 = PCURVE('',#3420,#3646);
#3646 = DEFINITIONAL_REPRESENTATION('',(#3647),#3651);
#3647 = LINE('',#3648,#3649);
#3648 = CARTESIAN_POINT('',(60.,0.));
#3649 = VECTOR('',#3650,1.);
#3650 = DIRECTION('',(0.,1.));
#3651 = ( GEOMETRIC_REPRESENTATION_CONTEXT(2) 
PARAMETRIC_REPRESENTATION_CONTEXT() REPRESENTATION_CONTEXT('2D SPACE',''
  ) );
#3652 = PCURVE('',#3502,#3653);
#3653 = DEFINITIONAL_REPRESENTATION('',(#3654),#3658);
#3654 = LINE('',#3655,#3656);
#3655 = CARTESIAN_POINT('',(0.,0.));
#3656 = VECTOR('',#3657,1.);
#3657 = DIRECTION('',(1.,0.));
#3658 = ( GEOMETRIC_REPRESENTATION_CONTEXT(2) 
PARAMETRIC_REPRESENTATION_CONTEXT() REPRESENTATION_CONTEXT('2D SPACE',''
  ) );
#3659 = ORIENTED_EDGE('',*,*,#3517,.F.);
#3660 = ADVANCED_FACE('',(#3661),#3476,.T.);
#3661 = FACE_BOUND('',#3662,.T.);
#3662 = EDGE_LOOP('',(#3663,#3684,#3685,#3706));
#3663 = ORIENTED_EDGE('',*,*,#3664,.F.);
#3664 = EDGE_CURVE('',#3433,#3548,#3665,.T.);
#3665 = SURFACE_CURVE('',#3666,(#3670,#3677),.PCURVE_S1.);
#3666 = LINE('',#3667,#3668);
#3667 = CARTESIAN_POINT('',(-110.,62.5,-30.));
#3668 = VECTOR('',#3669,1.);
#3669 = DIRECTION('',(1.,0.,-0.));
#3670 = PCURVE('',#3476,#3671);
#3671 = DEFINITIONAL_REPRESENTATION('',(#3672),#3676);
#3672 = LINE('',#3673,#3674);
#3673 = CARTESIAN_POINT('',(0.,0.));
#3674 = VECTOR('',#3675,1.);
#3675 = DIRECTION('',(0.,1.));
#3676 = ( GEOMETRIC_REPRESENTATION_CONTEXT(2) 
PARAMETRIC_REPRESENTATION_CONTEXT() REPRESENTATION_CONTEXT('2D SPACE',''
  ) );
#3677 = PCURVE('',#3448,#3678);
#3678 = DEFINITIONAL_REPRESENTATION('',(#3679),#3683);
#3679 = LINE('',#3680,#3681);
#3680 = CARTESIAN_POINT('',(0.,125.));
#3681 = VECTOR('',#3682,1.);
#3682 = DIRECTION('',(1.,0.));
#3683 = ( GEOMETRIC_REPRESENTATION_CONTEXT(2) 
PARAMETRIC_REPRESENTATION_CONTEXT() REPRESENTATION_CONTEXT('2D SPACE',''
  ) );
#3684 = ORIENTED_EDGE('',*,*,#3460,.T.);
#3685 = ORIENTED_EDGE('',*,*,#3686,.T.);
#3686 = EDGE_CURVE('',#3461,#3571,#3687,.T.);
#3687 = SURFACE_CURVE('',#3688,(#3692,#3699),.PCURVE_S1.);
#3688 = LINE('',#3689,#3690);
#3689 = CARTESIAN_POINT('',(-110.,62.5,30.));
#3690 = VECTOR('',#3691,1.);
#3691 = DIRECTION('',(1.,0.,-0.));
#3692 = PCURVE('',#3476,#3693);
#3693 = DEFINITIONAL_REPRESENTATION('',(#3694),#3698);
#3694 = LINE('',#3695,#3696);
#3695 = CARTESIAN_POINT('',(60.,0.));
#3696 = VECTOR('',#3697,1.);
#3697 = DIRECTION('',(0.,1.));
#3698 = ( GEOMETRIC_REPRESENTATION_CONTEXT(2) 
PARAMETRIC_REPRESENTATION_CONTEXT() REPRESENTATION_CONTEXT('2D SPACE',''
  ) );
#3699 = PCURVE('',#3502,#3700);
#3700 = DEFINITIONAL_REPRESENTATION('',(#3701),#3705);
#3701 = LINE('',#3702,#3703);
#3702 = CARTESIAN_POINT('',(0.,125.));
#3703 = VECTOR('',#3704,1.);
#3704 = DIRECTION('',(1.,0.));
#3705 = ( GEOMETRIC_REPRESENTATION_CONTEXT(2) 
PARAMETRIC_REPRESENTATION_CONTEXT() REPRESENTATION_CONTEXT('2D SPACE',''
  ) );
#3706 = ORIENTED_EDGE('',*,*,#3570,.F.);
#3707 = ADVANCED_FACE('',(#3708),#3448,.F.);
#3708 = FACE_BOUND('',#3709,.F.);
#3709 = EDGE_LOOP('',(#3710,#3711,#3712,#3713));
#3710 = ORIENTED_EDGE('',*,*,#3432,.F.);
#3711 = ORIENTED_EDGE('',*,*,#3617,.T.);
#3712 = ORIENTED_EDGE('',*,*,#3547,.T.);
#3713 = ORIENTED_EDGE('',*,*,#3664,.F.);
#3714 = ADVANCED_FACE('',(#3715),#3502,.T.);
#3715 = FACE_BOUND('',#3716,.T.);
#3716 = EDGE_LOOP('',(#3717,#3718,#3719,#3720));
#3717 = ORIENTED_EDGE('',*,*,#3488,.F.);
#3718 = ORIENTED_EDGE('',*,*,#3639,.T.);
#3719 = ORIENTED_EDGE('',*,*,#3593,.T.);
#3720 = ORIENTED_EDGE('',*,*,#3686,.F.);
#3721 = ( GEOMETRIC_REPRESENTATION_CONTEXT(3) 
GLOBAL_UNCERTAINTY_ASSIGNED_CONTEXT((#3725)) 
GLOBAL_UNIT_ASSIGNED_CONTEXT((#3722,#3723,#3724)) REPRESENTATION_CONTEXT
('Context #1','3D Context with UNIT and UNCERTAINTY') );
#3722 = ( LENGTH_UNIT() NAMED_UNIT(*) SI_UNIT(.MILLI.,.METRE.) );
#3723 = ( NAMED_UNIT(*) PLANE_ANGLE_UNIT() SI_UNIT($,.RADIAN.) );
#3724 = ( NAMED_UNIT(*) SI_UNIT($,.STERADIAN.) SOLID_ANGLE_UNIT() );
#3725 = UNCERTAINTY_MEASURE_WITH_UNIT(LENGTH_MEASURE(1.E-07),#3722,
  'distance_accuracy_value','confusion accuracy');
#3726 = CONTEXT_DEPENDENT_SHAPE_REPRESENTATION(#3727,#3729);
#3727 = ( REPRESENTATION_RELATIONSHIP('','',#3390,#10) 
REPRESENTATION_RELATIONSHIP_WITH_TRANSFORMATION(#3728) 
SHAPE_REPRESENTATION_RELATIONSHIP() );
#3728 = ITEM_DEFINED_TRANSFORMATION('','',#11,#27);
#3729 = PRODUCT_DEFINITION_SHAPE('Placement','Placement of an item',
  #3730);
#3730 = NEXT_ASSEMBLY_USAGE_OCCURRENCE('25','=>[0:1:1:26]','',#5,#3385,$
  );
#3731 = PRODUCT_RELATED_PRODUCT_CATEGORY('part',$,(#3387));
#3732 = SHAPE_DEFINITION_REPRESENTATION(#3733,#3739);
#3733 = PRODUCT_DEFINITION_SHAPE('','',#3734);
#3734 = PRODUCT_DEFINITION('design','',#3735,#3738);
#3735 = PRODUCT_DEFINITION_FORMATION('','',#3736);
#3736 = PRODUCT('COMPOUND','COMPOUND','',(#3737));
#3737 = PRODUCT_CONTEXT('',#2,'mechanical');
#3738 = PRODUCT_DEFINITION_CONTEXT('part definition',#2,'design');
#3739 = SHAPE_REPRESENTATION('',(#11,#3740,#3744),#3748);
#3740 = AXIS2_PLACEMENT_3D('',#3741,#3742,#3743);
#3741 = CARTESIAN_POINT('',(0.,0.,0.));
#3742 = DIRECTION('',(0.,0.,1.));
#3743 = DIRECTION('',(1.,0.,-0.));
#3744 = AXIS2_PLACEMENT_3D('',#3745,#3746,#3747);
#3745 = CARTESIAN_POINT('',(653.64439372963,0.,739.24323660081));
#3746 = DIRECTION('',(0.,0.,1.));
#3747 = DIRECTION('',(1.,0.,-0.));
#3748 = ( GEOMETRIC_REPRESENTATION_CONTEXT(3) 
GLOBAL_UNCERTAINTY_ASSIGNED_CONTEXT((#3752)) 
GLOBAL_UNIT_ASSIGNED_CONTEXT((#3749,#3750,#3751)) REPRESENTATION_CONTEXT
('Context #1','3D Context with UNIT and UNCERTAINTY') );
#3749 = ( LENGTH_UNIT() NAMED_UNIT(*) SI_UNIT(.MILLI.,.METRE.) );
#3750 = ( NAMED_UNIT(*) PLANE_ANGLE_UNIT() SI_UNIT($,.RADIAN.) );
#3751 = ( NAMED_UNIT(*) SI_UNIT($,.STERADIAN.) SOLID_ANGLE_UNIT() );
#3752 = UNCERTAINTY_MEASURE_WITH_UNIT(LENGTH_MEASURE(1.E-07),#3749,
  'distance_accuracy_value','confusion accuracy');
#3753 = CONTEXT_DEPENDENT_SHAPE_REPRESENTATION(#3754,#3756);
#3754 = ( REPRESENTATION_RELATIONSHIP('','',#3739,#10) 
REPRESENTATION_RELATIONSHIP_WITH_TRANSFORMATION(#3755) 
SHAPE_REPRESENTATION_RELATIONSHIP() );
#3755 = ITEM_DEFINED_TRANSFORMATION('','',#11,#31);
#3756 = PRODUCT_DEFINITION_SHAPE('Placement','Placement of an item',
  #3757);
#3757 = NEXT_ASSEMBLY_USAGE_OCCURRENCE('28','=>[0:1:1:27]','',#5,#3734,$
  );
#3758 = PRODUCT_RELATED_PRODUCT_CATEGORY('part',$,(#3736));
#3759 = SHAPE_DEFINITION_REPRESENTATION(#3760,#3766);
#3760 = PRODUCT_DEFINITION_SHAPE('','',#3761);
#3761 = PRODUCT_DEFINITION('design','',#3762,#3765);
#3762 = PRODUCT_DEFINITION_FORMATION('','',#3763);
#3763 = PRODUCT('SOLID','SOLID','',(#3764));
#3764 = PRODUCT_CONTEXT('',#2,'mechanical');
#3765 = PRODUCT_DEFINITION_CONTEXT('part definition',#2,'design');
#3766 = ADVANCED_BREP_SHAPE_REPRESENTATION('',(#11,#3767),#3865);
#3767 = MANIFOLD_SOLID_BREP('',#3768);
#3768 = CLOSED_SHELL('',(#3769,#3857,#3861));
#3769 = ADVANCED_FACE('',(#3770),#3783,.T.);
#3770 = FACE_BOUND('',#3771,.T.);
#3771 = EDGE_LOOP('',(#3772,#3806,#3829,#3856));
#3772 = ORIENTED_EDGE('',*,*,#3773,.F.);
#3773 = EDGE_CURVE('',#3774,#3774,#3776,.T.);
#3774 = VERTEX_POINT('',#3775);
#3775 = CARTESIAN_POINT('',(664.07498182035,-2.718715894107E-15,
    733.03966019172));
#3776 = SURFACE_CURVE('',#3777,(#3782,#3794),.PCURVE_S1.);
#3777 = CIRCLE('',#3778,11.1);
#3778 = AXIS2_PLACEMENT_3D('',#3779,#3780,#3781);
#3779 = CARTESIAN_POINT('',(653.64439372963,0.,729.24323660081));
#3780 = DIRECTION('',(-0.342020143326,0.,0.939692620786));
#3781 = DIRECTION('',(0.939692620786,0.,0.342020143326));
#3782 = PCURVE('',#3783,#3788);
#3783 = CYLINDRICAL_SURFACE('',#3784,11.1);
#3784 = AXIS2_PLACEMENT_3D('',#3785,#3786,#3787);
#3785 = CARTESIAN_POINT('',(734.01912741116,0.,508.41547071612));
#3786 = DIRECTION('',(-0.342020143326,0.,0.939692620786));
#3787 = DIRECTION('',(0.939692620786,0.,0.342020143326));
#3788 = DEFINITIONAL_REPRESENTATION('',(#3789),#3793);
#3789 = LINE('',#3790,#3791);
#3790 = CARTESIAN_POINT('',(0.,235.));
#3791 = VECTOR('',#3792,1.);
#3792 = DIRECTION('',(1.,0.));
#3793 = ( GEOMETRIC_REPRESENTATION_CONTEXT(2) 
PARAMETRIC_REPRESENTATION_CONTEXT() REPRESENTATION_CONTEXT('2D SPACE',''
  ) );
#3794 = PCURVE('',#3795,#3800);
#3795 = PLANE('',#3796);
#3796 = AXIS2_PLACEMENT_3D('',#3797,#3798,#3799);
#3797 = CARTESIAN_POINT('',(653.64439372963,0.,729.24323660081));
#3798 = DIRECTION('',(-0.342020143326,0.,0.939692620786));
#3799 = DIRECTION('',(0.939692620786,0.,0.342020143326));
#3800 = DEFINITIONAL_REPRESENTATION('',(#3801),#3805);
#3801 = CIRCLE('',#3802,11.1);
#3802 = AXIS2_PLACEMENT_2D('',#3803,#3804);
#3803 = CARTESIAN_POINT('',(0.,0.));
#3804 = DIRECTION('',(1.,0.));
#3805 = ( GEOMETRIC_REPRESENTATION_CONTEXT(2) 
PARAMETRIC_REPRESENTATION_CONTEXT() REPRESENTATION_CONTEXT('2D SPACE',''
  ) );
#3806 = ORIENTED_EDGE('',*,*,#3807,.F.);
#3807 = EDGE_CURVE('',#3808,#3774,#3810,.T.);
#3808 = VERTEX_POINT('',#3809);
#3809 = CARTESIAN_POINT('',(744.44971550188,-2.718715894107E-15,
    512.21189430704));
#3810 = SEAM_CURVE('',#3811,(#3815,#3822),.PCURVE_S1.);
#3811 = LINE('',#3812,#3813);
#3812 = CARTESIAN_POINT('',(744.44971550188,-2.718715894107E-15,
    512.21189430704));
#3813 = VECTOR('',#3814,1.);
#3814 = DIRECTION('',(-0.342020143326,-1.232595164408E-32,0.939692620786
    ));
#3815 = PCURVE('',#3783,#3816);
#3816 = DEFINITIONAL_REPRESENTATION('',(#3817),#3821);
#3817 = LINE('',#3818,#3819);
#3818 = CARTESIAN_POINT('',(6.28318530718,-0.));
#3819 = VECTOR('',#3820,1.);
#3820 = DIRECTION('',(0.,1.));
#3821 = ( GEOMETRIC_REPRESENTATION_CONTEXT(2) 
PARAMETRIC_REPRESENTATION_CONTEXT() REPRESENTATION_CONTEXT('2D SPACE',''
  ) );
#3822 = PCURVE('',#3783,#3823);
#3823 = DEFINITIONAL_REPRESENTATION('',(#3824),#3828);
#3824 = LINE('',#3825,#3826);
#3825 = CARTESIAN_POINT('',(0.,-0.));
#3826 = VECTOR('',#3827,1.);
#3827 = DIRECTION('',(0.,1.));
#3828 = ( GEOMETRIC_REPRESENTATION_CONTEXT(2) 
PARAMETRIC_REPRESENTATION_CONTEXT() REPRESENTATION_CONTEXT('2D SPACE',''
  ) );
#3829 = ORIENTED_EDGE('',*,*,#3830,.T.);
#3830 = EDGE_CURVE('',#3808,#3808,#3831,.T.);
#3831 = SURFACE_CURVE('',#3832,(#3837,#3844),.PCURVE_S1.);
#3832 = CIRCLE('',#3833,11.1);
#3833 = AXIS2_PLACEMENT_3D('',#3834,#3835,#3836);
#3834 = CARTESIAN_POINT('',(734.01912741116,0.,508.41547071612));
#3835 = DIRECTION('',(-0.342020143326,0.,0.939692620786));
#3836 = DIRECTION('',(0.939692620786,0.,0.342020143326));
#3837 = PCURVE('',#3783,#3838);
#3838 = DEFINITIONAL_REPRESENTATION('',(#3839),#3843);
#3839 = LINE('',#3840,#3841);
#3840 = CARTESIAN_POINT('',(0.,0.));
#3841 = VECTOR('',#3842,1.);
#3842 = DIRECTION('',(1.,0.));
#3843 = ( GEOMETRIC_REPRESENTATION_CONTEXT(2) 
PARAMETRIC_REPRESENTATION_CONTEXT() REPRESENTATION_CONTEXT('2D SPACE',''
  ) );
#3844 = PCURVE('',#3845,#3850);
#3845 = PLANE('',#3846);
#3846 = AXIS2_PLACEMENT_3D('',#3847,#3848,#3849);
#3847 = CARTESIAN_POINT('',(734.01912741116,0.,508.41547071612));
#3848 = DIRECTION('',(-0.342020143326,0.,0.939692620786));
#3849 = DIRECTION('',(0.939692620786,0.,0.342020143326));
#3850 = DEFINITIONAL_REPRESENTATION('',(#3851),#3855);
#3851 = CIRCLE('',#3852,11.1);
#3852 = AXIS2_PLACEMENT_2D('',#3853,#3854);
#3853 = CARTESIAN_POINT('',(0.,0.));
#3854 = DIRECTION('',(1.,0.));
#3855 = ( GEOMETRIC_REPRESENTATION_CONTEXT(2) 
PARAMETRIC_REPRESENTATION_CONTEXT() REPRESENTATION_CONTEXT('2D SPACE',''
  ) );
#3856 = ORIENTED_EDGE('',*,*,#3807,.T.);
#3857 = ADVANCED_FACE('',(#3858),#3795,.T.);
#3858 = FACE_BOUND('',#3859,.T.);
#3859 = EDGE_LOOP('',(#3860));
#3860 = ORIENTED_EDGE('',*,*,#3773,.T.);
#3861 = ADVANCED_FACE('',(#3862),#3845,.F.);
#3862 = FACE_BOUND('',#3863,.T.);
#3863 = EDGE_LOOP('',(#3864));
#3864 = ORIENTED_EDGE('',*,*,#3830,.F.);
#3865 = ( GEOMETRIC_REPRESENTATION_CONTEXT(3) 
GLOBAL_UNCERTAINTY_ASSIGNED_CONTEXT((#3869)) 
GLOBAL_UNIT_ASSIGNED_CONTEXT((#3866,#3867,#3868)) REPRESENTATION_CONTEXT
('Context #1','3D Context with UNIT and UNCERTAINTY') );
#3866 = ( LENGTH_UNIT() NAMED_UNIT(*) SI_UNIT(.MILLI.,.METRE.) );
#3867 = ( NAMED_UNIT(*) PLANE_ANGLE_UNIT() SI_UNIT($,.RADIAN.) );
#3868 = ( NAMED_UNIT(*) SI_UNIT($,.STERADIAN.) SOLID_ANGLE_UNIT() );
#3869 = UNCERTAINTY_MEASURE_WITH_UNIT(LENGTH_MEASURE(1.E-07),#3866,
  'distance_accuracy_value','confusion accuracy');
#3870 = CONTEXT_DEPENDENT_SHAPE_REPRESENTATION(#3871,#3873);
#3871 = ( REPRESENTATION_RELATIONSHIP('','',#3766,#3739) 
REPRESENTATION_RELATIONSHIP_WITH_TRANSFORMATION(#3872) 
SHAPE_REPRESENTATION_RELATIONSHIP() );
#3872 = ITEM_DEFINED_TRANSFORMATION('','',#11,#3740);
#3873 = PRODUCT_DEFINITION_SHAPE('Placement','Placement of an item',
  #3874);
#3874 = NEXT_ASSEMBLY_USAGE_OCCURRENCE('26','=>[0:1:1:28]','',#3734,
  #3761,$);
#3875 = PRODUCT_RELATED_PRODUCT_CATEGORY('part',$,(#3763));
#3876 = SHAPE_DEFINITION_REPRESENTATION(#3877,#3883);
#3877 = PRODUCT_DEFINITION_SHAPE('','',#3878);
#3878 = PRODUCT_DEFINITION('design','',#3879,#3882);
#3879 = PRODUCT_DEFINITION_FORMATION('','',#3880);
#3880 = PRODUCT('COMPOUND','COMPOUND','',(#3881));
#3881 = PRODUCT_CONTEXT('',#2,'mechanical');
#3882 = PRODUCT_DEFINITION_CONTEXT('part definition',#2,'design');
#3883 = ADVANCED_BREP_SHAPE_REPRESENTATION('',(#11,#3884),#4214);
#3884 = MANIFOLD_SOLID_BREP('',#3885);
#3885 = CLOSED_SHELL('',(#3886,#4006,#4106,#4153,#4200,#4207));
#3886 = ADVANCED_FACE('',(#3887),#3901,.F.);
#3887 = FACE_BOUND('',#3888,.F.);
#3888 = EDGE_LOOP('',(#3889,#3924,#3952,#3980));
#3889 = ORIENTED_EDGE('',*,*,#3890,.F.);
#3890 = EDGE_CURVE('',#3891,#3893,#3895,.T.);
#3891 = VERTEX_POINT('',#3892);
#3892 = CARTESIAN_POINT('',(-20.,-22.5,-15.));
#3893 = VERTEX_POINT('',#3894);
#3894 = CARTESIAN_POINT('',(-20.,-22.5,15.));
#3895 = SURFACE_CURVE('',#3896,(#3900,#3912),.PCURVE_S1.);
#3896 = LINE('',#3897,#3898);
#3897 = CARTESIAN_POINT('',(-20.,-22.5,-15.));
#3898 = VECTOR('',#3899,1.);
#3899 = DIRECTION('',(0.,0.,1.));
#3900 = PCURVE('',#3901,#3906);
#3901 = PLANE('',#3902);
#3902 = AXIS2_PLACEMENT_3D('',#3903,#3904,#3905);
#3903 = CARTESIAN_POINT('',(-20.,-22.5,-15.));
#3904 = DIRECTION('',(1.,0.,-0.));
#3905 = DIRECTION('',(0.,0.,1.));
#3906 = DEFINITIONAL_REPRESENTATION('',(#3907),#3911);
#3907 = LINE('',#3908,#3909);
#3908 = CARTESIAN_POINT('',(0.,0.));
#3909 = VECTOR('',#3910,1.);
#3910 = DIRECTION('',(1.,0.));
#3911 = ( GEOMETRIC_REPRESENTATION_CONTEXT(2) 
PARAMETRIC_REPRESENTATION_CONTEXT() REPRESENTATION_CONTEXT('2D SPACE',''
  ) );
#3912 = PCURVE('',#3913,#3918);
#3913 = PLANE('',#3914);
#3914 = AXIS2_PLACEMENT_3D('',#3915,#3916,#3917);
#3915 = CARTESIAN_POINT('',(-20.,-22.5,-15.));
#3916 = DIRECTION('',(-0.,1.,0.));
#3917 = DIRECTION('',(0.,0.,1.));
#3918 = DEFINITIONAL_REPRESENTATION('',(#3919),#3923);
#3919 = LINE('',#3920,#3921);
#3920 = CARTESIAN_POINT('',(0.,0.));
#3921 = VECTOR('',#3922,1.);
#3922 = DIRECTION('',(1.,0.));
#3923 = ( GEOMETRIC_REPRESENTATION_CONTEXT(2) 
PARAMETRIC_REPRESENTATION_CONTEXT() REPRESENTATION_CONTEXT('2D SPACE',''
  ) );
#3924 = ORIENTED_EDGE('',*,*,#3925,.T.);
#3925 = EDGE_CURVE('',#3891,#3926,#3928,.T.);
#3926 = VERTEX_POINT('',#3927);
#3927 = CARTESIAN_POINT('',(-20.,22.5,-15.));
#3928 = SURFACE_CURVE('',#3929,(#3933,#3940),.PCURVE_S1.);
#3929 = LINE('',#3930,#3931);
#3930 = CARTESIAN_POINT('',(-20.,-22.5,-15.));
#3931 = VECTOR('',#3932,1.);
#3932 = DIRECTION('',(-0.,1.,0.));
#3933 = PCURVE('',#3901,#3934);
#3934 = DEFINITIONAL_REPRESENTATION('',(#3935),#3939);
#3935 = LINE('',#3936,#3937);
#3936 = CARTESIAN_POINT('',(0.,0.));
#3937 = VECTOR('',#3938,1.);
#3938 = DIRECTION('',(0.,-1.));
#3939 = ( GEOMETRIC_REPRESENTATION_CONTEXT(2) 
PARAMETRIC_REPRESENTATION_CONTEXT() REPRESENTATION_CONTEXT('2D SPACE',''
  ) );
#3940 = PCURVE('',#3941,#3946);
#3941 = PLANE('',#3942);
#3942 = AXIS2_PLACEMENT_3D('',#3943,#3944,#3945);
#3943 = CARTESIAN_POINT('',(-20.,-22.5,-15.));
#3944 = DIRECTION('',(0.,0.,1.));
#3945 = DIRECTION('',(1.,0.,-0.));
#3946 = DEFINITIONAL_REPRESENTATION('',(#3947),#3951);
#3947 = LINE('',#3948,#3949);
#3948 = CARTESIAN_POINT('',(0.,0.));
#3949 = VECTOR('',#3950,1.);
#3950 = DIRECTION('',(0.,1.));
#3951 = ( GEOMETRIC_REPRESENTATION_CONTEXT(2) 
PARAMETRIC_REPRESENTATION_CONTEXT() REPRESENTATION_CONTEXT('2D SPACE',''
  ) );
#3952 = ORIENTED_EDGE('',*,*,#3953,.T.);
#3953 = EDGE_CURVE('',#3926,#3954,#3956,.T.);
#3954 = VERTEX_POINT('',#3955);
#3955 = CARTESIAN_POINT('',(-20.,22.5,15.));
#3956 = SURFACE_CURVE('',#3957,(#3961,#3968),.PCURVE_S1.);
#3957 = LINE('',#3958,#3959);
#3958 = CARTESIAN_POINT('',(-20.,22.5,-15.));
#3959 = VECTOR('',#3960,1.);
#3960 = DIRECTION('',(0.,0.,1.));
#3961 = PCURVE('',#3901,#3962);
#3962 = DEFINITIONAL_REPRESENTATION('',(#3963),#3967);
#3963 = LINE('',#3964,#3965);
#3964 = CARTESIAN_POINT('',(0.,-45.));
#3965 = VECTOR('',#3966,1.);
#3966 = DIRECTION('',(1.,0.));
#3967 = ( GEOMETRIC_REPRESENTATION_CONTEXT(2) 
PARAMETRIC_REPRESENTATION_CONTEXT() REPRESENTATION_CONTEXT('2D SPACE',''
  ) );
#3968 = PCURVE('',#3969,#3974);
#3969 = PLANE('',#3970);
#3970 = AXIS2_PLACEMENT_3D('',#3971,#3972,#3973);
#3971 = CARTESIAN_POINT('',(-20.,22.5,-15.));
#3972 = DIRECTION('',(-0.,1.,0.));
#3973 = DIRECTION('',(0.,0.,1.));
#3974 = DEFINITIONAL_REPRESENTATION('',(#3975),#3979);
#3975 = LINE('',#3976,#3977);
#3976 = CARTESIAN_POINT('',(0.,0.));
#3977 = VECTOR('',#3978,1.);
#3978 = DIRECTION('',(1.,0.));
#3979 = ( GEOMETRIC_REPRESENTATION_CONTEXT(2) 
PARAMETRIC_REPRESENTATION_CONTEXT() REPRESENTATION_CONTEXT('2D SPACE',''
  ) );
#3980 = ORIENTED_EDGE('',*,*,#3981,.F.);
#3981 = EDGE_CURVE('',#3893,#3954,#3982,.T.);
#3982 = SURFACE_CURVE('',#3983,(#3987,#3994),.PCURVE_S1.);
#3983 = LINE('',#3984,#3985);
#3984 = CARTESIAN_POINT('',(-20.,-22.5,15.));
#3985 = VECTOR('',#3986,1.);
#3986 = DIRECTION('',(-0.,1.,0.));
#3987 = PCURVE('',#3901,#3988);
#3988 = DEFINITIONAL_REPRESENTATION('',(#3989),#3993);
#3989 = LINE('',#3990,#3991);
#3990 = CARTESIAN_POINT('',(30.,0.));
#3991 = VECTOR('',#3992,1.);
#3992 = DIRECTION('',(0.,-1.));
#3993 = ( GEOMETRIC_REPRESENTATION_CONTEXT(2) 
PARAMETRIC_REPRESENTATION_CONTEXT() REPRESENTATION_CONTEXT('2D SPACE',''
  ) );
#3994 = PCURVE('',#3995,#4000);
#3995 = PLANE('',#3996);
#3996 = AXIS2_PLACEMENT_3D('',#3997,#3998,#3999);
#3997 = CARTESIAN_POINT('',(-20.,-22.5,15.));
#3998 = DIRECTION('',(0.,0.,1.));
#3999 = DIRECTION('',(1.,0.,-0.));
#4000 = DEFINITIONAL_REPRESENTATION('',(#4001),#4005);
#4001 = LINE('',#4002,#4003);
#4002 = CARTESIAN_POINT('',(0.,0.));
#4003 = VECTOR('',#4004,1.);
#4004 = DIRECTION('',(0.,1.));
#4005 = ( GEOMETRIC_REPRESENTATION_CONTEXT(2) 
PARAMETRIC_REPRESENTATION_CONTEXT() REPRESENTATION_CONTEXT('2D SPACE',''
  ) );
#4006 = ADVANCED_FACE('',(#4007),#4021,.T.);
#4007 = FACE_BOUND('',#4008,.T.);
#4008 = EDGE_LOOP('',(#4009,#4039,#4062,#4085));
#4009 = ORIENTED_EDGE('',*,*,#4010,.F.);
#4010 = EDGE_CURVE('',#4011,#4013,#4015,.T.);
#4011 = VERTEX_POINT('',#4012);
#4012 = CARTESIAN_POINT('',(20.,-22.5,-15.));
#4013 = VERTEX_POINT('',#4014);
#4014 = CARTESIAN_POINT('',(20.,-22.5,15.));
#4015 = SURFACE_CURVE('',#4016,(#4020,#4032),.PCURVE_S1.);
#4016 = LINE('',#4017,#4018);
#4017 = CARTESIAN_POINT('',(20.,-22.5,-15.));
#4018 = VECTOR('',#4019,1.);
#4019 = DIRECTION('',(0.,0.,1.));
#4020 = PCURVE('',#4021,#4026);
#4021 = PLANE('',#4022);
#4022 = AXIS2_PLACEMENT_3D('',#4023,#4024,#4025);
#4023 = CARTESIAN_POINT('',(20.,-22.5,-15.));
#4024 = DIRECTION('',(1.,0.,-0.));
#4025 = DIRECTION('',(0.,0.,1.));
#4026 = DEFINITIONAL_REPRESENTATION('',(#4027),#4031);
#4027 = LINE('',#4028,#4029);
#4028 = CARTESIAN_POINT('',(0.,0.));
#4029 = VECTOR('',#4030,1.);
#4030 = DIRECTION('',(1.,0.));
#4031 = ( GEOMETRIC_REPRESENTATION_CONTEXT(2) 
PARAMETRIC_REPRESENTATION_CONTEXT() REPRESENTATION_CONTEXT('2D SPACE',''
  ) );
#4032 = PCURVE('',#3913,#4033);
#4033 = DEFINITIONAL_REPRESENTATION('',(#4034),#4038);
#4034 = LINE('',#4035,#4036);
#4035 = CARTESIAN_POINT('',(0.,40.));
#4036 = VECTOR('',#4037,1.);
#4037 = DIRECTION('',(1.,0.));
#4038 = ( GEOMETRIC_REPRESENTATION_CONTEXT(2) 
PARAMETRIC_REPRESENTATION_CONTEXT() REPRESENTATION_CONTEXT('2D SPACE',''
  ) );
#4039 = ORIENTED_EDGE('',*,*,#4040,.T.);
#4040 = EDGE_CURVE('',#4011,#4041,#4043,.T.);
#4041 = VERTEX_POINT('',#4042);
#4042 = CARTESIAN_POINT('',(20.,22.5,-15.));
#4043 = SURFACE_CURVE('',#4044,(#4048,#4055),.PCURVE_S1.);
#4044 = LINE('',#4045,#4046);
#4045 = CARTESIAN_POINT('',(20.,-22.5,-15.));
#4046 = VECTOR('',#4047,1.);
#4047 = DIRECTION('',(-0.,1.,0.));
#4048 = PCURVE('',#4021,#4049);
#4049 = DEFINITIONAL_REPRESENTATION('',(#4050),#4054);
#4050 = LINE('',#4051,#4052);
#4051 = CARTESIAN_POINT('',(0.,0.));
#4052 = VECTOR('',#4053,1.);
#4053 = DIRECTION('',(0.,-1.));
#4054 = ( GEOMETRIC_REPRESENTATION_CONTEXT(2) 
PARAMETRIC_REPRESENTATION_CONTEXT() REPRESENTATION_CONTEXT('2D SPACE',''
  ) );
#4055 = PCURVE('',#3941,#4056);
#4056 = DEFINITIONAL_REPRESENTATION('',(#4057),#4061);
#4057 = LINE('',#4058,#4059);
#4058 = CARTESIAN_POINT('',(40.,0.));
#4059 = VECTOR('',#4060,1.);
#4060 = DIRECTION('',(0.,1.));
#4061 = ( GEOMETRIC_REPRESENTATION_CONTEXT(2) 
PARAMETRIC_REPRESENTATION_CONTEXT() REPRESENTATION_CONTEXT('2D SPACE',''
  ) );
#4062 = ORIENTED_EDGE('',*,*,#4063,.T.);
#4063 = EDGE_CURVE('',#4041,#4064,#4066,.T.);
#4064 = VERTEX_POINT('',#4065);
#4065 = CARTESIAN_POINT('',(20.,22.5,15.));
#4066 = SURFACE_CURVE('',#4067,(#4071,#4078),.PCURVE_S1.);
#4067 = LINE('',#4068,#4069);
#4068 = CARTESIAN_POINT('',(20.,22.5,-15.));
#4069 = VECTOR('',#4070,1.);
#4070 = DIRECTION('',(0.,0.,1.));
#4071 = PCURVE('',#4021,#4072);
#4072 = DEFINITIONAL_REPRESENTATION('',(#4073),#4077);
#4073 = LINE('',#4074,#4075);
#4074 = CARTESIAN_POINT('',(0.,-45.));
#4075 = VECTOR('',#4076,1.);
#4076 = DIRECTION('',(1.,0.));
#4077 = ( GEOMETRIC_REPRESENTATION_CONTEXT(2) 
PARAMETRIC_REPRESENTATION_CONTEXT() REPRESENTATION_CONTEXT('2D SPACE',''
  ) );
#4078 = PCURVE('',#3969,#4079);
#4079 = DEFINITIONAL_REPRESENTATION('',(#4080),#4084);
#4080 = LINE('',#4081,#4082);
#4081 = CARTESIAN_POINT('',(0.,40.));
#4082 = VECTOR('',#4083,1.);
#4083 = DIRECTION('',(1.,0.));
#4084 = ( GEOMETRIC_REPRESENTATION_CONTEXT(2) 
PARAMETRIC_REPRESENTATION_CONTEXT() REPRESENTATION_CONTEXT('2D SPACE',''
  ) );
#4085 = ORIENTED_EDGE('',*,*,#4086,.F.);
#4086 = EDGE_CURVE('',#4013,#4064,#4087,.T.);
#4087 = SURFACE_CURVE('',#4088,(#4092,#4099),.PCURVE_S1.);
#4088 = LINE('',#4089,#4090);
#4089 = CARTESIAN_POINT('',(20.,-22.5,15.));
#4090 = VECTOR('',#4091,1.);
#4091 = DIRECTION('',(-0.,1.,0.));
#4092 = PCURVE('',#4021,#4093);
#4093 = DEFINITIONAL_REPRESENTATION('',(#4094),#4098);
#4094 = LINE('',#4095,#4096);
#4095 = CARTESIAN_POINT('',(30.,0.));
#4096 = VECTOR('',#4097,1.);
#4097 = DIRECTION('',(0.,-1.));
#4098 = ( GEOMETRIC_REPRESENTATION_CONTEXT(2) 
PARAMETRIC_REPRESENTATION_CONTEXT() REPRESENTATION_CONTEXT('2D SPACE',''
  ) );
#4099 = PCURVE('',#3995,#4100);
#4100 = DEFINITIONAL_REPRESENTATION('',(#4101),#4105);
#4101 = LINE('',#4102,#4103);
#4102 = CARTESIAN_POINT('',(40.,0.));
#4103 = VECTOR('',#4104,1.);
#4104 = DIRECTION('',(0.,1.));
#4105 = ( GEOMETRIC_REPRESENTATION_CONTEXT(2) 
PARAMETRIC_REPRESENTATION_CONTEXT() REPRESENTATION_CONTEXT('2D SPACE',''
  ) );
#4106 = ADVANCED_FACE('',(#4107),#3913,.F.);
#4107 = FACE_BOUND('',#4108,.F.);
#4108 = EDGE_LOOP('',(#4109,#4130,#4131,#4152));
#4109 = ORIENTED_EDGE('',*,*,#4110,.F.);
#4110 = EDGE_CURVE('',#3891,#4011,#4111,.T.);
#4111 = SURFACE_CURVE('',#4112,(#4116,#4123),.PCURVE_S1.);
#4112 = LINE('',#4113,#4114);
#4113 = CARTESIAN_POINT('',(-20.,-22.5,-15.));
#4114 = VECTOR('',#4115,1.);
#4115 = DIRECTION('',(1.,0.,-0.));
#4116 = PCURVE('',#3913,#4117);
#4117 = DEFINITIONAL_REPRESENTATION('',(#4118),#4122);
#4118 = LINE('',#4119,#4120);
#4119 = CARTESIAN_POINT('',(0.,0.));
#4120 = VECTOR('',#4121,1.);
#4121 = DIRECTION('',(0.,1.));
#4122 = ( GEOMETRIC_REPRESENTATION_CONTEXT(2) 
PARAMETRIC_REPRESENTATION_CONTEXT() REPRESENTATION_CONTEXT('2D SPACE',''
  ) );
#4123 = PCURVE('',#3941,#4124);
#4124 = DEFINITIONAL_REPRESENTATION('',(#4125),#4129);
#4125 = LINE('',#4126,#4127);
#4126 = CARTESIAN_POINT('',(0.,0.));
#4127 = VECTOR('',#4128,1.);
#4128 = DIRECTION('',(1.,0.));
#4129 = ( GEOMETRIC_REPRESENTATION_CONTEXT(2) 
PARAMETRIC_REPRESENTATION_CONTEXT() REPRESENTATION_CONTEXT('2D SPACE',''
  ) );
#4130 = ORIENTED_EDGE('',*,*,#3890,.T.);
#4131 = ORIENTED_EDGE('',*,*,#4132,.T.);
#4132 = EDGE_CURVE('',#3893,#4013,#4133,.T.);
#4133 = SURFACE_CURVE('',#4134,(#4138,#4145),.PCURVE_S1.);
#4134 = LINE('',#4135,#4136);
#4135 = CARTESIAN_POINT('',(-20.,-22.5,15.));
#4136 = VECTOR('',#4137,1.);
#4137 = DIRECTION('',(1.,0.,-0.));
#4138 = PCURVE('',#3913,#4139);
#4139 = DEFINITIONAL_REPRESENTATION('',(#4140),#4144);
#4140 = LINE('',#4141,#4142);
#4141 = CARTESIAN_POINT('',(30.,0.));
#4142 = VECTOR('',#4143,1.);
#4143 = DIRECTION('',(0.,1.));
#4144 = ( GEOMETRIC_REPRESENTATION_CONTEXT(2) 
PARAMETRIC_REPRESENTATION_CONTEXT() REPRESENTATION_CONTEXT('2D SPACE',''
  ) );
#4145 = PCURVE('',#3995,#4146);
#4146 = DEFINITIONAL_REPRESENTATION('',(#4147),#4151);
#4147 = LINE('',#4148,#4149);
#4148 = CARTESIAN_POINT('',(0.,0.));
#4149 = VECTOR('',#4150,1.);
#4150 = DIRECTION('',(1.,0.));
#4151 = ( GEOMETRIC_REPRESENTATION_CONTEXT(2) 
PARAMETRIC_REPRESENTATION_CONTEXT() REPRESENTATION_CONTEXT('2D SPACE',''
  ) );
#4152 = ORIENTED_EDGE('',*,*,#4010,.F.);
#4153 = ADVANCED_FACE('',(#4154),#3969,.T.);
#4154 = FACE_BOUND('',#4155,.T.);
#4155 = EDGE_LOOP('',(#4156,#4177,#4178,#4199));
#4156 = ORIENTED_EDGE('',*,*,#4157,.F.);
#4157 = EDGE_CURVE('',#3926,#4041,#4158,.T.);
#4158 = SURFACE_CURVE('',#4159,(#4163,#4170),.PCURVE_S1.);
#4159 = LINE('',#4160,#4161);
#4160 = CARTESIAN_POINT('',(-20.,22.5,-15.));
#4161 = VECTOR('',#4162,1.);
#4162 = DIRECTION('',(1.,0.,-0.));
#4163 = PCURVE('',#3969,#4164);
#4164 = DEFINITIONAL_REPRESENTATION('',(#4165),#4169);
#4165 = LINE('',#4166,#4167);
#4166 = CARTESIAN_POINT('',(0.,0.));
#4167 = VECTOR('',#4168,1.);
#4168 = DIRECTION('',(0.,1.));
#4169 = ( GEOMETRIC_REPRESENTATION_CONTEXT(2) 
PARAMETRIC_REPRESENTATION_CONTEXT() REPRESENTATION_CONTEXT('2D SPACE',''
  ) );
#4170 = PCURVE('',#3941,#4171);
#4171 = DEFINITIONAL_REPRESENTATION('',(#4172),#4176);
#4172 = LINE('',#4173,#4174);
#4173 = CARTESIAN_POINT('',(0.,45.));
#4174 = VECTOR('',#4175,1.);
#4175 = DIRECTION('',(1.,0.));
#4176 = ( GEOMETRIC_REPRESENTATION_CONTEXT(2) 
PARAMETRIC_REPRESENTATION_CONTEXT() REPRESENTATION_CONTEXT('2D SPACE',''
  ) );
#4177 = ORIENTED_EDGE('',*,*,#3953,.T.);
#4178 = ORIENTED_EDGE('',*,*,#4179,.T.);
#4179 = EDGE_CURVE('',#3954,#4064,#4180,.T.);
#4180 = SURFACE_CURVE('',#4181,(#4185,#4192),.PCURVE_S1.);
#4181 = LINE('',#4182,#4183);
#4182 = CARTESIAN_POINT('',(-20.,22.5,15.));
#4183 = VECTOR('',#4184,1.);
#4184 = DIRECTION('',(1.,0.,-0.));
#4185 = PCURVE('',#3969,#4186);
#4186 = DEFINITIONAL_REPRESENTATION('',(#4187),#4191);
#4187 = LINE('',#4188,#4189);
#4188 = CARTESIAN_POINT('',(30.,0.));
#4189 = VECTOR('',#4190,1.);
#4190 = DIRECTION('',(0.,1.));
#4191 = ( GEOMETRIC_REPRESENTATION_CONTEXT(2) 
PARAMETRIC_REPRESENTATION_CONTEXT() REPRESENTATION_CONTEXT('2D SPACE',''
  ) );
#4192 = PCURVE('',#3995,#4193);
#4193 = DEFINITIONAL_REPRESENTATION('',(#4194),#4198);
#4194 = LINE('',#4195,#4196);
#4195 = CARTESIAN_POINT('',(0.,45.));
#4196 = VECTOR('',#4197,1.);
#4197 = DIRECTION('',(1.,0.));
#4198 = ( GEOMETRIC_REPRESENTATION_CONTEXT(2) 
PARAMETRIC_REPRESENTATION_CONTEXT() REPRESENTATION_CONTEXT('2D SPACE',''
  ) );
#4199 = ORIENTED_EDGE('',*,*,#4063,.F.);
#4200 = ADVANCED_FACE('',(#4201),#3941,.F.);
#4201 = FACE_BOUND('',#4202,.F.);
#4202 = EDGE_LOOP('',(#4203,#4204,#4205,#4206));
#4203 = ORIENTED_EDGE('',*,*,#3925,.F.);
#4204 = ORIENTED_EDGE('',*,*,#4110,.T.);
#4205 = ORIENTED_EDGE('',*,*,#4040,.T.);
#4206 = ORIENTED_EDGE('',*,*,#4157,.F.);
#4207 = ADVANCED_FACE('',(#4208),#3995,.T.);
#4208 = FACE_BOUND('',#4209,.T.);
#4209 = EDGE_LOOP('',(#4210,#4211,#4212,#4213));
#4210 = ORIENTED_EDGE('',*,*,#3981,.F.);
#4211 = ORIENTED_EDGE('',*,*,#4132,.T.);
#4212 = ORIENTED_EDGE('',*,*,#4086,.T.);
#4213 = ORIENTED_EDGE('',*,*,#4179,.F.);
#4214 = ( GEOMETRIC_REPRESENTATION_CONTEXT(3) 
GLOBAL_UNCERTAINTY_ASSIGNED_CONTEXT((#4218)) 
GLOBAL_UNIT_ASSIGNED_CONTEXT((#4215,#4216,#4217)) REPRESENTATION_CONTEXT
('Context #1','3D Context with UNIT and UNCERTAINTY') );
#4215 = ( LENGTH_UNIT() NAMED_UNIT(*) SI_UNIT(.MILLI.,.METRE.) );
#4216 = ( NAMED_UNIT(*) PLANE_ANGLE_UNIT() SI_UNIT($,.RADIAN.) );
#4217 = ( NAMED_UNIT(*) SI_UNIT($,.STERADIAN.) SOLID_ANGLE_UNIT() );
#4218 = UNCERTAINTY_MEASURE_WITH_UNIT(LENGTH_MEASURE(1.E-07),#4215,
  'distance_accuracy_value','confusion accuracy');
#4219 = CONTEXT_DEPENDENT_SHAPE_REPRESENTATION(#4220,#4222);
#4220 = ( REPRESENTATION_RELATIONSHIP('','',#3883,#3739) 
REPRESENTATION_RELATIONSHIP_WITH_TRANSFORMATION(#4221) 
SHAPE_REPRESENTATION_RELATIONSHIP() );
#4221 = ITEM_DEFINED_TRANSFORMATION('','',#11,#3744);
#4222 = PRODUCT_DEFINITION_SHAPE('Placement','Placement of an item',
  #4223);
#4223 = NEXT_ASSEMBLY_USAGE_OCCURRENCE('27','=>[0:1:1:29]','',#3734,
  #3878,$);
#4224 = PRODUCT_RELATED_PRODUCT_CATEGORY('part',$,(#3880));
#4225 = SHAPE_DEFINITION_REPRESENTATION(#4226,#4232);
#4226 = PRODUCT_DEFINITION_SHAPE('','',#4227);
#4227 = PRODUCT_DEFINITION('design','',#4228,#4231);
#4228 = PRODUCT_DEFINITION_FORMATION('','',#4229);
#4229 = PRODUCT('COMPOUND','COMPOUND','',(#4230));
#4230 = PRODUCT_CONTEXT('',#2,'mechanical');
#4231 = PRODUCT_DEFINITION_CONTEXT('part definition',#2,'design');
#4232 = SHAPE_REPRESENTATION('',(#11,#4233,#4237,#4241,#4245,#4249),
  #4253);
#4233 = AXIS2_PLACEMENT_3D('',#4234,#4235,#4236);
#4234 = CARTESIAN_POINT('',(0.,0.,0.));
#4235 = DIRECTION('',(0.,0.,1.));
#4236 = DIRECTION('',(1.,0.,-0.));
#4237 = AXIS2_PLACEMENT_3D('',#4238,#4239,#4240);
#4238 = CARTESIAN_POINT('',(0.,0.,0.));
#4239 = DIRECTION('',(0.,0.,1.));
#4240 = DIRECTION('',(1.,0.,-0.));
#4241 = AXIS2_PLACEMENT_3D('',#4242,#4243,#4244);
#4242 = CARTESIAN_POINT('',(0.,0.,0.));
#4243 = DIRECTION('',(0.,0.,1.));
#4244 = DIRECTION('',(1.,0.,-0.));
#4245 = AXIS2_PLACEMENT_3D('',#4246,#4247,#4248);
#4246 = CARTESIAN_POINT('',(0.,0.,0.));
#4247 = DIRECTION('',(0.,0.,1.));
#4248 = DIRECTION('',(1.,0.,-0.));
#4249 = AXIS2_PLACEMENT_3D('',#4250,#4251,#4252);
#4250 = CARTESIAN_POINT('',(0.,0.,0.));
#4251 = DIRECTION('',(0.,0.,1.));
#4252 = DIRECTION('',(1.,0.,-0.));
#4253 = ( GEOMETRIC_REPRESENTATION_CONTEXT(3) 
GLOBAL_UNCERTAINTY_ASSIGNED_CONTEXT((#4257)) 
GLOBAL_UNIT_ASSIGNED_CONTEXT((#4254,#4255,#4256)) REPRESENTATION_CONTEXT
('Context #1','3D Context with UNIT and UNCERTAINTY') );
#4254 = ( LENGTH_UNIT() NAMED_UNIT(*) SI_UNIT(.MILLI.,.METRE.) );
#4255 = ( NAMED_UNIT(*) PLANE_ANGLE_UNIT() SI_UNIT($,.RADIAN.) );
#4256 = ( NAMED_UNIT(*) SI_UNIT($,.STERADIAN.) SOLID_ANGLE_UNIT() );
#4257 = UNCERTAINTY_MEASURE_WITH_UNIT(LENGTH_MEASURE(1.E-07),#4254,
  'distance_accuracy_value','confusion accuracy');
#4258 = CONTEXT_DEPENDENT_SHAPE_REPRESENTATION(#4259,#4261);
#4259 = ( REPRESENTATION_RELATIONSHIP('','',#4232,#10) 
REPRESENTATION_RELATIONSHIP_WITH_TRANSFORMATION(#4260) 
SHAPE_REPRESENTATION_RELATIONSHIP() );
#4260 = ITEM_DEFINED_TRANSFORMATION('','',#11,#35);
#4261 = PRODUCT_DEFINITION_SHAPE('Placement','Placement of an item',
  #4262);
#4262 = NEXT_ASSEMBLY_USAGE_OCCURRENCE('34','=>[0:1:1:30]','',#5,#4227,$
  );
#4263 = PRODUCT_RELATED_PRODUCT_CATEGORY('part',$,(#4229));
#4264 = SHAPE_DEFINITION_REPRESENTATION(#4265,#4271);
#4265 = PRODUCT_DEFINITION_SHAPE('','',#4266);
#4266 = PRODUCT_DEFINITION('design','',#4267,#4270);
#4267 = PRODUCT_DEFINITION_FORMATION('','',#4268);
#4268 = PRODUCT('SOLID','SOLID','',(#4269));
#4269 = PRODUCT_CONTEXT('',#2,'mechanical');
#4270 = PRODUCT_DEFINITION_CONTEXT('part definition',#2,'design');
#4271 = ADVANCED_BREP_SHAPE_REPRESENTATION('',(#11,#4272),#4370);
#4272 = MANIFOLD_SOLID_BREP('',#4273);
#4273 = CLOSED_SHELL('',(#4274,#4362,#4366));
#4274 = ADVANCED_FACE('',(#4275),#4288,.T.);
#4275 = FACE_BOUND('',#4276,.T.);
#4276 = EDGE_LOOP('',(#4277,#4311,#4334,#4361));
#4277 = ORIENTED_EDGE('',*,*,#4278,.F.);
#4278 = EDGE_CURVE('',#4279,#4279,#4281,.T.);
#4279 = VERTEX_POINT('',#4280);
#4280 = CARTESIAN_POINT('',(653.64439372963,110.,750.34323660081));
#4281 = SURFACE_CURVE('',#4282,(#4287,#4299),.PCURVE_S1.);
#4282 = CIRCLE('',#4283,11.1);
#4283 = AXIS2_PLACEMENT_3D('',#4284,#4285,#4286);
#4284 = CARTESIAN_POINT('',(653.64439372963,110.,739.24323660081));
#4285 = DIRECTION('',(0.,1.,0.));
#4286 = DIRECTION('',(0.,-0.,1.));
#4287 = PCURVE('',#4288,#4293);
#4288 = CYLINDRICAL_SURFACE('',#4289,11.1);
#4289 = AXIS2_PLACEMENT_3D('',#4290,#4291,#4292);
#4290 = CARTESIAN_POINT('',(653.64439372963,-110.,739.24323660081));
#4291 = DIRECTION('',(0.,1.,0.));
#4292 = DIRECTION('',(0.,-0.,1.));
#4293 = DEFINITIONAL_REPRESENTATION('',(#4294),#4298);
#4294 = LINE('',#4295,#4296);
#4295 = CARTESIAN_POINT('',(0.,220.));
#4296 = VECTOR('',#4297,1.);
#4297 = DIRECTION('',(1.,0.));
#4298 = ( GEOMETRIC_REPRESENTATION_CONTEXT(2) 
PARAMETRIC_REPRESENTATION_CONTEXT() REPRESENTATION_CONTEXT('2D SPACE',''
  ) );
#4299 = PCURVE('',#4300,#4305);
#4300 = PLANE('',#4301);
#4301 = AXIS2_PLACEMENT_3D('',#4302,#4303,#4304);
#4302 = CARTESIAN_POINT('',(653.64439372963,110.,739.24323660081));
#4303 = DIRECTION('',(0.,1.,0.));
#4304 = DIRECTION('',(0.,-0.,1.));
#4305 = DEFINITIONAL_REPRESENTATION('',(#4306),#4310);
#4306 = CIRCLE('',#4307,11.1);
#4307 = AXIS2_PLACEMENT_2D('',#4308,#4309);
#4308 = CARTESIAN_POINT('',(0.,0.));
#4309 = DIRECTION('',(1.,0.));
#4310 = ( GEOMETRIC_REPRESENTATION_CONTEXT(2) 
PARAMETRIC_REPRESENTATION_CONTEXT() REPRESENTATION_CONTEXT('2D SPACE',''
  ) );
#4311 = ORIENTED_EDGE('',*,*,#4312,.F.);
#4312 = EDGE_CURVE('',#4313,#4279,#4315,.T.);
#4313 = VERTEX_POINT('',#4314);
#4314 = CARTESIAN_POINT('',(653.64439372963,-110.,750.34323660081));
#4315 = SEAM_CURVE('',#4316,(#4320,#4327),.PCURVE_S1.);
#4316 = LINE('',#4317,#4318);
#4317 = CARTESIAN_POINT('',(653.64439372963,-110.,750.34323660081));
#4318 = VECTOR('',#4319,1.);
#4319 = DIRECTION('',(0.,1.,0.));
#4320 = PCURVE('',#4288,#4321);
#4321 = DEFINITIONAL_REPRESENTATION('',(#4322),#4326);
#4322 = LINE('',#4323,#4324);
#4323 = CARTESIAN_POINT('',(6.28318530718,-0.));
#4324 = VECTOR('',#4325,1.);
#4325 = DIRECTION('',(0.,1.));
#4326 = ( GEOMETRIC_REPRESENTATION_CONTEXT(2) 
PARAMETRIC_REPRESENTATION_CONTEXT() REPRESENTATION_CONTEXT('2D SPACE',''
  ) );
#4327 = PCURVE('',#4288,#4328);
#4328 = DEFINITIONAL_REPRESENTATION('',(#4329),#4333);
#4329 = LINE('',#4330,#4331);
#4330 = CARTESIAN_POINT('',(0.,-0.));
#4331 = VECTOR('',#4332,1.);
#4332 = DIRECTION('',(0.,1.));
#4333 = ( GEOMETRIC_REPRESENTATION_CONTEXT(2) 
PARAMETRIC_REPRESENTATION_CONTEXT() REPRESENTATION_CONTEXT('2D SPACE',''
  ) );
#4334 = ORIENTED_EDGE('',*,*,#4335,.T.);
#4335 = EDGE_CURVE('',#4313,#4313,#4336,.T.);
#4336 = SURFACE_CURVE('',#4337,(#4342,#4349),.PCURVE_S1.);
#4337 = CIRCLE('',#4338,11.1);
#4338 = AXIS2_PLACEMENT_3D('',#4339,#4340,#4341);
#4339 = CARTESIAN_POINT('',(653.64439372963,-110.,739.24323660081));
#4340 = DIRECTION('',(0.,1.,0.));
#4341 = DIRECTION('',(0.,-0.,1.));
#4342 = PCURVE('',#4288,#4343);
#4343 = DEFINITIONAL_REPRESENTATION('',(#4344),#4348);
#4344 = LINE('',#4345,#4346);
#4345 = CARTESIAN_POINT('',(0.,0.));
#4346 = VECTOR('',#4347,1.);
#4347 = DIRECTION('',(1.,0.));
#4348 = ( GEOMETRIC_REPRESENTATION_CONTEXT(2) 
PARAMETRIC_REPRESENTATION_CONTEXT() REPRESENTATION_CONTEXT('2D SPACE',''
  ) );
#4349 = PCURVE('',#4350,#4355);
#4350 = PLANE('',#4351);
#4351 = AXIS2_PLACEMENT_3D('',#4352,#4353,#4354);
#4352 = CARTESIAN_POINT('',(653.64439372963,-110.,739.24323660081));
#4353 = DIRECTION('',(0.,1.,0.));
#4354 = DIRECTION('',(0.,-0.,1.));
#4355 = DEFINITIONAL_REPRESENTATION('',(#4356),#4360);
#4356 = CIRCLE('',#4357,11.1);
#4357 = AXIS2_PLACEMENT_2D('',#4358,#4359);
#4358 = CARTESIAN_POINT('',(0.,0.));
#4359 = DIRECTION('',(1.,0.));
#4360 = ( GEOMETRIC_REPRESENTATION_CONTEXT(2) 
PARAMETRIC_REPRESENTATION_CONTEXT() REPRESENTATION_CONTEXT('2D SPACE',''
  ) );
#4361 = ORIENTED_EDGE('',*,*,#4312,.T.);
#4362 = ADVANCED_FACE('',(#4363),#4300,.T.);
#4363 = FACE_BOUND('',#4364,.T.);
#4364 = EDGE_LOOP('',(#4365));
#4365 = ORIENTED_EDGE('',*,*,#4278,.T.);
#4366 = ADVANCED_FACE('',(#4367),#4350,.F.);
#4367 = FACE_BOUND('',#4368,.T.);
#4368 = EDGE_LOOP('',(#4369));
#4369 = ORIENTED_EDGE('',*,*,#4335,.F.);
#4370 = ( GEOMETRIC_REPRESENTATION_CONTEXT(3) 
GLOBAL_UNCERTAINTY_ASSIGNED_CONTEXT((#4374)) 
GLOBAL_UNIT_ASSIGNED_CONTEXT((#4371,#4372,#4373)) REPRESENTATION_CONTEXT
('Context #1','3D Context with UNIT and UNCERTAINTY') );
#4371 = ( LENGTH_UNIT() NAMED_UNIT(*) SI_UNIT(.MILLI.,.METRE.) );
#4372 = ( NAMED_UNIT(*) PLANE_ANGLE_UNIT() SI_UNIT($,.RADIAN.) );
#4373 = ( NAMED_UNIT(*) SI_UNIT($,.STERADIAN.) SOLID_ANGLE_UNIT() );
#4374 = UNCERTAINTY_MEASURE_WITH_UNIT(LENGTH_MEASURE(1.E-07),#4371,
  'distance_accuracy_value','confusion accuracy');
#4375 = CONTEXT_DEPENDENT_SHAPE_REPRESENTATION(#4376,#4378);
#4376 = ( REPRESENTATION_RELATIONSHIP('','',#4271,#4232) 
REPRESENTATION_RELATIONSHIP_WITH_TRANSFORMATION(#4377) 
SHAPE_REPRESENTATION_RELATIONSHIP() );
#4377 = ITEM_DEFINED_TRANSFORMATION('','',#11,#4233);
#4378 = PRODUCT_DEFINITION_SHAPE('Placement','Placement of an item',
  #4379);
#4379 = NEXT_ASSEMBLY_USAGE_OCCURRENCE('29','=>[0:1:1:31]','',#4227,
  #4266,$);
#4380 = PRODUCT_RELATED_PRODUCT_CATEGORY('part',$,(#4268));
#4381 = SHAPE_DEFINITION_REPRESENTATION(#4382,#4388);
#4382 = PRODUCT_DEFINITION_SHAPE('','',#4383);
#4383 = PRODUCT_DEFINITION('design','',#4384,#4387);
#4384 = PRODUCT_DEFINITION_FORMATION('','',#4385);
#4385 = PRODUCT('SOLID','SOLID','',(#4386));
#4386 = PRODUCT_CONTEXT('',#2,'mechanical');
#4387 = PRODUCT_DEFINITION_CONTEXT('part definition',#2,'design');
#4388 = ADVANCED_BREP_SHAPE_REPRESENTATION('',(#11,#4389),#4487);
#4389 = MANIFOLD_SOLID_BREP('',#4390);
#4390 = CLOSED_SHELL('',(#4391,#4479,#4483));
#4391 = ADVANCED_FACE('',(#4392),#4405,.T.);
#4392 = FACE_BOUND('',#4393,.T.);
#4393 = EDGE_LOOP('',(#4394,#4428,#4451,#4478));
#4394 = ORIENTED_EDGE('',*,*,#4395,.F.);
#4395 = EDGE_CURVE('',#4396,#4396,#4398,.T.);
#4396 = VERTEX_POINT('',#4397);
#4397 = CARTESIAN_POINT('',(537.15452193241,-160.5303846083,
    764.24323660081));
#4398 = SURFACE_CURVE('',#4399,(#4404,#4416),.PCURVE_S1.);
#4399 = CIRCLE('',#4400,11.1);
#4400 = AXIS2_PLACEMENT_3D('',#4401,#4402,#4403);
#4401 = CARTESIAN_POINT('',(533.64439372963,-150.,764.24323660081));
#4402 = DIRECTION('',(-0.930680081195,-0.310226693732,0.193891683582));
#4403 = DIRECTION('',(0.316227766017,-0.948683298051,0.));
#4404 = PCURVE('',#4405,#4410);
#4405 = CYLINDRICAL_SURFACE('',#4406,11.1);
#4406 = AXIS2_PLACEMENT_3D('',#4407,#4408,#4409);
#4407 = CARTESIAN_POINT('',(653.64439372963,-110.,739.24323660081));
#4408 = DIRECTION('',(-0.930680081195,-0.310226693732,0.193891683582));
#4409 = DIRECTION('',(0.316227766017,-0.948683298051,0.));
#4410 = DEFINITIONAL_REPRESENTATION('',(#4411),#4415);
#4411 = LINE('',#4412,#4413);
#4412 = CARTESIAN_POINT('',(0.,128.93796958227));
#4413 = VECTOR('',#4414,1.);
#4414 = DIRECTION('',(1.,0.));
#4415 = ( GEOMETRIC_REPRESENTATION_CONTEXT(2) 
PARAMETRIC_REPRESENTATION_CONTEXT() REPRESENTATION_CONTEXT('2D SPACE',''
  ) );
#4416 = PCURVE('',#4417,#4422);
#4417 = PLANE('',#4418);
#4418 = AXIS2_PLACEMENT_3D('',#4419,#4420,#4421);
#4419 = CARTESIAN_POINT('',(533.64439372963,-150.,764.24323660081));
#4420 = DIRECTION('',(-0.930680081195,-0.310226693732,0.193891683582));
#4421 = DIRECTION('',(0.316227766017,-0.948683298051,0.));
#4422 = DEFINITIONAL_REPRESENTATION('',(#4423),#4427);
#4423 = CIRCLE('',#4424,11.1);
#4424 = AXIS2_PLACEMENT_2D('',#4425,#4426);
#4425 = CARTESIAN_POINT('',(0.,0.));
#4426 = DIRECTION('',(1.,0.));
#4427 = ( GEOMETRIC_REPRESENTATION_CONTEXT(2) 
PARAMETRIC_REPRESENTATION_CONTEXT() REPRESENTATION_CONTEXT('2D SPACE',''
  ) );
#4428 = ORIENTED_EDGE('',*,*,#4429,.F.);
#4429 = EDGE_CURVE('',#4430,#4396,#4432,.T.);
#4430 = VERTEX_POINT('',#4431);
#4431 = CARTESIAN_POINT('',(657.15452193241,-120.5303846083,
    739.24323660081));
#4432 = SEAM_CURVE('',#4433,(#4437,#4444),.PCURVE_S1.);
#4433 = LINE('',#4434,#4435);
#4434 = CARTESIAN_POINT('',(657.15452193241,-120.5303846083,
    739.24323660081));
#4435 = VECTOR('',#4436,1.);
#4436 = DIRECTION('',(-0.930680081195,-0.310226693732,0.193891683582));
#4437 = PCURVE('',#4405,#4438);
#4438 = DEFINITIONAL_REPRESENTATION('',(#4439),#4443);
#4439 = LINE('',#4440,#4441);
#4440 = CARTESIAN_POINT('',(6.28318530718,-0.));
#4441 = VECTOR('',#4442,1.);
#4442 = DIRECTION('',(0.,1.));
#4443 = ( GEOMETRIC_REPRESENTATION_CONTEXT(2) 
PARAMETRIC_REPRESENTATION_CONTEXT() REPRESENTATION_CONTEXT('2D SPACE',''
  ) );
#4444 = PCURVE('',#4405,#4445);
#4445 = DEFINITIONAL_REPRESENTATION('',(#4446),#4450);
#4446 = LINE('',#4447,#4448);
#4447 = CARTESIAN_POINT('',(0.,-0.));
#4448 = VECTOR('',#4449,1.);
#4449 = DIRECTION('',(0.,1.));
#4450 = ( GEOMETRIC_REPRESENTATION_CONTEXT(2) 
PARAMETRIC_REPRESENTATION_CONTEXT() REPRESENTATION_CONTEXT('2D SPACE',''
  ) );
#4451 = ORIENTED_EDGE('',*,*,#4452,.T.);
#4452 = EDGE_CURVE('',#4430,#4430,#4453,.T.);
#4453 = SURFACE_CURVE('',#4454,(#4459,#4466),.PCURVE_S1.);
#4454 = CIRCLE('',#4455,11.1);
#4455 = AXIS2_PLACEMENT_3D('',#4456,#4457,#4458);
#4456 = CARTESIAN_POINT('',(653.64439372963,-110.,739.24323660081));
#4457 = DIRECTION('',(-0.930680081195,-0.310226693732,0.193891683582));
#4458 = DIRECTION('',(0.316227766017,-0.948683298051,0.));
#4459 = PCURVE('',#4405,#4460);
#4460 = DEFINITIONAL_REPRESENTATION('',(#4461),#4465);
#4461 = LINE('',#4462,#4463);
#4462 = CARTESIAN_POINT('',(0.,0.));
#4463 = VECTOR('',#4464,1.);
#4464 = DIRECTION('',(1.,0.));
#4465 = ( GEOMETRIC_REPRESENTATION_CONTEXT(2) 
PARAMETRIC_REPRESENTATION_CONTEXT() REPRESENTATION_CONTEXT('2D SPACE',''
  ) );
#4466 = PCURVE('',#4467,#4472);
#4467 = PLANE('',#4468);
#4468 = AXIS2_PLACEMENT_3D('',#4469,#4470,#4471);
#4469 = CARTESIAN_POINT('',(653.64439372963,-110.,739.24323660081));
#4470 = DIRECTION('',(-0.930680081195,-0.310226693732,0.193891683582));
#4471 = DIRECTION('',(0.316227766017,-0.948683298051,0.));
#4472 = DEFINITIONAL_REPRESENTATION('',(#4473),#4477);
#4473 = CIRCLE('',#4474,11.1);
#4474 = AXIS2_PLACEMENT_2D('',#4475,#4476);
#4475 = CARTESIAN_POINT('',(0.,0.));
#4476 = DIRECTION('',(1.,0.));
#4477 = ( GEOMETRIC_REPRESENTATION_CONTEXT(2) 
PARAMETRIC_REPRESENTATION_CONTEXT() REPRESENTATION_CONTEXT('2D SPACE',''
  ) );
#4478 = ORIENTED_EDGE('',*,*,#4429,.T.);
#4479 = ADVANCED_FACE('',(#4480),#4417,.T.);
#4480 = FACE_BOUND('',#4481,.T.);
#4481 = EDGE_LOOP('',(#4482));
#4482 = ORIENTED_EDGE('',*,*,#4395,.T.);
#4483 = ADVANCED_FACE('',(#4484),#4467,.F.);
#4484 = FACE_BOUND('',#4485,.T.);
#4485 = EDGE_LOOP('',(#4486));
#4486 = ORIENTED_EDGE('',*,*,#4452,.F.);
#4487 = ( GEOMETRIC_REPRESENTATION_CONTEXT(3) 
GLOBAL_UNCERTAINTY_ASSIGNED_CONTEXT((#4491)) 
GLOBAL_UNIT_ASSIGNED_CONTEXT((#4488,#4489,#4490)) REPRESENTATION_CONTEXT
('Context #1','3D Context with UNIT and UNCERTAINTY') );
#4488 = ( LENGTH_UNIT() NAMED_UNIT(*) SI_UNIT(.MILLI.,.METRE.) );
#4489 = ( NAMED_UNIT(*) PLANE_ANGLE_UNIT() SI_UNIT($,.RADIAN.) );
#4490 = ( NAMED_UNIT(*) SI_UNIT($,.STERADIAN.) SOLID_ANGLE_UNIT() );
#4491 = UNCERTAINTY_MEASURE_WITH_UNIT(LENGTH_MEASURE(1.E-07),#4488,
  'distance_accuracy_value','confusion accuracy');
#4492 = CONTEXT_DEPENDENT_SHAPE_REPRESENTATION(#4493,#4495);
#4493 = ( REPRESENTATION_RELATIONSHIP('','',#4388,#4232) 
REPRESENTATION_RELATIONSHIP_WITH_TRANSFORMATION(#4494) 
SHAPE_REPRESENTATION_RELATIONSHIP() );
#4494 = ITEM_DEFINED_TRANSFORMATION('','',#11,#4237);
#4495 = PRODUCT_DEFINITION_SHAPE('Placement','Placement of an item',
  #4496);
#4496 = NEXT_ASSEMBLY_USAGE_OCCURRENCE('30','=>[0:1:1:32]','',#4227,
  #4383,$);
#4497 = PRODUCT_RELATED_PRODUCT_CATEGORY('part',$,(#4385));
#4498 = SHAPE_DEFINITION_REPRESENTATION(#4499,#4505);
#4499 = PRODUCT_DEFINITION_SHAPE('','',#4500);
#4500 = PRODUCT_DEFINITION('design','',#4501,#4504);
#4501 = PRODUCT_DEFINITION_FORMATION('','',#4502);
#4502 = PRODUCT('SOLID','SOLID','',(#4503));
#4503 = PRODUCT_CONTEXT('',#2,'mechanical');
#4504 = PRODUCT_DEFINITION_CONTEXT('part definition',#2,'design');
#4505 = ADVANCED_BREP_SHAPE_REPRESENTATION('',(#11,#4506),#4604);
#4506 = MANIFOLD_SOLID_BREP('',#4507);
#4507 = CLOSED_SHELL('',(#4508,#4596,#4600));
#4508 = ADVANCED_FACE('',(#4509),#4522,.T.);
#4509 = FACE_BOUND('',#4510,.T.);
#4510 = EDGE_LOOP('',(#4511,#4545,#4568,#4595));
#4511 = ORIENTED_EDGE('',*,*,#4512,.F.);
#4512 = EDGE_CURVE('',#4513,#4513,#4515,.T.);
#4513 = VERTEX_POINT('',#4514);
#4514 = CARTESIAN_POINT('',(469.98889656769,-253.7929558354,
    764.24323660081));
#4515 = SURFACE_CURVE('',#4516,(#4521,#4533),.PCURVE_S1.);
#4516 = CIRCLE('',#4517,15.);
#4517 = AXIS2_PLACEMENT_3D('',#4518,#4519,#4520);
#4518 = CARTESIAN_POINT('',(483.64439372963,-260.,764.24323660081));
#4519 = DIRECTION('',(-0.413802944301,-0.910366477463,0.));
#4520 = DIRECTION('',(-0.910366477463,0.413802944301,0.));
#4521 = PCURVE('',#4522,#4527);
#4522 = CYLINDRICAL_SURFACE('',#4523,15.);
#4523 = AXIS2_PLACEMENT_3D('',#4524,#4525,#4526);
#4524 = CARTESIAN_POINT('',(533.64439372963,-150.,764.24323660081));
#4525 = DIRECTION('',(-0.413802944301,-0.910366477463,0.));
#4526 = DIRECTION('',(-0.910366477463,0.413802944301,0.));
#4527 = DEFINITIONAL_REPRESENTATION('',(#4528),#4532);
#4528 = LINE('',#4529,#4530);
#4529 = CARTESIAN_POINT('',(0.,120.83045973594));
#4530 = VECTOR('',#4531,1.);
#4531 = DIRECTION('',(1.,0.));
#4532 = ( GEOMETRIC_REPRESENTATION_CONTEXT(2) 
PARAMETRIC_REPRESENTATION_CONTEXT() REPRESENTATION_CONTEXT('2D SPACE',''
  ) );
#4533 = PCURVE('',#4534,#4539);
#4534 = PLANE('',#4535);
#4535 = AXIS2_PLACEMENT_3D('',#4536,#4537,#4538);
#4536 = CARTESIAN_POINT('',(483.64439372963,-260.,764.24323660081));
#4537 = DIRECTION('',(-0.413802944301,-0.910366477463,0.));
#4538 = DIRECTION('',(-0.910366477463,0.413802944301,0.));
#4539 = DEFINITIONAL_REPRESENTATION('',(#4540),#4544);
#4540 = CIRCLE('',#4541,15.);
#4541 = AXIS2_PLACEMENT_2D('',#4542,#4543);
#4542 = CARTESIAN_POINT('',(0.,0.));
#4543 = DIRECTION('',(1.,0.));
#4544 = ( GEOMETRIC_REPRESENTATION_CONTEXT(2) 
PARAMETRIC_REPRESENTATION_CONTEXT() REPRESENTATION_CONTEXT('2D SPACE',''
  ) );
#4545 = ORIENTED_EDGE('',*,*,#4546,.F.);
#4546 = EDGE_CURVE('',#4547,#4513,#4549,.T.);
#4547 = VERTEX_POINT('',#4548);
#4548 = CARTESIAN_POINT('',(519.98889656769,-143.7929558354,
    764.24323660081));
#4549 = SEAM_CURVE('',#4550,(#4554,#4561),.PCURVE_S1.);
#4550 = LINE('',#4551,#4552);
#4551 = CARTESIAN_POINT('',(519.98889656769,-143.7929558354,
    764.24323660081));
#4552 = VECTOR('',#4553,1.);
#4553 = DIRECTION('',(-0.413802944301,-0.910366477463,0.));
#4554 = PCURVE('',#4522,#4555);
#4555 = DEFINITIONAL_REPRESENTATION('',(#4556),#4560);
#4556 = LINE('',#4557,#4558);
#4557 = CARTESIAN_POINT('',(6.28318530718,-0.));
#4558 = VECTOR('',#4559,1.);
#4559 = DIRECTION('',(0.,1.));
#4560 = ( GEOMETRIC_REPRESENTATION_CONTEXT(2) 
PARAMETRIC_REPRESENTATION_CONTEXT() REPRESENTATION_CONTEXT('2D SPACE',''
  ) );
#4561 = PCURVE('',#4522,#4562);
#4562 = DEFINITIONAL_REPRESENTATION('',(#4563),#4567);
#4563 = LINE('',#4564,#4565);
#4564 = CARTESIAN_POINT('',(0.,-0.));
#4565 = VECTOR('',#4566,1.);
#4566 = DIRECTION('',(0.,1.));
#4567 = ( GEOMETRIC_REPRESENTATION_CONTEXT(2) 
PARAMETRIC_REPRESENTATION_CONTEXT() REPRESENTATION_CONTEXT('2D SPACE',''
  ) );
#4568 = ORIENTED_EDGE('',*,*,#4569,.T.);
#4569 = EDGE_CURVE('',#4547,#4547,#4570,.T.);
#4570 = SURFACE_CURVE('',#4571,(#4576,#4583),.PCURVE_S1.);
#4571 = CIRCLE('',#4572,15.);
#4572 = AXIS2_PLACEMENT_3D('',#4573,#4574,#4575);
#4573 = CARTESIAN_POINT('',(533.64439372963,-150.,764.24323660081));
#4574 = DIRECTION('',(-0.413802944301,-0.910366477463,0.));
#4575 = DIRECTION('',(-0.910366477463,0.413802944301,0.));
#4576 = PCURVE('',#4522,#4577);
#4577 = DEFINITIONAL_REPRESENTATION('',(#4578),#4582);
#4578 = LINE('',#4579,#4580);
#4579 = CARTESIAN_POINT('',(0.,0.));
#4580 = VECTOR('',#4581,1.);
#4581 = DIRECTION('',(1.,0.));
#4582 = ( GEOMETRIC_REPRESENTATION_CONTEXT(2) 
PARAMETRIC_REPRESENTATION_CONTEXT() REPRESENTATION_CONTEXT('2D SPACE',''
  ) );
#4583 = PCURVE('',#4584,#4589);
#4584 = PLANE('',#4585);
#4585 = AXIS2_PLACEMENT_3D('',#4586,#4587,#4588);
#4586 = CARTESIAN_POINT('',(533.64439372963,-150.,764.24323660081));
#4587 = DIRECTION('',(-0.413802944301,-0.910366477463,0.));
#4588 = DIRECTION('',(-0.910366477463,0.413802944301,0.));
#4589 = DEFINITIONAL_REPRESENTATION('',(#4590),#4594);
#4590 = CIRCLE('',#4591,15.);
#4591 = AXIS2_PLACEMENT_2D('',#4592,#4593);
#4592 = CARTESIAN_POINT('',(0.,0.));
#4593 = DIRECTION('',(1.,0.));
#4594 = ( GEOMETRIC_REPRESENTATION_CONTEXT(2) 
PARAMETRIC_REPRESENTATION_CONTEXT() REPRESENTATION_CONTEXT('2D SPACE',''
  ) );
#4595 = ORIENTED_EDGE('',*,*,#4546,.T.);
#4596 = ADVANCED_FACE('',(#4597),#4534,.T.);
#4597 = FACE_BOUND('',#4598,.T.);
#4598 = EDGE_LOOP('',(#4599));
#4599 = ORIENTED_EDGE('',*,*,#4512,.T.);
#4600 = ADVANCED_FACE('',(#4601),#4584,.F.);
#4601 = FACE_BOUND('',#4602,.T.);
#4602 = EDGE_LOOP('',(#4603));
#4603 = ORIENTED_EDGE('',*,*,#4569,.F.);
#4604 = ( GEOMETRIC_REPRESENTATION_CONTEXT(3) 
GLOBAL_UNCERTAINTY_ASSIGNED_CONTEXT((#4608)) 
GLOBAL_UNIT_ASSIGNED_CONTEXT((#4605,#4606,#4607)) REPRESENTATION_CONTEXT
('Context #1','3D Context with UNIT and UNCERTAINTY') );
#4605 = ( LENGTH_UNIT() NAMED_UNIT(*) SI_UNIT(.MILLI.,.METRE.) );
#4606 = ( NAMED_UNIT(*) PLANE_ANGLE_UNIT() SI_UNIT($,.RADIAN.) );
#4607 = ( NAMED_UNIT(*) SI_UNIT($,.STERADIAN.) SOLID_ANGLE_UNIT() );
#4608 = UNCERTAINTY_MEASURE_WITH_UNIT(LENGTH_MEASURE(1.E-07),#4605,
  'distance_accuracy_value','confusion accuracy');
#4609 = CONTEXT_DEPENDENT_SHAPE_REPRESENTATION(#4610,#4612);
#4610 = ( REPRESENTATION_RELATIONSHIP('','',#4505,#4232) 
REPRESENTATION_RELATIONSHIP_WITH_TRANSFORMATION(#4611) 
SHAPE_REPRESENTATION_RELATIONSHIP() );
#4611 = ITEM_DEFINED_TRANSFORMATION('','',#11,#4241);
#4612 = PRODUCT_DEFINITION_SHAPE('Placement','Placement of an item',
  #4613);
#4613 = NEXT_ASSEMBLY_USAGE_OCCURRENCE('31','=>[0:1:1:33]','',#4227,
  #4500,$);
#4614 = PRODUCT_RELATED_PRODUCT_CATEGORY('part',$,(#4502));
#4615 = SHAPE_DEFINITION_REPRESENTATION(#4616,#4622);
#4616 = PRODUCT_DEFINITION_SHAPE('','',#4617);
#4617 = PRODUCT_DEFINITION('design','',#4618,#4621);
#4618 = PRODUCT_DEFINITION_FORMATION('','',#4619);
#4619 = PRODUCT('SOLID','SOLID','',(#4620));
#4620 = PRODUCT_CONTEXT('',#2,'mechanical');
#4621 = PRODUCT_DEFINITION_CONTEXT('part definition',#2,'design');
#4622 = ADVANCED_BREP_SHAPE_REPRESENTATION('',(#11,#4623),#4721);
#4623 = MANIFOLD_SOLID_BREP('',#4624);
#4624 = CLOSED_SHELL('',(#4625,#4713,#4717));
#4625 = ADVANCED_FACE('',(#4626),#4639,.T.);
#4626 = FACE_BOUND('',#4627,.T.);
#4627 = EDGE_LOOP('',(#4628,#4662,#4685,#4712));
#4628 = ORIENTED_EDGE('',*,*,#4629,.F.);
#4629 = EDGE_CURVE('',#4630,#4630,#4632,.T.);
#4630 = VERTEX_POINT('',#4631);
#4631 = CARTESIAN_POINT('',(530.13426552684,139.46961539163,
    764.24323660081));
#4632 = SURFACE_CURVE('',#4633,(#4638,#4650),.PCURVE_S1.);
#4633 = CIRCLE('',#4634,11.1);
#4634 = AXIS2_PLACEMENT_3D('',#4635,#4636,#4637);
#4635 = CARTESIAN_POINT('',(533.64439372963,150.,764.24323660081));
#4636 = DIRECTION('',(-0.930680081195,0.310226693732,0.193891683582));
#4637 = DIRECTION('',(-0.316227766017,-0.948683298051,0.));
#4638 = PCURVE('',#4639,#4644);
#4639 = CYLINDRICAL_SURFACE('',#4640,11.1);
#4640 = AXIS2_PLACEMENT_3D('',#4641,#4642,#4643);
#4641 = CARTESIAN_POINT('',(653.64439372963,110.,739.24323660081));
#4642 = DIRECTION('',(-0.930680081195,0.310226693732,0.193891683582));
#4643 = DIRECTION('',(-0.316227766017,-0.948683298051,0.));
#4644 = DEFINITIONAL_REPRESENTATION('',(#4645),#4649);
#4645 = LINE('',#4646,#4647);
#4646 = CARTESIAN_POINT('',(0.,128.93796958227));
#4647 = VECTOR('',#4648,1.);
#4648 = DIRECTION('',(1.,0.));
#4649 = ( GEOMETRIC_REPRESENTATION_CONTEXT(2) 
PARAMETRIC_REPRESENTATION_CONTEXT() REPRESENTATION_CONTEXT('2D SPACE',''
  ) );
#4650 = PCURVE('',#4651,#4656);
#4651 = PLANE('',#4652);
#4652 = AXIS2_PLACEMENT_3D('',#4653,#4654,#4655);
#4653 = CARTESIAN_POINT('',(533.64439372963,150.,764.24323660081));
#4654 = DIRECTION('',(-0.930680081195,0.310226693732,0.193891683582));
#4655 = DIRECTION('',(-0.316227766017,-0.948683298051,0.));
#4656 = DEFINITIONAL_REPRESENTATION('',(#4657),#4661);
#4657 = CIRCLE('',#4658,11.1);
#4658 = AXIS2_PLACEMENT_2D('',#4659,#4660);
#4659 = CARTESIAN_POINT('',(0.,0.));
#4660 = DIRECTION('',(1.,0.));
#4661 = ( GEOMETRIC_REPRESENTATION_CONTEXT(2) 
PARAMETRIC_REPRESENTATION_CONTEXT() REPRESENTATION_CONTEXT('2D SPACE',''
  ) );
#4662 = ORIENTED_EDGE('',*,*,#4663,.F.);
#4663 = EDGE_CURVE('',#4664,#4630,#4666,.T.);
#4664 = VERTEX_POINT('',#4665);
#4665 = CARTESIAN_POINT('',(650.13426552684,99.469615391639,
    739.24323660081));
#4666 = SEAM_CURVE('',#4667,(#4671,#4678),.PCURVE_S1.);
#4667 = LINE('',#4668,#4669);
#4668 = CARTESIAN_POINT('',(650.13426552684,99.469615391639,
    739.24323660081));
#4669 = VECTOR('',#4670,1.);
#4670 = DIRECTION('',(-0.930680081195,0.310226693732,0.193891683582));
#4671 = PCURVE('',#4639,#4672);
#4672 = DEFINITIONAL_REPRESENTATION('',(#4673),#4677);
#4673 = LINE('',#4674,#4675);
#4674 = CARTESIAN_POINT('',(6.28318530718,-0.));
#4675 = VECTOR('',#4676,1.);
#4676 = DIRECTION('',(0.,1.));
#4677 = ( GEOMETRIC_REPRESENTATION_CONTEXT(2) 
PARAMETRIC_REPRESENTATION_CONTEXT() REPRESENTATION_CONTEXT('2D SPACE',''
  ) );
#4678 = PCURVE('',#4639,#4679);
#4679 = DEFINITIONAL_REPRESENTATION('',(#4680),#4684);
#4680 = LINE('',#4681,#4682);
#4681 = CARTESIAN_POINT('',(0.,-0.));
#4682 = VECTOR('',#4683,1.);
#4683 = DIRECTION('',(0.,1.));
#4684 = ( GEOMETRIC_REPRESENTATION_CONTEXT(2) 
PARAMETRIC_REPRESENTATION_CONTEXT() REPRESENTATION_CONTEXT('2D SPACE',''
  ) );
#4685 = ORIENTED_EDGE('',*,*,#4686,.T.);
#4686 = EDGE_CURVE('',#4664,#4664,#4687,.T.);
#4687 = SURFACE_CURVE('',#4688,(#4693,#4700),.PCURVE_S1.);
#4688 = CIRCLE('',#4689,11.1);
#4689 = AXIS2_PLACEMENT_3D('',#4690,#4691,#4692);
#4690 = CARTESIAN_POINT('',(653.64439372963,110.,739.24323660081));
#4691 = DIRECTION('',(-0.930680081195,0.310226693732,0.193891683582));
#4692 = DIRECTION('',(-0.316227766017,-0.948683298051,0.));
#4693 = PCURVE('',#4639,#4694);
#4694 = DEFINITIONAL_REPRESENTATION('',(#4695),#4699);
#4695 = LINE('',#4696,#4697);
#4696 = CARTESIAN_POINT('',(0.,0.));
#4697 = VECTOR('',#4698,1.);
#4698 = DIRECTION('',(1.,0.));
#4699 = ( GEOMETRIC_REPRESENTATION_CONTEXT(2) 
PARAMETRIC_REPRESENTATION_CONTEXT() REPRESENTATION_CONTEXT('2D SPACE',''
  ) );
#4700 = PCURVE('',#4701,#4706);
#4701 = PLANE('',#4702);
#4702 = AXIS2_PLACEMENT_3D('',#4703,#4704,#4705);
#4703 = CARTESIAN_POINT('',(653.64439372963,110.,739.24323660081));
#4704 = DIRECTION('',(-0.930680081195,0.310226693732,0.193891683582));
#4705 = DIRECTION('',(-0.316227766017,-0.948683298051,0.));
#4706 = DEFINITIONAL_REPRESENTATION('',(#4707),#4711);
#4707 = CIRCLE('',#4708,11.1);
#4708 = AXIS2_PLACEMENT_2D('',#4709,#4710);
#4709 = CARTESIAN_POINT('',(0.,0.));
#4710 = DIRECTION('',(1.,0.));
#4711 = ( GEOMETRIC_REPRESENTATION_CONTEXT(2) 
PARAMETRIC_REPRESENTATION_CONTEXT() REPRESENTATION_CONTEXT('2D SPACE',''
  ) );
#4712 = ORIENTED_EDGE('',*,*,#4663,.T.);
#4713 = ADVANCED_FACE('',(#4714),#4651,.T.);
#4714 = FACE_BOUND('',#4715,.T.);
#4715 = EDGE_LOOP('',(#4716));
#4716 = ORIENTED_EDGE('',*,*,#4629,.T.);
#4717 = ADVANCED_FACE('',(#4718),#4701,.F.);
#4718 = FACE_BOUND('',#4719,.T.);
#4719 = EDGE_LOOP('',(#4720));
#4720 = ORIENTED_EDGE('',*,*,#4686,.F.);
#4721 = ( GEOMETRIC_REPRESENTATION_CONTEXT(3) 
GLOBAL_UNCERTAINTY_ASSIGNED_CONTEXT((#4725)) 
GLOBAL_UNIT_ASSIGNED_CONTEXT((#4722,#4723,#4724)) REPRESENTATION_CONTEXT
('Context #1','3D Context with UNIT and UNCERTAINTY') );
#4722 = ( LENGTH_UNIT() NAMED_UNIT(*) SI_UNIT(.MILLI.,.METRE.) );
#4723 = ( NAMED_UNIT(*) PLANE_ANGLE_UNIT() SI_UNIT($,.RADIAN.) );
#4724 = ( NAMED_UNIT(*) SI_UNIT($,.STERADIAN.) SOLID_ANGLE_UNIT() );
#4725 = UNCERTAINTY_MEASURE_WITH_UNIT(LENGTH_MEASURE(1.E-07),#4722,
  'distance_accuracy_value','confusion accuracy');
#4726 = CONTEXT_DEPENDENT_SHAPE_REPRESENTATION(#4727,#4729);
#4727 = ( REPRESENTATION_RELATIONSHIP('','',#4622,#4232) 
REPRESENTATION_RELATIONSHIP_WITH_TRANSFORMATION(#4728) 
SHAPE_REPRESENTATION_RELATIONSHIP() );
#4728 = ITEM_DEFINED_TRANSFORMATION('','',#11,#4245);
#4729 = PRODUCT_DEFINITION_SHAPE('Placement','Placement of an item',
  #4730);
#4730 = NEXT_ASSEMBLY_USAGE_OCCURRENCE('32','=>[0:1:1:34]','',#4227,
  #4617,$);
#4731 = PRODUCT_RELATED_PRODUCT_CATEGORY('part',$,(#4619));
#4732 = SHAPE_DEFINITION_REPRESENTATION(#4733,#4739);
#4733 = PRODUCT_DEFINITION_SHAPE('','',#4734);
#4734 = PRODUCT_DEFINITION('design','',#4735,#4738);
#4735 = PRODUCT_DEFINITION_FORMATION('','',#4736);
#4736 = PRODUCT('SOLID','SOLID','',(#4737));
#4737 = PRODUCT_CONTEXT('',#2,'mechanical');
#4738 = PRODUCT_DEFINITION_CONTEXT('part definition',#2,'design');
#4739 = ADVANCED_BREP_SHAPE_REPRESENTATION('',(#11,#4740),#4838);
#4740 = MANIFOLD_SOLID_BREP('',#4741);
#4741 = CLOSED_SHELL('',(#4742,#4830,#4834));
#4742 = ADVANCED_FACE('',(#4743),#4756,.T.);
#4743 = FACE_BOUND('',#4744,.T.);
#4744 = EDGE_LOOP('',(#4745,#4779,#4802,#4829));
#4745 = ORIENTED_EDGE('',*,*,#4746,.F.);
#4746 = EDGE_CURVE('',#4747,#4747,#4749,.T.);
#4747 = VERTEX_POINT('',#4748);
#4748 = CARTESIAN_POINT('',(497.29989089157,266.20704416451,
    764.24323660081));
#4749 = SURFACE_CURVE('',#4750,(#4755,#4767),.PCURVE_S1.);
#4750 = CIRCLE('',#4751,15.);
#4751 = AXIS2_PLACEMENT_3D('',#4752,#4753,#4754);
#4752 = CARTESIAN_POINT('',(483.64439372963,260.,764.24323660081));
#4753 = DIRECTION('',(-0.413802944301,0.910366477463,0.));
#4754 = DIRECTION('',(0.910366477463,0.413802944301,0.));
#4755 = PCURVE('',#4756,#4761);
#4756 = CYLINDRICAL_SURFACE('',#4757,15.);
#4757 = AXIS2_PLACEMENT_3D('',#4758,#4759,#4760);
#4758 = CARTESIAN_POINT('',(533.64439372963,150.,764.24323660081));
#4759 = DIRECTION('',(-0.413802944301,0.910366477463,0.));
#4760 = DIRECTION('',(0.910366477463,0.413802944301,0.));
#4761 = DEFINITIONAL_REPRESENTATION('',(#4762),#4766);
#4762 = LINE('',#4763,#4764);
#4763 = CARTESIAN_POINT('',(0.,120.83045973594));
#4764 = VECTOR('',#4765,1.);
#4765 = DIRECTION('',(1.,0.));
#4766 = ( GEOMETRIC_REPRESENTATION_CONTEXT(2) 
PARAMETRIC_REPRESENTATION_CONTEXT() REPRESENTATION_CONTEXT('2D SPACE',''
  ) );
#4767 = PCURVE('',#4768,#4773);
#4768 = PLANE('',#4769);
#4769 = AXIS2_PLACEMENT_3D('',#4770,#4771,#4772);
#4770 = CARTESIAN_POINT('',(483.64439372963,260.,764.24323660081));
#4771 = DIRECTION('',(-0.413802944301,0.910366477463,0.));
#4772 = DIRECTION('',(0.910366477463,0.413802944301,0.));
#4773 = DEFINITIONAL_REPRESENTATION('',(#4774),#4778);
#4774 = CIRCLE('',#4775,15.);
#4775 = AXIS2_PLACEMENT_2D('',#4776,#4777);
#4776 = CARTESIAN_POINT('',(0.,0.));
#4777 = DIRECTION('',(1.,0.));
#4778 = ( GEOMETRIC_REPRESENTATION_CONTEXT(2) 
PARAMETRIC_REPRESENTATION_CONTEXT() REPRESENTATION_CONTEXT('2D SPACE',''
  ) );
#4779 = ORIENTED_EDGE('',*,*,#4780,.F.);
#4780 = EDGE_CURVE('',#4781,#4747,#4783,.T.);
#4781 = VERTEX_POINT('',#4782);
#4782 = CARTESIAN_POINT('',(547.29989089157,156.20704416451,
    764.24323660081));
#4783 = SEAM_CURVE('',#4784,(#4788,#4795),.PCURVE_S1.);
#4784 = LINE('',#4785,#4786);
#4785 = CARTESIAN_POINT('',(547.29989089157,156.20704416451,
    764.24323660081));
#4786 = VECTOR('',#4787,1.);
#4787 = DIRECTION('',(-0.413802944301,0.910366477463,0.));
#4788 = PCURVE('',#4756,#4789);
#4789 = DEFINITIONAL_REPRESENTATION('',(#4790),#4794);
#4790 = LINE('',#4791,#4792);
#4791 = CARTESIAN_POINT('',(6.28318530718,-0.));
#4792 = VECTOR('',#4793,1.);
#4793 = DIRECTION('',(0.,1.));
#4794 = ( GEOMETRIC_REPRESENTATION_CONTEXT(2) 
PARAMETRIC_REPRESENTATION_CONTEXT() REPRESENTATION_CONTEXT('2D SPACE',''
  ) );
#4795 = PCURVE('',#4756,#4796);
#4796 = DEFINITIONAL_REPRESENTATION('',(#4797),#4801);
#4797 = LINE('',#4798,#4799);
#4798 = CARTESIAN_POINT('',(0.,-0.));
#4799 = VECTOR('',#4800,1.);
#4800 = DIRECTION('',(0.,1.));
#4801 = ( GEOMETRIC_REPRESENTATION_CONTEXT(2) 
PARAMETRIC_REPRESENTATION_CONTEXT() REPRESENTATION_CONTEXT('2D SPACE',''
  ) );
#4802 = ORIENTED_EDGE('',*,*,#4803,.T.);
#4803 = EDGE_CURVE('',#4781,#4781,#4804,.T.);
#4804 = SURFACE_CURVE('',#4805,(#4810,#4817),.PCURVE_S1.);
#4805 = CIRCLE('',#4806,15.);
#4806 = AXIS2_PLACEMENT_3D('',#4807,#4808,#4809);
#4807 = CARTESIAN_POINT('',(533.64439372963,150.,764.24323660081));
#4808 = DIRECTION('',(-0.413802944301,0.910366477463,0.));
#4809 = DIRECTION('',(0.910366477463,0.413802944301,0.));
#4810 = PCURVE('',#4756,#4811);
#4811 = DEFINITIONAL_REPRESENTATION('',(#4812),#4816);
#4812 = LINE('',#4813,#4814);
#4813 = CARTESIAN_POINT('',(0.,0.));
#4814 = VECTOR('',#4815,1.);
#4815 = DIRECTION('',(1.,0.));
#4816 = ( GEOMETRIC_REPRESENTATION_CONTEXT(2) 
PARAMETRIC_REPRESENTATION_CONTEXT() REPRESENTATION_CONTEXT('2D SPACE',''
  ) );
#4817 = PCURVE('',#4818,#4823);
#4818 = PLANE('',#4819);
#4819 = AXIS2_PLACEMENT_3D('',#4820,#4821,#4822);
#4820 = CARTESIAN_POINT('',(533.64439372963,150.,764.24323660081));
#4821 = DIRECTION('',(-0.413802944301,0.910366477463,0.));
#4822 = DIRECTION('',(0.910366477463,0.413802944301,0.));
#4823 = DEFINITIONAL_REPRESENTATION('',(#4824),#4828);
#4824 = CIRCLE('',#4825,15.);
#4825 = AXIS2_PLACEMENT_2D('',#4826,#4827);
#4826 = CARTESIAN_POINT('',(0.,0.));
#4827 = DIRECTION('',(1.,0.));
#4828 = ( GEOMETRIC_REPRESENTATION_CONTEXT(2) 
PARAMETRIC_REPRESENTATION_CONTEXT() REPRESENTATION_CONTEXT('2D SPACE',''
  ) );
#4829 = ORIENTED_EDGE('',*,*,#4780,.T.);
#4830 = ADVANCED_FACE('',(#4831),#4768,.T.);
#4831 = FACE_BOUND('',#4832,.T.);
#4832 = EDGE_LOOP('',(#4833));
#4833 = ORIENTED_EDGE('',*,*,#4746,.T.);
#4834 = ADVANCED_FACE('',(#4835),#4818,.F.);
#4835 = FACE_BOUND('',#4836,.T.);
#4836 = EDGE_LOOP('',(#4837));
#4837 = ORIENTED_EDGE('',*,*,#4803,.F.);
#4838 = ( GEOMETRIC_REPRESENTATION_CONTEXT(3) 
GLOBAL_UNCERTAINTY_ASSIGNED_CONTEXT((#4842)) 
GLOBAL_UNIT_ASSIGNED_CONTEXT((#4839,#4840,#4841)) REPRESENTATION_CONTEXT
('Context #1','3D Context with UNIT and UNCERTAINTY') );
#4839 = ( LENGTH_UNIT() NAMED_UNIT(*) SI_UNIT(.MILLI.,.METRE.) );
#4840 = ( NAMED_UNIT(*) PLANE_ANGLE_UNIT() SI_UNIT($,.RADIAN.) );
#4841 = ( NAMED_UNIT(*) SI_UNIT($,.STERADIAN.) SOLID_ANGLE_UNIT() );
#4842 = UNCERTAINTY_MEASURE_WITH_UNIT(LENGTH_MEASURE(1.E-07),#4839,
  'distance_accuracy_value','confusion accuracy');
#4843 = CONTEXT_DEPENDENT_SHAPE_REPRESENTATION(#4844,#4846);
#4844 = ( REPRESENTATION_RELATIONSHIP('','',#4739,#4232) 
REPRESENTATION_RELATIONSHIP_WITH_TRANSFORMATION(#4845) 
SHAPE_REPRESENTATION_RELATIONSHIP() );
#4845 = ITEM_DEFINED_TRANSFORMATION('','',#11,#4249);
#4846 = PRODUCT_DEFINITION_SHAPE('Placement','Placement of an item',
  #4847);
#4847 = NEXT_ASSEMBLY_USAGE_OCCURRENCE('33','=>[0:1:1:35]','',#4227,
  #4734,$);
#4848 = PRODUCT_RELATED_PRODUCT_CATEGORY('part',$,(#4736));
#4849 = SHAPE_DEFINITION_REPRESENTATION(#4850,#4856);
#4850 = PRODUCT_DEFINITION_SHAPE('','',#4851);
#4851 = PRODUCT_DEFINITION('design','',#4852,#4855);
#4852 = PRODUCT_DEFINITION_FORMATION('','',#4853);
#4853 = PRODUCT('COMPOUND','COMPOUND','',(#4854));
#4854 = PRODUCT_CONTEXT('',#2,'mechanical');
#4855 = PRODUCT_DEFINITION_CONTEXT('part definition',#2,'design');
#4856 = SHAPE_REPRESENTATION('',(#11,#4857,#4861,#4865,#4869,#4873,#4877
    ,#4881,#4885,#4889,#4893,#4897,#4901,#4905,#4909,#4913,#4917,#4921,
    #4925,#4929,#4933,#4937),#4941);
#4857 = AXIS2_PLACEMENT_3D('',#4858,#4859,#4860);
#4858 = CARTESIAN_POINT('',(0.,0.,0.));
#4859 = DIRECTION('',(0.,0.,1.));
#4860 = DIRECTION('',(1.,0.,-0.));
#4861 = AXIS2_PLACEMENT_3D('',#4862,#4863,#4864);
#4862 = CARTESIAN_POINT('',(0.,0.,0.));
#4863 = DIRECTION('',(0.,0.,1.));
#4864 = DIRECTION('',(1.,0.,-0.));
#4865 = AXIS2_PLACEMENT_3D('',#4866,#4867,#4868);
#4866 = CARTESIAN_POINT('',(0.,0.,0.));
#4867 = DIRECTION('',(0.,0.,1.));
#4868 = DIRECTION('',(1.,0.,-0.));
#4869 = AXIS2_PLACEMENT_3D('',#4870,#4871,#4872);
#4870 = CARTESIAN_POINT('',(0.,0.,0.));
#4871 = DIRECTION('',(0.,0.,1.));
#4872 = DIRECTION('',(1.,0.,-0.));
#4873 = AXIS2_PLACEMENT_3D('',#4874,#4875,#4876);
#4874 = CARTESIAN_POINT('',(0.,0.,0.));
#4875 = DIRECTION('',(0.,0.,1.));
#4876 = DIRECTION('',(1.,0.,-0.));
#4877 = AXIS2_PLACEMENT_3D('',#4878,#4879,#4880);
#4878 = CARTESIAN_POINT('',(0.,0.,0.));
#4879 = DIRECTION('',(0.,0.,1.));
#4880 = DIRECTION('',(1.,0.,-0.));
#4881 = AXIS2_PLACEMENT_3D('',#4882,#4883,#4884);
#4882 = CARTESIAN_POINT('',(0.,0.,0.));
#4883 = DIRECTION('',(0.,0.,1.));
#4884 = DIRECTION('',(1.,0.,-0.));
#4885 = AXIS2_PLACEMENT_3D('',#4886,#4887,#4888);
#4886 = CARTESIAN_POINT('',(0.,0.,0.));
#4887 = DIRECTION('',(0.,0.,1.));
#4888 = DIRECTION('',(1.,0.,-0.));
#4889 = AXIS2_PLACEMENT_3D('',#4890,#4891,#4892);
#4890 = CARTESIAN_POINT('',(0.,0.,0.));
#4891 = DIRECTION('',(0.,0.,1.));
#4892 = DIRECTION('',(1.,0.,-0.));
#4893 = AXIS2_PLACEMENT_3D('',#4894,#4895,#4896);
#4894 = CARTESIAN_POINT('',(0.,0.,0.));
#4895 = DIRECTION('',(0.,0.,1.));
#4896 = DIRECTION('',(1.,0.,-0.));
#4897 = AXIS2_PLACEMENT_3D('',#4898,#4899,#4900);
#4898 = CARTESIAN_POINT('',(0.,0.,0.));
#4899 = DIRECTION('',(0.,0.,1.));
#4900 = DIRECTION('',(1.,0.,-0.));
#4901 = AXIS2_PLACEMENT_3D('',#4902,#4903,#4904);
#4902 = CARTESIAN_POINT('',(0.,0.,0.));
#4903 = DIRECTION('',(0.,0.,1.));
#4904 = DIRECTION('',(1.,0.,-0.));
#4905 = AXIS2_PLACEMENT_3D('',#4906,#4907,#4908);
#4906 = CARTESIAN_POINT('',(0.,0.,0.));
#4907 = DIRECTION('',(0.,0.,1.));
#4908 = DIRECTION('',(1.,0.,-0.));
#4909 = AXIS2_PLACEMENT_3D('',#4910,#4911,#4912);
#4910 = CARTESIAN_POINT('',(0.,0.,0.));
#4911 = DIRECTION('',(0.,0.,1.));
#4912 = DIRECTION('',(1.,0.,-0.));
#4913 = AXIS2_PLACEMENT_3D('',#4914,#4915,#4916);
#4914 = CARTESIAN_POINT('',(0.,0.,0.));
#4915 = DIRECTION('',(0.,0.,1.));
#4916 = DIRECTION('',(1.,0.,-0.));
#4917 = AXIS2_PLACEMENT_3D('',#4918,#4919,#4920);
#4918 = CARTESIAN_POINT('',(0.,0.,0.));
#4919 = DIRECTION('',(0.,0.,1.));
#4920 = DIRECTION('',(1.,0.,-0.));
#4921 = AXIS2_PLACEMENT_3D('',#4922,#4923,#4924);
#4922 = CARTESIAN_POINT('',(0.,0.,0.));
#4923 = DIRECTION('',(0.,0.,1.));
#4924 = DIRECTION('',(1.,0.,-0.));
#4925 = AXIS2_PLACEMENT_3D('',#4926,#4927,#4928);
#4926 = CARTESIAN_POINT('',(0.,0.,0.));
#4927 = DIRECTION('',(0.,0.,1.));
#4928 = DIRECTION('',(1.,0.,-0.));
#4929 = AXIS2_PLACEMENT_3D('',#4930,#4931,#4932);
#4930 = CARTESIAN_POINT('',(0.,0.,0.));
#4931 = DIRECTION('',(0.,0.,1.));
#4932 = DIRECTION('',(1.,0.,-0.));
#4933 = AXIS2_PLACEMENT_3D('',#4934,#4935,#4936);
#4934 = CARTESIAN_POINT('',(0.,0.,0.));
#4935 = DIRECTION('',(0.,0.,1.));
#4936 = DIRECTION('',(1.,0.,-0.));
#4937 = AXIS2_PLACEMENT_3D('',#4938,#4939,#4940);
#4938 = CARTESIAN_POINT('',(0.,0.,0.));
#4939 = DIRECTION('',(0.,0.,1.));
#4940 = DIRECTION('',(1.,0.,-0.));
#4941 = ( GEOMETRIC_REPRESENTATION_CONTEXT(3) 
GLOBAL_UNCERTAINTY_ASSIGNED_CONTEXT((#4945)) 
GLOBAL_UNIT_ASSIGNED_CONTEXT((#4942,#4943,#4944)) REPRESENTATION_CONTEXT
('Context #1','3D Context with UNIT and UNCERTAINTY') );
#4942 = ( LENGTH_UNIT() NAMED_UNIT(*) SI_UNIT(.MILLI.,.METRE.) );
#4943 = ( NAMED_UNIT(*) PLANE_ANGLE_UNIT() SI_UNIT($,.RADIAN.) );
#4944 = ( NAMED_UNIT(*) SI_UNIT($,.STERADIAN.) SOLID_ANGLE_UNIT() );
#4945 = UNCERTAINTY_MEASURE_WITH_UNIT(LENGTH_MEASURE(1.E-07),#4942,
  'distance_accuracy_value','confusion accuracy');
#4946 = CONTEXT_DEPENDENT_SHAPE_REPRESENTATION(#4947,#4949);
#4947 = ( REPRESENTATION_RELATIONSHIP('','',#4856,#10) 
REPRESENTATION_RELATIONSHIP_WITH_TRANSFORMATION(#4948) 
SHAPE_REPRESENTATION_RELATIONSHIP() );
#4948 = ITEM_DEFINED_TRANSFORMATION('','',#11,#39);
#4949 = PRODUCT_DEFINITION_SHAPE('Placement','Placement of an item',
  #4950);
#4950 = NEXT_ASSEMBLY_USAGE_OCCURRENCE('56','=>[0:1:1:36]','',#5,#4851,$
  );
#4951 = PRODUCT_RELATED_PRODUCT_CATEGORY('part',$,(#4853));
#4952 = SHAPE_DEFINITION_REPRESENTATION(#4953,#4959);
#4953 = PRODUCT_DEFINITION_SHAPE('','',#4954);
#4954 = PRODUCT_DEFINITION('design','',#4955,#4958);
#4955 = PRODUCT_DEFINITION_FORMATION('','',#4956);
#4956 = PRODUCT('SOLID','SOLID','',(#4957));
#4957 = PRODUCT_CONTEXT('',#2,'mechanical');
#4958 = PRODUCT_DEFINITION_CONTEXT('part definition',#2,'design');
#4959 = ADVANCED_BREP_SHAPE_REPRESENTATION('',(#11,#4960),#5142);
#4960 = MANIFOLD_SOLID_BREP('',#4961);
#4961 = CLOSED_SHELL('',(#4962,#5050,#5085,#5115));
#4962 = ADVANCED_FACE('',(#4963),#4976,.T.);
#4963 = FACE_BOUND('',#4964,.T.);
#4964 = EDGE_LOOP('',(#4965,#4999,#5022,#5049));
#4965 = ORIENTED_EDGE('',*,*,#4966,.F.);
#4966 = EDGE_CURVE('',#4967,#4967,#4969,.T.);
#4967 = VERTEX_POINT('',#4968);
#4968 = CARTESIAN_POINT('',(860.,13.,459.));
#4969 = SURFACE_CURVE('',#4970,(#4975,#4987),.PCURVE_S1.);
#4970 = CIRCLE('',#4971,209.);
#4971 = AXIS2_PLACEMENT_3D('',#4972,#4973,#4974);
#4972 = CARTESIAN_POINT('',(860.,13.,250.));
#4973 = DIRECTION('',(0.,1.,0.));
#4974 = DIRECTION('',(0.,-0.,1.));
#4975 = PCURVE('',#4976,#4981);
#4976 = CYLINDRICAL_SURFACE('',#4977,209.);
#4977 = AXIS2_PLACEMENT_3D('',#4978,#4979,#4980);
#4978 = CARTESIAN_POINT('',(860.,-13.,250.));
#4979 = DIRECTION('',(0.,1.,0.));
#4980 = DIRECTION('',(0.,-0.,1.));
#4981 = DEFINITIONAL_REPRESENTATION('',(#4982),#4986);
#4982 = LINE('',#4983,#4984);
#4983 = CARTESIAN_POINT('',(0.,26.));
#4984 = VECTOR('',#4985,1.);
#4985 = DIRECTION('',(1.,0.));
#4986 = ( GEOMETRIC_REPRESENTATION_CONTEXT(2) 
PARAMETRIC_REPRESENTATION_CONTEXT() REPRESENTATION_CONTEXT('2D SPACE',''
  ) );
#4987 = PCURVE('',#4988,#4993);
#4988 = PLANE('',#4989);
#4989 = AXIS2_PLACEMENT_3D('',#4990,#4991,#4992);
#4990 = CARTESIAN_POINT('',(860.,13.,250.));
#4991 = DIRECTION('',(0.,1.,0.));
#4992 = DIRECTION('',(0.,-0.,1.));
#4993 = DEFINITIONAL_REPRESENTATION('',(#4994),#4998);
#4994 = CIRCLE('',#4995,209.);
#4995 = AXIS2_PLACEMENT_2D('',#4996,#4997);
#4996 = CARTESIAN_POINT('',(0.,0.));
#4997 = DIRECTION('',(1.,0.));
#4998 = ( GEOMETRIC_REPRESENTATION_CONTEXT(2) 
PARAMETRIC_REPRESENTATION_CONTEXT() REPRESENTATION_CONTEXT('2D SPACE',''
  ) );
#4999 = ORIENTED_EDGE('',*,*,#5000,.F.);
#5000 = EDGE_CURVE('',#5001,#4967,#5003,.T.);
#5001 = VERTEX_POINT('',#5002);
#5002 = CARTESIAN_POINT('',(860.,-13.,459.));
#5003 = SEAM_CURVE('',#5004,(#5008,#5015),.PCURVE_S1.);
#5004 = LINE('',#5005,#5006);
#5005 = CARTESIAN_POINT('',(860.,-13.,459.));
#5006 = VECTOR('',#5007,1.);
#5007 = DIRECTION('',(0.,1.,0.));
#5008 = PCURVE('',#4976,#5009);
#5009 = DEFINITIONAL_REPRESENTATION('',(#5010),#5014);
#5010 = LINE('',#5011,#5012);
#5011 = CARTESIAN_POINT('',(6.28318530718,-0.));
#5012 = VECTOR('',#5013,1.);
#5013 = DIRECTION('',(0.,1.));
#5014 = ( GEOMETRIC_REPRESENTATION_CONTEXT(2) 
PARAMETRIC_REPRESENTATION_CONTEXT() REPRESENTATION_CONTEXT('2D SPACE',''
  ) );
#5015 = PCURVE('',#4976,#5016);
#5016 = DEFINITIONAL_REPRESENTATION('',(#5017),#5021);
#5017 = LINE('',#5018,#5019);
#5018 = CARTESIAN_POINT('',(0.,-0.));
#5019 = VECTOR('',#5020,1.);
#5020 = DIRECTION('',(0.,1.));
#5021 = ( GEOMETRIC_REPRESENTATION_CONTEXT(2) 
PARAMETRIC_REPRESENTATION_CONTEXT() REPRESENTATION_CONTEXT('2D SPACE',''
  ) );
#5022 = ORIENTED_EDGE('',*,*,#5023,.T.);
#5023 = EDGE_CURVE('',#5001,#5001,#5024,.T.);
#5024 = SURFACE_CURVE('',#5025,(#5030,#5037),.PCURVE_S1.);
#5025 = CIRCLE('',#5026,209.);
#5026 = AXIS2_PLACEMENT_3D('',#5027,#5028,#5029);
#5027 = CARTESIAN_POINT('',(860.,-13.,250.));
#5028 = DIRECTION('',(0.,1.,0.));
#5029 = DIRECTION('',(0.,-0.,1.));
#5030 = PCURVE('',#4976,#5031);
#5031 = DEFINITIONAL_REPRESENTATION('',(#5032),#5036);
#5032 = LINE('',#5033,#5034);
#5033 = CARTESIAN_POINT('',(0.,0.));
#5034 = VECTOR('',#5035,1.);
#5035 = DIRECTION('',(1.,0.));
#5036 = ( GEOMETRIC_REPRESENTATION_CONTEXT(2) 
PARAMETRIC_REPRESENTATION_CONTEXT() REPRESENTATION_CONTEXT('2D SPACE',''
  ) );
#5037 = PCURVE('',#5038,#5043);
#5038 = PLANE('',#5039);
#5039 = AXIS2_PLACEMENT_3D('',#5040,#5041,#5042);
#5040 = CARTESIAN_POINT('',(860.,-13.,250.));
#5041 = DIRECTION('',(0.,1.,0.));
#5042 = DIRECTION('',(0.,-0.,1.));
#5043 = DEFINITIONAL_REPRESENTATION('',(#5044),#5048);
#5044 = CIRCLE('',#5045,209.);
#5045 = AXIS2_PLACEMENT_2D('',#5046,#5047);
#5046 = CARTESIAN_POINT('',(0.,0.));
#5047 = DIRECTION('',(1.,0.));
#5048 = ( GEOMETRIC_REPRESENTATION_CONTEXT(2) 
PARAMETRIC_REPRESENTATION_CONTEXT() REPRESENTATION_CONTEXT('2D SPACE',''
  ) );
#5049 = ORIENTED_EDGE('',*,*,#5000,.T.);
#5050 = ADVANCED_FACE('',(#5051,#5054),#4988,.T.);
#5051 = FACE_BOUND('',#5052,.T.);
#5052 = EDGE_LOOP('',(#5053));
#5053 = ORIENTED_EDGE('',*,*,#4966,.T.);
#5054 = FACE_BOUND('',#5055,.T.);
#5055 = EDGE_LOOP('',(#5056));
#5056 = ORIENTED_EDGE('',*,*,#5057,.F.);
#5057 = EDGE_CURVE('',#5058,#5058,#5060,.T.);
#5058 = VERTEX_POINT('',#5059);
#5059 = CARTESIAN_POINT('',(860.,13.,439.));
#5060 = SURFACE_CURVE('',#5061,(#5066,#5073),.PCURVE_S1.);
#5061 = CIRCLE('',#5062,189.);
#5062 = AXIS2_PLACEMENT_3D('',#5063,#5064,#5065);
#5063 = CARTESIAN_POINT('',(860.,13.,250.));
#5064 = DIRECTION('',(0.,1.,0.));
#5065 = DIRECTION('',(0.,-0.,1.));
#5066 = PCURVE('',#4988,#5067);
#5067 = DEFINITIONAL_REPRESENTATION('',(#5068),#5072);
#5068 = CIRCLE('',#5069,189.);
#5069 = AXIS2_PLACEMENT_2D('',#5070,#5071);
#5070 = CARTESIAN_POINT('',(0.,0.));
#5071 = DIRECTION('',(1.,0.));
#5072 = ( GEOMETRIC_REPRESENTATION_CONTEXT(2) 
PARAMETRIC_REPRESENTATION_CONTEXT() REPRESENTATION_CONTEXT('2D SPACE',''
  ) );
#5073 = PCURVE('',#5074,#5079);
#5074 = CYLINDRICAL_SURFACE('',#5075,189.);
#5075 = AXIS2_PLACEMENT_3D('',#5076,#5077,#5078);
#5076 = CARTESIAN_POINT('',(860.,-13.,250.));
#5077 = DIRECTION('',(0.,1.,0.));
#5078 = DIRECTION('',(0.,-0.,1.));
#5079 = DEFINITIONAL_REPRESENTATION('',(#5080),#5084);
#5080 = LINE('',#5081,#5082);
#5081 = CARTESIAN_POINT('',(0.,26.));
#5082 = VECTOR('',#5083,1.);
#5083 = DIRECTION('',(1.,0.));
#5084 = ( GEOMETRIC_REPRESENTATION_CONTEXT(2) 
PARAMETRIC_REPRESENTATION_CONTEXT() REPRESENTATION_CONTEXT('2D SPACE',''
  ) );
#5085 = ADVANCED_FACE('',(#5086,#5089),#5038,.F.);
#5086 = FACE_BOUND('',#5087,.F.);
#5087 = EDGE_LOOP('',(#5088));
#5088 = ORIENTED_EDGE('',*,*,#5023,.T.);
#5089 = FACE_BOUND('',#5090,.F.);
#5090 = EDGE_LOOP('',(#5091));
#5091 = ORIENTED_EDGE('',*,*,#5092,.F.);
#5092 = EDGE_CURVE('',#5093,#5093,#5095,.T.);
#5093 = VERTEX_POINT('',#5094);
#5094 = CARTESIAN_POINT('',(860.,-13.,439.));
#5095 = SURFACE_CURVE('',#5096,(#5101,#5108),.PCURVE_S1.);
#5096 = CIRCLE('',#5097,189.);
#5097 = AXIS2_PLACEMENT_3D('',#5098,#5099,#5100);
#5098 = CARTESIAN_POINT('',(860.,-13.,250.));
#5099 = DIRECTION('',(0.,1.,0.));
#5100 = DIRECTION('',(0.,-0.,1.));
#5101 = PCURVE('',#5038,#5102);
#5102 = DEFINITIONAL_REPRESENTATION('',(#5103),#5107);
#5103 = CIRCLE('',#5104,189.);
#5104 = AXIS2_PLACEMENT_2D('',#5105,#5106);
#5105 = CARTESIAN_POINT('',(0.,0.));
#5106 = DIRECTION('',(1.,0.));
#5107 = ( GEOMETRIC_REPRESENTATION_CONTEXT(2) 
PARAMETRIC_REPRESENTATION_CONTEXT() REPRESENTATION_CONTEXT('2D SPACE',''
  ) );
#5108 = PCURVE('',#5074,#5109);
#5109 = DEFINITIONAL_REPRESENTATION('',(#5110),#5114);
#5110 = LINE('',#5111,#5112);
#5111 = CARTESIAN_POINT('',(0.,0.));
#5112 = VECTOR('',#5113,1.);
#5113 = DIRECTION('',(1.,0.));
#5114 = ( GEOMETRIC_REPRESENTATION_CONTEXT(2) 
PARAMETRIC_REPRESENTATION_CONTEXT() REPRESENTATION_CONTEXT('2D SPACE',''
  ) );
#5115 = ADVANCED_FACE('',(#5116),#5074,.F.);
#5116 = FACE_BOUND('',#5117,.F.);
#5117 = EDGE_LOOP('',(#5118,#5119,#5140,#5141));
#5118 = ORIENTED_EDGE('',*,*,#5057,.F.);
#5119 = ORIENTED_EDGE('',*,*,#5120,.F.);
#5120 = EDGE_CURVE('',#5093,#5058,#5121,.T.);
#5121 = SEAM_CURVE('',#5122,(#5126,#5133),.PCURVE_S1.);
#5122 = LINE('',#5123,#5124);
#5123 = CARTESIAN_POINT('',(860.,-13.,439.));
#5124 = VECTOR('',#5125,1.);
#5125 = DIRECTION('',(0.,1.,0.));
#5126 = PCURVE('',#5074,#5127);
#5127 = DEFINITIONAL_REPRESENTATION('',(#5128),#5132);
#5128 = LINE('',#5129,#5130);
#5129 = CARTESIAN_POINT('',(6.28318530718,-0.));
#5130 = VECTOR('',#5131,1.);
#5131 = DIRECTION('',(0.,1.));
#5132 = ( GEOMETRIC_REPRESENTATION_CONTEXT(2) 
PARAMETRIC_REPRESENTATION_CONTEXT() REPRESENTATION_CONTEXT('2D SPACE',''
  ) );
#5133 = PCURVE('',#5074,#5134);
#5134 = DEFINITIONAL_REPRESENTATION('',(#5135),#5139);
#5135 = LINE('',#5136,#5137);
#5136 = CARTESIAN_POINT('',(0.,-0.));
#5137 = VECTOR('',#5138,1.);
#5138 = DIRECTION('',(0.,1.));
#5139 = ( GEOMETRIC_REPRESENTATION_CONTEXT(2) 
PARAMETRIC_REPRESENTATION_CONTEXT() REPRESENTATION_CONTEXT('2D SPACE',''
  ) );
#5140 = ORIENTED_EDGE('',*,*,#5092,.T.);
#5141 = ORIENTED_EDGE('',*,*,#5120,.T.);
#5142 = ( GEOMETRIC_REPRESENTATION_CONTEXT(3) 
GLOBAL_UNCERTAINTY_ASSIGNED_CONTEXT((#5146)) 
GLOBAL_UNIT_ASSIGNED_CONTEXT((#5143,#5144,#5145)) REPRESENTATION_CONTEXT
('Context #1','3D Context with UNIT and UNCERTAINTY') );
#5143 = ( LENGTH_UNIT() NAMED_UNIT(*) SI_UNIT(.MILLI.,.METRE.) );
#5144 = ( NAMED_UNIT(*) PLANE_ANGLE_UNIT() SI_UNIT($,.RADIAN.) );
#5145 = ( NAMED_UNIT(*) SI_UNIT($,.STERADIAN.) SOLID_ANGLE_UNIT() );
#5146 = UNCERTAINTY_MEASURE_WITH_UNIT(LENGTH_MEASURE(1.E-07),#5143,
  'distance_accuracy_value','confusion accuracy');
#5147 = CONTEXT_DEPENDENT_SHAPE_REPRESENTATION(#5148,#5150);
#5148 = ( REPRESENTATION_RELATIONSHIP('','',#4959,#4856) 
REPRESENTATION_RELATIONSHIP_WITH_TRANSFORMATION(#5149) 
SHAPE_REPRESENTATION_RELATIONSHIP() );
#5149 = ITEM_DEFINED_TRANSFORMATION('','',#11,#4857);
#5150 = PRODUCT_DEFINITION_SHAPE('Placement','Placement of an item',
  #5151);
#5151 = NEXT_ASSEMBLY_USAGE_OCCURRENCE('35','=>[0:1:1:37]','',#4851,
  #4954,$);
#5152 = PRODUCT_RELATED_PRODUCT_CATEGORY('part',$,(#4956));
#5153 = SHAPE_DEFINITION_REPRESENTATION(#5154,#5160);
#5154 = PRODUCT_DEFINITION_SHAPE('','',#5155);
#5155 = PRODUCT_DEFINITION('design','',#5156,#5159);
#5156 = PRODUCT_DEFINITION_FORMATION('','',#5157);
#5157 = PRODUCT('SOLID','SOLID','',(#5158));
#5158 = PRODUCT_CONTEXT('',#2,'mechanical');
#5159 = PRODUCT_DEFINITION_CONTEXT('part definition',#2,'design');
#5160 = ADVANCED_BREP_SHAPE_REPRESENTATION('',(#11,#5161),#5259);
#5161 = MANIFOLD_SOLID_BREP('',#5162);
#5162 = CLOSED_SHELL('',(#5163,#5251,#5255));
#5163 = ADVANCED_FACE('',(#5164),#5177,.T.);
#5164 = FACE_BOUND('',#5165,.T.);
#5165 = EDGE_LOOP('',(#5166,#5200,#5223,#5250));
#5166 = ORIENTED_EDGE('',*,*,#5167,.F.);
#5167 = EDGE_CURVE('',#5168,#5168,#5170,.T.);
#5168 = VERTEX_POINT('',#5169);
#5169 = CARTESIAN_POINT('',(860.,40.,272.));
#5170 = SURFACE_CURVE('',#5171,(#5176,#5188),.PCURVE_S1.);
#5171 = CIRCLE('',#5172,22.);
#5172 = AXIS2_PLACEMENT_3D('',#5173,#5174,#5175);
#5173 = CARTESIAN_POINT('',(860.,40.,250.));
#5174 = DIRECTION('',(0.,1.,0.));
#5175 = DIRECTION('',(0.,-0.,1.));
#5176 = PCURVE('',#5177,#5182);
#5177 = CYLINDRICAL_SURFACE('',#5178,22.);
#5178 = AXIS2_PLACEMENT_3D('',#5179,#5180,#5181);
#5179 = CARTESIAN_POINT('',(860.,-40.,250.));
#5180 = DIRECTION('',(0.,1.,0.));
#5181 = DIRECTION('',(0.,-0.,1.));
#5182 = DEFINITIONAL_REPRESENTATION('',(#5183),#5187);
#5183 = LINE('',#5184,#5185);
#5184 = CARTESIAN_POINT('',(0.,80.));
#5185 = VECTOR('',#5186,1.);
#5186 = DIRECTION('',(1.,0.));
#5187 = ( GEOMETRIC_REPRESENTATION_CONTEXT(2) 
PARAMETRIC_REPRESENTATION_CONTEXT() REPRESENTATION_CONTEXT('2D SPACE',''
  ) );
#5188 = PCURVE('',#5189,#5194);
#5189 = PLANE('',#5190);
#5190 = AXIS2_PLACEMENT_3D('',#5191,#5192,#5193);
#5191 = CARTESIAN_POINT('',(860.,40.,250.));
#5192 = DIRECTION('',(0.,1.,0.));
#5193 = DIRECTION('',(0.,-0.,1.));
#5194 = DEFINITIONAL_REPRESENTATION('',(#5195),#5199);
#5195 = CIRCLE('',#5196,22.);
#5196 = AXIS2_PLACEMENT_2D('',#5197,#5198);
#5197 = CARTESIAN_POINT('',(0.,0.));
#5198 = DIRECTION('',(1.,0.));
#5199 = ( GEOMETRIC_REPRESENTATION_CONTEXT(2) 
PARAMETRIC_REPRESENTATION_CONTEXT() REPRESENTATION_CONTEXT('2D SPACE',''
  ) );
#5200 = ORIENTED_EDGE('',*,*,#5201,.F.);
#5201 = EDGE_CURVE('',#5202,#5168,#5204,.T.);
#5202 = VERTEX_POINT('',#5203);
#5203 = CARTESIAN_POINT('',(860.,-40.,272.));
#5204 = SEAM_CURVE('',#5205,(#5209,#5216),.PCURVE_S1.);
#5205 = LINE('',#5206,#5207);
#5206 = CARTESIAN_POINT('',(860.,-40.,272.));
#5207 = VECTOR('',#5208,1.);
#5208 = DIRECTION('',(0.,1.,0.));
#5209 = PCURVE('',#5177,#5210);
#5210 = DEFINITIONAL_REPRESENTATION('',(#5211),#5215);
#5211 = LINE('',#5212,#5213);
#5212 = CARTESIAN_POINT('',(6.28318530718,-0.));
#5213 = VECTOR('',#5214,1.);
#5214 = DIRECTION('',(0.,1.));
#5215 = ( GEOMETRIC_REPRESENTATION_CONTEXT(2) 
PARAMETRIC_REPRESENTATION_CONTEXT() REPRESENTATION_CONTEXT('2D SPACE',''
  ) );
#5216 = PCURVE('',#5177,#5217);
#5217 = DEFINITIONAL_REPRESENTATION('',(#5218),#5222);
#5218 = LINE('',#5219,#5220);
#5219 = CARTESIAN_POINT('',(0.,-0.));
#5220 = VECTOR('',#5221,1.);
#5221 = DIRECTION('',(0.,1.));
#5222 = ( GEOMETRIC_REPRESENTATION_CONTEXT(2) 
PARAMETRIC_REPRESENTATION_CONTEXT() REPRESENTATION_CONTEXT('2D SPACE',''
  ) );
#5223 = ORIENTED_EDGE('',*,*,#5224,.T.);
#5224 = EDGE_CURVE('',#5202,#5202,#5225,.T.);
#5225 = SURFACE_CURVE('',#5226,(#5231,#5238),.PCURVE_S1.);
#5226 = CIRCLE('',#5227,22.);
#5227 = AXIS2_PLACEMENT_3D('',#5228,#5229,#5230);
#5228 = CARTESIAN_POINT('',(860.,-40.,250.));
#5229 = DIRECTION('',(0.,1.,0.));
#5230 = DIRECTION('',(0.,-0.,1.));
#5231 = PCURVE('',#5177,#5232);
#5232 = DEFINITIONAL_REPRESENTATION('',(#5233),#5237);
#5233 = LINE('',#5234,#5235);
#5234 = CARTESIAN_POINT('',(0.,0.));
#5235 = VECTOR('',#5236,1.);
#5236 = DIRECTION('',(1.,0.));
#5237 = ( GEOMETRIC_REPRESENTATION_CONTEXT(2) 
PARAMETRIC_REPRESENTATION_CONTEXT() REPRESENTATION_CONTEXT('2D SPACE',''
  ) );
#5238 = PCURVE('',#5239,#5244);
#5239 = PLANE('',#5240);
#5240 = AXIS2_PLACEMENT_3D('',#5241,#5242,#5243);
#5241 = CARTESIAN_POINT('',(860.,-40.,250.));
#5242 = DIRECTION('',(0.,1.,0.));
#5243 = DIRECTION('',(0.,-0.,1.));
#5244 = DEFINITIONAL_REPRESENTATION('',(#5245),#5249);
#5245 = CIRCLE('',#5246,22.);
#5246 = AXIS2_PLACEMENT_2D('',#5247,#5248);
#5247 = CARTESIAN_POINT('',(0.,0.));
#5248 = DIRECTION('',(1.,0.));
#5249 = ( GEOMETRIC_REPRESENTATION_CONTEXT(2) 
PARAMETRIC_REPRESENTATION_CONTEXT() REPRESENTATION_CONTEXT('2D SPACE',''
  ) );
#5250 = ORIENTED_EDGE('',*,*,#5201,.T.);
#5251 = ADVANCED_FACE('',(#5252),#5189,.T.);
#5252 = FACE_BOUND('',#5253,.T.);
#5253 = EDGE_LOOP('',(#5254));
#5254 = ORIENTED_EDGE('',*,*,#5167,.T.);
#5255 = ADVANCED_FACE('',(#5256),#5239,.F.);
#5256 = FACE_BOUND('',#5257,.T.);
#5257 = EDGE_LOOP('',(#5258));
#5258 = ORIENTED_EDGE('',*,*,#5224,.F.);
#5259 = ( GEOMETRIC_REPRESENTATION_CONTEXT(3) 
GLOBAL_UNCERTAINTY_ASSIGNED_CONTEXT((#5263)) 
GLOBAL_UNIT_ASSIGNED_CONTEXT((#5260,#5261,#5262)) REPRESENTATION_CONTEXT
('Context #1','3D Context with UNIT and UNCERTAINTY') );
#5260 = ( LENGTH_UNIT() NAMED_UNIT(*) SI_UNIT(.MILLI.,.METRE.) );
#5261 = ( NAMED_UNIT(*) PLANE_ANGLE_UNIT() SI_UNIT($,.RADIAN.) );
#5262 = ( NAMED_UNIT(*) SI_UNIT($,.STERADIAN.) SOLID_ANGLE_UNIT() );
#5263 = UNCERTAINTY_MEASURE_WITH_UNIT(LENGTH_MEASURE(1.E-07),#5260,
  'distance_accuracy_value','confusion accuracy');
#5264 = CONTEXT_DEPENDENT_SHAPE_REPRESENTATION(#5265,#5267);
#5265 = ( REPRESENTATION_RELATIONSHIP('','',#5160,#4856) 
REPRESENTATION_RELATIONSHIP_WITH_TRANSFORMATION(#5266) 
SHAPE_REPRESENTATION_RELATIONSHIP() );
#5266 = ITEM_DEFINED_TRANSFORMATION('','',#11,#4861);
#5267 = PRODUCT_DEFINITION_SHAPE('Placement','Placement of an item',
  #5268);
#5268 = NEXT_ASSEMBLY_USAGE_OCCURRENCE('36','=>[0:1:1:38]','',#4851,
  #5155,$);
#5269 = PRODUCT_RELATED_PRODUCT_CATEGORY('part',$,(#5157));
#5270 = SHAPE_DEFINITION_REPRESENTATION(#5271,#5277);
#5271 = PRODUCT_DEFINITION_SHAPE('','',#5272);
#5272 = PRODUCT_DEFINITION('design','',#5273,#5276);
#5273 = PRODUCT_DEFINITION_FORMATION('','',#5274);
#5274 = PRODUCT('SOLID','SOLID','',(#5275));
#5275 = PRODUCT_CONTEXT('',#2,'mechanical');
#5276 = PRODUCT_DEFINITION_CONTEXT('part definition',#2,'design');
#5277 = ADVANCED_BREP_SHAPE_REPRESENTATION('',(#11,#5278),#5376);
#5278 = MANIFOLD_SOLID_BREP('',#5279);
#5279 = CLOSED_SHELL('',(#5280,#5368,#5372));
#5280 = ADVANCED_FACE('',(#5281),#5294,.T.);
#5281 = FACE_BOUND('',#5282,.T.);
#5282 = EDGE_LOOP('',(#5283,#5317,#5340,#5367));
#5283 = ORIENTED_EDGE('',*,*,#5284,.F.);
#5284 = EDGE_CURVE('',#5285,#5285,#5287,.T.);
#5285 = VERTEX_POINT('',#5286);
#5286 = CARTESIAN_POINT('',(860.,70.,256.));
#5287 = SURFACE_CURVE('',#5288,(#5293,#5305),.PCURVE_S1.);
#5288 = CIRCLE('',#5289,6.);
#5289 = AXIS2_PLACEMENT_3D('',#5290,#5291,#5292);
#5290 = CARTESIAN_POINT('',(860.,70.,250.));
#5291 = DIRECTION('',(0.,1.,0.));
#5292 = DIRECTION('',(0.,-0.,1.));
#5293 = PCURVE('',#5294,#5299);
#5294 = CYLINDRICAL_SURFACE('',#5295,6.);
#5295 = AXIS2_PLACEMENT_3D('',#5296,#5297,#5298);
#5296 = CARTESIAN_POINT('',(860.,-70.,250.));
#5297 = DIRECTION('',(0.,1.,0.));
#5298 = DIRECTION('',(0.,-0.,1.));
#5299 = DEFINITIONAL_REPRESENTATION('',(#5300),#5304);
#5300 = LINE('',#5301,#5302);
#5301 = CARTESIAN_POINT('',(0.,140.));
#5302 = VECTOR('',#5303,1.);
#5303 = DIRECTION('',(1.,0.));
#5304 = ( GEOMETRIC_REPRESENTATION_CONTEXT(2) 
PARAMETRIC_REPRESENTATION_CONTEXT() REPRESENTATION_CONTEXT('2D SPACE',''
  ) );
#5305 = PCURVE('',#5306,#5311);
#5306 = PLANE('',#5307);
#5307 = AXIS2_PLACEMENT_3D('',#5308,#5309,#5310);
#5308 = CARTESIAN_POINT('',(860.,70.,250.));
#5309 = DIRECTION('',(0.,1.,0.));
#5310 = DIRECTION('',(0.,-0.,1.));
#5311 = DEFINITIONAL_REPRESENTATION('',(#5312),#5316);
#5312 = CIRCLE('',#5313,6.);
#5313 = AXIS2_PLACEMENT_2D('',#5314,#5315);
#5314 = CARTESIAN_POINT('',(0.,0.));
#5315 = DIRECTION('',(1.,0.));
#5316 = ( GEOMETRIC_REPRESENTATION_CONTEXT(2) 
PARAMETRIC_REPRESENTATION_CONTEXT() REPRESENTATION_CONTEXT('2D SPACE',''
  ) );
#5317 = ORIENTED_EDGE('',*,*,#5318,.F.);
#5318 = EDGE_CURVE('',#5319,#5285,#5321,.T.);
#5319 = VERTEX_POINT('',#5320);
#5320 = CARTESIAN_POINT('',(860.,-70.,256.));
#5321 = SEAM_CURVE('',#5322,(#5326,#5333),.PCURVE_S1.);
#5322 = LINE('',#5323,#5324);
#5323 = CARTESIAN_POINT('',(860.,-70.,256.));
#5324 = VECTOR('',#5325,1.);
#5325 = DIRECTION('',(0.,1.,0.));
#5326 = PCURVE('',#5294,#5327);
#5327 = DEFINITIONAL_REPRESENTATION('',(#5328),#5332);
#5328 = LINE('',#5329,#5330);
#5329 = CARTESIAN_POINT('',(6.28318530718,-0.));
#5330 = VECTOR('',#5331,1.);
#5331 = DIRECTION('',(0.,1.));
#5332 = ( GEOMETRIC_REPRESENTATION_CONTEXT(2) 
PARAMETRIC_REPRESENTATION_CONTEXT() REPRESENTATION_CONTEXT('2D SPACE',''
  ) );
#5333 = PCURVE('',#5294,#5334);
#5334 = DEFINITIONAL_REPRESENTATION('',(#5335),#5339);
#5335 = LINE('',#5336,#5337);
#5336 = CARTESIAN_POINT('',(0.,-0.));
#5337 = VECTOR('',#5338,1.);
#5338 = DIRECTION('',(0.,1.));
#5339 = ( GEOMETRIC_REPRESENTATION_CONTEXT(2) 
PARAMETRIC_REPRESENTATION_CONTEXT() REPRESENTATION_CONTEXT('2D SPACE',''
  ) );
#5340 = ORIENTED_EDGE('',*,*,#5341,.T.);
#5341 = EDGE_CURVE('',#5319,#5319,#5342,.T.);
#5342 = SURFACE_CURVE('',#5343,(#5348,#5355),.PCURVE_S1.);
#5343 = CIRCLE('',#5344,6.);
#5344 = AXIS2_PLACEMENT_3D('',#5345,#5346,#5347);
#5345 = CARTESIAN_POINT('',(860.,-70.,250.));
#5346 = DIRECTION('',(0.,1.,0.));
#5347 = DIRECTION('',(0.,-0.,1.));
#5348 = PCURVE('',#5294,#5349);
#5349 = DEFINITIONAL_REPRESENTATION('',(#5350),#5354);
#5350 = LINE('',#5351,#5352);
#5351 = CARTESIAN_POINT('',(0.,0.));
#5352 = VECTOR('',#5353,1.);
#5353 = DIRECTION('',(1.,0.));
#5354 = ( GEOMETRIC_REPRESENTATION_CONTEXT(2) 
PARAMETRIC_REPRESENTATION_CONTEXT() REPRESENTATION_CONTEXT('2D SPACE',''
  ) );
#5355 = PCURVE('',#5356,#5361);
#5356 = PLANE('',#5357);
#5357 = AXIS2_PLACEMENT_3D('',#5358,#5359,#5360);
#5358 = CARTESIAN_POINT('',(860.,-70.,250.));
#5359 = DIRECTION('',(0.,1.,0.));
#5360 = DIRECTION('',(0.,-0.,1.));
#5361 = DEFINITIONAL_REPRESENTATION('',(#5362),#5366);
#5362 = CIRCLE('',#5363,6.);
#5363 = AXIS2_PLACEMENT_2D('',#5364,#5365);
#5364 = CARTESIAN_POINT('',(0.,0.));
#5365 = DIRECTION('',(1.,0.));
#5366 = ( GEOMETRIC_REPRESENTATION_CONTEXT(2) 
PARAMETRIC_REPRESENTATION_CONTEXT() REPRESENTATION_CONTEXT('2D SPACE',''
  ) );
#5367 = ORIENTED_EDGE('',*,*,#5318,.T.);
#5368 = ADVANCED_FACE('',(#5369),#5306,.T.);
#5369 = FACE_BOUND('',#5370,.T.);
#5370 = EDGE_LOOP('',(#5371));
#5371 = ORIENTED_EDGE('',*,*,#5284,.T.);
#5372 = ADVANCED_FACE('',(#5373),#5356,.F.);
#5373 = FACE_BOUND('',#5374,.T.);
#5374 = EDGE_LOOP('',(#5375));
#5375 = ORIENTED_EDGE('',*,*,#5341,.F.);
#5376 = ( GEOMETRIC_REPRESENTATION_CONTEXT(3) 
GLOBAL_UNCERTAINTY_ASSIGNED_CONTEXT((#5380)) 
GLOBAL_UNIT_ASSIGNED_CONTEXT((#5377,#5378,#5379)) REPRESENTATION_CONTEXT
('Context #1','3D Context with UNIT and UNCERTAINTY') );
#5377 = ( LENGTH_UNIT() NAMED_UNIT(*) SI_UNIT(.MILLI.,.METRE.) );
#5378 = ( NAMED_UNIT(*) PLANE_ANGLE_UNIT() SI_UNIT($,.RADIAN.) );
#5379 = ( NAMED_UNIT(*) SI_UNIT($,.STERADIAN.) SOLID_ANGLE_UNIT() );
#5380 = UNCERTAINTY_MEASURE_WITH_UNIT(LENGTH_MEASURE(1.E-07),#5377,
  'distance_accuracy_value','confusion accuracy');
#5381 = CONTEXT_DEPENDENT_SHAPE_REPRESENTATION(#5382,#5384);
#5382 = ( REPRESENTATION_RELATIONSHIP('','',#5277,#4856) 
REPRESENTATION_RELATIONSHIP_WITH_TRANSFORMATION(#5383) 
SHAPE_REPRESENTATION_RELATIONSHIP() );
#5383 = ITEM_DEFINED_TRANSFORMATION('','',#11,#4865);
#5384 = PRODUCT_DEFINITION_SHAPE('Placement','Placement of an item',
  #5385);
#5385 = NEXT_ASSEMBLY_USAGE_OCCURRENCE('37','=>[0:1:1:39]','',#4851,
  #5272,$);
#5386 = PRODUCT_RELATED_PRODUCT_CATEGORY('part',$,(#5274));
#5387 = SHAPE_DEFINITION_REPRESENTATION(#5388,#5394);
#5388 = PRODUCT_DEFINITION_SHAPE('','',#5389);
#5389 = PRODUCT_DEFINITION('design','',#5390,#5393);
#5390 = PRODUCT_DEFINITION_FORMATION('','',#5391);
#5391 = PRODUCT('SOLID','SOLID','',(#5392));
#5392 = PRODUCT_CONTEXT('',#2,'mechanical');
#5393 = PRODUCT_DEFINITION_CONTEXT('part definition',#2,'design');
#5394 = ADVANCED_BREP_SHAPE_REPRESENTATION('',(#11,#5395),#5493);
#5395 = MANIFOLD_SOLID_BREP('',#5396);
#5396 = CLOSED_SHELL('',(#5397,#5485,#5489));
#5397 = ADVANCED_FACE('',(#5398),#5411,.T.);
#5398 = FACE_BOUND('',#5399,.T.);
#5399 = EDGE_LOOP('',(#5400,#5434,#5457,#5484));
#5400 = ORIENTED_EDGE('',*,*,#5401,.F.);
#5401 = EDGE_CURVE('',#5402,#5402,#5404,.T.);
#5402 = VERTEX_POINT('',#5403);
#5403 = CARTESIAN_POINT('',(1.036926068217E+03,2.709259636355E-15,
    316.28461289606));
#5404 = SURFACE_CURVE('',#5405,(#5410,#5422),.PCURVE_S1.);
#5405 = CIRCLE('',#5406,1.6);
#5406 = AXIS2_PLACEMENT_3D('',#5407,#5408,#5409);
#5407 = CARTESIAN_POINT('',(1.037541442728E+03,7.105427357601E-15,
    314.80768560908));
#5408 = DIRECTION('',(0.906871241125,0.186573296525,0.377855735757));
#5409 = DIRECTION('',(-0.384609069468,0.,0.923079554363));
#5410 = PCURVE('',#5411,#5416);
#5411 = CYLINDRICAL_SURFACE('',#5412,1.6);
#5412 = AXIS2_PLACEMENT_3D('',#5413,#5414,#5415);
#5413 = CARTESIAN_POINT('',(882.,-32.,250.));
#5414 = DIRECTION('',(0.906871241125,0.186573296525,0.377855735757));
#5415 = DIRECTION('',(-0.384609069468,0.,0.923079554363));
#5416 = DEFINITIONAL_REPRESENTATION('',(#5417),#5421);
#5417 = LINE('',#5418,#5419);
#5418 = CARTESIAN_POINT('',(0.,171.51436243055));
#5419 = VECTOR('',#5420,1.);
#5420 = DIRECTION('',(1.,0.));
#5421 = ( GEOMETRIC_REPRESENTATION_CONTEXT(2) 
PARAMETRIC_REPRESENTATION_CONTEXT() REPRESENTATION_CONTEXT('2D SPACE',''
  ) );
#5422 = PCURVE('',#5423,#5428);
#5423 = PLANE('',#5424);
#5424 = AXIS2_PLACEMENT_3D('',#5425,#5426,#5427);
#5425 = CARTESIAN_POINT('',(1.037541442728E+03,7.105427357601E-15,
    314.80768560908));
#5426 = DIRECTION('',(0.906871241125,0.186573296525,0.377855735757));
#5427 = DIRECTION('',(-0.384609069468,0.,0.923079554363));
#5428 = DEFINITIONAL_REPRESENTATION('',(#5429),#5433);
#5429 = CIRCLE('',#5430,1.6);
#5430 = AXIS2_PLACEMENT_2D('',#5431,#5432);
#5431 = CARTESIAN_POINT('',(0.,0.));
#5432 = DIRECTION('',(1.,0.));
#5433 = ( GEOMETRIC_REPRESENTATION_CONTEXT(2) 
PARAMETRIC_REPRESENTATION_CONTEXT() REPRESENTATION_CONTEXT('2D SPACE',''
  ) );
#5434 = ORIENTED_EDGE('',*,*,#5435,.F.);
#5435 = EDGE_CURVE('',#5436,#5402,#5438,.T.);
#5436 = VERTEX_POINT('',#5437);
#5437 = CARTESIAN_POINT('',(881.38462548885,-32.,251.47692728698));
#5438 = SEAM_CURVE('',#5439,(#5443,#5450),.PCURVE_S1.);
#5439 = LINE('',#5440,#5441);
#5440 = CARTESIAN_POINT('',(881.38462548885,-32.,251.47692728698));
#5441 = VECTOR('',#5442,1.);
#5442 = DIRECTION('',(0.906871241125,0.186573296525,0.377855735757));
#5443 = PCURVE('',#5411,#5444);
#5444 = DEFINITIONAL_REPRESENTATION('',(#5445),#5449);
#5445 = LINE('',#5446,#5447);
#5446 = CARTESIAN_POINT('',(6.28318530718,-0.));
#5447 = VECTOR('',#5448,1.);
#5448 = DIRECTION('',(0.,1.));
#5449 = ( GEOMETRIC_REPRESENTATION_CONTEXT(2) 
PARAMETRIC_REPRESENTATION_CONTEXT() REPRESENTATION_CONTEXT('2D SPACE',''
  ) );
#5450 = PCURVE('',#5411,#5451);
#5451 = DEFINITIONAL_REPRESENTATION('',(#5452),#5456);
#5452 = LINE('',#5453,#5454);
#5453 = CARTESIAN_POINT('',(0.,-0.));
#5454 = VECTOR('',#5455,1.);
#5455 = DIRECTION('',(0.,1.));
#5456 = ( GEOMETRIC_REPRESENTATION_CONTEXT(2) 
PARAMETRIC_REPRESENTATION_CONTEXT() REPRESENTATION_CONTEXT('2D SPACE',''
  ) );
#5457 = ORIENTED_EDGE('',*,*,#5458,.T.);
#5458 = EDGE_CURVE('',#5436,#5436,#5459,.T.);
#5459 = SURFACE_CURVE('',#5460,(#5465,#5472),.PCURVE_S1.);
#5460 = CIRCLE('',#5461,1.6);
#5461 = AXIS2_PLACEMENT_3D('',#5462,#5463,#5464);
#5462 = CARTESIAN_POINT('',(882.,-32.,250.));
#5463 = DIRECTION('',(0.906871241125,0.186573296525,0.377855735757));
#5464 = DIRECTION('',(-0.384609069468,0.,0.923079554363));
#5465 = PCURVE('',#5411,#5466);
#5466 = DEFINITIONAL_REPRESENTATION('',(#5467),#5471);
#5467 = LINE('',#5468,#5469);
#5468 = CARTESIAN_POINT('',(0.,0.));
#5469 = VECTOR('',#5470,1.);
#5470 = DIRECTION('',(1.,0.));
#5471 = ( GEOMETRIC_REPRESENTATION_CONTEXT(2) 
PARAMETRIC_REPRESENTATION_CONTEXT() REPRESENTATION_CONTEXT('2D SPACE',''
  ) );
#5472 = PCURVE('',#5473,#5478);
#5473 = PLANE('',#5474);
#5474 = AXIS2_PLACEMENT_3D('',#5475,#5476,#5477);
#5475 = CARTESIAN_POINT('',(882.,-32.,250.));
#5476 = DIRECTION('',(0.906871241125,0.186573296525,0.377855735757));
#5477 = DIRECTION('',(-0.384609069468,0.,0.923079554363));
#5478 = DEFINITIONAL_REPRESENTATION('',(#5479),#5483);
#5479 = CIRCLE('',#5480,1.6);
#5480 = AXIS2_PLACEMENT_2D('',#5481,#5482);
#5481 = CARTESIAN_POINT('',(0.,0.));
#5482 = DIRECTION('',(1.,0.));
#5483 = ( GEOMETRIC_REPRESENTATION_CONTEXT(2) 
PARAMETRIC_REPRESENTATION_CONTEXT() REPRESENTATION_CONTEXT('2D SPACE',''
  ) );
#5484 = ORIENTED_EDGE('',*,*,#5435,.T.);
#5485 = ADVANCED_FACE('',(#5486),#5423,.T.);
#5486 = FACE_BOUND('',#5487,.T.);
#5487 = EDGE_LOOP('',(#5488));
#5488 = ORIENTED_EDGE('',*,*,#5401,.T.);
#5489 = ADVANCED_FACE('',(#5490),#5473,.F.);
#5490 = FACE_BOUND('',#5491,.T.);
#5491 = EDGE_LOOP('',(#5492));
#5492 = ORIENTED_EDGE('',*,*,#5458,.F.);
#5493 = ( GEOMETRIC_REPRESENTATION_CONTEXT(3) 
GLOBAL_UNCERTAINTY_ASSIGNED_CONTEXT((#5497)) 
GLOBAL_UNIT_ASSIGNED_CONTEXT((#5494,#5495,#5496)) REPRESENTATION_CONTEXT
('Context #1','3D Context with UNIT and UNCERTAINTY') );
#5494 = ( LENGTH_UNIT() NAMED_UNIT(*) SI_UNIT(.MILLI.,.METRE.) );
#5495 = ( NAMED_UNIT(*) PLANE_ANGLE_UNIT() SI_UNIT($,.RADIAN.) );
#5496 = ( NAMED_UNIT(*) SI_UNIT($,.STERADIAN.) SOLID_ANGLE_UNIT() );
#5497 = UNCERTAINTY_MEASURE_WITH_UNIT(LENGTH_MEASURE(1.E-07),#5494,
  'distance_accuracy_value','confusion accuracy');
#5498 = CONTEXT_DEPENDENT_SHAPE_REPRESENTATION(#5499,#5501);
#5499 = ( REPRESENTATION_RELATIONSHIP('','',#5394,#4856) 
REPRESENTATION_RELATIONSHIP_WITH_TRANSFORMATION(#5500) 
SHAPE_REPRESENTATION_RELATIONSHIP() );
#5500 = ITEM_DEFINED_TRANSFORMATION('','',#11,#4869);
#5501 = PRODUCT_DEFINITION_SHAPE('Placement','Placement of an item',
  #5502);
#5502 = NEXT_ASSEMBLY_USAGE_OCCURRENCE('38','=>[0:1:1:40]','',#4851,
  #5389,$);
#5503 = PRODUCT_RELATED_PRODUCT_CATEGORY('part',$,(#5391));
#5504 = SHAPE_DEFINITION_REPRESENTATION(#5505,#5511);
#5505 = PRODUCT_DEFINITION_SHAPE('','',#5506);
#5506 = PRODUCT_DEFINITION('design','',#5507,#5510);
#5507 = PRODUCT_DEFINITION_FORMATION('','',#5508);
#5508 = PRODUCT('SOLID','SOLID','',(#5509));
#5509 = PRODUCT_CONTEXT('',#2,'mechanical');
#5510 = PRODUCT_DEFINITION_CONTEXT('part definition',#2,'design');
#5511 = ADVANCED_BREP_SHAPE_REPRESENTATION('',(#11,#5512),#5610);
#5512 = MANIFOLD_SOLID_BREP('',#5513);
#5513 = CLOSED_SHELL('',(#5514,#5602,#5606));
#5514 = ADVANCED_FACE('',(#5515),#5528,.T.);
#5515 = FACE_BOUND('',#5516,.T.);
#5516 = EDGE_LOOP('',(#5517,#5551,#5574,#5601));
#5517 = ORIENTED_EDGE('',*,*,#5518,.F.);
#5518 = EDGE_CURVE('',#5519,#5519,#5521,.T.);
#5519 = VERTEX_POINT('',#5520);
#5520 = CARTESIAN_POINT('',(1.003585447925E+03,-1.585020962428E-15,
    372.7994408197));
#5521 = SURFACE_CURVE('',#5522,(#5527,#5539),.PCURVE_S1.);
#5522 = CIRCLE('',#5523,1.6);
#5523 = AXIS2_PLACEMENT_3D('',#5524,#5525,#5526);
#5524 = CARTESIAN_POINT('',(1.004668849695E+03,0.,371.62205362519));
#5525 = DIRECTION('',(0.722945940388,-0.186573296525,0.66523647848));
#5526 = DIRECTION('',(-0.67712610595,0.,0.73586699657));
#5527 = PCURVE('',#5528,#5533);
#5528 = CYLINDRICAL_SURFACE('',#5529,1.6);
#5529 = AXIS2_PLACEMENT_3D('',#5530,#5531,#5532);
#5530 = CARTESIAN_POINT('',(880.67323765729,32.,257.52444315316));
#5531 = DIRECTION('',(0.722945940388,-0.186573296525,0.66523647848));
#5532 = DIRECTION('',(-0.67712610595,0.,0.73586699657));
#5533 = DEFINITIONAL_REPRESENTATION('',(#5534),#5538);
#5534 = LINE('',#5535,#5536);
#5535 = CARTESIAN_POINT('',(0.,171.51436243055));
#5536 = VECTOR('',#5537,1.);
#5537 = DIRECTION('',(1.,0.));
#5538 = ( GEOMETRIC_REPRESENTATION_CONTEXT(2) 
PARAMETRIC_REPRESENTATION_CONTEXT() REPRESENTATION_CONTEXT('2D SPACE',''
  ) );
#5539 = PCURVE('',#5540,#5545);
#5540 = PLANE('',#5541);
#5541 = AXIS2_PLACEMENT_3D('',#5542,#5543,#5544);
#5542 = CARTESIAN_POINT('',(1.004668849695E+03,0.,371.62205362519));
#5543 = DIRECTION('',(0.722945940388,-0.186573296525,0.66523647848));
#5544 = DIRECTION('',(-0.67712610595,0.,0.73586699657));
#5545 = DEFINITIONAL_REPRESENTATION('',(#5546),#5550);
#5546 = CIRCLE('',#5547,1.6);
#5547 = AXIS2_PLACEMENT_2D('',#5548,#5549);
#5548 = CARTESIAN_POINT('',(0.,0.));
#5549 = DIRECTION('',(1.,0.));
#5550 = ( GEOMETRIC_REPRESENTATION_CONTEXT(2) 
PARAMETRIC_REPRESENTATION_CONTEXT() REPRESENTATION_CONTEXT('2D SPACE',''
  ) );
#5551 = ORIENTED_EDGE('',*,*,#5552,.F.);
#5552 = EDGE_CURVE('',#5553,#5519,#5555,.T.);
#5553 = VERTEX_POINT('',#5554);
#5554 = CARTESIAN_POINT('',(879.58983588776,32.,258.70183034767));
#5555 = SEAM_CURVE('',#5556,(#5560,#5567),.PCURVE_S1.);
#5556 = LINE('',#5557,#5558);
#5557 = CARTESIAN_POINT('',(879.58983588776,32.,258.70183034767));
#5558 = VECTOR('',#5559,1.);
#5559 = DIRECTION('',(0.722945940388,-0.186573296525,0.66523647848));
#5560 = PCURVE('',#5528,#5561);
#5561 = DEFINITIONAL_REPRESENTATION('',(#5562),#5566);
#5562 = LINE('',#5563,#5564);
#5563 = CARTESIAN_POINT('',(6.28318530718,-0.));
#5564 = VECTOR('',#5565,1.);
#5565 = DIRECTION('',(0.,1.));
#5566 = ( GEOMETRIC_REPRESENTATION_CONTEXT(2) 
PARAMETRIC_REPRESENTATION_CONTEXT() REPRESENTATION_CONTEXT('2D SPACE',''
  ) );
#5567 = PCURVE('',#5528,#5568);
#5568 = DEFINITIONAL_REPRESENTATION('',(#5569),#5573);
#5569 = LINE('',#5570,#5571);
#5570 = CARTESIAN_POINT('',(0.,-0.));
#5571 = VECTOR('',#5572,1.);
#5572 = DIRECTION('',(0.,1.));
#5573 = ( GEOMETRIC_REPRESENTATION_CONTEXT(2) 
PARAMETRIC_REPRESENTATION_CONTEXT() REPRESENTATION_CONTEXT('2D SPACE',''
  ) );
#5574 = ORIENTED_EDGE('',*,*,#5575,.T.);
#5575 = EDGE_CURVE('',#5553,#5553,#5576,.T.);
#5576 = SURFACE_CURVE('',#5577,(#5582,#5589),.PCURVE_S1.);
#5577 = CIRCLE('',#5578,1.6);
#5578 = AXIS2_PLACEMENT_3D('',#5579,#5580,#5581);
#5579 = CARTESIAN_POINT('',(880.67323765729,32.,257.52444315316));
#5580 = DIRECTION('',(0.722945940388,-0.186573296525,0.66523647848));
#5581 = DIRECTION('',(-0.67712610595,0.,0.73586699657));
#5582 = PCURVE('',#5528,#5583);
#5583 = DEFINITIONAL_REPRESENTATION('',(#5584),#5588);
#5584 = LINE('',#5585,#5586);
#5585 = CARTESIAN_POINT('',(0.,0.));
#5586 = VECTOR('',#5587,1.);
#5587 = DIRECTION('',(1.,0.));
#5588 = ( GEOMETRIC_REPRESENTATION_CONTEXT(2) 
PARAMETRIC_REPRESENTATION_CONTEXT() REPRESENTATION_CONTEXT('2D SPACE',''
  ) );
#5589 = PCURVE('',#5590,#5595);
#5590 = PLANE('',#5591);
#5591 = AXIS2_PLACEMENT_3D('',#5592,#5593,#5594);
#5592 = CARTESIAN_POINT('',(880.67323765729,32.,257.52444315316));
#5593 = DIRECTION('',(0.722945940388,-0.186573296525,0.66523647848));
#5594 = DIRECTION('',(-0.67712610595,0.,0.73586699657));
#5595 = DEFINITIONAL_REPRESENTATION('',(#5596),#5600);
#5596 = CIRCLE('',#5597,1.6);
#5597 = AXIS2_PLACEMENT_2D('',#5598,#5599);
#5598 = CARTESIAN_POINT('',(0.,0.));
#5599 = DIRECTION('',(1.,0.));
#5600 = ( GEOMETRIC_REPRESENTATION_CONTEXT(2) 
PARAMETRIC_REPRESENTATION_CONTEXT() REPRESENTATION_CONTEXT('2D SPACE',''
  ) );
#5601 = ORIENTED_EDGE('',*,*,#5552,.T.);
#5602 = ADVANCED_FACE('',(#5603),#5540,.T.);
#5603 = FACE_BOUND('',#5604,.T.);
#5604 = EDGE_LOOP('',(#5605));
#5605 = ORIENTED_EDGE('',*,*,#5518,.T.);
#5606 = ADVANCED_FACE('',(#5607),#5590,.F.);
#5607 = FACE_BOUND('',#5608,.T.);
#5608 = EDGE_LOOP('',(#5609));
#5609 = ORIENTED_EDGE('',*,*,#5575,.F.);
#5610 = ( GEOMETRIC_REPRESENTATION_CONTEXT(3) 
GLOBAL_UNCERTAINTY_ASSIGNED_CONTEXT((#5614)) 
GLOBAL_UNIT_ASSIGNED_CONTEXT((#5611,#5612,#5613)) REPRESENTATION_CONTEXT
('Context #1','3D Context with UNIT and UNCERTAINTY') );
#5611 = ( LENGTH_UNIT() NAMED_UNIT(*) SI_UNIT(.MILLI.,.METRE.) );
#5612 = ( NAMED_UNIT(*) PLANE_ANGLE_UNIT() SI_UNIT($,.RADIAN.) );
#5613 = ( NAMED_UNIT(*) SI_UNIT($,.STERADIAN.) SOLID_ANGLE_UNIT() );
#5614 = UNCERTAINTY_MEASURE_WITH_UNIT(LENGTH_MEASURE(1.E-07),#5611,
  'distance_accuracy_value','confusion accuracy');
#5615 = CONTEXT_DEPENDENT_SHAPE_REPRESENTATION(#5616,#5618);
#5616 = ( REPRESENTATION_RELATIONSHIP('','',#5511,#4856) 
REPRESENTATION_RELATIONSHIP_WITH_TRANSFORMATION(#5617) 
SHAPE_REPRESENTATION_RELATIONSHIP() );
#5617 = ITEM_DEFINED_TRANSFORMATION('','',#11,#4873);
#5618 = PRODUCT_DEFINITION_SHAPE('Placement','Placement of an item',
  #5619);
#5619 = NEXT_ASSEMBLY_USAGE_OCCURRENCE('39','=>[0:1:1:41]','',#4851,
  #5506,$);
#5620 = PRODUCT_RELATED_PRODUCT_CATEGORY('part',$,(#5508));
#5621 = SHAPE_DEFINITION_REPRESENTATION(#5622,#5628);
#5622 = PRODUCT_DEFINITION_SHAPE('','',#5623);
#5623 = PRODUCT_DEFINITION('design','',#5624,#5627);
#5624 = PRODUCT_DEFINITION_FORMATION('','',#5625);
#5625 = PRODUCT('SOLID','SOLID','',(#5626));
#5626 = PRODUCT_CONTEXT('',#2,'mechanical');
#5627 = PRODUCT_DEFINITION_CONTEXT('part definition',#2,'design');
#5628 = ADVANCED_BREP_SHAPE_REPRESENTATION('',(#11,#5629),#5727);
#5629 = MANIFOLD_SOLID_BREP('',#5630);
#5630 = CLOSED_SHELL('',(#5631,#5719,#5723));
#5631 = ADVANCED_FACE('',(#5632),#5645,.T.);
#5632 = FACE_BOUND('',#5633,.T.);
#5633 = EDGE_LOOP('',(#5634,#5668,#5691,#5718));
#5634 = ORIENTED_EDGE('',*,*,#5635,.F.);
#5635 = EDGE_CURVE('',#5636,#5636,#5638,.T.);
#5636 = VERTEX_POINT('',#5637);
#5637 = CARTESIAN_POINT('',(955.76781308843,-2.192942658E-15,
    413.03117019376));
#5638 = SURFACE_CURVE('',#5639,(#5644,#5656),.PCURVE_S1.);
#5639 = CIRCLE('',#5640,1.6);
#5640 = AXIS2_PLACEMENT_3D('',#5641,#5642,#5643);
#5641 = CARTESIAN_POINT('',(954.34705830325,0.,413.76700702376));
#5642 = DIRECTION('',(0.451822689695,0.186573296525,0.872379884053));
#5643 = DIRECTION('',(0.887971740738,0.,-0.45989801875));
#5644 = PCURVE('',#5645,#5650);
#5645 = CYLINDRICAL_SURFACE('',#5646,1.6);
#5646 = AXIS2_PLACEMENT_3D('',#5647,#5648,#5649);
#5647 = CARTESIAN_POINT('',(876.85297774861,-32.,264.1413274131));
#5648 = DIRECTION('',(0.451822689695,0.186573296525,0.872379884053));
#5649 = DIRECTION('',(0.887971740738,0.,-0.45989801875));
#5650 = DEFINITIONAL_REPRESENTATION('',(#5651),#5655);
#5651 = LINE('',#5652,#5653);
#5652 = CARTESIAN_POINT('',(0.,171.51436243055));
#5653 = VECTOR('',#5654,1.);
#5654 = DIRECTION('',(1.,0.));
#5655 = ( GEOMETRIC_REPRESENTATION_CONTEXT(2) 
PARAMETRIC_REPRESENTATION_CONTEXT() REPRESENTATION_CONTEXT('2D SPACE',''
  ) );
#5656 = PCURVE('',#5657,#5662);
#5657 = PLANE('',#5658);
#5658 = AXIS2_PLACEMENT_3D('',#5659,#5660,#5661);
#5659 = CARTESIAN_POINT('',(954.34705830325,0.,413.76700702376));
#5660 = DIRECTION('',(0.451822689695,0.186573296525,0.872379884053));
#5661 = DIRECTION('',(0.887971740738,0.,-0.45989801875));
#5662 = DEFINITIONAL_REPRESENTATION('',(#5663),#5667);
#5663 = CIRCLE('',#5664,1.6);
#5664 = AXIS2_PLACEMENT_2D('',#5665,#5666);
#5665 = CARTESIAN_POINT('',(0.,0.));
#5666 = DIRECTION('',(1.,0.));
#5667 = ( GEOMETRIC_REPRESENTATION_CONTEXT(2) 
PARAMETRIC_REPRESENTATION_CONTEXT() REPRESENTATION_CONTEXT('2D SPACE',''
  ) );
#5668 = ORIENTED_EDGE('',*,*,#5669,.F.);
#5669 = EDGE_CURVE('',#5670,#5636,#5672,.T.);
#5670 = VERTEX_POINT('',#5671);
#5671 = CARTESIAN_POINT('',(878.27373253379,-32.,263.4054905831));
#5672 = SEAM_CURVE('',#5673,(#5677,#5684),.PCURVE_S1.);
#5673 = LINE('',#5674,#5675);
#5674 = CARTESIAN_POINT('',(878.27373253379,-32.,263.4054905831));
#5675 = VECTOR('',#5676,1.);
#5676 = DIRECTION('',(0.451822689695,0.186573296525,0.872379884053));
#5677 = PCURVE('',#5645,#5678);
#5678 = DEFINITIONAL_REPRESENTATION('',(#5679),#5683);
#5679 = LINE('',#5680,#5681);
#5680 = CARTESIAN_POINT('',(6.28318530718,-0.));
#5681 = VECTOR('',#5682,1.);
#5682 = DIRECTION('',(0.,1.));
#5683 = ( GEOMETRIC_REPRESENTATION_CONTEXT(2) 
PARAMETRIC_REPRESENTATION_CONTEXT() REPRESENTATION_CONTEXT('2D SPACE',''
  ) );
#5684 = PCURVE('',#5645,#5685);
#5685 = DEFINITIONAL_REPRESENTATION('',(#5686),#5690);
#5686 = LINE('',#5687,#5688);
#5687 = CARTESIAN_POINT('',(0.,-0.));
#5688 = VECTOR('',#5689,1.);
#5689 = DIRECTION('',(0.,1.));
#5690 = ( GEOMETRIC_REPRESENTATION_CONTEXT(2) 
PARAMETRIC_REPRESENTATION_CONTEXT() REPRESENTATION_CONTEXT('2D SPACE',''
  ) );
#5691 = ORIENTED_EDGE('',*,*,#5692,.T.);
#5692 = EDGE_CURVE('',#5670,#5670,#5693,.T.);
#5693 = SURFACE_CURVE('',#5694,(#5699,#5706),.PCURVE_S1.);
#5694 = CIRCLE('',#5695,1.6);
#5695 = AXIS2_PLACEMENT_3D('',#5696,#5697,#5698);
#5696 = CARTESIAN_POINT('',(876.85297774861,-32.,264.1413274131));
#5697 = DIRECTION('',(0.451822689695,0.186573296525,0.872379884053));
#5698 = DIRECTION('',(0.887971740738,0.,-0.45989801875));
#5699 = PCURVE('',#5645,#5700);
#5700 = DEFINITIONAL_REPRESENTATION('',(#5701),#5705);
#5701 = LINE('',#5702,#5703);
#5702 = CARTESIAN_POINT('',(0.,0.));
#5703 = VECTOR('',#5704,1.);
#5704 = DIRECTION('',(1.,0.));
#5705 = ( GEOMETRIC_REPRESENTATION_CONTEXT(2) 
PARAMETRIC_REPRESENTATION_CONTEXT() REPRESENTATION_CONTEXT('2D SPACE',''
  ) );
#5706 = PCURVE('',#5707,#5712);
#5707 = PLANE('',#5708);
#5708 = AXIS2_PLACEMENT_3D('',#5709,#5710,#5711);
#5709 = CARTESIAN_POINT('',(876.85297774861,-32.,264.1413274131));
#5710 = DIRECTION('',(0.451822689695,0.186573296525,0.872379884053));
#5711 = DIRECTION('',(0.887971740738,0.,-0.45989801875));
#5712 = DEFINITIONAL_REPRESENTATION('',(#5713),#5717);
#5713 = CIRCLE('',#5714,1.6);
#5714 = AXIS2_PLACEMENT_2D('',#5715,#5716);
#5715 = CARTESIAN_POINT('',(0.,0.));
#5716 = DIRECTION('',(1.,0.));
#5717 = ( GEOMETRIC_REPRESENTATION_CONTEXT(2) 
PARAMETRIC_REPRESENTATION_CONTEXT() REPRESENTATION_CONTEXT('2D SPACE',''
  ) );
#5718 = ORIENTED_EDGE('',*,*,#5669,.T.);
#5719 = ADVANCED_FACE('',(#5720),#5657,.T.);
#5720 = FACE_BOUND('',#5721,.T.);
#5721 = EDGE_LOOP('',(#5722));
#5722 = ORIENTED_EDGE('',*,*,#5635,.T.);
#5723 = ADVANCED_FACE('',(#5724),#5707,.F.);
#5724 = FACE_BOUND('',#5725,.T.);
#5725 = EDGE_LOOP('',(#5726));
#5726 = ORIENTED_EDGE('',*,*,#5692,.F.);
#5727 = ( GEOMETRIC_REPRESENTATION_CONTEXT(3) 
GLOBAL_UNCERTAINTY_ASSIGNED_CONTEXT((#5731)) 
GLOBAL_UNIT_ASSIGNED_CONTEXT((#5728,#5729,#5730)) REPRESENTATION_CONTEXT
('Context #1','3D Context with UNIT and UNCERTAINTY') );
#5728 = ( LENGTH_UNIT() NAMED_UNIT(*) SI_UNIT(.MILLI.,.METRE.) );
#5729 = ( NAMED_UNIT(*) PLANE_ANGLE_UNIT() SI_UNIT($,.RADIAN.) );
#5730 = ( NAMED_UNIT(*) SI_UNIT($,.STERADIAN.) SOLID_ANGLE_UNIT() );
#5731 = UNCERTAINTY_MEASURE_WITH_UNIT(LENGTH_MEASURE(1.E-07),#5728,
  'distance_accuracy_value','confusion accuracy');
#5732 = CONTEXT_DEPENDENT_SHAPE_REPRESENTATION(#5733,#5735);
#5733 = ( REPRESENTATION_RELATIONSHIP('','',#5628,#4856) 
REPRESENTATION_RELATIONSHIP_WITH_TRANSFORMATION(#5734) 
SHAPE_REPRESENTATION_RELATIONSHIP() );
#5734 = ITEM_DEFINED_TRANSFORMATION('','',#11,#4877);
#5735 = PRODUCT_DEFINITION_SHAPE('Placement','Placement of an item',
  #5736);
#5736 = NEXT_ASSEMBLY_USAGE_OCCURRENCE('40','=>[0:1:1:42]','',#4851,
  #5623,$);
#5737 = PRODUCT_RELATED_PRODUCT_CATEGORY('part',$,(#5625));
#5738 = SHAPE_DEFINITION_REPRESENTATION(#5739,#5745);
#5739 = PRODUCT_DEFINITION_SHAPE('','',#5740);
#5740 = PRODUCT_DEFINITION('design','',#5741,#5744);
#5741 = PRODUCT_DEFINITION_FORMATION('','',#5742);
#5742 = PRODUCT('SOLID','SOLID','',(#5743));
#5743 = PRODUCT_CONTEXT('',#2,'mechanical');
#5744 = PRODUCT_DEFINITION_CONTEXT('part definition',#2,'design');
#5745 = ADVANCED_BREP_SHAPE_REPRESENTATION('',(#11,#5746),#5844);
#5746 = MANIFOLD_SOLID_BREP('',#5747);
#5747 = CLOSED_SHELL('',(#5748,#5836,#5840));
#5748 = ADVANCED_FACE('',(#5749),#5762,.T.);
#5749 = FACE_BOUND('',#5750,.T.);
#5750 = EDGE_LOOP('',(#5751,#5785,#5808,#5835));
#5751 = ORIENTED_EDGE('',*,*,#5752,.F.);
#5752 = EDGE_CURVE('',#5753,#5753,#5755,.T.);
#5753 = VERTEX_POINT('',#5754);
#5754 = CARTESIAN_POINT('',(892.64561926613,1.571446834289,
    436.46016575578));
#5755 = SURFACE_CURVE('',#5756,(#5761,#5773),.PCURVE_S1.);
#5756 = CIRCLE('',#5757,1.6);
#5757 = AXIS2_PLACEMENT_3D('',#5758,#5759,#5760);
#5758 = CARTESIAN_POINT('',(892.64561926613,3.552713678801E-15,
    436.15924243166));
#5759 = DIRECTION('',(0.126202954431,-0.186573296525,0.974301400654));
#5760 = DIRECTION('',(-6.938893903907E-18,0.982154271431,0.188077077579)
  );
#5761 = PCURVE('',#5762,#5767);
#5762 = CYLINDRICAL_SURFACE('',#5763,1.6);
#5763 = AXIS2_PLACEMENT_3D('',#5764,#5765,#5766);
#5764 = CARTESIAN_POINT('',(871.,32.,269.05255888325));
#5765 = DIRECTION('',(0.126202954431,-0.186573296525,0.974301400654));
#5766 = DIRECTION('',(-3.469446951954E-18,0.982154271431,0.188077077579)
  );
#5767 = DEFINITIONAL_REPRESENTATION('',(#5768),#5772);
#5768 = LINE('',#5769,#5770);
#5769 = CARTESIAN_POINT('',(0.,171.51436243055));
#5770 = VECTOR('',#5771,1.);
#5771 = DIRECTION('',(1.,0.));
#5772 = ( GEOMETRIC_REPRESENTATION_CONTEXT(2) 
PARAMETRIC_REPRESENTATION_CONTEXT() REPRESENTATION_CONTEXT('2D SPACE',''
  ) );
#5773 = PCURVE('',#5774,#5779);
#5774 = PLANE('',#5775);
#5775 = AXIS2_PLACEMENT_3D('',#5776,#5777,#5778);
#5776 = CARTESIAN_POINT('',(892.64561926613,3.552713678801E-15,
    436.15924243166));
#5777 = DIRECTION('',(0.126202954431,-0.186573296525,0.974301400654));
#5778 = DIRECTION('',(-3.469446951954E-18,0.982154271431,0.188077077579)
  );
#5779 = DEFINITIONAL_REPRESENTATION('',(#5780),#5784);
#5780 = CIRCLE('',#5781,1.6);
#5781 = AXIS2_PLACEMENT_2D('',#5782,#5783);
#5782 = CARTESIAN_POINT('',(0.,0.));
#5783 = DIRECTION('',(1.,0.));
#5784 = ( GEOMETRIC_REPRESENTATION_CONTEXT(2) 
PARAMETRIC_REPRESENTATION_CONTEXT() REPRESENTATION_CONTEXT('2D SPACE',''
  ) );
#5785 = ORIENTED_EDGE('',*,*,#5786,.F.);
#5786 = EDGE_CURVE('',#5787,#5753,#5789,.T.);
#5787 = VERTEX_POINT('',#5788);
#5788 = CARTESIAN_POINT('',(871.,33.571446834289,269.35348220738));
#5789 = SEAM_CURVE('',#5790,(#5794,#5801),.PCURVE_S1.);
#5790 = LINE('',#5791,#5792);
#5791 = CARTESIAN_POINT('',(871.,33.571446834289,269.35348220738));
#5792 = VECTOR('',#5793,1.);
#5793 = DIRECTION('',(0.126202954431,-0.186573296525,0.974301400654));
#5794 = PCURVE('',#5762,#5795);
#5795 = DEFINITIONAL_REPRESENTATION('',(#5796),#5800);
#5796 = LINE('',#5797,#5798);
#5797 = CARTESIAN_POINT('',(6.28318530718,-0.));
#5798 = VECTOR('',#5799,1.);
#5799 = DIRECTION('',(0.,1.));
#5800 = ( GEOMETRIC_REPRESENTATION_CONTEXT(2) 
PARAMETRIC_REPRESENTATION_CONTEXT() REPRESENTATION_CONTEXT('2D SPACE',''
  ) );
#5801 = PCURVE('',#5762,#5802);
#5802 = DEFINITIONAL_REPRESENTATION('',(#5803),#5807);
#5803 = LINE('',#5804,#5805);
#5804 = CARTESIAN_POINT('',(0.,-0.));
#5805 = VECTOR('',#5806,1.);
#5806 = DIRECTION('',(0.,1.));
#5807 = ( GEOMETRIC_REPRESENTATION_CONTEXT(2) 
PARAMETRIC_REPRESENTATION_CONTEXT() REPRESENTATION_CONTEXT('2D SPACE',''
  ) );
#5808 = ORIENTED_EDGE('',*,*,#5809,.T.);
#5809 = EDGE_CURVE('',#5787,#5787,#5810,.T.);
#5810 = SURFACE_CURVE('',#5811,(#5816,#5823),.PCURVE_S1.);
#5811 = CIRCLE('',#5812,1.6);
#5812 = AXIS2_PLACEMENT_3D('',#5813,#5814,#5815);
#5813 = CARTESIAN_POINT('',(871.,32.,269.05255888325));
#5814 = DIRECTION('',(0.126202954431,-0.186573296525,0.974301400654));
#5815 = DIRECTION('',(-6.938893903907E-18,0.982154271431,0.188077077579)
  );
#5816 = PCURVE('',#5762,#5817);
#5817 = DEFINITIONAL_REPRESENTATION('',(#5818),#5822);
#5818 = LINE('',#5819,#5820);
#5819 = CARTESIAN_POINT('',(0.,0.));
#5820 = VECTOR('',#5821,1.);
#5821 = DIRECTION('',(1.,0.));
#5822 = ( GEOMETRIC_REPRESENTATION_CONTEXT(2) 
PARAMETRIC_REPRESENTATION_CONTEXT() REPRESENTATION_CONTEXT('2D SPACE',''
  ) );
#5823 = PCURVE('',#5824,#5829);
#5824 = PLANE('',#5825);
#5825 = AXIS2_PLACEMENT_3D('',#5826,#5827,#5828);
#5826 = CARTESIAN_POINT('',(871.,32.,269.05255888325));
#5827 = DIRECTION('',(0.126202954431,-0.186573296525,0.974301400654));
#5828 = DIRECTION('',(-3.469446951954E-18,0.982154271431,0.188077077579)
  );
#5829 = DEFINITIONAL_REPRESENTATION('',(#5830),#5834);
#5830 = CIRCLE('',#5831,1.6);
#5831 = AXIS2_PLACEMENT_2D('',#5832,#5833);
#5832 = CARTESIAN_POINT('',(0.,0.));
#5833 = DIRECTION('',(1.,0.));
#5834 = ( GEOMETRIC_REPRESENTATION_CONTEXT(2) 
PARAMETRIC_REPRESENTATION_CONTEXT() REPRESENTATION_CONTEXT('2D SPACE',''
  ) );
#5835 = ORIENTED_EDGE('',*,*,#5786,.T.);
#5836 = ADVANCED_FACE('',(#5837),#5774,.T.);
#5837 = FACE_BOUND('',#5838,.T.);
#5838 = EDGE_LOOP('',(#5839));
#5839 = ORIENTED_EDGE('',*,*,#5752,.T.);
#5840 = ADVANCED_FACE('',(#5841),#5824,.F.);
#5841 = FACE_BOUND('',#5842,.T.);
#5842 = EDGE_LOOP('',(#5843));
#5843 = ORIENTED_EDGE('',*,*,#5809,.F.);
#5844 = ( GEOMETRIC_REPRESENTATION_CONTEXT(3) 
GLOBAL_UNCERTAINTY_ASSIGNED_CONTEXT((#5848)) 
GLOBAL_UNIT_ASSIGNED_CONTEXT((#5845,#5846,#5847)) REPRESENTATION_CONTEXT
('Context #1','3D Context with UNIT and UNCERTAINTY') );
#5845 = ( LENGTH_UNIT() NAMED_UNIT(*) SI_UNIT(.MILLI.,.METRE.) );
#5846 = ( NAMED_UNIT(*) PLANE_ANGLE_UNIT() SI_UNIT($,.RADIAN.) );
#5847 = ( NAMED_UNIT(*) SI_UNIT($,.STERADIAN.) SOLID_ANGLE_UNIT() );
#5848 = UNCERTAINTY_MEASURE_WITH_UNIT(LENGTH_MEASURE(1.E-07),#5845,
  'distance_accuracy_value','confusion accuracy');
#5849 = CONTEXT_DEPENDENT_SHAPE_REPRESENTATION(#5850,#5852);
#5850 = ( REPRESENTATION_RELATIONSHIP('','',#5745,#4856) 
REPRESENTATION_RELATIONSHIP_WITH_TRANSFORMATION(#5851) 
SHAPE_REPRESENTATION_RELATIONSHIP() );
#5851 = ITEM_DEFINED_TRANSFORMATION('','',#11,#4881);
#5852 = PRODUCT_DEFINITION_SHAPE('Placement','Placement of an item',
  #5853);
#5853 = NEXT_ASSEMBLY_USAGE_OCCURRENCE('41','=>[0:1:1:43]','',#4851,
  #5740,$);
#5854 = PRODUCT_RELATED_PRODUCT_CATEGORY('part',$,(#5742));
#5855 = SHAPE_DEFINITION_REPRESENTATION(#5856,#5862);
#5856 = PRODUCT_DEFINITION_SHAPE('','',#5857);
#5857 = PRODUCT_DEFINITION('design','',#5858,#5861);
#5858 = PRODUCT_DEFINITION_FORMATION('','',#5859);
#5859 = PRODUCT('SOLID','SOLID','',(#5860));
#5860 = PRODUCT_CONTEXT('',#2,'mechanical');
#5861 = PRODUCT_DEFINITION_CONTEXT('part definition',#2,'design');
#5862 = ADVANCED_BREP_SHAPE_REPRESENTATION('',(#11,#5863),#5961);
#5863 = MANIFOLD_SOLID_BREP('',#5864);
#5864 = CLOSED_SHELL('',(#5865,#5953,#5957));
#5865 = ADVANCED_FACE('',(#5866),#5879,.T.);
#5866 = FACE_BOUND('',#5867,.T.);
#5867 = EDGE_LOOP('',(#5868,#5902,#5925,#5952));
#5868 = ORIENTED_EDGE('',*,*,#5869,.F.);
#5869 = EDGE_CURVE('',#5870,#5870,#5872,.T.);
#5870 = VERTEX_POINT('',#5871);
#5871 = CARTESIAN_POINT('',(828.5679848528,2.751764599531E-15,
    436.44748564214));
#5872 = SURFACE_CURVE('',#5873,(#5878,#5890),.PCURVE_S1.);
#5873 = CIRCLE('',#5874,1.6);
#5874 = AXIS2_PLACEMENT_3D('',#5875,#5876,#5877);
#5875 = CARTESIAN_POINT('',(827.0066367475,0.,436.09792578448));
#5876 = DIRECTION('',(-0.214638719694,0.186573296525,0.958707789179));
#5877 = DIRECTION('',(0.975842565811,-6.938893903907E-18,0.218474911034)
  );
#5878 = PCURVE('',#5879,#5884);
#5879 = CYLINDRICAL_SURFACE('',#5880,1.6);
#5880 = AXIS2_PLACEMENT_3D('',#5881,#5882,#5883);
#5881 = CARTESIAN_POINT('',(863.82025990867,-32.,271.66577056626));
#5882 = DIRECTION('',(-0.214638719694,0.186573296525,0.958707789179));
#5883 = DIRECTION('',(0.975842565811,-6.938893903907E-18,0.218474911034)
  );
#5884 = DEFINITIONAL_REPRESENTATION('',(#5885),#5889);
#5885 = LINE('',#5886,#5887);
#5886 = CARTESIAN_POINT('',(0.,171.51436243055));
#5887 = VECTOR('',#5888,1.);
#5888 = DIRECTION('',(1.,0.));
#5889 = ( GEOMETRIC_REPRESENTATION_CONTEXT(2) 
PARAMETRIC_REPRESENTATION_CONTEXT() REPRESENTATION_CONTEXT('2D SPACE',''
  ) );
#5890 = PCURVE('',#5891,#5896);
#5891 = PLANE('',#5892);
#5892 = AXIS2_PLACEMENT_3D('',#5893,#5894,#5895);
#5893 = CARTESIAN_POINT('',(827.0066367475,0.,436.09792578448));
#5894 = DIRECTION('',(-0.214638719694,0.186573296525,0.958707789179));
#5895 = DIRECTION('',(0.975842565811,-6.938893903907E-18,0.218474911034)
  );
#5896 = DEFINITIONAL_REPRESENTATION('',(#5897),#5901);
#5897 = CIRCLE('',#5898,1.6);
#5898 = AXIS2_PLACEMENT_2D('',#5899,#5900);
#5899 = CARTESIAN_POINT('',(0.,0.));
#5900 = DIRECTION('',(1.,0.));
#5901 = ( GEOMETRIC_REPRESENTATION_CONTEXT(2) 
PARAMETRIC_REPRESENTATION_CONTEXT() REPRESENTATION_CONTEXT('2D SPACE',''
  ) );
#5902 = ORIENTED_EDGE('',*,*,#5903,.F.);
#5903 = EDGE_CURVE('',#5904,#5870,#5906,.T.);
#5904 = VERTEX_POINT('',#5905);
#5905 = CARTESIAN_POINT('',(865.38160801397,-32.,272.01533042392));
#5906 = SEAM_CURVE('',#5907,(#5911,#5918),.PCURVE_S1.);
#5907 = LINE('',#5908,#5909);
#5908 = CARTESIAN_POINT('',(865.38160801397,-32.,272.01533042392));
#5909 = VECTOR('',#5910,1.);
#5910 = DIRECTION('',(-0.214638719694,0.186573296525,0.958707789179));
#5911 = PCURVE('',#5879,#5912);
#5912 = DEFINITIONAL_REPRESENTATION('',(#5913),#5917);
#5913 = LINE('',#5914,#5915);
#5914 = CARTESIAN_POINT('',(6.28318530718,-0.));
#5915 = VECTOR('',#5916,1.);
#5916 = DIRECTION('',(0.,1.));
#5917 = ( GEOMETRIC_REPRESENTATION_CONTEXT(2) 
PARAMETRIC_REPRESENTATION_CONTEXT() REPRESENTATION_CONTEXT('2D SPACE',''
  ) );
#5918 = PCURVE('',#5879,#5919);
#5919 = DEFINITIONAL_REPRESENTATION('',(#5920),#5924);
#5920 = LINE('',#5921,#5922);
#5921 = CARTESIAN_POINT('',(0.,-0.));
#5922 = VECTOR('',#5923,1.);
#5923 = DIRECTION('',(0.,1.));
#5924 = ( GEOMETRIC_REPRESENTATION_CONTEXT(2) 
PARAMETRIC_REPRESENTATION_CONTEXT() REPRESENTATION_CONTEXT('2D SPACE',''
  ) );
#5925 = ORIENTED_EDGE('',*,*,#5926,.T.);
#5926 = EDGE_CURVE('',#5904,#5904,#5927,.T.);
#5927 = SURFACE_CURVE('',#5928,(#5933,#5940),.PCURVE_S1.);
#5928 = CIRCLE('',#5929,1.6);
#5929 = AXIS2_PLACEMENT_3D('',#5930,#5931,#5932);
#5930 = CARTESIAN_POINT('',(863.82025990867,-32.,271.66577056626));
#5931 = DIRECTION('',(-0.214638719694,0.186573296525,0.958707789179));
#5932 = DIRECTION('',(0.975842565811,-6.938893903907E-18,0.218474911034)
  );
#5933 = PCURVE('',#5879,#5934);
#5934 = DEFINITIONAL_REPRESENTATION('',(#5935),#5939);
#5935 = LINE('',#5936,#5937);
#5936 = CARTESIAN_POINT('',(0.,0.));
#5937 = VECTOR('',#5938,1.);
#5938 = DIRECTION('',(1.,0.));
#5939 = ( GEOMETRIC_REPRESENTATION_CONTEXT(2) 
PARAMETRIC_REPRESENTATION_CONTEXT() REPRESENTATION_CONTEXT('2D SPACE',''
  ) );
#5940 = PCURVE('',#5941,#5946);
#5941 = PLANE('',#5942);
#5942 = AXIS2_PLACEMENT_3D('',#5943,#5944,#5945);
#5943 = CARTESIAN_POINT('',(863.82025990867,-32.,271.66577056626));
#5944 = DIRECTION('',(-0.214638719694,0.186573296525,0.958707789179));
#5945 = DIRECTION('',(0.975842565811,-6.938893903907E-18,0.218474911034)
  );
#5946 = DEFINITIONAL_REPRESENTATION('',(#5947),#5951);
#5947 = CIRCLE('',#5948,1.6);
#5948 = AXIS2_PLACEMENT_2D('',#5949,#5950);
#5949 = CARTESIAN_POINT('',(0.,0.));
#5950 = DIRECTION('',(1.,0.));
#5951 = ( GEOMETRIC_REPRESENTATION_CONTEXT(2) 
PARAMETRIC_REPRESENTATION_CONTEXT() REPRESENTATION_CONTEXT('2D SPACE',''
  ) );
#5952 = ORIENTED_EDGE('',*,*,#5903,.T.);
#5953 = ADVANCED_FACE('',(#5954),#5891,.T.);
#5954 = FACE_BOUND('',#5955,.T.);
#5955 = EDGE_LOOP('',(#5956));
#5956 = ORIENTED_EDGE('',*,*,#5869,.T.);
#5957 = ADVANCED_FACE('',(#5958),#5941,.F.);
#5958 = FACE_BOUND('',#5959,.T.);
#5959 = EDGE_LOOP('',(#5960));
#5960 = ORIENTED_EDGE('',*,*,#5926,.F.);
#5961 = ( GEOMETRIC_REPRESENTATION_CONTEXT(3) 
GLOBAL_UNCERTAINTY_ASSIGNED_CONTEXT((#5965)) 
GLOBAL_UNIT_ASSIGNED_CONTEXT((#5962,#5963,#5964)) REPRESENTATION_CONTEXT
('Context #1','3D Context with UNIT and UNCERTAINTY') );
#5962 = ( LENGTH_UNIT() NAMED_UNIT(*) SI_UNIT(.MILLI.,.METRE.) );
#5963 = ( NAMED_UNIT(*) PLANE_ANGLE_UNIT() SI_UNIT($,.RADIAN.) );
#5964 = ( NAMED_UNIT(*) SI_UNIT($,.STERADIAN.) SOLID_ANGLE_UNIT() );
#5965 = UNCERTAINTY_MEASURE_WITH_UNIT(LENGTH_MEASURE(1.E-07),#5962,
  'distance_accuracy_value','confusion accuracy');
#5966 = CONTEXT_DEPENDENT_SHAPE_REPRESENTATION(#5967,#5969);
#5967 = ( REPRESENTATION_RELATIONSHIP('','',#5862,#4856) 
REPRESENTATION_RELATIONSHIP_WITH_TRANSFORMATION(#5968) 
SHAPE_REPRESENTATION_RELATIONSHIP() );
#5968 = ITEM_DEFINED_TRANSFORMATION('','',#11,#4885);
#5969 = PRODUCT_DEFINITION_SHAPE('Placement','Placement of an item',
  #5970);
#5970 = NEXT_ASSEMBLY_USAGE_OCCURRENCE('42','=>[0:1:1:44]','',#4851,
  #5857,$);
#5971 = PRODUCT_RELATED_PRODUCT_CATEGORY('part',$,(#5859));
#5972 = SHAPE_DEFINITION_REPRESENTATION(#5973,#5979);
#5973 = PRODUCT_DEFINITION_SHAPE('','',#5974);
#5974 = PRODUCT_DEFINITION('design','',#5975,#5978);
#5975 = PRODUCT_DEFINITION_FORMATION('','',#5976);
#5976 = PRODUCT('SOLID','SOLID','',(#5977));
#5977 = PRODUCT_CONTEXT('',#2,'mechanical');
#5978 = PRODUCT_DEFINITION_CONTEXT('part definition',#2,'design');
#5979 = ADVANCED_BREP_SHAPE_REPRESENTATION('',(#11,#5980),#6078);
#5980 = MANIFOLD_SOLID_BREP('',#5981);
#5981 = CLOSED_SHELL('',(#5982,#6070,#6074));
#5982 = ADVANCED_FACE('',(#5983),#5996,.T.);
#5983 = FACE_BOUND('',#5984,.T.);
#5984 = EDGE_LOOP('',(#5985,#6019,#6042,#6069));
#5985 = ORIENTED_EDGE('',*,*,#5986,.F.);
#5986 = EDGE_CURVE('',#5987,#5987,#5989,.T.);
#5987 = VERTEX_POINT('',#5988);
#5988 = CARTESIAN_POINT('',(766.6947715477,5.277758544496E-16,
    414.45294409634));
#5989 = SURFACE_CURVE('',#5990,(#5995,#6007),.PCURVE_S1.);
#5990 = CIRCLE('',#5991,1.6);
#5991 = AXIS2_PLACEMENT_3D('',#5992,#5993,#5994);
#5992 = CARTESIAN_POINT('',(765.34714076729,0.,413.59045277483));
#5993 = DIRECTION('',(-0.529591796493,-0.186573296525,0.827479869308));
#5994 = DIRECTION('',(0.842269237757,5.551115123126E-17,0.539057075947)
  );
#5995 = PCURVE('',#5996,#6001);
#5996 = CYLINDRICAL_SURFACE('',#5997,1.6);
#5997 = AXIS2_PLACEMENT_3D('',#5998,#5999,#6000);
#5998 = CARTESIAN_POINT('',(856.17974009132,32.,271.66577056626));
#5999 = DIRECTION('',(-0.529591796493,-0.186573296525,0.827479869308));
#6000 = DIRECTION('',(0.842269237757,4.163336342344E-17,0.539057075947)
  );
#6001 = DEFINITIONAL_REPRESENTATION('',(#6002),#6006);
#6002 = LINE('',#6003,#6004);
#6003 = CARTESIAN_POINT('',(0.,171.51436243055));
#6004 = VECTOR('',#6005,1.);
#6005 = DIRECTION('',(1.,0.));
#6006 = ( GEOMETRIC_REPRESENTATION_CONTEXT(2) 
PARAMETRIC_REPRESENTATION_CONTEXT() REPRESENTATION_CONTEXT('2D SPACE',''
  ) );
#6007 = PCURVE('',#6008,#6013);
#6008 = PLANE('',#6009);
#6009 = AXIS2_PLACEMENT_3D('',#6010,#6011,#6012);
#6010 = CARTESIAN_POINT('',(765.34714076729,0.,413.59045277483));
#6011 = DIRECTION('',(-0.529591796493,-0.186573296525,0.827479869308));
#6012 = DIRECTION('',(0.842269237757,4.163336342344E-17,0.539057075947)
  );
#6013 = DEFINITIONAL_REPRESENTATION('',(#6014),#6018);
#6014 = CIRCLE('',#6015,1.6);
#6015 = AXIS2_PLACEMENT_2D('',#6016,#6017);
#6016 = CARTESIAN_POINT('',(0.,0.));
#6017 = DIRECTION('',(1.,0.));
#6018 = ( GEOMETRIC_REPRESENTATION_CONTEXT(2) 
PARAMETRIC_REPRESENTATION_CONTEXT() REPRESENTATION_CONTEXT('2D SPACE',''
  ) );
#6019 = ORIENTED_EDGE('',*,*,#6020,.F.);
#6020 = EDGE_CURVE('',#6021,#5987,#6023,.T.);
#6021 = VERTEX_POINT('',#6022);
#6022 = CARTESIAN_POINT('',(857.52737087173,32.,272.52826188778));
#6023 = SEAM_CURVE('',#6024,(#6028,#6035),.PCURVE_S1.);
#6024 = LINE('',#6025,#6026);
#6025 = CARTESIAN_POINT('',(857.52737087173,32.,272.52826188778));
#6026 = VECTOR('',#6027,1.);
#6027 = DIRECTION('',(-0.529591796493,-0.186573296525,0.827479869308));
#6028 = PCURVE('',#5996,#6029);
#6029 = DEFINITIONAL_REPRESENTATION('',(#6030),#6034);
#6030 = LINE('',#6031,#6032);
#6031 = CARTESIAN_POINT('',(6.28318530718,-0.));
#6032 = VECTOR('',#6033,1.);
#6033 = DIRECTION('',(0.,1.));
#6034 = ( GEOMETRIC_REPRESENTATION_CONTEXT(2) 
PARAMETRIC_REPRESENTATION_CONTEXT() REPRESENTATION_CONTEXT('2D SPACE',''
  ) );
#6035 = PCURVE('',#5996,#6036);
#6036 = DEFINITIONAL_REPRESENTATION('',(#6037),#6041);
#6037 = LINE('',#6038,#6039);
#6038 = CARTESIAN_POINT('',(0.,-0.));
#6039 = VECTOR('',#6040,1.);
#6040 = DIRECTION('',(0.,1.));
#6041 = ( GEOMETRIC_REPRESENTATION_CONTEXT(2) 
PARAMETRIC_REPRESENTATION_CONTEXT() REPRESENTATION_CONTEXT('2D SPACE',''
  ) );
#6042 = ORIENTED_EDGE('',*,*,#6043,.T.);
#6043 = EDGE_CURVE('',#6021,#6021,#6044,.T.);
#6044 = SURFACE_CURVE('',#6045,(#6050,#6057),.PCURVE_S1.);
#6045 = CIRCLE('',#6046,1.6);
#6046 = AXIS2_PLACEMENT_3D('',#6047,#6048,#6049);
#6047 = CARTESIAN_POINT('',(856.17974009132,32.,271.66577056626));
#6048 = DIRECTION('',(-0.529591796493,-0.186573296525,0.827479869308));
#6049 = DIRECTION('',(0.842269237757,5.551115123126E-17,0.539057075947)
  );
#6050 = PCURVE('',#5996,#6051);
#6051 = DEFINITIONAL_REPRESENTATION('',(#6052),#6056);
#6052 = LINE('',#6053,#6054);
#6053 = CARTESIAN_POINT('',(0.,0.));
#6054 = VECTOR('',#6055,1.);
#6055 = DIRECTION('',(1.,0.));
#6056 = ( GEOMETRIC_REPRESENTATION_CONTEXT(2) 
PARAMETRIC_REPRESENTATION_CONTEXT() REPRESENTATION_CONTEXT('2D SPACE',''
  ) );
#6057 = PCURVE('',#6058,#6063);
#6058 = PLANE('',#6059);
#6059 = AXIS2_PLACEMENT_3D('',#6060,#6061,#6062);
#6060 = CARTESIAN_POINT('',(856.17974009132,32.,271.66577056626));
#6061 = DIRECTION('',(-0.529591796493,-0.186573296525,0.827479869308));
#6062 = DIRECTION('',(0.842269237757,4.163336342344E-17,0.539057075947)
  );
#6063 = DEFINITIONAL_REPRESENTATION('',(#6064),#6068);
#6064 = CIRCLE('',#6065,1.6);
#6065 = AXIS2_PLACEMENT_2D('',#6066,#6067);
#6066 = CARTESIAN_POINT('',(0.,0.));
#6067 = DIRECTION('',(1.,0.));
#6068 = ( GEOMETRIC_REPRESENTATION_CONTEXT(2) 
PARAMETRIC_REPRESENTATION_CONTEXT() REPRESENTATION_CONTEXT('2D SPACE',''
  ) );
#6069 = ORIENTED_EDGE('',*,*,#6020,.T.);
#6070 = ADVANCED_FACE('',(#6071),#6008,.T.);
#6071 = FACE_BOUND('',#6072,.T.);
#6072 = EDGE_LOOP('',(#6073));
#6073 = ORIENTED_EDGE('',*,*,#5986,.T.);
#6074 = ADVANCED_FACE('',(#6075),#6058,.F.);
#6075 = FACE_BOUND('',#6076,.T.);
#6076 = EDGE_LOOP('',(#6077));
#6077 = ORIENTED_EDGE('',*,*,#6043,.F.);
#6078 = ( GEOMETRIC_REPRESENTATION_CONTEXT(3) 
GLOBAL_UNCERTAINTY_ASSIGNED_CONTEXT((#6082)) 
GLOBAL_UNIT_ASSIGNED_CONTEXT((#6079,#6080,#6081)) REPRESENTATION_CONTEXT
('Context #1','3D Context with UNIT and UNCERTAINTY') );
#6079 = ( LENGTH_UNIT() NAMED_UNIT(*) SI_UNIT(.MILLI.,.METRE.) );
#6080 = ( NAMED_UNIT(*) PLANE_ANGLE_UNIT() SI_UNIT($,.RADIAN.) );
#6081 = ( NAMED_UNIT(*) SI_UNIT($,.STERADIAN.) SOLID_ANGLE_UNIT() );
#6082 = UNCERTAINTY_MEASURE_WITH_UNIT(LENGTH_MEASURE(1.E-07),#6079,
  'distance_accuracy_value','confusion accuracy');
#6083 = CONTEXT_DEPENDENT_SHAPE_REPRESENTATION(#6084,#6086);
#6084 = ( REPRESENTATION_RELATIONSHIP('','',#5979,#4856) 
REPRESENTATION_RELATIONSHIP_WITH_TRANSFORMATION(#6085) 
SHAPE_REPRESENTATION_RELATIONSHIP() );
#6085 = ITEM_DEFINED_TRANSFORMATION('','',#11,#4889);
#6086 = PRODUCT_DEFINITION_SHAPE('Placement','Placement of an item',
  #6087);
#6087 = NEXT_ASSEMBLY_USAGE_OCCURRENCE('43','=>[0:1:1:45]','',#4851,
  #5974,$);
#6088 = PRODUCT_RELATED_PRODUCT_CATEGORY('part',$,(#5976));
#6089 = SHAPE_DEFINITION_REPRESENTATION(#6090,#6096);
#6090 = PRODUCT_DEFINITION_SHAPE('','',#6091);
#6091 = PRODUCT_DEFINITION('design','',#6092,#6095);
#6092 = PRODUCT_DEFINITION_FORMATION('','',#6093);
#6093 = PRODUCT('SOLID','SOLID','',(#6094));
#6094 = PRODUCT_CONTEXT('',#2,'mechanical');
#6095 = PRODUCT_DEFINITION_CONTEXT('part definition',#2,'design');
#6096 = ADVANCED_BREP_SHAPE_REPRESENTATION('',(#11,#6097),#6195);
#6097 = MANIFOLD_SOLID_BREP('',#6098);
#6098 = CLOSED_SHELL('',(#6099,#6187,#6191));
#6099 = ADVANCED_FACE('',(#6100),#6113,.T.);
#6100 = FACE_BOUND('',#6101,.T.);
#6101 = EDGE_LOOP('',(#6102,#6136,#6159,#6186));
#6102 = ORIENTED_EDGE('',*,*,#6103,.F.);
#6103 = EDGE_CURVE('',#6104,#6104,#6106,.T.);
#6104 = VERTEX_POINT('',#6105);
#6105 = CARTESIAN_POINT('',(714.13280724349,-4.513396961701E-15,
    370.08016321959));
#6106 = SURFACE_CURVE('',#6107,(#6112,#6124),.PCURVE_S1.);
#6107 = CIRCLE('',#6108,1.6);
#6108 = AXIS2_PLACEMENT_3D('',#6109,#6110,#6111);
#6109 = CARTESIAN_POINT('',(715.10417653798,0.,371.35155682258));
#6110 = DIRECTION('',(-0.780668286694,0.186573296525,0.596445664897));
#6111 = DIRECTION('',(-0.607105809059,4.163336342344E-17,-0.794621001866
    ));
#6112 = PCURVE('',#6113,#6118);
#6113 = CYLINDRICAL_SURFACE('',#6114,1.6);
#6114 = AXIS2_PLACEMENT_3D('',#6115,#6116,#6117);
#6115 = CARTESIAN_POINT('',(849.,-32.,269.05255888325));
#6116 = DIRECTION('',(-0.780668286694,0.186573296525,0.596445664897));
#6117 = DIRECTION('',(-0.607105809059,2.775557561563E-17,-0.794621001866
    ));
#6118 = DEFINITIONAL_REPRESENTATION('',(#6119),#6123);
#6119 = LINE('',#6120,#6121);
#6120 = CARTESIAN_POINT('',(0.,171.51436243055));
#6121 = VECTOR('',#6122,1.);
#6122 = DIRECTION('',(1.,0.));
#6123 = ( GEOMETRIC_REPRESENTATION_CONTEXT(2) 
PARAMETRIC_REPRESENTATION_CONTEXT() REPRESENTATION_CONTEXT('2D SPACE',''
  ) );
#6124 = PCURVE('',#6125,#6130);
#6125 = PLANE('',#6126);
#6126 = AXIS2_PLACEMENT_3D('',#6127,#6128,#6129);
#6127 = CARTESIAN_POINT('',(715.10417653798,0.,371.35155682258));
#6128 = DIRECTION('',(-0.780668286694,0.186573296525,0.596445664897));
#6129 = DIRECTION('',(-0.607105809059,2.775557561563E-17,-0.794621001866
    ));
#6130 = DEFINITIONAL_REPRESENTATION('',(#6131),#6135);
#6131 = CIRCLE('',#6132,1.6);
#6132 = AXIS2_PLACEMENT_2D('',#6133,#6134);
#6133 = CARTESIAN_POINT('',(0.,0.));
#6134 = DIRECTION('',(1.,0.));
#6135 = ( GEOMETRIC_REPRESENTATION_CONTEXT(2) 
PARAMETRIC_REPRESENTATION_CONTEXT() REPRESENTATION_CONTEXT('2D SPACE',''
  ) );
#6136 = ORIENTED_EDGE('',*,*,#6137,.F.);
#6137 = EDGE_CURVE('',#6138,#6104,#6140,.T.);
#6138 = VERTEX_POINT('',#6139);
#6139 = CARTESIAN_POINT('',(848.0286307055,-32.,267.78116528027));
#6140 = SEAM_CURVE('',#6141,(#6145,#6152),.PCURVE_S1.);
#6141 = LINE('',#6142,#6143);
#6142 = CARTESIAN_POINT('',(848.0286307055,-32.,267.78116528027));
#6143 = VECTOR('',#6144,1.);
#6144 = DIRECTION('',(-0.780668286694,0.186573296525,0.596445664897));
#6145 = PCURVE('',#6113,#6146);
#6146 = DEFINITIONAL_REPRESENTATION('',(#6147),#6151);
#6147 = LINE('',#6148,#6149);
#6148 = CARTESIAN_POINT('',(6.28318530718,-0.));
#6149 = VECTOR('',#6150,1.);
#6150 = DIRECTION('',(0.,1.));
#6151 = ( GEOMETRIC_REPRESENTATION_CONTEXT(2) 
PARAMETRIC_REPRESENTATION_CONTEXT() REPRESENTATION_CONTEXT('2D SPACE',''
  ) );
#6152 = PCURVE('',#6113,#6153);
#6153 = DEFINITIONAL_REPRESENTATION('',(#6154),#6158);
#6154 = LINE('',#6155,#6156);
#6155 = CARTESIAN_POINT('',(0.,-0.));
#6156 = VECTOR('',#6157,1.);
#6157 = DIRECTION('',(0.,1.));
#6158 = ( GEOMETRIC_REPRESENTATION_CONTEXT(2) 
PARAMETRIC_REPRESENTATION_CONTEXT() REPRESENTATION_CONTEXT('2D SPACE',''
  ) );
#6159 = ORIENTED_EDGE('',*,*,#6160,.T.);
#6160 = EDGE_CURVE('',#6138,#6138,#6161,.T.);
#6161 = SURFACE_CURVE('',#6162,(#6167,#6174),.PCURVE_S1.);
#6162 = CIRCLE('',#6163,1.6);
#6163 = AXIS2_PLACEMENT_3D('',#6164,#6165,#6166);
#6164 = CARTESIAN_POINT('',(849.,-32.,269.05255888325));
#6165 = DIRECTION('',(-0.780668286694,0.186573296525,0.596445664897));
#6166 = DIRECTION('',(-0.607105809059,4.163336342344E-17,-0.794621001866
    ));
#6167 = PCURVE('',#6113,#6168);
#6168 = DEFINITIONAL_REPRESENTATION('',(#6169),#6173);
#6169 = LINE('',#6170,#6171);
#6170 = CARTESIAN_POINT('',(0.,0.));
#6171 = VECTOR('',#6172,1.);
#6172 = DIRECTION('',(1.,0.));
#6173 = ( GEOMETRIC_REPRESENTATION_CONTEXT(2) 
PARAMETRIC_REPRESENTATION_CONTEXT() REPRESENTATION_CONTEXT('2D SPACE',''
  ) );
#6174 = PCURVE('',#6175,#6180);
#6175 = PLANE('',#6176);
#6176 = AXIS2_PLACEMENT_3D('',#6177,#6178,#6179);
#6177 = CARTESIAN_POINT('',(849.,-32.,269.05255888325));
#6178 = DIRECTION('',(-0.780668286694,0.186573296525,0.596445664897));
#6179 = DIRECTION('',(-0.607105809059,2.775557561563E-17,-0.794621001866
    ));
#6180 = DEFINITIONAL_REPRESENTATION('',(#6181),#6185);
#6181 = CIRCLE('',#6182,1.6);
#6182 = AXIS2_PLACEMENT_2D('',#6183,#6184);
#6183 = CARTESIAN_POINT('',(0.,0.));
#6184 = DIRECTION('',(1.,0.));
#6185 = ( GEOMETRIC_REPRESENTATION_CONTEXT(2) 
PARAMETRIC_REPRESENTATION_CONTEXT() REPRESENTATION_CONTEXT('2D SPACE',''
  ) );
#6186 = ORIENTED_EDGE('',*,*,#6137,.T.);
#6187 = ADVANCED_FACE('',(#6188),#6125,.T.);
#6188 = FACE_BOUND('',#6189,.T.);
#6189 = EDGE_LOOP('',(#6190));
#6190 = ORIENTED_EDGE('',*,*,#6103,.T.);
#6191 = ADVANCED_FACE('',(#6192),#6175,.F.);
#6192 = FACE_BOUND('',#6193,.T.);
#6193 = EDGE_LOOP('',(#6194));
#6194 = ORIENTED_EDGE('',*,*,#6160,.F.);
#6195 = ( GEOMETRIC_REPRESENTATION_CONTEXT(3) 
GLOBAL_UNCERTAINTY_ASSIGNED_CONTEXT((#6199)) 
GLOBAL_UNIT_ASSIGNED_CONTEXT((#6196,#6197,#6198)) REPRESENTATION_CONTEXT
('Context #1','3D Context with UNIT and UNCERTAINTY') );
#6196 = ( LENGTH_UNIT() NAMED_UNIT(*) SI_UNIT(.MILLI.,.METRE.) );
#6197 = ( NAMED_UNIT(*) PLANE_ANGLE_UNIT() SI_UNIT($,.RADIAN.) );
#6198 = ( NAMED_UNIT(*) SI_UNIT($,.STERADIAN.) SOLID_ANGLE_UNIT() );
#6199 = UNCERTAINTY_MEASURE_WITH_UNIT(LENGTH_MEASURE(1.E-07),#6196,
  'distance_accuracy_value','confusion accuracy');
#6200 = CONTEXT_DEPENDENT_SHAPE_REPRESENTATION(#6201,#6203);
#6201 = ( REPRESENTATION_RELATIONSHIP('','',#6096,#4856) 
REPRESENTATION_RELATIONSHIP_WITH_TRANSFORMATION(#6202) 
SHAPE_REPRESENTATION_RELATIONSHIP() );
#6202 = ITEM_DEFINED_TRANSFORMATION('','',#11,#4893);
#6203 = PRODUCT_DEFINITION_SHAPE('Placement','Placement of an item',
  #6204);
#6204 = NEXT_ASSEMBLY_USAGE_OCCURRENCE('44','=>[0:1:1:46]','',#4851,
  #6091,$);
#6205 = PRODUCT_RELATED_PRODUCT_CATEGORY('part',$,(#6093));
#6206 = SHAPE_DEFINITION_REPRESENTATION(#6207,#6213);
#6207 = PRODUCT_DEFINITION_SHAPE('','',#6208);
#6208 = PRODUCT_DEFINITION('design','',#6209,#6212);
#6209 = PRODUCT_DEFINITION_FORMATION('','',#6210);
#6210 = PRODUCT('SOLID','SOLID','',(#6211));
#6211 = PRODUCT_CONTEXT('',#2,'mechanical');
#6212 = PRODUCT_DEFINITION_CONTEXT('part definition',#2,'design');
#6213 = ADVANCED_BREP_SHAPE_REPRESENTATION('',(#11,#6214),#6312);
#6214 = MANIFOLD_SOLID_BREP('',#6215);
#6215 = CLOSED_SHELL('',(#6216,#6304,#6308));
#6216 = ADVANCED_FACE('',(#6217),#6230,.T.);
#6217 = FACE_BOUND('',#6218,.T.);
#6218 = EDGE_LOOP('',(#6219,#6253,#6276,#6303));
#6219 = ORIENTED_EDGE('',*,*,#6220,.F.);
#6220 = EDGE_CURVE('',#6221,#6221,#6223,.T.);
#6221 = VERTEX_POINT('',#6222);
#6222 = CARTESIAN_POINT('',(681.85984071701,-7.476130387645E-17,
    312.94892510712));
#6223 = SURFACE_CURVE('',#6224,(#6229,#6241),.PCURVE_S1.);
#6224 = CIRCLE('',#6225,1.6);
#6225 = AXIS2_PLACEMENT_3D('',#6226,#6227,#6228);
#6226 = CARTESIAN_POINT('',(682.33778705279,0.,314.47587215929));
#6227 = DIRECTION('',(-0.937584660082,-0.186573296525,0.293471310699));
#6228 = DIRECTION('',(-0.298716459861,1.387778780781E-17,-0.954341907603
    ));
#6229 = PCURVE('',#6230,#6235);
#6230 = CYLINDRICAL_SURFACE('',#6231,1.6);
#6231 = AXIS2_PLACEMENT_3D('',#6232,#6233,#6234);
#6232 = CARTESIAN_POINT('',(843.14702225138,32.,264.1413274131));
#6233 = DIRECTION('',(-0.937584660082,-0.186573296525,0.293471310699));
#6234 = DIRECTION('',(-0.298716459861,6.938893903907E-18,-0.954341907603
    ));
#6235 = DEFINITIONAL_REPRESENTATION('',(#6236),#6240);
#6236 = LINE('',#6237,#6238);
#6237 = CARTESIAN_POINT('',(0.,171.51436243055));
#6238 = VECTOR('',#6239,1.);
#6239 = DIRECTION('',(1.,0.));
#6240 = ( GEOMETRIC_REPRESENTATION_CONTEXT(2) 
PARAMETRIC_REPRESENTATION_CONTEXT() REPRESENTATION_CONTEXT('2D SPACE',''
  ) );
#6241 = PCURVE('',#6242,#6247);
#6242 = PLANE('',#6243);
#6243 = AXIS2_PLACEMENT_3D('',#6244,#6245,#6246);
#6244 = CARTESIAN_POINT('',(682.33778705279,0.,314.47587215929));
#6245 = DIRECTION('',(-0.937584660082,-0.186573296525,0.293471310699));
#6246 = DIRECTION('',(-0.298716459861,6.938893903907E-18,-0.954341907603
    ));
#6247 = DEFINITIONAL_REPRESENTATION('',(#6248),#6252);
#6248 = CIRCLE('',#6249,1.6);
#6249 = AXIS2_PLACEMENT_2D('',#6250,#6251);
#6250 = CARTESIAN_POINT('',(0.,0.));
#6251 = DIRECTION('',(1.,0.));
#6252 = ( GEOMETRIC_REPRESENTATION_CONTEXT(2) 
PARAMETRIC_REPRESENTATION_CONTEXT() REPRESENTATION_CONTEXT('2D SPACE',''
  ) );
#6253 = ORIENTED_EDGE('',*,*,#6254,.F.);
#6254 = EDGE_CURVE('',#6255,#6221,#6257,.T.);
#6255 = VERTEX_POINT('',#6256);
#6256 = CARTESIAN_POINT('',(842.6690759156,32.,262.61438036093));
#6257 = SEAM_CURVE('',#6258,(#6262,#6269),.PCURVE_S1.);
#6258 = LINE('',#6259,#6260);
#6259 = CARTESIAN_POINT('',(842.6690759156,32.,262.61438036093));
#6260 = VECTOR('',#6261,1.);
#6261 = DIRECTION('',(-0.937584660082,-0.186573296525,0.293471310699));
#6262 = PCURVE('',#6230,#6263);
#6263 = DEFINITIONAL_REPRESENTATION('',(#6264),#6268);
#6264 = LINE('',#6265,#6266);
#6265 = CARTESIAN_POINT('',(6.28318530718,-0.));
#6266 = VECTOR('',#6267,1.);
#6267 = DIRECTION('',(0.,1.));
#6268 = ( GEOMETRIC_REPRESENTATION_CONTEXT(2) 
PARAMETRIC_REPRESENTATION_CONTEXT() REPRESENTATION_CONTEXT('2D SPACE',''
  ) );
#6269 = PCURVE('',#6230,#6270);
#6270 = DEFINITIONAL_REPRESENTATION('',(#6271),#6275);
#6271 = LINE('',#6272,#6273);
#6272 = CARTESIAN_POINT('',(0.,-0.));
#6273 = VECTOR('',#6274,1.);
#6274 = DIRECTION('',(0.,1.));
#6275 = ( GEOMETRIC_REPRESENTATION_CONTEXT(2) 
PARAMETRIC_REPRESENTATION_CONTEXT() REPRESENTATION_CONTEXT('2D SPACE',''
  ) );
#6276 = ORIENTED_EDGE('',*,*,#6277,.T.);
#6277 = EDGE_CURVE('',#6255,#6255,#6278,.T.);
#6278 = SURFACE_CURVE('',#6279,(#6284,#6291),.PCURVE_S1.);
#6279 = CIRCLE('',#6280,1.6);
#6280 = AXIS2_PLACEMENT_3D('',#6281,#6282,#6283);
#6281 = CARTESIAN_POINT('',(843.14702225138,32.,264.1413274131));
#6282 = DIRECTION('',(-0.937584660082,-0.186573296525,0.293471310699));
#6283 = DIRECTION('',(-0.298716459861,1.387778780781E-17,-0.954341907603
    ));
#6284 = PCURVE('',#6230,#6285);
#6285 = DEFINITIONAL_REPRESENTATION('',(#6286),#6290);
#6286 = LINE('',#6287,#6288);
#6287 = CARTESIAN_POINT('',(0.,0.));
#6288 = VECTOR('',#6289,1.);
#6289 = DIRECTION('',(1.,0.));
#6290 = ( GEOMETRIC_REPRESENTATION_CONTEXT(2) 
PARAMETRIC_REPRESENTATION_CONTEXT() REPRESENTATION_CONTEXT('2D SPACE',''
  ) );
#6291 = PCURVE('',#6292,#6297);
#6292 = PLANE('',#6293);
#6293 = AXIS2_PLACEMENT_3D('',#6294,#6295,#6296);
#6294 = CARTESIAN_POINT('',(843.14702225138,32.,264.1413274131));
#6295 = DIRECTION('',(-0.937584660082,-0.186573296525,0.293471310699));
#6296 = DIRECTION('',(-0.298716459861,6.938893903907E-18,-0.954341907603
    ));
#6297 = DEFINITIONAL_REPRESENTATION('',(#6298),#6302);
#6298 = CIRCLE('',#6299,1.6);
#6299 = AXIS2_PLACEMENT_2D('',#6300,#6301);
#6300 = CARTESIAN_POINT('',(0.,0.));
#6301 = DIRECTION('',(1.,0.));
#6302 = ( GEOMETRIC_REPRESENTATION_CONTEXT(2) 
PARAMETRIC_REPRESENTATION_CONTEXT() REPRESENTATION_CONTEXT('2D SPACE',''
  ) );
#6303 = ORIENTED_EDGE('',*,*,#6254,.T.);
#6304 = ADVANCED_FACE('',(#6305),#6242,.T.);
#6305 = FACE_BOUND('',#6306,.T.);
#6306 = EDGE_LOOP('',(#6307));
#6307 = ORIENTED_EDGE('',*,*,#6220,.T.);
#6308 = ADVANCED_FACE('',(#6309),#6292,.F.);
#6309 = FACE_BOUND('',#6310,.T.);
#6310 = EDGE_LOOP('',(#6311));
#6311 = ORIENTED_EDGE('',*,*,#6277,.F.);
#6312 = ( GEOMETRIC_REPRESENTATION_CONTEXT(3) 
GLOBAL_UNCERTAINTY_ASSIGNED_CONTEXT((#6316)) 
GLOBAL_UNIT_ASSIGNED_CONTEXT((#6313,#6314,#6315)) REPRESENTATION_CONTEXT
('Context #1','3D Context with UNIT and UNCERTAINTY') );
#6313 = ( LENGTH_UNIT() NAMED_UNIT(*) SI_UNIT(.MILLI.,.METRE.) );
#6314 = ( NAMED_UNIT(*) PLANE_ANGLE_UNIT() SI_UNIT($,.RADIAN.) );
#6315 = ( NAMED_UNIT(*) SI_UNIT($,.STERADIAN.) SOLID_ANGLE_UNIT() );
#6316 = UNCERTAINTY_MEASURE_WITH_UNIT(LENGTH_MEASURE(1.E-07),#6313,
  'distance_accuracy_value','confusion accuracy');
#6317 = CONTEXT_DEPENDENT_SHAPE_REPRESENTATION(#6318,#6320);
#6318 = ( REPRESENTATION_RELATIONSHIP('','',#6213,#4856) 
REPRESENTATION_RELATIONSHIP_WITH_TRANSFORMATION(#6319) 
SHAPE_REPRESENTATION_RELATIONSHIP() );
#6319 = ITEM_DEFINED_TRANSFORMATION('','',#11,#4897);
#6320 = PRODUCT_DEFINITION_SHAPE('Placement','Placement of an item',
  #6321);
#6321 = NEXT_ASSEMBLY_USAGE_OCCURRENCE('45','=>[0:1:1:47]','',#4851,
  #6208,$);
#6322 = PRODUCT_RELATED_PRODUCT_CATEGORY('part',$,(#6210));
#6323 = SHAPE_DEFINITION_REPRESENTATION(#6324,#6330);
#6324 = PRODUCT_DEFINITION_SHAPE('','',#6325);
#6325 = PRODUCT_DEFINITION('design','',#6326,#6329);
#6326 = PRODUCT_DEFINITION_FORMATION('','',#6327);
#6327 = PRODUCT('SOLID','SOLID','',(#6328));
#6328 = PRODUCT_CONTEXT('',#2,'mechanical');
#6329 = PRODUCT_DEFINITION_CONTEXT('part definition',#2,'design');
#6330 = ADVANCED_BREP_SHAPE_REPRESENTATION('',(#11,#6331),#6429);
#6331 = MANIFOLD_SOLID_BREP('',#6332);
#6332 = CLOSED_SHELL('',(#6333,#6421,#6425));
#6333 = ADVANCED_FACE('',(#6334),#6347,.T.);
#6334 = FACE_BOUND('',#6335,.T.);
#6335 = EDGE_LOOP('',(#6336,#6370,#6393,#6420));
#6336 = ORIENTED_EDGE('',*,*,#6337,.F.);
#6337 = EDGE_CURVE('',#6338,#6338,#6340,.T.);
#6338 = VERTEX_POINT('',#6339);
#6339 = CARTESIAN_POINT('',(670.70126382676,-1.571848409362,
    249.82344575106));
#6340 = SURFACE_CURVE('',#6341,(#6346,#6358),.PCURVE_S1.);
#6341 = CIRCLE('',#6342,1.6);
#6342 = AXIS2_PLACEMENT_3D('',#6343,#6344,#6345);
#6343 = CARTESIAN_POINT('',(671.00008246404,0.,249.82344575106));
#6344 = DIRECTION('',(-0.981414486188,0.186573296525,-4.490001474494E-02
    ));
#6345 = DIRECTION('',(-0.186761648301,-0.982405255851,5.20417042793E-18)
  );
#6346 = PCURVE('',#6347,#6352);
#6347 = CYLINDRICAL_SURFACE('',#6348,1.6);
#6348 = AXIS2_PLACEMENT_3D('',#6349,#6350,#6351);
#6349 = CARTESIAN_POINT('',(839.32676234271,-32.,257.52444315316));
#6350 = DIRECTION('',(-0.981414486188,0.186573296525,-4.490001474494E-02
    ));
#6351 = DIRECTION('',(-0.186761648301,-0.982405255851,3.469446951954E-18
    ));
#6352 = DEFINITIONAL_REPRESENTATION('',(#6353),#6357);
#6353 = LINE('',#6354,#6355);
#6354 = CARTESIAN_POINT('',(0.,171.51436243055));
#6355 = VECTOR('',#6356,1.);
#6356 = DIRECTION('',(1.,0.));
#6357 = ( GEOMETRIC_REPRESENTATION_CONTEXT(2) 
PARAMETRIC_REPRESENTATION_CONTEXT() REPRESENTATION_CONTEXT('2D SPACE',''
  ) );
#6358 = PCURVE('',#6359,#6364);
#6359 = PLANE('',#6360);
#6360 = AXIS2_PLACEMENT_3D('',#6361,#6362,#6363);
#6361 = CARTESIAN_POINT('',(671.00008246404,0.,249.82344575106));
#6362 = DIRECTION('',(-0.981414486188,0.186573296525,-4.490001474494E-02
    ));
#6363 = DIRECTION('',(-0.186761648301,-0.982405255851,3.469446951954E-18
    ));
#6364 = DEFINITIONAL_REPRESENTATION('',(#6365),#6369);
#6365 = CIRCLE('',#6366,1.6);
#6366 = AXIS2_PLACEMENT_2D('',#6367,#6368);
#6367 = CARTESIAN_POINT('',(0.,0.));
#6368 = DIRECTION('',(1.,0.));
#6369 = ( GEOMETRIC_REPRESENTATION_CONTEXT(2) 
PARAMETRIC_REPRESENTATION_CONTEXT() REPRESENTATION_CONTEXT('2D SPACE',''
  ) );
#6370 = ORIENTED_EDGE('',*,*,#6371,.F.);
#6371 = EDGE_CURVE('',#6372,#6338,#6374,.T.);
#6372 = VERTEX_POINT('',#6373);
#6373 = CARTESIAN_POINT('',(839.02794370542,-33.57184840936,
    257.52444315316));
#6374 = SEAM_CURVE('',#6375,(#6379,#6386),.PCURVE_S1.);
#6375 = LINE('',#6376,#6377);
#6376 = CARTESIAN_POINT('',(839.02794370542,-33.57184840936,
    257.52444315316));
#6377 = VECTOR('',#6378,1.);
#6378 = DIRECTION('',(-0.981414486188,0.186573296525,-4.490001474494E-02
    ));
#6379 = PCURVE('',#6347,#6380);
#6380 = DEFINITIONAL_REPRESENTATION('',(#6381),#6385);
#6381 = LINE('',#6382,#6383);
#6382 = CARTESIAN_POINT('',(6.28318530718,-0.));
#6383 = VECTOR('',#6384,1.);
#6384 = DIRECTION('',(0.,1.));
#6385 = ( GEOMETRIC_REPRESENTATION_CONTEXT(2) 
PARAMETRIC_REPRESENTATION_CONTEXT() REPRESENTATION_CONTEXT('2D SPACE',''
  ) );
#6386 = PCURVE('',#6347,#6387);
#6387 = DEFINITIONAL_REPRESENTATION('',(#6388),#6392);
#6388 = LINE('',#6389,#6390);
#6389 = CARTESIAN_POINT('',(0.,-0.));
#6390 = VECTOR('',#6391,1.);
#6391 = DIRECTION('',(0.,1.));
#6392 = ( GEOMETRIC_REPRESENTATION_CONTEXT(2) 
PARAMETRIC_REPRESENTATION_CONTEXT() REPRESENTATION_CONTEXT('2D SPACE',''
  ) );
#6393 = ORIENTED_EDGE('',*,*,#6394,.T.);
#6394 = EDGE_CURVE('',#6372,#6372,#6395,.T.);
#6395 = SURFACE_CURVE('',#6396,(#6401,#6408),.PCURVE_S1.);
#6396 = CIRCLE('',#6397,1.6);
#6397 = AXIS2_PLACEMENT_3D('',#6398,#6399,#6400);
#6398 = CARTESIAN_POINT('',(839.32676234271,-32.,257.52444315316));
#6399 = DIRECTION('',(-0.981414486188,0.186573296525,-4.490001474494E-02
    ));
#6400 = DIRECTION('',(-0.186761648301,-0.982405255851,5.20417042793E-18)
  );
#6401 = PCURVE('',#6347,#6402);
#6402 = DEFINITIONAL_REPRESENTATION('',(#6403),#6407);
#6403 = LINE('',#6404,#6405);
#6404 = CARTESIAN_POINT('',(0.,0.));
#6405 = VECTOR('',#6406,1.);
#6406 = DIRECTION('',(1.,0.));
#6407 = ( GEOMETRIC_REPRESENTATION_CONTEXT(2) 
PARAMETRIC_REPRESENTATION_CONTEXT() REPRESENTATION_CONTEXT('2D SPACE',''
  ) );
#6408 = PCURVE('',#6409,#6414);
#6409 = PLANE('',#6410);
#6410 = AXIS2_PLACEMENT_3D('',#6411,#6412,#6413);
#6411 = CARTESIAN_POINT('',(839.32676234271,-32.,257.52444315316));
#6412 = DIRECTION('',(-0.981414486188,0.186573296525,-4.490001474494E-02
    ));
#6413 = DIRECTION('',(-0.186761648301,-0.982405255851,3.469446951954E-18
    ));
#6414 = DEFINITIONAL_REPRESENTATION('',(#6415),#6419);
#6415 = CIRCLE('',#6416,1.6);
#6416 = AXIS2_PLACEMENT_2D('',#6417,#6418);
#6417 = CARTESIAN_POINT('',(0.,0.));
#6418 = DIRECTION('',(1.,0.));
#6419 = ( GEOMETRIC_REPRESENTATION_CONTEXT(2) 
PARAMETRIC_REPRESENTATION_CONTEXT() REPRESENTATION_CONTEXT('2D SPACE',''
  ) );
#6420 = ORIENTED_EDGE('',*,*,#6371,.T.);
#6421 = ADVANCED_FACE('',(#6422),#6359,.T.);
#6422 = FACE_BOUND('',#6423,.T.);
#6423 = EDGE_LOOP('',(#6424));
#6424 = ORIENTED_EDGE('',*,*,#6337,.T.);
#6425 = ADVANCED_FACE('',(#6426),#6409,.F.);
#6426 = FACE_BOUND('',#6427,.T.);
#6427 = EDGE_LOOP('',(#6428));
#6428 = ORIENTED_EDGE('',*,*,#6394,.F.);
#6429 = ( GEOMETRIC_REPRESENTATION_CONTEXT(3) 
GLOBAL_UNCERTAINTY_ASSIGNED_CONTEXT((#6433)) 
GLOBAL_UNIT_ASSIGNED_CONTEXT((#6430,#6431,#6432)) REPRESENTATION_CONTEXT
('Context #1','3D Context with UNIT and UNCERTAINTY') );
#6430 = ( LENGTH_UNIT() NAMED_UNIT(*) SI_UNIT(.MILLI.,.METRE.) );
#6431 = ( NAMED_UNIT(*) PLANE_ANGLE_UNIT() SI_UNIT($,.RADIAN.) );
#6432 = ( NAMED_UNIT(*) SI_UNIT($,.STERADIAN.) SOLID_ANGLE_UNIT() );
#6433 = UNCERTAINTY_MEASURE_WITH_UNIT(LENGTH_MEASURE(1.E-07),#6430,
  'distance_accuracy_value','confusion accuracy');
#6434 = CONTEXT_DEPENDENT_SHAPE_REPRESENTATION(#6435,#6437);
#6435 = ( REPRESENTATION_RELATIONSHIP('','',#6330,#4856) 
REPRESENTATION_RELATIONSHIP_WITH_TRANSFORMATION(#6436) 
SHAPE_REPRESENTATION_RELATIONSHIP() );
#6436 = ITEM_DEFINED_TRANSFORMATION('','',#11,#4901);
#6437 = PRODUCT_DEFINITION_SHAPE('Placement','Placement of an item',
  #6438);
#6438 = NEXT_ASSEMBLY_USAGE_OCCURRENCE('46','=>[0:1:1:48]','',#4851,
  #6325,$);
#6439 = PRODUCT_RELATED_PRODUCT_CATEGORY('part',$,(#6327));
#6440 = SHAPE_DEFINITION_REPRESENTATION(#6441,#6447);
#6441 = PRODUCT_DEFINITION_SHAPE('','',#6442);
#6442 = PRODUCT_DEFINITION('design','',#6443,#6446);
#6443 = PRODUCT_DEFINITION_FORMATION('','',#6444);
#6444 = PRODUCT('SOLID','SOLID','',(#6445));
#6445 = PRODUCT_CONTEXT('',#2,'mechanical');
#6446 = PRODUCT_DEFINITION_CONTEXT('part definition',#2,'design');
#6447 = ADVANCED_BREP_SHAPE_REPRESENTATION('',(#11,#6448),#6546);
#6448 = MANIFOLD_SOLID_BREP('',#6449);
#6449 = CLOSED_SHELL('',(#6450,#6538,#6542));
#6450 = ADVANCED_FACE('',(#6451),#6464,.T.);
#6451 = FACE_BOUND('',#6452,.T.);
#6452 = EDGE_LOOP('',(#6453,#6487,#6510,#6537));
#6453 = ORIENTED_EDGE('',*,*,#6454,.F.);
#6454 = EDGE_CURVE('',#6455,#6455,#6457,.T.);
#6455 = VERTEX_POINT('',#6456);
#6456 = CARTESIAN_POINT('',(683.07393178299,-6.011358329734E-15,
    183.71538710393));
#6457 = SURFACE_CURVE('',#6458,(#6463,#6475),.PCURVE_S1.);
#6458 = CIRCLE('',#6459,1.6);
#6459 = AXIS2_PLACEMENT_3D('',#6460,#6461,#6462);
#6460 = CARTESIAN_POINT('',(682.45855727184,-7.105427357601E-15,
    185.19231439092));
#6461 = DIRECTION('',(-0.906871241125,-0.186573296525,-0.377855735757));
#6462 = DIRECTION('',(0.384609069468,0.,-0.923079554363));
#6463 = PCURVE('',#6464,#6469);
#6464 = CYLINDRICAL_SURFACE('',#6465,1.6);
#6465 = AXIS2_PLACEMENT_3D('',#6466,#6467,#6468);
#6466 = CARTESIAN_POINT('',(838.,32.,250.));
#6467 = DIRECTION('',(-0.906871241125,-0.186573296525,-0.377855735757));
#6468 = DIRECTION('',(0.384609069468,0.,-0.923079554363));
#6469 = DEFINITIONAL_REPRESENTATION('',(#6470),#6474);
#6470 = LINE('',#6471,#6472);
#6471 = CARTESIAN_POINT('',(0.,171.51436243055));
#6472 = VECTOR('',#6473,1.);
#6473 = DIRECTION('',(1.,0.));
#6474 = ( GEOMETRIC_REPRESENTATION_CONTEXT(2) 
PARAMETRIC_REPRESENTATION_CONTEXT() REPRESENTATION_CONTEXT('2D SPACE',''
  ) );
#6475 = PCURVE('',#6476,#6481);
#6476 = PLANE('',#6477);
#6477 = AXIS2_PLACEMENT_3D('',#6478,#6479,#6480);
#6478 = CARTESIAN_POINT('',(682.45855727184,-7.105427357601E-15,
    185.19231439092));
#6479 = DIRECTION('',(-0.906871241125,-0.186573296525,-0.377855735757));
#6480 = DIRECTION('',(0.384609069468,0.,-0.923079554363));
#6481 = DEFINITIONAL_REPRESENTATION('',(#6482),#6486);
#6482 = CIRCLE('',#6483,1.6);
#6483 = AXIS2_PLACEMENT_2D('',#6484,#6485);
#6484 = CARTESIAN_POINT('',(0.,0.));
#6485 = DIRECTION('',(1.,0.));
#6486 = ( GEOMETRIC_REPRESENTATION_CONTEXT(2) 
PARAMETRIC_REPRESENTATION_CONTEXT() REPRESENTATION_CONTEXT('2D SPACE',''
  ) );
#6487 = ORIENTED_EDGE('',*,*,#6488,.F.);
#6488 = EDGE_CURVE('',#6489,#6455,#6491,.T.);
#6489 = VERTEX_POINT('',#6490);
#6490 = CARTESIAN_POINT('',(838.61537451114,32.,248.52307271301));
#6491 = SEAM_CURVE('',#6492,(#6496,#6503),.PCURVE_S1.);
#6492 = LINE('',#6493,#6494);
#6493 = CARTESIAN_POINT('',(838.61537451114,32.,248.52307271301));
#6494 = VECTOR('',#6495,1.);
#6495 = DIRECTION('',(-0.906871241125,-0.186573296525,-0.377855735757));
#6496 = PCURVE('',#6464,#6497);
#6497 = DEFINITIONAL_REPRESENTATION('',(#6498),#6502);
#6498 = LINE('',#6499,#6500);
#6499 = CARTESIAN_POINT('',(6.28318530718,-0.));
#6500 = VECTOR('',#6501,1.);
#6501 = DIRECTION('',(0.,1.));
#6502 = ( GEOMETRIC_REPRESENTATION_CONTEXT(2) 
PARAMETRIC_REPRESENTATION_CONTEXT() REPRESENTATION_CONTEXT('2D SPACE',''
  ) );
#6503 = PCURVE('',#6464,#6504);
#6504 = DEFINITIONAL_REPRESENTATION('',(#6505),#6509);
#6505 = LINE('',#6506,#6507);
#6506 = CARTESIAN_POINT('',(0.,-0.));
#6507 = VECTOR('',#6508,1.);
#6508 = DIRECTION('',(0.,1.));
#6509 = ( GEOMETRIC_REPRESENTATION_CONTEXT(2) 
PARAMETRIC_REPRESENTATION_CONTEXT() REPRESENTATION_CONTEXT('2D SPACE',''
  ) );
#6510 = ORIENTED_EDGE('',*,*,#6511,.T.);
#6511 = EDGE_CURVE('',#6489,#6489,#6512,.T.);
#6512 = SURFACE_CURVE('',#6513,(#6518,#6525),.PCURVE_S1.);
#6513 = CIRCLE('',#6514,1.6);
#6514 = AXIS2_PLACEMENT_3D('',#6515,#6516,#6517);
#6515 = CARTESIAN_POINT('',(838.,32.,250.));
#6516 = DIRECTION('',(-0.906871241125,-0.186573296525,-0.377855735757));
#6517 = DIRECTION('',(0.384609069468,0.,-0.923079554363));
#6518 = PCURVE('',#6464,#6519);
#6519 = DEFINITIONAL_REPRESENTATION('',(#6520),#6524);
#6520 = LINE('',#6521,#6522);
#6521 = CARTESIAN_POINT('',(0.,0.));
#6522 = VECTOR('',#6523,1.);
#6523 = DIRECTION('',(1.,0.));
#6524 = ( GEOMETRIC_REPRESENTATION_CONTEXT(2) 
PARAMETRIC_REPRESENTATION_CONTEXT() REPRESENTATION_CONTEXT('2D SPACE',''
  ) );
#6525 = PCURVE('',#6526,#6531);
#6526 = PLANE('',#6527);
#6527 = AXIS2_PLACEMENT_3D('',#6528,#6529,#6530);
#6528 = CARTESIAN_POINT('',(838.,32.,250.));
#6529 = DIRECTION('',(-0.906871241125,-0.186573296525,-0.377855735757));
#6530 = DIRECTION('',(0.384609069468,0.,-0.923079554363));
#6531 = DEFINITIONAL_REPRESENTATION('',(#6532),#6536);
#6532 = CIRCLE('',#6533,1.6);
#6533 = AXIS2_PLACEMENT_2D('',#6534,#6535);
#6534 = CARTESIAN_POINT('',(0.,0.));
#6535 = DIRECTION('',(1.,0.));
#6536 = ( GEOMETRIC_REPRESENTATION_CONTEXT(2) 
PARAMETRIC_REPRESENTATION_CONTEXT() REPRESENTATION_CONTEXT('2D SPACE',''
  ) );
#6537 = ORIENTED_EDGE('',*,*,#6488,.T.);
#6538 = ADVANCED_FACE('',(#6539),#6476,.T.);
#6539 = FACE_BOUND('',#6540,.T.);
#6540 = EDGE_LOOP('',(#6541));
#6541 = ORIENTED_EDGE('',*,*,#6454,.T.);
#6542 = ADVANCED_FACE('',(#6543),#6526,.F.);
#6543 = FACE_BOUND('',#6544,.T.);
#6544 = EDGE_LOOP('',(#6545));
#6545 = ORIENTED_EDGE('',*,*,#6511,.F.);
#6546 = ( GEOMETRIC_REPRESENTATION_CONTEXT(3) 
GLOBAL_UNCERTAINTY_ASSIGNED_CONTEXT((#6550)) 
GLOBAL_UNIT_ASSIGNED_CONTEXT((#6547,#6548,#6549)) REPRESENTATION_CONTEXT
('Context #1','3D Context with UNIT and UNCERTAINTY') );
#6547 = ( LENGTH_UNIT() NAMED_UNIT(*) SI_UNIT(.MILLI.,.METRE.) );
#6548 = ( NAMED_UNIT(*) PLANE_ANGLE_UNIT() SI_UNIT($,.RADIAN.) );
#6549 = ( NAMED_UNIT(*) SI_UNIT($,.STERADIAN.) SOLID_ANGLE_UNIT() );
#6550 = UNCERTAINTY_MEASURE_WITH_UNIT(LENGTH_MEASURE(1.E-07),#6547,
  'distance_accuracy_value','confusion accuracy');
#6551 = CONTEXT_DEPENDENT_SHAPE_REPRESENTATION(#6552,#6554);
#6552 = ( REPRESENTATION_RELATIONSHIP('','',#6447,#4856) 
REPRESENTATION_RELATIONSHIP_WITH_TRANSFORMATION(#6553) 
SHAPE_REPRESENTATION_RELATIONSHIP() );
#6553 = ITEM_DEFINED_TRANSFORMATION('','',#11,#4905);
#6554 = PRODUCT_DEFINITION_SHAPE('Placement','Placement of an item',
  #6555);
#6555 = NEXT_ASSEMBLY_USAGE_OCCURRENCE('47','=>[0:1:1:49]','',#4851,
  #6442,$);
#6556 = PRODUCT_RELATED_PRODUCT_CATEGORY('part',$,(#6444));
#6557 = SHAPE_DEFINITION_REPRESENTATION(#6558,#6564);
#6558 = PRODUCT_DEFINITION_SHAPE('','',#6559);
#6559 = PRODUCT_DEFINITION('design','',#6560,#6563);
#6560 = PRODUCT_DEFINITION_FORMATION('','',#6561);
#6561 = PRODUCT('SOLID','SOLID','',(#6562));
#6562 = PRODUCT_CONTEXT('',#2,'mechanical');
#6563 = PRODUCT_DEFINITION_CONTEXT('part definition',#2,'design');
#6564 = ADVANCED_BREP_SHAPE_REPRESENTATION('',(#11,#6565),#6663);
#6565 = MANIFOLD_SOLID_BREP('',#6566);
#6566 = CLOSED_SHELL('',(#6567,#6655,#6659));
#6567 = ADVANCED_FACE('',(#6568),#6581,.T.);
#6568 = FACE_BOUND('',#6569,.T.);
#6569 = EDGE_LOOP('',(#6570,#6604,#6627,#6654));
#6570 = ORIENTED_EDGE('',*,*,#6571,.F.);
#6571 = EDGE_CURVE('',#6572,#6572,#6574,.T.);
#6572 = VERTEX_POINT('',#6573);
#6573 = CARTESIAN_POINT('',(716.41455207481,1.857840408342E-15,
    127.20055918029));
#6574 = SURFACE_CURVE('',#6575,(#6580,#6592),.PCURVE_S1.);
#6575 = CIRCLE('',#6576,1.6);
#6576 = AXIS2_PLACEMENT_3D('',#6577,#6578,#6579);
#6577 = CARTESIAN_POINT('',(715.33115030529,0.,128.3779463748));
#6578 = DIRECTION('',(-0.722945940388,0.186573296525,-0.66523647848));
#6579 = DIRECTION('',(0.67712610595,1.387778780781E-17,-0.73586699657));
#6580 = PCURVE('',#6581,#6586);
#6581 = CYLINDRICAL_SURFACE('',#6582,1.6);
#6582 = AXIS2_PLACEMENT_3D('',#6583,#6584,#6585);
#6583 = CARTESIAN_POINT('',(839.32676234271,-32.,242.47555684683));
#6584 = DIRECTION('',(-0.722945940388,0.186573296525,-0.66523647848));
#6585 = DIRECTION('',(0.67712610595,1.387778780781E-17,-0.73586699657));
#6586 = DEFINITIONAL_REPRESENTATION('',(#6587),#6591);
#6587 = LINE('',#6588,#6589);
#6588 = CARTESIAN_POINT('',(0.,171.51436243055));
#6589 = VECTOR('',#6590,1.);
#6590 = DIRECTION('',(1.,0.));
#6591 = ( GEOMETRIC_REPRESENTATION_CONTEXT(2) 
PARAMETRIC_REPRESENTATION_CONTEXT() REPRESENTATION_CONTEXT('2D SPACE',''
  ) );
#6592 = PCURVE('',#6593,#6598);
#6593 = PLANE('',#6594);
#6594 = AXIS2_PLACEMENT_3D('',#6595,#6596,#6597);
#6595 = CARTESIAN_POINT('',(715.33115030529,0.,128.3779463748));
#6596 = DIRECTION('',(-0.722945940388,0.186573296525,-0.66523647848));
#6597 = DIRECTION('',(0.67712610595,1.387778780781E-17,-0.73586699657));
#6598 = DEFINITIONAL_REPRESENTATION('',(#6599),#6603);
#6599 = CIRCLE('',#6600,1.6);
#6600 = AXIS2_PLACEMENT_2D('',#6601,#6602);
#6601 = CARTESIAN_POINT('',(0.,0.));
#6602 = DIRECTION('',(1.,0.));
#6603 = ( GEOMETRIC_REPRESENTATION_CONTEXT(2) 
PARAMETRIC_REPRESENTATION_CONTEXT() REPRESENTATION_CONTEXT('2D SPACE',''
  ) );
#6604 = ORIENTED_EDGE('',*,*,#6605,.F.);
#6605 = EDGE_CURVE('',#6606,#6572,#6608,.T.);
#6606 = VERTEX_POINT('',#6607);
#6607 = CARTESIAN_POINT('',(840.41016411223,-32.,241.29816965232));
#6608 = SEAM_CURVE('',#6609,(#6613,#6620),.PCURVE_S1.);
#6609 = LINE('',#6610,#6611);
#6610 = CARTESIAN_POINT('',(840.41016411223,-32.,241.29816965232));
#6611 = VECTOR('',#6612,1.);
#6612 = DIRECTION('',(-0.722945940388,0.186573296525,-0.66523647848));
#6613 = PCURVE('',#6581,#6614);
#6614 = DEFINITIONAL_REPRESENTATION('',(#6615),#6619);
#6615 = LINE('',#6616,#6617);
#6616 = CARTESIAN_POINT('',(6.28318530718,-0.));
#6617 = VECTOR('',#6618,1.);
#6618 = DIRECTION('',(0.,1.));
#6619 = ( GEOMETRIC_REPRESENTATION_CONTEXT(2) 
PARAMETRIC_REPRESENTATION_CONTEXT() REPRESENTATION_CONTEXT('2D SPACE',''
  ) );
#6620 = PCURVE('',#6581,#6621);
#6621 = DEFINITIONAL_REPRESENTATION('',(#6622),#6626);
#6622 = LINE('',#6623,#6624);
#6623 = CARTESIAN_POINT('',(0.,-0.));
#6624 = VECTOR('',#6625,1.);
#6625 = DIRECTION('',(0.,1.));
#6626 = ( GEOMETRIC_REPRESENTATION_CONTEXT(2) 
PARAMETRIC_REPRESENTATION_CONTEXT() REPRESENTATION_CONTEXT('2D SPACE',''
  ) );
#6627 = ORIENTED_EDGE('',*,*,#6628,.T.);
#6628 = EDGE_CURVE('',#6606,#6606,#6629,.T.);
#6629 = SURFACE_CURVE('',#6630,(#6635,#6642),.PCURVE_S1.);
#6630 = CIRCLE('',#6631,1.6);
#6631 = AXIS2_PLACEMENT_3D('',#6632,#6633,#6634);
#6632 = CARTESIAN_POINT('',(839.32676234271,-32.,242.47555684683));
#6633 = DIRECTION('',(-0.722945940388,0.186573296525,-0.66523647848));
#6634 = DIRECTION('',(0.67712610595,1.387778780781E-17,-0.73586699657));
#6635 = PCURVE('',#6581,#6636);
#6636 = DEFINITIONAL_REPRESENTATION('',(#6637),#6641);
#6637 = LINE('',#6638,#6639);
#6638 = CARTESIAN_POINT('',(0.,0.));
#6639 = VECTOR('',#6640,1.);
#6640 = DIRECTION('',(1.,0.));
#6641 = ( GEOMETRIC_REPRESENTATION_CONTEXT(2) 
PARAMETRIC_REPRESENTATION_CONTEXT() REPRESENTATION_CONTEXT('2D SPACE',''
  ) );
#6642 = PCURVE('',#6643,#6648);
#6643 = PLANE('',#6644);
#6644 = AXIS2_PLACEMENT_3D('',#6645,#6646,#6647);
#6645 = CARTESIAN_POINT('',(839.32676234271,-32.,242.47555684683));
#6646 = DIRECTION('',(-0.722945940388,0.186573296525,-0.66523647848));
#6647 = DIRECTION('',(0.67712610595,1.387778780781E-17,-0.73586699657));
#6648 = DEFINITIONAL_REPRESENTATION('',(#6649),#6653);
#6649 = CIRCLE('',#6650,1.6);
#6650 = AXIS2_PLACEMENT_2D('',#6651,#6652);
#6651 = CARTESIAN_POINT('',(0.,0.));
#6652 = DIRECTION('',(1.,0.));
#6653 = ( GEOMETRIC_REPRESENTATION_CONTEXT(2) 
PARAMETRIC_REPRESENTATION_CONTEXT() REPRESENTATION_CONTEXT('2D SPACE',''
  ) );
#6654 = ORIENTED_EDGE('',*,*,#6605,.T.);
#6655 = ADVANCED_FACE('',(#6656),#6593,.T.);
#6656 = FACE_BOUND('',#6657,.T.);
#6657 = EDGE_LOOP('',(#6658));
#6658 = ORIENTED_EDGE('',*,*,#6571,.T.);
#6659 = ADVANCED_FACE('',(#6660),#6643,.F.);
#6660 = FACE_BOUND('',#6661,.T.);
#6661 = EDGE_LOOP('',(#6662));
#6662 = ORIENTED_EDGE('',*,*,#6628,.F.);
#6663 = ( GEOMETRIC_REPRESENTATION_CONTEXT(3) 
GLOBAL_UNCERTAINTY_ASSIGNED_CONTEXT((#6667)) 
GLOBAL_UNIT_ASSIGNED_CONTEXT((#6664,#6665,#6666)) REPRESENTATION_CONTEXT
('Context #1','3D Context with UNIT and UNCERTAINTY') );
#6664 = ( LENGTH_UNIT() NAMED_UNIT(*) SI_UNIT(.MILLI.,.METRE.) );
#6665 = ( NAMED_UNIT(*) PLANE_ANGLE_UNIT() SI_UNIT($,.RADIAN.) );
#6666 = ( NAMED_UNIT(*) SI_UNIT($,.STERADIAN.) SOLID_ANGLE_UNIT() );
#6667 = UNCERTAINTY_MEASURE_WITH_UNIT(LENGTH_MEASURE(1.E-07),#6664,
  'distance_accuracy_value','confusion accuracy');
#6668 = CONTEXT_DEPENDENT_SHAPE_REPRESENTATION(#6669,#6671);
#6669 = ( REPRESENTATION_RELATIONSHIP('','',#6564,#4856) 
REPRESENTATION_RELATIONSHIP_WITH_TRANSFORMATION(#6670) 
SHAPE_REPRESENTATION_RELATIONSHIP() );
#6670 = ITEM_DEFINED_TRANSFORMATION('','',#11,#4909);
#6671 = PRODUCT_DEFINITION_SHAPE('Placement','Placement of an item',
  #6672);
#6672 = NEXT_ASSEMBLY_USAGE_OCCURRENCE('48','=>[0:1:1:50]','',#4851,
  #6559,$);
#6673 = PRODUCT_RELATED_PRODUCT_CATEGORY('part',$,(#6561));
#6674 = SHAPE_DEFINITION_REPRESENTATION(#6675,#6681);
#6675 = PRODUCT_DEFINITION_SHAPE('','',#6676);
#6676 = PRODUCT_DEFINITION('design','',#6677,#6680);
#6677 = PRODUCT_DEFINITION_FORMATION('','',#6678);
#6678 = PRODUCT('SOLID','SOLID','',(#6679));
#6679 = PRODUCT_CONTEXT('',#2,'mechanical');
#6680 = PRODUCT_DEFINITION_CONTEXT('part definition',#2,'design');
#6681 = ADVANCED_BREP_SHAPE_REPRESENTATION('',(#11,#6682),#6780);
#6682 = MANIFOLD_SOLID_BREP('',#6683);
#6683 = CLOSED_SHELL('',(#6684,#6772,#6776));
#6684 = ADVANCED_FACE('',(#6685),#6698,.T.);
#6685 = FACE_BOUND('',#6686,.T.);
#6686 = EDGE_LOOP('',(#6687,#6721,#6744,#6771));
#6687 = ORIENTED_EDGE('',*,*,#6688,.F.);
#6688 = EDGE_CURVE('',#6689,#6689,#6691,.T.);
#6689 = VERTEX_POINT('',#6690);
#6690 = CARTESIAN_POINT('',(764.23218691156,4.456247923898E-15,
    86.968829806232));
#6691 = SURFACE_CURVE('',#6692,(#6697,#6709),.PCURVE_S1.);
#6692 = CIRCLE('',#6693,1.6);
#6693 = AXIS2_PLACEMENT_3D('',#6694,#6695,#6696);
#6694 = CARTESIAN_POINT('',(765.65294169674,0.,86.232992976232));
#6695 = DIRECTION('',(-0.451822689695,-0.186573296525,-0.872379884053));
#6696 = DIRECTION('',(-0.887971740738,0.,0.45989801875));
#6697 = PCURVE('',#6698,#6703);
#6698 = CYLINDRICAL_SURFACE('',#6699,1.6);
#6699 = AXIS2_PLACEMENT_3D('',#6700,#6701,#6702);
#6700 = CARTESIAN_POINT('',(843.14702225138,32.,235.85867258689));
#6701 = DIRECTION('',(-0.451822689695,-0.186573296525,-0.872379884053));
#6702 = DIRECTION('',(-0.887971740738,0.,0.45989801875));
#6703 = DEFINITIONAL_REPRESENTATION('',(#6704),#6708);
#6704 = LINE('',#6705,#6706);
#6705 = CARTESIAN_POINT('',(0.,171.51436243055));
#6706 = VECTOR('',#6707,1.);
#6707 = DIRECTION('',(1.,0.));
#6708 = ( GEOMETRIC_REPRESENTATION_CONTEXT(2) 
PARAMETRIC_REPRESENTATION_CONTEXT() REPRESENTATION_CONTEXT('2D SPACE',''
  ) );
#6709 = PCURVE('',#6710,#6715);
#6710 = PLANE('',#6711);
#6711 = AXIS2_PLACEMENT_3D('',#6712,#6713,#6714);
#6712 = CARTESIAN_POINT('',(765.65294169674,0.,86.232992976232));
#6713 = DIRECTION('',(-0.451822689695,-0.186573296525,-0.872379884053));
#6714 = DIRECTION('',(-0.887971740738,0.,0.45989801875));
#6715 = DEFINITIONAL_REPRESENTATION('',(#6716),#6720);
#6716 = CIRCLE('',#6717,1.6);
#6717 = AXIS2_PLACEMENT_2D('',#6718,#6719);
#6718 = CARTESIAN_POINT('',(0.,0.));
#6719 = DIRECTION('',(1.,0.));
#6720 = ( GEOMETRIC_REPRESENTATION_CONTEXT(2) 
PARAMETRIC_REPRESENTATION_CONTEXT() REPRESENTATION_CONTEXT('2D SPACE',''
  ) );
#6721 = ORIENTED_EDGE('',*,*,#6722,.F.);
#6722 = EDGE_CURVE('',#6723,#6689,#6725,.T.);
#6723 = VERTEX_POINT('',#6724);
#6724 = CARTESIAN_POINT('',(841.7262674662,32.,236.59450941689));
#6725 = SEAM_CURVE('',#6726,(#6730,#6737),.PCURVE_S1.);
#6726 = LINE('',#6727,#6728);
#6727 = CARTESIAN_POINT('',(841.7262674662,32.,236.59450941689));
#6728 = VECTOR('',#6729,1.);
#6729 = DIRECTION('',(-0.451822689695,-0.186573296525,-0.872379884053));
#6730 = PCURVE('',#6698,#6731);
#6731 = DEFINITIONAL_REPRESENTATION('',(#6732),#6736);
#6732 = LINE('',#6733,#6734);
#6733 = CARTESIAN_POINT('',(6.28318530718,-0.));
#6734 = VECTOR('',#6735,1.);
#6735 = DIRECTION('',(0.,1.));
#6736 = ( GEOMETRIC_REPRESENTATION_CONTEXT(2) 
PARAMETRIC_REPRESENTATION_CONTEXT() REPRESENTATION_CONTEXT('2D SPACE',''
  ) );
#6737 = PCURVE('',#6698,#6738);
#6738 = DEFINITIONAL_REPRESENTATION('',(#6739),#6743);
#6739 = LINE('',#6740,#6741);
#6740 = CARTESIAN_POINT('',(0.,-0.));
#6741 = VECTOR('',#6742,1.);
#6742 = DIRECTION('',(0.,1.));
#6743 = ( GEOMETRIC_REPRESENTATION_CONTEXT(2) 
PARAMETRIC_REPRESENTATION_CONTEXT() REPRESENTATION_CONTEXT('2D SPACE',''
  ) );
#6744 = ORIENTED_EDGE('',*,*,#6745,.T.);
#6745 = EDGE_CURVE('',#6723,#6723,#6746,.T.);
#6746 = SURFACE_CURVE('',#6747,(#6752,#6759),.PCURVE_S1.);
#6747 = CIRCLE('',#6748,1.6);
#6748 = AXIS2_PLACEMENT_3D('',#6749,#6750,#6751);
#6749 = CARTESIAN_POINT('',(843.14702225138,32.,235.85867258689));
#6750 = DIRECTION('',(-0.451822689695,-0.186573296525,-0.872379884053));
#6751 = DIRECTION('',(-0.887971740738,0.,0.45989801875));
#6752 = PCURVE('',#6698,#6753);
#6753 = DEFINITIONAL_REPRESENTATION('',(#6754),#6758);
#6754 = LINE('',#6755,#6756);
#6755 = CARTESIAN_POINT('',(0.,0.));
#6756 = VECTOR('',#6757,1.);
#6757 = DIRECTION('',(1.,0.));
#6758 = ( GEOMETRIC_REPRESENTATION_CONTEXT(2) 
PARAMETRIC_REPRESENTATION_CONTEXT() REPRESENTATION_CONTEXT('2D SPACE',''
  ) );
#6759 = PCURVE('',#6760,#6765);
#6760 = PLANE('',#6761);
#6761 = AXIS2_PLACEMENT_3D('',#6762,#6763,#6764);
#6762 = CARTESIAN_POINT('',(843.14702225138,32.,235.85867258689));
#6763 = DIRECTION('',(-0.451822689695,-0.186573296525,-0.872379884053));
#6764 = DIRECTION('',(-0.887971740738,0.,0.45989801875));
#6765 = DEFINITIONAL_REPRESENTATION('',(#6766),#6770);
#6766 = CIRCLE('',#6767,1.6);
#6767 = AXIS2_PLACEMENT_2D('',#6768,#6769);
#6768 = CARTESIAN_POINT('',(0.,0.));
#6769 = DIRECTION('',(1.,0.));
#6770 = ( GEOMETRIC_REPRESENTATION_CONTEXT(2) 
PARAMETRIC_REPRESENTATION_CONTEXT() REPRESENTATION_CONTEXT('2D SPACE',''
  ) );
#6771 = ORIENTED_EDGE('',*,*,#6722,.T.);
#6772 = ADVANCED_FACE('',(#6773),#6710,.T.);
#6773 = FACE_BOUND('',#6774,.T.);
#6774 = EDGE_LOOP('',(#6775));
#6775 = ORIENTED_EDGE('',*,*,#6688,.T.);
#6776 = ADVANCED_FACE('',(#6777),#6760,.F.);
#6777 = FACE_BOUND('',#6778,.T.);
#6778 = EDGE_LOOP('',(#6779));
#6779 = ORIENTED_EDGE('',*,*,#6745,.F.);
#6780 = ( GEOMETRIC_REPRESENTATION_CONTEXT(3) 
GLOBAL_UNCERTAINTY_ASSIGNED_CONTEXT((#6784)) 
GLOBAL_UNIT_ASSIGNED_CONTEXT((#6781,#6782,#6783)) REPRESENTATION_CONTEXT
('Context #1','3D Context with UNIT and UNCERTAINTY') );
#6781 = ( LENGTH_UNIT() NAMED_UNIT(*) SI_UNIT(.MILLI.,.METRE.) );
#6782 = ( NAMED_UNIT(*) PLANE_ANGLE_UNIT() SI_UNIT($,.RADIAN.) );
#6783 = ( NAMED_UNIT(*) SI_UNIT($,.STERADIAN.) SOLID_ANGLE_UNIT() );
#6784 = UNCERTAINTY_MEASURE_WITH_UNIT(LENGTH_MEASURE(1.E-07),#6781,
  'distance_accuracy_value','confusion accuracy');
#6785 = CONTEXT_DEPENDENT_SHAPE_REPRESENTATION(#6786,#6788);
#6786 = ( REPRESENTATION_RELATIONSHIP('','',#6681,#4856) 
REPRESENTATION_RELATIONSHIP_WITH_TRANSFORMATION(#6787) 
SHAPE_REPRESENTATION_RELATIONSHIP() );
#6787 = ITEM_DEFINED_TRANSFORMATION('','',#11,#4913);
#6788 = PRODUCT_DEFINITION_SHAPE('Placement','Placement of an item',
  #6789);
#6789 = NEXT_ASSEMBLY_USAGE_OCCURRENCE('49','=>[0:1:1:51]','',#4851,
  #6676,$);
#6790 = PRODUCT_RELATED_PRODUCT_CATEGORY('part',$,(#6678));
#6791 = SHAPE_DEFINITION_REPRESENTATION(#6792,#6798);
#6792 = PRODUCT_DEFINITION_SHAPE('','',#6793);
#6793 = PRODUCT_DEFINITION('design','',#6794,#6797);
#6794 = PRODUCT_DEFINITION_FORMATION('','',#6795);
#6795 = PRODUCT('SOLID','SOLID','',(#6796));
#6796 = PRODUCT_CONTEXT('',#2,'mechanical');
#6797 = PRODUCT_DEFINITION_CONTEXT('part definition',#2,'design');
#6798 = ADVANCED_BREP_SHAPE_REPRESENTATION('',(#11,#6799),#6897);
#6799 = MANIFOLD_SOLID_BREP('',#6800);
#6800 = CLOSED_SHELL('',(#6801,#6889,#6893));
#6801 = ADVANCED_FACE('',(#6802),#6815,.T.);
#6802 = FACE_BOUND('',#6803,.T.);
#6803 = EDGE_LOOP('',(#6804,#6838,#6861,#6888));
#6804 = ORIENTED_EDGE('',*,*,#6805,.F.);
#6805 = EDGE_CURVE('',#6806,#6806,#6808,.T.);
#6806 = VERTEX_POINT('',#6807);
#6807 = CARTESIAN_POINT('',(827.35438073386,-1.571446834289,
    63.539834244211));
#6808 = SURFACE_CURVE('',#6809,(#6814,#6826),.PCURVE_S1.);
#6809 = CIRCLE('',#6810,1.6);
#6810 = AXIS2_PLACEMENT_3D('',#6811,#6812,#6813);
#6811 = CARTESIAN_POINT('',(827.35438073386,0.,63.840757568338));
#6812 = DIRECTION('',(-0.126202954431,0.186573296525,-0.974301400654));
#6813 = DIRECTION('',(-6.938893903907E-18,-0.982154271431,
    -0.188077077579));
#6814 = PCURVE('',#6815,#6820);
#6815 = CYLINDRICAL_SURFACE('',#6816,1.6);
#6816 = AXIS2_PLACEMENT_3D('',#6817,#6818,#6819);
#6817 = CARTESIAN_POINT('',(849.,-32.,230.94744111674));
#6818 = DIRECTION('',(-0.126202954431,0.186573296525,-0.974301400654));
#6819 = DIRECTION('',(-3.469446951954E-18,-0.982154271431,
    -0.188077077579));
#6820 = DEFINITIONAL_REPRESENTATION('',(#6821),#6825);
#6821 = LINE('',#6822,#6823);
#6822 = CARTESIAN_POINT('',(0.,171.51436243055));
#6823 = VECTOR('',#6824,1.);
#6824 = DIRECTION('',(1.,0.));
#6825 = ( GEOMETRIC_REPRESENTATION_CONTEXT(2) 
PARAMETRIC_REPRESENTATION_CONTEXT() REPRESENTATION_CONTEXT('2D SPACE',''
  ) );
#6826 = PCURVE('',#6827,#6832);
#6827 = PLANE('',#6828);
#6828 = AXIS2_PLACEMENT_3D('',#6829,#6830,#6831);
#6829 = CARTESIAN_POINT('',(827.35438073386,0.,63.840757568338));
#6830 = DIRECTION('',(-0.126202954431,0.186573296525,-0.974301400654));
#6831 = DIRECTION('',(-3.469446951954E-18,-0.982154271431,
    -0.188077077579));
#6832 = DEFINITIONAL_REPRESENTATION('',(#6833),#6837);
#6833 = CIRCLE('',#6834,1.6);
#6834 = AXIS2_PLACEMENT_2D('',#6835,#6836);
#6835 = CARTESIAN_POINT('',(0.,0.));
#6836 = DIRECTION('',(1.,0.));
#6837 = ( GEOMETRIC_REPRESENTATION_CONTEXT(2) 
PARAMETRIC_REPRESENTATION_CONTEXT() REPRESENTATION_CONTEXT('2D SPACE',''
  ) );
#6838 = ORIENTED_EDGE('',*,*,#6839,.F.);
#6839 = EDGE_CURVE('',#6840,#6806,#6842,.T.);
#6840 = VERTEX_POINT('',#6841);
#6841 = CARTESIAN_POINT('',(849.,-33.57144683428,230.64651779261));
#6842 = SEAM_CURVE('',#6843,(#6847,#6854),.PCURVE_S1.);
#6843 = LINE('',#6844,#6845);
#6844 = CARTESIAN_POINT('',(849.,-33.57144683428,230.64651779261));
#6845 = VECTOR('',#6846,1.);
#6846 = DIRECTION('',(-0.126202954431,0.186573296525,-0.974301400654));
#6847 = PCURVE('',#6815,#6848);
#6848 = DEFINITIONAL_REPRESENTATION('',(#6849),#6853);
#6849 = LINE('',#6850,#6851);
#6850 = CARTESIAN_POINT('',(6.28318530718,-0.));
#6851 = VECTOR('',#6852,1.);
#6852 = DIRECTION('',(0.,1.));
#6853 = ( GEOMETRIC_REPRESENTATION_CONTEXT(2) 
PARAMETRIC_REPRESENTATION_CONTEXT() REPRESENTATION_CONTEXT('2D SPACE',''
  ) );
#6854 = PCURVE('',#6815,#6855);
#6855 = DEFINITIONAL_REPRESENTATION('',(#6856),#6860);
#6856 = LINE('',#6857,#6858);
#6857 = CARTESIAN_POINT('',(0.,-0.));
#6858 = VECTOR('',#6859,1.);
#6859 = DIRECTION('',(0.,1.));
#6860 = ( GEOMETRIC_REPRESENTATION_CONTEXT(2) 
PARAMETRIC_REPRESENTATION_CONTEXT() REPRESENTATION_CONTEXT('2D SPACE',''
  ) );
#6861 = ORIENTED_EDGE('',*,*,#6862,.T.);
#6862 = EDGE_CURVE('',#6840,#6840,#6863,.T.);
#6863 = SURFACE_CURVE('',#6864,(#6869,#6876),.PCURVE_S1.);
#6864 = CIRCLE('',#6865,1.6);
#6865 = AXIS2_PLACEMENT_3D('',#6866,#6867,#6868);
#6866 = CARTESIAN_POINT('',(849.,-32.,230.94744111674));
#6867 = DIRECTION('',(-0.126202954431,0.186573296525,-0.974301400654));
#6868 = DIRECTION('',(-6.938893903907E-18,-0.982154271431,
    -0.188077077579));
#6869 = PCURVE('',#6815,#6870);
#6870 = DEFINITIONAL_REPRESENTATION('',(#6871),#6875);
#6871 = LINE('',#6872,#6873);
#6872 = CARTESIAN_POINT('',(0.,0.));
#6873 = VECTOR('',#6874,1.);
#6874 = DIRECTION('',(1.,0.));
#6875 = ( GEOMETRIC_REPRESENTATION_CONTEXT(2) 
PARAMETRIC_REPRESENTATION_CONTEXT() REPRESENTATION_CONTEXT('2D SPACE',''
  ) );
#6876 = PCURVE('',#6877,#6882);
#6877 = PLANE('',#6878);
#6878 = AXIS2_PLACEMENT_3D('',#6879,#6880,#6881);
#6879 = CARTESIAN_POINT('',(849.,-32.,230.94744111674));
#6880 = DIRECTION('',(-0.126202954431,0.186573296525,-0.974301400654));
#6881 = DIRECTION('',(-3.469446951954E-18,-0.982154271431,
    -0.188077077579));
#6882 = DEFINITIONAL_REPRESENTATION('',(#6883),#6887);
#6883 = CIRCLE('',#6884,1.6);
#6884 = AXIS2_PLACEMENT_2D('',#6885,#6886);
#6885 = CARTESIAN_POINT('',(0.,0.));
#6886 = DIRECTION('',(1.,0.));
#6887 = ( GEOMETRIC_REPRESENTATION_CONTEXT(2) 
PARAMETRIC_REPRESENTATION_CONTEXT() REPRESENTATION_CONTEXT('2D SPACE',''
  ) );
#6888 = ORIENTED_EDGE('',*,*,#6839,.T.);
#6889 = ADVANCED_FACE('',(#6890),#6827,.T.);
#6890 = FACE_BOUND('',#6891,.T.);
#6891 = EDGE_LOOP('',(#6892));
#6892 = ORIENTED_EDGE('',*,*,#6805,.T.);
#6893 = ADVANCED_FACE('',(#6894),#6877,.F.);
#6894 = FACE_BOUND('',#6895,.T.);
#6895 = EDGE_LOOP('',(#6896));
#6896 = ORIENTED_EDGE('',*,*,#6862,.F.);
#6897 = ( GEOMETRIC_REPRESENTATION_CONTEXT(3) 
GLOBAL_UNCERTAINTY_ASSIGNED_CONTEXT((#6901)) 
GLOBAL_UNIT_ASSIGNED_CONTEXT((#6898,#6899,#6900)) REPRESENTATION_CONTEXT
('Context #1','3D Context with UNIT and UNCERTAINTY') );
#6898 = ( LENGTH_UNIT() NAMED_UNIT(*) SI_UNIT(.MILLI.,.METRE.) );
#6899 = ( NAMED_UNIT(*) PLANE_ANGLE_UNIT() SI_UNIT($,.RADIAN.) );
#6900 = ( NAMED_UNIT(*) SI_UNIT($,.STERADIAN.) SOLID_ANGLE_UNIT() );
#6901 = UNCERTAINTY_MEASURE_WITH_UNIT(LENGTH_MEASURE(1.E-07),#6898,
  'distance_accuracy_value','confusion accuracy');
#6902 = CONTEXT_DEPENDENT_SHAPE_REPRESENTATION(#6903,#6905);
#6903 = ( REPRESENTATION_RELATIONSHIP('','',#6798,#4856) 
REPRESENTATION_RELATIONSHIP_WITH_TRANSFORMATION(#6904) 
SHAPE_REPRESENTATION_RELATIONSHIP() );
#6904 = ITEM_DEFINED_TRANSFORMATION('','',#11,#4917);
#6905 = PRODUCT_DEFINITION_SHAPE('Placement','Placement of an item',
  #6906);
#6906 = NEXT_ASSEMBLY_USAGE_OCCURRENCE('50','=>[0:1:1:52]','',#4851,
  #6793,$);
#6907 = PRODUCT_RELATED_PRODUCT_CATEGORY('part',$,(#6795));
#6908 = SHAPE_DEFINITION_REPRESENTATION(#6909,#6915);
#6909 = PRODUCT_DEFINITION_SHAPE('','',#6910);
#6910 = PRODUCT_DEFINITION('design','',#6911,#6914);
#6911 = PRODUCT_DEFINITION_FORMATION('','',#6912);
#6912 = PRODUCT('SOLID','SOLID','',(#6913));
#6913 = PRODUCT_CONTEXT('',#2,'mechanical');
#6914 = PRODUCT_DEFINITION_CONTEXT('part definition',#2,'design');
#6915 = ADVANCED_BREP_SHAPE_REPRESENTATION('',(#11,#6916),#7014);
#6916 = MANIFOLD_SOLID_BREP('',#6917);
#6917 = CLOSED_SHELL('',(#6918,#7006,#7010));
#6918 = ADVANCED_FACE('',(#6919),#6932,.T.);
#6919 = FACE_BOUND('',#6920,.T.);
#6920 = EDGE_LOOP('',(#6921,#6955,#6978,#7005));
#6921 = ORIENTED_EDGE('',*,*,#6922,.F.);
#6922 = EDGE_CURVE('',#6923,#6923,#6925,.T.);
#6923 = VERTEX_POINT('',#6924);
#6924 = CARTESIAN_POINT('',(891.4320151472,-7.60498892148E-15,
    63.552514357858));
#6925 = SURFACE_CURVE('',#6926,(#6931,#6943),.PCURVE_S1.);
#6926 = CIRCLE('',#6927,1.6);
#6927 = AXIS2_PLACEMENT_3D('',#6928,#6929,#6930);
#6928 = CARTESIAN_POINT('',(892.99336325249,-7.105427357601E-15,
    63.902074215512));
#6929 = DIRECTION('',(0.214638719694,-0.186573296525,-0.958707789179));
#6930 = DIRECTION('',(-0.975842565811,0.,-0.218474911034));
#6931 = PCURVE('',#6932,#6937);
#6932 = CYLINDRICAL_SURFACE('',#6933,1.6);
#6933 = AXIS2_PLACEMENT_3D('',#6934,#6935,#6936);
#6934 = CARTESIAN_POINT('',(856.17974009132,32.,228.33422943373));
#6935 = DIRECTION('',(0.214638719694,-0.186573296525,-0.958707789179));
#6936 = DIRECTION('',(-0.975842565811,0.,-0.218474911034));
#6937 = DEFINITIONAL_REPRESENTATION('',(#6938),#6942);
#6938 = LINE('',#6939,#6940);
#6939 = CARTESIAN_POINT('',(0.,171.51436243055));
#6940 = VECTOR('',#6941,1.);
#6941 = DIRECTION('',(1.,0.));
#6942 = ( GEOMETRIC_REPRESENTATION_CONTEXT(2) 
PARAMETRIC_REPRESENTATION_CONTEXT() REPRESENTATION_CONTEXT('2D SPACE',''
  ) );
#6943 = PCURVE('',#6944,#6949);
#6944 = PLANE('',#6945);
#6945 = AXIS2_PLACEMENT_3D('',#6946,#6947,#6948);
#6946 = CARTESIAN_POINT('',(892.99336325249,-7.105427357601E-15,
    63.902074215512));
#6947 = DIRECTION('',(0.214638719694,-0.186573296525,-0.958707789179));
#6948 = DIRECTION('',(-0.975842565811,0.,-0.218474911034));
#6949 = DEFINITIONAL_REPRESENTATION('',(#6950),#6954);
#6950 = CIRCLE('',#6951,1.6);
#6951 = AXIS2_PLACEMENT_2D('',#6952,#6953);
#6952 = CARTESIAN_POINT('',(0.,0.));
#6953 = DIRECTION('',(1.,0.));
#6954 = ( GEOMETRIC_REPRESENTATION_CONTEXT(2) 
PARAMETRIC_REPRESENTATION_CONTEXT() REPRESENTATION_CONTEXT('2D SPACE',''
  ) );
#6955 = ORIENTED_EDGE('',*,*,#6956,.F.);
#6956 = EDGE_CURVE('',#6957,#6923,#6959,.T.);
#6957 = VERTEX_POINT('',#6958);
#6958 = CARTESIAN_POINT('',(854.61839198603,32.,227.98466957607));
#6959 = SEAM_CURVE('',#6960,(#6964,#6971),.PCURVE_S1.);
#6960 = LINE('',#6961,#6962);
#6961 = CARTESIAN_POINT('',(854.61839198603,32.,227.98466957607));
#6962 = VECTOR('',#6963,1.);
#6963 = DIRECTION('',(0.214638719694,-0.186573296525,-0.958707789179));
#6964 = PCURVE('',#6932,#6965);
#6965 = DEFINITIONAL_REPRESENTATION('',(#6966),#6970);
#6966 = LINE('',#6967,#6968);
#6967 = CARTESIAN_POINT('',(6.28318530718,-0.));
#6968 = VECTOR('',#6969,1.);
#6969 = DIRECTION('',(0.,1.));
#6970 = ( GEOMETRIC_REPRESENTATION_CONTEXT(2) 
PARAMETRIC_REPRESENTATION_CONTEXT() REPRESENTATION_CONTEXT('2D SPACE',''
  ) );
#6971 = PCURVE('',#6932,#6972);
#6972 = DEFINITIONAL_REPRESENTATION('',(#6973),#6977);
#6973 = LINE('',#6974,#6975);
#6974 = CARTESIAN_POINT('',(0.,-0.));
#6975 = VECTOR('',#6976,1.);
#6976 = DIRECTION('',(0.,1.));
#6977 = ( GEOMETRIC_REPRESENTATION_CONTEXT(2) 
PARAMETRIC_REPRESENTATION_CONTEXT() REPRESENTATION_CONTEXT('2D SPACE',''
  ) );
#6978 = ORIENTED_EDGE('',*,*,#6979,.T.);
#6979 = EDGE_CURVE('',#6957,#6957,#6980,.T.);
#6980 = SURFACE_CURVE('',#6981,(#6986,#6993),.PCURVE_S1.);
#6981 = CIRCLE('',#6982,1.6);
#6982 = AXIS2_PLACEMENT_3D('',#6983,#6984,#6985);
#6983 = CARTESIAN_POINT('',(856.17974009132,32.,228.33422943373));
#6984 = DIRECTION('',(0.214638719694,-0.186573296525,-0.958707789179));
#6985 = DIRECTION('',(-0.975842565811,0.,-0.218474911034));
#6986 = PCURVE('',#6932,#6987);
#6987 = DEFINITIONAL_REPRESENTATION('',(#6988),#6992);
#6988 = LINE('',#6989,#6990);
#6989 = CARTESIAN_POINT('',(0.,0.));
#6990 = VECTOR('',#6991,1.);
#6991 = DIRECTION('',(1.,0.));
#6992 = ( GEOMETRIC_REPRESENTATION_CONTEXT(2) 
PARAMETRIC_REPRESENTATION_CONTEXT() REPRESENTATION_CONTEXT('2D SPACE',''
  ) );
#6993 = PCURVE('',#6994,#6999);
#6994 = PLANE('',#6995);
#6995 = AXIS2_PLACEMENT_3D('',#6996,#6997,#6998);
#6996 = CARTESIAN_POINT('',(856.17974009132,32.,228.33422943373));
#6997 = DIRECTION('',(0.214638719694,-0.186573296525,-0.958707789179));
#6998 = DIRECTION('',(-0.975842565811,0.,-0.218474911034));
#6999 = DEFINITIONAL_REPRESENTATION('',(#7000),#7004);
#7000 = CIRCLE('',#7001,1.6);
#7001 = AXIS2_PLACEMENT_2D('',#7002,#7003);
#7002 = CARTESIAN_POINT('',(0.,0.));
#7003 = DIRECTION('',(1.,0.));
#7004 = ( GEOMETRIC_REPRESENTATION_CONTEXT(2) 
PARAMETRIC_REPRESENTATION_CONTEXT() REPRESENTATION_CONTEXT('2D SPACE',''
  ) );
#7005 = ORIENTED_EDGE('',*,*,#6956,.T.);
#7006 = ADVANCED_FACE('',(#7007),#6944,.T.);
#7007 = FACE_BOUND('',#7008,.T.);
#7008 = EDGE_LOOP('',(#7009));
#7009 = ORIENTED_EDGE('',*,*,#6922,.T.);
#7010 = ADVANCED_FACE('',(#7011),#6994,.F.);
#7011 = FACE_BOUND('',#7012,.T.);
#7012 = EDGE_LOOP('',(#7013));
#7013 = ORIENTED_EDGE('',*,*,#6979,.F.);
#7014 = ( GEOMETRIC_REPRESENTATION_CONTEXT(3) 
GLOBAL_UNCERTAINTY_ASSIGNED_CONTEXT((#7018)) 
GLOBAL_UNIT_ASSIGNED_CONTEXT((#7015,#7016,#7017)) REPRESENTATION_CONTEXT
('Context #1','3D Context with UNIT and UNCERTAINTY') );
#7015 = ( LENGTH_UNIT() NAMED_UNIT(*) SI_UNIT(.MILLI.,.METRE.) );
#7016 = ( NAMED_UNIT(*) PLANE_ANGLE_UNIT() SI_UNIT($,.RADIAN.) );
#7017 = ( NAMED_UNIT(*) SI_UNIT($,.STERADIAN.) SOLID_ANGLE_UNIT() );
#7018 = UNCERTAINTY_MEASURE_WITH_UNIT(LENGTH_MEASURE(1.E-07),#7015,
  'distance_accuracy_value','confusion accuracy');
#7019 = CONTEXT_DEPENDENT_SHAPE_REPRESENTATION(#7020,#7022);
#7020 = ( REPRESENTATION_RELATIONSHIP('','',#6915,#4856) 
REPRESENTATION_RELATIONSHIP_WITH_TRANSFORMATION(#7021) 
SHAPE_REPRESENTATION_RELATIONSHIP() );
#7021 = ITEM_DEFINED_TRANSFORMATION('','',#11,#4921);
#7022 = PRODUCT_DEFINITION_SHAPE('Placement','Placement of an item',
  #7023);
#7023 = NEXT_ASSEMBLY_USAGE_OCCURRENCE('51','=>[0:1:1:53]','',#4851,
  #6910,$);
#7024 = PRODUCT_RELATED_PRODUCT_CATEGORY('part',$,(#6912));
#7025 = SHAPE_DEFINITION_REPRESENTATION(#7026,#7032);
#7026 = PRODUCT_DEFINITION_SHAPE('','',#7027);
#7027 = PRODUCT_DEFINITION('design','',#7028,#7031);
#7028 = PRODUCT_DEFINITION_FORMATION('','',#7029);
#7029 = PRODUCT('SOLID','SOLID','',(#7030));
#7030 = PRODUCT_CONTEXT('',#2,'mechanical');
#7031 = PRODUCT_DEFINITION_CONTEXT('part definition',#2,'design');
#7032 = ADVANCED_BREP_SHAPE_REPRESENTATION('',(#11,#7033),#7131);
#7033 = MANIFOLD_SOLID_BREP('',#7034);
#7034 = CLOSED_SHELL('',(#7035,#7123,#7127));
#7035 = ADVANCED_FACE('',(#7036),#7049,.T.);
#7036 = FACE_BOUND('',#7037,.T.);
#7037 = EDGE_LOOP('',(#7038,#7072,#7095,#7122));
#7038 = ORIENTED_EDGE('',*,*,#7039,.F.);
#7039 = EDGE_CURVE('',#7040,#7040,#7042,.T.);
#7040 = VERTEX_POINT('',#7041);
#7041 = CARTESIAN_POINT('',(953.30522845229,1.846551713911E-15,
    85.547055903653));
#7042 = SURFACE_CURVE('',#7043,(#7048,#7060),.PCURVE_S1.);
#7043 = CIRCLE('',#7044,1.6);
#7044 = AXIS2_PLACEMENT_3D('',#7045,#7046,#7047);
#7045 = CARTESIAN_POINT('',(954.6528592327,0.,86.409547225168));
#7046 = DIRECTION('',(0.529591796493,0.186573296525,-0.827479869308));
#7047 = DIRECTION('',(-0.842269237757,4.163336342344E-17,-0.539057075947
    ));
#7048 = PCURVE('',#7049,#7054);
#7049 = CYLINDRICAL_SURFACE('',#7050,1.6);
#7050 = AXIS2_PLACEMENT_3D('',#7051,#7052,#7053);
#7051 = CARTESIAN_POINT('',(863.82025990867,-32.,228.33422943373));
#7052 = DIRECTION('',(0.529591796493,0.186573296525,-0.827479869308));
#7053 = DIRECTION('',(-0.842269237757,2.775557561563E-17,-0.539057075947
    ));
#7054 = DEFINITIONAL_REPRESENTATION('',(#7055),#7059);
#7055 = LINE('',#7056,#7057);
#7056 = CARTESIAN_POINT('',(0.,171.51436243055));
#7057 = VECTOR('',#7058,1.);
#7058 = DIRECTION('',(1.,0.));
#7059 = ( GEOMETRIC_REPRESENTATION_CONTEXT(2) 
PARAMETRIC_REPRESENTATION_CONTEXT() REPRESENTATION_CONTEXT('2D SPACE',''
  ) );
#7060 = PCURVE('',#7061,#7066);
#7061 = PLANE('',#7062);
#7062 = AXIS2_PLACEMENT_3D('',#7063,#7064,#7065);
#7063 = CARTESIAN_POINT('',(954.6528592327,0.,86.409547225168));
#7064 = DIRECTION('',(0.529591796493,0.186573296525,-0.827479869308));
#7065 = DIRECTION('',(-0.842269237757,2.775557561563E-17,-0.539057075947
    ));
#7066 = DEFINITIONAL_REPRESENTATION('',(#7067),#7071);
#7067 = CIRCLE('',#7068,1.6);
#7068 = AXIS2_PLACEMENT_2D('',#7069,#7070);
#7069 = CARTESIAN_POINT('',(0.,0.));
#7070 = DIRECTION('',(1.,0.));
#7071 = ( GEOMETRIC_REPRESENTATION_CONTEXT(2) 
PARAMETRIC_REPRESENTATION_CONTEXT() REPRESENTATION_CONTEXT('2D SPACE',''
  ) );
#7072 = ORIENTED_EDGE('',*,*,#7073,.F.);
#7073 = EDGE_CURVE('',#7074,#7040,#7076,.T.);
#7074 = VERTEX_POINT('',#7075);
#7075 = CARTESIAN_POINT('',(862.47262912826,-32.,227.47173811221));
#7076 = SEAM_CURVE('',#7077,(#7081,#7088),.PCURVE_S1.);
#7077 = LINE('',#7078,#7079);
#7078 = CARTESIAN_POINT('',(862.47262912826,-32.,227.47173811221));
#7079 = VECTOR('',#7080,1.);
#7080 = DIRECTION('',(0.529591796493,0.186573296525,-0.827479869308));
#7081 = PCURVE('',#7049,#7082);
#7082 = DEFINITIONAL_REPRESENTATION('',(#7083),#7087);
#7083 = LINE('',#7084,#7085);
#7084 = CARTESIAN_POINT('',(6.28318530718,-0.));
#7085 = VECTOR('',#7086,1.);
#7086 = DIRECTION('',(0.,1.));
#7087 = ( GEOMETRIC_REPRESENTATION_CONTEXT(2) 
PARAMETRIC_REPRESENTATION_CONTEXT() REPRESENTATION_CONTEXT('2D SPACE',''
  ) );
#7088 = PCURVE('',#7049,#7089);
#7089 = DEFINITIONAL_REPRESENTATION('',(#7090),#7094);
#7090 = LINE('',#7091,#7092);
#7091 = CARTESIAN_POINT('',(0.,-0.));
#7092 = VECTOR('',#7093,1.);
#7093 = DIRECTION('',(0.,1.));
#7094 = ( GEOMETRIC_REPRESENTATION_CONTEXT(2) 
PARAMETRIC_REPRESENTATION_CONTEXT() REPRESENTATION_CONTEXT('2D SPACE',''
  ) );
#7095 = ORIENTED_EDGE('',*,*,#7096,.T.);
#7096 = EDGE_CURVE('',#7074,#7074,#7097,.T.);
#7097 = SURFACE_CURVE('',#7098,(#7103,#7110),.PCURVE_S1.);
#7098 = CIRCLE('',#7099,1.6);
#7099 = AXIS2_PLACEMENT_3D('',#7100,#7101,#7102);
#7100 = CARTESIAN_POINT('',(863.82025990867,-32.,228.33422943373));
#7101 = DIRECTION('',(0.529591796493,0.186573296525,-0.827479869308));
#7102 = DIRECTION('',(-0.842269237757,4.163336342344E-17,-0.539057075947
    ));
#7103 = PCURVE('',#7049,#7104);
#7104 = DEFINITIONAL_REPRESENTATION('',(#7105),#7109);
#7105 = LINE('',#7106,#7107);
#7106 = CARTESIAN_POINT('',(0.,0.));
#7107 = VECTOR('',#7108,1.);
#7108 = DIRECTION('',(1.,0.));
#7109 = ( GEOMETRIC_REPRESENTATION_CONTEXT(2) 
PARAMETRIC_REPRESENTATION_CONTEXT() REPRESENTATION_CONTEXT('2D SPACE',''
  ) );
#7110 = PCURVE('',#7111,#7116);
#7111 = PLANE('',#7112);
#7112 = AXIS2_PLACEMENT_3D('',#7113,#7114,#7115);
#7113 = CARTESIAN_POINT('',(863.82025990867,-32.,228.33422943373));
#7114 = DIRECTION('',(0.529591796493,0.186573296525,-0.827479869308));
#7115 = DIRECTION('',(-0.842269237757,2.775557561563E-17,-0.539057075947
    ));
#7116 = DEFINITIONAL_REPRESENTATION('',(#7117),#7121);
#7117 = CIRCLE('',#7118,1.6);
#7118 = AXIS2_PLACEMENT_2D('',#7119,#7120);
#7119 = CARTESIAN_POINT('',(0.,0.));
#7120 = DIRECTION('',(1.,0.));
#7121 = ( GEOMETRIC_REPRESENTATION_CONTEXT(2) 
PARAMETRIC_REPRESENTATION_CONTEXT() REPRESENTATION_CONTEXT('2D SPACE',''
  ) );
#7122 = ORIENTED_EDGE('',*,*,#7073,.T.);
#7123 = ADVANCED_FACE('',(#7124),#7061,.T.);
#7124 = FACE_BOUND('',#7125,.T.);
#7125 = EDGE_LOOP('',(#7126));
#7126 = ORIENTED_EDGE('',*,*,#7039,.T.);
#7127 = ADVANCED_FACE('',(#7128),#7111,.F.);
#7128 = FACE_BOUND('',#7129,.T.);
#7129 = EDGE_LOOP('',(#7130));
#7130 = ORIENTED_EDGE('',*,*,#7096,.F.);
#7131 = ( GEOMETRIC_REPRESENTATION_CONTEXT(3) 
GLOBAL_UNCERTAINTY_ASSIGNED_CONTEXT((#7135)) 
GLOBAL_UNIT_ASSIGNED_CONTEXT((#7132,#7133,#7134)) REPRESENTATION_CONTEXT
('Context #1','3D Context with UNIT and UNCERTAINTY') );
#7132 = ( LENGTH_UNIT() NAMED_UNIT(*) SI_UNIT(.MILLI.,.METRE.) );
#7133 = ( NAMED_UNIT(*) PLANE_ANGLE_UNIT() SI_UNIT($,.RADIAN.) );
#7134 = ( NAMED_UNIT(*) SI_UNIT($,.STERADIAN.) SOLID_ANGLE_UNIT() );
#7135 = UNCERTAINTY_MEASURE_WITH_UNIT(LENGTH_MEASURE(1.E-07),#7132,
  'distance_accuracy_value','confusion accuracy');
#7136 = CONTEXT_DEPENDENT_SHAPE_REPRESENTATION(#7137,#7139);
#7137 = ( REPRESENTATION_RELATIONSHIP('','',#7032,#4856) 
REPRESENTATION_RELATIONSHIP_WITH_TRANSFORMATION(#7138) 
SHAPE_REPRESENTATION_RELATIONSHIP() );
#7138 = ITEM_DEFINED_TRANSFORMATION('','',#11,#4925);
#7139 = PRODUCT_DEFINITION_SHAPE('Placement','Placement of an item',
  #7140);
#7140 = NEXT_ASSEMBLY_USAGE_OCCURRENCE('52','=>[0:1:1:54]','',#4851,
  #7027,$);
#7141 = PRODUCT_RELATED_PRODUCT_CATEGORY('part',$,(#7029));
#7142 = SHAPE_DEFINITION_REPRESENTATION(#7143,#7149);
#7143 = PRODUCT_DEFINITION_SHAPE('','',#7144);
#7144 = PRODUCT_DEFINITION('design','',#7145,#7148);
#7145 = PRODUCT_DEFINITION_FORMATION('','',#7146);
#7146 = PRODUCT('SOLID','SOLID','',(#7147));
#7147 = PRODUCT_CONTEXT('',#2,'mechanical');
#7148 = PRODUCT_DEFINITION_CONTEXT('part definition',#2,'design');
#7149 = ADVANCED_BREP_SHAPE_REPRESENTATION('',(#11,#7150),#7248);
#7150 = MANIFOLD_SOLID_BREP('',#7151);
#7151 = CLOSED_SHELL('',(#7152,#7240,#7244));
#7152 = ADVANCED_FACE('',(#7153),#7166,.T.);
#7153 = FACE_BOUND('',#7154,.T.);
#7154 = EDGE_LOOP('',(#7155,#7189,#7212,#7239));
#7155 = ORIENTED_EDGE('',*,*,#7156,.F.);
#7156 = EDGE_CURVE('',#7157,#7157,#7159,.T.);
#7157 = VERTEX_POINT('',#7158);
#7158 = CARTESIAN_POINT('',(1.005867192757E+03,1.300116110292E-15,
    129.9198367804));
#7159 = SURFACE_CURVE('',#7160,(#7165,#7177),.PCURVE_S1.);
#7160 = CIRCLE('',#7161,1.6);
#7161 = AXIS2_PLACEMENT_3D('',#7162,#7163,#7164);
#7162 = CARTESIAN_POINT('',(1.004895823462E+03,0.,128.64844317741));
#7163 = DIRECTION('',(0.780668286694,-0.186573296525,-0.596445664897));
#7164 = DIRECTION('',(0.607105809059,4.163336342344E-17,0.794621001866)
  );
#7165 = PCURVE('',#7166,#7171);
#7166 = CYLINDRICAL_SURFACE('',#7167,1.6);
#7167 = AXIS2_PLACEMENT_3D('',#7168,#7169,#7170);
#7168 = CARTESIAN_POINT('',(871.,32.,230.94744111674));
#7169 = DIRECTION('',(0.780668286694,-0.186573296525,-0.596445664897));
#7170 = DIRECTION('',(0.607105809059,2.775557561563E-17,0.794621001866)
  );
#7171 = DEFINITIONAL_REPRESENTATION('',(#7172),#7176);
#7172 = LINE('',#7173,#7174);
#7173 = CARTESIAN_POINT('',(0.,171.51436243055));
#7174 = VECTOR('',#7175,1.);
#7175 = DIRECTION('',(1.,0.));
#7176 = ( GEOMETRIC_REPRESENTATION_CONTEXT(2) 
PARAMETRIC_REPRESENTATION_CONTEXT() REPRESENTATION_CONTEXT('2D SPACE',''
  ) );
#7177 = PCURVE('',#7178,#7183);
#7178 = PLANE('',#7179);
#7179 = AXIS2_PLACEMENT_3D('',#7180,#7181,#7182);
#7180 = CARTESIAN_POINT('',(1.004895823462E+03,0.,128.64844317741));
#7181 = DIRECTION('',(0.780668286694,-0.186573296525,-0.596445664897));
#7182 = DIRECTION('',(0.607105809059,2.775557561563E-17,0.794621001866)
  );
#7183 = DEFINITIONAL_REPRESENTATION('',(#7184),#7188);
#7184 = CIRCLE('',#7185,1.6);
#7185 = AXIS2_PLACEMENT_2D('',#7186,#7187);
#7186 = CARTESIAN_POINT('',(0.,0.));
#7187 = DIRECTION('',(1.,0.));
#7188 = ( GEOMETRIC_REPRESENTATION_CONTEXT(2) 
PARAMETRIC_REPRESENTATION_CONTEXT() REPRESENTATION_CONTEXT('2D SPACE',''
  ) );
#7189 = ORIENTED_EDGE('',*,*,#7190,.F.);
#7190 = EDGE_CURVE('',#7191,#7157,#7193,.T.);
#7191 = VERTEX_POINT('',#7192);
#7192 = CARTESIAN_POINT('',(871.97136929449,32.,232.21883471972));
#7193 = SEAM_CURVE('',#7194,(#7198,#7205),.PCURVE_S1.);
#7194 = LINE('',#7195,#7196);
#7195 = CARTESIAN_POINT('',(871.97136929449,32.,232.21883471972));
#7196 = VECTOR('',#7197,1.);
#7197 = DIRECTION('',(0.780668286694,-0.186573296525,-0.596445664897));
#7198 = PCURVE('',#7166,#7199);
#7199 = DEFINITIONAL_REPRESENTATION('',(#7200),#7204);
#7200 = LINE('',#7201,#7202);
#7201 = CARTESIAN_POINT('',(6.28318530718,-0.));
#7202 = VECTOR('',#7203,1.);
#7203 = DIRECTION('',(0.,1.));
#7204 = ( GEOMETRIC_REPRESENTATION_CONTEXT(2) 
PARAMETRIC_REPRESENTATION_CONTEXT() REPRESENTATION_CONTEXT('2D SPACE',''
  ) );
#7205 = PCURVE('',#7166,#7206);
#7206 = DEFINITIONAL_REPRESENTATION('',(#7207),#7211);
#7207 = LINE('',#7208,#7209);
#7208 = CARTESIAN_POINT('',(0.,-0.));
#7209 = VECTOR('',#7210,1.);
#7210 = DIRECTION('',(0.,1.));
#7211 = ( GEOMETRIC_REPRESENTATION_CONTEXT(2) 
PARAMETRIC_REPRESENTATION_CONTEXT() REPRESENTATION_CONTEXT('2D SPACE',''
  ) );
#7212 = ORIENTED_EDGE('',*,*,#7213,.T.);
#7213 = EDGE_CURVE('',#7191,#7191,#7214,.T.);
#7214 = SURFACE_CURVE('',#7215,(#7220,#7227),.PCURVE_S1.);
#7215 = CIRCLE('',#7216,1.6);
#7216 = AXIS2_PLACEMENT_3D('',#7217,#7218,#7219);
#7217 = CARTESIAN_POINT('',(871.,32.,230.94744111674));
#7218 = DIRECTION('',(0.780668286694,-0.186573296525,-0.596445664897));
#7219 = DIRECTION('',(0.607105809059,4.163336342344E-17,0.794621001866)
  );
#7220 = PCURVE('',#7166,#7221);
#7221 = DEFINITIONAL_REPRESENTATION('',(#7222),#7226);
#7222 = LINE('',#7223,#7224);
#7223 = CARTESIAN_POINT('',(0.,0.));
#7224 = VECTOR('',#7225,1.);
#7225 = DIRECTION('',(1.,0.));
#7226 = ( GEOMETRIC_REPRESENTATION_CONTEXT(2) 
PARAMETRIC_REPRESENTATION_CONTEXT() REPRESENTATION_CONTEXT('2D SPACE',''
  ) );
#7227 = PCURVE('',#7228,#7233);
#7228 = PLANE('',#7229);
#7229 = AXIS2_PLACEMENT_3D('',#7230,#7231,#7232);
#7230 = CARTESIAN_POINT('',(871.,32.,230.94744111674));
#7231 = DIRECTION('',(0.780668286694,-0.186573296525,-0.596445664897));
#7232 = DIRECTION('',(0.607105809059,2.775557561563E-17,0.794621001866)
  );
#7233 = DEFINITIONAL_REPRESENTATION('',(#7234),#7238);
#7234 = CIRCLE('',#7235,1.6);
#7235 = AXIS2_PLACEMENT_2D('',#7236,#7237);
#7236 = CARTESIAN_POINT('',(0.,0.));
#7237 = DIRECTION('',(1.,0.));
#7238 = ( GEOMETRIC_REPRESENTATION_CONTEXT(2) 
PARAMETRIC_REPRESENTATION_CONTEXT() REPRESENTATION_CONTEXT('2D SPACE',''
  ) );
#7239 = ORIENTED_EDGE('',*,*,#7190,.T.);
#7240 = ADVANCED_FACE('',(#7241),#7178,.T.);
#7241 = FACE_BOUND('',#7242,.T.);
#7242 = EDGE_LOOP('',(#7243));
#7243 = ORIENTED_EDGE('',*,*,#7156,.T.);
#7244 = ADVANCED_FACE('',(#7245),#7228,.F.);
#7245 = FACE_BOUND('',#7246,.T.);
#7246 = EDGE_LOOP('',(#7247));
#7247 = ORIENTED_EDGE('',*,*,#7213,.F.);
#7248 = ( GEOMETRIC_REPRESENTATION_CONTEXT(3) 
GLOBAL_UNCERTAINTY_ASSIGNED_CONTEXT((#7252)) 
GLOBAL_UNIT_ASSIGNED_CONTEXT((#7249,#7250,#7251)) REPRESENTATION_CONTEXT
('Context #1','3D Context with UNIT and UNCERTAINTY') );
#7249 = ( LENGTH_UNIT() NAMED_UNIT(*) SI_UNIT(.MILLI.,.METRE.) );
#7250 = ( NAMED_UNIT(*) PLANE_ANGLE_UNIT() SI_UNIT($,.RADIAN.) );
#7251 = ( NAMED_UNIT(*) SI_UNIT($,.STERADIAN.) SOLID_ANGLE_UNIT() );
#7252 = UNCERTAINTY_MEASURE_WITH_UNIT(LENGTH_MEASURE(1.E-07),#7249,
  'distance_accuracy_value','confusion accuracy');
#7253 = CONTEXT_DEPENDENT_SHAPE_REPRESENTATION(#7254,#7256);
#7254 = ( REPRESENTATION_RELATIONSHIP('','',#7149,#4856) 
REPRESENTATION_RELATIONSHIP_WITH_TRANSFORMATION(#7255) 
SHAPE_REPRESENTATION_RELATIONSHIP() );
#7255 = ITEM_DEFINED_TRANSFORMATION('','',#11,#4929);
#7256 = PRODUCT_DEFINITION_SHAPE('Placement','Placement of an item',
  #7257);
#7257 = NEXT_ASSEMBLY_USAGE_OCCURRENCE('53','=>[0:1:1:55]','',#4851,
  #7144,$);
#7258 = PRODUCT_RELATED_PRODUCT_CATEGORY('part',$,(#7146));
#7259 = SHAPE_DEFINITION_REPRESENTATION(#7260,#7266);
#7260 = PRODUCT_DEFINITION_SHAPE('','',#7261);
#7261 = PRODUCT_DEFINITION('design','',#7262,#7265);
#7262 = PRODUCT_DEFINITION_FORMATION('','',#7263);
#7263 = PRODUCT('SOLID','SOLID','',(#7264));
#7264 = PRODUCT_CONTEXT('',#2,'mechanical');
#7265 = PRODUCT_DEFINITION_CONTEXT('part definition',#2,'design');
#7266 = ADVANCED_BREP_SHAPE_REPRESENTATION('',(#11,#7267),#7365);
#7267 = MANIFOLD_SOLID_BREP('',#7268);
#7268 = CLOSED_SHELL('',(#7269,#7357,#7361));
#7269 = ADVANCED_FACE('',(#7270),#7283,.T.);
#7270 = FACE_BOUND('',#7271,.T.);
#7271 = EDGE_LOOP('',(#7272,#7306,#7329,#7356));
#7272 = ORIENTED_EDGE('',*,*,#7273,.F.);
#7273 = EDGE_CURVE('',#7274,#7274,#7276,.T.);
#7274 = VERTEX_POINT('',#7275);
#7275 = CARTESIAN_POINT('',(1.038140159283E+03,7.453008107392E-15,
    187.05107489287));
#7276 = SURFACE_CURVE('',#7277,(#7282,#7294),.PCURVE_S1.);
#7277 = CIRCLE('',#7278,1.6);
#7278 = AXIS2_PLACEMENT_3D('',#7279,#7280,#7281);
#7279 = CARTESIAN_POINT('',(1.037662212947E+03,7.105427357601E-15,
    185.5241278407));
#7280 = DIRECTION('',(0.937584660082,0.186573296525,-0.293471310699));
#7281 = DIRECTION('',(0.298716459861,0.,0.954341907603));
#7282 = PCURVE('',#7283,#7288);
#7283 = CYLINDRICAL_SURFACE('',#7284,1.6);
#7284 = AXIS2_PLACEMENT_3D('',#7285,#7286,#7287);
#7285 = CARTESIAN_POINT('',(876.85297774861,-32.,235.85867258689));
#7286 = DIRECTION('',(0.937584660082,0.186573296525,-0.293471310699));
#7287 = DIRECTION('',(0.298716459861,6.938893903907E-18,0.954341907603)
  );
#7288 = DEFINITIONAL_REPRESENTATION('',(#7289),#7293);
#7289 = LINE('',#7290,#7291);
#7290 = CARTESIAN_POINT('',(0.,171.51436243055));
#7291 = VECTOR('',#7292,1.);
#7292 = DIRECTION('',(1.,0.));
#7293 = ( GEOMETRIC_REPRESENTATION_CONTEXT(2) 
PARAMETRIC_REPRESENTATION_CONTEXT() REPRESENTATION_CONTEXT('2D SPACE',''
  ) );
#7294 = PCURVE('',#7295,#7300);
#7295 = PLANE('',#7296);
#7296 = AXIS2_PLACEMENT_3D('',#7297,#7298,#7299);
#7297 = CARTESIAN_POINT('',(1.037662212947E+03,7.105427357601E-15,
    185.5241278407));
#7298 = DIRECTION('',(0.937584660082,0.186573296525,-0.293471310699));
#7299 = DIRECTION('',(0.298716459861,6.938893903907E-18,0.954341907603)
  );
#7300 = DEFINITIONAL_REPRESENTATION('',(#7301),#7305);
#7301 = CIRCLE('',#7302,1.6);
#7302 = AXIS2_PLACEMENT_2D('',#7303,#7304);
#7303 = CARTESIAN_POINT('',(0.,0.));
#7304 = DIRECTION('',(1.,0.));
#7305 = ( GEOMETRIC_REPRESENTATION_CONTEXT(2) 
PARAMETRIC_REPRESENTATION_CONTEXT() REPRESENTATION_CONTEXT('2D SPACE',''
  ) );
#7306 = ORIENTED_EDGE('',*,*,#7307,.F.);
#7307 = EDGE_CURVE('',#7308,#7274,#7310,.T.);
#7308 = VERTEX_POINT('',#7309);
#7309 = CARTESIAN_POINT('',(877.33092408439,-32.,237.38561963906));
#7310 = SEAM_CURVE('',#7311,(#7315,#7322),.PCURVE_S1.);
#7311 = LINE('',#7312,#7313);
#7312 = CARTESIAN_POINT('',(877.33092408439,-32.,237.38561963906));
#7313 = VECTOR('',#7314,1.);
#7314 = DIRECTION('',(0.937584660082,0.186573296525,-0.293471310699));
#7315 = PCURVE('',#7283,#7316);
#7316 = DEFINITIONAL_REPRESENTATION('',(#7317),#7321);
#7317 = LINE('',#7318,#7319);
#7318 = CARTESIAN_POINT('',(6.28318530718,-0.));
#7319 = VECTOR('',#7320,1.);
#7320 = DIRECTION('',(0.,1.));
#7321 = ( GEOMETRIC_REPRESENTATION_CONTEXT(2) 
PARAMETRIC_REPRESENTATION_CONTEXT() REPRESENTATION_CONTEXT('2D SPACE',''
  ) );
#7322 = PCURVE('',#7283,#7323);
#7323 = DEFINITIONAL_REPRESENTATION('',(#7324),#7328);
#7324 = LINE('',#7325,#7326);
#7325 = CARTESIAN_POINT('',(0.,-0.));
#7326 = VECTOR('',#7327,1.);
#7327 = DIRECTION('',(0.,1.));
#7328 = ( GEOMETRIC_REPRESENTATION_CONTEXT(2) 
PARAMETRIC_REPRESENTATION_CONTEXT() REPRESENTATION_CONTEXT('2D SPACE',''
  ) );
#7329 = ORIENTED_EDGE('',*,*,#7330,.T.);
#7330 = EDGE_CURVE('',#7308,#7308,#7331,.T.);
#7331 = SURFACE_CURVE('',#7332,(#7337,#7344),.PCURVE_S1.);
#7332 = CIRCLE('',#7333,1.6);
#7333 = AXIS2_PLACEMENT_3D('',#7334,#7335,#7336);
#7334 = CARTESIAN_POINT('',(876.85297774861,-32.,235.85867258689));
#7335 = DIRECTION('',(0.937584660082,0.186573296525,-0.293471310699));
#7336 = DIRECTION('',(0.298716459861,0.,0.954341907603));
#7337 = PCURVE('',#7283,#7338);
#7338 = DEFINITIONAL_REPRESENTATION('',(#7339),#7343);
#7339 = LINE('',#7340,#7341);
#7340 = CARTESIAN_POINT('',(0.,0.));
#7341 = VECTOR('',#7342,1.);
#7342 = DIRECTION('',(1.,0.));
#7343 = ( GEOMETRIC_REPRESENTATION_CONTEXT(2) 
PARAMETRIC_REPRESENTATION_CONTEXT() REPRESENTATION_CONTEXT('2D SPACE',''
  ) );
#7344 = PCURVE('',#7345,#7350);
#7345 = PLANE('',#7346);
#7346 = AXIS2_PLACEMENT_3D('',#7347,#7348,#7349);
#7347 = CARTESIAN_POINT('',(876.85297774861,-32.,235.85867258689));
#7348 = DIRECTION('',(0.937584660082,0.186573296525,-0.293471310699));
#7349 = DIRECTION('',(0.298716459861,6.938893903907E-18,0.954341907603)
  );
#7350 = DEFINITIONAL_REPRESENTATION('',(#7351),#7355);
#7351 = CIRCLE('',#7352,1.6);
#7352 = AXIS2_PLACEMENT_2D('',#7353,#7354);
#7353 = CARTESIAN_POINT('',(0.,0.));
#7354 = DIRECTION('',(1.,0.));
#7355 = ( GEOMETRIC_REPRESENTATION_CONTEXT(2) 
PARAMETRIC_REPRESENTATION_CONTEXT() REPRESENTATION_CONTEXT('2D SPACE',''
  ) );
#7356 = ORIENTED_EDGE('',*,*,#7307,.T.);
#7357 = ADVANCED_FACE('',(#7358),#7295,.T.);
#7358 = FACE_BOUND('',#7359,.T.);
#7359 = EDGE_LOOP('',(#7360));
#7360 = ORIENTED_EDGE('',*,*,#7273,.T.);
#7361 = ADVANCED_FACE('',(#7362),#7345,.F.);
#7362 = FACE_BOUND('',#7363,.T.);
#7363 = EDGE_LOOP('',(#7364));
#7364 = ORIENTED_EDGE('',*,*,#7330,.F.);
#7365 = ( GEOMETRIC_REPRESENTATION_CONTEXT(3) 
GLOBAL_UNCERTAINTY_ASSIGNED_CONTEXT((#7369)) 
GLOBAL_UNIT_ASSIGNED_CONTEXT((#7366,#7367,#7368)) REPRESENTATION_CONTEXT
('Context #1','3D Context with UNIT and UNCERTAINTY') );
#7366 = ( LENGTH_UNIT() NAMED_UNIT(*) SI_UNIT(.MILLI.,.METRE.) );
#7367 = ( NAMED_UNIT(*) PLANE_ANGLE_UNIT() SI_UNIT($,.RADIAN.) );
#7368 = ( NAMED_UNIT(*) SI_UNIT($,.STERADIAN.) SOLID_ANGLE_UNIT() );
#7369 = UNCERTAINTY_MEASURE_WITH_UNIT(LENGTH_MEASURE(1.E-07),#7366,
  'distance_accuracy_value','confusion accuracy');
#7370 = CONTEXT_DEPENDENT_SHAPE_REPRESENTATION(#7371,#7373);
#7371 = ( REPRESENTATION_RELATIONSHIP('','',#7266,#4856) 
REPRESENTATION_RELATIONSHIP_WITH_TRANSFORMATION(#7372) 
SHAPE_REPRESENTATION_RELATIONSHIP() );
#7372 = ITEM_DEFINED_TRANSFORMATION('','',#11,#4933);
#7373 = PRODUCT_DEFINITION_SHAPE('Placement','Placement of an item',
  #7374);
#7374 = NEXT_ASSEMBLY_USAGE_OCCURRENCE('54','=>[0:1:1:56]','',#4851,
  #7261,$);
#7375 = PRODUCT_RELATED_PRODUCT_CATEGORY('part',$,(#7263));
#7376 = SHAPE_DEFINITION_REPRESENTATION(#7377,#7383);
#7377 = PRODUCT_DEFINITION_SHAPE('','',#7378);
#7378 = PRODUCT_DEFINITION('design','',#7379,#7382);
#7379 = PRODUCT_DEFINITION_FORMATION('','',#7380);
#7380 = PRODUCT('SOLID','SOLID','',(#7381));
#7381 = PRODUCT_CONTEXT('',#2,'mechanical');
#7382 = PRODUCT_DEFINITION_CONTEXT('part definition',#2,'design');
#7383 = ADVANCED_BREP_SHAPE_REPRESENTATION('',(#11,#7384),#7482);
#7384 = MANIFOLD_SOLID_BREP('',#7385);
#7385 = CLOSED_SHELL('',(#7386,#7474,#7478));
#7386 = ADVANCED_FACE('',(#7387),#7400,.T.);
#7387 = FACE_BOUND('',#7388,.T.);
#7388 = EDGE_LOOP('',(#7389,#7423,#7446,#7473));
#7389 = ORIENTED_EDGE('',*,*,#7390,.F.);
#7390 = EDGE_CURVE('',#7391,#7391,#7393,.T.);
#7391 = VERTEX_POINT('',#7392);
#7392 = CARTESIAN_POINT('',(1.049298736173E+03,1.571848409362,
    250.17655424893));
#7393 = SURFACE_CURVE('',#7394,(#7399,#7411),.PCURVE_S1.);
#7394 = CIRCLE('',#7395,1.6);
#7395 = AXIS2_PLACEMENT_3D('',#7396,#7397,#7398);
#7396 = CARTESIAN_POINT('',(1.048999917536E+03,-7.105427357601E-15,
    250.17655424893));
#7397 = DIRECTION('',(0.981414486188,-0.186573296525,4.490001474494E-02)
  );
#7398 = DIRECTION('',(0.186761648301,0.982405255851,0.));
#7399 = PCURVE('',#7400,#7405);
#7400 = CYLINDRICAL_SURFACE('',#7401,1.6);
#7401 = AXIS2_PLACEMENT_3D('',#7402,#7403,#7404);
#7402 = CARTESIAN_POINT('',(880.67323765729,32.,242.47555684683));
#7403 = DIRECTION('',(0.981414486188,-0.186573296525,4.490001474494E-02)
  );
#7404 = DIRECTION('',(0.186761648301,0.982405255851,0.));
#7405 = DEFINITIONAL_REPRESENTATION('',(#7406),#7410);
#7406 = LINE('',#7407,#7408);
#7407 = CARTESIAN_POINT('',(0.,171.51436243055));
#7408 = VECTOR('',#7409,1.);
#7409 = DIRECTION('',(1.,0.));
#7410 = ( GEOMETRIC_REPRESENTATION_CONTEXT(2) 
PARAMETRIC_REPRESENTATION_CONTEXT() REPRESENTATION_CONTEXT('2D SPACE',''
  ) );
#7411 = PCURVE('',#7412,#7417);
#7412 = PLANE('',#7413);
#7413 = AXIS2_PLACEMENT_3D('',#7414,#7415,#7416);
#7414 = CARTESIAN_POINT('',(1.048999917536E+03,-7.105427357601E-15,
    250.17655424893));
#7415 = DIRECTION('',(0.981414486188,-0.186573296525,4.490001474494E-02)
  );
#7416 = DIRECTION('',(0.186761648301,0.982405255851,0.));
#7417 = DEFINITIONAL_REPRESENTATION('',(#7418),#7422);
#7418 = CIRCLE('',#7419,1.6);
#7419 = AXIS2_PLACEMENT_2D('',#7420,#7421);
#7420 = CARTESIAN_POINT('',(0.,0.));
#7421 = DIRECTION('',(1.,0.));
#7422 = ( GEOMETRIC_REPRESENTATION_CONTEXT(2) 
PARAMETRIC_REPRESENTATION_CONTEXT() REPRESENTATION_CONTEXT('2D SPACE',''
  ) );
#7423 = ORIENTED_EDGE('',*,*,#7424,.F.);
#7424 = EDGE_CURVE('',#7425,#7391,#7427,.T.);
#7425 = VERTEX_POINT('',#7426);
#7426 = CARTESIAN_POINT('',(880.97205629457,33.571848409362,
    242.47555684683));
#7427 = SEAM_CURVE('',#7428,(#7432,#7439),.PCURVE_S1.);
#7428 = LINE('',#7429,#7430);
#7429 = CARTESIAN_POINT('',(880.97205629457,33.571848409362,
    242.47555684683));
#7430 = VECTOR('',#7431,1.);
#7431 = DIRECTION('',(0.981414486188,-0.186573296525,4.490001474494E-02)
  );
#7432 = PCURVE('',#7400,#7433);
#7433 = DEFINITIONAL_REPRESENTATION('',(#7434),#7438);
#7434 = LINE('',#7435,#7436);
#7435 = CARTESIAN_POINT('',(6.28318530718,-0.));
#7436 = VECTOR('',#7437,1.);
#7437 = DIRECTION('',(0.,1.));
#7438 = ( GEOMETRIC_REPRESENTATION_CONTEXT(2) 
PARAMETRIC_REPRESENTATION_CONTEXT() REPRESENTATION_CONTEXT('2D SPACE',''
  ) );
#7439 = PCURVE('',#7400,#7440);
#7440 = DEFINITIONAL_REPRESENTATION('',(#7441),#7445);
#7441 = LINE('',#7442,#7443);
#7442 = CARTESIAN_POINT('',(0.,-0.));
#7443 = VECTOR('',#7444,1.);
#7444 = DIRECTION('',(0.,1.));
#7445 = ( GEOMETRIC_REPRESENTATION_CONTEXT(2) 
PARAMETRIC_REPRESENTATION_CONTEXT() REPRESENTATION_CONTEXT('2D SPACE',''
  ) );
#7446 = ORIENTED_EDGE('',*,*,#7447,.T.);
#7447 = EDGE_CURVE('',#7425,#7425,#7448,.T.);
#7448 = SURFACE_CURVE('',#7449,(#7454,#7461),.PCURVE_S1.);
#7449 = CIRCLE('',#7450,1.6);
#7450 = AXIS2_PLACEMENT_3D('',#7451,#7452,#7453);
#7451 = CARTESIAN_POINT('',(880.67323765729,32.,242.47555684683));
#7452 = DIRECTION('',(0.981414486188,-0.186573296525,4.490001474494E-02)
  );
#7453 = DIRECTION('',(0.186761648301,0.982405255851,0.));
#7454 = PCURVE('',#7400,#7455);
#7455 = DEFINITIONAL_REPRESENTATION('',(#7456),#7460);
#7456 = LINE('',#7457,#7458);
#7457 = CARTESIAN_POINT('',(0.,0.));
#7458 = VECTOR('',#7459,1.);
#7459 = DIRECTION('',(1.,0.));
#7460 = ( GEOMETRIC_REPRESENTATION_CONTEXT(2) 
PARAMETRIC_REPRESENTATION_CONTEXT() REPRESENTATION_CONTEXT('2D SPACE',''
  ) );
#7461 = PCURVE('',#7462,#7467);
#7462 = PLANE('',#7463);
#7463 = AXIS2_PLACEMENT_3D('',#7464,#7465,#7466);
#7464 = CARTESIAN_POINT('',(880.67323765729,32.,242.47555684683));
#7465 = DIRECTION('',(0.981414486188,-0.186573296525,4.490001474494E-02)
  );
#7466 = DIRECTION('',(0.186761648301,0.982405255851,0.));
#7467 = DEFINITIONAL_REPRESENTATION('',(#7468),#7472);
#7468 = CIRCLE('',#7469,1.6);
#7469 = AXIS2_PLACEMENT_2D('',#7470,#7471);
#7470 = CARTESIAN_POINT('',(0.,0.));
#7471 = DIRECTION('',(1.,0.));
#7472 = ( GEOMETRIC_REPRESENTATION_CONTEXT(2) 
PARAMETRIC_REPRESENTATION_CONTEXT() REPRESENTATION_CONTEXT('2D SPACE',''
  ) );
#7473 = ORIENTED_EDGE('',*,*,#7424,.T.);
#7474 = ADVANCED_FACE('',(#7475),#7412,.T.);
#7475 = FACE_BOUND('',#7476,.T.);
#7476 = EDGE_LOOP('',(#7477));
#7477 = ORIENTED_EDGE('',*,*,#7390,.T.);
#7478 = ADVANCED_FACE('',(#7479),#7462,.F.);
#7479 = FACE_BOUND('',#7480,.T.);
#7480 = EDGE_LOOP('',(#7481));
#7481 = ORIENTED_EDGE('',*,*,#7447,.F.);
#7482 = ( GEOMETRIC_REPRESENTATION_CONTEXT(3) 
GLOBAL_UNCERTAINTY_ASSIGNED_CONTEXT((#7486)) 
GLOBAL_UNIT_ASSIGNED_CONTEXT((#7483,#7484,#7485)) REPRESENTATION_CONTEXT
('Context #1','3D Context with UNIT and UNCERTAINTY') );
#7483 = ( LENGTH_UNIT() NAMED_UNIT(*) SI_UNIT(.MILLI.,.METRE.) );
#7484 = ( NAMED_UNIT(*) PLANE_ANGLE_UNIT() SI_UNIT($,.RADIAN.) );
#7485 = ( NAMED_UNIT(*) SI_UNIT($,.STERADIAN.) SOLID_ANGLE_UNIT() );
#7486 = UNCERTAINTY_MEASURE_WITH_UNIT(LENGTH_MEASURE(1.E-07),#7483,
  'distance_accuracy_value','confusion accuracy');
#7487 = CONTEXT_DEPENDENT_SHAPE_REPRESENTATION(#7488,#7490);
#7488 = ( REPRESENTATION_RELATIONSHIP('','',#7383,#4856) 
REPRESENTATION_RELATIONSHIP_WITH_TRANSFORMATION(#7489) 
SHAPE_REPRESENTATION_RELATIONSHIP() );
#7489 = ITEM_DEFINED_TRANSFORMATION('','',#11,#4937);
#7490 = PRODUCT_DEFINITION_SHAPE('Placement','Placement of an item',
  #7491);
#7491 = NEXT_ASSEMBLY_USAGE_OCCURRENCE('55','=>[0:1:1:57]','',#4851,
  #7378,$);
#7492 = PRODUCT_RELATED_PRODUCT_CATEGORY('part',$,(#7380));
#7493 = SHAPE_DEFINITION_REPRESENTATION(#7494,#7500);
#7494 = PRODUCT_DEFINITION_SHAPE('','',#7495);
#7495 = PRODUCT_DEFINITION('design','',#7496,#7499);
#7496 = PRODUCT_DEFINITION_FORMATION('','',#7497);
#7497 = PRODUCT('COMPOUND','COMPOUND','',(#7498));
#7498 = PRODUCT_CONTEXT('',#2,'mechanical');
#7499 = PRODUCT_DEFINITION_CONTEXT('part definition',#2,'design');
#7500 = SHAPE_REPRESENTATION('',(#11,#7501,#7505),#7509);
#7501 = AXIS2_PLACEMENT_3D('',#7502,#7503,#7504);
#7502 = CARTESIAN_POINT('',(0.,0.,0.));
#7503 = DIRECTION('',(0.,0.,1.));
#7504 = DIRECTION('',(1.,0.,-0.));
#7505 = AXIS2_PLACEMENT_3D('',#7506,#7507,#7508);
#7506 = CARTESIAN_POINT('',(0.,0.,0.));
#7507 = DIRECTION('',(0.,0.,1.));
#7508 = DIRECTION('',(1.,0.,-0.));
#7509 = ( GEOMETRIC_REPRESENTATION_CONTEXT(3) 
GLOBAL_UNCERTAINTY_ASSIGNED_CONTEXT((#7513)) 
GLOBAL_UNIT_ASSIGNED_CONTEXT((#7510,#7511,#7512)) REPRESENTATION_CONTEXT
('Context #1','3D Context with UNIT and UNCERTAINTY') );
#7510 = ( LENGTH_UNIT() NAMED_UNIT(*) SI_UNIT(.MILLI.,.METRE.) );
#7511 = ( NAMED_UNIT(*) PLANE_ANGLE_UNIT() SI_UNIT($,.RADIAN.) );
#7512 = ( NAMED_UNIT(*) SI_UNIT($,.STERADIAN.) SOLID_ANGLE_UNIT() );
#7513 = UNCERTAINTY_MEASURE_WITH_UNIT(LENGTH_MEASURE(1.E-07),#7510,
  'distance_accuracy_value','confusion accuracy');
#7514 = CONTEXT_DEPENDENT_SHAPE_REPRESENTATION(#7515,#7517);
#7515 = ( REPRESENTATION_RELATIONSHIP('','',#7500,#10) 
REPRESENTATION_RELATIONSHIP_WITH_TRANSFORMATION(#7516) 
SHAPE_REPRESENTATION_RELATIONSHIP() );
#7516 = ITEM_DEFINED_TRANSFORMATION('','',#11,#43);
#7517 = PRODUCT_DEFINITION_SHAPE('Placement','Placement of an item',
  #7518);
#7518 = NEXT_ASSEMBLY_USAGE_OCCURRENCE('80','=>[0:1:1:58]','',#5,#7495,$
  );
#7519 = PRODUCT_RELATED_PRODUCT_CATEGORY('part',$,(#7497));
#7520 = SHAPE_DEFINITION_REPRESENTATION(#7521,#7527);
#7521 = PRODUCT_DEFINITION_SHAPE('','',#7522);
#7522 = PRODUCT_DEFINITION('design','',#7523,#7526);
#7523 = PRODUCT_DEFINITION_FORMATION('','',#7524);
#7524 = PRODUCT('COMPOUND','COMPOUND','',(#7525));
#7525 = PRODUCT_CONTEXT('',#2,'mechanical');
#7526 = PRODUCT_DEFINITION_CONTEXT('part definition',#2,'design');
#7527 = SHAPE_REPRESENTATION('',(#11,#7528,#7532,#7536,#7540,#7544,#7548
    ,#7552,#7556,#7560,#7564,#7568,#7572,#7576,#7580,#7584,#7588,#7592,
    #7596,#7600,#7604,#7608),#7612);
#7528 = AXIS2_PLACEMENT_3D('',#7529,#7530,#7531);
#7529 = CARTESIAN_POINT('',(0.,0.,0.));
#7530 = DIRECTION('',(0.,0.,1.));
#7531 = DIRECTION('',(1.,0.,-0.));
#7532 = AXIS2_PLACEMENT_3D('',#7533,#7534,#7535);
#7533 = CARTESIAN_POINT('',(0.,0.,0.));
#7534 = DIRECTION('',(0.,0.,1.));
#7535 = DIRECTION('',(1.,0.,-0.));
#7536 = AXIS2_PLACEMENT_3D('',#7537,#7538,#7539);
#7537 = CARTESIAN_POINT('',(0.,0.,0.));
#7538 = DIRECTION('',(0.,0.,1.));
#7539 = DIRECTION('',(1.,0.,-0.));
#7540 = AXIS2_PLACEMENT_3D('',#7541,#7542,#7543);
#7541 = CARTESIAN_POINT('',(0.,0.,0.));
#7542 = DIRECTION('',(0.,0.,1.));
#7543 = DIRECTION('',(1.,0.,-0.));
#7544 = AXIS2_PLACEMENT_3D('',#7545,#7546,#7547);
#7545 = CARTESIAN_POINT('',(0.,0.,0.));
#7546 = DIRECTION('',(0.,0.,1.));
#7547 = DIRECTION('',(1.,0.,-0.));
#7548 = AXIS2_PLACEMENT_3D('',#7549,#7550,#7551);
#7549 = CARTESIAN_POINT('',(0.,0.,0.));
#7550 = DIRECTION('',(0.,0.,1.));
#7551 = DIRECTION('',(1.,0.,-0.));
#7552 = AXIS2_PLACEMENT_3D('',#7553,#7554,#7555);
#7553 = CARTESIAN_POINT('',(0.,0.,0.));
#7554 = DIRECTION('',(0.,0.,1.));
#7555 = DIRECTION('',(1.,0.,-0.));
#7556 = AXIS2_PLACEMENT_3D('',#7557,#7558,#7559);
#7557 = CARTESIAN_POINT('',(0.,0.,0.));
#7558 = DIRECTION('',(0.,0.,1.));
#7559 = DIRECTION('',(1.,0.,-0.));
#7560 = AXIS2_PLACEMENT_3D('',#7561,#7562,#7563);
#7561 = CARTESIAN_POINT('',(0.,0.,0.));
#7562 = DIRECTION('',(0.,0.,1.));
#7563 = DIRECTION('',(1.,0.,-0.));
#7564 = AXIS2_PLACEMENT_3D('',#7565,#7566,#7567);
#7565 = CARTESIAN_POINT('',(0.,0.,0.));
#7566 = DIRECTION('',(0.,0.,1.));
#7567 = DIRECTION('',(1.,0.,-0.));
#7568 = AXIS2_PLACEMENT_3D('',#7569,#7570,#7571);
#7569 = CARTESIAN_POINT('',(0.,0.,0.));
#7570 = DIRECTION('',(0.,0.,1.));
#7571 = DIRECTION('',(1.,0.,-0.));
#7572 = AXIS2_PLACEMENT_3D('',#7573,#7574,#7575);
#7573 = CARTESIAN_POINT('',(0.,0.,0.));
#7574 = DIRECTION('',(0.,0.,1.));
#7575 = DIRECTION('',(1.,0.,-0.));
#7576 = AXIS2_PLACEMENT_3D('',#7577,#7578,#7579);
#7577 = CARTESIAN_POINT('',(0.,0.,0.));
#7578 = DIRECTION('',(0.,0.,1.));
#7579 = DIRECTION('',(1.,0.,-0.));
#7580 = AXIS2_PLACEMENT_3D('',#7581,#7582,#7583);
#7581 = CARTESIAN_POINT('',(0.,0.,0.));
#7582 = DIRECTION('',(0.,0.,1.));
#7583 = DIRECTION('',(1.,0.,-0.));
#7584 = AXIS2_PLACEMENT_3D('',#7585,#7586,#7587);
#7585 = CARTESIAN_POINT('',(0.,0.,0.));
#7586 = DIRECTION('',(0.,0.,1.));
#7587 = DIRECTION('',(1.,0.,-0.));
#7588 = AXIS2_PLACEMENT_3D('',#7589,#7590,#7591);
#7589 = CARTESIAN_POINT('',(0.,0.,0.));
#7590 = DIRECTION('',(0.,0.,1.));
#7591 = DIRECTION('',(1.,0.,-0.));
#7592 = AXIS2_PLACEMENT_3D('',#7593,#7594,#7595);
#7593 = CARTESIAN_POINT('',(0.,0.,0.));
#7594 = DIRECTION('',(0.,0.,1.));
#7595 = DIRECTION('',(1.,0.,-0.));
#7596 = AXIS2_PLACEMENT_3D('',#7597,#7598,#7599);
#7597 = CARTESIAN_POINT('',(0.,0.,0.));
#7598 = DIRECTION('',(0.,0.,1.));
#7599 = DIRECTION('',(1.,0.,-0.));
#7600 = AXIS2_PLACEMENT_3D('',#7601,#7602,#7603);
#7601 = CARTESIAN_POINT('',(0.,0.,0.));
#7602 = DIRECTION('',(0.,0.,1.));
#7603 = DIRECTION('',(1.,0.,-0.));
#7604 = AXIS2_PLACEMENT_3D('',#7605,#7606,#7607);
#7605 = CARTESIAN_POINT('',(0.,0.,0.));
#7606 = DIRECTION('',(0.,0.,1.));
#7607 = DIRECTION('',(1.,0.,-0.));
#7608 = AXIS2_PLACEMENT_3D('',#7609,#7610,#7611);
#7609 = CARTESIAN_POINT('',(0.,0.,0.));
#7610 = DIRECTION('',(0.,0.,1.));
#7611 = DIRECTION('',(1.,0.,-0.));
#7612 = ( GEOMETRIC_REPRESENTATION_CONTEXT(3) 
GLOBAL_UNCERTAINTY_ASSIGNED_CONTEXT((#7616)) 
GLOBAL_UNIT_ASSIGNED_CONTEXT((#7613,#7614,#7615)) REPRESENTATION_CONTEXT
('Context #1','3D Context with UNIT and UNCERTAINTY') );
#7613 = ( LENGTH_UNIT() NAMED_UNIT(*) SI_UNIT(.MILLI.,.METRE.) );
#7614 = ( NAMED_UNIT(*) PLANE_ANGLE_UNIT() SI_UNIT($,.RADIAN.) );
#7615 = ( NAMED_UNIT(*) SI_UNIT($,.STERADIAN.) SOLID_ANGLE_UNIT() );
#7616 = UNCERTAINTY_MEASURE_WITH_UNIT(LENGTH_MEASURE(1.E-07),#7613,
  'distance_accuracy_value','confusion accuracy');
#7617 = CONTEXT_DEPENDENT_SHAPE_REPRESENTATION(#7618,#7620);
#7618 = ( REPRESENTATION_RELATIONSHIP('','',#7527,#7500) 
REPRESENTATION_RELATIONSHIP_WITH_TRANSFORMATION(#7619) 
SHAPE_REPRESENTATION_RELATIONSHIP() );
#7619 = ITEM_DEFINED_TRANSFORMATION('','',#11,#7501);
#7620 = PRODUCT_DEFINITION_SHAPE('Placement','Placement of an item',
  #7621);
#7621 = NEXT_ASSEMBLY_USAGE_OCCURRENCE('78','=>[0:1:1:59]','',#7495,
  #7522,$);
#7622 = PRODUCT_RELATED_PRODUCT_CATEGORY('part',$,(#7524));
#7623 = SHAPE_DEFINITION_REPRESENTATION(#7624,#7630);
#7624 = PRODUCT_DEFINITION_SHAPE('','',#7625);
#7625 = PRODUCT_DEFINITION('design','',#7626,#7629);
#7626 = PRODUCT_DEFINITION_FORMATION('','',#7627);
#7627 = PRODUCT('SOLID','SOLID','',(#7628));
#7628 = PRODUCT_CONTEXT('',#2,'mechanical');
#7629 = PRODUCT_DEFINITION_CONTEXT('part definition',#2,'design');
#7630 = ADVANCED_BREP_SHAPE_REPRESENTATION('',(#11,#7631),#7813);
#7631 = MANIFOLD_SOLID_BREP('',#7632);
#7632 = CLOSED_SHELL('',(#7633,#7721,#7756,#7786));
#7633 = ADVANCED_FACE('',(#7634),#7647,.T.);
#7634 = FACE_BOUND('',#7635,.T.);
#7635 = EDGE_LOOP('',(#7636,#7670,#7693,#7720));
#7636 = ORIENTED_EDGE('',*,*,#7637,.F.);
#7637 = EDGE_CURVE('',#7638,#7638,#7640,.T.);
#7638 = VERTEX_POINT('',#7639);
#7639 = CARTESIAN_POINT('',(-5.119023620436E-14,13.,459.));
#7640 = SURFACE_CURVE('',#7641,(#7646,#7658),.PCURVE_S1.);
#7641 = CIRCLE('',#7642,209.);
#7642 = AXIS2_PLACEMENT_3D('',#7643,#7644,#7645);
#7643 = CARTESIAN_POINT('',(0.,13.,250.));
#7644 = DIRECTION('',(0.,1.,0.));
#7645 = DIRECTION('',(0.,-0.,1.));
#7646 = PCURVE('',#7647,#7652);
#7647 = CYLINDRICAL_SURFACE('',#7648,209.);
#7648 = AXIS2_PLACEMENT_3D('',#7649,#7650,#7651);
#7649 = CARTESIAN_POINT('',(0.,-13.,250.));
#7650 = DIRECTION('',(0.,1.,0.));
#7651 = DIRECTION('',(0.,-0.,1.));
#7652 = DEFINITIONAL_REPRESENTATION('',(#7653),#7657);
#7653 = LINE('',#7654,#7655);
#7654 = CARTESIAN_POINT('',(0.,26.));
#7655 = VECTOR('',#7656,1.);
#7656 = DIRECTION('',(1.,0.));
#7657 = ( GEOMETRIC_REPRESENTATION_CONTEXT(2) 
PARAMETRIC_REPRESENTATION_CONTEXT() REPRESENTATION_CONTEXT('2D SPACE',''
  ) );
#7658 = PCURVE('',#7659,#7664);
#7659 = PLANE('',#7660);
#7660 = AXIS2_PLACEMENT_3D('',#7661,#7662,#7663);
#7661 = CARTESIAN_POINT('',(0.,13.,250.));
#7662 = DIRECTION('',(0.,1.,0.));
#7663 = DIRECTION('',(0.,-0.,1.));
#7664 = DEFINITIONAL_REPRESENTATION('',(#7665),#7669);
#7665 = CIRCLE('',#7666,209.);
#7666 = AXIS2_PLACEMENT_2D('',#7667,#7668);
#7667 = CARTESIAN_POINT('',(0.,0.));
#7668 = DIRECTION('',(1.,0.));
#7669 = ( GEOMETRIC_REPRESENTATION_CONTEXT(2) 
PARAMETRIC_REPRESENTATION_CONTEXT() REPRESENTATION_CONTEXT('2D SPACE',''
  ) );
#7670 = ORIENTED_EDGE('',*,*,#7671,.F.);
#7671 = EDGE_CURVE('',#7672,#7638,#7674,.T.);
#7672 = VERTEX_POINT('',#7673);
#7673 = CARTESIAN_POINT('',(-5.119023620436E-14,-13.,459.));
#7674 = SEAM_CURVE('',#7675,(#7679,#7686),.PCURVE_S1.);
#7675 = LINE('',#7676,#7677);
#7676 = CARTESIAN_POINT('',(-5.119023620436E-14,-13.,459.));
#7677 = VECTOR('',#7678,1.);
#7678 = DIRECTION('',(0.,1.,0.));
#7679 = PCURVE('',#7647,#7680);
#7680 = DEFINITIONAL_REPRESENTATION('',(#7681),#7685);
#7681 = LINE('',#7682,#7683);
#7682 = CARTESIAN_POINT('',(6.28318530718,-0.));
#7683 = VECTOR('',#7684,1.);
#7684 = DIRECTION('',(0.,1.));
#7685 = ( GEOMETRIC_REPRESENTATION_CONTEXT(2) 
PARAMETRIC_REPRESENTATION_CONTEXT() REPRESENTATION_CONTEXT('2D SPACE',''
  ) );
#7686 = PCURVE('',#7647,#7687);
#7687 = DEFINITIONAL_REPRESENTATION('',(#7688),#7692);
#7688 = LINE('',#7689,#7690);
#7689 = CARTESIAN_POINT('',(0.,-0.));
#7690 = VECTOR('',#7691,1.);
#7691 = DIRECTION('',(0.,1.));
#7692 = ( GEOMETRIC_REPRESENTATION_CONTEXT(2) 
PARAMETRIC_REPRESENTATION_CONTEXT() REPRESENTATION_CONTEXT('2D SPACE',''
  ) );
#7693 = ORIENTED_EDGE('',*,*,#7694,.T.);
#7694 = EDGE_CURVE('',#7672,#7672,#7695,.T.);
#7695 = SURFACE_CURVE('',#7696,(#7701,#7708),.PCURVE_S1.);
#7696 = CIRCLE('',#7697,209.);
#7697 = AXIS2_PLACEMENT_3D('',#7698,#7699,#7700);
#7698 = CARTESIAN_POINT('',(0.,-13.,250.));
#7699 = DIRECTION('',(0.,1.,0.));
#7700 = DIRECTION('',(0.,-0.,1.));
#7701 = PCURVE('',#7647,#7702);
#7702 = DEFINITIONAL_REPRESENTATION('',(#7703),#7707);
#7703 = LINE('',#7704,#7705);
#7704 = CARTESIAN_POINT('',(0.,0.));
#7705 = VECTOR('',#7706,1.);
#7706 = DIRECTION('',(1.,0.));
#7707 = ( GEOMETRIC_REPRESENTATION_CONTEXT(2) 
PARAMETRIC_REPRESENTATION_CONTEXT() REPRESENTATION_CONTEXT('2D SPACE',''
  ) );
#7708 = PCURVE('',#7709,#7714);
#7709 = PLANE('',#7710);
#7710 = AXIS2_PLACEMENT_3D('',#7711,#7712,#7713);
#7711 = CARTESIAN_POINT('',(0.,-13.,250.));
#7712 = DIRECTION('',(0.,1.,0.));
#7713 = DIRECTION('',(0.,-0.,1.));
#7714 = DEFINITIONAL_REPRESENTATION('',(#7715),#7719);
#7715 = CIRCLE('',#7716,209.);
#7716 = AXIS2_PLACEMENT_2D('',#7717,#7718);
#7717 = CARTESIAN_POINT('',(0.,0.));
#7718 = DIRECTION('',(1.,0.));
#7719 = ( GEOMETRIC_REPRESENTATION_CONTEXT(2) 
PARAMETRIC_REPRESENTATION_CONTEXT() REPRESENTATION_CONTEXT('2D SPACE',''
  ) );
#7720 = ORIENTED_EDGE('',*,*,#7671,.T.);
#7721 = ADVANCED_FACE('',(#7722,#7725),#7659,.T.);
#7722 = FACE_BOUND('',#7723,.T.);
#7723 = EDGE_LOOP('',(#7724));
#7724 = ORIENTED_EDGE('',*,*,#7637,.T.);
#7725 = FACE_BOUND('',#7726,.T.);
#7726 = EDGE_LOOP('',(#7727));
#7727 = ORIENTED_EDGE('',*,*,#7728,.F.);
#7728 = EDGE_CURVE('',#7729,#7729,#7731,.T.);
#7729 = VERTEX_POINT('',#7730);
#7730 = CARTESIAN_POINT('',(-4.629164900777E-14,13.,439.));
#7731 = SURFACE_CURVE('',#7732,(#7737,#7744),.PCURVE_S1.);
#7732 = CIRCLE('',#7733,189.);
#7733 = AXIS2_PLACEMENT_3D('',#7734,#7735,#7736);
#7734 = CARTESIAN_POINT('',(0.,13.,250.));
#7735 = DIRECTION('',(0.,1.,0.));
#7736 = DIRECTION('',(0.,-0.,1.));
#7737 = PCURVE('',#7659,#7738);
#7738 = DEFINITIONAL_REPRESENTATION('',(#7739),#7743);
#7739 = CIRCLE('',#7740,189.);
#7740 = AXIS2_PLACEMENT_2D('',#7741,#7742);
#7741 = CARTESIAN_POINT('',(0.,0.));
#7742 = DIRECTION('',(1.,0.));
#7743 = ( GEOMETRIC_REPRESENTATION_CONTEXT(2) 
PARAMETRIC_REPRESENTATION_CONTEXT() REPRESENTATION_CONTEXT('2D SPACE',''
  ) );
#7744 = PCURVE('',#7745,#7750);
#7745 = CYLINDRICAL_SURFACE('',#7746,189.);
#7746 = AXIS2_PLACEMENT_3D('',#7747,#7748,#7749);
#7747 = CARTESIAN_POINT('',(0.,-13.,250.));
#7748 = DIRECTION('',(0.,1.,0.));
#7749 = DIRECTION('',(0.,-0.,1.));
#7750 = DEFINITIONAL_REPRESENTATION('',(#7751),#7755);
#7751 = LINE('',#7752,#7753);
#7752 = CARTESIAN_POINT('',(0.,26.));
#7753 = VECTOR('',#7754,1.);
#7754 = DIRECTION('',(1.,0.));
#7755 = ( GEOMETRIC_REPRESENTATION_CONTEXT(2) 
PARAMETRIC_REPRESENTATION_CONTEXT() REPRESENTATION_CONTEXT('2D SPACE',''
  ) );
#7756 = ADVANCED_FACE('',(#7757,#7760),#7709,.F.);
#7757 = FACE_BOUND('',#7758,.F.);
#7758 = EDGE_LOOP('',(#7759));
#7759 = ORIENTED_EDGE('',*,*,#7694,.T.);
#7760 = FACE_BOUND('',#7761,.F.);
#7761 = EDGE_LOOP('',(#7762));
#7762 = ORIENTED_EDGE('',*,*,#7763,.F.);
#7763 = EDGE_CURVE('',#7764,#7764,#7766,.T.);
#7764 = VERTEX_POINT('',#7765);
#7765 = CARTESIAN_POINT('',(-4.629164900777E-14,-13.,439.));
#7766 = SURFACE_CURVE('',#7767,(#7772,#7779),.PCURVE_S1.);
#7767 = CIRCLE('',#7768,189.);
#7768 = AXIS2_PLACEMENT_3D('',#7769,#7770,#7771);
#7769 = CARTESIAN_POINT('',(0.,-13.,250.));
#7770 = DIRECTION('',(0.,1.,0.));
#7771 = DIRECTION('',(0.,-0.,1.));
#7772 = PCURVE('',#7709,#7773);
#7773 = DEFINITIONAL_REPRESENTATION('',(#7774),#7778);
#7774 = CIRCLE('',#7775,189.);
#7775 = AXIS2_PLACEMENT_2D('',#7776,#7777);
#7776 = CARTESIAN_POINT('',(0.,0.));
#7777 = DIRECTION('',(1.,0.));
#7778 = ( GEOMETRIC_REPRESENTATION_CONTEXT(2) 
PARAMETRIC_REPRESENTATION_CONTEXT() REPRESENTATION_CONTEXT('2D SPACE',''
  ) );
#7779 = PCURVE('',#7745,#7780);
#7780 = DEFINITIONAL_REPRESENTATION('',(#7781),#7785);
#7781 = LINE('',#7782,#7783);
#7782 = CARTESIAN_POINT('',(0.,0.));
#7783 = VECTOR('',#7784,1.);
#7784 = DIRECTION('',(1.,0.));
#7785 = ( GEOMETRIC_REPRESENTATION_CONTEXT(2) 
PARAMETRIC_REPRESENTATION_CONTEXT() REPRESENTATION_CONTEXT('2D SPACE',''
  ) );
#7786 = ADVANCED_FACE('',(#7787),#7745,.F.);
#7787 = FACE_BOUND('',#7788,.F.);
#7788 = EDGE_LOOP('',(#7789,#7790,#7811,#7812));
#7789 = ORIENTED_EDGE('',*,*,#7728,.F.);
#7790 = ORIENTED_EDGE('',*,*,#7791,.F.);
#7791 = EDGE_CURVE('',#7764,#7729,#7792,.T.);
#7792 = SEAM_CURVE('',#7793,(#7797,#7804),.PCURVE_S1.);
#7793 = LINE('',#7794,#7795);
#7794 = CARTESIAN_POINT('',(-4.629164900777E-14,-13.,439.));
#7795 = VECTOR('',#7796,1.);
#7796 = DIRECTION('',(0.,1.,0.));
#7797 = PCURVE('',#7745,#7798);
#7798 = DEFINITIONAL_REPRESENTATION('',(#7799),#7803);
#7799 = LINE('',#7800,#7801);
#7800 = CARTESIAN_POINT('',(6.28318530718,-0.));
#7801 = VECTOR('',#7802,1.);
#7802 = DIRECTION('',(0.,1.));
#7803 = ( GEOMETRIC_REPRESENTATION_CONTEXT(2) 
PARAMETRIC_REPRESENTATION_CONTEXT() REPRESENTATION_CONTEXT('2D SPACE',''
  ) );
#7804 = PCURVE('',#7745,#7805);
#7805 = DEFINITIONAL_REPRESENTATION('',(#7806),#7810);
#7806 = LINE('',#7807,#7808);
#7807 = CARTESIAN_POINT('',(0.,-0.));
#7808 = VECTOR('',#7809,1.);
#7809 = DIRECTION('',(0.,1.));
#7810 = ( GEOMETRIC_REPRESENTATION_CONTEXT(2) 
PARAMETRIC_REPRESENTATION_CONTEXT() REPRESENTATION_CONTEXT('2D SPACE',''
  ) );
#7811 = ORIENTED_EDGE('',*,*,#7763,.T.);
#7812 = ORIENTED_EDGE('',*,*,#7791,.T.);
#7813 = ( GEOMETRIC_REPRESENTATION_CONTEXT(3) 
GLOBAL_UNCERTAINTY_ASSIGNED_CONTEXT((#7817)) 
GLOBAL_UNIT_ASSIGNED_CONTEXT((#7814,#7815,#7816)) REPRESENTATION_CONTEXT
('Context #1','3D Context with UNIT and UNCERTAINTY') );
#7814 = ( LENGTH_UNIT() NAMED_UNIT(*) SI_UNIT(.MILLI.,.METRE.) );
#7815 = ( NAMED_UNIT(*) PLANE_ANGLE_UNIT() SI_UNIT($,.RADIAN.) );
#7816 = ( NAMED_UNIT(*) SI_UNIT($,.STERADIAN.) SOLID_ANGLE_UNIT() );
#7817 = UNCERTAINTY_MEASURE_WITH_UNIT(LENGTH_MEASURE(1.E-07),#7814,
  'distance_accuracy_value','confusion accuracy');
#7818 = CONTEXT_DEPENDENT_SHAPE_REPRESENTATION(#7819,#7821);
#7819 = ( REPRESENTATION_RELATIONSHIP('','',#7630,#7527) 
REPRESENTATION_RELATIONSHIP_WITH_TRANSFORMATION(#7820) 
SHAPE_REPRESENTATION_RELATIONSHIP() );
#7820 = ITEM_DEFINED_TRANSFORMATION('','',#11,#7528);
#7821 = PRODUCT_DEFINITION_SHAPE('Placement','Placement of an item',
  #7822);
#7822 = NEXT_ASSEMBLY_USAGE_OCCURRENCE('57','=>[0:1:1:60]','',#7522,
  #7625,$);
#7823 = PRODUCT_RELATED_PRODUCT_CATEGORY('part',$,(#7627));
#7824 = SHAPE_DEFINITION_REPRESENTATION(#7825,#7831);
#7825 = PRODUCT_DEFINITION_SHAPE('','',#7826);
#7826 = PRODUCT_DEFINITION('design','',#7827,#7830);
#7827 = PRODUCT_DEFINITION_FORMATION('','',#7828);
#7828 = PRODUCT('SOLID','SOLID','',(#7829));
#7829 = PRODUCT_CONTEXT('',#2,'mechanical');
#7830 = PRODUCT_DEFINITION_CONTEXT('part definition',#2,'design');
#7831 = ADVANCED_BREP_SHAPE_REPRESENTATION('',(#11,#7832),#7930);
#7832 = MANIFOLD_SOLID_BREP('',#7833);
#7833 = CLOSED_SHELL('',(#7834,#7922,#7926));
#7834 = ADVANCED_FACE('',(#7835),#7848,.T.);
#7835 = FACE_BOUND('',#7836,.T.);
#7836 = EDGE_LOOP('',(#7837,#7871,#7894,#7921));
#7837 = ORIENTED_EDGE('',*,*,#7838,.F.);
#7838 = EDGE_CURVE('',#7839,#7839,#7841,.T.);
#7839 = VERTEX_POINT('',#7840);
#7840 = CARTESIAN_POINT('',(-7.837739514543E-15,55.,282.));
#7841 = SURFACE_CURVE('',#7842,(#7847,#7859),.PCURVE_S1.);
#7842 = CIRCLE('',#7843,32.);
#7843 = AXIS2_PLACEMENT_3D('',#7844,#7845,#7846);
#7844 = CARTESIAN_POINT('',(0.,55.,250.));
#7845 = DIRECTION('',(0.,1.,0.));
#7846 = DIRECTION('',(0.,-0.,1.));
#7847 = PCURVE('',#7848,#7853);
#7848 = CYLINDRICAL_SURFACE('',#7849,32.);
#7849 = AXIS2_PLACEMENT_3D('',#7850,#7851,#7852);
#7850 = CARTESIAN_POINT('',(0.,-55.,250.));
#7851 = DIRECTION('',(0.,1.,0.));
#7852 = DIRECTION('',(0.,-0.,1.));
#7853 = DEFINITIONAL_REPRESENTATION('',(#7854),#7858);
#7854 = LINE('',#7855,#7856);
#7855 = CARTESIAN_POINT('',(0.,110.));
#7856 = VECTOR('',#7857,1.);
#7857 = DIRECTION('',(1.,0.));
#7858 = ( GEOMETRIC_REPRESENTATION_CONTEXT(2) 
PARAMETRIC_REPRESENTATION_CONTEXT() REPRESENTATION_CONTEXT('2D SPACE',''
  ) );
#7859 = PCURVE('',#7860,#7865);
#7860 = PLANE('',#7861);
#7861 = AXIS2_PLACEMENT_3D('',#7862,#7863,#7864);
#7862 = CARTESIAN_POINT('',(0.,55.,250.));
#7863 = DIRECTION('',(0.,1.,0.));
#7864 = DIRECTION('',(0.,-0.,1.));
#7865 = DEFINITIONAL_REPRESENTATION('',(#7866),#7870);
#7866 = CIRCLE('',#7867,32.);
#7867 = AXIS2_PLACEMENT_2D('',#7868,#7869);
#7868 = CARTESIAN_POINT('',(0.,0.));
#7869 = DIRECTION('',(1.,0.));
#7870 = ( GEOMETRIC_REPRESENTATION_CONTEXT(2) 
PARAMETRIC_REPRESENTATION_CONTEXT() REPRESENTATION_CONTEXT('2D SPACE',''
  ) );
#7871 = ORIENTED_EDGE('',*,*,#7872,.F.);
#7872 = EDGE_CURVE('',#7873,#7839,#7875,.T.);
#7873 = VERTEX_POINT('',#7874);
#7874 = CARTESIAN_POINT('',(-7.837739514543E-15,-55.,282.));
#7875 = SEAM_CURVE('',#7876,(#7880,#7887),.PCURVE_S1.);
#7876 = LINE('',#7877,#7878);
#7877 = CARTESIAN_POINT('',(-7.837739514543E-15,-55.,282.));
#7878 = VECTOR('',#7879,1.);
#7879 = DIRECTION('',(0.,1.,0.));
#7880 = PCURVE('',#7848,#7881);
#7881 = DEFINITIONAL_REPRESENTATION('',(#7882),#7886);
#7882 = LINE('',#7883,#7884);
#7883 = CARTESIAN_POINT('',(6.28318530718,-0.));
#7884 = VECTOR('',#7885,1.);
#7885 = DIRECTION('',(0.,1.));
#7886 = ( GEOMETRIC_REPRESENTATION_CONTEXT(2) 
PARAMETRIC_REPRESENTATION_CONTEXT() REPRESENTATION_CONTEXT('2D SPACE',''
  ) );
#7887 = PCURVE('',#7848,#7888);
#7888 = DEFINITIONAL_REPRESENTATION('',(#7889),#7893);
#7889 = LINE('',#7890,#7891);
#7890 = CARTESIAN_POINT('',(0.,-0.));
#7891 = VECTOR('',#7892,1.);
#7892 = DIRECTION('',(0.,1.));
#7893 = ( GEOMETRIC_REPRESENTATION_CONTEXT(2) 
PARAMETRIC_REPRESENTATION_CONTEXT() REPRESENTATION_CONTEXT('2D SPACE',''
  ) );
#7894 = ORIENTED_EDGE('',*,*,#7895,.T.);
#7895 = EDGE_CURVE('',#7873,#7873,#7896,.T.);
#7896 = SURFACE_CURVE('',#7897,(#7902,#7909),.PCURVE_S1.);
#7897 = CIRCLE('',#7898,32.);
#7898 = AXIS2_PLACEMENT_3D('',#7899,#7900,#7901);
#7899 = CARTESIAN_POINT('',(0.,-55.,250.));
#7900 = DIRECTION('',(0.,1.,0.));
#7901 = DIRECTION('',(0.,-0.,1.));
#7902 = PCURVE('',#7848,#7903);
#7903 = DEFINITIONAL_REPRESENTATION('',(#7904),#7908);
#7904 = LINE('',#7905,#7906);
#7905 = CARTESIAN_POINT('',(0.,0.));
#7906 = VECTOR('',#7907,1.);
#7907 = DIRECTION('',(1.,0.));
#7908 = ( GEOMETRIC_REPRESENTATION_CONTEXT(2) 
PARAMETRIC_REPRESENTATION_CONTEXT() REPRESENTATION_CONTEXT('2D SPACE',''
  ) );
#7909 = PCURVE('',#7910,#7915);
#7910 = PLANE('',#7911);
#7911 = AXIS2_PLACEMENT_3D('',#7912,#7913,#7914);
#7912 = CARTESIAN_POINT('',(0.,-55.,250.));
#7913 = DIRECTION('',(0.,1.,0.));
#7914 = DIRECTION('',(0.,-0.,1.));
#7915 = DEFINITIONAL_REPRESENTATION('',(#7916),#7920);
#7916 = CIRCLE('',#7917,32.);
#7917 = AXIS2_PLACEMENT_2D('',#7918,#7919);
#7918 = CARTESIAN_POINT('',(0.,0.));
#7919 = DIRECTION('',(1.,0.));
#7920 = ( GEOMETRIC_REPRESENTATION_CONTEXT(2) 
PARAMETRIC_REPRESENTATION_CONTEXT() REPRESENTATION_CONTEXT('2D SPACE',''
  ) );
#7921 = ORIENTED_EDGE('',*,*,#7872,.T.);
#7922 = ADVANCED_FACE('',(#7923),#7860,.T.);
#7923 = FACE_BOUND('',#7924,.T.);
#7924 = EDGE_LOOP('',(#7925));
#7925 = ORIENTED_EDGE('',*,*,#7838,.T.);
#7926 = ADVANCED_FACE('',(#7927),#7910,.F.);
#7927 = FACE_BOUND('',#7928,.T.);
#7928 = EDGE_LOOP('',(#7929));
#7929 = ORIENTED_EDGE('',*,*,#7895,.F.);
#7930 = ( GEOMETRIC_REPRESENTATION_CONTEXT(3) 
GLOBAL_UNCERTAINTY_ASSIGNED_CONTEXT((#7934)) 
GLOBAL_UNIT_ASSIGNED_CONTEXT((#7931,#7932,#7933)) REPRESENTATION_CONTEXT
('Context #1','3D Context with UNIT and UNCERTAINTY') );
#7931 = ( LENGTH_UNIT() NAMED_UNIT(*) SI_UNIT(.MILLI.,.METRE.) );
#7932 = ( NAMED_UNIT(*) PLANE_ANGLE_UNIT() SI_UNIT($,.RADIAN.) );
#7933 = ( NAMED_UNIT(*) SI_UNIT($,.STERADIAN.) SOLID_ANGLE_UNIT() );
#7934 = UNCERTAINTY_MEASURE_WITH_UNIT(LENGTH_MEASURE(1.E-07),#7931,
  'distance_accuracy_value','confusion accuracy');
#7935 = CONTEXT_DEPENDENT_SHAPE_REPRESENTATION(#7936,#7938);
#7936 = ( REPRESENTATION_RELATIONSHIP('','',#7831,#7527) 
REPRESENTATION_RELATIONSHIP_WITH_TRANSFORMATION(#7937) 
SHAPE_REPRESENTATION_RELATIONSHIP() );
#7937 = ITEM_DEFINED_TRANSFORMATION('','',#11,#7532);
#7938 = PRODUCT_DEFINITION_SHAPE('Placement','Placement of an item',
  #7939);
#7939 = NEXT_ASSEMBLY_USAGE_OCCURRENCE('58','=>[0:1:1:61]','',#7522,
  #7826,$);
#7940 = PRODUCT_RELATED_PRODUCT_CATEGORY('part',$,(#7828));
#7941 = SHAPE_DEFINITION_REPRESENTATION(#7942,#7948);
#7942 = PRODUCT_DEFINITION_SHAPE('','',#7943);
#7943 = PRODUCT_DEFINITION('design','',#7944,#7947);
#7944 = PRODUCT_DEFINITION_FORMATION('','',#7945);
#7945 = PRODUCT('SOLID','SOLID','',(#7946));
#7946 = PRODUCT_CONTEXT('',#2,'mechanical');
#7947 = PRODUCT_DEFINITION_CONTEXT('part definition',#2,'design');
#7948 = ADVANCED_BREP_SHAPE_REPRESENTATION('',(#11,#7949),#8047);
#7949 = MANIFOLD_SOLID_BREP('',#7950);
#7950 = CLOSED_SHELL('',(#7951,#8039,#8043));
#7951 = ADVANCED_FACE('',(#7952),#7965,.T.);
#7952 = FACE_BOUND('',#7953,.T.);
#7953 = EDGE_LOOP('',(#7954,#7988,#8011,#8038));
#7954 = ORIENTED_EDGE('',*,*,#7955,.F.);
#7955 = EDGE_CURVE('',#7956,#7956,#7958,.T.);
#7956 = VERTEX_POINT('',#7957);
#7957 = CARTESIAN_POINT('',(-1.469576158977E-15,70.,256.));
#7958 = SURFACE_CURVE('',#7959,(#7964,#7976),.PCURVE_S1.);
#7959 = CIRCLE('',#7960,6.);
#7960 = AXIS2_PLACEMENT_3D('',#7961,#7962,#7963);
#7961 = CARTESIAN_POINT('',(0.,70.,250.));
#7962 = DIRECTION('',(0.,1.,0.));
#7963 = DIRECTION('',(0.,-0.,1.));
#7964 = PCURVE('',#7965,#7970);
#7965 = CYLINDRICAL_SURFACE('',#7966,6.);
#7966 = AXIS2_PLACEMENT_3D('',#7967,#7968,#7969);
#7967 = CARTESIAN_POINT('',(0.,-70.,250.));
#7968 = DIRECTION('',(0.,1.,0.));
#7969 = DIRECTION('',(0.,-0.,1.));
#7970 = DEFINITIONAL_REPRESENTATION('',(#7971),#7975);
#7971 = LINE('',#7972,#7973);
#7972 = CARTESIAN_POINT('',(0.,140.));
#7973 = VECTOR('',#7974,1.);
#7974 = DIRECTION('',(1.,0.));
#7975 = ( GEOMETRIC_REPRESENTATION_CONTEXT(2) 
PARAMETRIC_REPRESENTATION_CONTEXT() REPRESENTATION_CONTEXT('2D SPACE',''
  ) );
#7976 = PCURVE('',#7977,#7982);
#7977 = PLANE('',#7978);
#7978 = AXIS2_PLACEMENT_3D('',#7979,#7980,#7981);
#7979 = CARTESIAN_POINT('',(0.,70.,250.));
#7980 = DIRECTION('',(0.,1.,0.));
#7981 = DIRECTION('',(0.,-0.,1.));
#7982 = DEFINITIONAL_REPRESENTATION('',(#7983),#7987);
#7983 = CIRCLE('',#7984,6.);
#7984 = AXIS2_PLACEMENT_2D('',#7985,#7986);
#7985 = CARTESIAN_POINT('',(0.,0.));
#7986 = DIRECTION('',(1.,0.));
#7987 = ( GEOMETRIC_REPRESENTATION_CONTEXT(2) 
PARAMETRIC_REPRESENTATION_CONTEXT() REPRESENTATION_CONTEXT('2D SPACE',''
  ) );
#7988 = ORIENTED_EDGE('',*,*,#7989,.F.);
#7989 = EDGE_CURVE('',#7990,#7956,#7992,.T.);
#7990 = VERTEX_POINT('',#7991);
#7991 = CARTESIAN_POINT('',(-1.469576158977E-15,-70.,256.));
#7992 = SEAM_CURVE('',#7993,(#7997,#8004),.PCURVE_S1.);
#7993 = LINE('',#7994,#7995);
#7994 = CARTESIAN_POINT('',(-1.469576158977E-15,-70.,256.));
#7995 = VECTOR('',#7996,1.);
#7996 = DIRECTION('',(0.,1.,0.));
#7997 = PCURVE('',#7965,#7998);
#7998 = DEFINITIONAL_REPRESENTATION('',(#7999),#8003);
#7999 = LINE('',#8000,#8001);
#8000 = CARTESIAN_POINT('',(6.28318530718,-0.));
#8001 = VECTOR('',#8002,1.);
#8002 = DIRECTION('',(0.,1.));
#8003 = ( GEOMETRIC_REPRESENTATION_CONTEXT(2) 
PARAMETRIC_REPRESENTATION_CONTEXT() REPRESENTATION_CONTEXT('2D SPACE',''
  ) );
#8004 = PCURVE('',#7965,#8005);
#8005 = DEFINITIONAL_REPRESENTATION('',(#8006),#8010);
#8006 = LINE('',#8007,#8008);
#8007 = CARTESIAN_POINT('',(0.,-0.));
#8008 = VECTOR('',#8009,1.);
#8009 = DIRECTION('',(0.,1.));
#8010 = ( GEOMETRIC_REPRESENTATION_CONTEXT(2) 
PARAMETRIC_REPRESENTATION_CONTEXT() REPRESENTATION_CONTEXT('2D SPACE',''
  ) );
#8011 = ORIENTED_EDGE('',*,*,#8012,.T.);
#8012 = EDGE_CURVE('',#7990,#7990,#8013,.T.);
#8013 = SURFACE_CURVE('',#8014,(#8019,#8026),.PCURVE_S1.);
#8014 = CIRCLE('',#8015,6.);
#8015 = AXIS2_PLACEMENT_3D('',#8016,#8017,#8018);
#8016 = CARTESIAN_POINT('',(0.,-70.,250.));
#8017 = DIRECTION('',(0.,1.,0.));
#8018 = DIRECTION('',(0.,-0.,1.));
#8019 = PCURVE('',#7965,#8020);
#8020 = DEFINITIONAL_REPRESENTATION('',(#8021),#8025);
#8021 = LINE('',#8022,#8023);
#8022 = CARTESIAN_POINT('',(0.,0.));
#8023 = VECTOR('',#8024,1.);
#8024 = DIRECTION('',(1.,0.));
#8025 = ( GEOMETRIC_REPRESENTATION_CONTEXT(2) 
PARAMETRIC_REPRESENTATION_CONTEXT() REPRESENTATION_CONTEXT('2D SPACE',''
  ) );
#8026 = PCURVE('',#8027,#8032);
#8027 = PLANE('',#8028);
#8028 = AXIS2_PLACEMENT_3D('',#8029,#8030,#8031);
#8029 = CARTESIAN_POINT('',(0.,-70.,250.));
#8030 = DIRECTION('',(0.,1.,0.));
#8031 = DIRECTION('',(0.,-0.,1.));
#8032 = DEFINITIONAL_REPRESENTATION('',(#8033),#8037);
#8033 = CIRCLE('',#8034,6.);
#8034 = AXIS2_PLACEMENT_2D('',#8035,#8036);
#8035 = CARTESIAN_POINT('',(0.,0.));
#8036 = DIRECTION('',(1.,0.));
#8037 = ( GEOMETRIC_REPRESENTATION_CONTEXT(2) 
PARAMETRIC_REPRESENTATION_CONTEXT() REPRESENTATION_CONTEXT('2D SPACE',''
  ) );
#8038 = ORIENTED_EDGE('',*,*,#7989,.T.);
#8039 = ADVANCED_FACE('',(#8040),#7977,.T.);
#8040 = FACE_BOUND('',#8041,.T.);
#8041 = EDGE_LOOP('',(#8042));
#8042 = ORIENTED_EDGE('',*,*,#7955,.T.);
#8043 = ADVANCED_FACE('',(#8044),#8027,.F.);
#8044 = FACE_BOUND('',#8045,.T.);
#8045 = EDGE_LOOP('',(#8046));
#8046 = ORIENTED_EDGE('',*,*,#8012,.F.);
#8047 = ( GEOMETRIC_REPRESENTATION_CONTEXT(3) 
GLOBAL_UNCERTAINTY_ASSIGNED_CONTEXT((#8051)) 
GLOBAL_UNIT_ASSIGNED_CONTEXT((#8048,#8049,#8050)) REPRESENTATION_CONTEXT
('Context #1','3D Context with UNIT and UNCERTAINTY') );
#8048 = ( LENGTH_UNIT() NAMED_UNIT(*) SI_UNIT(.MILLI.,.METRE.) );
#8049 = ( NAMED_UNIT(*) PLANE_ANGLE_UNIT() SI_UNIT($,.RADIAN.) );
#8050 = ( NAMED_UNIT(*) SI_UNIT($,.STERADIAN.) SOLID_ANGLE_UNIT() );
#8051 = UNCERTAINTY_MEASURE_WITH_UNIT(LENGTH_MEASURE(1.E-07),#8048,
  'distance_accuracy_value','confusion accuracy');
#8052 = CONTEXT_DEPENDENT_SHAPE_REPRESENTATION(#8053,#8055);
#8053 = ( REPRESENTATION_RELATIONSHIP('','',#7948,#7527) 
REPRESENTATION_RELATIONSHIP_WITH_TRANSFORMATION(#8054) 
SHAPE_REPRESENTATION_RELATIONSHIP() );
#8054 = ITEM_DEFINED_TRANSFORMATION('','',#11,#7536);
#8055 = PRODUCT_DEFINITION_SHAPE('Placement','Placement of an item',
  #8056);
#8056 = NEXT_ASSEMBLY_USAGE_OCCURRENCE('59','=>[0:1:1:62]','',#7522,
  #7943,$);
#8057 = PRODUCT_RELATED_PRODUCT_CATEGORY('part',$,(#7945));
#8058 = SHAPE_DEFINITION_REPRESENTATION(#8059,#8065);
#8059 = PRODUCT_DEFINITION_SHAPE('','',#8060);
#8060 = PRODUCT_DEFINITION('design','',#8061,#8064);
#8061 = PRODUCT_DEFINITION_FORMATION('','',#8062);
#8062 = PRODUCT('SOLID','SOLID','',(#8063));
#8063 = PRODUCT_CONTEXT('',#2,'mechanical');
#8064 = PRODUCT_DEFINITION_CONTEXT('part definition',#2,'design');
#8065 = ADVANCED_BREP_SHAPE_REPRESENTATION('',(#11,#8066),#8164);
#8066 = MANIFOLD_SOLID_BREP('',#8067);
#8067 = CLOSED_SHELL('',(#8068,#8156,#8160));
#8068 = ADVANCED_FACE('',(#8069),#8082,.T.);
#8069 = FACE_BOUND('',#8070,.T.);
#8070 = EDGE_LOOP('',(#8071,#8105,#8128,#8155));
#8071 = ORIENTED_EDGE('',*,*,#8072,.F.);
#8072 = EDGE_CURVE('',#8073,#8073,#8075,.T.);
#8073 = VERTEX_POINT('',#8074);
#8074 = CARTESIAN_POINT('',(176.89059319031,-5.597851374828E-15,
    316.26932676856));
#8075 = SURFACE_CURVE('',#8076,(#8081,#8093),.PCURVE_S1.);
#8076 = CIRCLE('',#8077,1.6);
#8077 = AXIS2_PLACEMENT_3D('',#8078,#8079,#8080);
#8078 = CARTESIAN_POINT('',(177.54144272815,0.,314.80768560908));
#8079 = DIRECTION('',(0.880561030719,0.266210672544,0.392102217545));
#8080 = DIRECTION('',(-0.406780961153,1.387778780781E-17,0.913525724675)
  );
#8081 = PCURVE('',#8082,#8087);
#8082 = CYLINDRICAL_SURFACE('',#8083,1.6);
#8083 = AXIS2_PLACEMENT_3D('',#8084,#8085,#8086);
#8084 = CARTESIAN_POINT('',(32.,-44.,250.));
#8085 = DIRECTION('',(0.880561030719,0.266210672544,0.392102217545));
#8086 = DIRECTION('',(-0.406780961153,1.387778780781E-17,0.913525724675)
  );
#8087 = DEFINITIONAL_REPRESENTATION('',(#8088),#8092);
#8088 = LINE('',#8089,#8090);
#8089 = CARTESIAN_POINT('',(0.,165.28262965417));
#8090 = VECTOR('',#8091,1.);
#8091 = DIRECTION('',(1.,0.));
#8092 = ( GEOMETRIC_REPRESENTATION_CONTEXT(2) 
PARAMETRIC_REPRESENTATION_CONTEXT() REPRESENTATION_CONTEXT('2D SPACE',''
  ) );
#8093 = PCURVE('',#8094,#8099);
#8094 = PLANE('',#8095);
#8095 = AXIS2_PLACEMENT_3D('',#8096,#8097,#8098);
#8096 = CARTESIAN_POINT('',(177.54144272815,0.,314.80768560908));
#8097 = DIRECTION('',(0.880561030719,0.266210672544,0.392102217545));
#8098 = DIRECTION('',(-0.406780961153,1.387778780781E-17,0.913525724675)
  );
#8099 = DEFINITIONAL_REPRESENTATION('',(#8100),#8104);
#8100 = CIRCLE('',#8101,1.6);
#8101 = AXIS2_PLACEMENT_2D('',#8102,#8103);
#8102 = CARTESIAN_POINT('',(0.,0.));
#8103 = DIRECTION('',(1.,0.));
#8104 = ( GEOMETRIC_REPRESENTATION_CONTEXT(2) 
PARAMETRIC_REPRESENTATION_CONTEXT() REPRESENTATION_CONTEXT('2D SPACE',''
  ) );
#8105 = ORIENTED_EDGE('',*,*,#8106,.F.);
#8106 = EDGE_CURVE('',#8107,#8073,#8109,.T.);
#8107 = VERTEX_POINT('',#8108);
#8108 = CARTESIAN_POINT('',(31.349150462155,-44.,251.46164115948));
#8109 = SEAM_CURVE('',#8110,(#8114,#8121),.PCURVE_S1.);
#8110 = LINE('',#8111,#8112);
#8111 = CARTESIAN_POINT('',(31.349150462155,-44.,251.46164115948));
#8112 = VECTOR('',#8113,1.);
#8113 = DIRECTION('',(0.880561030719,0.266210672544,0.392102217545));
#8114 = PCURVE('',#8082,#8115);
#8115 = DEFINITIONAL_REPRESENTATION('',(#8116),#8120);
#8116 = LINE('',#8117,#8118);
#8117 = CARTESIAN_POINT('',(6.28318530718,-0.));
#8118 = VECTOR('',#8119,1.);
#8119 = DIRECTION('',(0.,1.));
#8120 = ( GEOMETRIC_REPRESENTATION_CONTEXT(2) 
PARAMETRIC_REPRESENTATION_CONTEXT() REPRESENTATION_CONTEXT('2D SPACE',''
  ) );
#8121 = PCURVE('',#8082,#8122);
#8122 = DEFINITIONAL_REPRESENTATION('',(#8123),#8127);
#8123 = LINE('',#8124,#8125);
#8124 = CARTESIAN_POINT('',(0.,-0.));
#8125 = VECTOR('',#8126,1.);
#8126 = DIRECTION('',(0.,1.));
#8127 = ( GEOMETRIC_REPRESENTATION_CONTEXT(2) 
PARAMETRIC_REPRESENTATION_CONTEXT() REPRESENTATION_CONTEXT('2D SPACE',''
  ) );
#8128 = ORIENTED_EDGE('',*,*,#8129,.T.);
#8129 = EDGE_CURVE('',#8107,#8107,#8130,.T.);
#8130 = SURFACE_CURVE('',#8131,(#8136,#8143),.PCURVE_S1.);
#8131 = CIRCLE('',#8132,1.6);
#8132 = AXIS2_PLACEMENT_3D('',#8133,#8134,#8135);
#8133 = CARTESIAN_POINT('',(32.,-44.,250.));
#8134 = DIRECTION('',(0.880561030719,0.266210672544,0.392102217545));
#8135 = DIRECTION('',(-0.406780961153,1.387778780781E-17,0.913525724675)
  );
#8136 = PCURVE('',#8082,#8137);
#8137 = DEFINITIONAL_REPRESENTATION('',(#8138),#8142);
#8138 = LINE('',#8139,#8140);
#8139 = CARTESIAN_POINT('',(0.,0.));
#8140 = VECTOR('',#8141,1.);
#8141 = DIRECTION('',(1.,0.));
#8142 = ( GEOMETRIC_REPRESENTATION_CONTEXT(2) 
PARAMETRIC_REPRESENTATION_CONTEXT() REPRESENTATION_CONTEXT('2D SPACE',''
  ) );
#8143 = PCURVE('',#8144,#8149);
#8144 = PLANE('',#8145);
#8145 = AXIS2_PLACEMENT_3D('',#8146,#8147,#8148);
#8146 = CARTESIAN_POINT('',(32.,-44.,250.));
#8147 = DIRECTION('',(0.880561030719,0.266210672544,0.392102217545));
#8148 = DIRECTION('',(-0.406780961153,1.387778780781E-17,0.913525724675)
  );
#8149 = DEFINITIONAL_REPRESENTATION('',(#8150),#8154);
#8150 = CIRCLE('',#8151,1.6);
#8151 = AXIS2_PLACEMENT_2D('',#8152,#8153);
#8152 = CARTESIAN_POINT('',(0.,0.));
#8153 = DIRECTION('',(1.,0.));
#8154 = ( GEOMETRIC_REPRESENTATION_CONTEXT(2) 
PARAMETRIC_REPRESENTATION_CONTEXT() REPRESENTATION_CONTEXT('2D SPACE',''
  ) );
#8155 = ORIENTED_EDGE('',*,*,#8106,.T.);
#8156 = ADVANCED_FACE('',(#8157),#8094,.T.);
#8157 = FACE_BOUND('',#8158,.T.);
#8158 = EDGE_LOOP('',(#8159));
#8159 = ORIENTED_EDGE('',*,*,#8072,.T.);
#8160 = ADVANCED_FACE('',(#8161),#8144,.F.);
#8161 = FACE_BOUND('',#8162,.T.);
#8162 = EDGE_LOOP('',(#8163));
#8163 = ORIENTED_EDGE('',*,*,#8129,.F.);
#8164 = ( GEOMETRIC_REPRESENTATION_CONTEXT(3) 
GLOBAL_UNCERTAINTY_ASSIGNED_CONTEXT((#8168)) 
GLOBAL_UNIT_ASSIGNED_CONTEXT((#8165,#8166,#8167)) REPRESENTATION_CONTEXT
('Context #1','3D Context with UNIT and UNCERTAINTY') );
#8165 = ( LENGTH_UNIT() NAMED_UNIT(*) SI_UNIT(.MILLI.,.METRE.) );
#8166 = ( NAMED_UNIT(*) PLANE_ANGLE_UNIT() SI_UNIT($,.RADIAN.) );
#8167 = ( NAMED_UNIT(*) SI_UNIT($,.STERADIAN.) SOLID_ANGLE_UNIT() );
#8168 = UNCERTAINTY_MEASURE_WITH_UNIT(LENGTH_MEASURE(1.E-07),#8165,
  'distance_accuracy_value','confusion accuracy');
#8169 = CONTEXT_DEPENDENT_SHAPE_REPRESENTATION(#8170,#8172);
#8170 = ( REPRESENTATION_RELATIONSHIP('','',#8065,#7527) 
REPRESENTATION_RELATIONSHIP_WITH_TRANSFORMATION(#8171) 
SHAPE_REPRESENTATION_RELATIONSHIP() );
#8171 = ITEM_DEFINED_TRANSFORMATION('','',#11,#7540);
#8172 = PRODUCT_DEFINITION_SHAPE('Placement','Placement of an item',
  #8173);
#8173 = NEXT_ASSEMBLY_USAGE_OCCURRENCE('60','=>[0:1:1:63]','',#7522,
  #8060,$);
#8174 = PRODUCT_RELATED_PRODUCT_CATEGORY('part',$,(#8062));
#8175 = SHAPE_DEFINITION_REPRESENTATION(#8176,#8182);
#8176 = PRODUCT_DEFINITION_SHAPE('','',#8177);
#8177 = PRODUCT_DEFINITION('design','',#8178,#8181);
#8178 = PRODUCT_DEFINITION_FORMATION('','',#8179);
#8179 = PRODUCT('SOLID','SOLID','',(#8180));
#8180 = PRODUCT_CONTEXT('',#2,'mechanical');
#8181 = PRODUCT_DEFINITION_CONTEXT('part definition',#2,'design');
#8182 = ADVANCED_BREP_SHAPE_REPRESENTATION('',(#11,#8183),#8281);
#8183 = MANIFOLD_SOLID_BREP('',#8184);
#8184 = CLOSED_SHELL('',(#8185,#8273,#8277));
#8185 = ADVANCED_FACE('',(#8186),#8199,.T.);
#8186 = FACE_BOUND('',#8187,.T.);
#8187 = EDGE_LOOP('',(#8188,#8222,#8245,#8272));
#8188 = ORIENTED_EDGE('',*,*,#8189,.F.);
#8189 = EDGE_CURVE('',#8190,#8190,#8192,.T.);
#8190 = VERTEX_POINT('',#8191);
#8191 = CARTESIAN_POINT('',(143.55734046789,-2.916988943033E-15,
    372.77294338477));
#8192 = SURFACE_CURVE('',#8193,(#8198,#8210),.PCURVE_S1.);
#8193 = CIRCLE('',#8194,1.6);
#8194 = AXIS2_PLACEMENT_3D('',#8195,#8196,#8197);
#8195 = CARTESIAN_POINT('',(144.6688496947,-7.105427357601E-15,
    371.62205362519));
#8196 = DIRECTION('',(0.693349846075,-0.266210672544,0.669625170354));
#8197 = DIRECTION('',(-0.694693266757,-2.775557561563E-17,0.71930609974)
  );
#8198 = PCURVE('',#8199,#8204);
#8199 = CYLINDRICAL_SURFACE('',#8200,1.6);
#8200 = AXIS2_PLACEMENT_3D('',#8201,#8202,#8203);
#8201 = CARTESIAN_POINT('',(30.070163865149,44.,260.94464458642));
#8202 = DIRECTION('',(0.693349846075,-0.266210672544,0.669625170354));
#8203 = DIRECTION('',(-0.694693266757,-2.775557561563E-17,0.71930609974)
  );
#8204 = DEFINITIONAL_REPRESENTATION('',(#8205),#8209);
#8205 = LINE('',#8206,#8207);
#8206 = CARTESIAN_POINT('',(0.,165.28262965417));
#8207 = VECTOR('',#8208,1.);
#8208 = DIRECTION('',(1.,0.));
#8209 = ( GEOMETRIC_REPRESENTATION_CONTEXT(2) 
PARAMETRIC_REPRESENTATION_CONTEXT() REPRESENTATION_CONTEXT('2D SPACE',''
  ) );
#8210 = PCURVE('',#8211,#8216);
#8211 = PLANE('',#8212);
#8212 = AXIS2_PLACEMENT_3D('',#8213,#8214,#8215);
#8213 = CARTESIAN_POINT('',(144.6688496947,-7.105427357601E-15,
    371.62205362519));
#8214 = DIRECTION('',(0.693349846075,-0.266210672544,0.669625170354));
#8215 = DIRECTION('',(-0.694693266757,-2.775557561563E-17,0.71930609974)
  );
#8216 = DEFINITIONAL_REPRESENTATION('',(#8217),#8221);
#8217 = CIRCLE('',#8218,1.6);
#8218 = AXIS2_PLACEMENT_2D('',#8219,#8220);
#8219 = CARTESIAN_POINT('',(0.,0.));
#8220 = DIRECTION('',(1.,0.));
#8221 = ( GEOMETRIC_REPRESENTATION_CONTEXT(2) 
PARAMETRIC_REPRESENTATION_CONTEXT() REPRESENTATION_CONTEXT('2D SPACE',''
  ) );
#8222 = ORIENTED_EDGE('',*,*,#8223,.F.);
#8223 = EDGE_CURVE('',#8224,#8190,#8226,.T.);
#8224 = VERTEX_POINT('',#8225);
#8225 = CARTESIAN_POINT('',(28.958654638338,44.,262.095534346));
#8226 = SEAM_CURVE('',#8227,(#8231,#8238),.PCURVE_S1.);
#8227 = LINE('',#8228,#8229);
#8228 = CARTESIAN_POINT('',(28.958654638338,44.,262.095534346));
#8229 = VECTOR('',#8230,1.);
#8230 = DIRECTION('',(0.693349846075,-0.266210672544,0.669625170354));
#8231 = PCURVE('',#8199,#8232);
#8232 = DEFINITIONAL_REPRESENTATION('',(#8233),#8237);
#8233 = LINE('',#8234,#8235);
#8234 = CARTESIAN_POINT('',(6.28318530718,-0.));
#8235 = VECTOR('',#8236,1.);
#8236 = DIRECTION('',(0.,1.));
#8237 = ( GEOMETRIC_REPRESENTATION_CONTEXT(2) 
PARAMETRIC_REPRESENTATION_CONTEXT() REPRESENTATION_CONTEXT('2D SPACE',''
  ) );
#8238 = PCURVE('',#8199,#8239);
#8239 = DEFINITIONAL_REPRESENTATION('',(#8240),#8244);
#8240 = LINE('',#8241,#8242);
#8241 = CARTESIAN_POINT('',(0.,-0.));
#8242 = VECTOR('',#8243,1.);
#8243 = DIRECTION('',(0.,1.));
#8244 = ( GEOMETRIC_REPRESENTATION_CONTEXT(2) 
PARAMETRIC_REPRESENTATION_CONTEXT() REPRESENTATION_CONTEXT('2D SPACE',''
  ) );
#8245 = ORIENTED_EDGE('',*,*,#8246,.T.);
#8246 = EDGE_CURVE('',#8224,#8224,#8247,.T.);
#8247 = SURFACE_CURVE('',#8248,(#8253,#8260),.PCURVE_S1.);
#8248 = CIRCLE('',#8249,1.6);
#8249 = AXIS2_PLACEMENT_3D('',#8250,#8251,#8252);
#8250 = CARTESIAN_POINT('',(30.070163865149,44.,260.94464458642));
#8251 = DIRECTION('',(0.693349846075,-0.266210672544,0.669625170354));
#8252 = DIRECTION('',(-0.694693266757,-2.775557561563E-17,0.71930609974)
  );
#8253 = PCURVE('',#8199,#8254);
#8254 = DEFINITIONAL_REPRESENTATION('',(#8255),#8259);
#8255 = LINE('',#8256,#8257);
#8256 = CARTESIAN_POINT('',(0.,0.));
#8257 = VECTOR('',#8258,1.);
#8258 = DIRECTION('',(1.,0.));
#8259 = ( GEOMETRIC_REPRESENTATION_CONTEXT(2) 
PARAMETRIC_REPRESENTATION_CONTEXT() REPRESENTATION_CONTEXT('2D SPACE',''
  ) );
#8260 = PCURVE('',#8261,#8266);
#8261 = PLANE('',#8262);
#8262 = AXIS2_PLACEMENT_3D('',#8263,#8264,#8265);
#8263 = CARTESIAN_POINT('',(30.070163865149,44.,260.94464458642));
#8264 = DIRECTION('',(0.693349846075,-0.266210672544,0.669625170354));
#8265 = DIRECTION('',(-0.694693266757,-2.775557561563E-17,0.71930609974)
  );
#8266 = DEFINITIONAL_REPRESENTATION('',(#8267),#8271);
#8267 = CIRCLE('',#8268,1.6);
#8268 = AXIS2_PLACEMENT_2D('',#8269,#8270);
#8269 = CARTESIAN_POINT('',(0.,0.));
#8270 = DIRECTION('',(1.,0.));
#8271 = ( GEOMETRIC_REPRESENTATION_CONTEXT(2) 
PARAMETRIC_REPRESENTATION_CONTEXT() REPRESENTATION_CONTEXT('2D SPACE',''
  ) );
#8272 = ORIENTED_EDGE('',*,*,#8223,.T.);
#8273 = ADVANCED_FACE('',(#8274),#8211,.T.);
#8274 = FACE_BOUND('',#8275,.T.);
#8275 = EDGE_LOOP('',(#8276));
#8276 = ORIENTED_EDGE('',*,*,#8189,.T.);
#8277 = ADVANCED_FACE('',(#8278),#8261,.F.);
#8278 = FACE_BOUND('',#8279,.T.);
#8279 = EDGE_LOOP('',(#8280));
#8280 = ORIENTED_EDGE('',*,*,#8246,.F.);
#8281 = ( GEOMETRIC_REPRESENTATION_CONTEXT(3) 
GLOBAL_UNCERTAINTY_ASSIGNED_CONTEXT((#8285)) 
GLOBAL_UNIT_ASSIGNED_CONTEXT((#8282,#8283,#8284)) REPRESENTATION_CONTEXT
('Context #1','3D Context with UNIT and UNCERTAINTY') );
#8282 = ( LENGTH_UNIT() NAMED_UNIT(*) SI_UNIT(.MILLI.,.METRE.) );
#8283 = ( NAMED_UNIT(*) PLANE_ANGLE_UNIT() SI_UNIT($,.RADIAN.) );
#8284 = ( NAMED_UNIT(*) SI_UNIT($,.STERADIAN.) SOLID_ANGLE_UNIT() );
#8285 = UNCERTAINTY_MEASURE_WITH_UNIT(LENGTH_MEASURE(1.E-07),#8282,
  'distance_accuracy_value','confusion accuracy');
#8286 = CONTEXT_DEPENDENT_SHAPE_REPRESENTATION(#8287,#8289);
#8287 = ( REPRESENTATION_RELATIONSHIP('','',#8182,#7527) 
REPRESENTATION_RELATIONSHIP_WITH_TRANSFORMATION(#8288) 
SHAPE_REPRESENTATION_RELATIONSHIP() );
#8288 = ITEM_DEFINED_TRANSFORMATION('','',#11,#7544);
#8289 = PRODUCT_DEFINITION_SHAPE('Placement','Placement of an item',
  #8290);
#8290 = NEXT_ASSEMBLY_USAGE_OCCURRENCE('61','=>[0:1:1:64]','',#7522,
  #8177,$);
#8291 = PRODUCT_RELATED_PRODUCT_CATEGORY('part',$,(#8179));
#8292 = SHAPE_DEFINITION_REPRESENTATION(#8293,#8299);
#8293 = PRODUCT_DEFINITION_SHAPE('','',#8294);
#8294 = PRODUCT_DEFINITION('design','',#8295,#8298);
#8295 = PRODUCT_DEFINITION_FORMATION('','',#8296);
#8296 = PRODUCT('SOLID','SOLID','',(#8297));
#8297 = PRODUCT_CONTEXT('',#2,'mechanical');
#8298 = PRODUCT_DEFINITION_CONTEXT('part definition',#2,'design');
#8299 = ADVANCED_BREP_SHAPE_REPRESENTATION('',(#11,#8300),#8398);
#8300 = MANIFOLD_SOLID_BREP('',#8301);
#8301 = CLOSED_SHELL('',(#8302,#8390,#8394));
#8302 = ADVANCED_FACE('',(#8303),#8316,.T.);
#8303 = FACE_BOUND('',#8304,.T.);
#8304 = EDGE_LOOP('',(#8305,#8339,#8362,#8389));
#8305 = ORIENTED_EDGE('',*,*,#8306,.F.);
#8306 = EDGE_CURVE('',#8307,#8307,#8309,.T.);
#8307 = VERTEX_POINT('',#8308);
#8308 = CARTESIAN_POINT('',(95.785162802146,1.059671007156E-15,
    413.06568295441));
#8309 = SURFACE_CURVE('',#8310,(#8315,#8327),.PCURVE_S1.);
#8310 = CIRCLE('',#8311,1.6);
#8311 = AXIS2_PLACEMENT_3D('',#8312,#8313,#8314);
#8312 = CARTESIAN_POINT('',(94.347058303252,0.,413.76700702376));
#8313 = DIRECTION('',(0.422510437241,0.266210672544,0.866381445004));
#8314 = DIRECTION('',(0.898815311809,-4.163336342344E-17,-0.438327543348
    ));
#8315 = PCURVE('',#8316,#8321);
#8316 = CYLINDRICAL_SURFACE('',#8317,1.6);
#8317 = AXIS2_PLACEMENT_3D('',#8318,#8319,#8320);
#8318 = CARTESIAN_POINT('',(24.513422179807,-44.,270.56920350996));
#8319 = DIRECTION('',(0.422510437241,0.266210672544,0.866381445004));
#8320 = DIRECTION('',(0.898815311809,-2.775557561563E-17,-0.438327543348
    ));
#8321 = DEFINITIONAL_REPRESENTATION('',(#8322),#8326);
#8322 = LINE('',#8323,#8324);
#8323 = CARTESIAN_POINT('',(0.,165.28262965417));
#8324 = VECTOR('',#8325,1.);
#8325 = DIRECTION('',(1.,0.));
#8326 = ( GEOMETRIC_REPRESENTATION_CONTEXT(2) 
PARAMETRIC_REPRESENTATION_CONTEXT() REPRESENTATION_CONTEXT('2D SPACE',''
  ) );
#8327 = PCURVE('',#8328,#8333);
#8328 = PLANE('',#8329);
#8329 = AXIS2_PLACEMENT_3D('',#8330,#8331,#8332);
#8330 = CARTESIAN_POINT('',(94.347058303252,0.,413.76700702376));
#8331 = DIRECTION('',(0.422510437241,0.266210672544,0.866381445004));
#8332 = DIRECTION('',(0.898815311809,-2.775557561563E-17,-0.438327543348
    ));
#8333 = DEFINITIONAL_REPRESENTATION('',(#8334),#8338);
#8334 = CIRCLE('',#8335,1.6);
#8335 = AXIS2_PLACEMENT_2D('',#8336,#8337);
#8336 = CARTESIAN_POINT('',(0.,0.));
#8337 = DIRECTION('',(1.,0.));
#8338 = ( GEOMETRIC_REPRESENTATION_CONTEXT(2) 
PARAMETRIC_REPRESENTATION_CONTEXT() REPRESENTATION_CONTEXT('2D SPACE',''
  ) );
#8339 = ORIENTED_EDGE('',*,*,#8340,.F.);
#8340 = EDGE_CURVE('',#8341,#8307,#8343,.T.);
#8341 = VERTEX_POINT('',#8342);
#8342 = CARTESIAN_POINT('',(25.951526678702,-44.,269.86787944061));
#8343 = SEAM_CURVE('',#8344,(#8348,#8355),.PCURVE_S1.);
#8344 = LINE('',#8345,#8346);
#8345 = CARTESIAN_POINT('',(25.951526678702,-44.,269.86787944061));
#8346 = VECTOR('',#8347,1.);
#8347 = DIRECTION('',(0.422510437241,0.266210672544,0.866381445004));
#8348 = PCURVE('',#8316,#8349);
#8349 = DEFINITIONAL_REPRESENTATION('',(#8350),#8354);
#8350 = LINE('',#8351,#8352);
#8351 = CARTESIAN_POINT('',(6.28318530718,-0.));
#8352 = VECTOR('',#8353,1.);
#8353 = DIRECTION('',(0.,1.));
#8354 = ( GEOMETRIC_REPRESENTATION_CONTEXT(2) 
PARAMETRIC_REPRESENTATION_CONTEXT() REPRESENTATION_CONTEXT('2D SPACE',''
  ) );
#8355 = PCURVE('',#8316,#8356);
#8356 = DEFINITIONAL_REPRESENTATION('',(#8357),#8361);
#8357 = LINE('',#8358,#8359);
#8358 = CARTESIAN_POINT('',(0.,-0.));
#8359 = VECTOR('',#8360,1.);
#8360 = DIRECTION('',(0.,1.));
#8361 = ( GEOMETRIC_REPRESENTATION_CONTEXT(2) 
PARAMETRIC_REPRESENTATION_CONTEXT() REPRESENTATION_CONTEXT('2D SPACE',''
  ) );
#8362 = ORIENTED_EDGE('',*,*,#8363,.T.);
#8363 = EDGE_CURVE('',#8341,#8341,#8364,.T.);
#8364 = SURFACE_CURVE('',#8365,(#8370,#8377),.PCURVE_S1.);
#8365 = CIRCLE('',#8366,1.6);
#8366 = AXIS2_PLACEMENT_3D('',#8367,#8368,#8369);
#8367 = CARTESIAN_POINT('',(24.513422179807,-44.,270.56920350996));
#8368 = DIRECTION('',(0.422510437241,0.266210672544,0.866381445004));
#8369 = DIRECTION('',(0.898815311809,-4.163336342344E-17,-0.438327543348
    ));
#8370 = PCURVE('',#8316,#8371);
#8371 = DEFINITIONAL_REPRESENTATION('',(#8372),#8376);
#8372 = LINE('',#8373,#8374);
#8373 = CARTESIAN_POINT('',(0.,0.));
#8374 = VECTOR('',#8375,1.);
#8375 = DIRECTION('',(1.,0.));
#8376 = ( GEOMETRIC_REPRESENTATION_CONTEXT(2) 
PARAMETRIC_REPRESENTATION_CONTEXT() REPRESENTATION_CONTEXT('2D SPACE',''
  ) );
#8377 = PCURVE('',#8378,#8383);
#8378 = PLANE('',#8379);
#8379 = AXIS2_PLACEMENT_3D('',#8380,#8381,#8382);
#8380 = CARTESIAN_POINT('',(24.513422179807,-44.,270.56920350996));
#8381 = DIRECTION('',(0.422510437241,0.266210672544,0.866381445004));
#8382 = DIRECTION('',(0.898815311809,-2.775557561563E-17,-0.438327543348
    ));
#8383 = DEFINITIONAL_REPRESENTATION('',(#8384),#8388);
#8384 = CIRCLE('',#8385,1.6);
#8385 = AXIS2_PLACEMENT_2D('',#8386,#8387);
#8386 = CARTESIAN_POINT('',(0.,0.));
#8387 = DIRECTION('',(1.,0.));
#8388 = ( GEOMETRIC_REPRESENTATION_CONTEXT(2) 
PARAMETRIC_REPRESENTATION_CONTEXT() REPRESENTATION_CONTEXT('2D SPACE',''
  ) );
#8389 = ORIENTED_EDGE('',*,*,#8340,.T.);
#8390 = ADVANCED_FACE('',(#8391),#8328,.T.);
#8391 = FACE_BOUND('',#8392,.T.);
#8392 = EDGE_LOOP('',(#8393));
#8393 = ORIENTED_EDGE('',*,*,#8306,.T.);
#8394 = ADVANCED_FACE('',(#8395),#8378,.F.);
#8395 = FACE_BOUND('',#8396,.T.);
#8396 = EDGE_LOOP('',(#8397));
#8397 = ORIENTED_EDGE('',*,*,#8363,.F.);
#8398 = ( GEOMETRIC_REPRESENTATION_CONTEXT(3) 
GLOBAL_UNCERTAINTY_ASSIGNED_CONTEXT((#8402)) 
GLOBAL_UNIT_ASSIGNED_CONTEXT((#8399,#8400,#8401)) REPRESENTATION_CONTEXT
('Context #1','3D Context with UNIT and UNCERTAINTY') );
#8399 = ( LENGTH_UNIT() NAMED_UNIT(*) SI_UNIT(.MILLI.,.METRE.) );
#8400 = ( NAMED_UNIT(*) PLANE_ANGLE_UNIT() SI_UNIT($,.RADIAN.) );
#8401 = ( NAMED_UNIT(*) SI_UNIT($,.STERADIAN.) SOLID_ANGLE_UNIT() );
#8402 = UNCERTAINTY_MEASURE_WITH_UNIT(LENGTH_MEASURE(1.E-07),#8399,
  'distance_accuracy_value','confusion accuracy');
#8403 = CONTEXT_DEPENDENT_SHAPE_REPRESENTATION(#8404,#8406);
#8404 = ( REPRESENTATION_RELATIONSHIP('','',#8299,#7527) 
REPRESENTATION_RELATIONSHIP_WITH_TRANSFORMATION(#8405) 
SHAPE_REPRESENTATION_RELATIONSHIP() );
#8405 = ITEM_DEFINED_TRANSFORMATION('','',#11,#7548);
#8406 = PRODUCT_DEFINITION_SHAPE('Placement','Placement of an item',
  #8407);
#8407 = NEXT_ASSEMBLY_USAGE_OCCURRENCE('62','=>[0:1:1:65]','',#7522,
  #8294,$);
#8408 = PRODUCT_RELATED_PRODUCT_CATEGORY('part',$,(#8296));
#8409 = SHAPE_DEFINITION_REPRESENTATION(#8410,#8416);
#8410 = PRODUCT_DEFINITION_SHAPE('','',#8411);
#8411 = PRODUCT_DEFINITION('design','',#8412,#8415);
#8412 = PRODUCT_DEFINITION_FORMATION('','',#8413);
#8413 = PRODUCT('SOLID','SOLID','',(#8414));
#8414 = PRODUCT_CONTEXT('',#2,'mechanical');
#8415 = PRODUCT_DEFINITION_CONTEXT('part definition',#2,'design');
#8416 = ADVANCED_BREP_SHAPE_REPRESENTATION('',(#11,#8417),#8515);
#8417 = MANIFOLD_SOLID_BREP('',#8418);
#8418 = CLOSED_SHELL('',(#8419,#8507,#8511));
#8419 = ADVANCED_FACE('',(#8420),#8433,.T.);
#8420 = FACE_BOUND('',#8421,.T.);
#8421 = EDGE_LOOP('',(#8422,#8456,#8479,#8506));
#8422 = ORIENTED_EDGE('',*,*,#8423,.F.);
#8423 = EDGE_CURVE('',#8424,#8424,#8426,.T.);
#8424 = VERTEX_POINT('',#8425);
#8425 = CARTESIAN_POINT('',(32.645619266139,1.541661011498,
    436.58735611472));
#8426 = SURFACE_CURVE('',#8427,(#8432,#8444),.PCURVE_S1.);
#8427 = CIRCLE('',#8428,1.6);
#8428 = AXIS2_PLACEMENT_3D('',#8429,#8430,#8431);
#8429 = CARTESIAN_POINT('',(32.645619266139,-7.105427357601E-15,
    436.15924243166));
#8430 = DIRECTION('',(0.100710034085,-0.266210672544,0.958639330957));
#8431 = DIRECTION('',(-6.938893903907E-18,0.963538132187,0.267571051914)
  );
#8432 = PCURVE('',#8433,#8438);
#8433 = CYLINDRICAL_SURFACE('',#8434,1.6);
#8434 = AXIS2_PLACEMENT_3D('',#8435,#8436,#8437);
#8435 = CARTESIAN_POINT('',(16.,44.,277.7128129211));
#8436 = DIRECTION('',(0.100710034085,-0.266210672544,0.958639330957));
#8437 = DIRECTION('',(-3.469446951954E-18,0.963538132187,0.267571051914)
  );
#8438 = DEFINITIONAL_REPRESENTATION('',(#8439),#8443);
#8439 = LINE('',#8440,#8441);
#8440 = CARTESIAN_POINT('',(0.,165.28262965417));
#8441 = VECTOR('',#8442,1.);
#8442 = DIRECTION('',(1.,0.));
#8443 = ( GEOMETRIC_REPRESENTATION_CONTEXT(2) 
PARAMETRIC_REPRESENTATION_CONTEXT() REPRESENTATION_CONTEXT('2D SPACE',''
  ) );
#8444 = PCURVE('',#8445,#8450);
#8445 = PLANE('',#8446);
#8446 = AXIS2_PLACEMENT_3D('',#8447,#8448,#8449);
#8447 = CARTESIAN_POINT('',(32.645619266139,-7.105427357601E-15,
    436.15924243166));
#8448 = DIRECTION('',(0.100710034085,-0.266210672544,0.958639330957));
#8449 = DIRECTION('',(-3.469446951954E-18,0.963538132187,0.267571051914)
  );
#8450 = DEFINITIONAL_REPRESENTATION('',(#8451),#8455);
#8451 = CIRCLE('',#8452,1.6);
#8452 = AXIS2_PLACEMENT_2D('',#8453,#8454);
#8453 = CARTESIAN_POINT('',(0.,0.));
#8454 = DIRECTION('',(1.,0.));
#8455 = ( GEOMETRIC_REPRESENTATION_CONTEXT(2) 
PARAMETRIC_REPRESENTATION_CONTEXT() REPRESENTATION_CONTEXT('2D SPACE',''
  ) );
#8456 = ORIENTED_EDGE('',*,*,#8457,.F.);
#8457 = EDGE_CURVE('',#8458,#8424,#8460,.T.);
#8458 = VERTEX_POINT('',#8459);
#8459 = CARTESIAN_POINT('',(16.,45.541661011498,278.14092660416));
#8460 = SEAM_CURVE('',#8461,(#8465,#8472),.PCURVE_S1.);
#8461 = LINE('',#8462,#8463);
#8462 = CARTESIAN_POINT('',(16.,45.541661011498,278.14092660416));
#8463 = VECTOR('',#8464,1.);
#8464 = DIRECTION('',(0.100710034085,-0.266210672544,0.958639330957));
#8465 = PCURVE('',#8433,#8466);
#8466 = DEFINITIONAL_REPRESENTATION('',(#8467),#8471);
#8467 = LINE('',#8468,#8469);
#8468 = CARTESIAN_POINT('',(6.28318530718,-0.));
#8469 = VECTOR('',#8470,1.);
#8470 = DIRECTION('',(0.,1.));
#8471 = ( GEOMETRIC_REPRESENTATION_CONTEXT(2) 
PARAMETRIC_REPRESENTATION_CONTEXT() REPRESENTATION_CONTEXT('2D SPACE',''
  ) );
#8472 = PCURVE('',#8433,#8473);
#8473 = DEFINITIONAL_REPRESENTATION('',(#8474),#8478);
#8474 = LINE('',#8475,#8476);
#8475 = CARTESIAN_POINT('',(0.,-0.));
#8476 = VECTOR('',#8477,1.);
#8477 = DIRECTION('',(0.,1.));
#8478 = ( GEOMETRIC_REPRESENTATION_CONTEXT(2) 
PARAMETRIC_REPRESENTATION_CONTEXT() REPRESENTATION_CONTEXT('2D SPACE',''
  ) );
#8479 = ORIENTED_EDGE('',*,*,#8480,.T.);
#8480 = EDGE_CURVE('',#8458,#8458,#8481,.T.);
#8481 = SURFACE_CURVE('',#8482,(#8487,#8494),.PCURVE_S1.);
#8482 = CIRCLE('',#8483,1.6);
#8483 = AXIS2_PLACEMENT_3D('',#8484,#8485,#8486);
#8484 = CARTESIAN_POINT('',(16.,44.,277.7128129211));
#8485 = DIRECTION('',(0.100710034085,-0.266210672544,0.958639330957));
#8486 = DIRECTION('',(-6.938893903907E-18,0.963538132187,0.267571051914)
  );
#8487 = PCURVE('',#8433,#8488);
#8488 = DEFINITIONAL_REPRESENTATION('',(#8489),#8493);
#8489 = LINE('',#8490,#8491);
#8490 = CARTESIAN_POINT('',(0.,0.));
#8491 = VECTOR('',#8492,1.);
#8492 = DIRECTION('',(1.,0.));
#8493 = ( GEOMETRIC_REPRESENTATION_CONTEXT(2) 
PARAMETRIC_REPRESENTATION_CONTEXT() REPRESENTATION_CONTEXT('2D SPACE',''
  ) );
#8494 = PCURVE('',#8495,#8500);
#8495 = PLANE('',#8496);
#8496 = AXIS2_PLACEMENT_3D('',#8497,#8498,#8499);
#8497 = CARTESIAN_POINT('',(16.,44.,277.7128129211));
#8498 = DIRECTION('',(0.100710034085,-0.266210672544,0.958639330957));
#8499 = DIRECTION('',(-3.469446951954E-18,0.963538132187,0.267571051914)
  );
#8500 = DEFINITIONAL_REPRESENTATION('',(#8501),#8505);
#8501 = CIRCLE('',#8502,1.6);
#8502 = AXIS2_PLACEMENT_2D('',#8503,#8504);
#8503 = CARTESIAN_POINT('',(0.,0.));
#8504 = DIRECTION('',(1.,0.));
#8505 = ( GEOMETRIC_REPRESENTATION_CONTEXT(2) 
PARAMETRIC_REPRESENTATION_CONTEXT() REPRESENTATION_CONTEXT('2D SPACE',''
  ) );
#8506 = ORIENTED_EDGE('',*,*,#8457,.T.);
#8507 = ADVANCED_FACE('',(#8508),#8445,.T.);
#8508 = FACE_BOUND('',#8509,.T.);
#8509 = EDGE_LOOP('',(#8510));
#8510 = ORIENTED_EDGE('',*,*,#8423,.T.);
#8511 = ADVANCED_FACE('',(#8512),#8495,.F.);
#8512 = FACE_BOUND('',#8513,.T.);
#8513 = EDGE_LOOP('',(#8514));
#8514 = ORIENTED_EDGE('',*,*,#8480,.F.);
#8515 = ( GEOMETRIC_REPRESENTATION_CONTEXT(3) 
GLOBAL_UNCERTAINTY_ASSIGNED_CONTEXT((#8519)) 
GLOBAL_UNIT_ASSIGNED_CONTEXT((#8516,#8517,#8518)) REPRESENTATION_CONTEXT
('Context #1','3D Context with UNIT and UNCERTAINTY') );
#8516 = ( LENGTH_UNIT() NAMED_UNIT(*) SI_UNIT(.MILLI.,.METRE.) );
#8517 = ( NAMED_UNIT(*) PLANE_ANGLE_UNIT() SI_UNIT($,.RADIAN.) );
#8518 = ( NAMED_UNIT(*) SI_UNIT($,.STERADIAN.) SOLID_ANGLE_UNIT() );
#8519 = UNCERTAINTY_MEASURE_WITH_UNIT(LENGTH_MEASURE(1.E-07),#8516,
  'distance_accuracy_value','confusion accuracy');
#8520 = CONTEXT_DEPENDENT_SHAPE_REPRESENTATION(#8521,#8523);
#8521 = ( REPRESENTATION_RELATIONSHIP('','',#8416,#7527) 
REPRESENTATION_RELATIONSHIP_WITH_TRANSFORMATION(#8522) 
SHAPE_REPRESENTATION_RELATIONSHIP() );
#8522 = ITEM_DEFINED_TRANSFORMATION('','',#11,#7552);
#8523 = PRODUCT_DEFINITION_SHAPE('Placement','Placement of an item',
  #8524);
#8524 = NEXT_ASSEMBLY_USAGE_OCCURRENCE('63','=>[0:1:1:66]','',#7522,
  #8411,$);
#8525 = PRODUCT_RELATED_PRODUCT_CATEGORY('part',$,(#8413));
#8526 = SHAPE_DEFINITION_REPRESENTATION(#8527,#8533);
#8527 = PRODUCT_DEFINITION_SHAPE('','',#8528);
#8528 = PRODUCT_DEFINITION('design','',#8529,#8532);
#8529 = PRODUCT_DEFINITION_FORMATION('','',#8530);
#8530 = PRODUCT('SOLID','SOLID','',(#8531));
#8531 = PRODUCT_CONTEXT('',#2,'mechanical');
#8532 = PRODUCT_DEFINITION_CONTEXT('part definition',#2,'design');
#8533 = ADVANCED_BREP_SHAPE_REPRESENTATION('',(#11,#8534),#8632);
#8534 = MANIFOLD_SOLID_BREP('',#8535);
#8535 = CLOSED_SHELL('',(#8536,#8624,#8628));
#8536 = ADVANCED_FACE('',(#8537),#8550,.T.);
#8537 = FACE_BOUND('',#8538,.T.);
#8538 = EDGE_LOOP('',(#8539,#8573,#8596,#8623));
#8539 = ORIENTED_EDGE('',*,*,#8540,.F.);
#8540 = EDGE_CURVE('',#8541,#8541,#8543,.T.);
#8541 = VERTEX_POINT('',#8542);
#8542 = CARTESIAN_POINT('',(-32.99336325249,1.538876376921,
    435.65990809471));
#8543 = SURFACE_CURVE('',#8544,(#8549,#8561),.PCURVE_S1.);
#8544 = CIRCLE('',#8545,1.6);
#8545 = AXIS2_PLACEMENT_3D('',#8546,#8547,#8548);
#8546 = CARTESIAN_POINT('',(-32.99336325249,0.,436.09792578448));
#8547 = DIRECTION('',(-0.233237485503,0.266210672544,0.935271165588));
#8548 = DIRECTION('',(6.938893903907E-18,0.961797735576,-0.273761056108)
  );
#8549 = PCURVE('',#8550,#8555);
#8550 = CYLINDRICAL_SURFACE('',#8551,1.6);
#8551 = AXIS2_PLACEMENT_3D('',#8552,#8553,#8554);
#8552 = CARTESIAN_POINT('',(5.556741685342,-44.,281.51384809639));
#8553 = DIRECTION('',(-0.233237485503,0.266210672544,0.935271165588));
#8554 = DIRECTION('',(6.938893903907E-18,0.961797735576,-0.273761056108)
  );
#8555 = DEFINITIONAL_REPRESENTATION('',(#8556),#8560);
#8556 = LINE('',#8557,#8558);
#8557 = CARTESIAN_POINT('',(0.,165.28262965417));
#8558 = VECTOR('',#8559,1.);
#8559 = DIRECTION('',(1.,0.));
#8560 = ( GEOMETRIC_REPRESENTATION_CONTEXT(2) 
PARAMETRIC_REPRESENTATION_CONTEXT() REPRESENTATION_CONTEXT('2D SPACE',''
  ) );
#8561 = PCURVE('',#8562,#8567);
#8562 = PLANE('',#8563);
#8563 = AXIS2_PLACEMENT_3D('',#8564,#8565,#8566);
#8564 = CARTESIAN_POINT('',(-32.99336325249,0.,436.09792578448));
#8565 = DIRECTION('',(-0.233237485503,0.266210672544,0.935271165588));
#8566 = DIRECTION('',(6.938893903907E-18,0.961797735576,-0.273761056108)
  );
#8567 = DEFINITIONAL_REPRESENTATION('',(#8568),#8572);
#8568 = CIRCLE('',#8569,1.6);
#8569 = AXIS2_PLACEMENT_2D('',#8570,#8571);
#8570 = CARTESIAN_POINT('',(0.,0.));
#8571 = DIRECTION('',(1.,0.));
#8572 = ( GEOMETRIC_REPRESENTATION_CONTEXT(2) 
PARAMETRIC_REPRESENTATION_CONTEXT() REPRESENTATION_CONTEXT('2D SPACE',''
  ) );
#8573 = ORIENTED_EDGE('',*,*,#8574,.F.);
#8574 = EDGE_CURVE('',#8575,#8541,#8577,.T.);
#8575 = VERTEX_POINT('',#8576);
#8576 = CARTESIAN_POINT('',(5.556741685342,-42.46112362307,
    281.07583040661));
#8577 = SEAM_CURVE('',#8578,(#8582,#8589),.PCURVE_S1.);
#8578 = LINE('',#8579,#8580);
#8579 = CARTESIAN_POINT('',(5.556741685342,-42.46112362307,
    281.07583040661));
#8580 = VECTOR('',#8581,1.);
#8581 = DIRECTION('',(-0.233237485503,0.266210672544,0.935271165588));
#8582 = PCURVE('',#8550,#8583);
#8583 = DEFINITIONAL_REPRESENTATION('',(#8584),#8588);
#8584 = LINE('',#8585,#8586);
#8585 = CARTESIAN_POINT('',(6.28318530718,-0.));
#8586 = VECTOR('',#8587,1.);
#8587 = DIRECTION('',(0.,1.));
#8588 = ( GEOMETRIC_REPRESENTATION_CONTEXT(2) 
PARAMETRIC_REPRESENTATION_CONTEXT() REPRESENTATION_CONTEXT('2D SPACE',''
  ) );
#8589 = PCURVE('',#8550,#8590);
#8590 = DEFINITIONAL_REPRESENTATION('',(#8591),#8595);
#8591 = LINE('',#8592,#8593);
#8592 = CARTESIAN_POINT('',(0.,-0.));
#8593 = VECTOR('',#8594,1.);
#8594 = DIRECTION('',(0.,1.));
#8595 = ( GEOMETRIC_REPRESENTATION_CONTEXT(2) 
PARAMETRIC_REPRESENTATION_CONTEXT() REPRESENTATION_CONTEXT('2D SPACE',''
  ) );
#8596 = ORIENTED_EDGE('',*,*,#8597,.T.);
#8597 = EDGE_CURVE('',#8575,#8575,#8598,.T.);
#8598 = SURFACE_CURVE('',#8599,(#8604,#8611),.PCURVE_S1.);
#8599 = CIRCLE('',#8600,1.6);
#8600 = AXIS2_PLACEMENT_3D('',#8601,#8602,#8603);
#8601 = CARTESIAN_POINT('',(5.556741685342,-44.,281.51384809639));
#8602 = DIRECTION('',(-0.233237485503,0.266210672544,0.935271165588));
#8603 = DIRECTION('',(6.938893903907E-18,0.961797735576,-0.273761056108)
  );
#8604 = PCURVE('',#8550,#8605);
#8605 = DEFINITIONAL_REPRESENTATION('',(#8606),#8610);
#8606 = LINE('',#8607,#8608);
#8607 = CARTESIAN_POINT('',(0.,0.));
#8608 = VECTOR('',#8609,1.);
#8609 = DIRECTION('',(1.,0.));
#8610 = ( GEOMETRIC_REPRESENTATION_CONTEXT(2) 
PARAMETRIC_REPRESENTATION_CONTEXT() REPRESENTATION_CONTEXT('2D SPACE',''
  ) );
#8611 = PCURVE('',#8612,#8617);
#8612 = PLANE('',#8613);
#8613 = AXIS2_PLACEMENT_3D('',#8614,#8615,#8616);
#8614 = CARTESIAN_POINT('',(5.556741685342,-44.,281.51384809639));
#8615 = DIRECTION('',(-0.233237485503,0.266210672544,0.935271165588));
#8616 = DIRECTION('',(6.938893903907E-18,0.961797735576,-0.273761056108)
  );
#8617 = DEFINITIONAL_REPRESENTATION('',(#8618),#8622);
#8618 = CIRCLE('',#8619,1.6);
#8619 = AXIS2_PLACEMENT_2D('',#8620,#8621);
#8620 = CARTESIAN_POINT('',(0.,0.));
#8621 = DIRECTION('',(1.,0.));
#8622 = ( GEOMETRIC_REPRESENTATION_CONTEXT(2) 
PARAMETRIC_REPRESENTATION_CONTEXT() REPRESENTATION_CONTEXT('2D SPACE',''
  ) );
#8623 = ORIENTED_EDGE('',*,*,#8574,.T.);
#8624 = ADVANCED_FACE('',(#8625),#8562,.T.);
#8625 = FACE_BOUND('',#8626,.T.);
#8626 = EDGE_LOOP('',(#8627));
#8627 = ORIENTED_EDGE('',*,*,#8540,.T.);
#8628 = ADVANCED_FACE('',(#8629),#8612,.F.);
#8629 = FACE_BOUND('',#8630,.T.);
#8630 = EDGE_LOOP('',(#8631));
#8631 = ORIENTED_EDGE('',*,*,#8597,.F.);
#8632 = ( GEOMETRIC_REPRESENTATION_CONTEXT(3) 
GLOBAL_UNCERTAINTY_ASSIGNED_CONTEXT((#8636)) 
GLOBAL_UNIT_ASSIGNED_CONTEXT((#8633,#8634,#8635)) REPRESENTATION_CONTEXT
('Context #1','3D Context with UNIT and UNCERTAINTY') );
#8633 = ( LENGTH_UNIT() NAMED_UNIT(*) SI_UNIT(.MILLI.,.METRE.) );
#8634 = ( NAMED_UNIT(*) PLANE_ANGLE_UNIT() SI_UNIT($,.RADIAN.) );
#8635 = ( NAMED_UNIT(*) SI_UNIT($,.STERADIAN.) SOLID_ANGLE_UNIT() );
#8636 = UNCERTAINTY_MEASURE_WITH_UNIT(LENGTH_MEASURE(1.E-07),#8633,
  'distance_accuracy_value','confusion accuracy');
#8637 = CONTEXT_DEPENDENT_SHAPE_REPRESENTATION(#8638,#8640);
#8638 = ( REPRESENTATION_RELATIONSHIP('','',#8533,#7527) 
REPRESENTATION_RELATIONSHIP_WITH_TRANSFORMATION(#8639) 
SHAPE_REPRESENTATION_RELATIONSHIP() );
#8639 = ITEM_DEFINED_TRANSFORMATION('','',#11,#7556);
#8640 = PRODUCT_DEFINITION_SHAPE('Placement','Placement of an item',
  #8641);
#8641 = NEXT_ASSEMBLY_USAGE_OCCURRENCE('64','=>[0:1:1:67]','',#7522,
  #8528,$);
#8642 = PRODUCT_RELATED_PRODUCT_CATEGORY('part',$,(#8530));
#8643 = SHAPE_DEFINITION_REPRESENTATION(#8644,#8650);
#8644 = PRODUCT_DEFINITION_SHAPE('','',#8645);
#8645 = PRODUCT_DEFINITION('design','',#8646,#8649);
#8646 = PRODUCT_DEFINITION_FORMATION('','',#8647);
#8647 = PRODUCT('SOLID','SOLID','',(#8648));
#8648 = PRODUCT_CONTEXT('',#2,'mechanical');
#8649 = PRODUCT_DEFINITION_CONTEXT('part definition',#2,'design');
#8650 = ADVANCED_BREP_SHAPE_REPRESENTATION('',(#11,#8651),#8749);
#8651 = MANIFOLD_SOLID_BREP('',#8652);
#8652 = CLOSED_SHELL('',(#8653,#8741,#8745));
#8653 = ADVANCED_FACE('',(#8654),#8667,.T.);
#8654 = FACE_BOUND('',#8655,.T.);
#8655 = EDGE_LOOP('',(#8656,#8690,#8713,#8740));
#8656 = ORIENTED_EDGE('',*,*,#8657,.F.);
#8657 = EDGE_CURVE('',#8658,#8658,#8660,.T.);
#8658 = VERTEX_POINT('',#8659);
#8659 = CARTESIAN_POINT('',(-93.3264425229,-9.534924289505E-16,
    414.48522576949));
#8660 = SURFACE_CURVE('',#8661,(#8666,#8678),.PCURVE_S1.);
#8661 = CIRCLE('',#8662,1.6);
#8662 = AXIS2_PLACEMENT_3D('',#8663,#8664,#8665);
#8663 = CARTESIAN_POINT('',(-94.6528592327,0.,413.59045277483));
#8664 = DIRECTION('',(-0.53905312212,-0.266210672544,0.799095494516));
#8665 = DIRECTION('',(0.829010443622,-1.387778780781E-17,0.559233121663)
  );
#8666 = PCURVE('',#8667,#8672);
#8667 = CYLINDRICAL_SURFACE('',#8668,1.6);
#8668 = AXIS2_PLACEMENT_3D('',#8669,#8670,#8671);
#8669 = CARTESIAN_POINT('',(-5.556741685342,44.,281.51384809639));
#8670 = DIRECTION('',(-0.53905312212,-0.266210672544,0.799095494516));
#8671 = DIRECTION('',(0.829010443622,-1.387778780781E-17,0.559233121663)
  );
#8672 = DEFINITIONAL_REPRESENTATION('',(#8673),#8677);
#8673 = LINE('',#8674,#8675);
#8674 = CARTESIAN_POINT('',(0.,165.28262965417));
#8675 = VECTOR('',#8676,1.);
#8676 = DIRECTION('',(1.,0.));
#8677 = ( GEOMETRIC_REPRESENTATION_CONTEXT(2) 
PARAMETRIC_REPRESENTATION_CONTEXT() REPRESENTATION_CONTEXT('2D SPACE',''
  ) );
#8678 = PCURVE('',#8679,#8684);
#8679 = PLANE('',#8680);
#8680 = AXIS2_PLACEMENT_3D('',#8681,#8682,#8683);
#8681 = CARTESIAN_POINT('',(-94.6528592327,0.,413.59045277483));
#8682 = DIRECTION('',(-0.53905312212,-0.266210672544,0.799095494516));
#8683 = DIRECTION('',(0.829010443622,-1.387778780781E-17,0.559233121663)
  );
#8684 = DEFINITIONAL_REPRESENTATION('',(#8685),#8689);
#8685 = CIRCLE('',#8686,1.6);
#8686 = AXIS2_PLACEMENT_2D('',#8687,#8688);
#8687 = CARTESIAN_POINT('',(0.,0.));
#8688 = DIRECTION('',(1.,0.));
#8689 = ( GEOMETRIC_REPRESENTATION_CONTEXT(2) 
PARAMETRIC_REPRESENTATION_CONTEXT() REPRESENTATION_CONTEXT('2D SPACE',''
  ) );
#8690 = ORIENTED_EDGE('',*,*,#8691,.F.);
#8691 = EDGE_CURVE('',#8692,#8658,#8694,.T.);
#8692 = VERTEX_POINT('',#8693);
#8693 = CARTESIAN_POINT('',(-4.230324975546,44.,282.40862109105));
#8694 = SEAM_CURVE('',#8695,(#8699,#8706),.PCURVE_S1.);
#8695 = LINE('',#8696,#8697);
#8696 = CARTESIAN_POINT('',(-4.230324975546,44.,282.40862109105));
#8697 = VECTOR('',#8698,1.);
#8698 = DIRECTION('',(-0.53905312212,-0.266210672544,0.799095494516));
#8699 = PCURVE('',#8667,#8700);
#8700 = DEFINITIONAL_REPRESENTATION('',(#8701),#8705);
#8701 = LINE('',#8702,#8703);
#8702 = CARTESIAN_POINT('',(6.28318530718,-0.));
#8703 = VECTOR('',#8704,1.);
#8704 = DIRECTION('',(0.,1.));
#8705 = ( GEOMETRIC_REPRESENTATION_CONTEXT(2) 
PARAMETRIC_REPRESENTATION_CONTEXT() REPRESENTATION_CONTEXT('2D SPACE',''
  ) );
#8706 = PCURVE('',#8667,#8707);
#8707 = DEFINITIONAL_REPRESENTATION('',(#8708),#8712);
#8708 = LINE('',#8709,#8710);
#8709 = CARTESIAN_POINT('',(0.,-0.));
#8710 = VECTOR('',#8711,1.);
#8711 = DIRECTION('',(0.,1.));
#8712 = ( GEOMETRIC_REPRESENTATION_CONTEXT(2) 
PARAMETRIC_REPRESENTATION_CONTEXT() REPRESENTATION_CONTEXT('2D SPACE',''
  ) );
#8713 = ORIENTED_EDGE('',*,*,#8714,.T.);
#8714 = EDGE_CURVE('',#8692,#8692,#8715,.T.);
#8715 = SURFACE_CURVE('',#8716,(#8721,#8728),.PCURVE_S1.);
#8716 = CIRCLE('',#8717,1.6);
#8717 = AXIS2_PLACEMENT_3D('',#8718,#8719,#8720);
#8718 = CARTESIAN_POINT('',(-5.556741685342,44.,281.51384809639));
#8719 = DIRECTION('',(-0.53905312212,-0.266210672544,0.799095494516));
#8720 = DIRECTION('',(0.829010443622,-1.387778780781E-17,0.559233121663)
  );
#8721 = PCURVE('',#8667,#8722);
#8722 = DEFINITIONAL_REPRESENTATION('',(#8723),#8727);
#8723 = LINE('',#8724,#8725);
#8724 = CARTESIAN_POINT('',(0.,0.));
#8725 = VECTOR('',#8726,1.);
#8726 = DIRECTION('',(1.,0.));
#8727 = ( GEOMETRIC_REPRESENTATION_CONTEXT(2) 
PARAMETRIC_REPRESENTATION_CONTEXT() REPRESENTATION_CONTEXT('2D SPACE',''
  ) );
#8728 = PCURVE('',#8729,#8734);
#8729 = PLANE('',#8730);
#8730 = AXIS2_PLACEMENT_3D('',#8731,#8732,#8733);
#8731 = CARTESIAN_POINT('',(-5.556741685342,44.,281.51384809639));
#8732 = DIRECTION('',(-0.53905312212,-0.266210672544,0.799095494516));
#8733 = DIRECTION('',(0.829010443622,-1.387778780781E-17,0.559233121663)
  );
#8734 = DEFINITIONAL_REPRESENTATION('',(#8735),#8739);
#8735 = CIRCLE('',#8736,1.6);
#8736 = AXIS2_PLACEMENT_2D('',#8737,#8738);
#8737 = CARTESIAN_POINT('',(0.,0.));
#8738 = DIRECTION('',(1.,0.));
#8739 = ( GEOMETRIC_REPRESENTATION_CONTEXT(2) 
PARAMETRIC_REPRESENTATION_CONTEXT() REPRESENTATION_CONTEXT('2D SPACE',''
  ) );
#8740 = ORIENTED_EDGE('',*,*,#8691,.T.);
#8741 = ADVANCED_FACE('',(#8742),#8679,.T.);
#8742 = FACE_BOUND('',#8743,.T.);
#8743 = EDGE_LOOP('',(#8744));
#8744 = ORIENTED_EDGE('',*,*,#8657,.T.);
#8745 = ADVANCED_FACE('',(#8746),#8729,.F.);
#8746 = FACE_BOUND('',#8747,.T.);
#8747 = EDGE_LOOP('',(#8748));
#8748 = ORIENTED_EDGE('',*,*,#8714,.F.);
#8749 = ( GEOMETRIC_REPRESENTATION_CONTEXT(3) 
GLOBAL_UNCERTAINTY_ASSIGNED_CONTEXT((#8753)) 
GLOBAL_UNIT_ASSIGNED_CONTEXT((#8750,#8751,#8752)) REPRESENTATION_CONTEXT
('Context #1','3D Context with UNIT and UNCERTAINTY') );
#8750 = ( LENGTH_UNIT() NAMED_UNIT(*) SI_UNIT(.MILLI.,.METRE.) );
#8751 = ( NAMED_UNIT(*) PLANE_ANGLE_UNIT() SI_UNIT($,.RADIAN.) );
#8752 = ( NAMED_UNIT(*) SI_UNIT($,.STERADIAN.) SOLID_ANGLE_UNIT() );
#8753 = UNCERTAINTY_MEASURE_WITH_UNIT(LENGTH_MEASURE(1.E-07),#8750,
  'distance_accuracy_value','confusion accuracy');
#8754 = CONTEXT_DEPENDENT_SHAPE_REPRESENTATION(#8755,#8757);
#8755 = ( REPRESENTATION_RELATIONSHIP('','',#8650,#7527) 
REPRESENTATION_RELATIONSHIP_WITH_TRANSFORMATION(#8756) 
SHAPE_REPRESENTATION_RELATIONSHIP() );
#8756 = ITEM_DEFINED_TRANSFORMATION('','',#11,#7560);
#8757 = PRODUCT_DEFINITION_SHAPE('Placement','Placement of an item',
  #8758);
#8758 = NEXT_ASSEMBLY_USAGE_OCCURRENCE('65','=>[0:1:1:68]','',#7522,
  #8645,$);
#8759 = PRODUCT_RELATED_PRODUCT_CATEGORY('part',$,(#8647));
#8760 = SHAPE_DEFINITION_REPRESENTATION(#8761,#8767);
#8761 = PRODUCT_DEFINITION_SHAPE('','',#8762);
#8762 = PRODUCT_DEFINITION('design','',#8763,#8766);
#8763 = PRODUCT_DEFINITION_FORMATION('','',#8764);
#8764 = PRODUCT('SOLID','SOLID','',(#8765));
#8765 = PRODUCT_CONTEXT('',#2,'mechanical');
#8766 = PRODUCT_DEFINITION_CONTEXT('part definition',#2,'design');
#8767 = ADVANCED_BREP_SHAPE_REPRESENTATION('',(#11,#8768),#8866);
#8768 = MANIFOLD_SOLID_BREP('',#8769);
#8769 = CLOSED_SHELL('',(#8770,#8858,#8862));
#8770 = ADVANCED_FACE('',(#8771),#8784,.T.);
#8771 = FACE_BOUND('',#8772,.T.);
#8772 = EDGE_LOOP('',(#8773,#8807,#8830,#8857));
#8773 = ORIENTED_EDGE('',*,*,#8774,.F.);
#8774 = EDGE_CURVE('',#8775,#8775,#8777,.T.);
#8775 = VERTEX_POINT('',#8776);
#8776 = CARTESIAN_POINT('',(-145.8362170684,-7.095591994319E-16,
    370.05708400902));
#8777 = SURFACE_CURVE('',#8778,(#8783,#8795),.PCURVE_S1.);
#8778 = CIRCLE('',#8779,1.6);
#8779 = AXIS2_PLACEMENT_3D('',#8780,#8781,#8782);
#8780 = CARTESIAN_POINT('',(-144.895823462,0.,371.35155682258));
#8781 = DIRECTION('',(-0.779850996634,0.266210672544,0.566537113412));
#8782 = DIRECTION('',(-0.587746004003,-1.387778780781E-17,
    -0.809045508472));
#8783 = PCURVE('',#8784,#8789);
#8784 = CYLINDRICAL_SURFACE('',#8785,1.6);
#8785 = AXIS2_PLACEMENT_3D('',#8786,#8787,#8788);
#8786 = CARTESIAN_POINT('',(-16.,-44.,277.7128129211));
#8787 = DIRECTION('',(-0.779850996634,0.266210672544,0.566537113412));
#8788 = DIRECTION('',(-0.587746004003,0.,-0.809045508472));
#8789 = DEFINITIONAL_REPRESENTATION('',(#8790),#8794);
#8790 = LINE('',#8791,#8792);
#8791 = CARTESIAN_POINT('',(0.,165.28262965417));
#8792 = VECTOR('',#8793,1.);
#8793 = DIRECTION('',(1.,0.));
#8794 = ( GEOMETRIC_REPRESENTATION_CONTEXT(2) 
PARAMETRIC_REPRESENTATION_CONTEXT() REPRESENTATION_CONTEXT('2D SPACE',''
  ) );
#8795 = PCURVE('',#8796,#8801);
#8796 = PLANE('',#8797);
#8797 = AXIS2_PLACEMENT_3D('',#8798,#8799,#8800);
#8798 = CARTESIAN_POINT('',(-144.895823462,0.,371.35155682258));
#8799 = DIRECTION('',(-0.779850996634,0.266210672544,0.566537113412));
#8800 = DIRECTION('',(-0.587746004003,0.,-0.809045508472));
#8801 = DEFINITIONAL_REPRESENTATION('',(#8802),#8806);
#8802 = CIRCLE('',#8803,1.6);
#8803 = AXIS2_PLACEMENT_2D('',#8804,#8805);
#8804 = CARTESIAN_POINT('',(0.,0.));
#8805 = DIRECTION('',(1.,0.));
#8806 = ( GEOMETRIC_REPRESENTATION_CONTEXT(2) 
PARAMETRIC_REPRESENTATION_CONTEXT() REPRESENTATION_CONTEXT('2D SPACE',''
  ) );
#8807 = ORIENTED_EDGE('',*,*,#8808,.F.);
#8808 = EDGE_CURVE('',#8809,#8775,#8811,.T.);
#8809 = VERTEX_POINT('',#8810);
#8810 = CARTESIAN_POINT('',(-16.9403936064,-44.,276.41834010754));
#8811 = SEAM_CURVE('',#8812,(#8816,#8823),.PCURVE_S1.);
#8812 = LINE('',#8813,#8814);
#8813 = CARTESIAN_POINT('',(-16.9403936064,-44.,276.41834010754));
#8814 = VECTOR('',#8815,1.);
#8815 = DIRECTION('',(-0.779850996634,0.266210672544,0.566537113412));
#8816 = PCURVE('',#8784,#8817);
#8817 = DEFINITIONAL_REPRESENTATION('',(#8818),#8822);
#8818 = LINE('',#8819,#8820);
#8819 = CARTESIAN_POINT('',(6.28318530718,-0.));
#8820 = VECTOR('',#8821,1.);
#8821 = DIRECTION('',(0.,1.));
#8822 = ( GEOMETRIC_REPRESENTATION_CONTEXT(2) 
PARAMETRIC_REPRESENTATION_CONTEXT() REPRESENTATION_CONTEXT('2D SPACE',''
  ) );
#8823 = PCURVE('',#8784,#8824);
#8824 = DEFINITIONAL_REPRESENTATION('',(#8825),#8829);
#8825 = LINE('',#8826,#8827);
#8826 = CARTESIAN_POINT('',(0.,-0.));
#8827 = VECTOR('',#8828,1.);
#8828 = DIRECTION('',(0.,1.));
#8829 = ( GEOMETRIC_REPRESENTATION_CONTEXT(2) 
PARAMETRIC_REPRESENTATION_CONTEXT() REPRESENTATION_CONTEXT('2D SPACE',''
  ) );
#8830 = ORIENTED_EDGE('',*,*,#8831,.T.);
#8831 = EDGE_CURVE('',#8809,#8809,#8832,.T.);
#8832 = SURFACE_CURVE('',#8833,(#8838,#8845),.PCURVE_S1.);
#8833 = CIRCLE('',#8834,1.6);
#8834 = AXIS2_PLACEMENT_3D('',#8835,#8836,#8837);
#8835 = CARTESIAN_POINT('',(-16.,-44.,277.7128129211));
#8836 = DIRECTION('',(-0.779850996634,0.266210672544,0.566537113412));
#8837 = DIRECTION('',(-0.587746004003,-1.387778780781E-17,
    -0.809045508472));
#8838 = PCURVE('',#8784,#8839);
#8839 = DEFINITIONAL_REPRESENTATION('',(#8840),#8844);
#8840 = LINE('',#8841,#8842);
#8841 = CARTESIAN_POINT('',(0.,0.));
#8842 = VECTOR('',#8843,1.);
#8843 = DIRECTION('',(1.,0.));
#8844 = ( GEOMETRIC_REPRESENTATION_CONTEXT(2) 
PARAMETRIC_REPRESENTATION_CONTEXT() REPRESENTATION_CONTEXT('2D SPACE',''
  ) );
#8845 = PCURVE('',#8846,#8851);
#8846 = PLANE('',#8847);
#8847 = AXIS2_PLACEMENT_3D('',#8848,#8849,#8850);
#8848 = CARTESIAN_POINT('',(-16.,-44.,277.7128129211));
#8849 = DIRECTION('',(-0.779850996634,0.266210672544,0.566537113412));
#8850 = DIRECTION('',(-0.587746004003,0.,-0.809045508472));
#8851 = DEFINITIONAL_REPRESENTATION('',(#8852),#8856);
#8852 = CIRCLE('',#8853,1.6);
#8853 = AXIS2_PLACEMENT_2D('',#8854,#8855);
#8854 = CARTESIAN_POINT('',(0.,0.));
#8855 = DIRECTION('',(1.,0.));
#8856 = ( GEOMETRIC_REPRESENTATION_CONTEXT(2) 
PARAMETRIC_REPRESENTATION_CONTEXT() REPRESENTATION_CONTEXT('2D SPACE',''
  ) );
#8857 = ORIENTED_EDGE('',*,*,#8808,.T.);
#8858 = ADVANCED_FACE('',(#8859),#8796,.T.);
#8859 = FACE_BOUND('',#8860,.T.);
#8860 = EDGE_LOOP('',(#8861));
#8861 = ORIENTED_EDGE('',*,*,#8774,.T.);
#8862 = ADVANCED_FACE('',(#8863),#8846,.F.);
#8863 = FACE_BOUND('',#8864,.T.);
#8864 = EDGE_LOOP('',(#8865));
#8865 = ORIENTED_EDGE('',*,*,#8831,.F.);
#8866 = ( GEOMETRIC_REPRESENTATION_CONTEXT(3) 
GLOBAL_UNCERTAINTY_ASSIGNED_CONTEXT((#8870)) 
GLOBAL_UNIT_ASSIGNED_CONTEXT((#8867,#8868,#8869)) REPRESENTATION_CONTEXT
('Context #1','3D Context with UNIT and UNCERTAINTY') );
#8867 = ( LENGTH_UNIT() NAMED_UNIT(*) SI_UNIT(.MILLI.,.METRE.) );
#8868 = ( NAMED_UNIT(*) PLANE_ANGLE_UNIT() SI_UNIT($,.RADIAN.) );
#8869 = ( NAMED_UNIT(*) SI_UNIT($,.STERADIAN.) SOLID_ANGLE_UNIT() );
#8870 = UNCERTAINTY_MEASURE_WITH_UNIT(LENGTH_MEASURE(1.E-07),#8867,
  'distance_accuracy_value','confusion accuracy');
#8871 = CONTEXT_DEPENDENT_SHAPE_REPRESENTATION(#8872,#8874);
#8872 = ( REPRESENTATION_RELATIONSHIP('','',#8767,#7527) 
REPRESENTATION_RELATIONSHIP_WITH_TRANSFORMATION(#8873) 
SHAPE_REPRESENTATION_RELATIONSHIP() );
#8873 = ITEM_DEFINED_TRANSFORMATION('','',#11,#7564);
#8874 = PRODUCT_DEFINITION_SHAPE('Placement','Placement of an item',
  #8875);
#8875 = NEXT_ASSEMBLY_USAGE_OCCURRENCE('66','=>[0:1:1:69]','',#7522,
  #8762,$);
#8876 = PRODUCT_RELATED_PRODUCT_CATEGORY('part',$,(#8764));
#8877 = SHAPE_DEFINITION_REPRESENTATION(#8878,#8884);
#8878 = PRODUCT_DEFINITION_SHAPE('','',#8879);
#8879 = PRODUCT_DEFINITION('design','',#8880,#8883);
#8880 = PRODUCT_DEFINITION_FORMATION('','',#8881);
#8881 = PRODUCT('SOLID','SOLID','',(#8882));
#8882 = PRODUCT_CONTEXT('',#2,'mechanical');
#8883 = PRODUCT_DEFINITION_CONTEXT('part definition',#2,'design');
#8884 = ADVANCED_BREP_SHAPE_REPRESENTATION('',(#11,#8885),#8983);
#8885 = MANIFOLD_SOLID_BREP('',#8886);
#8886 = CLOSED_SHELL('',(#8887,#8975,#8979));
#8887 = ADVANCED_FACE('',(#8888),#8901,.T.);
#8888 = FACE_BOUND('',#8889,.T.);
#8889 = EDGE_LOOP('',(#8890,#8924,#8947,#8974));
#8890 = ORIENTED_EDGE('',*,*,#8891,.F.);
#8891 = EDGE_CURVE('',#8892,#8892,#8894,.T.);
#8892 = VERTEX_POINT('',#8893);
#8893 = CARTESIAN_POINT('',(-177.2204018838,-1.537791593254,
    314.47587215929));
#8894 = SURFACE_CURVE('',#8895,(#8900,#8912),.PCURVE_S1.);
#8895 = CIRCLE('',#8896,1.6);
#8896 = AXIS2_PLACEMENT_3D('',#8897,#8898,#8899);
#8897 = CARTESIAN_POINT('',(-177.6622129472,0.,314.47587215929));
#8898 = DIRECTION('',(-0.926587331578,-0.266210672544,0.265645995234));
#8899 = DIRECTION('',(0.276131914608,-0.961119745784,0.));
#8900 = PCURVE('',#8901,#8906);
#8901 = CYLINDRICAL_SURFACE('',#8902,1.6);
#8902 = AXIS2_PLACEMENT_3D('',#8903,#8904,#8905);
#8903 = CARTESIAN_POINT('',(-24.5134221798,44.,270.56920350996));
#8904 = DIRECTION('',(-0.926587331578,-0.266210672544,0.265645995234));
#8905 = DIRECTION('',(0.276131914608,-0.961119745784,0.));
#8906 = DEFINITIONAL_REPRESENTATION('',(#8907),#8911);
#8907 = LINE('',#8908,#8909);
#8908 = CARTESIAN_POINT('',(0.,165.28262965417));
#8909 = VECTOR('',#8910,1.);
#8910 = DIRECTION('',(1.,0.));
#8911 = ( GEOMETRIC_REPRESENTATION_CONTEXT(2) 
PARAMETRIC_REPRESENTATION_CONTEXT() REPRESENTATION_CONTEXT('2D SPACE',''
  ) );
#8912 = PCURVE('',#8913,#8918);
#8913 = PLANE('',#8914);
#8914 = AXIS2_PLACEMENT_3D('',#8915,#8916,#8917);
#8915 = CARTESIAN_POINT('',(-177.6622129472,0.,314.47587215929));
#8916 = DIRECTION('',(-0.926587331578,-0.266210672544,0.265645995234));
#8917 = DIRECTION('',(0.276131914608,-0.961119745784,0.));
#8918 = DEFINITIONAL_REPRESENTATION('',(#8919),#8923);
#8919 = CIRCLE('',#8920,1.6);
#8920 = AXIS2_PLACEMENT_2D('',#8921,#8922);
#8921 = CARTESIAN_POINT('',(0.,0.));
#8922 = DIRECTION('',(1.,0.));
#8923 = ( GEOMETRIC_REPRESENTATION_CONTEXT(2) 
PARAMETRIC_REPRESENTATION_CONTEXT() REPRESENTATION_CONTEXT('2D SPACE',''
  ) );
#8924 = ORIENTED_EDGE('',*,*,#8925,.F.);
#8925 = EDGE_CURVE('',#8926,#8892,#8928,.T.);
#8926 = VERTEX_POINT('',#8927);
#8927 = CARTESIAN_POINT('',(-24.07161111643,42.462208406746,
    270.56920350996));
#8928 = SEAM_CURVE('',#8929,(#8933,#8940),.PCURVE_S1.);
#8929 = LINE('',#8930,#8931);
#8930 = CARTESIAN_POINT('',(-24.07161111643,42.462208406746,
    270.56920350996));
#8931 = VECTOR('',#8932,1.);
#8932 = DIRECTION('',(-0.926587331578,-0.266210672544,0.265645995234));
#8933 = PCURVE('',#8901,#8934);
#8934 = DEFINITIONAL_REPRESENTATION('',(#8935),#8939);
#8935 = LINE('',#8936,#8937);
#8936 = CARTESIAN_POINT('',(6.28318530718,-0.));
#8937 = VECTOR('',#8938,1.);
#8938 = DIRECTION('',(0.,1.));
#8939 = ( GEOMETRIC_REPRESENTATION_CONTEXT(2) 
PARAMETRIC_REPRESENTATION_CONTEXT() REPRESENTATION_CONTEXT('2D SPACE',''
  ) );
#8940 = PCURVE('',#8901,#8941);
#8941 = DEFINITIONAL_REPRESENTATION('',(#8942),#8946);
#8942 = LINE('',#8943,#8944);
#8943 = CARTESIAN_POINT('',(0.,-0.));
#8944 = VECTOR('',#8945,1.);
#8945 = DIRECTION('',(0.,1.));
#8946 = ( GEOMETRIC_REPRESENTATION_CONTEXT(2) 
PARAMETRIC_REPRESENTATION_CONTEXT() REPRESENTATION_CONTEXT('2D SPACE',''
  ) );
#8947 = ORIENTED_EDGE('',*,*,#8948,.T.);
#8948 = EDGE_CURVE('',#8926,#8926,#8949,.T.);
#8949 = SURFACE_CURVE('',#8950,(#8955,#8962),.PCURVE_S1.);
#8950 = CIRCLE('',#8951,1.6);
#8951 = AXIS2_PLACEMENT_3D('',#8952,#8953,#8954);
#8952 = CARTESIAN_POINT('',(-24.5134221798,44.,270.56920350996));
#8953 = DIRECTION('',(-0.926587331578,-0.266210672544,0.265645995234));
#8954 = DIRECTION('',(0.276131914608,-0.961119745784,0.));
#8955 = PCURVE('',#8901,#8956);
#8956 = DEFINITIONAL_REPRESENTATION('',(#8957),#8961);
#8957 = LINE('',#8958,#8959);
#8958 = CARTESIAN_POINT('',(0.,0.));
#8959 = VECTOR('',#8960,1.);
#8960 = DIRECTION('',(1.,0.));
#8961 = ( GEOMETRIC_REPRESENTATION_CONTEXT(2) 
PARAMETRIC_REPRESENTATION_CONTEXT() REPRESENTATION_CONTEXT('2D SPACE',''
  ) );
#8962 = PCURVE('',#8963,#8968);
#8963 = PLANE('',#8964);
#8964 = AXIS2_PLACEMENT_3D('',#8965,#8966,#8967);
#8965 = CARTESIAN_POINT('',(-24.5134221798,44.,270.56920350996));
#8966 = DIRECTION('',(-0.926587331578,-0.266210672544,0.265645995234));
#8967 = DIRECTION('',(0.276131914608,-0.961119745784,0.));
#8968 = DEFINITIONAL_REPRESENTATION('',(#8969),#8973);
#8969 = CIRCLE('',#8970,1.6);
#8970 = AXIS2_PLACEMENT_2D('',#8971,#8972);
#8971 = CARTESIAN_POINT('',(0.,0.));
#8972 = DIRECTION('',(1.,0.));
#8973 = ( GEOMETRIC_REPRESENTATION_CONTEXT(2) 
PARAMETRIC_REPRESENTATION_CONTEXT() REPRESENTATION_CONTEXT('2D SPACE',''
  ) );
#8974 = ORIENTED_EDGE('',*,*,#8925,.T.);
#8975 = ADVANCED_FACE('',(#8976),#8913,.T.);
#8976 = FACE_BOUND('',#8977,.T.);
#8977 = EDGE_LOOP('',(#8978));
#8978 = ORIENTED_EDGE('',*,*,#8891,.T.);
#8979 = ADVANCED_FACE('',(#8980),#8963,.F.);
#8980 = FACE_BOUND('',#8981,.T.);
#8981 = EDGE_LOOP('',(#8982));
#8982 = ORIENTED_EDGE('',*,*,#8948,.F.);
#8983 = ( GEOMETRIC_REPRESENTATION_CONTEXT(3) 
GLOBAL_UNCERTAINTY_ASSIGNED_CONTEXT((#8987)) 
GLOBAL_UNIT_ASSIGNED_CONTEXT((#8984,#8985,#8986)) REPRESENTATION_CONTEXT
('Context #1','3D Context with UNIT and UNCERTAINTY') );
#8984 = ( LENGTH_UNIT() NAMED_UNIT(*) SI_UNIT(.MILLI.,.METRE.) );
#8985 = ( NAMED_UNIT(*) PLANE_ANGLE_UNIT() SI_UNIT($,.RADIAN.) );
#8986 = ( NAMED_UNIT(*) SI_UNIT($,.STERADIAN.) SOLID_ANGLE_UNIT() );
#8987 = UNCERTAINTY_MEASURE_WITH_UNIT(LENGTH_MEASURE(1.E-07),#8984,
  'distance_accuracy_value','confusion accuracy');
#8988 = CONTEXT_DEPENDENT_SHAPE_REPRESENTATION(#8989,#8991);
#8989 = ( REPRESENTATION_RELATIONSHIP('','',#8884,#7527) 
REPRESENTATION_RELATIONSHIP_WITH_TRANSFORMATION(#8990) 
SHAPE_REPRESENTATION_RELATIONSHIP() );
#8990 = ITEM_DEFINED_TRANSFORMATION('','',#11,#7568);
#8991 = PRODUCT_DEFINITION_SHAPE('Placement','Placement of an item',
  #8992);
#8992 = NEXT_ASSEMBLY_USAGE_OCCURRENCE('67','=>[0:1:1:70]','',#7522,
  #8879,$);
#8993 = PRODUCT_RELATED_PRODUCT_CATEGORY('part',$,(#8881));
#8994 = SHAPE_DEFINITION_REPRESENTATION(#8995,#9001);
#8995 = PRODUCT_DEFINITION_SHAPE('','',#8996);
#8996 = PRODUCT_DEFINITION('design','',#8997,#9000);
#8997 = PRODUCT_DEFINITION_FORMATION('','',#8998);
#8998 = PRODUCT('SOLID','SOLID','',(#8999));
#8999 = PRODUCT_CONTEXT('',#2,'mechanical');
#9000 = PRODUCT_DEFINITION_CONTEXT('part definition',#2,'design');
#9001 = ADVANCED_BREP_SHAPE_REPRESENTATION('',(#11,#9002),#9100);
#9002 = MANIFOLD_SOLID_BREP('',#9003);
#9003 = CLOSED_SHELL('',(#9004,#9092,#9096));
#9004 = ADVANCED_FACE('',(#9005),#9018,.T.);
#9005 = FACE_BOUND('',#9006,.T.);
#9006 = EDGE_LOOP('',(#9007,#9041,#9064,#9091));
#9007 = ORIENTED_EDGE('',*,*,#9008,.F.);
#9008 = EDGE_CURVE('',#9009,#9009,#9011,.T.);
#9009 = VERTEX_POINT('',#9010);
#9010 = CARTESIAN_POINT('',(-189.4268220919,-1.54199627109,
    249.82344575106));
#9011 = SURFACE_CURVE('',#9012,(#9017,#9029),.PCURVE_S1.);
#9012 = CIRCLE('',#9013,1.6);
#9013 = AXIS2_PLACEMENT_3D('',#9014,#9015,#9016);
#9014 = CARTESIAN_POINT('',(-188.9999175359,0.,249.82344575106));
#9015 = DIRECTION('',(-0.961563559361,0.266210672544,-6.728595048752E-02
    ));
#9016 = DIRECTION('',(-0.266815347508,-0.963747669431,0.));
#9017 = PCURVE('',#9018,#9023);
#9018 = CYLINDRICAL_SURFACE('',#9019,1.6);
#9019 = AXIS2_PLACEMENT_3D('',#9020,#9021,#9022);
#9020 = CARTESIAN_POINT('',(-30.07016386514,-44.,260.94464458642));
#9021 = DIRECTION('',(-0.961563559361,0.266210672544,-6.728595048752E-02
    ));
#9022 = DIRECTION('',(-0.266815347508,-0.963747669431,0.));
#9023 = DEFINITIONAL_REPRESENTATION('',(#9024),#9028);
#9024 = LINE('',#9025,#9026);
#9025 = CARTESIAN_POINT('',(0.,165.28262965417));
#9026 = VECTOR('',#9027,1.);
#9027 = DIRECTION('',(1.,0.));
#9028 = ( GEOMETRIC_REPRESENTATION_CONTEXT(2) 
PARAMETRIC_REPRESENTATION_CONTEXT() REPRESENTATION_CONTEXT('2D SPACE',''
  ) );
#9029 = PCURVE('',#9030,#9035);
#9030 = PLANE('',#9031);
#9031 = AXIS2_PLACEMENT_3D('',#9032,#9033,#9034);
#9032 = CARTESIAN_POINT('',(-188.9999175359,0.,249.82344575106));
#9033 = DIRECTION('',(-0.961563559361,0.266210672544,-6.728595048752E-02
    ));
#9034 = DIRECTION('',(-0.266815347508,-0.963747669431,0.));
#9035 = DEFINITIONAL_REPRESENTATION('',(#9036),#9040);
#9036 = CIRCLE('',#9037,1.6);
#9037 = AXIS2_PLACEMENT_2D('',#9038,#9039);
#9038 = CARTESIAN_POINT('',(0.,0.));
#9039 = DIRECTION('',(1.,0.));
#9040 = ( GEOMETRIC_REPRESENTATION_CONTEXT(2) 
PARAMETRIC_REPRESENTATION_CONTEXT() REPRESENTATION_CONTEXT('2D SPACE',''
  ) );
#9041 = ORIENTED_EDGE('',*,*,#9042,.F.);
#9042 = EDGE_CURVE('',#9043,#9009,#9045,.T.);
#9043 = VERTEX_POINT('',#9044);
#9044 = CARTESIAN_POINT('',(-30.49706842116,-45.54199627109,
    260.94464458642));
#9045 = SEAM_CURVE('',#9046,(#9050,#9057),.PCURVE_S1.);
#9046 = LINE('',#9047,#9048);
#9047 = CARTESIAN_POINT('',(-30.49706842116,-45.54199627109,
    260.94464458642));
#9048 = VECTOR('',#9049,1.);
#9049 = DIRECTION('',(-0.961563559361,0.266210672544,-6.728595048752E-02
    ));
#9050 = PCURVE('',#9018,#9051);
#9051 = DEFINITIONAL_REPRESENTATION('',(#9052),#9056);
#9052 = LINE('',#9053,#9054);
#9053 = CARTESIAN_POINT('',(6.28318530718,-0.));
#9054 = VECTOR('',#9055,1.);
#9055 = DIRECTION('',(0.,1.));
#9056 = ( GEOMETRIC_REPRESENTATION_CONTEXT(2) 
PARAMETRIC_REPRESENTATION_CONTEXT() REPRESENTATION_CONTEXT('2D SPACE',''
  ) );
#9057 = PCURVE('',#9018,#9058);
#9058 = DEFINITIONAL_REPRESENTATION('',(#9059),#9063);
#9059 = LINE('',#9060,#9061);
#9060 = CARTESIAN_POINT('',(0.,-0.));
#9061 = VECTOR('',#9062,1.);
#9062 = DIRECTION('',(0.,1.));
#9063 = ( GEOMETRIC_REPRESENTATION_CONTEXT(2) 
PARAMETRIC_REPRESENTATION_CONTEXT() REPRESENTATION_CONTEXT('2D SPACE',''
  ) );
#9064 = ORIENTED_EDGE('',*,*,#9065,.T.);
#9065 = EDGE_CURVE('',#9043,#9043,#9066,.T.);
#9066 = SURFACE_CURVE('',#9067,(#9072,#9079),.PCURVE_S1.);
#9067 = CIRCLE('',#9068,1.6);
#9068 = AXIS2_PLACEMENT_3D('',#9069,#9070,#9071);
#9069 = CARTESIAN_POINT('',(-30.07016386514,-44.,260.94464458642));
#9070 = DIRECTION('',(-0.961563559361,0.266210672544,-6.728595048752E-02
    ));
#9071 = DIRECTION('',(-0.266815347508,-0.963747669431,0.));
#9072 = PCURVE('',#9018,#9073);
#9073 = DEFINITIONAL_REPRESENTATION('',(#9074),#9078);
#9074 = LINE('',#9075,#9076);
#9075 = CARTESIAN_POINT('',(0.,0.));
#9076 = VECTOR('',#9077,1.);
#9077 = DIRECTION('',(1.,0.));
#9078 = ( GEOMETRIC_REPRESENTATION_CONTEXT(2) 
PARAMETRIC_REPRESENTATION_CONTEXT() REPRESENTATION_CONTEXT('2D SPACE',''
  ) );
#9079 = PCURVE('',#9080,#9085);
#9080 = PLANE('',#9081);
#9081 = AXIS2_PLACEMENT_3D('',#9082,#9083,#9084);
#9082 = CARTESIAN_POINT('',(-30.07016386514,-44.,260.94464458642));
#9083 = DIRECTION('',(-0.961563559361,0.266210672544,-6.728595048752E-02
    ));
#9084 = DIRECTION('',(-0.266815347508,-0.963747669431,0.));
#9085 = DEFINITIONAL_REPRESENTATION('',(#9086),#9090);
#9086 = CIRCLE('',#9087,1.6);
#9087 = AXIS2_PLACEMENT_2D('',#9088,#9089);
#9088 = CARTESIAN_POINT('',(0.,0.));
#9089 = DIRECTION('',(1.,0.));
#9090 = ( GEOMETRIC_REPRESENTATION_CONTEXT(2) 
PARAMETRIC_REPRESENTATION_CONTEXT() REPRESENTATION_CONTEXT('2D SPACE',''
  ) );
#9091 = ORIENTED_EDGE('',*,*,#9042,.T.);
#9092 = ADVANCED_FACE('',(#9093),#9030,.T.);
#9093 = FACE_BOUND('',#9094,.T.);
#9094 = EDGE_LOOP('',(#9095));
#9095 = ORIENTED_EDGE('',*,*,#9008,.T.);
#9096 = ADVANCED_FACE('',(#9097),#9080,.F.);
#9097 = FACE_BOUND('',#9098,.T.);
#9098 = EDGE_LOOP('',(#9099));
#9099 = ORIENTED_EDGE('',*,*,#9065,.F.);
#9100 = ( GEOMETRIC_REPRESENTATION_CONTEXT(3) 
GLOBAL_UNCERTAINTY_ASSIGNED_CONTEXT((#9104)) 
GLOBAL_UNIT_ASSIGNED_CONTEXT((#9101,#9102,#9103)) REPRESENTATION_CONTEXT
('Context #1','3D Context with UNIT and UNCERTAINTY') );
#9101 = ( LENGTH_UNIT() NAMED_UNIT(*) SI_UNIT(.MILLI.,.METRE.) );
#9102 = ( NAMED_UNIT(*) PLANE_ANGLE_UNIT() SI_UNIT($,.RADIAN.) );
#9103 = ( NAMED_UNIT(*) SI_UNIT($,.STERADIAN.) SOLID_ANGLE_UNIT() );
#9104 = UNCERTAINTY_MEASURE_WITH_UNIT(LENGTH_MEASURE(1.E-07),#9101,
  'distance_accuracy_value','confusion accuracy');
#9105 = CONTEXT_DEPENDENT_SHAPE_REPRESENTATION(#9106,#9108);
#9106 = ( REPRESENTATION_RELATIONSHIP('','',#9001,#7527) 
REPRESENTATION_RELATIONSHIP_WITH_TRANSFORMATION(#9107) 
SHAPE_REPRESENTATION_RELATIONSHIP() );
#9107 = ITEM_DEFINED_TRANSFORMATION('','',#11,#7572);
#9108 = PRODUCT_DEFINITION_SHAPE('Placement','Placement of an item',
  #9109);
#9109 = NEXT_ASSEMBLY_USAGE_OCCURRENCE('68','=>[0:1:1:71]','',#7522,
  #8996,$);
#9110 = PRODUCT_RELATED_PRODUCT_CATEGORY('part',$,(#8998));
#9111 = SHAPE_DEFINITION_REPRESENTATION(#9112,#9118);
#9112 = PRODUCT_DEFINITION_SHAPE('','',#9113);
#9113 = PRODUCT_DEFINITION('design','',#9114,#9117);
#9114 = PRODUCT_DEFINITION_FORMATION('','',#9115);
#9115 = PRODUCT('SOLID','SOLID','',(#9116));
#9116 = PRODUCT_CONTEXT('',#2,'mechanical');
#9117 = PRODUCT_DEFINITION_CONTEXT('part definition',#2,'design');
#9118 = ADVANCED_BREP_SHAPE_REPRESENTATION('',(#11,#9119),#9217);
#9119 = MANIFOLD_SOLID_BREP('',#9120);
#9120 = CLOSED_SHELL('',(#9121,#9209,#9213));
#9121 = ADVANCED_FACE('',(#9122),#9135,.T.);
#9122 = FACE_BOUND('',#9123,.T.);
#9123 = EDGE_LOOP('',(#9124,#9158,#9181,#9208));
#9124 = ORIENTED_EDGE('',*,*,#9125,.F.);
#9125 = EDGE_CURVE('',#9126,#9126,#9128,.T.);
#9126 = VERTEX_POINT('',#9127);
#9127 = CARTESIAN_POINT('',(-176.8905931903,2.069526534626E-16,
    183.73067323143));
#9128 = SURFACE_CURVE('',#9129,(#9134,#9146),.PCURVE_S1.);
#9129 = CIRCLE('',#9130,1.6);
#9130 = AXIS2_PLACEMENT_3D('',#9131,#9132,#9133);
#9131 = CARTESIAN_POINT('',(-177.5414427281,0.,185.19231439092));
#9132 = DIRECTION('',(-0.880561030719,-0.266210672544,-0.392102217545));
#9133 = DIRECTION('',(0.406780961153,-1.387778780781E-17,-0.913525724675
    ));
#9134 = PCURVE('',#9135,#9140);
#9135 = CYLINDRICAL_SURFACE('',#9136,1.6);
#9136 = AXIS2_PLACEMENT_3D('',#9137,#9138,#9139);
#9137 = CARTESIAN_POINT('',(-32.,44.,250.));
#9138 = DIRECTION('',(-0.880561030719,-0.266210672544,-0.392102217545));
#9139 = DIRECTION('',(0.406780961153,-1.387778780781E-17,-0.913525724675
    ));
#9140 = DEFINITIONAL_REPRESENTATION('',(#9141),#9145);
#9141 = LINE('',#9142,#9143);
#9142 = CARTESIAN_POINT('',(0.,165.28262965417));
#9143 = VECTOR('',#9144,1.);
#9144 = DIRECTION('',(1.,0.));
#9145 = ( GEOMETRIC_REPRESENTATION_CONTEXT(2) 
PARAMETRIC_REPRESENTATION_CONTEXT() REPRESENTATION_CONTEXT('2D SPACE',''
  ) );
#9146 = PCURVE('',#9147,#9152);
#9147 = PLANE('',#9148);
#9148 = AXIS2_PLACEMENT_3D('',#9149,#9150,#9151);
#9149 = CARTESIAN_POINT('',(-177.5414427281,0.,185.19231439092));
#9150 = DIRECTION('',(-0.880561030719,-0.266210672544,-0.392102217545));
#9151 = DIRECTION('',(0.406780961153,-1.387778780781E-17,-0.913525724675
    ));
#9152 = DEFINITIONAL_REPRESENTATION('',(#9153),#9157);
#9153 = CIRCLE('',#9154,1.6);
#9154 = AXIS2_PLACEMENT_2D('',#9155,#9156);
#9155 = CARTESIAN_POINT('',(0.,0.));
#9156 = DIRECTION('',(1.,0.));
#9157 = ( GEOMETRIC_REPRESENTATION_CONTEXT(2) 
PARAMETRIC_REPRESENTATION_CONTEXT() REPRESENTATION_CONTEXT('2D SPACE',''
  ) );
#9158 = ORIENTED_EDGE('',*,*,#9159,.F.);
#9159 = EDGE_CURVE('',#9160,#9126,#9162,.T.);
#9160 = VERTEX_POINT('',#9161);
#9161 = CARTESIAN_POINT('',(-31.34915046215,44.,248.53835884052));
#9162 = SEAM_CURVE('',#9163,(#9167,#9174),.PCURVE_S1.);
#9163 = LINE('',#9164,#9165);
#9164 = CARTESIAN_POINT('',(-31.34915046215,44.,248.53835884052));
#9165 = VECTOR('',#9166,1.);
#9166 = DIRECTION('',(-0.880561030719,-0.266210672544,-0.392102217545));
#9167 = PCURVE('',#9135,#9168);
#9168 = DEFINITIONAL_REPRESENTATION('',(#9169),#9173);
#9169 = LINE('',#9170,#9171);
#9170 = CARTESIAN_POINT('',(6.28318530718,-0.));
#9171 = VECTOR('',#9172,1.);
#9172 = DIRECTION('',(0.,1.));
#9173 = ( GEOMETRIC_REPRESENTATION_CONTEXT(2) 
PARAMETRIC_REPRESENTATION_CONTEXT() REPRESENTATION_CONTEXT('2D SPACE',''
  ) );
#9174 = PCURVE('',#9135,#9175);
#9175 = DEFINITIONAL_REPRESENTATION('',(#9176),#9180);
#9176 = LINE('',#9177,#9178);
#9177 = CARTESIAN_POINT('',(0.,-0.));
#9178 = VECTOR('',#9179,1.);
#9179 = DIRECTION('',(0.,1.));
#9180 = ( GEOMETRIC_REPRESENTATION_CONTEXT(2) 
PARAMETRIC_REPRESENTATION_CONTEXT() REPRESENTATION_CONTEXT('2D SPACE',''
  ) );
#9181 = ORIENTED_EDGE('',*,*,#9182,.T.);
#9182 = EDGE_CURVE('',#9160,#9160,#9183,.T.);
#9183 = SURFACE_CURVE('',#9184,(#9189,#9196),.PCURVE_S1.);
#9184 = CIRCLE('',#9185,1.6);
#9185 = AXIS2_PLACEMENT_3D('',#9186,#9187,#9188);
#9186 = CARTESIAN_POINT('',(-32.,44.,250.));
#9187 = DIRECTION('',(-0.880561030719,-0.266210672544,-0.392102217545));
#9188 = DIRECTION('',(0.406780961153,-1.387778780781E-17,-0.913525724675
    ));
#9189 = PCURVE('',#9135,#9190);
#9190 = DEFINITIONAL_REPRESENTATION('',(#9191),#9195);
#9191 = LINE('',#9192,#9193);
#9192 = CARTESIAN_POINT('',(0.,0.));
#9193 = VECTOR('',#9194,1.);
#9194 = DIRECTION('',(1.,0.));
#9195 = ( GEOMETRIC_REPRESENTATION_CONTEXT(2) 
PARAMETRIC_REPRESENTATION_CONTEXT() REPRESENTATION_CONTEXT('2D SPACE',''
  ) );
#9196 = PCURVE('',#9197,#9202);
#9197 = PLANE('',#9198);
#9198 = AXIS2_PLACEMENT_3D('',#9199,#9200,#9201);
#9199 = CARTESIAN_POINT('',(-32.,44.,250.));
#9200 = DIRECTION('',(-0.880561030719,-0.266210672544,-0.392102217545));
#9201 = DIRECTION('',(0.406780961153,-1.387778780781E-17,-0.913525724675
    ));
#9202 = DEFINITIONAL_REPRESENTATION('',(#9203),#9207);
#9203 = CIRCLE('',#9204,1.6);
#9204 = AXIS2_PLACEMENT_2D('',#9205,#9206);
#9205 = CARTESIAN_POINT('',(0.,0.));
#9206 = DIRECTION('',(1.,0.));
#9207 = ( GEOMETRIC_REPRESENTATION_CONTEXT(2) 
PARAMETRIC_REPRESENTATION_CONTEXT() REPRESENTATION_CONTEXT('2D SPACE',''
  ) );
#9208 = ORIENTED_EDGE('',*,*,#9159,.T.);
#9209 = ADVANCED_FACE('',(#9210),#9147,.T.);
#9210 = FACE_BOUND('',#9211,.T.);
#9211 = EDGE_LOOP('',(#9212));
#9212 = ORIENTED_EDGE('',*,*,#9125,.T.);
#9213 = ADVANCED_FACE('',(#9214),#9197,.F.);
#9214 = FACE_BOUND('',#9215,.T.);
#9215 = EDGE_LOOP('',(#9216));
#9216 = ORIENTED_EDGE('',*,*,#9182,.F.);
#9217 = ( GEOMETRIC_REPRESENTATION_CONTEXT(3) 
GLOBAL_UNCERTAINTY_ASSIGNED_CONTEXT((#9221)) 
GLOBAL_UNIT_ASSIGNED_CONTEXT((#9218,#9219,#9220)) REPRESENTATION_CONTEXT
('Context #1','3D Context with UNIT and UNCERTAINTY') );
#9218 = ( LENGTH_UNIT() NAMED_UNIT(*) SI_UNIT(.MILLI.,.METRE.) );
#9219 = ( NAMED_UNIT(*) PLANE_ANGLE_UNIT() SI_UNIT($,.RADIAN.) );
#9220 = ( NAMED_UNIT(*) SI_UNIT($,.STERADIAN.) SOLID_ANGLE_UNIT() );
#9221 = UNCERTAINTY_MEASURE_WITH_UNIT(LENGTH_MEASURE(1.E-07),#9218,
  'distance_accuracy_value','confusion accuracy');
#9222 = CONTEXT_DEPENDENT_SHAPE_REPRESENTATION(#9223,#9225);
#9223 = ( REPRESENTATION_RELATIONSHIP('','',#9118,#7527) 
REPRESENTATION_RELATIONSHIP_WITH_TRANSFORMATION(#9224) 
SHAPE_REPRESENTATION_RELATIONSHIP() );
#9224 = ITEM_DEFINED_TRANSFORMATION('','',#11,#7576);
#9225 = PRODUCT_DEFINITION_SHAPE('Placement','Placement of an item',
  #9226);
#9226 = NEXT_ASSEMBLY_USAGE_OCCURRENCE('69','=>[0:1:1:72]','',#7522,
  #9113,$);
#9227 = PRODUCT_RELATED_PRODUCT_CATEGORY('part',$,(#9115));
#9228 = SHAPE_DEFINITION_REPRESENTATION(#9229,#9235);
#9229 = PRODUCT_DEFINITION_SHAPE('','',#9230);
#9230 = PRODUCT_DEFINITION('design','',#9231,#9234);
#9231 = PRODUCT_DEFINITION_FORMATION('','',#9232);
#9232 = PRODUCT('SOLID','SOLID','',(#9233));
#9233 = PRODUCT_CONTEXT('',#2,'mechanical');
#9234 = PRODUCT_DEFINITION_CONTEXT('part definition',#2,'design');
#9235 = ADVANCED_BREP_SHAPE_REPRESENTATION('',(#11,#9236),#9334);
#9236 = MANIFOLD_SOLID_BREP('',#9237);
#9237 = CLOSED_SHELL('',(#9238,#9326,#9330));
#9238 = ADVANCED_FACE('',(#9239),#9252,.T.);
#9239 = FACE_BOUND('',#9240,.T.);
#9240 = EDGE_LOOP('',(#9241,#9275,#9298,#9325));
#9241 = ORIENTED_EDGE('',*,*,#9242,.F.);
#9242 = EDGE_CURVE('',#9243,#9243,#9245,.T.);
#9243 = VERTEX_POINT('',#9244);
#9244 = CARTESIAN_POINT('',(-143.5573404678,4.631517579268E-15,
    127.22705661522));
#9245 = SURFACE_CURVE('',#9246,(#9251,#9263),.PCURVE_S1.);
#9246 = CIRCLE('',#9247,1.6);
#9247 = AXIS2_PLACEMENT_3D('',#9248,#9249,#9250);
#9248 = CARTESIAN_POINT('',(-144.6688496947,0.,128.3779463748));
#9249 = DIRECTION('',(-0.693349846075,0.266210672544,-0.669625170354));
#9250 = DIRECTION('',(0.694693266757,8.326672684689E-17,-0.71930609974)
  );
#9251 = PCURVE('',#9252,#9257);
#9252 = CYLINDRICAL_SURFACE('',#9253,1.6);
#9253 = AXIS2_PLACEMENT_3D('',#9254,#9255,#9256);
#9254 = CARTESIAN_POINT('',(-30.07016386514,-44.,239.05535541357));
#9255 = DIRECTION('',(-0.693349846075,0.266210672544,-0.669625170354));
#9256 = DIRECTION('',(0.694693266757,2.775557561563E-17,-0.71930609974)
  );
#9257 = DEFINITIONAL_REPRESENTATION('',(#9258),#9262);
#9258 = LINE('',#9259,#9260);
#9259 = CARTESIAN_POINT('',(0.,165.28262965417));
#9260 = VECTOR('',#9261,1.);
#9261 = DIRECTION('',(1.,0.));
#9262 = ( GEOMETRIC_REPRESENTATION_CONTEXT(2) 
PARAMETRIC_REPRESENTATION_CONTEXT() REPRESENTATION_CONTEXT('2D SPACE',''
  ) );
#9263 = PCURVE('',#9264,#9269);
#9264 = PLANE('',#9265);
#9265 = AXIS2_PLACEMENT_3D('',#9266,#9267,#9268);
#9266 = CARTESIAN_POINT('',(-144.6688496947,0.,128.3779463748));
#9267 = DIRECTION('',(-0.693349846075,0.266210672544,-0.669625170354));
#9268 = DIRECTION('',(0.694693266757,2.775557561563E-17,-0.71930609974)
  );
#9269 = DEFINITIONAL_REPRESENTATION('',(#9270),#9274);
#9270 = CIRCLE('',#9271,1.6);
#9271 = AXIS2_PLACEMENT_2D('',#9272,#9273);
#9272 = CARTESIAN_POINT('',(0.,0.));
#9273 = DIRECTION('',(1.,0.));
#9274 = ( GEOMETRIC_REPRESENTATION_CONTEXT(2) 
PARAMETRIC_REPRESENTATION_CONTEXT() REPRESENTATION_CONTEXT('2D SPACE',''
  ) );
#9275 = ORIENTED_EDGE('',*,*,#9276,.F.);
#9276 = EDGE_CURVE('',#9277,#9243,#9279,.T.);
#9277 = VERTEX_POINT('',#9278);
#9278 = CARTESIAN_POINT('',(-28.95865463833,-44.,237.90446565399));
#9279 = SEAM_CURVE('',#9280,(#9284,#9291),.PCURVE_S1.);
#9280 = LINE('',#9281,#9282);
#9281 = CARTESIAN_POINT('',(-28.95865463833,-44.,237.90446565399));
#9282 = VECTOR('',#9283,1.);
#9283 = DIRECTION('',(-0.693349846075,0.266210672544,-0.669625170354));
#9284 = PCURVE('',#9252,#9285);
#9285 = DEFINITIONAL_REPRESENTATION('',(#9286),#9290);
#9286 = LINE('',#9287,#9288);
#9287 = CARTESIAN_POINT('',(6.28318530718,-0.));
#9288 = VECTOR('',#9289,1.);
#9289 = DIRECTION('',(0.,1.));
#9290 = ( GEOMETRIC_REPRESENTATION_CONTEXT(2) 
PARAMETRIC_REPRESENTATION_CONTEXT() REPRESENTATION_CONTEXT('2D SPACE',''
  ) );
#9291 = PCURVE('',#9252,#9292);
#9292 = DEFINITIONAL_REPRESENTATION('',(#9293),#9297);
#9293 = LINE('',#9294,#9295);
#9294 = CARTESIAN_POINT('',(0.,-0.));
#9295 = VECTOR('',#9296,1.);
#9296 = DIRECTION('',(0.,1.));
#9297 = ( GEOMETRIC_REPRESENTATION_CONTEXT(2) 
PARAMETRIC_REPRESENTATION_CONTEXT() REPRESENTATION_CONTEXT('2D SPACE',''
  ) );
#9298 = ORIENTED_EDGE('',*,*,#9299,.T.);
#9299 = EDGE_CURVE('',#9277,#9277,#9300,.T.);
#9300 = SURFACE_CURVE('',#9301,(#9306,#9313),.PCURVE_S1.);
#9301 = CIRCLE('',#9302,1.6);
#9302 = AXIS2_PLACEMENT_3D('',#9303,#9304,#9305);
#9303 = CARTESIAN_POINT('',(-30.07016386514,-44.,239.05535541357));
#9304 = DIRECTION('',(-0.693349846075,0.266210672544,-0.669625170354));
#9305 = DIRECTION('',(0.694693266757,8.326672684689E-17,-0.71930609974)
  );
#9306 = PCURVE('',#9252,#9307);
#9307 = DEFINITIONAL_REPRESENTATION('',(#9308),#9312);
#9308 = LINE('',#9309,#9310);
#9309 = CARTESIAN_POINT('',(0.,0.));
#9310 = VECTOR('',#9311,1.);
#9311 = DIRECTION('',(1.,0.));
#9312 = ( GEOMETRIC_REPRESENTATION_CONTEXT(2) 
PARAMETRIC_REPRESENTATION_CONTEXT() REPRESENTATION_CONTEXT('2D SPACE',''
  ) );
#9313 = PCURVE('',#9314,#9319);
#9314 = PLANE('',#9315);
#9315 = AXIS2_PLACEMENT_3D('',#9316,#9317,#9318);
#9316 = CARTESIAN_POINT('',(-30.07016386514,-44.,239.05535541357));
#9317 = DIRECTION('',(-0.693349846075,0.266210672544,-0.669625170354));
#9318 = DIRECTION('',(0.694693266757,2.775557561563E-17,-0.71930609974)
  );
#9319 = DEFINITIONAL_REPRESENTATION('',(#9320),#9324);
#9320 = CIRCLE('',#9321,1.6);
#9321 = AXIS2_PLACEMENT_2D('',#9322,#9323);
#9322 = CARTESIAN_POINT('',(0.,0.));
#9323 = DIRECTION('',(1.,0.));
#9324 = ( GEOMETRIC_REPRESENTATION_CONTEXT(2) 
PARAMETRIC_REPRESENTATION_CONTEXT() REPRESENTATION_CONTEXT('2D SPACE',''
  ) );
#9325 = ORIENTED_EDGE('',*,*,#9276,.T.);
#9326 = ADVANCED_FACE('',(#9327),#9264,.T.);
#9327 = FACE_BOUND('',#9328,.T.);
#9328 = EDGE_LOOP('',(#9329));
#9329 = ORIENTED_EDGE('',*,*,#9242,.T.);
#9330 = ADVANCED_FACE('',(#9331),#9314,.F.);
#9331 = FACE_BOUND('',#9332,.T.);
#9332 = EDGE_LOOP('',(#9333));
#9333 = ORIENTED_EDGE('',*,*,#9299,.F.);
#9334 = ( GEOMETRIC_REPRESENTATION_CONTEXT(3) 
GLOBAL_UNCERTAINTY_ASSIGNED_CONTEXT((#9338)) 
GLOBAL_UNIT_ASSIGNED_CONTEXT((#9335,#9336,#9337)) REPRESENTATION_CONTEXT
('Context #1','3D Context with UNIT and UNCERTAINTY') );
#9335 = ( LENGTH_UNIT() NAMED_UNIT(*) SI_UNIT(.MILLI.,.METRE.) );
#9336 = ( NAMED_UNIT(*) PLANE_ANGLE_UNIT() SI_UNIT($,.RADIAN.) );
#9337 = ( NAMED_UNIT(*) SI_UNIT($,.STERADIAN.) SOLID_ANGLE_UNIT() );
#9338 = UNCERTAINTY_MEASURE_WITH_UNIT(LENGTH_MEASURE(1.E-07),#9335,
  'distance_accuracy_value','confusion accuracy');
#9339 = CONTEXT_DEPENDENT_SHAPE_REPRESENTATION(#9340,#9342);
#9340 = ( REPRESENTATION_RELATIONSHIP('','',#9235,#7527) 
REPRESENTATION_RELATIONSHIP_WITH_TRANSFORMATION(#9341) 
SHAPE_REPRESENTATION_RELATIONSHIP() );
#9341 = ITEM_DEFINED_TRANSFORMATION('','',#11,#7580);
#9342 = PRODUCT_DEFINITION_SHAPE('Placement','Placement of an item',
  #9343);
#9343 = NEXT_ASSEMBLY_USAGE_OCCURRENCE('70','=>[0:1:1:73]','',#7522,
  #9230,$);
#9344 = PRODUCT_RELATED_PRODUCT_CATEGORY('part',$,(#9232));
#9345 = SHAPE_DEFINITION_REPRESENTATION(#9346,#9352);
#9346 = PRODUCT_DEFINITION_SHAPE('','',#9347);
#9347 = PRODUCT_DEFINITION('design','',#9348,#9351);
#9348 = PRODUCT_DEFINITION_FORMATION('','',#9349);
#9349 = PRODUCT('SOLID','SOLID','',(#9350));
#9350 = PRODUCT_CONTEXT('',#2,'mechanical');
#9351 = PRODUCT_DEFINITION_CONTEXT('part definition',#2,'design');
#9352 = ADVANCED_BREP_SHAPE_REPRESENTATION('',(#11,#9353),#9451);
#9353 = MANIFOLD_SOLID_BREP('',#9354);
#9354 = CLOSED_SHELL('',(#9355,#9443,#9447));
#9355 = ADVANCED_FACE('',(#9356),#9369,.T.);
#9356 = FACE_BOUND('',#9357,.T.);
#9357 = EDGE_LOOP('',(#9358,#9392,#9415,#9442));
#9358 = ORIENTED_EDGE('',*,*,#9359,.F.);
#9359 = EDGE_CURVE('',#9360,#9360,#9362,.T.);
#9360 = VERTEX_POINT('',#9361);
#9361 = CARTESIAN_POINT('',(-95.78516280214,-7.983756923054E-15,
    86.934317045589));
#9362 = SURFACE_CURVE('',#9363,(#9368,#9380),.PCURVE_S1.);
#9363 = CIRCLE('',#9364,1.6);
#9364 = AXIS2_PLACEMENT_3D('',#9365,#9366,#9367);
#9365 = CARTESIAN_POINT('',(-94.34705830325,-7.105427357601E-15,
    86.232992976232));
#9366 = DIRECTION('',(-0.422510437241,-0.266210672544,-0.866381445004));
#9367 = DIRECTION('',(-0.898815311809,2.775557561563E-17,0.438327543348)
  );
#9368 = PCURVE('',#9369,#9374);
#9369 = CYLINDRICAL_SURFACE('',#9370,1.6);
#9370 = AXIS2_PLACEMENT_3D('',#9371,#9372,#9373);
#9371 = CARTESIAN_POINT('',(-24.5134221798,44.,229.43079649003));
#9372 = DIRECTION('',(-0.422510437241,-0.266210672544,-0.866381445004));
#9373 = DIRECTION('',(-0.898815311809,1.387778780781E-17,0.438327543348)
  );
#9374 = DEFINITIONAL_REPRESENTATION('',(#9375),#9379);
#9375 = LINE('',#9376,#9377);
#9376 = CARTESIAN_POINT('',(0.,165.28262965417));
#9377 = VECTOR('',#9378,1.);
#9378 = DIRECTION('',(1.,0.));
#9379 = ( GEOMETRIC_REPRESENTATION_CONTEXT(2) 
PARAMETRIC_REPRESENTATION_CONTEXT() REPRESENTATION_CONTEXT('2D SPACE',''
  ) );
#9380 = PCURVE('',#9381,#9386);
#9381 = PLANE('',#9382);
#9382 = AXIS2_PLACEMENT_3D('',#9383,#9384,#9385);
#9383 = CARTESIAN_POINT('',(-94.34705830325,-7.105427357601E-15,
    86.232992976232));
#9384 = DIRECTION('',(-0.422510437241,-0.266210672544,-0.866381445004));
#9385 = DIRECTION('',(-0.898815311809,1.387778780781E-17,0.438327543348)
  );
#9386 = DEFINITIONAL_REPRESENTATION('',(#9387),#9391);
#9387 = CIRCLE('',#9388,1.6);
#9388 = AXIS2_PLACEMENT_2D('',#9389,#9390);
#9389 = CARTESIAN_POINT('',(0.,0.));
#9390 = DIRECTION('',(1.,0.));
#9391 = ( GEOMETRIC_REPRESENTATION_CONTEXT(2) 
PARAMETRIC_REPRESENTATION_CONTEXT() REPRESENTATION_CONTEXT('2D SPACE',''
  ) );
#9392 = ORIENTED_EDGE('',*,*,#9393,.F.);
#9393 = EDGE_CURVE('',#9394,#9360,#9396,.T.);
#9394 = VERTEX_POINT('',#9395);
#9395 = CARTESIAN_POINT('',(-25.9515266787,44.,230.13212055938));
#9396 = SEAM_CURVE('',#9397,(#9401,#9408),.PCURVE_S1.);
#9397 = LINE('',#9398,#9399);
#9398 = CARTESIAN_POINT('',(-25.9515266787,44.,230.13212055938));
#9399 = VECTOR('',#9400,1.);
#9400 = DIRECTION('',(-0.422510437241,-0.266210672544,-0.866381445004));
#9401 = PCURVE('',#9369,#9402);
#9402 = DEFINITIONAL_REPRESENTATION('',(#9403),#9407);
#9403 = LINE('',#9404,#9405);
#9404 = CARTESIAN_POINT('',(6.28318530718,-0.));
#9405 = VECTOR('',#9406,1.);
#9406 = DIRECTION('',(0.,1.));
#9407 = ( GEOMETRIC_REPRESENTATION_CONTEXT(2) 
PARAMETRIC_REPRESENTATION_CONTEXT() REPRESENTATION_CONTEXT('2D SPACE',''
  ) );
#9408 = PCURVE('',#9369,#9409);
#9409 = DEFINITIONAL_REPRESENTATION('',(#9410),#9414);
#9410 = LINE('',#9411,#9412);
#9411 = CARTESIAN_POINT('',(0.,-0.));
#9412 = VECTOR('',#9413,1.);
#9413 = DIRECTION('',(0.,1.));
#9414 = ( GEOMETRIC_REPRESENTATION_CONTEXT(2) 
PARAMETRIC_REPRESENTATION_CONTEXT() REPRESENTATION_CONTEXT('2D SPACE',''
  ) );
#9415 = ORIENTED_EDGE('',*,*,#9416,.T.);
#9416 = EDGE_CURVE('',#9394,#9394,#9417,.T.);
#9417 = SURFACE_CURVE('',#9418,(#9423,#9430),.PCURVE_S1.);
#9418 = CIRCLE('',#9419,1.6);
#9419 = AXIS2_PLACEMENT_3D('',#9420,#9421,#9422);
#9420 = CARTESIAN_POINT('',(-24.5134221798,44.,229.43079649003));
#9421 = DIRECTION('',(-0.422510437241,-0.266210672544,-0.866381445004));
#9422 = DIRECTION('',(-0.898815311809,2.775557561563E-17,0.438327543348)
  );
#9423 = PCURVE('',#9369,#9424);
#9424 = DEFINITIONAL_REPRESENTATION('',(#9425),#9429);
#9425 = LINE('',#9426,#9427);
#9426 = CARTESIAN_POINT('',(0.,0.));
#9427 = VECTOR('',#9428,1.);
#9428 = DIRECTION('',(1.,0.));
#9429 = ( GEOMETRIC_REPRESENTATION_CONTEXT(2) 
PARAMETRIC_REPRESENTATION_CONTEXT() REPRESENTATION_CONTEXT('2D SPACE',''
  ) );
#9430 = PCURVE('',#9431,#9436);
#9431 = PLANE('',#9432);
#9432 = AXIS2_PLACEMENT_3D('',#9433,#9434,#9435);
#9433 = CARTESIAN_POINT('',(-24.5134221798,44.,229.43079649003));
#9434 = DIRECTION('',(-0.422510437241,-0.266210672544,-0.866381445004));
#9435 = DIRECTION('',(-0.898815311809,1.387778780781E-17,0.438327543348)
  );
#9436 = DEFINITIONAL_REPRESENTATION('',(#9437),#9441);
#9437 = CIRCLE('',#9438,1.6);
#9438 = AXIS2_PLACEMENT_2D('',#9439,#9440);
#9439 = CARTESIAN_POINT('',(0.,0.));
#9440 = DIRECTION('',(1.,0.));
#9441 = ( GEOMETRIC_REPRESENTATION_CONTEXT(2) 
PARAMETRIC_REPRESENTATION_CONTEXT() REPRESENTATION_CONTEXT('2D SPACE',''
  ) );
#9442 = ORIENTED_EDGE('',*,*,#9393,.T.);
#9443 = ADVANCED_FACE('',(#9444),#9381,.T.);
#9444 = FACE_BOUND('',#9445,.T.);
#9445 = EDGE_LOOP('',(#9446));
#9446 = ORIENTED_EDGE('',*,*,#9359,.T.);
#9447 = ADVANCED_FACE('',(#9448),#9431,.F.);
#9448 = FACE_BOUND('',#9449,.T.);
#9449 = EDGE_LOOP('',(#9450));
#9450 = ORIENTED_EDGE('',*,*,#9416,.F.);
#9451 = ( GEOMETRIC_REPRESENTATION_CONTEXT(3) 
GLOBAL_UNCERTAINTY_ASSIGNED_CONTEXT((#9455)) 
GLOBAL_UNIT_ASSIGNED_CONTEXT((#9452,#9453,#9454)) REPRESENTATION_CONTEXT
('Context #1','3D Context with UNIT and UNCERTAINTY') );
#9452 = ( LENGTH_UNIT() NAMED_UNIT(*) SI_UNIT(.MILLI.,.METRE.) );
#9453 = ( NAMED_UNIT(*) PLANE_ANGLE_UNIT() SI_UNIT($,.RADIAN.) );
#9454 = ( NAMED_UNIT(*) SI_UNIT($,.STERADIAN.) SOLID_ANGLE_UNIT() );
#9455 = UNCERTAINTY_MEASURE_WITH_UNIT(LENGTH_MEASURE(1.E-07),#9452,
  'distance_accuracy_value','confusion accuracy');
#9456 = CONTEXT_DEPENDENT_SHAPE_REPRESENTATION(#9457,#9459);
#9457 = ( REPRESENTATION_RELATIONSHIP('','',#9352,#7527) 
REPRESENTATION_RELATIONSHIP_WITH_TRANSFORMATION(#9458) 
SHAPE_REPRESENTATION_RELATIONSHIP() );
#9458 = ITEM_DEFINED_TRANSFORMATION('','',#11,#7584);
#9459 = PRODUCT_DEFINITION_SHAPE('Placement','Placement of an item',
  #9460);
#9460 = NEXT_ASSEMBLY_USAGE_OCCURRENCE('71','=>[0:1:1:74]','',#7522,
  #9347,$);
#9461 = PRODUCT_RELATED_PRODUCT_CATEGORY('part',$,(#9349));
#9462 = SHAPE_DEFINITION_REPRESENTATION(#9463,#9469);
#9463 = PRODUCT_DEFINITION_SHAPE('','',#9464);
#9464 = PRODUCT_DEFINITION('design','',#9465,#9468);
#9465 = PRODUCT_DEFINITION_FORMATION('','',#9466);
#9466 = PRODUCT('SOLID','SOLID','',(#9467));
#9467 = PRODUCT_CONTEXT('',#2,'mechanical');
#9468 = PRODUCT_DEFINITION_CONTEXT('part definition',#2,'design');
#9469 = ADVANCED_BREP_SHAPE_REPRESENTATION('',(#11,#9470),#9568);
#9470 = MANIFOLD_SOLID_BREP('',#9471);
#9471 = CLOSED_SHELL('',(#9472,#9560,#9564));
#9472 = ADVANCED_FACE('',(#9473),#9486,.T.);
#9473 = FACE_BOUND('',#9474,.T.);
#9474 = EDGE_LOOP('',(#9475,#9509,#9532,#9559));
#9475 = ORIENTED_EDGE('',*,*,#9476,.F.);
#9476 = EDGE_CURVE('',#9477,#9477,#9479,.T.);
#9477 = VERTEX_POINT('',#9478);
#9478 = CARTESIAN_POINT('',(-32.64561926613,-1.541661011498,
    63.412643885275));
#9479 = SURFACE_CURVE('',#9480,(#9485,#9497),.PCURVE_S1.);
#9480 = CIRCLE('',#9481,1.6);
#9481 = AXIS2_PLACEMENT_3D('',#9482,#9483,#9484);
#9482 = CARTESIAN_POINT('',(-32.64561926613,0.,63.840757568338));
#9483 = DIRECTION('',(-0.100710034085,0.266210672544,-0.958639330957));
#9484 = DIRECTION('',(-6.938893903907E-18,-0.963538132187,
    -0.267571051914));
#9485 = PCURVE('',#9486,#9491);
#9486 = CYLINDRICAL_SURFACE('',#9487,1.6);
#9487 = AXIS2_PLACEMENT_3D('',#9488,#9489,#9490);
#9488 = CARTESIAN_POINT('',(-16.,-44.,222.28718707889));
#9489 = DIRECTION('',(-0.100710034085,0.266210672544,-0.958639330957));
#9490 = DIRECTION('',(-3.469446951954E-18,-0.963538132187,
    -0.267571051914));
#9491 = DEFINITIONAL_REPRESENTATION('',(#9492),#9496);
#9492 = LINE('',#9493,#9494);
#9493 = CARTESIAN_POINT('',(0.,165.28262965417));
#9494 = VECTOR('',#9495,1.);
#9495 = DIRECTION('',(1.,0.));
#9496 = ( GEOMETRIC_REPRESENTATION_CONTEXT(2) 
PARAMETRIC_REPRESENTATION_CONTEXT() REPRESENTATION_CONTEXT('2D SPACE',''
  ) );
#9497 = PCURVE('',#9498,#9503);
#9498 = PLANE('',#9499);
#9499 = AXIS2_PLACEMENT_3D('',#9500,#9501,#9502);
#9500 = CARTESIAN_POINT('',(-32.64561926613,0.,63.840757568338));
#9501 = DIRECTION('',(-0.100710034085,0.266210672544,-0.958639330957));
#9502 = DIRECTION('',(-3.469446951954E-18,-0.963538132187,
    -0.267571051914));
#9503 = DEFINITIONAL_REPRESENTATION('',(#9504),#9508);
#9504 = CIRCLE('',#9505,1.6);
#9505 = AXIS2_PLACEMENT_2D('',#9506,#9507);
#9506 = CARTESIAN_POINT('',(0.,0.));
#9507 = DIRECTION('',(1.,0.));
#9508 = ( GEOMETRIC_REPRESENTATION_CONTEXT(2) 
PARAMETRIC_REPRESENTATION_CONTEXT() REPRESENTATION_CONTEXT('2D SPACE',''
  ) );
#9509 = ORIENTED_EDGE('',*,*,#9510,.F.);
#9510 = EDGE_CURVE('',#9511,#9477,#9513,.T.);
#9511 = VERTEX_POINT('',#9512);
#9512 = CARTESIAN_POINT('',(-16.,-45.54166101149,221.85907339583));
#9513 = SEAM_CURVE('',#9514,(#9518,#9525),.PCURVE_S1.);
#9514 = LINE('',#9515,#9516);
#9515 = CARTESIAN_POINT('',(-16.,-45.54166101149,221.85907339583));
#9516 = VECTOR('',#9517,1.);
#9517 = DIRECTION('',(-0.100710034085,0.266210672544,-0.958639330957));
#9518 = PCURVE('',#9486,#9519);
#9519 = DEFINITIONAL_REPRESENTATION('',(#9520),#9524);
#9520 = LINE('',#9521,#9522);
#9521 = CARTESIAN_POINT('',(6.28318530718,-0.));
#9522 = VECTOR('',#9523,1.);
#9523 = DIRECTION('',(0.,1.));
#9524 = ( GEOMETRIC_REPRESENTATION_CONTEXT(2) 
PARAMETRIC_REPRESENTATION_CONTEXT() REPRESENTATION_CONTEXT('2D SPACE',''
  ) );
#9525 = PCURVE('',#9486,#9526);
#9526 = DEFINITIONAL_REPRESENTATION('',(#9527),#9531);
#9527 = LINE('',#9528,#9529);
#9528 = CARTESIAN_POINT('',(0.,-0.));
#9529 = VECTOR('',#9530,1.);
#9530 = DIRECTION('',(0.,1.));
#9531 = ( GEOMETRIC_REPRESENTATION_CONTEXT(2) 
PARAMETRIC_REPRESENTATION_CONTEXT() REPRESENTATION_CONTEXT('2D SPACE',''
  ) );
#9532 = ORIENTED_EDGE('',*,*,#9533,.T.);
#9533 = EDGE_CURVE('',#9511,#9511,#9534,.T.);
#9534 = SURFACE_CURVE('',#9535,(#9540,#9547),.PCURVE_S1.);
#9535 = CIRCLE('',#9536,1.6);
#9536 = AXIS2_PLACEMENT_3D('',#9537,#9538,#9539);
#9537 = CARTESIAN_POINT('',(-16.,-44.,222.28718707889));
#9538 = DIRECTION('',(-0.100710034085,0.266210672544,-0.958639330957));
#9539 = DIRECTION('',(-6.938893903907E-18,-0.963538132187,
    -0.267571051914));
#9540 = PCURVE('',#9486,#9541);
#9541 = DEFINITIONAL_REPRESENTATION('',(#9542),#9546);
#9542 = LINE('',#9543,#9544);
#9543 = CARTESIAN_POINT('',(0.,0.));
#9544 = VECTOR('',#9545,1.);
#9545 = DIRECTION('',(1.,0.));
#9546 = ( GEOMETRIC_REPRESENTATION_CONTEXT(2) 
PARAMETRIC_REPRESENTATION_CONTEXT() REPRESENTATION_CONTEXT('2D SPACE',''
  ) );
#9547 = PCURVE('',#9548,#9553);
#9548 = PLANE('',#9549);
#9549 = AXIS2_PLACEMENT_3D('',#9550,#9551,#9552);
#9550 = CARTESIAN_POINT('',(-16.,-44.,222.28718707889));
#9551 = DIRECTION('',(-0.100710034085,0.266210672544,-0.958639330957));
#9552 = DIRECTION('',(-3.469446951954E-18,-0.963538132187,
    -0.267571051914));
#9553 = DEFINITIONAL_REPRESENTATION('',(#9554),#9558);
#9554 = CIRCLE('',#9555,1.6);
#9555 = AXIS2_PLACEMENT_2D('',#9556,#9557);
#9556 = CARTESIAN_POINT('',(0.,0.));
#9557 = DIRECTION('',(1.,0.));
#9558 = ( GEOMETRIC_REPRESENTATION_CONTEXT(2) 
PARAMETRIC_REPRESENTATION_CONTEXT() REPRESENTATION_CONTEXT('2D SPACE',''
  ) );
#9559 = ORIENTED_EDGE('',*,*,#9510,.T.);
#9560 = ADVANCED_FACE('',(#9561),#9498,.T.);
#9561 = FACE_BOUND('',#9562,.T.);
#9562 = EDGE_LOOP('',(#9563));
#9563 = ORIENTED_EDGE('',*,*,#9476,.T.);
#9564 = ADVANCED_FACE('',(#9565),#9548,.F.);
#9565 = FACE_BOUND('',#9566,.T.);
#9566 = EDGE_LOOP('',(#9567));
#9567 = ORIENTED_EDGE('',*,*,#9533,.F.);
#9568 = ( GEOMETRIC_REPRESENTATION_CONTEXT(3) 
GLOBAL_UNCERTAINTY_ASSIGNED_CONTEXT((#9572)) 
GLOBAL_UNIT_ASSIGNED_CONTEXT((#9569,#9570,#9571)) REPRESENTATION_CONTEXT
('Context #1','3D Context with UNIT and UNCERTAINTY') );
#9569 = ( LENGTH_UNIT() NAMED_UNIT(*) SI_UNIT(.MILLI.,.METRE.) );
#9570 = ( NAMED_UNIT(*) PLANE_ANGLE_UNIT() SI_UNIT($,.RADIAN.) );
#9571 = ( NAMED_UNIT(*) SI_UNIT($,.STERADIAN.) SOLID_ANGLE_UNIT() );
#9572 = UNCERTAINTY_MEASURE_WITH_UNIT(LENGTH_MEASURE(1.E-07),#9569,
  'distance_accuracy_value','confusion accuracy');
#9573 = CONTEXT_DEPENDENT_SHAPE_REPRESENTATION(#9574,#9576);
#9574 = ( REPRESENTATION_RELATIONSHIP('','',#9469,#7527) 
REPRESENTATION_RELATIONSHIP_WITH_TRANSFORMATION(#9575) 
SHAPE_REPRESENTATION_RELATIONSHIP() );
#9575 = ITEM_DEFINED_TRANSFORMATION('','',#11,#7588);
#9576 = PRODUCT_DEFINITION_SHAPE('Placement','Placement of an item',
  #9577);
#9577 = NEXT_ASSEMBLY_USAGE_OCCURRENCE('72','=>[0:1:1:75]','',#7522,
  #9464,$);
#9578 = PRODUCT_RELATED_PRODUCT_CATEGORY('part',$,(#9466));
#9579 = SHAPE_DEFINITION_REPRESENTATION(#9580,#9586);
#9580 = PRODUCT_DEFINITION_SHAPE('','',#9581);
#9581 = PRODUCT_DEFINITION('design','',#9582,#9585);
#9582 = PRODUCT_DEFINITION_FORMATION('','',#9583);
#9583 = PRODUCT('SOLID','SOLID','',(#9584));
#9584 = PRODUCT_CONTEXT('',#2,'mechanical');
#9585 = PRODUCT_DEFINITION_CONTEXT('part definition',#2,'design');
#9586 = ADVANCED_BREP_SHAPE_REPRESENTATION('',(#11,#9587),#9685);
#9587 = MANIFOLD_SOLID_BREP('',#9588);
#9588 = CLOSED_SHELL('',(#9589,#9677,#9681));
#9589 = ADVANCED_FACE('',(#9590),#9603,.T.);
#9590 = FACE_BOUND('',#9591,.T.);
#9591 = EDGE_LOOP('',(#9592,#9626,#9649,#9676));
#9592 = ORIENTED_EDGE('',*,*,#9593,.F.);
#9593 = EDGE_CURVE('',#9594,#9594,#9596,.T.);
#9594 = VERTEX_POINT('',#9595);
#9595 = CARTESIAN_POINT('',(32.993363252498,-1.538876376921,
    64.340091905285));
#9596 = SURFACE_CURVE('',#9597,(#9602,#9614),.PCURVE_S1.);
#9597 = CIRCLE('',#9598,1.6);
#9598 = AXIS2_PLACEMENT_3D('',#9599,#9600,#9601);
#9599 = CARTESIAN_POINT('',(32.993363252498,0.,63.902074215512));
#9600 = DIRECTION('',(0.233237485503,-0.266210672544,-0.935271165588));
#9601 = DIRECTION('',(0.,-0.961797735576,0.273761056108));
#9602 = PCURVE('',#9603,#9608);
#9603 = CYLINDRICAL_SURFACE('',#9604,1.6);
#9604 = AXIS2_PLACEMENT_3D('',#9605,#9606,#9607);
#9605 = CARTESIAN_POINT('',(-5.556741685342,44.,218.4861519036));
#9606 = DIRECTION('',(0.233237485503,-0.266210672544,-0.935271165588));
#9607 = DIRECTION('',(0.,-0.961797735576,0.273761056108));
#9608 = DEFINITIONAL_REPRESENTATION('',(#9609),#9613);
#9609 = LINE('',#9610,#9611);
#9610 = CARTESIAN_POINT('',(0.,165.28262965417));
#9611 = VECTOR('',#9612,1.);
#9612 = DIRECTION('',(1.,0.));
#9613 = ( GEOMETRIC_REPRESENTATION_CONTEXT(2) 
PARAMETRIC_REPRESENTATION_CONTEXT() REPRESENTATION_CONTEXT('2D SPACE',''
  ) );
#9614 = PCURVE('',#9615,#9620);
#9615 = PLANE('',#9616);
#9616 = AXIS2_PLACEMENT_3D('',#9617,#9618,#9619);
#9617 = CARTESIAN_POINT('',(32.993363252498,0.,63.902074215512));
#9618 = DIRECTION('',(0.233237485503,-0.266210672544,-0.935271165588));
#9619 = DIRECTION('',(0.,-0.961797735576,0.273761056108));
#9620 = DEFINITIONAL_REPRESENTATION('',(#9621),#9625);
#9621 = CIRCLE('',#9622,1.6);
#9622 = AXIS2_PLACEMENT_2D('',#9623,#9624);
#9623 = CARTESIAN_POINT('',(0.,0.));
#9624 = DIRECTION('',(1.,0.));
#9625 = ( GEOMETRIC_REPRESENTATION_CONTEXT(2) 
PARAMETRIC_REPRESENTATION_CONTEXT() REPRESENTATION_CONTEXT('2D SPACE',''
  ) );
#9626 = ORIENTED_EDGE('',*,*,#9627,.F.);
#9627 = EDGE_CURVE('',#9628,#9594,#9630,.T.);
#9628 = VERTEX_POINT('',#9629);
#9629 = CARTESIAN_POINT('',(-5.556741685342,42.461123623079,
    218.92416959338));
#9630 = SEAM_CURVE('',#9631,(#9635,#9642),.PCURVE_S1.);
#9631 = LINE('',#9632,#9633);
#9632 = CARTESIAN_POINT('',(-5.556741685342,42.461123623079,
    218.92416959338));
#9633 = VECTOR('',#9634,1.);
#9634 = DIRECTION('',(0.233237485503,-0.266210672544,-0.935271165588));
#9635 = PCURVE('',#9603,#9636);
#9636 = DEFINITIONAL_REPRESENTATION('',(#9637),#9641);
#9637 = LINE('',#9638,#9639);
#9638 = CARTESIAN_POINT('',(6.28318530718,-0.));
#9639 = VECTOR('',#9640,1.);
#9640 = DIRECTION('',(0.,1.));
#9641 = ( GEOMETRIC_REPRESENTATION_CONTEXT(2) 
PARAMETRIC_REPRESENTATION_CONTEXT() REPRESENTATION_CONTEXT('2D SPACE',''
  ) );
#9642 = PCURVE('',#9603,#9643);
#9643 = DEFINITIONAL_REPRESENTATION('',(#9644),#9648);
#9644 = LINE('',#9645,#9646);
#9645 = CARTESIAN_POINT('',(0.,-0.));
#9646 = VECTOR('',#9647,1.);
#9647 = DIRECTION('',(0.,1.));
#9648 = ( GEOMETRIC_REPRESENTATION_CONTEXT(2) 
PARAMETRIC_REPRESENTATION_CONTEXT() REPRESENTATION_CONTEXT('2D SPACE',''
  ) );
#9649 = ORIENTED_EDGE('',*,*,#9650,.T.);
#9650 = EDGE_CURVE('',#9628,#9628,#9651,.T.);
#9651 = SURFACE_CURVE('',#9652,(#9657,#9664),.PCURVE_S1.);
#9652 = CIRCLE('',#9653,1.6);
#9653 = AXIS2_PLACEMENT_3D('',#9654,#9655,#9656);
#9654 = CARTESIAN_POINT('',(-5.556741685342,44.,218.4861519036));
#9655 = DIRECTION('',(0.233237485503,-0.266210672544,-0.935271165588));
#9656 = DIRECTION('',(0.,-0.961797735576,0.273761056108));
#9657 = PCURVE('',#9603,#9658);
#9658 = DEFINITIONAL_REPRESENTATION('',(#9659),#9663);
#9659 = LINE('',#9660,#9661);
#9660 = CARTESIAN_POINT('',(0.,0.));
#9661 = VECTOR('',#9662,1.);
#9662 = DIRECTION('',(1.,0.));
#9663 = ( GEOMETRIC_REPRESENTATION_CONTEXT(2) 
PARAMETRIC_REPRESENTATION_CONTEXT() REPRESENTATION_CONTEXT('2D SPACE',''
  ) );
#9664 = PCURVE('',#9665,#9670);
#9665 = PLANE('',#9666);
#9666 = AXIS2_PLACEMENT_3D('',#9667,#9668,#9669);
#9667 = CARTESIAN_POINT('',(-5.556741685342,44.,218.4861519036));
#9668 = DIRECTION('',(0.233237485503,-0.266210672544,-0.935271165588));
#9669 = DIRECTION('',(0.,-0.961797735576,0.273761056108));
#9670 = DEFINITIONAL_REPRESENTATION('',(#9671),#9675);
#9671 = CIRCLE('',#9672,1.6);
#9672 = AXIS2_PLACEMENT_2D('',#9673,#9674);
#9673 = CARTESIAN_POINT('',(0.,0.));
#9674 = DIRECTION('',(1.,0.));
#9675 = ( GEOMETRIC_REPRESENTATION_CONTEXT(2) 
PARAMETRIC_REPRESENTATION_CONTEXT() REPRESENTATION_CONTEXT('2D SPACE',''
  ) );
#9676 = ORIENTED_EDGE('',*,*,#9627,.T.);
#9677 = ADVANCED_FACE('',(#9678),#9615,.T.);
#9678 = FACE_BOUND('',#9679,.T.);
#9679 = EDGE_LOOP('',(#9680));
#9680 = ORIENTED_EDGE('',*,*,#9593,.T.);
#9681 = ADVANCED_FACE('',(#9682),#9665,.F.);
#9682 = FACE_BOUND('',#9683,.T.);
#9683 = EDGE_LOOP('',(#9684));
#9684 = ORIENTED_EDGE('',*,*,#9650,.F.);
#9685 = ( GEOMETRIC_REPRESENTATION_CONTEXT(3) 
GLOBAL_UNCERTAINTY_ASSIGNED_CONTEXT((#9689)) 
GLOBAL_UNIT_ASSIGNED_CONTEXT((#9686,#9687,#9688)) REPRESENTATION_CONTEXT
('Context #1','3D Context with UNIT and UNCERTAINTY') );
#9686 = ( LENGTH_UNIT() NAMED_UNIT(*) SI_UNIT(.MILLI.,.METRE.) );
#9687 = ( NAMED_UNIT(*) PLANE_ANGLE_UNIT() SI_UNIT($,.RADIAN.) );
#9688 = ( NAMED_UNIT(*) SI_UNIT($,.STERADIAN.) SOLID_ANGLE_UNIT() );
#9689 = UNCERTAINTY_MEASURE_WITH_UNIT(LENGTH_MEASURE(1.E-07),#9686,
  'distance_accuracy_value','confusion accuracy');
#9690 = CONTEXT_DEPENDENT_SHAPE_REPRESENTATION(#9691,#9693);
#9691 = ( REPRESENTATION_RELATIONSHIP('','',#9586,#7527) 
REPRESENTATION_RELATIONSHIP_WITH_TRANSFORMATION(#9692) 
SHAPE_REPRESENTATION_RELATIONSHIP() );
#9692 = ITEM_DEFINED_TRANSFORMATION('','',#11,#7592);
#9693 = PRODUCT_DEFINITION_SHAPE('Placement','Placement of an item',
  #9694);
#9694 = NEXT_ASSEMBLY_USAGE_OCCURRENCE('73','=>[0:1:1:76]','',#7522,
  #9581,$);
#9695 = PRODUCT_RELATED_PRODUCT_CATEGORY('part',$,(#9583));
#9696 = SHAPE_DEFINITION_REPRESENTATION(#9697,#9703);
#9697 = PRODUCT_DEFINITION_SHAPE('','',#9698);
#9698 = PRODUCT_DEFINITION('design','',#9699,#9702);
#9699 = PRODUCT_DEFINITION_FORMATION('','',#9700);
#9700 = PRODUCT('SOLID','SOLID','',(#9701));
#9701 = PRODUCT_CONTEXT('',#2,'mechanical');
#9702 = PRODUCT_DEFINITION_CONTEXT('part definition',#2,'design');
#9703 = ADVANCED_BREP_SHAPE_REPRESENTATION('',(#11,#9704),#9802);
#9704 = MANIFOLD_SOLID_BREP('',#9705);
#9705 = CLOSED_SHELL('',(#9706,#9794,#9798));
#9706 = ADVANCED_FACE('',(#9707),#9720,.T.);
#9707 = FACE_BOUND('',#9708,.T.);
#9708 = EDGE_LOOP('',(#9709,#9743,#9766,#9793));
#9709 = ORIENTED_EDGE('',*,*,#9710,.F.);
#9710 = EDGE_CURVE('',#9711,#9711,#9713,.T.);
#9711 = VERTEX_POINT('',#9712);
#9712 = CARTESIAN_POINT('',(93.326442522906,1.090424949668E-15,
    85.514774230508));
#9713 = SURFACE_CURVE('',#9714,(#9719,#9731),.PCURVE_S1.);
#9714 = CIRCLE('',#9715,1.6);
#9715 = AXIS2_PLACEMENT_3D('',#9716,#9717,#9718);
#9716 = CARTESIAN_POINT('',(94.652859232702,0.,86.409547225168));
#9717 = DIRECTION('',(0.53905312212,0.266210672544,-0.799095494516));
#9718 = DIRECTION('',(-0.829010443622,-4.163336342344E-17,
    -0.559233121663));
#9719 = PCURVE('',#9720,#9725);
#9720 = CYLINDRICAL_SURFACE('',#9721,1.6);
#9721 = AXIS2_PLACEMENT_3D('',#9722,#9723,#9724);
#9722 = CARTESIAN_POINT('',(5.556741685342,-44.,218.4861519036));
#9723 = DIRECTION('',(0.53905312212,0.266210672544,-0.799095494516));
#9724 = DIRECTION('',(-0.829010443622,-2.775557561563E-17,
    -0.559233121663));
#9725 = DEFINITIONAL_REPRESENTATION('',(#9726),#9730);
#9726 = LINE('',#9727,#9728);
#9727 = CARTESIAN_POINT('',(0.,165.28262965417));
#9728 = VECTOR('',#9729,1.);
#9729 = DIRECTION('',(1.,0.));
#9730 = ( GEOMETRIC_REPRESENTATION_CONTEXT(2) 
PARAMETRIC_REPRESENTATION_CONTEXT() REPRESENTATION_CONTEXT('2D SPACE',''
  ) );
#9731 = PCURVE('',#9732,#9737);
#9732 = PLANE('',#9733);
#9733 = AXIS2_PLACEMENT_3D('',#9734,#9735,#9736);
#9734 = CARTESIAN_POINT('',(94.652859232702,0.,86.409547225168));
#9735 = DIRECTION('',(0.53905312212,0.266210672544,-0.799095494516));
#9736 = DIRECTION('',(-0.829010443622,-2.775557561563E-17,
    -0.559233121663));
#9737 = DEFINITIONAL_REPRESENTATION('',(#9738),#9742);
#9738 = CIRCLE('',#9739,1.6);
#9739 = AXIS2_PLACEMENT_2D('',#9740,#9741);
#9740 = CARTESIAN_POINT('',(0.,0.));
#9741 = DIRECTION('',(1.,0.));
#9742 = ( GEOMETRIC_REPRESENTATION_CONTEXT(2) 
PARAMETRIC_REPRESENTATION_CONTEXT() REPRESENTATION_CONTEXT('2D SPACE',''
  ) );
#9743 = ORIENTED_EDGE('',*,*,#9744,.F.);
#9744 = EDGE_CURVE('',#9745,#9711,#9747,.T.);
#9745 = VERTEX_POINT('',#9746);
#9746 = CARTESIAN_POINT('',(4.230324975546,-44.,217.59137890894));
#9747 = SEAM_CURVE('',#9748,(#9752,#9759),.PCURVE_S1.);
#9748 = LINE('',#9749,#9750);
#9749 = CARTESIAN_POINT('',(4.230324975546,-44.,217.59137890894));
#9750 = VECTOR('',#9751,1.);
#9751 = DIRECTION('',(0.53905312212,0.266210672544,-0.799095494516));
#9752 = PCURVE('',#9720,#9753);
#9753 = DEFINITIONAL_REPRESENTATION('',(#9754),#9758);
#9754 = LINE('',#9755,#9756);
#9755 = CARTESIAN_POINT('',(6.28318530718,-0.));
#9756 = VECTOR('',#9757,1.);
#9757 = DIRECTION('',(0.,1.));
#9758 = ( GEOMETRIC_REPRESENTATION_CONTEXT(2) 
PARAMETRIC_REPRESENTATION_CONTEXT() REPRESENTATION_CONTEXT('2D SPACE',''
  ) );
#9759 = PCURVE('',#9720,#9760);
#9760 = DEFINITIONAL_REPRESENTATION('',(#9761),#9765);
#9761 = LINE('',#9762,#9763);
#9762 = CARTESIAN_POINT('',(0.,-0.));
#9763 = VECTOR('',#9764,1.);
#9764 = DIRECTION('',(0.,1.));
#9765 = ( GEOMETRIC_REPRESENTATION_CONTEXT(2) 
PARAMETRIC_REPRESENTATION_CONTEXT() REPRESENTATION_CONTEXT('2D SPACE',''
  ) );
#9766 = ORIENTED_EDGE('',*,*,#9767,.T.);
#9767 = EDGE_CURVE('',#9745,#9745,#9768,.T.);
#9768 = SURFACE_CURVE('',#9769,(#9774,#9781),.PCURVE_S1.);
#9769 = CIRCLE('',#9770,1.6);
#9770 = AXIS2_PLACEMENT_3D('',#9771,#9772,#9773);
#9771 = CARTESIAN_POINT('',(5.556741685342,-44.,218.4861519036));
#9772 = DIRECTION('',(0.53905312212,0.266210672544,-0.799095494516));
#9773 = DIRECTION('',(-0.829010443622,-4.163336342344E-17,
    -0.559233121663));
#9774 = PCURVE('',#9720,#9775);
#9775 = DEFINITIONAL_REPRESENTATION('',(#9776),#9780);
#9776 = LINE('',#9777,#9778);
#9777 = CARTESIAN_POINT('',(0.,0.));
#9778 = VECTOR('',#9779,1.);
#9779 = DIRECTION('',(1.,0.));
#9780 = ( GEOMETRIC_REPRESENTATION_CONTEXT(2) 
PARAMETRIC_REPRESENTATION_CONTEXT() REPRESENTATION_CONTEXT('2D SPACE',''
  ) );
#9781 = PCURVE('',#9782,#9787);
#9782 = PLANE('',#9783);
#9783 = AXIS2_PLACEMENT_3D('',#9784,#9785,#9786);
#9784 = CARTESIAN_POINT('',(5.556741685342,-44.,218.4861519036));
#9785 = DIRECTION('',(0.53905312212,0.266210672544,-0.799095494516));
#9786 = DIRECTION('',(-0.829010443622,-2.775557561563E-17,
    -0.559233121663));
#9787 = DEFINITIONAL_REPRESENTATION('',(#9788),#9792);
#9788 = CIRCLE('',#9789,1.6);
#9789 = AXIS2_PLACEMENT_2D('',#9790,#9791);
#9790 = CARTESIAN_POINT('',(0.,0.));
#9791 = DIRECTION('',(1.,0.));
#9792 = ( GEOMETRIC_REPRESENTATION_CONTEXT(2) 
PARAMETRIC_REPRESENTATION_CONTEXT() REPRESENTATION_CONTEXT('2D SPACE',''
  ) );
#9793 = ORIENTED_EDGE('',*,*,#9744,.T.);
#9794 = ADVANCED_FACE('',(#9795),#9732,.T.);
#9795 = FACE_BOUND('',#9796,.T.);
#9796 = EDGE_LOOP('',(#9797));
#9797 = ORIENTED_EDGE('',*,*,#9710,.T.);
#9798 = ADVANCED_FACE('',(#9799),#9782,.F.);
#9799 = FACE_BOUND('',#9800,.T.);
#9800 = EDGE_LOOP('',(#9801));
#9801 = ORIENTED_EDGE('',*,*,#9767,.F.);
#9802 = ( GEOMETRIC_REPRESENTATION_CONTEXT(3) 
GLOBAL_UNCERTAINTY_ASSIGNED_CONTEXT((#9806)) 
GLOBAL_UNIT_ASSIGNED_CONTEXT((#9803,#9804,#9805)) REPRESENTATION_CONTEXT
('Context #1','3D Context with UNIT and UNCERTAINTY') );
#9803 = ( LENGTH_UNIT() NAMED_UNIT(*) SI_UNIT(.MILLI.,.METRE.) );
#9804 = ( NAMED_UNIT(*) PLANE_ANGLE_UNIT() SI_UNIT($,.RADIAN.) );
#9805 = ( NAMED_UNIT(*) SI_UNIT($,.STERADIAN.) SOLID_ANGLE_UNIT() );
#9806 = UNCERTAINTY_MEASURE_WITH_UNIT(LENGTH_MEASURE(1.E-07),#9803,
  'distance_accuracy_value','confusion accuracy');
#9807 = CONTEXT_DEPENDENT_SHAPE_REPRESENTATION(#9808,#9810);
#9808 = ( REPRESENTATION_RELATIONSHIP('','',#9703,#7527) 
REPRESENTATION_RELATIONSHIP_WITH_TRANSFORMATION(#9809) 
SHAPE_REPRESENTATION_RELATIONSHIP() );
#9809 = ITEM_DEFINED_TRANSFORMATION('','',#11,#7596);
#9810 = PRODUCT_DEFINITION_SHAPE('Placement','Placement of an item',
  #9811);
#9811 = NEXT_ASSEMBLY_USAGE_OCCURRENCE('74','=>[0:1:1:77]','',#7522,
  #9698,$);
#9812 = PRODUCT_RELATED_PRODUCT_CATEGORY('part',$,(#9700));
#9813 = SHAPE_DEFINITION_REPRESENTATION(#9814,#9820);
#9814 = PRODUCT_DEFINITION_SHAPE('','',#9815);
#9815 = PRODUCT_DEFINITION('design','',#9816,#9819);
#9816 = PRODUCT_DEFINITION_FORMATION('','',#9817);
#9817 = PRODUCT('SOLID','SOLID','',(#9818));
#9818 = PRODUCT_CONTEXT('',#2,'mechanical');
#9819 = PRODUCT_DEFINITION_CONTEXT('part definition',#2,'design');
#9820 = ADVANCED_BREP_SHAPE_REPRESENTATION('',(#11,#9821),#9919);
#9821 = MANIFOLD_SOLID_BREP('',#9822);
#9822 = CLOSED_SHELL('',(#9823,#9911,#9915));
#9823 = ADVANCED_FACE('',(#9824),#9837,.T.);
#9824 = FACE_BOUND('',#9825,.T.);
#9825 = EDGE_LOOP('',(#9826,#9860,#9883,#9910));
#9826 = ORIENTED_EDGE('',*,*,#9827,.F.);
#9827 = EDGE_CURVE('',#9828,#9828,#9830,.T.);
#9828 = VERTEX_POINT('',#9829);
#9829 = CARTESIAN_POINT('',(145.83621706842,2.424087835667E-15,
    129.94291599097));
#9830 = SURFACE_CURVE('',#9831,(#9836,#9848),.PCURVE_S1.);
#9831 = CIRCLE('',#9832,1.6);
#9832 = AXIS2_PLACEMENT_3D('',#9833,#9834,#9835);
#9833 = CARTESIAN_POINT('',(144.89582346201,0.,128.64844317741));
#9834 = DIRECTION('',(0.779850996634,-0.266210672544,-0.566537113412));
#9835 = DIRECTION('',(0.587746004003,0.,0.809045508472));
#9836 = PCURVE('',#9837,#9842);
#9837 = CYLINDRICAL_SURFACE('',#9838,1.6);
#9838 = AXIS2_PLACEMENT_3D('',#9839,#9840,#9841);
#9839 = CARTESIAN_POINT('',(16.,44.,222.28718707889));
#9840 = DIRECTION('',(0.779850996634,-0.266210672544,-0.566537113412));
#9841 = DIRECTION('',(0.587746004003,0.,0.809045508472));
#9842 = DEFINITIONAL_REPRESENTATION('',(#9843),#9847);
#9843 = LINE('',#9844,#9845);
#9844 = CARTESIAN_POINT('',(0.,165.28262965417));
#9845 = VECTOR('',#9846,1.);
#9846 = DIRECTION('',(1.,0.));
#9847 = ( GEOMETRIC_REPRESENTATION_CONTEXT(2) 
PARAMETRIC_REPRESENTATION_CONTEXT() REPRESENTATION_CONTEXT('2D SPACE',''
  ) );
#9848 = PCURVE('',#9849,#9854);
#9849 = PLANE('',#9850);
#9850 = AXIS2_PLACEMENT_3D('',#9851,#9852,#9853);
#9851 = CARTESIAN_POINT('',(144.89582346201,0.,128.64844317741));
#9852 = DIRECTION('',(0.779850996634,-0.266210672544,-0.566537113412));
#9853 = DIRECTION('',(0.587746004003,0.,0.809045508472));
#9854 = DEFINITIONAL_REPRESENTATION('',(#9855),#9859);
#9855 = CIRCLE('',#9856,1.6);
#9856 = AXIS2_PLACEMENT_2D('',#9857,#9858);
#9857 = CARTESIAN_POINT('',(0.,0.));
#9858 = DIRECTION('',(1.,0.));
#9859 = ( GEOMETRIC_REPRESENTATION_CONTEXT(2) 
PARAMETRIC_REPRESENTATION_CONTEXT() REPRESENTATION_CONTEXT('2D SPACE',''
  ) );
#9860 = ORIENTED_EDGE('',*,*,#9861,.F.);
#9861 = EDGE_CURVE('',#9862,#9828,#9864,.T.);
#9862 = VERTEX_POINT('',#9863);
#9863 = CARTESIAN_POINT('',(16.940393606404,44.,223.58165989245));
#9864 = SEAM_CURVE('',#9865,(#9869,#9876),.PCURVE_S1.);
#9865 = LINE('',#9866,#9867);
#9866 = CARTESIAN_POINT('',(16.940393606404,44.,223.58165989245));
#9867 = VECTOR('',#9868,1.);
#9868 = DIRECTION('',(0.779850996634,-0.266210672544,-0.566537113412));
#9869 = PCURVE('',#9837,#9870);
#9870 = DEFINITIONAL_REPRESENTATION('',(#9871),#9875);
#9871 = LINE('',#9872,#9873);
#9872 = CARTESIAN_POINT('',(6.28318530718,-0.));
#9873 = VECTOR('',#9874,1.);
#9874 = DIRECTION('',(0.,1.));
#9875 = ( GEOMETRIC_REPRESENTATION_CONTEXT(2) 
PARAMETRIC_REPRESENTATION_CONTEXT() REPRESENTATION_CONTEXT('2D SPACE',''
  ) );
#9876 = PCURVE('',#9837,#9877);
#9877 = DEFINITIONAL_REPRESENTATION('',(#9878),#9882);
#9878 = LINE('',#9879,#9880);
#9879 = CARTESIAN_POINT('',(0.,-0.));
#9880 = VECTOR('',#9881,1.);
#9881 = DIRECTION('',(0.,1.));
#9882 = ( GEOMETRIC_REPRESENTATION_CONTEXT(2) 
PARAMETRIC_REPRESENTATION_CONTEXT() REPRESENTATION_CONTEXT('2D SPACE',''
  ) );
#9883 = ORIENTED_EDGE('',*,*,#9884,.T.);
#9884 = EDGE_CURVE('',#9862,#9862,#9885,.T.);
#9885 = SURFACE_CURVE('',#9886,(#9891,#9898),.PCURVE_S1.);
#9886 = CIRCLE('',#9887,1.6);
#9887 = AXIS2_PLACEMENT_3D('',#9888,#9889,#9890);
#9888 = CARTESIAN_POINT('',(16.,44.,222.28718707889));
#9889 = DIRECTION('',(0.779850996634,-0.266210672544,-0.566537113412));
#9890 = DIRECTION('',(0.587746004003,0.,0.809045508472));
#9891 = PCURVE('',#9837,#9892);
#9892 = DEFINITIONAL_REPRESENTATION('',(#9893),#9897);
#9893 = LINE('',#9894,#9895);
#9894 = CARTESIAN_POINT('',(0.,0.));
#9895 = VECTOR('',#9896,1.);
#9896 = DIRECTION('',(1.,0.));
#9897 = ( GEOMETRIC_REPRESENTATION_CONTEXT(2) 
PARAMETRIC_REPRESENTATION_CONTEXT() REPRESENTATION_CONTEXT('2D SPACE',''
  ) );
#9898 = PCURVE('',#9899,#9904);
#9899 = PLANE('',#9900);
#9900 = AXIS2_PLACEMENT_3D('',#9901,#9902,#9903);
#9901 = CARTESIAN_POINT('',(16.,44.,222.28718707889));
#9902 = DIRECTION('',(0.779850996634,-0.266210672544,-0.566537113412));
#9903 = DIRECTION('',(0.587746004003,0.,0.809045508472));
#9904 = DEFINITIONAL_REPRESENTATION('',(#9905),#9909);
#9905 = CIRCLE('',#9906,1.6);
#9906 = AXIS2_PLACEMENT_2D('',#9907,#9908);
#9907 = CARTESIAN_POINT('',(0.,0.));
#9908 = DIRECTION('',(1.,0.));
#9909 = ( GEOMETRIC_REPRESENTATION_CONTEXT(2) 
PARAMETRIC_REPRESENTATION_CONTEXT() REPRESENTATION_CONTEXT('2D SPACE',''
  ) );
#9910 = ORIENTED_EDGE('',*,*,#9861,.T.);
#9911 = ADVANCED_FACE('',(#9912),#9849,.T.);
#9912 = FACE_BOUND('',#9913,.T.);
#9913 = EDGE_LOOP('',(#9914));
#9914 = ORIENTED_EDGE('',*,*,#9827,.T.);
#9915 = ADVANCED_FACE('',(#9916),#9899,.F.);
#9916 = FACE_BOUND('',#9917,.T.);
#9917 = EDGE_LOOP('',(#9918));
#9918 = ORIENTED_EDGE('',*,*,#9884,.F.);
#9919 = ( GEOMETRIC_REPRESENTATION_CONTEXT(3) 
GLOBAL_UNCERTAINTY_ASSIGNED_CONTEXT((#9923)) 
GLOBAL_UNIT_ASSIGNED_CONTEXT((#9920,#9921,#9922)) REPRESENTATION_CONTEXT
('Context #1','3D Context with UNIT and UNCERTAINTY') );
#9920 = ( LENGTH_UNIT() NAMED_UNIT(*) SI_UNIT(.MILLI.,.METRE.) );
#9921 = ( NAMED_UNIT(*) PLANE_ANGLE_UNIT() SI_UNIT($,.RADIAN.) );
#9922 = ( NAMED_UNIT(*) SI_UNIT($,.STERADIAN.) SOLID_ANGLE_UNIT() );
#9923 = UNCERTAINTY_MEASURE_WITH_UNIT(LENGTH_MEASURE(1.E-07),#9920,
  'distance_accuracy_value','confusion accuracy');
#9924 = CONTEXT_DEPENDENT_SHAPE_REPRESENTATION(#9925,#9927);
#9925 = ( REPRESENTATION_RELATIONSHIP('','',#9820,#7527) 
REPRESENTATION_RELATIONSHIP_WITH_TRANSFORMATION(#9926) 
SHAPE_REPRESENTATION_RELATIONSHIP() );
#9926 = ITEM_DEFINED_TRANSFORMATION('','',#11,#7600);
#9927 = PRODUCT_DEFINITION_SHAPE('Placement','Placement of an item',
  #9928);
#9928 = NEXT_ASSEMBLY_USAGE_OCCURRENCE('75','=>[0:1:1:78]','',#7522,
  #9815,$);
#9929 = PRODUCT_RELATED_PRODUCT_CATEGORY('part',$,(#9817));
#9930 = SHAPE_DEFINITION_REPRESENTATION(#9931,#9937);
#9931 = PRODUCT_DEFINITION_SHAPE('','',#9932);
#9932 = PRODUCT_DEFINITION('design','',#9933,#9936);
#9933 = PRODUCT_DEFINITION_FORMATION('','',#9934);
#9934 = PRODUCT('SOLID','SOLID','',(#9935));
#9935 = PRODUCT_CONTEXT('',#2,'mechanical');
#9936 = PRODUCT_DEFINITION_CONTEXT('part definition',#2,'design');
#9937 = ADVANCED_BREP_SHAPE_REPRESENTATION('',(#11,#9938),#10036);
#9938 = MANIFOLD_SOLID_BREP('',#9939);
#9939 = CLOSED_SHELL('',(#9940,#10028,#10032));
#9940 = ADVANCED_FACE('',(#9941),#9954,.T.);
#9941 = FACE_BOUND('',#9942,.T.);
#9942 = EDGE_LOOP('',(#9943,#9977,#10000,#10027));
#9943 = ORIENTED_EDGE('',*,*,#9944,.F.);
#9944 = EDGE_CURVE('',#9945,#9945,#9947,.T.);
#9945 = VERTEX_POINT('',#9946);
#9946 = CARTESIAN_POINT('',(177.22040188383,1.537791593254,
    185.5241278407));
#9947 = SURFACE_CURVE('',#9948,(#9953,#9965),.PCURVE_S1.);
#9948 = CIRCLE('',#9949,1.6);
#9949 = AXIS2_PLACEMENT_3D('',#9950,#9951,#9952);
#9950 = CARTESIAN_POINT('',(177.6622129472,7.105427357601E-15,
    185.5241278407));
#9951 = DIRECTION('',(0.926587331578,0.266210672544,-0.265645995234));
#9952 = DIRECTION('',(-0.276131914608,0.961119745784,1.387778780781E-17)
  );
#9953 = PCURVE('',#9954,#9959);
#9954 = CYLINDRICAL_SURFACE('',#9955,1.6);
#9955 = AXIS2_PLACEMENT_3D('',#9956,#9957,#9958);
#9956 = CARTESIAN_POINT('',(24.513422179807,-44.,229.43079649003));
#9957 = DIRECTION('',(0.926587331578,0.266210672544,-0.265645995234));
#9958 = DIRECTION('',(-0.276131914608,0.961119745784,0.));
#9959 = DEFINITIONAL_REPRESENTATION('',(#9960),#9964);
#9960 = LINE('',#9961,#9962);
#9961 = CARTESIAN_POINT('',(0.,165.28262965417));
#9962 = VECTOR('',#9963,1.);
#9963 = DIRECTION('',(1.,0.));
#9964 = ( GEOMETRIC_REPRESENTATION_CONTEXT(2) 
PARAMETRIC_REPRESENTATION_CONTEXT() REPRESENTATION_CONTEXT('2D SPACE',''
  ) );
#9965 = PCURVE('',#9966,#9971);
#9966 = PLANE('',#9967);
#9967 = AXIS2_PLACEMENT_3D('',#9968,#9969,#9970);
#9968 = CARTESIAN_POINT('',(177.6622129472,7.105427357601E-15,
    185.5241278407));
#9969 = DIRECTION('',(0.926587331578,0.266210672544,-0.265645995234));
#9970 = DIRECTION('',(-0.276131914608,0.961119745784,0.));
#9971 = DEFINITIONAL_REPRESENTATION('',(#9972),#9976);
#9972 = CIRCLE('',#9973,1.6);
#9973 = AXIS2_PLACEMENT_2D('',#9974,#9975);
#9974 = CARTESIAN_POINT('',(0.,0.));
#9975 = DIRECTION('',(1.,0.));
#9976 = ( GEOMETRIC_REPRESENTATION_CONTEXT(2) 
PARAMETRIC_REPRESENTATION_CONTEXT() REPRESENTATION_CONTEXT('2D SPACE',''
  ) );
#9977 = ORIENTED_EDGE('',*,*,#9978,.F.);
#9978 = EDGE_CURVE('',#9979,#9945,#9981,.T.);
#9979 = VERTEX_POINT('',#9980);
#9980 = CARTESIAN_POINT('',(24.071611116435,-42.46220840674,
    229.43079649003));
#9981 = SEAM_CURVE('',#9982,(#9986,#9993),.PCURVE_S1.);
#9982 = LINE('',#9983,#9984);
#9983 = CARTESIAN_POINT('',(24.071611116435,-42.46220840674,
    229.43079649003));
#9984 = VECTOR('',#9985,1.);
#9985 = DIRECTION('',(0.926587331578,0.266210672544,-0.265645995234));
#9986 = PCURVE('',#9954,#9987);
#9987 = DEFINITIONAL_REPRESENTATION('',(#9988),#9992);
#9988 = LINE('',#9989,#9990);
#9989 = CARTESIAN_POINT('',(6.28318530718,-0.));
#9990 = VECTOR('',#9991,1.);
#9991 = DIRECTION('',(0.,1.));
#9992 = ( GEOMETRIC_REPRESENTATION_CONTEXT(2) 
PARAMETRIC_REPRESENTATION_CONTEXT() REPRESENTATION_CONTEXT('2D SPACE',''
  ) );
#9993 = PCURVE('',#9954,#9994);
#9994 = DEFINITIONAL_REPRESENTATION('',(#9995),#9999);
#9995 = LINE('',#9996,#9997);
#9996 = CARTESIAN_POINT('',(0.,-0.));
#9997 = VECTOR('',#9998,1.);
#9998 = DIRECTION('',(0.,1.));
#9999 = ( GEOMETRIC_REPRESENTATION_CONTEXT(2) 
PARAMETRIC_REPRESENTATION_CONTEXT() REPRESENTATION_CONTEXT('2D SPACE',''
  ) );
#10000 = ORIENTED_EDGE('',*,*,#10001,.T.);
#10001 = EDGE_CURVE('',#9979,#9979,#10002,.T.);
#10002 = SURFACE_CURVE('',#10003,(#10008,#10015),.PCURVE_S1.);
#10003 = CIRCLE('',#10004,1.6);
#10004 = AXIS2_PLACEMENT_3D('',#10005,#10006,#10007);
#10005 = CARTESIAN_POINT('',(24.513422179807,-44.,229.43079649003));
#10006 = DIRECTION('',(0.926587331578,0.266210672544,-0.265645995234));
#10007 = DIRECTION('',(-0.276131914608,0.961119745784,1.387778780781E-17
    ));
#10008 = PCURVE('',#9954,#10009);
#10009 = DEFINITIONAL_REPRESENTATION('',(#10010),#10014);
#10010 = LINE('',#10011,#10012);
#10011 = CARTESIAN_POINT('',(0.,0.));
#10012 = VECTOR('',#10013,1.);
#10013 = DIRECTION('',(1.,0.));
#10014 = ( GEOMETRIC_REPRESENTATION_CONTEXT(2) 
PARAMETRIC_REPRESENTATION_CONTEXT() REPRESENTATION_CONTEXT('2D SPACE',''
  ) );
#10015 = PCURVE('',#10016,#10021);
#10016 = PLANE('',#10017);
#10017 = AXIS2_PLACEMENT_3D('',#10018,#10019,#10020);
#10018 = CARTESIAN_POINT('',(24.513422179807,-44.,229.43079649003));
#10019 = DIRECTION('',(0.926587331578,0.266210672544,-0.265645995234));
#10020 = DIRECTION('',(-0.276131914608,0.961119745784,0.));
#10021 = DEFINITIONAL_REPRESENTATION('',(#10022),#10026);
#10022 = CIRCLE('',#10023,1.6);
#10023 = AXIS2_PLACEMENT_2D('',#10024,#10025);
#10024 = CARTESIAN_POINT('',(0.,0.));
#10025 = DIRECTION('',(1.,0.));
#10026 = ( GEOMETRIC_REPRESENTATION_CONTEXT(2) 
PARAMETRIC_REPRESENTATION_CONTEXT() REPRESENTATION_CONTEXT('2D SPACE',''
  ) );
#10027 = ORIENTED_EDGE('',*,*,#9978,.T.);
#10028 = ADVANCED_FACE('',(#10029),#9966,.T.);
#10029 = FACE_BOUND('',#10030,.T.);
#10030 = EDGE_LOOP('',(#10031));
#10031 = ORIENTED_EDGE('',*,*,#9944,.T.);
#10032 = ADVANCED_FACE('',(#10033),#10016,.F.);
#10033 = FACE_BOUND('',#10034,.T.);
#10034 = EDGE_LOOP('',(#10035));
#10035 = ORIENTED_EDGE('',*,*,#10001,.F.);
#10036 = ( GEOMETRIC_REPRESENTATION_CONTEXT(3) 
GLOBAL_UNCERTAINTY_ASSIGNED_CONTEXT((#10040)) 
GLOBAL_UNIT_ASSIGNED_CONTEXT((#10037,#10038,#10039)) 
REPRESENTATION_CONTEXT('Context #1',
  '3D Context with UNIT and UNCERTAINTY') );
#10037 = ( LENGTH_UNIT() NAMED_UNIT(*) SI_UNIT(.MILLI.,.METRE.) );
#10038 = ( NAMED_UNIT(*) PLANE_ANGLE_UNIT() SI_UNIT($,.RADIAN.) );
#10039 = ( NAMED_UNIT(*) SI_UNIT($,.STERADIAN.) SOLID_ANGLE_UNIT() );
#10040 = UNCERTAINTY_MEASURE_WITH_UNIT(LENGTH_MEASURE(1.E-07),#10037,
  'distance_accuracy_value','confusion accuracy');
#10041 = CONTEXT_DEPENDENT_SHAPE_REPRESENTATION(#10042,#10044);
#10042 = ( REPRESENTATION_RELATIONSHIP('','',#9937,#7527) 
REPRESENTATION_RELATIONSHIP_WITH_TRANSFORMATION(#10043) 
SHAPE_REPRESENTATION_RELATIONSHIP() );
#10043 = ITEM_DEFINED_TRANSFORMATION('','',#11,#7604);
#10044 = PRODUCT_DEFINITION_SHAPE('Placement','Placement of an item',
  #10045);
#10045 = NEXT_ASSEMBLY_USAGE_OCCURRENCE('76','=>[0:1:1:79]','',#7522,
  #9932,$);
#10046 = PRODUCT_RELATED_PRODUCT_CATEGORY('part',$,(#9934));
#10047 = SHAPE_DEFINITION_REPRESENTATION(#10048,#10054);
#10048 = PRODUCT_DEFINITION_SHAPE('','',#10049);
#10049 = PRODUCT_DEFINITION('design','',#10050,#10053);
#10050 = PRODUCT_DEFINITION_FORMATION('','',#10051);
#10051 = PRODUCT('SOLID','SOLID','',(#10052));
#10052 = PRODUCT_CONTEXT('',#2,'mechanical');
#10053 = PRODUCT_DEFINITION_CONTEXT('part definition',#2,'design');
#10054 = ADVANCED_BREP_SHAPE_REPRESENTATION('',(#11,#10055),#10153);
#10055 = MANIFOLD_SOLID_BREP('',#10056);
#10056 = CLOSED_SHELL('',(#10057,#10145,#10149));
#10057 = ADVANCED_FACE('',(#10058),#10071,.T.);
#10058 = FACE_BOUND('',#10059,.T.);
#10059 = EDGE_LOOP('',(#10060,#10094,#10117,#10144));
#10060 = ORIENTED_EDGE('',*,*,#10061,.F.);
#10061 = EDGE_CURVE('',#10062,#10062,#10064,.T.);
#10062 = VERTEX_POINT('',#10063);
#10063 = CARTESIAN_POINT('',(189.42682209196,1.54199627109,
    250.17655424893));
#10064 = SURFACE_CURVE('',#10065,(#10070,#10082),.PCURVE_S1.);
#10065 = CIRCLE('',#10066,1.6);
#10066 = AXIS2_PLACEMENT_3D('',#10067,#10068,#10069);
#10067 = CARTESIAN_POINT('',(188.99991753595,0.,250.17655424893));
#10068 = DIRECTION('',(0.961563559361,-0.266210672544,6.728595048752E-02
    ));
#10069 = DIRECTION('',(0.266815347508,0.963747669431,-1.040834085586E-17
    ));
#10070 = PCURVE('',#10071,#10076);
#10071 = CYLINDRICAL_SURFACE('',#10072,1.6);
#10072 = AXIS2_PLACEMENT_3D('',#10073,#10074,#10075);
#10073 = CARTESIAN_POINT('',(30.070163865149,44.,239.05535541357));
#10074 = DIRECTION('',(0.961563559361,-0.266210672544,6.728595048752E-02
    ));
#10075 = DIRECTION('',(0.266815347508,0.963747669431,-6.938893903907E-18
    ));
#10076 = DEFINITIONAL_REPRESENTATION('',(#10077),#10081);
#10077 = LINE('',#10078,#10079);
#10078 = CARTESIAN_POINT('',(0.,165.28262965417));
#10079 = VECTOR('',#10080,1.);
#10080 = DIRECTION('',(1.,0.));
#10081 = ( GEOMETRIC_REPRESENTATION_CONTEXT(2) 
PARAMETRIC_REPRESENTATION_CONTEXT() REPRESENTATION_CONTEXT('2D SPACE',''
  ) );
#10082 = PCURVE('',#10083,#10088);
#10083 = PLANE('',#10084);
#10084 = AXIS2_PLACEMENT_3D('',#10085,#10086,#10087);
#10085 = CARTESIAN_POINT('',(188.99991753595,0.,250.17655424893));
#10086 = DIRECTION('',(0.961563559361,-0.266210672544,6.728595048752E-02
    ));
#10087 = DIRECTION('',(0.266815347508,0.963747669431,-6.938893903907E-18
    ));
#10088 = DEFINITIONAL_REPRESENTATION('',(#10089),#10093);
#10089 = CIRCLE('',#10090,1.6);
#10090 = AXIS2_PLACEMENT_2D('',#10091,#10092);
#10091 = CARTESIAN_POINT('',(0.,0.));
#10092 = DIRECTION('',(1.,0.));
#10093 = ( GEOMETRIC_REPRESENTATION_CONTEXT(2) 
PARAMETRIC_REPRESENTATION_CONTEXT() REPRESENTATION_CONTEXT('2D SPACE',''
  ) );
#10094 = ORIENTED_EDGE('',*,*,#10095,.F.);
#10095 = EDGE_CURVE('',#10096,#10062,#10098,.T.);
#10096 = VERTEX_POINT('',#10097);
#10097 = CARTESIAN_POINT('',(30.497068421161,45.54199627109,
    239.05535541357));
#10098 = SEAM_CURVE('',#10099,(#10103,#10110),.PCURVE_S1.);
#10099 = LINE('',#10100,#10101);
#10100 = CARTESIAN_POINT('',(30.497068421161,45.54199627109,
    239.05535541357));
#10101 = VECTOR('',#10102,1.);
#10102 = DIRECTION('',(0.961563559361,-0.266210672544,6.728595048752E-02
    ));
#10103 = PCURVE('',#10071,#10104);
#10104 = DEFINITIONAL_REPRESENTATION('',(#10105),#10109);
#10105 = LINE('',#10106,#10107);
#10106 = CARTESIAN_POINT('',(6.28318530718,-0.));
#10107 = VECTOR('',#10108,1.);
#10108 = DIRECTION('',(0.,1.));
#10109 = ( GEOMETRIC_REPRESENTATION_CONTEXT(2) 
PARAMETRIC_REPRESENTATION_CONTEXT() REPRESENTATION_CONTEXT('2D SPACE',''
  ) );
#10110 = PCURVE('',#10071,#10111);
#10111 = DEFINITIONAL_REPRESENTATION('',(#10112),#10116);
#10112 = LINE('',#10113,#10114);
#10113 = CARTESIAN_POINT('',(0.,-0.));
#10114 = VECTOR('',#10115,1.);
#10115 = DIRECTION('',(0.,1.));
#10116 = ( GEOMETRIC_REPRESENTATION_CONTEXT(2) 
PARAMETRIC_REPRESENTATION_CONTEXT() REPRESENTATION_CONTEXT('2D SPACE',''
  ) );
#10117 = ORIENTED_EDGE('',*,*,#10118,.T.);
#10118 = EDGE_CURVE('',#10096,#10096,#10119,.T.);
#10119 = SURFACE_CURVE('',#10120,(#10125,#10132),.PCURVE_S1.);
#10120 = CIRCLE('',#10121,1.6);
#10121 = AXIS2_PLACEMENT_3D('',#10122,#10123,#10124);
#10122 = CARTESIAN_POINT('',(30.070163865149,44.,239.05535541357));
#10123 = DIRECTION('',(0.961563559361,-0.266210672544,6.728595048752E-02
    ));
#10124 = DIRECTION('',(0.266815347508,0.963747669431,-1.040834085586E-17
    ));
#10125 = PCURVE('',#10071,#10126);
#10126 = DEFINITIONAL_REPRESENTATION('',(#10127),#10131);
#10127 = LINE('',#10128,#10129);
#10128 = CARTESIAN_POINT('',(0.,0.));
#10129 = VECTOR('',#10130,1.);
#10130 = DIRECTION('',(1.,0.));
#10131 = ( GEOMETRIC_REPRESENTATION_CONTEXT(2) 
PARAMETRIC_REPRESENTATION_CONTEXT() REPRESENTATION_CONTEXT('2D SPACE',''
  ) );
#10132 = PCURVE('',#10133,#10138);
#10133 = PLANE('',#10134);
#10134 = AXIS2_PLACEMENT_3D('',#10135,#10136,#10137);
#10135 = CARTESIAN_POINT('',(30.070163865149,44.,239.05535541357));
#10136 = DIRECTION('',(0.961563559361,-0.266210672544,6.728595048752E-02
    ));
#10137 = DIRECTION('',(0.266815347508,0.963747669431,-6.938893903907E-18
    ));
#10138 = DEFINITIONAL_REPRESENTATION('',(#10139),#10143);
#10139 = CIRCLE('',#10140,1.6);
#10140 = AXIS2_PLACEMENT_2D('',#10141,#10142);
#10141 = CARTESIAN_POINT('',(0.,0.));
#10142 = DIRECTION('',(1.,0.));
#10143 = ( GEOMETRIC_REPRESENTATION_CONTEXT(2) 
PARAMETRIC_REPRESENTATION_CONTEXT() REPRESENTATION_CONTEXT('2D SPACE',''
  ) );
#10144 = ORIENTED_EDGE('',*,*,#10095,.T.);
#10145 = ADVANCED_FACE('',(#10146),#10083,.T.);
#10146 = FACE_BOUND('',#10147,.T.);
#10147 = EDGE_LOOP('',(#10148));
#10148 = ORIENTED_EDGE('',*,*,#10061,.T.);
#10149 = ADVANCED_FACE('',(#10150),#10133,.F.);
#10150 = FACE_BOUND('',#10151,.T.);
#10151 = EDGE_LOOP('',(#10152));
#10152 = ORIENTED_EDGE('',*,*,#10118,.F.);
#10153 = ( GEOMETRIC_REPRESENTATION_CONTEXT(3) 
GLOBAL_UNCERTAINTY_ASSIGNED_CONTEXT((#10157)) 
GLOBAL_UNIT_ASSIGNED_CONTEXT((#10154,#10155,#10156)) 
REPRESENTATION_CONTEXT('Context #1',
  '3D Context with UNIT and UNCERTAINTY') );
#10154 = ( LENGTH_UNIT() NAMED_UNIT(*) SI_UNIT(.MILLI.,.METRE.) );
#10155 = ( NAMED_UNIT(*) PLANE_ANGLE_UNIT() SI_UNIT($,.RADIAN.) );
#10156 = ( NAMED_UNIT(*) SI_UNIT($,.STERADIAN.) SOLID_ANGLE_UNIT() );
#10157 = UNCERTAINTY_MEASURE_WITH_UNIT(LENGTH_MEASURE(1.E-07),#10154,
  'distance_accuracy_value','confusion accuracy');
#10158 = CONTEXT_DEPENDENT_SHAPE_REPRESENTATION(#10159,#10161);
#10159 = ( REPRESENTATION_RELATIONSHIP('','',#10054,#7527) 
REPRESENTATION_RELATIONSHIP_WITH_TRANSFORMATION(#10160) 
SHAPE_REPRESENTATION_RELATIONSHIP() );
#10160 = ITEM_DEFINED_TRANSFORMATION('','',#11,#7608);
#10161 = PRODUCT_DEFINITION_SHAPE('Placement','Placement of an item',
  #10162);
#10162 = NEXT_ASSEMBLY_USAGE_OCCURRENCE('77','=>[0:1:1:80]','',#7522,
  #10049,$);
#10163 = PRODUCT_RELATED_PRODUCT_CATEGORY('part',$,(#10051));
#10164 = SHAPE_DEFINITION_REPRESENTATION(#10165,#10171);
#10165 = PRODUCT_DEFINITION_SHAPE('','',#10166);
#10166 = PRODUCT_DEFINITION('design','',#10167,#10170);
#10167 = PRODUCT_DEFINITION_FORMATION('','',#10168);
#10168 = PRODUCT('SOLID','SOLID','',(#10169));
#10169 = PRODUCT_CONTEXT('',#2,'mechanical');
#10170 = PRODUCT_DEFINITION_CONTEXT('part definition',#2,'design');
#10171 = ADVANCED_BREP_SHAPE_REPRESENTATION('',(#11,#10172),#10270);
#10172 = MANIFOLD_SOLID_BREP('',#10173);
#10173 = CLOSED_SHELL('',(#10174,#10262,#10266));
#10174 = ADVANCED_FACE('',(#10175),#10188,.T.);
#10175 = FACE_BOUND('',#10176,.T.);
#10176 = EDGE_LOOP('',(#10177,#10211,#10234,#10261));
#10177 = ORIENTED_EDGE('',*,*,#10178,.F.);
#10178 = EDGE_CURVE('',#10179,#10179,#10181,.T.);
#10179 = VERTEX_POINT('',#10180);
#10180 = CARTESIAN_POINT('',(139.78585081692,50.,260.99617712608));
#10181 = SURFACE_CURVE('',#10182,(#10187,#10199),.PCURVE_S1.);
#10182 = CIRCLE('',#10183,6.);
#10183 = AXIS2_PLACEMENT_3D('',#10184,#10185,#10186);
#10184 = CARTESIAN_POINT('',(140.,50.,255.));
#10185 = DIRECTION('',(0.999362854348,0.,3.569153051241E-02));
#10186 = DIRECTION('',(-3.569153051241E-02,0.,0.999362854348));
#10187 = PCURVE('',#10188,#10193);
#10188 = CYLINDRICAL_SURFACE('',#10189,6.);
#10189 = AXIS2_PLACEMENT_3D('',#10190,#10191,#10192);
#10190 = CARTESIAN_POINT('',(0.,50.,250.));
#10191 = DIRECTION('',(0.999362854348,0.,3.569153051241E-02));
#10192 = DIRECTION('',(-3.569153051241E-02,0.,0.999362854348));
#10193 = DEFINITIONAL_REPRESENTATION('',(#10194),#10198);
#10194 = LINE('',#10195,#10196);
#10195 = CARTESIAN_POINT('',(0.,140.08925726121));
#10196 = VECTOR('',#10197,1.);
#10197 = DIRECTION('',(1.,0.));
#10198 = ( GEOMETRIC_REPRESENTATION_CONTEXT(2) 
PARAMETRIC_REPRESENTATION_CONTEXT() REPRESENTATION_CONTEXT('2D SPACE',''
  ) );
#10199 = PCURVE('',#10200,#10205);
#10200 = PLANE('',#10201);
#10201 = AXIS2_PLACEMENT_3D('',#10202,#10203,#10204);
#10202 = CARTESIAN_POINT('',(140.,50.,255.));
#10203 = DIRECTION('',(0.999362854348,0.,3.569153051241E-02));
#10204 = DIRECTION('',(-3.569153051241E-02,0.,0.999362854348));
#10205 = DEFINITIONAL_REPRESENTATION('',(#10206),#10210);
#10206 = CIRCLE('',#10207,6.);
#10207 = AXIS2_PLACEMENT_2D('',#10208,#10209);
#10208 = CARTESIAN_POINT('',(0.,0.));
#10209 = DIRECTION('',(1.,0.));
#10210 = ( GEOMETRIC_REPRESENTATION_CONTEXT(2) 
PARAMETRIC_REPRESENTATION_CONTEXT() REPRESENTATION_CONTEXT('2D SPACE',''
  ) );
#10211 = ORIENTED_EDGE('',*,*,#10212,.F.);
#10212 = EDGE_CURVE('',#10213,#10179,#10215,.T.);
#10213 = VERTEX_POINT('',#10214);
#10214 = CARTESIAN_POINT('',(-0.214149183074,50.,255.99617712608));
#10215 = SEAM_CURVE('',#10216,(#10220,#10227),.PCURVE_S1.);
#10216 = LINE('',#10217,#10218);
#10217 = CARTESIAN_POINT('',(-0.214149183074,50.,255.99617712608));
#10218 = VECTOR('',#10219,1.);
#10219 = DIRECTION('',(0.999362854348,0.,3.569153051241E-02));
#10220 = PCURVE('',#10188,#10221);
#10221 = DEFINITIONAL_REPRESENTATION('',(#10222),#10226);
#10222 = LINE('',#10223,#10224);
#10223 = CARTESIAN_POINT('',(6.28318530718,-0.));
#10224 = VECTOR('',#10225,1.);
#10225 = DIRECTION('',(0.,1.));
#10226 = ( GEOMETRIC_REPRESENTATION_CONTEXT(2) 
PARAMETRIC_REPRESENTATION_CONTEXT() REPRESENTATION_CONTEXT('2D SPACE',''
  ) );
#10227 = PCURVE('',#10188,#10228);
#10228 = DEFINITIONAL_REPRESENTATION('',(#10229),#10233);
#10229 = LINE('',#10230,#10231);
#10230 = CARTESIAN_POINT('',(0.,-0.));
#10231 = VECTOR('',#10232,1.);
#10232 = DIRECTION('',(0.,1.));
#10233 = ( GEOMETRIC_REPRESENTATION_CONTEXT(2) 
PARAMETRIC_REPRESENTATION_CONTEXT() REPRESENTATION_CONTEXT('2D SPACE',''
  ) );
#10234 = ORIENTED_EDGE('',*,*,#10235,.T.);
#10235 = EDGE_CURVE('',#10213,#10213,#10236,.T.);
#10236 = SURFACE_CURVE('',#10237,(#10242,#10249),.PCURVE_S1.);
#10237 = CIRCLE('',#10238,6.);
#10238 = AXIS2_PLACEMENT_3D('',#10239,#10240,#10241);
#10239 = CARTESIAN_POINT('',(0.,50.,250.));
#10240 = DIRECTION('',(0.999362854348,0.,3.569153051241E-02));
#10241 = DIRECTION('',(-3.569153051241E-02,0.,0.999362854348));
#10242 = PCURVE('',#10188,#10243);
#10243 = DEFINITIONAL_REPRESENTATION('',(#10244),#10248);
#10244 = LINE('',#10245,#10246);
#10245 = CARTESIAN_POINT('',(0.,0.));
#10246 = VECTOR('',#10247,1.);
#10247 = DIRECTION('',(1.,0.));
#10248 = ( GEOMETRIC_REPRESENTATION_CONTEXT(2) 
PARAMETRIC_REPRESENTATION_CONTEXT() REPRESENTATION_CONTEXT('2D SPACE',''
  ) );
#10249 = PCURVE('',#10250,#10255);
#10250 = PLANE('',#10251);
#10251 = AXIS2_PLACEMENT_3D('',#10252,#10253,#10254);
#10252 = CARTESIAN_POINT('',(0.,50.,250.));
#10253 = DIRECTION('',(0.999362854348,0.,3.569153051241E-02));
#10254 = DIRECTION('',(-3.569153051241E-02,0.,0.999362854348));
#10255 = DEFINITIONAL_REPRESENTATION('',(#10256),#10260);
#10256 = CIRCLE('',#10257,6.);
#10257 = AXIS2_PLACEMENT_2D('',#10258,#10259);
#10258 = CARTESIAN_POINT('',(0.,0.));
#10259 = DIRECTION('',(1.,0.));
#10260 = ( GEOMETRIC_REPRESENTATION_CONTEXT(2) 
PARAMETRIC_REPRESENTATION_CONTEXT() REPRESENTATION_CONTEXT('2D SPACE',''
  ) );
#10261 = ORIENTED_EDGE('',*,*,#10212,.T.);
#10262 = ADVANCED_FACE('',(#10263),#10200,.T.);
#10263 = FACE_BOUND('',#10264,.T.);
#10264 = EDGE_LOOP('',(#10265));
#10265 = ORIENTED_EDGE('',*,*,#10178,.T.);
#10266 = ADVANCED_FACE('',(#10267),#10250,.F.);
#10267 = FACE_BOUND('',#10268,.T.);
#10268 = EDGE_LOOP('',(#10269));
#10269 = ORIENTED_EDGE('',*,*,#10235,.F.);
#10270 = ( GEOMETRIC_REPRESENTATION_CONTEXT(3) 
GLOBAL_UNCERTAINTY_ASSIGNED_CONTEXT((#10274)) 
GLOBAL_UNIT_ASSIGNED_CONTEXT((#10271,#10272,#10273)) 
REPRESENTATION_CONTEXT('Context #1',
  '3D Context with UNIT and UNCERTAINTY') );
#10271 = ( LENGTH_UNIT() NAMED_UNIT(*) SI_UNIT(.MILLI.,.METRE.) );
#10272 = ( NAMED_UNIT(*) PLANE_ANGLE_UNIT() SI_UNIT($,.RADIAN.) );
#10273 = ( NAMED_UNIT(*) SI_UNIT($,.STERADIAN.) SOLID_ANGLE_UNIT() );
#10274 = UNCERTAINTY_MEASURE_WITH_UNIT(LENGTH_MEASURE(1.E-07),#10271,
  'distance_accuracy_value','confusion accuracy');
#10275 = CONTEXT_DEPENDENT_SHAPE_REPRESENTATION(#10276,#10278);
#10276 = ( REPRESENTATION_RELATIONSHIP('','',#10171,#7500) 
REPRESENTATION_RELATIONSHIP_WITH_TRANSFORMATION(#10277) 
SHAPE_REPRESENTATION_RELATIONSHIP() );
#10277 = ITEM_DEFINED_TRANSFORMATION('','',#11,#7505);
#10278 = PRODUCT_DEFINITION_SHAPE('Placement','Placement of an item',
  #10279);
#10279 = NEXT_ASSEMBLY_USAGE_OCCURRENCE('79','=>[0:1:1:81]','',#7495,
  #10166,$);
#10280 = PRODUCT_RELATED_PRODUCT_CATEGORY('part',$,(#10168));
#10281 = SHAPE_DEFINITION_REPRESENTATION(#10282,#10288);
#10282 = PRODUCT_DEFINITION_SHAPE('','',#10283);
#10283 = PRODUCT_DEFINITION('design','',#10284,#10287);
#10284 = PRODUCT_DEFINITION_FORMATION('','',#10285);
#10285 = PRODUCT('COMPOUND','COMPOUND','',(#10286));
#10286 = PRODUCT_CONTEXT('',#2,'mechanical');
#10287 = PRODUCT_DEFINITION_CONTEXT('part definition',#2,'design');
#10288 = SHAPE_REPRESENTATION('',(#11,#10289,#10293),#10297);
#10289 = AXIS2_PLACEMENT_3D('',#10290,#10291,#10292);
#10290 = CARTESIAN_POINT('',(0.,0.,0.));
#10291 = DIRECTION('',(0.,0.,1.));
#10292 = DIRECTION('',(1.,0.,-0.));
#10293 = AXIS2_PLACEMENT_3D('',#10294,#10295,#10296);
#10294 = CARTESIAN_POINT('',(0.,0.,0.));
#10295 = DIRECTION('',(0.,0.,1.));
#10296 = DIRECTION('',(1.,0.,-0.));
#10297 = ( GEOMETRIC_REPRESENTATION_CONTEXT(3) 
GLOBAL_UNCERTAINTY_ASSIGNED_CONTEXT((#10301)) 
GLOBAL_UNIT_ASSIGNED_CONTEXT((#10298,#10299,#10300)) 
REPRESENTATION_CONTEXT('Context #1',
  '3D Context with UNIT and UNCERTAINTY') );
#10298 = ( LENGTH_UNIT() NAMED_UNIT(*) SI_UNIT(.MILLI.,.METRE.) );
#10299 = ( NAMED_UNIT(*) PLANE_ANGLE_UNIT() SI_UNIT($,.RADIAN.) );
#10300 = ( NAMED_UNIT(*) SI_UNIT($,.STERADIAN.) SOLID_ANGLE_UNIT() );
#10301 = UNCERTAINTY_MEASURE_WITH_UNIT(LENGTH_MEASURE(1.E-07),#10298,
  'distance_accuracy_value','confusion accuracy');
#10302 = CONTEXT_DEPENDENT_SHAPE_REPRESENTATION(#10303,#10305);
#10303 = ( REPRESENTATION_RELATIONSHIP('','',#10288,#10) 
REPRESENTATION_RELATIONSHIP_WITH_TRANSFORMATION(#10304) 
SHAPE_REPRESENTATION_RELATIONSHIP() );
#10304 = ITEM_DEFINED_TRANSFORMATION('','',#11,#47);
#10305 = PRODUCT_DEFINITION_SHAPE('Placement','Placement of an item',
  #10306);
#10306 = NEXT_ASSEMBLY_USAGE_OCCURRENCE('83','=>[0:1:1:82]','',#5,#10283
  ,$);
#10307 = PRODUCT_RELATED_PRODUCT_CATEGORY('part',$,(#10285));
#10308 = SHAPE_DEFINITION_REPRESENTATION(#10309,#10315);
#10309 = PRODUCT_DEFINITION_SHAPE('','',#10310);
#10310 = PRODUCT_DEFINITION('design','',#10311,#10314);
#10311 = PRODUCT_DEFINITION_FORMATION('','',#10312);
#10312 = PRODUCT('SOLID','SOLID','',(#10313));
#10313 = PRODUCT_CONTEXT('',#2,'mechanical');
#10314 = PRODUCT_DEFINITION_CONTEXT('part definition',#2,'design');
#10315 = ADVANCED_BREP_SHAPE_REPRESENTATION('',(#11,#10316),#10374);
#10316 = MANIFOLD_SOLID_BREP('',#10317);
#10317 = CLOSED_SHELL('',(#10318));
#10318 = ADVANCED_FACE('',(#10319),#10332,.T.);
#10319 = FACE_BOUND('',#10320,.T.);
#10320 = EDGE_LOOP('',(#10321,#10350,#10372,#10373));
#10321 = ORIENTED_EDGE('',*,*,#10322,.F.);
#10322 = EDGE_CURVE('',#10323,#10323,#10325,.T.);
#10323 = VERTEX_POINT('',#10324);
#10324 = CARTESIAN_POINT('',(-6.123233995737E-14,-5.878304635907E-15,
    500.));
#10325 = SEAM_CURVE('',#10326,(#10331,#10343),.PCURVE_S1.);
#10326 = CIRCLE('',#10327,250.);
#10327 = AXIS2_PLACEMENT_3D('',#10328,#10329,#10330);
#10328 = CARTESIAN_POINT('',(0.,-5.878304635907E-15,250.));
#10329 = DIRECTION('',(0.,1.,0.));
#10330 = DIRECTION('',(0.,-0.,1.));
#10331 = PCURVE('',#10332,#10337);
#10332 = TOROIDAL_SURFACE('',#10333,226.,24.);
#10333 = AXIS2_PLACEMENT_3D('',#10334,#10335,#10336);
#10334 = CARTESIAN_POINT('',(0.,0.,250.));
#10335 = DIRECTION('',(0.,1.,0.));
#10336 = DIRECTION('',(0.,-0.,1.));
#10337 = DEFINITIONAL_REPRESENTATION('',(#10338),#10342);
#10338 = LINE('',#10339,#10340);
#10339 = CARTESIAN_POINT('',(0.,6.28318530718));
#10340 = VECTOR('',#10341,1.);
#10341 = DIRECTION('',(1.,0.));
#10342 = ( GEOMETRIC_REPRESENTATION_CONTEXT(2) 
PARAMETRIC_REPRESENTATION_CONTEXT() REPRESENTATION_CONTEXT('2D SPACE',''
  ) );
#10343 = PCURVE('',#10332,#10344);
#10344 = DEFINITIONAL_REPRESENTATION('',(#10345),#10349);
#10345 = LINE('',#10346,#10347);
#10346 = CARTESIAN_POINT('',(0.,0.));
#10347 = VECTOR('',#10348,1.);
#10348 = DIRECTION('',(1.,0.));
#10349 = ( GEOMETRIC_REPRESENTATION_CONTEXT(2) 
PARAMETRIC_REPRESENTATION_CONTEXT() REPRESENTATION_CONTEXT('2D SPACE',''
  ) );
#10350 = ORIENTED_EDGE('',*,*,#10351,.F.);
#10351 = EDGE_CURVE('',#10323,#10323,#10352,.T.);
#10352 = SEAM_CURVE('',#10353,(#10358,#10365),.PCURVE_S1.);
#10353 = CIRCLE('',#10354,24.);
#10354 = AXIS2_PLACEMENT_3D('',#10355,#10356,#10357);
#10355 = CARTESIAN_POINT('',(-5.535403532146E-14,0.,476.));
#10356 = DIRECTION('',(-1.,0.,-2.449293598295E-16));
#10357 = DIRECTION('',(-2.449293598295E-16,0.,1.));
#10358 = PCURVE('',#10332,#10359);
#10359 = DEFINITIONAL_REPRESENTATION('',(#10360),#10364);
#10360 = LINE('',#10361,#10362);
#10361 = CARTESIAN_POINT('',(6.28318530718,-0.));
#10362 = VECTOR('',#10363,1.);
#10363 = DIRECTION('',(0.,1.));
#10364 = ( GEOMETRIC_REPRESENTATION_CONTEXT(2) 
PARAMETRIC_REPRESENTATION_CONTEXT() REPRESENTATION_CONTEXT('2D SPACE',''
  ) );
#10365 = PCURVE('',#10332,#10366);
#10366 = DEFINITIONAL_REPRESENTATION('',(#10367),#10371);
#10367 = LINE('',#10368,#10369);
#10368 = CARTESIAN_POINT('',(0.,-0.));
#10369 = VECTOR('',#10370,1.);
#10370 = DIRECTION('',(0.,1.));
#10371 = ( GEOMETRIC_REPRESENTATION_CONTEXT(2) 
PARAMETRIC_REPRESENTATION_CONTEXT() REPRESENTATION_CONTEXT('2D SPACE',''
  ) );
#10372 = ORIENTED_EDGE('',*,*,#10322,.T.);
#10373 = ORIENTED_EDGE('',*,*,#10351,.T.);
#10374 = ( GEOMETRIC_REPRESENTATION_CONTEXT(3) 
GLOBAL_UNCERTAINTY_ASSIGNED_CONTEXT((#10378)) 
GLOBAL_UNIT_ASSIGNED_CONTEXT((#10375,#10376,#10377)) 
REPRESENTATION_CONTEXT('Context #1',
  '3D Context with UNIT and UNCERTAINTY') );
#10375 = ( LENGTH_UNIT() NAMED_UNIT(*) SI_UNIT(.MILLI.,.METRE.) );
#10376 = ( NAMED_UNIT(*) PLANE_ANGLE_UNIT() SI_UNIT($,.RADIAN.) );
#10377 = ( NAMED_UNIT(*) SI_UNIT($,.STERADIAN.) SOLID_ANGLE_UNIT() );
#10378 = UNCERTAINTY_MEASURE_WITH_UNIT(LENGTH_MEASURE(1.E-07),#10375,
  'distance_accuracy_value','confusion accuracy');
#10379 = CONTEXT_DEPENDENT_SHAPE_REPRESENTATION(#10380,#10382);
#10380 = ( REPRESENTATION_RELATIONSHIP('','',#10315,#10288) 
REPRESENTATION_RELATIONSHIP_WITH_TRANSFORMATION(#10381) 
SHAPE_REPRESENTATION_RELATIONSHIP() );
#10381 = ITEM_DEFINED_TRANSFORMATION('','',#11,#10289);
#10382 = PRODUCT_DEFINITION_SHAPE('Placement','Placement of an item',
  #10383);
#10383 = NEXT_ASSEMBLY_USAGE_OCCURRENCE('81','=>[0:1:1:83]','',#10283,
  #10310,$);
#10384 = PRODUCT_RELATED_PRODUCT_CATEGORY('part',$,(#10312));
#10385 = SHAPE_DEFINITION_REPRESENTATION(#10386,#10392);
#10386 = PRODUCT_DEFINITION_SHAPE('','',#10387);
#10387 = PRODUCT_DEFINITION('design','',#10388,#10391);
#10388 = PRODUCT_DEFINITION_FORMATION('','',#10389);
#10389 = PRODUCT('SOLID','SOLID','',(#10390));
#10390 = PRODUCT_CONTEXT('',#2,'mechanical');
#10391 = PRODUCT_DEFINITION_CONTEXT('part definition',#2,'design');
#10392 = ADVANCED_BREP_SHAPE_REPRESENTATION('',(#11,#10393),#10451);
#10393 = MANIFOLD_SOLID_BREP('',#10394);
#10394 = CLOSED_SHELL('',(#10395));
#10395 = ADVANCED_FACE('',(#10396),#10409,.T.);
#10396 = FACE_BOUND('',#10397,.T.);
#10397 = EDGE_LOOP('',(#10398,#10427,#10449,#10450));
#10398 = ORIENTED_EDGE('',*,*,#10399,.F.);
#10399 = EDGE_CURVE('',#10400,#10400,#10402,.T.);
#10400 = VERTEX_POINT('',#10401);
#10401 = CARTESIAN_POINT('',(860.,-5.878304635907E-15,500.));
#10402 = SEAM_CURVE('',#10403,(#10408,#10420),.PCURVE_S1.);
#10403 = CIRCLE('',#10404,250.);
#10404 = AXIS2_PLACEMENT_3D('',#10405,#10406,#10407);
#10405 = CARTESIAN_POINT('',(860.,-5.878304635907E-15,250.));
#10406 = DIRECTION('',(0.,1.,0.));
#10407 = DIRECTION('',(0.,-0.,1.));
#10408 = PCURVE('',#10409,#10414);
#10409 = TOROIDAL_SURFACE('',#10410,226.,24.);
#10410 = AXIS2_PLACEMENT_3D('',#10411,#10412,#10413);
#10411 = CARTESIAN_POINT('',(860.,0.,250.));
#10412 = DIRECTION('',(0.,1.,0.));
#10413 = DIRECTION('',(0.,-0.,1.));
#10414 = DEFINITIONAL_REPRESENTATION('',(#10415),#10419);
#10415 = LINE('',#10416,#10417);
#10416 = CARTESIAN_POINT('',(0.,6.28318530718));
#10417 = VECTOR('',#10418,1.);
#10418 = DIRECTION('',(1.,0.));
#10419 = ( GEOMETRIC_REPRESENTATION_CONTEXT(2) 
PARAMETRIC_REPRESENTATION_CONTEXT() REPRESENTATION_CONTEXT('2D SPACE',''
  ) );
#10420 = PCURVE('',#10409,#10421);
#10421 = DEFINITIONAL_REPRESENTATION('',(#10422),#10426);
#10422 = LINE('',#10423,#10424);
#10423 = CARTESIAN_POINT('',(0.,0.));
#10424 = VECTOR('',#10425,1.);
#10425 = DIRECTION('',(1.,0.));
#10426 = ( GEOMETRIC_REPRESENTATION_CONTEXT(2) 
PARAMETRIC_REPRESENTATION_CONTEXT() REPRESENTATION_CONTEXT('2D SPACE',''
  ) );
#10427 = ORIENTED_EDGE('',*,*,#10428,.F.);
#10428 = EDGE_CURVE('',#10400,#10400,#10429,.T.);
#10429 = SEAM_CURVE('',#10430,(#10435,#10442),.PCURVE_S1.);
#10430 = CIRCLE('',#10431,24.);
#10431 = AXIS2_PLACEMENT_3D('',#10432,#10433,#10434);
#10432 = CARTESIAN_POINT('',(860.,0.,476.));
#10433 = DIRECTION('',(-1.,0.,-2.449293598295E-16));
#10434 = DIRECTION('',(-2.449293598295E-16,0.,1.));
#10435 = PCURVE('',#10409,#10436);
#10436 = DEFINITIONAL_REPRESENTATION('',(#10437),#10441);
#10437 = LINE('',#10438,#10439);
#10438 = CARTESIAN_POINT('',(6.28318530718,-0.));
#10439 = VECTOR('',#10440,1.);
#10440 = DIRECTION('',(0.,1.));
#10441 = ( GEOMETRIC_REPRESENTATION_CONTEXT(2) 
PARAMETRIC_REPRESENTATION_CONTEXT() REPRESENTATION_CONTEXT('2D SPACE',''
  ) );
#10442 = PCURVE('',#10409,#10443);
#10443 = DEFINITIONAL_REPRESENTATION('',(#10444),#10448);
#10444 = LINE('',#10445,#10446);
#10445 = CARTESIAN_POINT('',(0.,-0.));
#10446 = VECTOR('',#10447,1.);
#10447 = DIRECTION('',(0.,1.));
#10448 = ( GEOMETRIC_REPRESENTATION_CONTEXT(2) 
PARAMETRIC_REPRESENTATION_CONTEXT() REPRESENTATION_CONTEXT('2D SPACE',''
  ) );
#10449 = ORIENTED_EDGE('',*,*,#10399,.T.);
#10450 = ORIENTED_EDGE('',*,*,#10428,.T.);
#10451 = ( GEOMETRIC_REPRESENTATION_CONTEXT(3) 
GLOBAL_UNCERTAINTY_ASSIGNED_CONTEXT((#10455)) 
GLOBAL_UNIT_ASSIGNED_CONTEXT((#10452,#10453,#10454)) 
REPRESENTATION_CONTEXT('Context #1',
  '3D Context with UNIT and UNCERTAINTY') );
#10452 = ( LENGTH_UNIT() NAMED_UNIT(*) SI_UNIT(.MILLI.,.METRE.) );
#10453 = ( NAMED_UNIT(*) PLANE_ANGLE_UNIT() SI_UNIT($,.RADIAN.) );
#10454 = ( NAMED_UNIT(*) SI_UNIT($,.STERADIAN.) SOLID_ANGLE_UNIT() );
#10455 = UNCERTAINTY_MEASURE_WITH_UNIT(LENGTH_MEASURE(1.E-07),#10452,
  'distance_accuracy_value','confusion accuracy');
#10456 = CONTEXT_DEPENDENT_SHAPE_REPRESENTATION(#10457,#10459);
#10457 = ( REPRESENTATION_RELATIONSHIP('','',#10392,#10288) 
REPRESENTATION_RELATIONSHIP_WITH_TRANSFORMATION(#10458) 
SHAPE_REPRESENTATION_RELATIONSHIP() );
#10458 = ITEM_DEFINED_TRANSFORMATION('','',#11,#10293);
#10459 = PRODUCT_DEFINITION_SHAPE('Placement','Placement of an item',
  #10460);
#10460 = NEXT_ASSEMBLY_USAGE_OCCURRENCE('82','=>[0:1:1:84]','',#10283,
  #10387,$);
#10461 = PRODUCT_RELATED_PRODUCT_CATEGORY('part',$,(#10389));
#10462 = SHAPE_DEFINITION_REPRESENTATION(#10463,#10469);
#10463 = PRODUCT_DEFINITION_SHAPE('','',#10464);
#10464 = PRODUCT_DEFINITION('design','',#10465,#10468);
#10465 = PRODUCT_DEFINITION_FORMATION('','',#10466);
#10466 = PRODUCT('COMPOUND','COMPOUND','',(#10467));
#10467 = PRODUCT_CONTEXT('',#2,'mechanical');
#10468 = PRODUCT_DEFINITION_CONTEXT('part definition',#2,'design');
#10469 = SHAPE_REPRESENTATION('',(#11,#10470,#10474,#10478,#10482,#10486
    ,#10490),#10494);
#10470 = AXIS2_PLACEMENT_3D('',#10471,#10472,#10473);
#10471 = CARTESIAN_POINT('',(0.,0.,0.));
#10472 = DIRECTION('',(0.,0.,1.));
#10473 = DIRECTION('',(1.,0.,-0.));
#10474 = AXIS2_PLACEMENT_3D('',#10475,#10476,#10477);
#10475 = CARTESIAN_POINT('',(0.,0.,0.));
#10476 = DIRECTION('',(0.,0.,1.));
#10477 = DIRECTION('',(1.,0.,-0.));
#10478 = AXIS2_PLACEMENT_3D('',#10479,#10480,#10481);
#10479 = CARTESIAN_POINT('',(0.,0.,0.));
#10480 = DIRECTION('',(0.,0.,1.));
#10481 = DIRECTION('',(1.,0.,-0.));
#10482 = AXIS2_PLACEMENT_3D('',#10483,#10484,#10485);
#10483 = CARTESIAN_POINT('',(0.,0.,0.));
#10484 = DIRECTION('',(0.,0.,1.));
#10485 = DIRECTION('',(1.,0.,-0.));
#10486 = AXIS2_PLACEMENT_3D('',#10487,#10488,#10489);
#10487 = CARTESIAN_POINT('',(511.42536517447,-108.,307.88282006559));
#10488 = DIRECTION('',(0.,0.,1.));
#10489 = DIRECTION('',(1.,0.,-0.));
#10490 = AXIS2_PLACEMENT_3D('',#10491,#10492,#10493);
#10491 = CARTESIAN_POINT('',(248.31143135442,110.,212.1171799344));
#10492 = DIRECTION('',(0.,0.,1.));
#10493 = DIRECTION('',(1.,0.,-0.));
#10494 = ( GEOMETRIC_REPRESENTATION_CONTEXT(3) 
GLOBAL_UNCERTAINTY_ASSIGNED_CONTEXT((#10498)) 
GLOBAL_UNIT_ASSIGNED_CONTEXT((#10495,#10496,#10497)) 
REPRESENTATION_CONTEXT('Context #1',
  '3D Context with UNIT and UNCERTAINTY') );
#10495 = ( LENGTH_UNIT() NAMED_UNIT(*) SI_UNIT(.MILLI.,.METRE.) );
#10496 = ( NAMED_UNIT(*) PLANE_ANGLE_UNIT() SI_UNIT($,.RADIAN.) );
#10497 = ( NAMED_UNIT(*) SI_UNIT($,.STERADIAN.) SOLID_ANGLE_UNIT() );
#10498 = UNCERTAINTY_MEASURE_WITH_UNIT(LENGTH_MEASURE(1.E-07),#10495,
  'distance_accuracy_value','confusion accuracy');
#10499 = CONTEXT_DEPENDENT_SHAPE_REPRESENTATION(#10500,#10502);
#10500 = ( REPRESENTATION_RELATIONSHIP('','',#10469,#10) 
REPRESENTATION_RELATIONSHIP_WITH_TRANSFORMATION(#10501) 
SHAPE_REPRESENTATION_RELATIONSHIP() );
#10501 = ITEM_DEFINED_TRANSFORMATION('','',#11,#51);
#10502 = PRODUCT_DEFINITION_SHAPE('Placement','Placement of an item',
  #10503);
#10503 = NEXT_ASSEMBLY_USAGE_OCCURRENCE('90','=>[0:1:1:85]','',#5,#10464
  ,$);
#10504 = PRODUCT_RELATED_PRODUCT_CATEGORY('part',$,(#10466));
#10505 = SHAPE_DEFINITION_REPRESENTATION(#10506,#10512);
#10506 = PRODUCT_DEFINITION_SHAPE('','',#10507);
#10507 = PRODUCT_DEFINITION('design','',#10508,#10511);
#10508 = PRODUCT_DEFINITION_FORMATION('','',#10509);
#10509 = PRODUCT('SOLID','SOLID','',(#10510));
#10510 = PRODUCT_CONTEXT('',#2,'mechanical');
#10511 = PRODUCT_DEFINITION_CONTEXT('part definition',#2,'design');
#10512 = ADVANCED_BREP_SHAPE_REPRESENTATION('',(#11,#10513),#10695);
#10513 = MANIFOLD_SOLID_BREP('',#10514);
#10514 = CLOSED_SHELL('',(#10515,#10603,#10638,#10668));
#10515 = ADVANCED_FACE('',(#10516),#10529,.T.);
#10516 = FACE_BOUND('',#10517,.T.);
#10517 = EDGE_LOOP('',(#10518,#10552,#10575,#10602));
#10518 = ORIENTED_EDGE('',*,*,#10519,.F.);
#10519 = EDGE_CURVE('',#10520,#10520,#10522,.T.);
#10520 = VERTEX_POINT('',#10521);
#10521 = CARTESIAN_POINT('',(379.86839826445,-46.,328.78458745735));
#10522 = SURFACE_CURVE('',#10523,(#10528,#10540),.PCURVE_S1.);
#10523 = CIRCLE('',#10524,68.784587457352);
#10524 = AXIS2_PLACEMENT_3D('',#10525,#10526,#10527);
#10525 = CARTESIAN_POINT('',(379.86839826445,-46.,260.));
#10526 = DIRECTION('',(0.,1.,0.));
#10527 = DIRECTION('',(0.,-0.,1.));
#10528 = PCURVE('',#10529,#10534);
#10529 = CYLINDRICAL_SURFACE('',#10530,68.784587457352);
#10530 = AXIS2_PLACEMENT_3D('',#10531,#10532,#10533);
#10531 = CARTESIAN_POINT('',(379.86839826445,-50.,260.));
#10532 = DIRECTION('',(0.,1.,0.));
#10533 = DIRECTION('',(0.,-0.,1.));
#10534 = DEFINITIONAL_REPRESENTATION('',(#10535),#10539);
#10535 = LINE('',#10536,#10537);
#10536 = CARTESIAN_POINT('',(0.,4.));
#10537 = VECTOR('',#10538,1.);
#10538 = DIRECTION('',(1.,0.));
#10539 = ( GEOMETRIC_REPRESENTATION_CONTEXT(2) 
PARAMETRIC_REPRESENTATION_CONTEXT() REPRESENTATION_CONTEXT('2D SPACE',''
  ) );
#10540 = PCURVE('',#10541,#10546);
#10541 = PLANE('',#10542);
#10542 = AXIS2_PLACEMENT_3D('',#10543,#10544,#10545);
#10543 = CARTESIAN_POINT('',(379.86839826445,-46.,260.));
#10544 = DIRECTION('',(0.,1.,0.));
#10545 = DIRECTION('',(0.,-0.,1.));
#10546 = DEFINITIONAL_REPRESENTATION('',(#10547),#10551);
#10547 = CIRCLE('',#10548,68.784587457352);
#10548 = AXIS2_PLACEMENT_2D('',#10549,#10550);
#10549 = CARTESIAN_POINT('',(0.,0.));
#10550 = DIRECTION('',(1.,0.));
#10551 = ( GEOMETRIC_REPRESENTATION_CONTEXT(2) 
PARAMETRIC_REPRESENTATION_CONTEXT() REPRESENTATION_CONTEXT('2D SPACE',''
  ) );
#10552 = ORIENTED_EDGE('',*,*,#10553,.F.);
#10553 = EDGE_CURVE('',#10554,#10520,#10556,.T.);
#10554 = VERTEX_POINT('',#10555);
#10555 = CARTESIAN_POINT('',(379.86839826445,-50.,328.78458745735));
#10556 = SEAM_CURVE('',#10557,(#10561,#10568),.PCURVE_S1.);
#10557 = LINE('',#10558,#10559);
#10558 = CARTESIAN_POINT('',(379.86839826445,-50.,328.78458745735));
#10559 = VECTOR('',#10560,1.);
#10560 = DIRECTION('',(0.,1.,0.));
#10561 = PCURVE('',#10529,#10562);
#10562 = DEFINITIONAL_REPRESENTATION('',(#10563),#10567);
#10563 = LINE('',#10564,#10565);
#10564 = CARTESIAN_POINT('',(6.28318530718,-0.));
#10565 = VECTOR('',#10566,1.);
#10566 = DIRECTION('',(0.,1.));
#10567 = ( GEOMETRIC_REPRESENTATION_CONTEXT(2) 
PARAMETRIC_REPRESENTATION_CONTEXT() REPRESENTATION_CONTEXT('2D SPACE',''
  ) );
#10568 = PCURVE('',#10529,#10569);
#10569 = DEFINITIONAL_REPRESENTATION('',(#10570),#10574);
#10570 = LINE('',#10571,#10572);
#10571 = CARTESIAN_POINT('',(0.,-0.));
#10572 = VECTOR('',#10573,1.);
#10573 = DIRECTION('',(0.,1.));
#10574 = ( GEOMETRIC_REPRESENTATION_CONTEXT(2) 
PARAMETRIC_REPRESENTATION_CONTEXT() REPRESENTATION_CONTEXT('2D SPACE',''
  ) );
#10575 = ORIENTED_EDGE('',*,*,#10576,.T.);
#10576 = EDGE_CURVE('',#10554,#10554,#10577,.T.);
#10577 = SURFACE_CURVE('',#10578,(#10583,#10590),.PCURVE_S1.);
#10578 = CIRCLE('',#10579,68.784587457352);
#10579 = AXIS2_PLACEMENT_3D('',#10580,#10581,#10582);
#10580 = CARTESIAN_POINT('',(379.86839826445,-50.,260.));
#10581 = DIRECTION('',(0.,1.,0.));
#10582 = DIRECTION('',(0.,-0.,1.));
#10583 = PCURVE('',#10529,#10584);
#10584 = DEFINITIONAL_REPRESENTATION('',(#10585),#10589);
#10585 = LINE('',#10586,#10587);
#10586 = CARTESIAN_POINT('',(0.,0.));
#10587 = VECTOR('',#10588,1.);
#10588 = DIRECTION('',(1.,0.));
#10589 = ( GEOMETRIC_REPRESENTATION_CONTEXT(2) 
PARAMETRIC_REPRESENTATION_CONTEXT() REPRESENTATION_CONTEXT('2D SPACE',''
  ) );
#10590 = PCURVE('',#10591,#10596);
#10591 = PLANE('',#10592);
#10592 = AXIS2_PLACEMENT_3D('',#10593,#10594,#10595);
#10593 = CARTESIAN_POINT('',(379.86839826445,-50.,260.));
#10594 = DIRECTION('',(0.,1.,0.));
#10595 = DIRECTION('',(0.,-0.,1.));
#10596 = DEFINITIONAL_REPRESENTATION('',(#10597),#10601);
#10597 = CIRCLE('',#10598,68.784587457352);
#10598 = AXIS2_PLACEMENT_2D('',#10599,#10600);
#10599 = CARTESIAN_POINT('',(0.,0.));
#10600 = DIRECTION('',(1.,0.));
#10601 = ( GEOMETRIC_REPRESENTATION_CONTEXT(2) 
PARAMETRIC_REPRESENTATION_CONTEXT() REPRESENTATION_CONTEXT('2D SPACE',''
  ) );
#10602 = ORIENTED_EDGE('',*,*,#10553,.T.);
#10603 = ADVANCED_FACE('',(#10604,#10607),#10541,.T.);
#10604 = FACE_BOUND('',#10605,.T.);
#10605 = EDGE_LOOP('',(#10606));
#10606 = ORIENTED_EDGE('',*,*,#10519,.T.);
#10607 = FACE_BOUND('',#10608,.T.);
#10608 = EDGE_LOOP('',(#10609));
#10609 = ORIENTED_EDGE('',*,*,#10610,.F.);
#10610 = EDGE_CURVE('',#10611,#10611,#10613,.T.);
#10611 = VERTEX_POINT('',#10612);
#10612 = CARTESIAN_POINT('',(379.86839826445,-46.,306.78458745735));
#10613 = SURFACE_CURVE('',#10614,(#10619,#10626),.PCURVE_S1.);
#10614 = CIRCLE('',#10615,46.784587457352);
#10615 = AXIS2_PLACEMENT_3D('',#10616,#10617,#10618);
#10616 = CARTESIAN_POINT('',(379.86839826445,-46.,260.));
#10617 = DIRECTION('',(0.,1.,0.));
#10618 = DIRECTION('',(0.,-0.,1.));
#10619 = PCURVE('',#10541,#10620);
#10620 = DEFINITIONAL_REPRESENTATION('',(#10621),#10625);
#10621 = CIRCLE('',#10622,46.784587457352);
#10622 = AXIS2_PLACEMENT_2D('',#10623,#10624);
#10623 = CARTESIAN_POINT('',(0.,0.));
#10624 = DIRECTION('',(1.,0.));
#10625 = ( GEOMETRIC_REPRESENTATION_CONTEXT(2) 
PARAMETRIC_REPRESENTATION_CONTEXT() REPRESENTATION_CONTEXT('2D SPACE',''
  ) );
#10626 = PCURVE('',#10627,#10632);
#10627 = CYLINDRICAL_SURFACE('',#10628,46.784587457352);
#10628 = AXIS2_PLACEMENT_3D('',#10629,#10630,#10631);
#10629 = CARTESIAN_POINT('',(379.86839826445,-50.,260.));
#10630 = DIRECTION('',(0.,1.,0.));
#10631 = DIRECTION('',(0.,-0.,1.));
#10632 = DEFINITIONAL_REPRESENTATION('',(#10633),#10637);
#10633 = LINE('',#10634,#10635);
#10634 = CARTESIAN_POINT('',(0.,4.));
#10635 = VECTOR('',#10636,1.);
#10636 = DIRECTION('',(1.,0.));
#10637 = ( GEOMETRIC_REPRESENTATION_CONTEXT(2) 
PARAMETRIC_REPRESENTATION_CONTEXT() REPRESENTATION_CONTEXT('2D SPACE',''
  ) );
#10638 = ADVANCED_FACE('',(#10639,#10642),#10591,.F.);
#10639 = FACE_BOUND('',#10640,.F.);
#10640 = EDGE_LOOP('',(#10641));
#10641 = ORIENTED_EDGE('',*,*,#10576,.T.);
#10642 = FACE_BOUND('',#10643,.F.);
#10643 = EDGE_LOOP('',(#10644));
#10644 = ORIENTED_EDGE('',*,*,#10645,.F.);
#10645 = EDGE_CURVE('',#10646,#10646,#10648,.T.);
#10646 = VERTEX_POINT('',#10647);
#10647 = CARTESIAN_POINT('',(379.86839826445,-50.,306.78458745735));
#10648 = SURFACE_CURVE('',#10649,(#10654,#10661),.PCURVE_S1.);
#10649 = CIRCLE('',#10650,46.784587457352);
#10650 = AXIS2_PLACEMENT_3D('',#10651,#10652,#10653);
#10651 = CARTESIAN_POINT('',(379.86839826445,-50.,260.));
#10652 = DIRECTION('',(0.,1.,0.));
#10653 = DIRECTION('',(0.,-0.,1.));
#10654 = PCURVE('',#10591,#10655);
#10655 = DEFINITIONAL_REPRESENTATION('',(#10656),#10660);
#10656 = CIRCLE('',#10657,46.784587457352);
#10657 = AXIS2_PLACEMENT_2D('',#10658,#10659);
#10658 = CARTESIAN_POINT('',(0.,0.));
#10659 = DIRECTION('',(1.,0.));
#10660 = ( GEOMETRIC_REPRESENTATION_CONTEXT(2) 
PARAMETRIC_REPRESENTATION_CONTEXT() REPRESENTATION_CONTEXT('2D SPACE',''
  ) );
#10661 = PCURVE('',#10627,#10662);
#10662 = DEFINITIONAL_REPRESENTATION('',(#10663),#10667);
#10663 = LINE('',#10664,#10665);
#10664 = CARTESIAN_POINT('',(0.,0.));
#10665 = VECTOR('',#10666,1.);
#10666 = DIRECTION('',(1.,0.));
#10667 = ( GEOMETRIC_REPRESENTATION_CONTEXT(2) 
PARAMETRIC_REPRESENTATION_CONTEXT() REPRESENTATION_CONTEXT('2D SPACE',''
  ) );
#10668 = ADVANCED_FACE('',(#10669),#10627,.F.);
#10669 = FACE_BOUND('',#10670,.F.);
#10670 = EDGE_LOOP('',(#10671,#10672,#10693,#10694));
#10671 = ORIENTED_EDGE('',*,*,#10610,.F.);
#10672 = ORIENTED_EDGE('',*,*,#10673,.F.);
#10673 = EDGE_CURVE('',#10646,#10611,#10674,.T.);
#10674 = SEAM_CURVE('',#10675,(#10679,#10686),.PCURVE_S1.);
#10675 = LINE('',#10676,#10677);
#10676 = CARTESIAN_POINT('',(379.86839826445,-50.,306.78458745735));
#10677 = VECTOR('',#10678,1.);
#10678 = DIRECTION('',(0.,1.,0.));
#10679 = PCURVE('',#10627,#10680);
#10680 = DEFINITIONAL_REPRESENTATION('',(#10681),#10685);
#10681 = LINE('',#10682,#10683);
#10682 = CARTESIAN_POINT('',(6.28318530718,-0.));
#10683 = VECTOR('',#10684,1.);
#10684 = DIRECTION('',(0.,1.));
#10685 = ( GEOMETRIC_REPRESENTATION_CONTEXT(2) 
PARAMETRIC_REPRESENTATION_CONTEXT() REPRESENTATION_CONTEXT('2D SPACE',''
  ) );
#10686 = PCURVE('',#10627,#10687);
#10687 = DEFINITIONAL_REPRESENTATION('',(#10688),#10692);
#10688 = LINE('',#10689,#10690);
#10689 = CARTESIAN_POINT('',(0.,-0.));
#10690 = VECTOR('',#10691,1.);
#10691 = DIRECTION('',(0.,1.));
#10692 = ( GEOMETRIC_REPRESENTATION_CONTEXT(2) 
PARAMETRIC_REPRESENTATION_CONTEXT() REPRESENTATION_CONTEXT('2D SPACE',''
  ) );
#10693 = ORIENTED_EDGE('',*,*,#10645,.T.);
#10694 = ORIENTED_EDGE('',*,*,#10673,.T.);
#10695 = ( GEOMETRIC_REPRESENTATION_CONTEXT(3) 
GLOBAL_UNCERTAINTY_ASSIGNED_CONTEXT((#10699)) 
GLOBAL_UNIT_ASSIGNED_CONTEXT((#10696,#10697,#10698)) 
REPRESENTATION_CONTEXT('Context #1',
  '3D Context with UNIT and UNCERTAINTY') );
#10696 = ( LENGTH_UNIT() NAMED_UNIT(*) SI_UNIT(.MILLI.,.METRE.) );
#10697 = ( NAMED_UNIT(*) PLANE_ANGLE_UNIT() SI_UNIT($,.RADIAN.) );
#10698 = ( NAMED_UNIT(*) SI_UNIT($,.STERADIAN.) SOLID_ANGLE_UNIT() );
#10699 = UNCERTAINTY_MEASURE_WITH_UNIT(LENGTH_MEASURE(1.E-07),#10696,
  'distance_accuracy_value','confusion accuracy');
#10700 = CONTEXT_DEPENDENT_SHAPE_REPRESENTATION(#10701,#10703);
#10701 = ( REPRESENTATION_RELATIONSHIP('','',#10512,#10469) 
REPRESENTATION_RELATIONSHIP_WITH_TRANSFORMATION(#10702) 
SHAPE_REPRESENTATION_RELATIONSHIP() );
#10702 = ITEM_DEFINED_TRANSFORMATION('','',#11,#10470);
#10703 = PRODUCT_DEFINITION_SHAPE('Placement','Placement of an item',
  #10704);
#10704 = NEXT_ASSEMBLY_USAGE_OCCURRENCE('84','=>[0:1:1:86]','',#10464,
  #10507,$);
#10705 = PRODUCT_RELATED_PRODUCT_CATEGORY('part',$,(#10509));
#10706 = SHAPE_DEFINITION_REPRESENTATION(#10707,#10713);
#10707 = PRODUCT_DEFINITION_SHAPE('','',#10708);
#10708 = PRODUCT_DEFINITION('design','',#10709,#10712);
#10709 = PRODUCT_DEFINITION_FORMATION('','',#10710);
#10710 = PRODUCT('SOLID','SOLID','',(#10711));
#10711 = PRODUCT_CONTEXT('',#2,'mechanical');
#10712 = PRODUCT_DEFINITION_CONTEXT('part definition',#2,'design');
#10713 = ADVANCED_BREP_SHAPE_REPRESENTATION('',(#11,#10714),#10812);
#10714 = MANIFOLD_SOLID_BREP('',#10715);
#10715 = CLOSED_SHELL('',(#10716,#10804,#10808));
#10716 = ADVANCED_FACE('',(#10717),#10730,.T.);
#10717 = FACE_BOUND('',#10718,.T.);
#10718 = EDGE_LOOP('',(#10719,#10753,#10776,#10803));
#10719 = ORIENTED_EDGE('',*,*,#10720,.F.);
#10720 = EDGE_CURVE('',#10721,#10721,#10723,.T.);
#10721 = VERTEX_POINT('',#10722);
#10722 = CARTESIAN_POINT('',(508.68920402787,-56.,315.40036103188));
#10723 = SURFACE_CURVE('',#10724,(#10729,#10741),.PCURVE_S1.);
#10724 = CIRCLE('',#10725,8.);
#10725 = AXIS2_PLACEMENT_3D('',#10726,#10727,#10728);
#10726 = CARTESIAN_POINT('',(511.42536517447,-56.,307.88282006559));
#10727 = DIRECTION('',(0.939692620786,0.,0.342020143326));
#10728 = DIRECTION('',(-0.342020143326,0.,0.939692620786));
#10729 = PCURVE('',#10730,#10735);
#10730 = CYLINDRICAL_SURFACE('',#10731,8.);
#10731 = AXIS2_PLACEMENT_3D('',#10732,#10733,#10734);
#10732 = CARTESIAN_POINT('',(379.86839826445,-56.,260.));
#10733 = DIRECTION('',(0.939692620786,0.,0.342020143326));
#10734 = DIRECTION('',(-0.342020143326,0.,0.939692620786));
#10735 = DEFINITIONAL_REPRESENTATION('',(#10736),#10740);
#10736 = LINE('',#10737,#10738);
#10737 = CARTESIAN_POINT('',(0.,140.));
#10738 = VECTOR('',#10739,1.);
#10739 = DIRECTION('',(1.,0.));
#10740 = ( GEOMETRIC_REPRESENTATION_CONTEXT(2) 
PARAMETRIC_REPRESENTATION_CONTEXT() REPRESENTATION_CONTEXT('2D SPACE',''
  ) );
#10741 = PCURVE('',#10742,#10747);
#10742 = PLANE('',#10743);
#10743 = AXIS2_PLACEMENT_3D('',#10744,#10745,#10746);
#10744 = CARTESIAN_POINT('',(511.42536517447,-56.,307.88282006559));
#10745 = DIRECTION('',(0.939692620786,0.,0.342020143326));
#10746 = DIRECTION('',(-0.342020143326,0.,0.939692620786));
#10747 = DEFINITIONAL_REPRESENTATION('',(#10748),#10752);
#10748 = CIRCLE('',#10749,8.);
#10749 = AXIS2_PLACEMENT_2D('',#10750,#10751);
#10750 = CARTESIAN_POINT('',(0.,0.));
#10751 = DIRECTION('',(1.,0.));
#10752 = ( GEOMETRIC_REPRESENTATION_CONTEXT(2) 
PARAMETRIC_REPRESENTATION_CONTEXT() REPRESENTATION_CONTEXT('2D SPACE',''
  ) );
#10753 = ORIENTED_EDGE('',*,*,#10754,.F.);
#10754 = EDGE_CURVE('',#10755,#10721,#10757,.T.);
#10755 = VERTEX_POINT('',#10756);
#10756 = CARTESIAN_POINT('',(377.13223711784,-56.,267.51754096628));
#10757 = SEAM_CURVE('',#10758,(#10762,#10769),.PCURVE_S1.);
#10758 = LINE('',#10759,#10760);
#10759 = CARTESIAN_POINT('',(377.13223711784,-56.,267.51754096628));
#10760 = VECTOR('',#10761,1.);
#10761 = DIRECTION('',(0.939692620786,0.,0.342020143326));
#10762 = PCURVE('',#10730,#10763);
#10763 = DEFINITIONAL_REPRESENTATION('',(#10764),#10768);
#10764 = LINE('',#10765,#10766);
#10765 = CARTESIAN_POINT('',(6.28318530718,-0.));
#10766 = VECTOR('',#10767,1.);
#10767 = DIRECTION('',(0.,1.));
#10768 = ( GEOMETRIC_REPRESENTATION_CONTEXT(2) 
PARAMETRIC_REPRESENTATION_CONTEXT() REPRESENTATION_CONTEXT('2D SPACE',''
  ) );
#10769 = PCURVE('',#10730,#10770);
#10770 = DEFINITIONAL_REPRESENTATION('',(#10771),#10775);
#10771 = LINE('',#10772,#10773);
#10772 = CARTESIAN_POINT('',(0.,-0.));
#10773 = VECTOR('',#10774,1.);
#10774 = DIRECTION('',(0.,1.));
#10775 = ( GEOMETRIC_REPRESENTATION_CONTEXT(2) 
PARAMETRIC_REPRESENTATION_CONTEXT() REPRESENTATION_CONTEXT('2D SPACE',''
  ) );
#10776 = ORIENTED_EDGE('',*,*,#10777,.T.);
#10777 = EDGE_CURVE('',#10755,#10755,#10778,.T.);
#10778 = SURFACE_CURVE('',#10779,(#10784,#10791),.PCURVE_S1.);
#10779 = CIRCLE('',#10780,8.);
#10780 = AXIS2_PLACEMENT_3D('',#10781,#10782,#10783);
#10781 = CARTESIAN_POINT('',(379.86839826445,-56.,260.));
#10782 = DIRECTION('',(0.939692620786,0.,0.342020143326));
#10783 = DIRECTION('',(-0.342020143326,0.,0.939692620786));
#10784 = PCURVE('',#10730,#10785);
#10785 = DEFINITIONAL_REPRESENTATION('',(#10786),#10790);
#10786 = LINE('',#10787,#10788);
#10787 = CARTESIAN_POINT('',(0.,0.));
#10788 = VECTOR('',#10789,1.);
#10789 = DIRECTION('',(1.,0.));
#10790 = ( GEOMETRIC_REPRESENTATION_CONTEXT(2) 
PARAMETRIC_REPRESENTATION_CONTEXT() REPRESENTATION_CONTEXT('2D SPACE',''
  ) );
#10791 = PCURVE('',#10792,#10797);
#10792 = PLANE('',#10793);
#10793 = AXIS2_PLACEMENT_3D('',#10794,#10795,#10796);
#10794 = CARTESIAN_POINT('',(379.86839826445,-56.,260.));
#10795 = DIRECTION('',(0.939692620786,0.,0.342020143326));
#10796 = DIRECTION('',(-0.342020143326,0.,0.939692620786));
#10797 = DEFINITIONAL_REPRESENTATION('',(#10798),#10802);
#10798 = CIRCLE('',#10799,8.);
#10799 = AXIS2_PLACEMENT_2D('',#10800,#10801);
#10800 = CARTESIAN_POINT('',(0.,0.));
#10801 = DIRECTION('',(1.,0.));
#10802 = ( GEOMETRIC_REPRESENTATION_CONTEXT(2) 
PARAMETRIC_REPRESENTATION_CONTEXT() REPRESENTATION_CONTEXT('2D SPACE',''
  ) );
#10803 = ORIENTED_EDGE('',*,*,#10754,.T.);
#10804 = ADVANCED_FACE('',(#10805),#10742,.T.);
#10805 = FACE_BOUND('',#10806,.T.);
#10806 = EDGE_LOOP('',(#10807));
#10807 = ORIENTED_EDGE('',*,*,#10720,.T.);
#10808 = ADVANCED_FACE('',(#10809),#10792,.F.);
#10809 = FACE_BOUND('',#10810,.T.);
#10810 = EDGE_LOOP('',(#10811));
#10811 = ORIENTED_EDGE('',*,*,#10777,.F.);
#10812 = ( GEOMETRIC_REPRESENTATION_CONTEXT(3) 
GLOBAL_UNCERTAINTY_ASSIGNED_CONTEXT((#10816)) 
GLOBAL_UNIT_ASSIGNED_CONTEXT((#10813,#10814,#10815)) 
REPRESENTATION_CONTEXT('Context #1',
  '3D Context with UNIT and UNCERTAINTY') );
#10813 = ( LENGTH_UNIT() NAMED_UNIT(*) SI_UNIT(.MILLI.,.METRE.) );
#10814 = ( NAMED_UNIT(*) PLANE_ANGLE_UNIT() SI_UNIT($,.RADIAN.) );
#10815 = ( NAMED_UNIT(*) SI_UNIT($,.STERADIAN.) SOLID_ANGLE_UNIT() );
#10816 = UNCERTAINTY_MEASURE_WITH_UNIT(LENGTH_MEASURE(1.E-07),#10813,
  'distance_accuracy_value','confusion accuracy');
#10817 = CONTEXT_DEPENDENT_SHAPE_REPRESENTATION(#10818,#10820);
#10818 = ( REPRESENTATION_RELATIONSHIP('','',#10713,#10469) 
REPRESENTATION_RELATIONSHIP_WITH_TRANSFORMATION(#10819) 
SHAPE_REPRESENTATION_RELATIONSHIP() );
#10819 = ITEM_DEFINED_TRANSFORMATION('','',#11,#10474);
#10820 = PRODUCT_DEFINITION_SHAPE('Placement','Placement of an item',
  #10821);
#10821 = NEXT_ASSEMBLY_USAGE_OCCURRENCE('85','=>[0:1:1:87]','',#10464,
  #10708,$);
#10822 = PRODUCT_RELATED_PRODUCT_CATEGORY('part',$,(#10710));
#10823 = SHAPE_DEFINITION_REPRESENTATION(#10824,#10830);
#10824 = PRODUCT_DEFINITION_SHAPE('','',#10825);
#10825 = PRODUCT_DEFINITION('design','',#10826,#10829);
#10826 = PRODUCT_DEFINITION_FORMATION('','',#10827);
#10827 = PRODUCT('SOLID','SOLID','',(#10828));
#10828 = PRODUCT_CONTEXT('',#2,'mechanical');
#10829 = PRODUCT_DEFINITION_CONTEXT('part definition',#2,'design');
#10830 = ADVANCED_BREP_SHAPE_REPRESENTATION('',(#11,#10831),#10929);
#10831 = MANIFOLD_SOLID_BREP('',#10832);
#10832 = CLOSED_SHELL('',(#10833,#10921,#10925));
#10833 = ADVANCED_FACE('',(#10834),#10847,.T.);
#10834 = FACE_BOUND('',#10835,.T.);
#10835 = EDGE_LOOP('',(#10836,#10870,#10893,#10920));
#10836 = ORIENTED_EDGE('',*,*,#10837,.F.);
#10837 = EDGE_CURVE('',#10838,#10838,#10840,.T.);
#10838 = VERTEX_POINT('',#10839);
#10839 = CARTESIAN_POINT('',(251.04759250103,58.,204.59963896811));
#10840 = SURFACE_CURVE('',#10841,(#10846,#10858),.PCURVE_S1.);
#10841 = CIRCLE('',#10842,8.);
#10842 = AXIS2_PLACEMENT_3D('',#10843,#10844,#10845);
#10843 = CARTESIAN_POINT('',(248.31143135442,58.,212.1171799344));
#10844 = DIRECTION('',(-0.939692620786,0.,-0.342020143326));
#10845 = DIRECTION('',(0.342020143326,0.,-0.939692620786));
#10846 = PCURVE('',#10847,#10852);
#10847 = CYLINDRICAL_SURFACE('',#10848,8.);
#10848 = AXIS2_PLACEMENT_3D('',#10849,#10850,#10851);
#10849 = CARTESIAN_POINT('',(379.86839826445,58.,260.));
#10850 = DIRECTION('',(-0.939692620786,0.,-0.342020143326));
#10851 = DIRECTION('',(0.342020143326,0.,-0.939692620786));
#10852 = DEFINITIONAL_REPRESENTATION('',(#10853),#10857);
#10853 = LINE('',#10854,#10855);
#10854 = CARTESIAN_POINT('',(0.,140.));
#10855 = VECTOR('',#10856,1.);
#10856 = DIRECTION('',(1.,0.));
#10857 = ( GEOMETRIC_REPRESENTATION_CONTEXT(2) 
PARAMETRIC_REPRESENTATION_CONTEXT() REPRESENTATION_CONTEXT('2D SPACE',''
  ) );
#10858 = PCURVE('',#10859,#10864);
#10859 = PLANE('',#10860);
#10860 = AXIS2_PLACEMENT_3D('',#10861,#10862,#10863);
#10861 = CARTESIAN_POINT('',(248.31143135442,58.,212.1171799344));
#10862 = DIRECTION('',(-0.939692620786,0.,-0.342020143326));
#10863 = DIRECTION('',(0.342020143326,0.,-0.939692620786));
#10864 = DEFINITIONAL_REPRESENTATION('',(#10865),#10869);
#10865 = CIRCLE('',#10866,8.);
#10866 = AXIS2_PLACEMENT_2D('',#10867,#10868);
#10867 = CARTESIAN_POINT('',(0.,0.));
#10868 = DIRECTION('',(1.,0.));
#10869 = ( GEOMETRIC_REPRESENTATION_CONTEXT(2) 
PARAMETRIC_REPRESENTATION_CONTEXT() REPRESENTATION_CONTEXT('2D SPACE',''
  ) );
#10870 = ORIENTED_EDGE('',*,*,#10871,.F.);
#10871 = EDGE_CURVE('',#10872,#10838,#10874,.T.);
#10872 = VERTEX_POINT('',#10873);
#10873 = CARTESIAN_POINT('',(382.60455941105,58.,252.48245903371));
#10874 = SEAM_CURVE('',#10875,(#10879,#10886),.PCURVE_S1.);
#10875 = LINE('',#10876,#10877);
#10876 = CARTESIAN_POINT('',(382.60455941105,58.,252.48245903371));
#10877 = VECTOR('',#10878,1.);
#10878 = DIRECTION('',(-0.939692620786,-1.232595164408E-32,
    -0.342020143326));
#10879 = PCURVE('',#10847,#10880);
#10880 = DEFINITIONAL_REPRESENTATION('',(#10881),#10885);
#10881 = LINE('',#10882,#10883);
#10882 = CARTESIAN_POINT('',(6.28318530718,-0.));
#10883 = VECTOR('',#10884,1.);
#10884 = DIRECTION('',(0.,1.));
#10885 = ( GEOMETRIC_REPRESENTATION_CONTEXT(2) 
PARAMETRIC_REPRESENTATION_CONTEXT() REPRESENTATION_CONTEXT('2D SPACE',''
  ) );
#10886 = PCURVE('',#10847,#10887);
#10887 = DEFINITIONAL_REPRESENTATION('',(#10888),#10892);
#10888 = LINE('',#10889,#10890);
#10889 = CARTESIAN_POINT('',(0.,-0.));
#10890 = VECTOR('',#10891,1.);
#10891 = DIRECTION('',(0.,1.));
#10892 = ( GEOMETRIC_REPRESENTATION_CONTEXT(2) 
PARAMETRIC_REPRESENTATION_CONTEXT() REPRESENTATION_CONTEXT('2D SPACE',''
  ) );
#10893 = ORIENTED_EDGE('',*,*,#10894,.T.);
#10894 = EDGE_CURVE('',#10872,#10872,#10895,.T.);
#10895 = SURFACE_CURVE('',#10896,(#10901,#10908),.PCURVE_S1.);
#10896 = CIRCLE('',#10897,8.);
#10897 = AXIS2_PLACEMENT_3D('',#10898,#10899,#10900);
#10898 = CARTESIAN_POINT('',(379.86839826445,58.,260.));
#10899 = DIRECTION('',(-0.939692620786,0.,-0.342020143326));
#10900 = DIRECTION('',(0.342020143326,0.,-0.939692620786));
#10901 = PCURVE('',#10847,#10902);
#10902 = DEFINITIONAL_REPRESENTATION('',(#10903),#10907);
#10903 = LINE('',#10904,#10905);
#10904 = CARTESIAN_POINT('',(0.,0.));
#10905 = VECTOR('',#10906,1.);
#10906 = DIRECTION('',(1.,0.));
#10907 = ( GEOMETRIC_REPRESENTATION_CONTEXT(2) 
PARAMETRIC_REPRESENTATION_CONTEXT() REPRESENTATION_CONTEXT('2D SPACE',''
  ) );
#10908 = PCURVE('',#10909,#10914);
#10909 = PLANE('',#10910);
#10910 = AXIS2_PLACEMENT_3D('',#10911,#10912,#10913);
#10911 = CARTESIAN_POINT('',(379.86839826445,58.,260.));
#10912 = DIRECTION('',(-0.939692620786,0.,-0.342020143326));
#10913 = DIRECTION('',(0.342020143326,0.,-0.939692620786));
#10914 = DEFINITIONAL_REPRESENTATION('',(#10915),#10919);
#10915 = CIRCLE('',#10916,8.);
#10916 = AXIS2_PLACEMENT_2D('',#10917,#10918);
#10917 = CARTESIAN_POINT('',(0.,0.));
#10918 = DIRECTION('',(1.,0.));
#10919 = ( GEOMETRIC_REPRESENTATION_CONTEXT(2) 
PARAMETRIC_REPRESENTATION_CONTEXT() REPRESENTATION_CONTEXT('2D SPACE',''
  ) );
#10920 = ORIENTED_EDGE('',*,*,#10871,.T.);
#10921 = ADVANCED_FACE('',(#10922),#10859,.T.);
#10922 = FACE_BOUND('',#10923,.T.);
#10923 = EDGE_LOOP('',(#10924));
#10924 = ORIENTED_EDGE('',*,*,#10837,.T.);
#10925 = ADVANCED_FACE('',(#10926),#10909,.F.);
#10926 = FACE_BOUND('',#10927,.T.);
#10927 = EDGE_LOOP('',(#10928));
#10928 = ORIENTED_EDGE('',*,*,#10894,.F.);
#10929 = ( GEOMETRIC_REPRESENTATION_CONTEXT(3) 
GLOBAL_UNCERTAINTY_ASSIGNED_CONTEXT((#10933)) 
GLOBAL_UNIT_ASSIGNED_CONTEXT((#10930,#10931,#10932)) 
REPRESENTATION_CONTEXT('Context #1',
  '3D Context with UNIT and UNCERTAINTY') );
#10930 = ( LENGTH_UNIT() NAMED_UNIT(*) SI_UNIT(.MILLI.,.METRE.) );
#10931 = ( NAMED_UNIT(*) PLANE_ANGLE_UNIT() SI_UNIT($,.RADIAN.) );
#10932 = ( NAMED_UNIT(*) SI_UNIT($,.STERADIAN.) SOLID_ANGLE_UNIT() );
#10933 = UNCERTAINTY_MEASURE_WITH_UNIT(LENGTH_MEASURE(1.E-07),#10930,
  'distance_accuracy_value','confusion accuracy');
#10934 = CONTEXT_DEPENDENT_SHAPE_REPRESENTATION(#10935,#10937);
#10935 = ( REPRESENTATION_RELATIONSHIP('','',#10830,#10469) 
REPRESENTATION_RELATIONSHIP_WITH_TRANSFORMATION(#10936) 
SHAPE_REPRESENTATION_RELATIONSHIP() );
#10936 = ITEM_DEFINED_TRANSFORMATION('','',#11,#10478);
#10937 = PRODUCT_DEFINITION_SHAPE('Placement','Placement of an item',
  #10938);
#10938 = NEXT_ASSEMBLY_USAGE_OCCURRENCE('86','=>[0:1:1:88]','',#10464,
  #10825,$);
#10939 = PRODUCT_RELATED_PRODUCT_CATEGORY('part',$,(#10827));
#10940 = SHAPE_DEFINITION_REPRESENTATION(#10941,#10947);
#10941 = PRODUCT_DEFINITION_SHAPE('','',#10942);
#10942 = PRODUCT_DEFINITION('design','',#10943,#10946);
#10943 = PRODUCT_DEFINITION_FORMATION('','',#10944);
#10944 = PRODUCT('SOLID','SOLID','',(#10945));
#10945 = PRODUCT_CONTEXT('',#2,'mechanical');
#10946 = PRODUCT_DEFINITION_CONTEXT('part definition',#2,'design');
#10947 = ADVANCED_BREP_SHAPE_REPRESENTATION('',(#11,#10948),#11046);
#10948 = MANIFOLD_SOLID_BREP('',#10949);
#10949 = CLOSED_SHELL('',(#10950,#11038,#11042));
#10950 = ADVANCED_FACE('',(#10951),#10964,.T.);
#10951 = FACE_BOUND('',#10952,.T.);
#10952 = EDGE_LOOP('',(#10953,#10987,#11010,#11037));
#10953 = ORIENTED_EDGE('',*,*,#10954,.F.);
#10954 = EDGE_CURVE('',#10955,#10955,#10957,.T.);
#10955 = VERTEX_POINT('',#10956);
#10956 = CARTESIAN_POINT('',(379.86839826445,65.,268.));
#10957 = SURFACE_CURVE('',#10958,(#10963,#10975),.PCURVE_S1.);
#10958 = CIRCLE('',#10959,8.);
#10959 = AXIS2_PLACEMENT_3D('',#10960,#10961,#10962);
#10960 = CARTESIAN_POINT('',(379.86839826445,65.,260.));
#10961 = DIRECTION('',(0.,1.,0.));
#10962 = DIRECTION('',(0.,-0.,1.));
#10963 = PCURVE('',#10964,#10969);
#10964 = CYLINDRICAL_SURFACE('',#10965,8.);
#10965 = AXIS2_PLACEMENT_3D('',#10966,#10967,#10968);
#10966 = CARTESIAN_POINT('',(379.86839826445,-65.,260.));
#10967 = DIRECTION('',(0.,1.,0.));
#10968 = DIRECTION('',(0.,-0.,1.));
#10969 = DEFINITIONAL_REPRESENTATION('',(#10970),#10974);
#10970 = LINE('',#10971,#10972);
#10971 = CARTESIAN_POINT('',(0.,130.));
#10972 = VECTOR('',#10973,1.);
#10973 = DIRECTION('',(1.,0.));
#10974 = ( GEOMETRIC_REPRESENTATION_CONTEXT(2) 
PARAMETRIC_REPRESENTATION_CONTEXT() REPRESENTATION_CONTEXT('2D SPACE',''
  ) );
#10975 = PCURVE('',#10976,#10981);
#10976 = PLANE('',#10977);
#10977 = AXIS2_PLACEMENT_3D('',#10978,#10979,#10980);
#10978 = CARTESIAN_POINT('',(379.86839826445,65.,260.));
#10979 = DIRECTION('',(0.,1.,0.));
#10980 = DIRECTION('',(0.,-0.,1.));
#10981 = DEFINITIONAL_REPRESENTATION('',(#10982),#10986);
#10982 = CIRCLE('',#10983,8.);
#10983 = AXIS2_PLACEMENT_2D('',#10984,#10985);
#10984 = CARTESIAN_POINT('',(0.,0.));
#10985 = DIRECTION('',(1.,0.));
#10986 = ( GEOMETRIC_REPRESENTATION_CONTEXT(2) 
PARAMETRIC_REPRESENTATION_CONTEXT() REPRESENTATION_CONTEXT('2D SPACE',''
  ) );
#10987 = ORIENTED_EDGE('',*,*,#10988,.F.);
#10988 = EDGE_CURVE('',#10989,#10955,#10991,.T.);
#10989 = VERTEX_POINT('',#10990);
#10990 = CARTESIAN_POINT('',(379.86839826445,-65.,268.));
#10991 = SEAM_CURVE('',#10992,(#10996,#11003),.PCURVE_S1.);
#10992 = LINE('',#10993,#10994);
#10993 = CARTESIAN_POINT('',(379.86839826445,-65.,268.));
#10994 = VECTOR('',#10995,1.);
#10995 = DIRECTION('',(0.,1.,0.));
#10996 = PCURVE('',#10964,#10997);
#10997 = DEFINITIONAL_REPRESENTATION('',(#10998),#11002);
#10998 = LINE('',#10999,#11000);
#10999 = CARTESIAN_POINT('',(6.28318530718,-0.));
#11000 = VECTOR('',#11001,1.);
#11001 = DIRECTION('',(0.,1.));
#11002 = ( GEOMETRIC_REPRESENTATION_CONTEXT(2) 
PARAMETRIC_REPRESENTATION_CONTEXT() REPRESENTATION_CONTEXT('2D SPACE',''
  ) );
#11003 = PCURVE('',#10964,#11004);
#11004 = DEFINITIONAL_REPRESENTATION('',(#11005),#11009);
#11005 = LINE('',#11006,#11007);
#11006 = CARTESIAN_POINT('',(0.,-0.));
#11007 = VECTOR('',#11008,1.);
#11008 = DIRECTION('',(0.,1.));
#11009 = ( GEOMETRIC_REPRESENTATION_CONTEXT(2) 
PARAMETRIC_REPRESENTATION_CONTEXT() REPRESENTATION_CONTEXT('2D SPACE',''
  ) );
#11010 = ORIENTED_EDGE('',*,*,#11011,.T.);
#11011 = EDGE_CURVE('',#10989,#10989,#11012,.T.);
#11012 = SURFACE_CURVE('',#11013,(#11018,#11025),.PCURVE_S1.);
#11013 = CIRCLE('',#11014,8.);
#11014 = AXIS2_PLACEMENT_3D('',#11015,#11016,#11017);
#11015 = CARTESIAN_POINT('',(379.86839826445,-65.,260.));
#11016 = DIRECTION('',(0.,1.,0.));
#11017 = DIRECTION('',(0.,-0.,1.));
#11018 = PCURVE('',#10964,#11019);
#11019 = DEFINITIONAL_REPRESENTATION('',(#11020),#11024);
#11020 = LINE('',#11021,#11022);
#11021 = CARTESIAN_POINT('',(0.,0.));
#11022 = VECTOR('',#11023,1.);
#11023 = DIRECTION('',(1.,0.));
#11024 = ( GEOMETRIC_REPRESENTATION_CONTEXT(2) 
PARAMETRIC_REPRESENTATION_CONTEXT() REPRESENTATION_CONTEXT('2D SPACE',''
  ) );
#11025 = PCURVE('',#11026,#11031);
#11026 = PLANE('',#11027);
#11027 = AXIS2_PLACEMENT_3D('',#11028,#11029,#11030);
#11028 = CARTESIAN_POINT('',(379.86839826445,-65.,260.));
#11029 = DIRECTION('',(0.,1.,0.));
#11030 = DIRECTION('',(0.,-0.,1.));
#11031 = DEFINITIONAL_REPRESENTATION('',(#11032),#11036);
#11032 = CIRCLE('',#11033,8.);
#11033 = AXIS2_PLACEMENT_2D('',#11034,#11035);
#11034 = CARTESIAN_POINT('',(0.,0.));
#11035 = DIRECTION('',(1.,0.));
#11036 = ( GEOMETRIC_REPRESENTATION_CONTEXT(2) 
PARAMETRIC_REPRESENTATION_CONTEXT() REPRESENTATION_CONTEXT('2D SPACE',''
  ) );
#11037 = ORIENTED_EDGE('',*,*,#10988,.T.);
#11038 = ADVANCED_FACE('',(#11039),#10976,.T.);
#11039 = FACE_BOUND('',#11040,.T.);
#11040 = EDGE_LOOP('',(#11041));
#11041 = ORIENTED_EDGE('',*,*,#10954,.T.);
#11042 = ADVANCED_FACE('',(#11043),#11026,.F.);
#11043 = FACE_BOUND('',#11044,.T.);
#11044 = EDGE_LOOP('',(#11045));
#11045 = ORIENTED_EDGE('',*,*,#11011,.F.);
#11046 = ( GEOMETRIC_REPRESENTATION_CONTEXT(3) 
GLOBAL_UNCERTAINTY_ASSIGNED_CONTEXT((#11050)) 
GLOBAL_UNIT_ASSIGNED_CONTEXT((#11047,#11048,#11049)) 
REPRESENTATION_CONTEXT('Context #1',
  '3D Context with UNIT and UNCERTAINTY') );
#11047 = ( LENGTH_UNIT() NAMED_UNIT(*) SI_UNIT(.MILLI.,.METRE.) );
#11048 = ( NAMED_UNIT(*) PLANE_ANGLE_UNIT() SI_UNIT($,.RADIAN.) );
#11049 = ( NAMED_UNIT(*) SI_UNIT($,.STERADIAN.) SOLID_ANGLE_UNIT() );
#11050 = UNCERTAINTY_MEASURE_WITH_UNIT(LENGTH_MEASURE(1.E-07),#11047,
  'distance_accuracy_value','confusion accuracy');
#11051 = CONTEXT_DEPENDENT_SHAPE_REPRESENTATION(#11052,#11054);
#11052 = ( REPRESENTATION_RELATIONSHIP('','',#10947,#10469) 
REPRESENTATION_RELATIONSHIP_WITH_TRANSFORMATION(#11053) 
SHAPE_REPRESENTATION_RELATIONSHIP() );
#11053 = ITEM_DEFINED_TRANSFORMATION('','',#11,#10482);
#11054 = PRODUCT_DEFINITION_SHAPE('Placement','Placement of an item',
  #11055);
#11055 = NEXT_ASSEMBLY_USAGE_OCCURRENCE('87','=>[0:1:1:89]','',#10464,
  #10942,$);
#11056 = PRODUCT_RELATED_PRODUCT_CATEGORY('part',$,(#10944));
#11057 = SHAPE_DEFINITION_REPRESENTATION(#11058,#11064);
#11058 = PRODUCT_DEFINITION_SHAPE('','',#11059);
#11059 = PRODUCT_DEFINITION('design','',#11060,#11063);
#11060 = PRODUCT_DEFINITION_FORMATION('','',#11061);
#11061 = PRODUCT('COMPOUND','COMPOUND','',(#11062));
#11062 = PRODUCT_CONTEXT('',#2,'mechanical');
#11063 = PRODUCT_DEFINITION_CONTEXT('part definition',#2,'design');
#11064 = ADVANCED_BREP_SHAPE_REPRESENTATION('',(#11,#11065),#11395);
#11065 = MANIFOLD_SOLID_BREP('',#11066);
#11066 = CLOSED_SHELL('',(#11067,#11187,#11287,#11334,#11381,#11388));
#11067 = ADVANCED_FACE('',(#11068),#11082,.F.);
#11068 = FACE_BOUND('',#11069,.F.);
#11069 = EDGE_LOOP('',(#11070,#11105,#11133,#11161));
#11070 = ORIENTED_EDGE('',*,*,#11071,.F.);
#11071 = EDGE_CURVE('',#11072,#11074,#11076,.T.);
#11072 = VERTEX_POINT('',#11073);
#11073 = CARTESIAN_POINT('',(-40.,-45.,-11.));
#11074 = VERTEX_POINT('',#11075);
#11075 = CARTESIAN_POINT('',(-40.,-45.,11.));
#11076 = SURFACE_CURVE('',#11077,(#11081,#11093),.PCURVE_S1.);
#11077 = LINE('',#11078,#11079);
#11078 = CARTESIAN_POINT('',(-40.,-45.,-11.));
#11079 = VECTOR('',#11080,1.);
#11080 = DIRECTION('',(0.,0.,1.));
#11081 = PCURVE('',#11082,#11087);
#11082 = PLANE('',#11083);
#11083 = AXIS2_PLACEMENT_3D('',#11084,#11085,#11086);
#11084 = CARTESIAN_POINT('',(-40.,-45.,-11.));
#11085 = DIRECTION('',(1.,0.,-0.));
#11086 = DIRECTION('',(0.,0.,1.));
#11087 = DEFINITIONAL_REPRESENTATION('',(#11088),#11092);
#11088 = LINE('',#11089,#11090);
#11089 = CARTESIAN_POINT('',(0.,0.));
#11090 = VECTOR('',#11091,1.);
#11091 = DIRECTION('',(1.,0.));
#11092 = ( GEOMETRIC_REPRESENTATION_CONTEXT(2) 
PARAMETRIC_REPRESENTATION_CONTEXT() REPRESENTATION_CONTEXT('2D SPACE',''
  ) );
#11093 = PCURVE('',#11094,#11099);
#11094 = PLANE('',#11095);
#11095 = AXIS2_PLACEMENT_3D('',#11096,#11097,#11098);
#11096 = CARTESIAN_POINT('',(-40.,-45.,-11.));
#11097 = DIRECTION('',(-0.,1.,0.));
#11098 = DIRECTION('',(0.,0.,1.));
#11099 = DEFINITIONAL_REPRESENTATION('',(#11100),#11104);
#11100 = LINE('',#11101,#11102);
#11101 = CARTESIAN_POINT('',(0.,0.));
#11102 = VECTOR('',#11103,1.);
#11103 = DIRECTION('',(1.,0.));
#11104 = ( GEOMETRIC_REPRESENTATION_CONTEXT(2) 
PARAMETRIC_REPRESENTATION_CONTEXT() REPRESENTATION_CONTEXT('2D SPACE',''
  ) );
#11105 = ORIENTED_EDGE('',*,*,#11106,.T.);
#11106 = EDGE_CURVE('',#11072,#11107,#11109,.T.);
#11107 = VERTEX_POINT('',#11108);
#11108 = CARTESIAN_POINT('',(-40.,45.,-11.));
#11109 = SURFACE_CURVE('',#11110,(#11114,#11121),.PCURVE_S1.);
#11110 = LINE('',#11111,#11112);
#11111 = CARTESIAN_POINT('',(-40.,-45.,-11.));
#11112 = VECTOR('',#11113,1.);
#11113 = DIRECTION('',(-0.,1.,0.));
#11114 = PCURVE('',#11082,#11115);
#11115 = DEFINITIONAL_REPRESENTATION('',(#11116),#11120);
#11116 = LINE('',#11117,#11118);
#11117 = CARTESIAN_POINT('',(0.,0.));
#11118 = VECTOR('',#11119,1.);
#11119 = DIRECTION('',(0.,-1.));
#11120 = ( GEOMETRIC_REPRESENTATION_CONTEXT(2) 
PARAMETRIC_REPRESENTATION_CONTEXT() REPRESENTATION_CONTEXT('2D SPACE',''
  ) );
#11121 = PCURVE('',#11122,#11127);
#11122 = PLANE('',#11123);
#11123 = AXIS2_PLACEMENT_3D('',#11124,#11125,#11126);
#11124 = CARTESIAN_POINT('',(-40.,-45.,-11.));
#11125 = DIRECTION('',(0.,0.,1.));
#11126 = DIRECTION('',(1.,0.,-0.));
#11127 = DEFINITIONAL_REPRESENTATION('',(#11128),#11132);
#11128 = LINE('',#11129,#11130);
#11129 = CARTESIAN_POINT('',(0.,0.));
#11130 = VECTOR('',#11131,1.);
#11131 = DIRECTION('',(0.,1.));
#11132 = ( GEOMETRIC_REPRESENTATION_CONTEXT(2) 
PARAMETRIC_REPRESENTATION_CONTEXT() REPRESENTATION_CONTEXT('2D SPACE',''
  ) );
#11133 = ORIENTED_EDGE('',*,*,#11134,.T.);
#11134 = EDGE_CURVE('',#11107,#11135,#11137,.T.);
#11135 = VERTEX_POINT('',#11136);
#11136 = CARTESIAN_POINT('',(-40.,45.,11.));
#11137 = SURFACE_CURVE('',#11138,(#11142,#11149),.PCURVE_S1.);
#11138 = LINE('',#11139,#11140);
#11139 = CARTESIAN_POINT('',(-40.,45.,-11.));
#11140 = VECTOR('',#11141,1.);
#11141 = DIRECTION('',(0.,0.,1.));
#11142 = PCURVE('',#11082,#11143);
#11143 = DEFINITIONAL_REPRESENTATION('',(#11144),#11148);
#11144 = LINE('',#11145,#11146);
#11145 = CARTESIAN_POINT('',(0.,-90.));
#11146 = VECTOR('',#11147,1.);
#11147 = DIRECTION('',(1.,0.));
#11148 = ( GEOMETRIC_REPRESENTATION_CONTEXT(2) 
PARAMETRIC_REPRESENTATION_CONTEXT() REPRESENTATION_CONTEXT('2D SPACE',''
  ) );
#11149 = PCURVE('',#11150,#11155);
#11150 = PLANE('',#11151);
#11151 = AXIS2_PLACEMENT_3D('',#11152,#11153,#11154);
#11152 = CARTESIAN_POINT('',(-40.,45.,-11.));
#11153 = DIRECTION('',(-0.,1.,0.));
#11154 = DIRECTION('',(0.,0.,1.));
#11155 = DEFINITIONAL_REPRESENTATION('',(#11156),#11160);
#11156 = LINE('',#11157,#11158);
#11157 = CARTESIAN_POINT('',(0.,0.));
#11158 = VECTOR('',#11159,1.);
#11159 = DIRECTION('',(1.,0.));
#11160 = ( GEOMETRIC_REPRESENTATION_CONTEXT(2) 
PARAMETRIC_REPRESENTATION_CONTEXT() REPRESENTATION_CONTEXT('2D SPACE',''
  ) );
#11161 = ORIENTED_EDGE('',*,*,#11162,.F.);
#11162 = EDGE_CURVE('',#11074,#11135,#11163,.T.);
#11163 = SURFACE_CURVE('',#11164,(#11168,#11175),.PCURVE_S1.);
#11164 = LINE('',#11165,#11166);
#11165 = CARTESIAN_POINT('',(-40.,-45.,11.));
#11166 = VECTOR('',#11167,1.);
#11167 = DIRECTION('',(-0.,1.,0.));
#11168 = PCURVE('',#11082,#11169);
#11169 = DEFINITIONAL_REPRESENTATION('',(#11170),#11174);
#11170 = LINE('',#11171,#11172);
#11171 = CARTESIAN_POINT('',(22.,0.));
#11172 = VECTOR('',#11173,1.);
#11173 = DIRECTION('',(0.,-1.));
#11174 = ( GEOMETRIC_REPRESENTATION_CONTEXT(2) 
PARAMETRIC_REPRESENTATION_CONTEXT() REPRESENTATION_CONTEXT('2D SPACE',''
  ) );
#11175 = PCURVE('',#11176,#11181);
#11176 = PLANE('',#11177);
#11177 = AXIS2_PLACEMENT_3D('',#11178,#11179,#11180);
#11178 = CARTESIAN_POINT('',(-40.,-45.,11.));
#11179 = DIRECTION('',(0.,0.,1.));
#11180 = DIRECTION('',(1.,0.,-0.));
#11181 = DEFINITIONAL_REPRESENTATION('',(#11182),#11186);
#11182 = LINE('',#11183,#11184);
#11183 = CARTESIAN_POINT('',(0.,0.));
#11184 = VECTOR('',#11185,1.);
#11185 = DIRECTION('',(0.,1.));
#11186 = ( GEOMETRIC_REPRESENTATION_CONTEXT(2) 
PARAMETRIC_REPRESENTATION_CONTEXT() REPRESENTATION_CONTEXT('2D SPACE',''
  ) );
#11187 = ADVANCED_FACE('',(#11188),#11202,.T.);
#11188 = FACE_BOUND('',#11189,.T.);
#11189 = EDGE_LOOP('',(#11190,#11220,#11243,#11266));
#11190 = ORIENTED_EDGE('',*,*,#11191,.F.);
#11191 = EDGE_CURVE('',#11192,#11194,#11196,.T.);
#11192 = VERTEX_POINT('',#11193);
#11193 = CARTESIAN_POINT('',(40.,-45.,-11.));
#11194 = VERTEX_POINT('',#11195);
#11195 = CARTESIAN_POINT('',(40.,-45.,11.));
#11196 = SURFACE_CURVE('',#11197,(#11201,#11213),.PCURVE_S1.);
#11197 = LINE('',#11198,#11199);
#11198 = CARTESIAN_POINT('',(40.,-45.,-11.));
#11199 = VECTOR('',#11200,1.);
#11200 = DIRECTION('',(0.,0.,1.));
#11201 = PCURVE('',#11202,#11207);
#11202 = PLANE('',#11203);
#11203 = AXIS2_PLACEMENT_3D('',#11204,#11205,#11206);
#11204 = CARTESIAN_POINT('',(40.,-45.,-11.));
#11205 = DIRECTION('',(1.,0.,-0.));
#11206 = DIRECTION('',(0.,0.,1.));
#11207 = DEFINITIONAL_REPRESENTATION('',(#11208),#11212);
#11208 = LINE('',#11209,#11210);
#11209 = CARTESIAN_POINT('',(0.,0.));
#11210 = VECTOR('',#11211,1.);
#11211 = DIRECTION('',(1.,0.));
#11212 = ( GEOMETRIC_REPRESENTATION_CONTEXT(2) 
PARAMETRIC_REPRESENTATION_CONTEXT() REPRESENTATION_CONTEXT('2D SPACE',''
  ) );
#11213 = PCURVE('',#11094,#11214);
#11214 = DEFINITIONAL_REPRESENTATION('',(#11215),#11219);
#11215 = LINE('',#11216,#11217);
#11216 = CARTESIAN_POINT('',(0.,80.));
#11217 = VECTOR('',#11218,1.);
#11218 = DIRECTION('',(1.,0.));
#11219 = ( GEOMETRIC_REPRESENTATION_CONTEXT(2) 
PARAMETRIC_REPRESENTATION_CONTEXT() REPRESENTATION_CONTEXT('2D SPACE',''
  ) );
#11220 = ORIENTED_EDGE('',*,*,#11221,.T.);
#11221 = EDGE_CURVE('',#11192,#11222,#11224,.T.);
#11222 = VERTEX_POINT('',#11223);
#11223 = CARTESIAN_POINT('',(40.,45.,-11.));
#11224 = SURFACE_CURVE('',#11225,(#11229,#11236),.PCURVE_S1.);
#11225 = LINE('',#11226,#11227);
#11226 = CARTESIAN_POINT('',(40.,-45.,-11.));
#11227 = VECTOR('',#11228,1.);
#11228 = DIRECTION('',(-0.,1.,0.));
#11229 = PCURVE('',#11202,#11230);
#11230 = DEFINITIONAL_REPRESENTATION('',(#11231),#11235);
#11231 = LINE('',#11232,#11233);
#11232 = CARTESIAN_POINT('',(0.,0.));
#11233 = VECTOR('',#11234,1.);
#11234 = DIRECTION('',(0.,-1.));
#11235 = ( GEOMETRIC_REPRESENTATION_CONTEXT(2) 
PARAMETRIC_REPRESENTATION_CONTEXT() REPRESENTATION_CONTEXT('2D SPACE',''
  ) );
#11236 = PCURVE('',#11122,#11237);
#11237 = DEFINITIONAL_REPRESENTATION('',(#11238),#11242);
#11238 = LINE('',#11239,#11240);
#11239 = CARTESIAN_POINT('',(80.,0.));
#11240 = VECTOR('',#11241,1.);
#11241 = DIRECTION('',(0.,1.));
#11242 = ( GEOMETRIC_REPRESENTATION_CONTEXT(2) 
PARAMETRIC_REPRESENTATION_CONTEXT() REPRESENTATION_CONTEXT('2D SPACE',''
  ) );
#11243 = ORIENTED_EDGE('',*,*,#11244,.T.);
#11244 = EDGE_CURVE('',#11222,#11245,#11247,.T.);
#11245 = VERTEX_POINT('',#11246);
#11246 = CARTESIAN_POINT('',(40.,45.,11.));
#11247 = SURFACE_CURVE('',#11248,(#11252,#11259),.PCURVE_S1.);
#11248 = LINE('',#11249,#11250);
#11249 = CARTESIAN_POINT('',(40.,45.,-11.));
#11250 = VECTOR('',#11251,1.);
#11251 = DIRECTION('',(0.,0.,1.));
#11252 = PCURVE('',#11202,#11253);
#11253 = DEFINITIONAL_REPRESENTATION('',(#11254),#11258);
#11254 = LINE('',#11255,#11256);
#11255 = CARTESIAN_POINT('',(0.,-90.));
#11256 = VECTOR('',#11257,1.);
#11257 = DIRECTION('',(1.,0.));
#11258 = ( GEOMETRIC_REPRESENTATION_CONTEXT(2) 
PARAMETRIC_REPRESENTATION_CONTEXT() REPRESENTATION_CONTEXT('2D SPACE',''
  ) );
#11259 = PCURVE('',#11150,#11260);
#11260 = DEFINITIONAL_REPRESENTATION('',(#11261),#11265);
#11261 = LINE('',#11262,#11263);
#11262 = CARTESIAN_POINT('',(0.,80.));
#11263 = VECTOR('',#11264,1.);
#11264 = DIRECTION('',(1.,0.));
#11265 = ( GEOMETRIC_REPRESENTATION_CONTEXT(2) 
PARAMETRIC_REPRESENTATION_CONTEXT() REPRESENTATION_CONTEXT('2D SPACE',''
  ) );
#11266 = ORIENTED_EDGE('',*,*,#11267,.F.);
#11267 = EDGE_CURVE('',#11194,#11245,#11268,.T.);
#11268 = SURFACE_CURVE('',#11269,(#11273,#11280),.PCURVE_S1.);
#11269 = LINE('',#11270,#11271);
#11270 = CARTESIAN_POINT('',(40.,-45.,11.));
#11271 = VECTOR('',#11272,1.);
#11272 = DIRECTION('',(-0.,1.,0.));
#11273 = PCURVE('',#11202,#11274);
#11274 = DEFINITIONAL_REPRESENTATION('',(#11275),#11279);
#11275 = LINE('',#11276,#11277);
#11276 = CARTESIAN_POINT('',(22.,0.));
#11277 = VECTOR('',#11278,1.);
#11278 = DIRECTION('',(0.,-1.));
#11279 = ( GEOMETRIC_REPRESENTATION_CONTEXT(2) 
PARAMETRIC_REPRESENTATION_CONTEXT() REPRESENTATION_CONTEXT('2D SPACE',''
  ) );
#11280 = PCURVE('',#11176,#11281);
#11281 = DEFINITIONAL_REPRESENTATION('',(#11282),#11286);
#11282 = LINE('',#11283,#11284);
#11283 = CARTESIAN_POINT('',(80.,0.));
#11284 = VECTOR('',#11285,1.);
#11285 = DIRECTION('',(0.,1.));
#11286 = ( GEOMETRIC_REPRESENTATION_CONTEXT(2) 
PARAMETRIC_REPRESENTATION_CONTEXT() REPRESENTATION_CONTEXT('2D SPACE',''
  ) );
#11287 = ADVANCED_FACE('',(#11288),#11094,.F.);
#11288 = FACE_BOUND('',#11289,.F.);
#11289 = EDGE_LOOP('',(#11290,#11311,#11312,#11333));
#11290 = ORIENTED_EDGE('',*,*,#11291,.F.);
#11291 = EDGE_CURVE('',#11072,#11192,#11292,.T.);
#11292 = SURFACE_CURVE('',#11293,(#11297,#11304),.PCURVE_S1.);
#11293 = LINE('',#11294,#11295);
#11294 = CARTESIAN_POINT('',(-40.,-45.,-11.));
#11295 = VECTOR('',#11296,1.);
#11296 = DIRECTION('',(1.,0.,-0.));
#11297 = PCURVE('',#11094,#11298);
#11298 = DEFINITIONAL_REPRESENTATION('',(#11299),#11303);
#11299 = LINE('',#11300,#11301);
#11300 = CARTESIAN_POINT('',(0.,0.));
#11301 = VECTOR('',#11302,1.);
#11302 = DIRECTION('',(0.,1.));
#11303 = ( GEOMETRIC_REPRESENTATION_CONTEXT(2) 
PARAMETRIC_REPRESENTATION_CONTEXT() REPRESENTATION_CONTEXT('2D SPACE',''
  ) );
#11304 = PCURVE('',#11122,#11305);
#11305 = DEFINITIONAL_REPRESENTATION('',(#11306),#11310);
#11306 = LINE('',#11307,#11308);
#11307 = CARTESIAN_POINT('',(0.,0.));
#11308 = VECTOR('',#11309,1.);
#11309 = DIRECTION('',(1.,0.));
#11310 = ( GEOMETRIC_REPRESENTATION_CONTEXT(2) 
PARAMETRIC_REPRESENTATION_CONTEXT() REPRESENTATION_CONTEXT('2D SPACE',''
  ) );
#11311 = ORIENTED_EDGE('',*,*,#11071,.T.);
#11312 = ORIENTED_EDGE('',*,*,#11313,.T.);
#11313 = EDGE_CURVE('',#11074,#11194,#11314,.T.);
#11314 = SURFACE_CURVE('',#11315,(#11319,#11326),.PCURVE_S1.);
#11315 = LINE('',#11316,#11317);
#11316 = CARTESIAN_POINT('',(-40.,-45.,11.));
#11317 = VECTOR('',#11318,1.);
#11318 = DIRECTION('',(1.,0.,-0.));
#11319 = PCURVE('',#11094,#11320);
#11320 = DEFINITIONAL_REPRESENTATION('',(#11321),#11325);
#11321 = LINE('',#11322,#11323);
#11322 = CARTESIAN_POINT('',(22.,0.));
#11323 = VECTOR('',#11324,1.);
#11324 = DIRECTION('',(0.,1.));
#11325 = ( GEOMETRIC_REPRESENTATION_CONTEXT(2) 
PARAMETRIC_REPRESENTATION_CONTEXT() REPRESENTATION_CONTEXT('2D SPACE',''
  ) );
#11326 = PCURVE('',#11176,#11327);
#11327 = DEFINITIONAL_REPRESENTATION('',(#11328),#11332);
#11328 = LINE('',#11329,#11330);
#11329 = CARTESIAN_POINT('',(0.,0.));
#11330 = VECTOR('',#11331,1.);
#11331 = DIRECTION('',(1.,0.));
#11332 = ( GEOMETRIC_REPRESENTATION_CONTEXT(2) 
PARAMETRIC_REPRESENTATION_CONTEXT() REPRESENTATION_CONTEXT('2D SPACE',''
  ) );
#11333 = ORIENTED_EDGE('',*,*,#11191,.F.);
#11334 = ADVANCED_FACE('',(#11335),#11150,.T.);
#11335 = FACE_BOUND('',#11336,.T.);
#11336 = EDGE_LOOP('',(#11337,#11358,#11359,#11380));
#11337 = ORIENTED_EDGE('',*,*,#11338,.F.);
#11338 = EDGE_CURVE('',#11107,#11222,#11339,.T.);
#11339 = SURFACE_CURVE('',#11340,(#11344,#11351),.PCURVE_S1.);
#11340 = LINE('',#11341,#11342);
#11341 = CARTESIAN_POINT('',(-40.,45.,-11.));
#11342 = VECTOR('',#11343,1.);
#11343 = DIRECTION('',(1.,0.,-0.));
#11344 = PCURVE('',#11150,#11345);
#11345 = DEFINITIONAL_REPRESENTATION('',(#11346),#11350);
#11346 = LINE('',#11347,#11348);
#11347 = CARTESIAN_POINT('',(0.,0.));
#11348 = VECTOR('',#11349,1.);
#11349 = DIRECTION('',(0.,1.));
#11350 = ( GEOMETRIC_REPRESENTATION_CONTEXT(2) 
PARAMETRIC_REPRESENTATION_CONTEXT() REPRESENTATION_CONTEXT('2D SPACE',''
  ) );
#11351 = PCURVE('',#11122,#11352);
#11352 = DEFINITIONAL_REPRESENTATION('',(#11353),#11357);
#11353 = LINE('',#11354,#11355);
#11354 = CARTESIAN_POINT('',(0.,90.));
#11355 = VECTOR('',#11356,1.);
#11356 = DIRECTION('',(1.,0.));
#11357 = ( GEOMETRIC_REPRESENTATION_CONTEXT(2) 
PARAMETRIC_REPRESENTATION_CONTEXT() REPRESENTATION_CONTEXT('2D SPACE',''
  ) );
#11358 = ORIENTED_EDGE('',*,*,#11134,.T.);
#11359 = ORIENTED_EDGE('',*,*,#11360,.T.);
#11360 = EDGE_CURVE('',#11135,#11245,#11361,.T.);
#11361 = SURFACE_CURVE('',#11362,(#11366,#11373),.PCURVE_S1.);
#11362 = LINE('',#11363,#11364);
#11363 = CARTESIAN_POINT('',(-40.,45.,11.));
#11364 = VECTOR('',#11365,1.);
#11365 = DIRECTION('',(1.,0.,-0.));
#11366 = PCURVE('',#11150,#11367);
#11367 = DEFINITIONAL_REPRESENTATION('',(#11368),#11372);
#11368 = LINE('',#11369,#11370);
#11369 = CARTESIAN_POINT('',(22.,0.));
#11370 = VECTOR('',#11371,1.);
#11371 = DIRECTION('',(0.,1.));
#11372 = ( GEOMETRIC_REPRESENTATION_CONTEXT(2) 
PARAMETRIC_REPRESENTATION_CONTEXT() REPRESENTATION_CONTEXT('2D SPACE',''
  ) );
#11373 = PCURVE('',#11176,#11374);
#11374 = DEFINITIONAL_REPRESENTATION('',(#11375),#11379);
#11375 = LINE('',#11376,#11377);
#11376 = CARTESIAN_POINT('',(0.,90.));
#11377 = VECTOR('',#11378,1.);
#11378 = DIRECTION('',(1.,0.));
#11379 = ( GEOMETRIC_REPRESENTATION_CONTEXT(2) 
PARAMETRIC_REPRESENTATION_CONTEXT() REPRESENTATION_CONTEXT('2D SPACE',''
  ) );
#11380 = ORIENTED_EDGE('',*,*,#11244,.F.);
#11381 = ADVANCED_FACE('',(#11382),#11122,.F.);
#11382 = FACE_BOUND('',#11383,.F.);
#11383 = EDGE_LOOP('',(#11384,#11385,#11386,#11387));
#11384 = ORIENTED_EDGE('',*,*,#11106,.F.);
#11385 = ORIENTED_EDGE('',*,*,#11291,.T.);
#11386 = ORIENTED_EDGE('',*,*,#11221,.T.);
#11387 = ORIENTED_EDGE('',*,*,#11338,.F.);
#11388 = ADVANCED_FACE('',(#11389),#11176,.T.);
#11389 = FACE_BOUND('',#11390,.T.);
#11390 = EDGE_LOOP('',(#11391,#11392,#11393,#11394));
#11391 = ORIENTED_EDGE('',*,*,#11162,.F.);
#11392 = ORIENTED_EDGE('',*,*,#11313,.T.);
#11393 = ORIENTED_EDGE('',*,*,#11267,.T.);
#11394 = ORIENTED_EDGE('',*,*,#11360,.F.);
#11395 = ( GEOMETRIC_REPRESENTATION_CONTEXT(3) 
GLOBAL_UNCERTAINTY_ASSIGNED_CONTEXT((#11399)) 
GLOBAL_UNIT_ASSIGNED_CONTEXT((#11396,#11397,#11398)) 
REPRESENTATION_CONTEXT('Context #1',
  '3D Context with UNIT and UNCERTAINTY') );
#11396 = ( LENGTH_UNIT() NAMED_UNIT(*) SI_UNIT(.MILLI.,.METRE.) );
#11397 = ( NAMED_UNIT(*) PLANE_ANGLE_UNIT() SI_UNIT($,.RADIAN.) );
#11398 = ( NAMED_UNIT(*) SI_UNIT($,.STERADIAN.) SOLID_ANGLE_UNIT() );
#11399 = UNCERTAINTY_MEASURE_WITH_UNIT(LENGTH_MEASURE(1.E-07),#11396,
  'distance_accuracy_value','confusion accuracy');
#11400 = CONTEXT_DEPENDENT_SHAPE_REPRESENTATION(#11401,#11403);
#11401 = ( REPRESENTATION_RELATIONSHIP('','',#11064,#10469) 
REPRESENTATION_RELATIONSHIP_WITH_TRANSFORMATION(#11402) 
SHAPE_REPRESENTATION_RELATIONSHIP() );
#11402 = ITEM_DEFINED_TRANSFORMATION('','',#11,#10486);
#11403 = PRODUCT_DEFINITION_SHAPE('Placement','Placement of an item',
  #11404);
#11404 = NEXT_ASSEMBLY_USAGE_OCCURRENCE('88','=>[0:1:1:90]','',#10464,
  #11059,$);
#11405 = PRODUCT_RELATED_PRODUCT_CATEGORY('part',$,(#11061));
#11406 = SHAPE_DEFINITION_REPRESENTATION(#11407,#11413);
#11407 = PRODUCT_DEFINITION_SHAPE('','',#11408);
#11408 = PRODUCT_DEFINITION('design','',#11409,#11412);
#11409 = PRODUCT_DEFINITION_FORMATION('','',#11410);
#11410 = PRODUCT('COMPOUND','COMPOUND','',(#11411));
#11411 = PRODUCT_CONTEXT('',#2,'mechanical');
#11412 = PRODUCT_DEFINITION_CONTEXT('part definition',#2,'design');
#11413 = ADVANCED_BREP_SHAPE_REPRESENTATION('',(#11,#11414),#11744);
#11414 = MANIFOLD_SOLID_BREP('',#11415);
#11415 = CLOSED_SHELL('',(#11416,#11536,#11636,#11683,#11730,#11737));
#11416 = ADVANCED_FACE('',(#11417),#11431,.F.);
#11417 = FACE_BOUND('',#11418,.F.);
#11418 = EDGE_LOOP('',(#11419,#11454,#11482,#11510));
#11419 = ORIENTED_EDGE('',*,*,#11420,.F.);
#11420 = EDGE_CURVE('',#11421,#11423,#11425,.T.);
#11421 = VERTEX_POINT('',#11422);
#11422 = CARTESIAN_POINT('',(-40.,-45.,-11.));
#11423 = VERTEX_POINT('',#11424);
#11424 = CARTESIAN_POINT('',(-40.,-45.,11.));
#11425 = SURFACE_CURVE('',#11426,(#11430,#11442),.PCURVE_S1.);
#11426 = LINE('',#11427,#11428);
#11427 = CARTESIAN_POINT('',(-40.,-45.,-11.));
#11428 = VECTOR('',#11429,1.);
#11429 = DIRECTION('',(0.,0.,1.));
#11430 = PCURVE('',#11431,#11436);
#11431 = PLANE('',#11432);
#11432 = AXIS2_PLACEMENT_3D('',#11433,#11434,#11435);
#11433 = CARTESIAN_POINT('',(-40.,-45.,-11.));
#11434 = DIRECTION('',(1.,0.,-0.));
#11435 = DIRECTION('',(0.,0.,1.));
#11436 = DEFINITIONAL_REPRESENTATION('',(#11437),#11441);
#11437 = LINE('',#11438,#11439);
#11438 = CARTESIAN_POINT('',(0.,0.));
#11439 = VECTOR('',#11440,1.);
#11440 = DIRECTION('',(1.,0.));
#11441 = ( GEOMETRIC_REPRESENTATION_CONTEXT(2) 
PARAMETRIC_REPRESENTATION_CONTEXT() REPRESENTATION_CONTEXT('2D SPACE',''
  ) );
#11442 = PCURVE('',#11443,#11448);
#11443 = PLANE('',#11444);
#11444 = AXIS2_PLACEMENT_3D('',#11445,#11446,#11447);
#11445 = CARTESIAN_POINT('',(-40.,-45.,-11.));
#11446 = DIRECTION('',(-0.,1.,0.));
#11447 = DIRECTION('',(0.,0.,1.));
#11448 = DEFINITIONAL_REPRESENTATION('',(#11449),#11453);
#11449 = LINE('',#11450,#11451);
#11450 = CARTESIAN_POINT('',(0.,0.));
#11451 = VECTOR('',#11452,1.);
#11452 = DIRECTION('',(1.,0.));
#11453 = ( GEOMETRIC_REPRESENTATION_CONTEXT(2) 
PARAMETRIC_REPRESENTATION_CONTEXT() REPRESENTATION_CONTEXT('2D SPACE',''
  ) );
#11454 = ORIENTED_EDGE('',*,*,#11455,.T.);
#11455 = EDGE_CURVE('',#11421,#11456,#11458,.T.);
#11456 = VERTEX_POINT('',#11457);
#11457 = CARTESIAN_POINT('',(-40.,45.,-11.));
#11458 = SURFACE_CURVE('',#11459,(#11463,#11470),.PCURVE_S1.);
#11459 = LINE('',#11460,#11461);
#11460 = CARTESIAN_POINT('',(-40.,-45.,-11.));
#11461 = VECTOR('',#11462,1.);
#11462 = DIRECTION('',(-0.,1.,0.));
#11463 = PCURVE('',#11431,#11464);
#11464 = DEFINITIONAL_REPRESENTATION('',(#11465),#11469);
#11465 = LINE('',#11466,#11467);
#11466 = CARTESIAN_POINT('',(0.,0.));
#11467 = VECTOR('',#11468,1.);
#11468 = DIRECTION('',(0.,-1.));
#11469 = ( GEOMETRIC_REPRESENTATION_CONTEXT(2) 
PARAMETRIC_REPRESENTATION_CONTEXT() REPRESENTATION_CONTEXT('2D SPACE',''
  ) );
#11470 = PCURVE('',#11471,#11476);
#11471 = PLANE('',#11472);
#11472 = AXIS2_PLACEMENT_3D('',#11473,#11474,#11475);
#11473 = CARTESIAN_POINT('',(-40.,-45.,-11.));
#11474 = DIRECTION('',(0.,0.,1.));
#11475 = DIRECTION('',(1.,0.,-0.));
#11476 = DEFINITIONAL_REPRESENTATION('',(#11477),#11481);
#11477 = LINE('',#11478,#11479);
#11478 = CARTESIAN_POINT('',(0.,0.));
#11479 = VECTOR('',#11480,1.);
#11480 = DIRECTION('',(0.,1.));
#11481 = ( GEOMETRIC_REPRESENTATION_CONTEXT(2) 
PARAMETRIC_REPRESENTATION_CONTEXT() REPRESENTATION_CONTEXT('2D SPACE',''
  ) );
#11482 = ORIENTED_EDGE('',*,*,#11483,.T.);
#11483 = EDGE_CURVE('',#11456,#11484,#11486,.T.);
#11484 = VERTEX_POINT('',#11485);
#11485 = CARTESIAN_POINT('',(-40.,45.,11.));
#11486 = SURFACE_CURVE('',#11487,(#11491,#11498),.PCURVE_S1.);
#11487 = LINE('',#11488,#11489);
#11488 = CARTESIAN_POINT('',(-40.,45.,-11.));
#11489 = VECTOR('',#11490,1.);
#11490 = DIRECTION('',(0.,0.,1.));
#11491 = PCURVE('',#11431,#11492);
#11492 = DEFINITIONAL_REPRESENTATION('',(#11493),#11497);
#11493 = LINE('',#11494,#11495);
#11494 = CARTESIAN_POINT('',(0.,-90.));
#11495 = VECTOR('',#11496,1.);
#11496 = DIRECTION('',(1.,0.));
#11497 = ( GEOMETRIC_REPRESENTATION_CONTEXT(2) 
PARAMETRIC_REPRESENTATION_CONTEXT() REPRESENTATION_CONTEXT('2D SPACE',''
  ) );
#11498 = PCURVE('',#11499,#11504);
#11499 = PLANE('',#11500);
#11500 = AXIS2_PLACEMENT_3D('',#11501,#11502,#11503);
#11501 = CARTESIAN_POINT('',(-40.,45.,-11.));
#11502 = DIRECTION('',(-0.,1.,0.));
#11503 = DIRECTION('',(0.,0.,1.));
#11504 = DEFINITIONAL_REPRESENTATION('',(#11505),#11509);
#11505 = LINE('',#11506,#11507);
#11506 = CARTESIAN_POINT('',(0.,0.));
#11507 = VECTOR('',#11508,1.);
#11508 = DIRECTION('',(1.,0.));
#11509 = ( GEOMETRIC_REPRESENTATION_CONTEXT(2) 
PARAMETRIC_REPRESENTATION_CONTEXT() REPRESENTATION_CONTEXT('2D SPACE',''
  ) );
#11510 = ORIENTED_EDGE('',*,*,#11511,.F.);
#11511 = EDGE_CURVE('',#11423,#11484,#11512,.T.);
#11512 = SURFACE_CURVE('',#11513,(#11517,#11524),.PCURVE_S1.);
#11513 = LINE('',#11514,#11515);
#11514 = CARTESIAN_POINT('',(-40.,-45.,11.));
#11515 = VECTOR('',#11516,1.);
#11516 = DIRECTION('',(-0.,1.,0.));
#11517 = PCURVE('',#11431,#11518);
#11518 = DEFINITIONAL_REPRESENTATION('',(#11519),#11523);
#11519 = LINE('',#11520,#11521);
#11520 = CARTESIAN_POINT('',(22.,0.));
#11521 = VECTOR('',#11522,1.);
#11522 = DIRECTION('',(0.,-1.));
#11523 = ( GEOMETRIC_REPRESENTATION_CONTEXT(2) 
PARAMETRIC_REPRESENTATION_CONTEXT() REPRESENTATION_CONTEXT('2D SPACE',''
  ) );
#11524 = PCURVE('',#11525,#11530);
#11525 = PLANE('',#11526);
#11526 = AXIS2_PLACEMENT_3D('',#11527,#11528,#11529);
#11527 = CARTESIAN_POINT('',(-40.,-45.,11.));
#11528 = DIRECTION('',(0.,0.,1.));
#11529 = DIRECTION('',(1.,0.,-0.));
#11530 = DEFINITIONAL_REPRESENTATION('',(#11531),#11535);
#11531 = LINE('',#11532,#11533);
#11532 = CARTESIAN_POINT('',(0.,0.));
#11533 = VECTOR('',#11534,1.);
#11534 = DIRECTION('',(0.,1.));
#11535 = ( GEOMETRIC_REPRESENTATION_CONTEXT(2) 
PARAMETRIC_REPRESENTATION_CONTEXT() REPRESENTATION_CONTEXT('2D SPACE',''
  ) );
#11536 = ADVANCED_FACE('',(#11537),#11551,.T.);
#11537 = FACE_BOUND('',#11538,.T.);
#11538 = EDGE_LOOP('',(#11539,#11569,#11592,#11615));
#11539 = ORIENTED_EDGE('',*,*,#11540,.F.);
#11540 = EDGE_CURVE('',#11541,#11543,#11545,.T.);
#11541 = VERTEX_POINT('',#11542);
#11542 = CARTESIAN_POINT('',(40.,-45.,-11.));
#11543 = VERTEX_POINT('',#11544);
#11544 = CARTESIAN_POINT('',(40.,-45.,11.));
#11545 = SURFACE_CURVE('',#11546,(#11550,#11562),.PCURVE_S1.);
#11546 = LINE('',#11547,#11548);
#11547 = CARTESIAN_POINT('',(40.,-45.,-11.));
#11548 = VECTOR('',#11549,1.);
#11549 = DIRECTION('',(0.,0.,1.));
#11550 = PCURVE('',#11551,#11556);
#11551 = PLANE('',#11552);
#11552 = AXIS2_PLACEMENT_3D('',#11553,#11554,#11555);
#11553 = CARTESIAN_POINT('',(40.,-45.,-11.));
#11554 = DIRECTION('',(1.,0.,-0.));
#11555 = DIRECTION('',(0.,0.,1.));
#11556 = DEFINITIONAL_REPRESENTATION('',(#11557),#11561);
#11557 = LINE('',#11558,#11559);
#11558 = CARTESIAN_POINT('',(0.,0.));
#11559 = VECTOR('',#11560,1.);
#11560 = DIRECTION('',(1.,0.));
#11561 = ( GEOMETRIC_REPRESENTATION_CONTEXT(2) 
PARAMETRIC_REPRESENTATION_CONTEXT() REPRESENTATION_CONTEXT('2D SPACE',''
  ) );
#11562 = PCURVE('',#11443,#11563);
#11563 = DEFINITIONAL_REPRESENTATION('',(#11564),#11568);
#11564 = LINE('',#11565,#11566);
#11565 = CARTESIAN_POINT('',(0.,80.));
#11566 = VECTOR('',#11567,1.);
#11567 = DIRECTION('',(1.,0.));
#11568 = ( GEOMETRIC_REPRESENTATION_CONTEXT(2) 
PARAMETRIC_REPRESENTATION_CONTEXT() REPRESENTATION_CONTEXT('2D SPACE',''
  ) );
#11569 = ORIENTED_EDGE('',*,*,#11570,.T.);
#11570 = EDGE_CURVE('',#11541,#11571,#11573,.T.);
#11571 = VERTEX_POINT('',#11572);
#11572 = CARTESIAN_POINT('',(40.,45.,-11.));
#11573 = SURFACE_CURVE('',#11574,(#11578,#11585),.PCURVE_S1.);
#11574 = LINE('',#11575,#11576);
#11575 = CARTESIAN_POINT('',(40.,-45.,-11.));
#11576 = VECTOR('',#11577,1.);
#11577 = DIRECTION('',(-0.,1.,0.));
#11578 = PCURVE('',#11551,#11579);
#11579 = DEFINITIONAL_REPRESENTATION('',(#11580),#11584);
#11580 = LINE('',#11581,#11582);
#11581 = CARTESIAN_POINT('',(0.,0.));
#11582 = VECTOR('',#11583,1.);
#11583 = DIRECTION('',(0.,-1.));
#11584 = ( GEOMETRIC_REPRESENTATION_CONTEXT(2) 
PARAMETRIC_REPRESENTATION_CONTEXT() REPRESENTATION_CONTEXT('2D SPACE',''
  ) );
#11585 = PCURVE('',#11471,#11586);
#11586 = DEFINITIONAL_REPRESENTATION('',(#11587),#11591);
#11587 = LINE('',#11588,#11589);
#11588 = CARTESIAN_POINT('',(80.,0.));
#11589 = VECTOR('',#11590,1.);
#11590 = DIRECTION('',(0.,1.));
#11591 = ( GEOMETRIC_REPRESENTATION_CONTEXT(2) 
PARAMETRIC_REPRESENTATION_CONTEXT() REPRESENTATION_CONTEXT('2D SPACE',''
  ) );
#11592 = ORIENTED_EDGE('',*,*,#11593,.T.);
#11593 = EDGE_CURVE('',#11571,#11594,#11596,.T.);
#11594 = VERTEX_POINT('',#11595);
#11595 = CARTESIAN_POINT('',(40.,45.,11.));
#11596 = SURFACE_CURVE('',#11597,(#11601,#11608),.PCURVE_S1.);
#11597 = LINE('',#11598,#11599);
#11598 = CARTESIAN_POINT('',(40.,45.,-11.));
#11599 = VECTOR('',#11600,1.);
#11600 = DIRECTION('',(0.,0.,1.));
#11601 = PCURVE('',#11551,#11602);
#11602 = DEFINITIONAL_REPRESENTATION('',(#11603),#11607);
#11603 = LINE('',#11604,#11605);
#11604 = CARTESIAN_POINT('',(0.,-90.));
#11605 = VECTOR('',#11606,1.);
#11606 = DIRECTION('',(1.,0.));
#11607 = ( GEOMETRIC_REPRESENTATION_CONTEXT(2) 
PARAMETRIC_REPRESENTATION_CONTEXT() REPRESENTATION_CONTEXT('2D SPACE',''
  ) );
#11608 = PCURVE('',#11499,#11609);
#11609 = DEFINITIONAL_REPRESENTATION('',(#11610),#11614);
#11610 = LINE('',#11611,#11612);
#11611 = CARTESIAN_POINT('',(0.,80.));
#11612 = VECTOR('',#11613,1.);
#11613 = DIRECTION('',(1.,0.));
#11614 = ( GEOMETRIC_REPRESENTATION_CONTEXT(2) 
PARAMETRIC_REPRESENTATION_CONTEXT() REPRESENTATION_CONTEXT('2D SPACE',''
  ) );
#11615 = ORIENTED_EDGE('',*,*,#11616,.F.);
#11616 = EDGE_CURVE('',#11543,#11594,#11617,.T.);
#11617 = SURFACE_CURVE('',#11618,(#11622,#11629),.PCURVE_S1.);
#11618 = LINE('',#11619,#11620);
#11619 = CARTESIAN_POINT('',(40.,-45.,11.));
#11620 = VECTOR('',#11621,1.);
#11621 = DIRECTION('',(-0.,1.,0.));
#11622 = PCURVE('',#11551,#11623);
#11623 = DEFINITIONAL_REPRESENTATION('',(#11624),#11628);
#11624 = LINE('',#11625,#11626);
#11625 = CARTESIAN_POINT('',(22.,0.));
#11626 = VECTOR('',#11627,1.);
#11627 = DIRECTION('',(0.,-1.));
#11628 = ( GEOMETRIC_REPRESENTATION_CONTEXT(2) 
PARAMETRIC_REPRESENTATION_CONTEXT() REPRESENTATION_CONTEXT('2D SPACE',''
  ) );
#11629 = PCURVE('',#11525,#11630);
#11630 = DEFINITIONAL_REPRESENTATION('',(#11631),#11635);
#11631 = LINE('',#11632,#11633);
#11632 = CARTESIAN_POINT('',(80.,0.));
#11633 = VECTOR('',#11634,1.);
#11634 = DIRECTION('',(0.,1.));
#11635 = ( GEOMETRIC_REPRESENTATION_CONTEXT(2) 
PARAMETRIC_REPRESENTATION_CONTEXT() REPRESENTATION_CONTEXT('2D SPACE',''
  ) );
#11636 = ADVANCED_FACE('',(#11637),#11443,.F.);
#11637 = FACE_BOUND('',#11638,.F.);
#11638 = EDGE_LOOP('',(#11639,#11660,#11661,#11682));
#11639 = ORIENTED_EDGE('',*,*,#11640,.F.);
#11640 = EDGE_CURVE('',#11421,#11541,#11641,.T.);
#11641 = SURFACE_CURVE('',#11642,(#11646,#11653),.PCURVE_S1.);
#11642 = LINE('',#11643,#11644);
#11643 = CARTESIAN_POINT('',(-40.,-45.,-11.));
#11644 = VECTOR('',#11645,1.);
#11645 = DIRECTION('',(1.,0.,-0.));
#11646 = PCURVE('',#11443,#11647);
#11647 = DEFINITIONAL_REPRESENTATION('',(#11648),#11652);
#11648 = LINE('',#11649,#11650);
#11649 = CARTESIAN_POINT('',(0.,0.));
#11650 = VECTOR('',#11651,1.);
#11651 = DIRECTION('',(0.,1.));
#11652 = ( GEOMETRIC_REPRESENTATION_CONTEXT(2) 
PARAMETRIC_REPRESENTATION_CONTEXT() REPRESENTATION_CONTEXT('2D SPACE',''
  ) );
#11653 = PCURVE('',#11471,#11654);
#11654 = DEFINITIONAL_REPRESENTATION('',(#11655),#11659);
#11655 = LINE('',#11656,#11657);
#11656 = CARTESIAN_POINT('',(0.,0.));
#11657 = VECTOR('',#11658,1.);
#11658 = DIRECTION('',(1.,0.));
#11659 = ( GEOMETRIC_REPRESENTATION_CONTEXT(2) 
PARAMETRIC_REPRESENTATION_CONTEXT() REPRESENTATION_CONTEXT('2D SPACE',''
  ) );
#11660 = ORIENTED_EDGE('',*,*,#11420,.T.);
#11661 = ORIENTED_EDGE('',*,*,#11662,.T.);
#11662 = EDGE_CURVE('',#11423,#11543,#11663,.T.);
#11663 = SURFACE_CURVE('',#11664,(#11668,#11675),.PCURVE_S1.);
#11664 = LINE('',#11665,#11666);
#11665 = CARTESIAN_POINT('',(-40.,-45.,11.));
#11666 = VECTOR('',#11667,1.);
#11667 = DIRECTION('',(1.,0.,-0.));
#11668 = PCURVE('',#11443,#11669);
#11669 = DEFINITIONAL_REPRESENTATION('',(#11670),#11674);
#11670 = LINE('',#11671,#11672);
#11671 = CARTESIAN_POINT('',(22.,0.));
#11672 = VECTOR('',#11673,1.);
#11673 = DIRECTION('',(0.,1.));
#11674 = ( GEOMETRIC_REPRESENTATION_CONTEXT(2) 
PARAMETRIC_REPRESENTATION_CONTEXT() REPRESENTATION_CONTEXT('2D SPACE',''
  ) );
#11675 = PCURVE('',#11525,#11676);
#11676 = DEFINITIONAL_REPRESENTATION('',(#11677),#11681);
#11677 = LINE('',#11678,#11679);
#11678 = CARTESIAN_POINT('',(0.,0.));
#11679 = VECTOR('',#11680,1.);
#11680 = DIRECTION('',(1.,0.));
#11681 = ( GEOMETRIC_REPRESENTATION_CONTEXT(2) 
PARAMETRIC_REPRESENTATION_CONTEXT() REPRESENTATION_CONTEXT('2D SPACE',''
  ) );
#11682 = ORIENTED_EDGE('',*,*,#11540,.F.);
#11683 = ADVANCED_FACE('',(#11684),#11499,.T.);
#11684 = FACE_BOUND('',#11685,.T.);
#11685 = EDGE_LOOP('',(#11686,#11707,#11708,#11729));
#11686 = ORIENTED_EDGE('',*,*,#11687,.F.);
#11687 = EDGE_CURVE('',#11456,#11571,#11688,.T.);
#11688 = SURFACE_CURVE('',#11689,(#11693,#11700),.PCURVE_S1.);
#11689 = LINE('',#11690,#11691);
#11690 = CARTESIAN_POINT('',(-40.,45.,-11.));
#11691 = VECTOR('',#11692,1.);
#11692 = DIRECTION('',(1.,0.,-0.));
#11693 = PCURVE('',#11499,#11694);
#11694 = DEFINITIONAL_REPRESENTATION('',(#11695),#11699);
#11695 = LINE('',#11696,#11697);
#11696 = CARTESIAN_POINT('',(0.,0.));
#11697 = VECTOR('',#11698,1.);
#11698 = DIRECTION('',(0.,1.));
#11699 = ( GEOMETRIC_REPRESENTATION_CONTEXT(2) 
PARAMETRIC_REPRESENTATION_CONTEXT() REPRESENTATION_CONTEXT('2D SPACE',''
  ) );
#11700 = PCURVE('',#11471,#11701);
#11701 = DEFINITIONAL_REPRESENTATION('',(#11702),#11706);
#11702 = LINE('',#11703,#11704);
#11703 = CARTESIAN_POINT('',(0.,90.));
#11704 = VECTOR('',#11705,1.);
#11705 = DIRECTION('',(1.,0.));
#11706 = ( GEOMETRIC_REPRESENTATION_CONTEXT(2) 
PARAMETRIC_REPRESENTATION_CONTEXT() REPRESENTATION_CONTEXT('2D SPACE',''
  ) );
#11707 = ORIENTED_EDGE('',*,*,#11483,.T.);
#11708 = ORIENTED_EDGE('',*,*,#11709,.T.);
#11709 = EDGE_CURVE('',#11484,#11594,#11710,.T.);
#11710 = SURFACE_CURVE('',#11711,(#11715,#11722),.PCURVE_S1.);
#11711 = LINE('',#11712,#11713);
#11712 = CARTESIAN_POINT('',(-40.,45.,11.));
#11713 = VECTOR('',#11714,1.);
#11714 = DIRECTION('',(1.,0.,-0.));
#11715 = PCURVE('',#11499,#11716);
#11716 = DEFINITIONAL_REPRESENTATION('',(#11717),#11721);
#11717 = LINE('',#11718,#11719);
#11718 = CARTESIAN_POINT('',(22.,0.));
#11719 = VECTOR('',#11720,1.);
#11720 = DIRECTION('',(0.,1.));
#11721 = ( GEOMETRIC_REPRESENTATION_CONTEXT(2) 
PARAMETRIC_REPRESENTATION_CONTEXT() REPRESENTATION_CONTEXT('2D SPACE',''
  ) );
#11722 = PCURVE('',#11525,#11723);
#11723 = DEFINITIONAL_REPRESENTATION('',(#11724),#11728);
#11724 = LINE('',#11725,#11726);
#11725 = CARTESIAN_POINT('',(0.,90.));
#11726 = VECTOR('',#11727,1.);
#11727 = DIRECTION('',(1.,0.));
#11728 = ( GEOMETRIC_REPRESENTATION_CONTEXT(2) 
PARAMETRIC_REPRESENTATION_CONTEXT() REPRESENTATION_CONTEXT('2D SPACE',''
  ) );
#11729 = ORIENTED_EDGE('',*,*,#11593,.F.);
#11730 = ADVANCED_FACE('',(#11731),#11471,.F.);
#11731 = FACE_BOUND('',#11732,.F.);
#11732 = EDGE_LOOP('',(#11733,#11734,#11735,#11736));
#11733 = ORIENTED_EDGE('',*,*,#11455,.F.);
#11734 = ORIENTED_EDGE('',*,*,#11640,.T.);
#11735 = ORIENTED_EDGE('',*,*,#11570,.T.);
#11736 = ORIENTED_EDGE('',*,*,#11687,.F.);
#11737 = ADVANCED_FACE('',(#11738),#11525,.T.);
#11738 = FACE_BOUND('',#11739,.T.);
#11739 = EDGE_LOOP('',(#11740,#11741,#11742,#11743));
#11740 = ORIENTED_EDGE('',*,*,#11511,.F.);
#11741 = ORIENTED_EDGE('',*,*,#11662,.T.);
#11742 = ORIENTED_EDGE('',*,*,#11616,.T.);
#11743 = ORIENTED_EDGE('',*,*,#11709,.F.);
#11744 = ( GEOMETRIC_REPRESENTATION_CONTEXT(3) 
GLOBAL_UNCERTAINTY_ASSIGNED_CONTEXT((#11748)) 
GLOBAL_UNIT_ASSIGNED_CONTEXT((#11745,#11746,#11747)) 
REPRESENTATION_CONTEXT('Context #1',
  '3D Context with UNIT and UNCERTAINTY') );
#11745 = ( LENGTH_UNIT() NAMED_UNIT(*) SI_UNIT(.MILLI.,.METRE.) );
#11746 = ( NAMED_UNIT(*) PLANE_ANGLE_UNIT() SI_UNIT($,.RADIAN.) );
#11747 = ( NAMED_UNIT(*) SI_UNIT($,.STERADIAN.) SOLID_ANGLE_UNIT() );
#11748 = UNCERTAINTY_MEASURE_WITH_UNIT(LENGTH_MEASURE(1.E-07),#11745,
  'distance_accuracy_value','confusion accuracy');
#11749 = CONTEXT_DEPENDENT_SHAPE_REPRESENTATION(#11750,#11752);
#11750 = ( REPRESENTATION_RELATIONSHIP('','',#11413,#10469) 
REPRESENTATION_RELATIONSHIP_WITH_TRANSFORMATION(#11751) 
SHAPE_REPRESENTATION_RELATIONSHIP() );
#11751 = ITEM_DEFINED_TRANSFORMATION('','',#11,#10490);
#11752 = PRODUCT_DEFINITION_SHAPE('Placement','Placement of an item',
  #11753);
#11753 = NEXT_ASSEMBLY_USAGE_OCCURRENCE('89','=>[0:1:1:91]','',#10464,
  #11408,$);
#11754 = PRODUCT_RELATED_PRODUCT_CATEGORY('part',$,(#11410));
#11755 = SHAPE_DEFINITION_REPRESENTATION(#11756,#11762);
#11756 = PRODUCT_DEFINITION_SHAPE('','',#11757);
#11757 = PRODUCT_DEFINITION('design','',#11758,#11761);
#11758 = PRODUCT_DEFINITION_FORMATION('','',#11759);
#11759 = PRODUCT('COMPOUND','COMPOUND','',(#11760));
#11760 = PRODUCT_CONTEXT('',#2,'mechanical');
#11761 = PRODUCT_DEFINITION_CONTEXT('part definition',#2,'design');
#11762 = SHAPE_REPRESENTATION('',(#11,#11763,#11767,#11771),#11775);
#11763 = AXIS2_PLACEMENT_3D('',#11764,#11765,#11766);
#11764 = CARTESIAN_POINT('',(0.,0.,0.));
#11765 = DIRECTION('',(0.,0.,1.));
#11766 = DIRECTION('',(1.,0.,-0.));
#11767 = AXIS2_PLACEMENT_3D('',#11768,#11769,#11770);
#11768 = CARTESIAN_POINT('',(0.,0.,0.));
#11769 = DIRECTION('',(0.,0.,1.));
#11770 = DIRECTION('',(1.,0.,-0.));
#11771 = AXIS2_PLACEMENT_3D('',#11772,#11773,#11774);
#11772 = CARTESIAN_POINT('',(0.,0.,0.));
#11773 = DIRECTION('',(0.,0.,1.));
#11774 = DIRECTION('',(1.,0.,-0.));
#11775 = ( GEOMETRIC_REPRESENTATION_CONTEXT(3) 
GLOBAL_UNCERTAINTY_ASSIGNED_CONTEXT((#11779)) 
GLOBAL_UNIT_ASSIGNED_CONTEXT((#11776,#11777,#11778)) 
REPRESENTATION_CONTEXT('Context #1',
  '3D Context with UNIT and UNCERTAINTY') );
#11776 = ( LENGTH_UNIT() NAMED_UNIT(*) SI_UNIT(.MILLI.,.METRE.) );
#11777 = ( NAMED_UNIT(*) PLANE_ANGLE_UNIT() SI_UNIT($,.RADIAN.) );
#11778 = ( NAMED_UNIT(*) SI_UNIT($,.STERADIAN.) SOLID_ANGLE_UNIT() );
#11779 = UNCERTAINTY_MEASURE_WITH_UNIT(LENGTH_MEASURE(1.E-07),#11776,
  'distance_accuracy_value','confusion accuracy');
#11780 = CONTEXT_DEPENDENT_SHAPE_REPRESENTATION(#11781,#11783);
#11781 = ( REPRESENTATION_RELATIONSHIP('','',#11762,#10) 
REPRESENTATION_RELATIONSHIP_WITH_TRANSFORMATION(#11782) 
SHAPE_REPRESENTATION_RELATIONSHIP() );
#11782 = ITEM_DEFINED_TRANSFORMATION('','',#11,#55);
#11783 = PRODUCT_DEFINITION_SHAPE('Placement','Placement of an item',
  #11784);
#11784 = NEXT_ASSEMBLY_USAGE_OCCURRENCE('94','=>[0:1:1:92]','',#5,#11757
  ,$);
#11785 = PRODUCT_RELATED_PRODUCT_CATEGORY('part',$,(#11759));
#11786 = SHAPE_DEFINITION_REPRESENTATION(#11787,#11793);
#11787 = PRODUCT_DEFINITION_SHAPE('','',#11788);
#11788 = PRODUCT_DEFINITION('design','',#11789,#11792);
#11789 = PRODUCT_DEFINITION_FORMATION('','',#11790);
#11790 = PRODUCT('SOLID','SOLID','',(#11791));
#11791 = PRODUCT_CONTEXT('',#2,'mechanical');
#11792 = PRODUCT_DEFINITION_CONTEXT('part definition',#2,'design');
#11793 = ADVANCED_BREP_SHAPE_REPRESENTATION('',(#11,#11794),#11976);
#11794 = MANIFOLD_SOLID_BREP('',#11795);
#11795 = CLOSED_SHELL('',(#11796,#11884,#11919,#11949));
#11796 = ADVANCED_FACE('',(#11797),#11810,.T.);
#11797 = FACE_BOUND('',#11798,.T.);
#11798 = EDGE_LOOP('',(#11799,#11833,#11856,#11883));
#11799 = ORIENTED_EDGE('',*,*,#11800,.F.);
#11800 = EDGE_CURVE('',#11801,#11801,#11803,.T.);
#11801 = VERTEX_POINT('',#11802);
#11802 = CARTESIAN_POINT('',(-9.69141207528E-15,-46.,289.56819256796));
#11803 = SURFACE_CURVE('',#11804,(#11809,#11821),.PCURVE_S1.);
#11804 = CIRCLE('',#11805,39.568192567962);
#11805 = AXIS2_PLACEMENT_3D('',#11806,#11807,#11808);
#11806 = CARTESIAN_POINT('',(0.,-46.,250.));
#11807 = DIRECTION('',(0.,1.,0.));
#11808 = DIRECTION('',(0.,-0.,1.));
#11809 = PCURVE('',#11810,#11815);
#11810 = CYLINDRICAL_SURFACE('',#11811,39.568192567962);
#11811 = AXIS2_PLACEMENT_3D('',#11812,#11813,#11814);
#11812 = CARTESIAN_POINT('',(0.,-50.,250.));
#11813 = DIRECTION('',(0.,1.,0.));
#11814 = DIRECTION('',(0.,-0.,1.));
#11815 = DEFINITIONAL_REPRESENTATION('',(#11816),#11820);
#11816 = LINE('',#11817,#11818);
#11817 = CARTESIAN_POINT('',(0.,4.));
#11818 = VECTOR('',#11819,1.);
#11819 = DIRECTION('',(1.,0.));
#11820 = ( GEOMETRIC_REPRESENTATION_CONTEXT(2) 
PARAMETRIC_REPRESENTATION_CONTEXT() REPRESENTATION_CONTEXT('2D SPACE',''
  ) );
#11821 = PCURVE('',#11822,#11827);
#11822 = PLANE('',#11823);
#11823 = AXIS2_PLACEMENT_3D('',#11824,#11825,#11826);
#11824 = CARTESIAN_POINT('',(0.,-46.,250.));
#11825 = DIRECTION('',(0.,1.,0.));
#11826 = DIRECTION('',(0.,-0.,1.));
#11827 = DEFINITIONAL_REPRESENTATION('',(#11828),#11832);
#11828 = CIRCLE('',#11829,39.568192567962);
#11829 = AXIS2_PLACEMENT_2D('',#11830,#11831);
#11830 = CARTESIAN_POINT('',(0.,0.));
#11831 = DIRECTION('',(1.,0.));
#11832 = ( GEOMETRIC_REPRESENTATION_CONTEXT(2) 
PARAMETRIC_REPRESENTATION_CONTEXT() REPRESENTATION_CONTEXT('2D SPACE',''
  ) );
#11833 = ORIENTED_EDGE('',*,*,#11834,.F.);
#11834 = EDGE_CURVE('',#11835,#11801,#11837,.T.);
#11835 = VERTEX_POINT('',#11836);
#11836 = CARTESIAN_POINT('',(-9.69141207528E-15,-50.,289.56819256796));
#11837 = SEAM_CURVE('',#11838,(#11842,#11849),.PCURVE_S1.);
#11838 = LINE('',#11839,#11840);
#11839 = CARTESIAN_POINT('',(-9.69141207528E-15,-50.,289.56819256796));
#11840 = VECTOR('',#11841,1.);
#11841 = DIRECTION('',(0.,1.,0.));
#11842 = PCURVE('',#11810,#11843);
#11843 = DEFINITIONAL_REPRESENTATION('',(#11844),#11848);
#11844 = LINE('',#11845,#11846);
#11845 = CARTESIAN_POINT('',(6.28318530718,-0.));
#11846 = VECTOR('',#11847,1.);
#11847 = DIRECTION('',(0.,1.));
#11848 = ( GEOMETRIC_REPRESENTATION_CONTEXT(2) 
PARAMETRIC_REPRESENTATION_CONTEXT() REPRESENTATION_CONTEXT('2D SPACE',''
  ) );
#11849 = PCURVE('',#11810,#11850);
#11850 = DEFINITIONAL_REPRESENTATION('',(#11851),#11855);
#11851 = LINE('',#11852,#11853);
#11852 = CARTESIAN_POINT('',(0.,-0.));
#11853 = VECTOR('',#11854,1.);
#11854 = DIRECTION('',(0.,1.));
#11855 = ( GEOMETRIC_REPRESENTATION_CONTEXT(2) 
PARAMETRIC_REPRESENTATION_CONTEXT() REPRESENTATION_CONTEXT('2D SPACE',''
  ) );
#11856 = ORIENTED_EDGE('',*,*,#11857,.T.);
#11857 = EDGE_CURVE('',#11835,#11835,#11858,.T.);
#11858 = SURFACE_CURVE('',#11859,(#11864,#11871),.PCURVE_S1.);
#11859 = CIRCLE('',#11860,39.568192567962);
#11860 = AXIS2_PLACEMENT_3D('',#11861,#11862,#11863);
#11861 = CARTESIAN_POINT('',(0.,-50.,250.));
#11862 = DIRECTION('',(0.,1.,0.));
#11863 = DIRECTION('',(0.,-0.,1.));
#11864 = PCURVE('',#11810,#11865);
#11865 = DEFINITIONAL_REPRESENTATION('',(#11866),#11870);
#11866 = LINE('',#11867,#11868);
#11867 = CARTESIAN_POINT('',(0.,0.));
#11868 = VECTOR('',#11869,1.);
#11869 = DIRECTION('',(1.,0.));
#11870 = ( GEOMETRIC_REPRESENTATION_CONTEXT(2) 
PARAMETRIC_REPRESENTATION_CONTEXT() REPRESENTATION_CONTEXT('2D SPACE',''
  ) );
#11871 = PCURVE('',#11872,#11877);
#11872 = PLANE('',#11873);
#11873 = AXIS2_PLACEMENT_3D('',#11874,#11875,#11876);
#11874 = CARTESIAN_POINT('',(0.,-50.,250.));
#11875 = DIRECTION('',(0.,1.,0.));
#11876 = DIRECTION('',(0.,-0.,1.));
#11877 = DEFINITIONAL_REPRESENTATION('',(#11878),#11882);
#11878 = CIRCLE('',#11879,39.568192567962);
#11879 = AXIS2_PLACEMENT_2D('',#11880,#11881);
#11880 = CARTESIAN_POINT('',(0.,0.));
#11881 = DIRECTION('',(1.,0.));
#11882 = ( GEOMETRIC_REPRESENTATION_CONTEXT(2) 
PARAMETRIC_REPRESENTATION_CONTEXT() REPRESENTATION_CONTEXT('2D SPACE',''
  ) );
#11883 = ORIENTED_EDGE('',*,*,#11834,.T.);
#11884 = ADVANCED_FACE('',(#11885,#11888),#11822,.T.);
#11885 = FACE_BOUND('',#11886,.T.);
#11886 = EDGE_LOOP('',(#11887));
#11887 = ORIENTED_EDGE('',*,*,#11800,.T.);
#11888 = FACE_BOUND('',#11889,.T.);
#11889 = EDGE_LOOP('',(#11890));
#11890 = ORIENTED_EDGE('',*,*,#11891,.F.);
#11891 = EDGE_CURVE('',#11892,#11892,#11894,.T.);
#11892 = VERTEX_POINT('',#11893);
#11893 = CARTESIAN_POINT('',(-4.40872847693E-15,-46.,268.));
#11894 = SURFACE_CURVE('',#11895,(#11900,#11907),.PCURVE_S1.);
#11895 = CIRCLE('',#11896,18.);
#11896 = AXIS2_PLACEMENT_3D('',#11897,#11898,#11899);
#11897 = CARTESIAN_POINT('',(0.,-46.,250.));
#11898 = DIRECTION('',(0.,1.,0.));
#11899 = DIRECTION('',(0.,-0.,1.));
#11900 = PCURVE('',#11822,#11901);
#11901 = DEFINITIONAL_REPRESENTATION('',(#11902),#11906);
#11902 = CIRCLE('',#11903,18.);
#11903 = AXIS2_PLACEMENT_2D('',#11904,#11905);
#11904 = CARTESIAN_POINT('',(0.,0.));
#11905 = DIRECTION('',(1.,0.));
#11906 = ( GEOMETRIC_REPRESENTATION_CONTEXT(2) 
PARAMETRIC_REPRESENTATION_CONTEXT() REPRESENTATION_CONTEXT('2D SPACE',''
  ) );
#11907 = PCURVE('',#11908,#11913);
#11908 = CYLINDRICAL_SURFACE('',#11909,18.);
#11909 = AXIS2_PLACEMENT_3D('',#11910,#11911,#11912);
#11910 = CARTESIAN_POINT('',(0.,-50.,250.));
#11911 = DIRECTION('',(0.,1.,0.));
#11912 = DIRECTION('',(0.,-0.,1.));
#11913 = DEFINITIONAL_REPRESENTATION('',(#11914),#11918);
#11914 = LINE('',#11915,#11916);
#11915 = CARTESIAN_POINT('',(0.,4.));
#11916 = VECTOR('',#11917,1.);
#11917 = DIRECTION('',(1.,0.));
#11918 = ( GEOMETRIC_REPRESENTATION_CONTEXT(2) 
PARAMETRIC_REPRESENTATION_CONTEXT() REPRESENTATION_CONTEXT('2D SPACE',''
  ) );
#11919 = ADVANCED_FACE('',(#11920,#11923),#11872,.F.);
#11920 = FACE_BOUND('',#11921,.F.);
#11921 = EDGE_LOOP('',(#11922));
#11922 = ORIENTED_EDGE('',*,*,#11857,.T.);
#11923 = FACE_BOUND('',#11924,.F.);
#11924 = EDGE_LOOP('',(#11925));
#11925 = ORIENTED_EDGE('',*,*,#11926,.F.);
#11926 = EDGE_CURVE('',#11927,#11927,#11929,.T.);
#11927 = VERTEX_POINT('',#11928);
#11928 = CARTESIAN_POINT('',(-4.40872847693E-15,-50.,268.));
#11929 = SURFACE_CURVE('',#11930,(#11935,#11942),.PCURVE_S1.);
#11930 = CIRCLE('',#11931,18.);
#11931 = AXIS2_PLACEMENT_3D('',#11932,#11933,#11934);
#11932 = CARTESIAN_POINT('',(0.,-50.,250.));
#11933 = DIRECTION('',(0.,1.,0.));
#11934 = DIRECTION('',(0.,-0.,1.));
#11935 = PCURVE('',#11872,#11936);
#11936 = DEFINITIONAL_REPRESENTATION('',(#11937),#11941);
#11937 = CIRCLE('',#11938,18.);
#11938 = AXIS2_PLACEMENT_2D('',#11939,#11940);
#11939 = CARTESIAN_POINT('',(0.,0.));
#11940 = DIRECTION('',(1.,0.));
#11941 = ( GEOMETRIC_REPRESENTATION_CONTEXT(2) 
PARAMETRIC_REPRESENTATION_CONTEXT() REPRESENTATION_CONTEXT('2D SPACE',''
  ) );
#11942 = PCURVE('',#11908,#11943);
#11943 = DEFINITIONAL_REPRESENTATION('',(#11944),#11948);
#11944 = LINE('',#11945,#11946);
#11945 = CARTESIAN_POINT('',(0.,0.));
#11946 = VECTOR('',#11947,1.);
#11947 = DIRECTION('',(1.,0.));
#11948 = ( GEOMETRIC_REPRESENTATION_CONTEXT(2) 
PARAMETRIC_REPRESENTATION_CONTEXT() REPRESENTATION_CONTEXT('2D SPACE',''
  ) );
#11949 = ADVANCED_FACE('',(#11950),#11908,.F.);
#11950 = FACE_BOUND('',#11951,.F.);
#11951 = EDGE_LOOP('',(#11952,#11953,#11974,#11975));
#11952 = ORIENTED_EDGE('',*,*,#11891,.F.);
#11953 = ORIENTED_EDGE('',*,*,#11954,.F.);
#11954 = EDGE_CURVE('',#11927,#11892,#11955,.T.);
#11955 = SEAM_CURVE('',#11956,(#11960,#11967),.PCURVE_S1.);
#11956 = LINE('',#11957,#11958);
#11957 = CARTESIAN_POINT('',(-4.40872847693E-15,-50.,268.));
#11958 = VECTOR('',#11959,1.);
#11959 = DIRECTION('',(0.,1.,0.));
#11960 = PCURVE('',#11908,#11961);
#11961 = DEFINITIONAL_REPRESENTATION('',(#11962),#11966);
#11962 = LINE('',#11963,#11964);
#11963 = CARTESIAN_POINT('',(6.28318530718,-0.));
#11964 = VECTOR('',#11965,1.);
#11965 = DIRECTION('',(0.,1.));
#11966 = ( GEOMETRIC_REPRESENTATION_CONTEXT(2) 
PARAMETRIC_REPRESENTATION_CONTEXT() REPRESENTATION_CONTEXT('2D SPACE',''
  ) );
#11967 = PCURVE('',#11908,#11968);
#11968 = DEFINITIONAL_REPRESENTATION('',(#11969),#11973);
#11969 = LINE('',#11970,#11971);
#11970 = CARTESIAN_POINT('',(0.,-0.));
#11971 = VECTOR('',#11972,1.);
#11972 = DIRECTION('',(0.,1.));
#11973 = ( GEOMETRIC_REPRESENTATION_CONTEXT(2) 
PARAMETRIC_REPRESENTATION_CONTEXT() REPRESENTATION_CONTEXT('2D SPACE',''
  ) );
#11974 = ORIENTED_EDGE('',*,*,#11926,.T.);
#11975 = ORIENTED_EDGE('',*,*,#11954,.T.);
#11976 = ( GEOMETRIC_REPRESENTATION_CONTEXT(3) 
GLOBAL_UNCERTAINTY_ASSIGNED_CONTEXT((#11980)) 
GLOBAL_UNIT_ASSIGNED_CONTEXT((#11977,#11978,#11979)) 
REPRESENTATION_CONTEXT('Context #1',
  '3D Context with UNIT and UNCERTAINTY') );
#11977 = ( LENGTH_UNIT() NAMED_UNIT(*) SI_UNIT(.MILLI.,.METRE.) );
#11978 = ( NAMED_UNIT(*) PLANE_ANGLE_UNIT() SI_UNIT($,.RADIAN.) );
#11979 = ( NAMED_UNIT(*) SI_UNIT($,.STERADIAN.) SOLID_ANGLE_UNIT() );
#11980 = UNCERTAINTY_MEASURE_WITH_UNIT(LENGTH_MEASURE(1.E-07),#11977,
  'distance_accuracy_value','confusion accuracy');
#11981 = CONTEXT_DEPENDENT_SHAPE_REPRESENTATION(#11982,#11984);
#11982 = ( REPRESENTATION_RELATIONSHIP('','',#11793,#11762) 
REPRESENTATION_RELATIONSHIP_WITH_TRANSFORMATION(#11983) 
SHAPE_REPRESENTATION_RELATIONSHIP() );
#11983 = ITEM_DEFINED_TRANSFORMATION('','',#11,#11763);
#11984 = PRODUCT_DEFINITION_SHAPE('Placement','Placement of an item',
  #11985);
#11985 = NEXT_ASSEMBLY_USAGE_OCCURRENCE('91','=>[0:1:1:93]','',#11757,
  #11788,$);
#11986 = PRODUCT_RELATED_PRODUCT_CATEGORY('part',$,(#11790));
#11987 = SHAPE_DEFINITION_REPRESENTATION(#11988,#11994);
#11988 = PRODUCT_DEFINITION_SHAPE('','',#11989);
#11989 = PRODUCT_DEFINITION('design','',#11990,#11993);
#11990 = PRODUCT_DEFINITION_FORMATION('','',#11991);
#11991 = PRODUCT('SOLID','SOLID','',(#11992));
#11992 = PRODUCT_CONTEXT('',#2,'mechanical');
#11993 = PRODUCT_DEFINITION_CONTEXT('part definition',#2,'design');
#11994 = ADVANCED_BREP_SHAPE_REPRESENTATION('',(#11,#11995),#12093);
#11995 = MANIFOLD_SOLID_BREP('',#11996);
#11996 = CLOSED_SHELL('',(#11997,#12085,#12089));
#11997 = ADVANCED_FACE('',(#11998),#12011,.T.);
#11998 = FACE_BOUND('',#11999,.T.);
#11999 = EDGE_LOOP('',(#12000,#12034,#12057,#12084));
#12000 = ORIENTED_EDGE('',*,*,#12001,.F.);
#12001 = EDGE_CURVE('',#12002,#12002,#12004,.T.);
#12002 = VERTEX_POINT('',#12003);
#12003 = CARTESIAN_POINT('',(-0.191597779833,-48.,209.43639878075));
#12004 = SURFACE_CURVE('',#12005,(#12010,#12022),.PCURVE_S1.);
#12005 = CIRCLE('',#12006,4.);
#12006 = AXIS2_PLACEMENT_3D('',#12007,#12008,#12009);
#12007 = CARTESIAN_POINT('',(-5.684341886081E-14,-48.,213.43180743203));
#12008 = DIRECTION('',(-0.998852162821,0.,4.789944495832E-02));
#12009 = DIRECTION('',(-4.789944495832E-02,0.,-0.998852162821));
#12010 = PCURVE('',#12011,#12016);
#12011 = CYLINDRICAL_SURFACE('',#12012,4.);
#12012 = AXIS2_PLACEMENT_3D('',#12013,#12014,#12015);
#12013 = CARTESIAN_POINT('',(379.86839826445,-48.,195.21541254264));
#12014 = DIRECTION('',(-0.998852162821,0.,4.789944495832E-02));
#12015 = DIRECTION('',(-4.789944495832E-02,0.,-0.998852162821));
#12016 = DEFINITIONAL_REPRESENTATION('',(#12017),#12021);
#12017 = LINE('',#12018,#12019);
#12018 = CARTESIAN_POINT('',(0.,380.30492639823));
#12019 = VECTOR('',#12020,1.);
#12020 = DIRECTION('',(1.,0.));
#12021 = ( GEOMETRIC_REPRESENTATION_CONTEXT(2) 
PARAMETRIC_REPRESENTATION_CONTEXT() REPRESENTATION_CONTEXT('2D SPACE',''
  ) );
#12022 = PCURVE('',#12023,#12028);
#12023 = PLANE('',#12024);
#12024 = AXIS2_PLACEMENT_3D('',#12025,#12026,#12027);
#12025 = CARTESIAN_POINT('',(-5.684341886081E-14,-48.,213.43180743203));
#12026 = DIRECTION('',(-0.998852162821,0.,4.789944495832E-02));
#12027 = DIRECTION('',(-4.789944495832E-02,0.,-0.998852162821));
#12028 = DEFINITIONAL_REPRESENTATION('',(#12029),#12033);
#12029 = CIRCLE('',#12030,4.);
#12030 = AXIS2_PLACEMENT_2D('',#12031,#12032);
#12031 = CARTESIAN_POINT('',(0.,0.));
#12032 = DIRECTION('',(1.,0.));
#12033 = ( GEOMETRIC_REPRESENTATION_CONTEXT(2) 
PARAMETRIC_REPRESENTATION_CONTEXT() REPRESENTATION_CONTEXT('2D SPACE',''
  ) );
#12034 = ORIENTED_EDGE('',*,*,#12035,.F.);
#12035 = EDGE_CURVE('',#12036,#12002,#12038,.T.);
#12036 = VERTEX_POINT('',#12037);
#12037 = CARTESIAN_POINT('',(379.67680048461,-48.,191.22000389136));
#12038 = SEAM_CURVE('',#12039,(#12043,#12050),.PCURVE_S1.);
#12039 = LINE('',#12040,#12041);
#12040 = CARTESIAN_POINT('',(379.67680048461,-48.,191.22000389136));
#12041 = VECTOR('',#12042,1.);
#12042 = DIRECTION('',(-0.998852162821,-1.54074395551E-33,
    4.789944495832E-02));
#12043 = PCURVE('',#12011,#12044);
#12044 = DEFINITIONAL_REPRESENTATION('',(#12045),#12049);
#12045 = LINE('',#12046,#12047);
#12046 = CARTESIAN_POINT('',(6.28318530718,-0.));
#12047 = VECTOR('',#12048,1.);
#12048 = DIRECTION('',(0.,1.));
#12049 = ( GEOMETRIC_REPRESENTATION_CONTEXT(2) 
PARAMETRIC_REPRESENTATION_CONTEXT() REPRESENTATION_CONTEXT('2D SPACE',''
  ) );
#12050 = PCURVE('',#12011,#12051);
#12051 = DEFINITIONAL_REPRESENTATION('',(#12052),#12056);
#12052 = LINE('',#12053,#12054);
#12053 = CARTESIAN_POINT('',(0.,-0.));
#12054 = VECTOR('',#12055,1.);
#12055 = DIRECTION('',(0.,1.));
#12056 = ( GEOMETRIC_REPRESENTATION_CONTEXT(2) 
PARAMETRIC_REPRESENTATION_CONTEXT() REPRESENTATION_CONTEXT('2D SPACE',''
  ) );
#12057 = ORIENTED_EDGE('',*,*,#12058,.T.);
#12058 = EDGE_CURVE('',#12036,#12036,#12059,.T.);
#12059 = SURFACE_CURVE('',#12060,(#12065,#12072),.PCURVE_S1.);
#12060 = CIRCLE('',#12061,4.);
#12061 = AXIS2_PLACEMENT_3D('',#12062,#12063,#12064);
#12062 = CARTESIAN_POINT('',(379.86839826445,-48.,195.21541254264));
#12063 = DIRECTION('',(-0.998852162821,0.,4.789944495832E-02));
#12064 = DIRECTION('',(-4.789944495832E-02,0.,-0.998852162821));
#12065 = PCURVE('',#12011,#12066);
#12066 = DEFINITIONAL_REPRESENTATION('',(#12067),#12071);
#12067 = LINE('',#12068,#12069);
#12068 = CARTESIAN_POINT('',(0.,0.));
#12069 = VECTOR('',#12070,1.);
#12070 = DIRECTION('',(1.,0.));
#12071 = ( GEOMETRIC_REPRESENTATION_CONTEXT(2) 
PARAMETRIC_REPRESENTATION_CONTEXT() REPRESENTATION_CONTEXT('2D SPACE',''
  ) );
#12072 = PCURVE('',#12073,#12078);
#12073 = PLANE('',#12074);
#12074 = AXIS2_PLACEMENT_3D('',#12075,#12076,#12077);
#12075 = CARTESIAN_POINT('',(379.86839826445,-48.,195.21541254264));
#12076 = DIRECTION('',(-0.998852162821,0.,4.789944495832E-02));
#12077 = DIRECTION('',(-4.789944495832E-02,0.,-0.998852162821));
#12078 = DEFINITIONAL_REPRESENTATION('',(#12079),#12083);
#12079 = CIRCLE('',#12080,4.);
#12080 = AXIS2_PLACEMENT_2D('',#12081,#12082);
#12081 = CARTESIAN_POINT('',(0.,0.));
#12082 = DIRECTION('',(1.,0.));
#12083 = ( GEOMETRIC_REPRESENTATION_CONTEXT(2) 
PARAMETRIC_REPRESENTATION_CONTEXT() REPRESENTATION_CONTEXT('2D SPACE',''
  ) );
#12084 = ORIENTED_EDGE('',*,*,#12035,.T.);
#12085 = ADVANCED_FACE('',(#12086),#12023,.T.);
#12086 = FACE_BOUND('',#12087,.T.);
#12087 = EDGE_LOOP('',(#12088));
#12088 = ORIENTED_EDGE('',*,*,#12001,.T.);
#12089 = ADVANCED_FACE('',(#12090),#12073,.F.);
#12090 = FACE_BOUND('',#12091,.T.);
#12091 = EDGE_LOOP('',(#12092));
#12092 = ORIENTED_EDGE('',*,*,#12058,.F.);
#12093 = ( GEOMETRIC_REPRESENTATION_CONTEXT(3) 
GLOBAL_UNCERTAINTY_ASSIGNED_CONTEXT((#12097)) 
GLOBAL_UNIT_ASSIGNED_CONTEXT((#12094,#12095,#12096)) 
REPRESENTATION_CONTEXT('Context #1',
  '3D Context with UNIT and UNCERTAINTY') );
#12094 = ( LENGTH_UNIT() NAMED_UNIT(*) SI_UNIT(.MILLI.,.METRE.) );
#12095 = ( NAMED_UNIT(*) PLANE_ANGLE_UNIT() SI_UNIT($,.RADIAN.) );
#12096 = ( NAMED_UNIT(*) SI_UNIT($,.STERADIAN.) SOLID_ANGLE_UNIT() );
#12097 = UNCERTAINTY_MEASURE_WITH_UNIT(LENGTH_MEASURE(1.E-07),#12094,
  'distance_accuracy_value','confusion accuracy');
#12098 = CONTEXT_DEPENDENT_SHAPE_REPRESENTATION(#12099,#12101);
#12099 = ( REPRESENTATION_RELATIONSHIP('','',#11994,#11762) 
REPRESENTATION_RELATIONSHIP_WITH_TRANSFORMATION(#12100) 
SHAPE_REPRESENTATION_RELATIONSHIP() );
#12100 = ITEM_DEFINED_TRANSFORMATION('','',#11,#11767);
#12101 = PRODUCT_DEFINITION_SHAPE('Placement','Placement of an item',
  #12102);
#12102 = NEXT_ASSEMBLY_USAGE_OCCURRENCE('92','=>[0:1:1:94]','',#11757,
  #11989,$);
#12103 = PRODUCT_RELATED_PRODUCT_CATEGORY('part',$,(#11991));
#12104 = SHAPE_DEFINITION_REPRESENTATION(#12105,#12111);
#12105 = PRODUCT_DEFINITION_SHAPE('','',#12106);
#12106 = PRODUCT_DEFINITION('design','',#12107,#12110);
#12107 = PRODUCT_DEFINITION_FORMATION('','',#12108);
#12108 = PRODUCT('SOLID','SOLID','',(#12109));
#12109 = PRODUCT_CONTEXT('',#2,'mechanical');
#12110 = PRODUCT_DEFINITION_CONTEXT('part definition',#2,'design');
#12111 = ADVANCED_BREP_SHAPE_REPRESENTATION('',(#11,#12112),#12210);
#12112 = MANIFOLD_SOLID_BREP('',#12113);
#12113 = CLOSED_SHELL('',(#12114,#12202,#12206));
#12114 = ADVANCED_FACE('',(#12115),#12128,.T.);
#12115 = FACE_BOUND('',#12116,.T.);
#12116 = EDGE_LOOP('',(#12117,#12151,#12174,#12201));
#12117 = ORIENTED_EDGE('',*,*,#12118,.F.);
#12118 = EDGE_CURVE('',#12119,#12119,#12121,.T.);
#12119 = VERTEX_POINT('',#12120);
#12120 = CARTESIAN_POINT('',(0.400396058065,-48.,282.58828264477));
#12121 = SURFACE_CURVE('',#12122,(#12127,#12139),.PCURVE_S1.);
#12122 = CIRCLE('',#12123,4.);
#12123 = AXIS2_PLACEMENT_3D('',#12124,#12125,#12126);
#12124 = CARTESIAN_POINT('',(-5.684341886081E-14,-48.,286.56819256796));
#12125 = DIRECTION('',(-0.994977480797,0.,-0.100099014516));
#12126 = DIRECTION('',(0.100099014516,0.,-0.994977480797));
#12127 = PCURVE('',#12128,#12133);
#12128 = CYLINDRICAL_SURFACE('',#12129,4.);
#12129 = AXIS2_PLACEMENT_3D('',#12130,#12131,#12132);
#12130 = CARTESIAN_POINT('',(379.86839826445,-48.,324.78458745735));
#12131 = DIRECTION('',(-0.994977480797,0.,-0.100099014516));
#12132 = DIRECTION('',(0.100099014516,0.,-0.994977480797));
#12133 = DEFINITIONAL_REPRESENTATION('',(#12134),#12138);
#12134 = LINE('',#12135,#12136);
#12135 = CARTESIAN_POINT('',(0.,381.78592540629));
#12136 = VECTOR('',#12137,1.);
#12137 = DIRECTION('',(1.,0.));
#12138 = ( GEOMETRIC_REPRESENTATION_CONTEXT(2) 
PARAMETRIC_REPRESENTATION_CONTEXT() REPRESENTATION_CONTEXT('2D SPACE',''
  ) );
#12139 = PCURVE('',#12140,#12145);
#12140 = PLANE('',#12141);
#12141 = AXIS2_PLACEMENT_3D('',#12142,#12143,#12144);
#12142 = CARTESIAN_POINT('',(-5.684341886081E-14,-48.,286.56819256796));
#12143 = DIRECTION('',(-0.994977480797,0.,-0.100099014516));
#12144 = DIRECTION('',(0.100099014516,0.,-0.994977480797));
#12145 = DEFINITIONAL_REPRESENTATION('',(#12146),#12150);
#12146 = CIRCLE('',#12147,4.);
#12147 = AXIS2_PLACEMENT_2D('',#12148,#12149);
#12148 = CARTESIAN_POINT('',(0.,0.));
#12149 = DIRECTION('',(1.,0.));
#12150 = ( GEOMETRIC_REPRESENTATION_CONTEXT(2) 
PARAMETRIC_REPRESENTATION_CONTEXT() REPRESENTATION_CONTEXT('2D SPACE',''
  ) );
#12151 = ORIENTED_EDGE('',*,*,#12152,.F.);
#12152 = EDGE_CURVE('',#12153,#12119,#12155,.T.);
#12153 = VERTEX_POINT('',#12154);
#12154 = CARTESIAN_POINT('',(380.26879432251,-48.,320.80467753416));
#12155 = SEAM_CURVE('',#12156,(#12160,#12167),.PCURVE_S1.);
#12156 = LINE('',#12157,#12158);
#12157 = CARTESIAN_POINT('',(380.26879432251,-48.,320.80467753416));
#12158 = VECTOR('',#12159,1.);
#12159 = DIRECTION('',(-0.994977480797,0.,-0.100099014516));
#12160 = PCURVE('',#12128,#12161);
#12161 = DEFINITIONAL_REPRESENTATION('',(#12162),#12166);
#12162 = LINE('',#12163,#12164);
#12163 = CARTESIAN_POINT('',(6.28318530718,-0.));
#12164 = VECTOR('',#12165,1.);
#12165 = DIRECTION('',(0.,1.));
#12166 = ( GEOMETRIC_REPRESENTATION_CONTEXT(2) 
PARAMETRIC_REPRESENTATION_CONTEXT() REPRESENTATION_CONTEXT('2D SPACE',''
  ) );
#12167 = PCURVE('',#12128,#12168);
#12168 = DEFINITIONAL_REPRESENTATION('',(#12169),#12173);
#12169 = LINE('',#12170,#12171);
#12170 = CARTESIAN_POINT('',(0.,-0.));
#12171 = VECTOR('',#12172,1.);
#12172 = DIRECTION('',(0.,1.));
#12173 = ( GEOMETRIC_REPRESENTATION_CONTEXT(2) 
PARAMETRIC_REPRESENTATION_CONTEXT() REPRESENTATION_CONTEXT('2D SPACE',''
  ) );
#12174 = ORIENTED_EDGE('',*,*,#12175,.T.);
#12175 = EDGE_CURVE('',#12153,#12153,#12176,.T.);
#12176 = SURFACE_CURVE('',#12177,(#12182,#12189),.PCURVE_S1.);
#12177 = CIRCLE('',#12178,4.);
#12178 = AXIS2_PLACEMENT_3D('',#12179,#12180,#12181);
#12179 = CARTESIAN_POINT('',(379.86839826445,-48.,324.78458745735));
#12180 = DIRECTION('',(-0.994977480797,0.,-0.100099014516));
#12181 = DIRECTION('',(0.100099014516,0.,-0.994977480797));
#12182 = PCURVE('',#12128,#12183);
#12183 = DEFINITIONAL_REPRESENTATION('',(#12184),#12188);
#12184 = LINE('',#12185,#12186);
#12185 = CARTESIAN_POINT('',(0.,0.));
#12186 = VECTOR('',#12187,1.);
#12187 = DIRECTION('',(1.,0.));
#12188 = ( GEOMETRIC_REPRESENTATION_CONTEXT(2) 
PARAMETRIC_REPRESENTATION_CONTEXT() REPRESENTATION_CONTEXT('2D SPACE',''
  ) );
#12189 = PCURVE('',#12190,#12195);
#12190 = PLANE('',#12191);
#12191 = AXIS2_PLACEMENT_3D('',#12192,#12193,#12194);
#12192 = CARTESIAN_POINT('',(379.86839826445,-48.,324.78458745735));
#12193 = DIRECTION('',(-0.994977480797,0.,-0.100099014516));
#12194 = DIRECTION('',(0.100099014516,0.,-0.994977480797));
#12195 = DEFINITIONAL_REPRESENTATION('',(#12196),#12200);
#12196 = CIRCLE('',#12197,4.);
#12197 = AXIS2_PLACEMENT_2D('',#12198,#12199);
#12198 = CARTESIAN_POINT('',(0.,0.));
#12199 = DIRECTION('',(1.,0.));
#12200 = ( GEOMETRIC_REPRESENTATION_CONTEXT(2) 
PARAMETRIC_REPRESENTATION_CONTEXT() REPRESENTATION_CONTEXT('2D SPACE',''
  ) );
#12201 = ORIENTED_EDGE('',*,*,#12152,.T.);
#12202 = ADVANCED_FACE('',(#12203),#12140,.T.);
#12203 = FACE_BOUND('',#12204,.T.);
#12204 = EDGE_LOOP('',(#12205));
#12205 = ORIENTED_EDGE('',*,*,#12118,.T.);
#12206 = ADVANCED_FACE('',(#12207),#12190,.F.);
#12207 = FACE_BOUND('',#12208,.T.);
#12208 = EDGE_LOOP('',(#12209));
#12209 = ORIENTED_EDGE('',*,*,#12175,.F.);
#12210 = ( GEOMETRIC_REPRESENTATION_CONTEXT(3) 
GLOBAL_UNCERTAINTY_ASSIGNED_CONTEXT((#12214)) 
GLOBAL_UNIT_ASSIGNED_CONTEXT((#12211,#12212,#12213)) 
REPRESENTATION_CONTEXT('Context #1',
  '3D Context with UNIT and UNCERTAINTY') );
#12211 = ( LENGTH_UNIT() NAMED_UNIT(*) SI_UNIT(.MILLI.,.METRE.) );
#12212 = ( NAMED_UNIT(*) PLANE_ANGLE_UNIT() SI_UNIT($,.RADIAN.) );
#12213 = ( NAMED_UNIT(*) SI_UNIT($,.STERADIAN.) SOLID_ANGLE_UNIT() );
#12214 = UNCERTAINTY_MEASURE_WITH_UNIT(LENGTH_MEASURE(1.E-07),#12211,
  'distance_accuracy_value','confusion accuracy');
#12215 = CONTEXT_DEPENDENT_SHAPE_REPRESENTATION(#12216,#12218);
#12216 = ( REPRESENTATION_RELATIONSHIP('','',#12111,#11762) 
REPRESENTATION_RELATIONSHIP_WITH_TRANSFORMATION(#12217) 
SHAPE_REPRESENTATION_RELATIONSHIP() );
#12217 = ITEM_DEFINED_TRANSFORMATION('','',#11,#11771);
#12218 = PRODUCT_DEFINITION_SHAPE('Placement','Placement of an item',
  #12219);
#12219 = NEXT_ASSEMBLY_USAGE_OCCURRENCE('93','=>[0:1:1:95]','',#11757,
  #12106,$);
#12220 = PRODUCT_RELATED_PRODUCT_CATEGORY('part',$,(#12108));
#12221 = SHAPE_DEFINITION_REPRESENTATION(#12222,#12228);
#12222 = PRODUCT_DEFINITION_SHAPE('','',#12223);
#12223 = PRODUCT_DEFINITION('design','',#12224,#12227);
#12224 = PRODUCT_DEFINITION_FORMATION('','',#12225);
#12225 = PRODUCT('COMPOUND','COMPOUND','',(#12226));
#12226 = PRODUCT_CONTEXT('',#2,'mechanical');
#12227 = PRODUCT_DEFINITION_CONTEXT('part definition',#2,'design');
#12228 = SHAPE_REPRESENTATION('',(#11,#12229,#12233),#12237);
#12229 = AXIS2_PLACEMENT_3D('',#12230,#12231,#12232);
#12230 = CARTESIAN_POINT('',(0.,0.,0.));
#12231 = DIRECTION('',(0.,0.,1.));
#12232 = DIRECTION('',(1.,0.,-0.));
#12233 = AXIS2_PLACEMENT_3D('',#12234,#12235,#12236);
#12234 = CARTESIAN_POINT('',(0.,0.,0.));
#12235 = DIRECTION('',(0.,0.,1.));
#12236 = DIRECTION('',(1.,0.,-0.));
#12237 = ( GEOMETRIC_REPRESENTATION_CONTEXT(3) 
GLOBAL_UNCERTAINTY_ASSIGNED_CONTEXT((#12241)) 
GLOBAL_UNIT_ASSIGNED_CONTEXT((#12238,#12239,#12240)) 
REPRESENTATION_CONTEXT('Context #1',
  '3D Context with UNIT and UNCERTAINTY') );
#12238 = ( LENGTH_UNIT() NAMED_UNIT(*) SI_UNIT(.MILLI.,.METRE.) );
#12239 = ( NAMED_UNIT(*) PLANE_ANGLE_UNIT() SI_UNIT($,.RADIAN.) );
#12240 = ( NAMED_UNIT(*) SI_UNIT($,.STERADIAN.) SOLID_ANGLE_UNIT() );
#12241 = UNCERTAINTY_MEASURE_WITH_UNIT(LENGTH_MEASURE(1.E-07),#12238,
  'distance_accuracy_value','confusion accuracy');
#12242 = CONTEXT_DEPENDENT_SHAPE_REPRESENTATION(#12243,#12245);
#12243 = ( REPRESENTATION_RELATIONSHIP('','',#12228,#10) 
REPRESENTATION_RELATIONSHIP_WITH_TRANSFORMATION(#12244) 
SHAPE_REPRESENTATION_RELATIONSHIP() );
#12244 = ITEM_DEFINED_TRANSFORMATION('','',#11,#59);
#12245 = PRODUCT_DEFINITION_SHAPE('Placement','Placement of an item',
  #12246);
#12246 = NEXT_ASSEMBLY_USAGE_OCCURRENCE('100','=>[0:1:1:96]','',#5,
  #12223,$);
#12247 = PRODUCT_RELATED_PRODUCT_CATEGORY('part',$,(#12225));
#12248 = SHAPE_DEFINITION_REPRESENTATION(#12249,#12255);
#12249 = PRODUCT_DEFINITION_SHAPE('','',#12250);
#12250 = PRODUCT_DEFINITION('design','',#12251,#12254);
#12251 = PRODUCT_DEFINITION_FORMATION('','',#12252);
#12252 = PRODUCT('COMPOUND','COMPOUND','',(#12253));
#12253 = PRODUCT_CONTEXT('',#2,'mechanical');
#12254 = PRODUCT_DEFINITION_CONTEXT('part definition',#2,'design');
#12255 = SHAPE_REPRESENTATION('',(#11,#12256,#12260,#12264),#12268);
#12256 = AXIS2_PLACEMENT_3D('',#12257,#12258,#12259);
#12257 = CARTESIAN_POINT('',(745.78134898774,0.,494.07885188748));
#12258 = DIRECTION('',(0.,0.,1.));
#12259 = DIRECTION('',(1.,0.,-0.));
#12260 = AXIS2_PLACEMENT_3D('',#12261,#12262,#12263);
#12261 = CARTESIAN_POINT('',(745.78134898774,-38.,458.07885188748));
#12262 = DIRECTION('',(0.,0.,1.));
#12263 = DIRECTION('',(1.,0.,-0.));
#12264 = AXIS2_PLACEMENT_3D('',#12265,#12266,#12267);
#12265 = CARTESIAN_POINT('',(745.78134898774,38.,458.07885188748));
#12266 = DIRECTION('',(0.,0.,1.));
#12267 = DIRECTION('',(1.,0.,-0.));
#12268 = ( GEOMETRIC_REPRESENTATION_CONTEXT(3) 
GLOBAL_UNCERTAINTY_ASSIGNED_CONTEXT((#12272)) 
GLOBAL_UNIT_ASSIGNED_CONTEXT((#12269,#12270,#12271)) 
REPRESENTATION_CONTEXT('Context #1',
  '3D Context with UNIT and UNCERTAINTY') );
#12269 = ( LENGTH_UNIT() NAMED_UNIT(*) SI_UNIT(.MILLI.,.METRE.) );
#12270 = ( NAMED_UNIT(*) PLANE_ANGLE_UNIT() SI_UNIT($,.RADIAN.) );
#12271 = ( NAMED_UNIT(*) SI_UNIT($,.STERADIAN.) SOLID_ANGLE_UNIT() );
#12272 = UNCERTAINTY_MEASURE_WITH_UNIT(LENGTH_MEASURE(1.E-07),#12269,
  'distance_accuracy_value','confusion accuracy');
#12273 = CONTEXT_DEPENDENT_SHAPE_REPRESENTATION(#12274,#12276);
#12274 = ( REPRESENTATION_RELATIONSHIP('','',#12255,#12228) 
REPRESENTATION_RELATIONSHIP_WITH_TRANSFORMATION(#12275) 
SHAPE_REPRESENTATION_RELATIONSHIP() );
#12275 = ITEM_DEFINED_TRANSFORMATION('','',#11,#12229);
#12276 = PRODUCT_DEFINITION_SHAPE('Placement','Placement of an item',
  #12277);
#12277 = NEXT_ASSEMBLY_USAGE_OCCURRENCE('98','=>[0:1:1:97]','',#12223,
  #12250,$);
#12278 = PRODUCT_RELATED_PRODUCT_CATEGORY('part',$,(#12252));
#12279 = SHAPE_DEFINITION_REPRESENTATION(#12280,#12286);
#12280 = PRODUCT_DEFINITION_SHAPE('','',#12281);
#12281 = PRODUCT_DEFINITION('design','',#12282,#12285);
#12282 = PRODUCT_DEFINITION_FORMATION('','',#12283);
#12283 = PRODUCT('COMPOUND','COMPOUND','',(#12284));
#12284 = PRODUCT_CONTEXT('',#2,'mechanical');
#12285 = PRODUCT_DEFINITION_CONTEXT('part definition',#2,'design');
#12286 = ADVANCED_BREP_SHAPE_REPRESENTATION('',(#11,#12287),#12617);
#12287 = MANIFOLD_SOLID_BREP('',#12288);
#12288 = CLOSED_SHELL('',(#12289,#12409,#12509,#12556,#12603,#12610));
#12289 = ADVANCED_FACE('',(#12290),#12304,.F.);
#12290 = FACE_BOUND('',#12291,.F.);
#12291 = EDGE_LOOP('',(#12292,#12327,#12355,#12383));
#12292 = ORIENTED_EDGE('',*,*,#12293,.F.);
#12293 = EDGE_CURVE('',#12294,#12296,#12298,.T.);
#12294 = VERTEX_POINT('',#12295);
#12295 = CARTESIAN_POINT('',(-15.,-45.,-5.));
#12296 = VERTEX_POINT('',#12297);
#12297 = CARTESIAN_POINT('',(-15.,-45.,5.));
#12298 = SURFACE_CURVE('',#12299,(#12303,#12315),.PCURVE_S1.);
#12299 = LINE('',#12300,#12301);
#12300 = CARTESIAN_POINT('',(-15.,-45.,-5.));
#12301 = VECTOR('',#12302,1.);
#12302 = DIRECTION('',(0.,0.,1.));
#12303 = PCURVE('',#12304,#12309);
#12304 = PLANE('',#12305);
#12305 = AXIS2_PLACEMENT_3D('',#12306,#12307,#12308);
#12306 = CARTESIAN_POINT('',(-15.,-45.,-5.));
#12307 = DIRECTION('',(1.,0.,-0.));
#12308 = DIRECTION('',(0.,0.,1.));
#12309 = DEFINITIONAL_REPRESENTATION('',(#12310),#12314);
#12310 = LINE('',#12311,#12312);
#12311 = CARTESIAN_POINT('',(0.,0.));
#12312 = VECTOR('',#12313,1.);
#12313 = DIRECTION('',(1.,0.));
#12314 = ( GEOMETRIC_REPRESENTATION_CONTEXT(2) 
PARAMETRIC_REPRESENTATION_CONTEXT() REPRESENTATION_CONTEXT('2D SPACE',''
  ) );
#12315 = PCURVE('',#12316,#12321);
#12316 = PLANE('',#12317);
#12317 = AXIS2_PLACEMENT_3D('',#12318,#12319,#12320);
#12318 = CARTESIAN_POINT('',(-15.,-45.,-5.));
#12319 = DIRECTION('',(-0.,1.,0.));
#12320 = DIRECTION('',(0.,0.,1.));
#12321 = DEFINITIONAL_REPRESENTATION('',(#12322),#12326);
#12322 = LINE('',#12323,#12324);
#12323 = CARTESIAN_POINT('',(0.,0.));
#12324 = VECTOR('',#12325,1.);
#12325 = DIRECTION('',(1.,0.));
#12326 = ( GEOMETRIC_REPRESENTATION_CONTEXT(2) 
PARAMETRIC_REPRESENTATION_CONTEXT() REPRESENTATION_CONTEXT('2D SPACE',''
  ) );
#12327 = ORIENTED_EDGE('',*,*,#12328,.T.);
#12328 = EDGE_CURVE('',#12294,#12329,#12331,.T.);
#12329 = VERTEX_POINT('',#12330);
#12330 = CARTESIAN_POINT('',(-15.,45.,-5.));
#12331 = SURFACE_CURVE('',#12332,(#12336,#12343),.PCURVE_S1.);
#12332 = LINE('',#12333,#12334);
#12333 = CARTESIAN_POINT('',(-15.,-45.,-5.));
#12334 = VECTOR('',#12335,1.);
#12335 = DIRECTION('',(-0.,1.,0.));
#12336 = PCURVE('',#12304,#12337);
#12337 = DEFINITIONAL_REPRESENTATION('',(#12338),#12342);
#12338 = LINE('',#12339,#12340);
#12339 = CARTESIAN_POINT('',(0.,0.));
#12340 = VECTOR('',#12341,1.);
#12341 = DIRECTION('',(0.,-1.));
#12342 = ( GEOMETRIC_REPRESENTATION_CONTEXT(2) 
PARAMETRIC_REPRESENTATION_CONTEXT() REPRESENTATION_CONTEXT('2D SPACE',''
  ) );
#12343 = PCURVE('',#12344,#12349);
#12344 = PLANE('',#12345);
#12345 = AXIS2_PLACEMENT_3D('',#12346,#12347,#12348);
#12346 = CARTESIAN_POINT('',(-15.,-45.,-5.));
#12347 = DIRECTION('',(0.,0.,1.));
#12348 = DIRECTION('',(1.,0.,-0.));
#12349 = DEFINITIONAL_REPRESENTATION('',(#12350),#12354);
#12350 = LINE('',#12351,#12352);
#12351 = CARTESIAN_POINT('',(0.,0.));
#12352 = VECTOR('',#12353,1.);
#12353 = DIRECTION('',(0.,1.));
#12354 = ( GEOMETRIC_REPRESENTATION_CONTEXT(2) 
PARAMETRIC_REPRESENTATION_CONTEXT() REPRESENTATION_CONTEXT('2D SPACE',''
  ) );
#12355 = ORIENTED_EDGE('',*,*,#12356,.T.);
#12356 = EDGE_CURVE('',#12329,#12357,#12359,.T.);
#12357 = VERTEX_POINT('',#12358);
#12358 = CARTESIAN_POINT('',(-15.,45.,5.));
#12359 = SURFACE_CURVE('',#12360,(#12364,#12371),.PCURVE_S1.);
#12360 = LINE('',#12361,#12362);
#12361 = CARTESIAN_POINT('',(-15.,45.,-5.));
#12362 = VECTOR('',#12363,1.);
#12363 = DIRECTION('',(0.,0.,1.));
#12364 = PCURVE('',#12304,#12365);
#12365 = DEFINITIONAL_REPRESENTATION('',(#12366),#12370);
#12366 = LINE('',#12367,#12368);
#12367 = CARTESIAN_POINT('',(0.,-90.));
#12368 = VECTOR('',#12369,1.);
#12369 = DIRECTION('',(1.,0.));
#12370 = ( GEOMETRIC_REPRESENTATION_CONTEXT(2) 
PARAMETRIC_REPRESENTATION_CONTEXT() REPRESENTATION_CONTEXT('2D SPACE',''
  ) );
#12371 = PCURVE('',#12372,#12377);
#12372 = PLANE('',#12373);
#12373 = AXIS2_PLACEMENT_3D('',#12374,#12375,#12376);
#12374 = CARTESIAN_POINT('',(-15.,45.,-5.));
#12375 = DIRECTION('',(-0.,1.,0.));
#12376 = DIRECTION('',(0.,0.,1.));
#12377 = DEFINITIONAL_REPRESENTATION('',(#12378),#12382);
#12378 = LINE('',#12379,#12380);
#12379 = CARTESIAN_POINT('',(0.,0.));
#12380 = VECTOR('',#12381,1.);
#12381 = DIRECTION('',(1.,0.));
#12382 = ( GEOMETRIC_REPRESENTATION_CONTEXT(2) 
PARAMETRIC_REPRESENTATION_CONTEXT() REPRESENTATION_CONTEXT('2D SPACE',''
  ) );
#12383 = ORIENTED_EDGE('',*,*,#12384,.F.);
#12384 = EDGE_CURVE('',#12296,#12357,#12385,.T.);
#12385 = SURFACE_CURVE('',#12386,(#12390,#12397),.PCURVE_S1.);
#12386 = LINE('',#12387,#12388);
#12387 = CARTESIAN_POINT('',(-15.,-45.,5.));
#12388 = VECTOR('',#12389,1.);
#12389 = DIRECTION('',(-0.,1.,0.));
#12390 = PCURVE('',#12304,#12391);
#12391 = DEFINITIONAL_REPRESENTATION('',(#12392),#12396);
#12392 = LINE('',#12393,#12394);
#12393 = CARTESIAN_POINT('',(10.,0.));
#12394 = VECTOR('',#12395,1.);
#12395 = DIRECTION('',(0.,-1.));
#12396 = ( GEOMETRIC_REPRESENTATION_CONTEXT(2) 
PARAMETRIC_REPRESENTATION_CONTEXT() REPRESENTATION_CONTEXT('2D SPACE',''
  ) );
#12397 = PCURVE('',#12398,#12403);
#12398 = PLANE('',#12399);
#12399 = AXIS2_PLACEMENT_3D('',#12400,#12401,#12402);
#12400 = CARTESIAN_POINT('',(-15.,-45.,5.));
#12401 = DIRECTION('',(0.,0.,1.));
#12402 = DIRECTION('',(1.,0.,-0.));
#12403 = DEFINITIONAL_REPRESENTATION('',(#12404),#12408);
#12404 = LINE('',#12405,#12406);
#12405 = CARTESIAN_POINT('',(0.,0.));
#12406 = VECTOR('',#12407,1.);
#12407 = DIRECTION('',(0.,1.));
#12408 = ( GEOMETRIC_REPRESENTATION_CONTEXT(2) 
PARAMETRIC_REPRESENTATION_CONTEXT() REPRESENTATION_CONTEXT('2D SPACE',''
  ) );
#12409 = ADVANCED_FACE('',(#12410),#12424,.T.);
#12410 = FACE_BOUND('',#12411,.T.);
#12411 = EDGE_LOOP('',(#12412,#12442,#12465,#12488));
#12412 = ORIENTED_EDGE('',*,*,#12413,.F.);
#12413 = EDGE_CURVE('',#12414,#12416,#12418,.T.);
#12414 = VERTEX_POINT('',#12415);
#12415 = CARTESIAN_POINT('',(15.,-45.,-5.));
#12416 = VERTEX_POINT('',#12417);
#12417 = CARTESIAN_POINT('',(15.,-45.,5.));
#12418 = SURFACE_CURVE('',#12419,(#12423,#12435),.PCURVE_S1.);
#12419 = LINE('',#12420,#12421);
#12420 = CARTESIAN_POINT('',(15.,-45.,-5.));
#12421 = VECTOR('',#12422,1.);
#12422 = DIRECTION('',(0.,0.,1.));
#12423 = PCURVE('',#12424,#12429);
#12424 = PLANE('',#12425);
#12425 = AXIS2_PLACEMENT_3D('',#12426,#12427,#12428);
#12426 = CARTESIAN_POINT('',(15.,-45.,-5.));
#12427 = DIRECTION('',(1.,0.,-0.));
#12428 = DIRECTION('',(0.,0.,1.));
#12429 = DEFINITIONAL_REPRESENTATION('',(#12430),#12434);
#12430 = LINE('',#12431,#12432);
#12431 = CARTESIAN_POINT('',(0.,0.));
#12432 = VECTOR('',#12433,1.);
#12433 = DIRECTION('',(1.,0.));
#12434 = ( GEOMETRIC_REPRESENTATION_CONTEXT(2) 
PARAMETRIC_REPRESENTATION_CONTEXT() REPRESENTATION_CONTEXT('2D SPACE',''
  ) );
#12435 = PCURVE('',#12316,#12436);
#12436 = DEFINITIONAL_REPRESENTATION('',(#12437),#12441);
#12437 = LINE('',#12438,#12439);
#12438 = CARTESIAN_POINT('',(0.,30.));
#12439 = VECTOR('',#12440,1.);
#12440 = DIRECTION('',(1.,0.));
#12441 = ( GEOMETRIC_REPRESENTATION_CONTEXT(2) 
PARAMETRIC_REPRESENTATION_CONTEXT() REPRESENTATION_CONTEXT('2D SPACE',''
  ) );
#12442 = ORIENTED_EDGE('',*,*,#12443,.T.);
#12443 = EDGE_CURVE('',#12414,#12444,#12446,.T.);
#12444 = VERTEX_POINT('',#12445);
#12445 = CARTESIAN_POINT('',(15.,45.,-5.));
#12446 = SURFACE_CURVE('',#12447,(#12451,#12458),.PCURVE_S1.);
#12447 = LINE('',#12448,#12449);
#12448 = CARTESIAN_POINT('',(15.,-45.,-5.));
#12449 = VECTOR('',#12450,1.);
#12450 = DIRECTION('',(-0.,1.,0.));
#12451 = PCURVE('',#12424,#12452);
#12452 = DEFINITIONAL_REPRESENTATION('',(#12453),#12457);
#12453 = LINE('',#12454,#12455);
#12454 = CARTESIAN_POINT('',(0.,0.));
#12455 = VECTOR('',#12456,1.);
#12456 = DIRECTION('',(0.,-1.));
#12457 = ( GEOMETRIC_REPRESENTATION_CONTEXT(2) 
PARAMETRIC_REPRESENTATION_CONTEXT() REPRESENTATION_CONTEXT('2D SPACE',''
  ) );
#12458 = PCURVE('',#12344,#12459);
#12459 = DEFINITIONAL_REPRESENTATION('',(#12460),#12464);
#12460 = LINE('',#12461,#12462);
#12461 = CARTESIAN_POINT('',(30.,0.));
#12462 = VECTOR('',#12463,1.);
#12463 = DIRECTION('',(0.,1.));
#12464 = ( GEOMETRIC_REPRESENTATION_CONTEXT(2) 
PARAMETRIC_REPRESENTATION_CONTEXT() REPRESENTATION_CONTEXT('2D SPACE',''
  ) );
#12465 = ORIENTED_EDGE('',*,*,#12466,.T.);
#12466 = EDGE_CURVE('',#12444,#12467,#12469,.T.);
#12467 = VERTEX_POINT('',#12468);
#12468 = CARTESIAN_POINT('',(15.,45.,5.));
#12469 = SURFACE_CURVE('',#12470,(#12474,#12481),.PCURVE_S1.);
#12470 = LINE('',#12471,#12472);
#12471 = CARTESIAN_POINT('',(15.,45.,-5.));
#12472 = VECTOR('',#12473,1.);
#12473 = DIRECTION('',(0.,0.,1.));
#12474 = PCURVE('',#12424,#12475);
#12475 = DEFINITIONAL_REPRESENTATION('',(#12476),#12480);
#12476 = LINE('',#12477,#12478);
#12477 = CARTESIAN_POINT('',(0.,-90.));
#12478 = VECTOR('',#12479,1.);
#12479 = DIRECTION('',(1.,0.));
#12480 = ( GEOMETRIC_REPRESENTATION_CONTEXT(2) 
PARAMETRIC_REPRESENTATION_CONTEXT() REPRESENTATION_CONTEXT('2D SPACE',''
  ) );
#12481 = PCURVE('',#12372,#12482);
#12482 = DEFINITIONAL_REPRESENTATION('',(#12483),#12487);
#12483 = LINE('',#12484,#12485);
#12484 = CARTESIAN_POINT('',(0.,30.));
#12485 = VECTOR('',#12486,1.);
#12486 = DIRECTION('',(1.,0.));
#12487 = ( GEOMETRIC_REPRESENTATION_CONTEXT(2) 
PARAMETRIC_REPRESENTATION_CONTEXT() REPRESENTATION_CONTEXT('2D SPACE',''
  ) );
#12488 = ORIENTED_EDGE('',*,*,#12489,.F.);
#12489 = EDGE_CURVE('',#12416,#12467,#12490,.T.);
#12490 = SURFACE_CURVE('',#12491,(#12495,#12502),.PCURVE_S1.);
#12491 = LINE('',#12492,#12493);
#12492 = CARTESIAN_POINT('',(15.,-45.,5.));
#12493 = VECTOR('',#12494,1.);
#12494 = DIRECTION('',(-0.,1.,0.));
#12495 = PCURVE('',#12424,#12496);
#12496 = DEFINITIONAL_REPRESENTATION('',(#12497),#12501);
#12497 = LINE('',#12498,#12499);
#12498 = CARTESIAN_POINT('',(10.,0.));
#12499 = VECTOR('',#12500,1.);
#12500 = DIRECTION('',(0.,-1.));
#12501 = ( GEOMETRIC_REPRESENTATION_CONTEXT(2) 
PARAMETRIC_REPRESENTATION_CONTEXT() REPRESENTATION_CONTEXT('2D SPACE',''
  ) );
#12502 = PCURVE('',#12398,#12503);
#12503 = DEFINITIONAL_REPRESENTATION('',(#12504),#12508);
#12504 = LINE('',#12505,#12506);
#12505 = CARTESIAN_POINT('',(30.,0.));
#12506 = VECTOR('',#12507,1.);
#12507 = DIRECTION('',(0.,1.));
#12508 = ( GEOMETRIC_REPRESENTATION_CONTEXT(2) 
PARAMETRIC_REPRESENTATION_CONTEXT() REPRESENTATION_CONTEXT('2D SPACE',''
  ) );
#12509 = ADVANCED_FACE('',(#12510),#12316,.F.);
#12510 = FACE_BOUND('',#12511,.F.);
#12511 = EDGE_LOOP('',(#12512,#12533,#12534,#12555));
#12512 = ORIENTED_EDGE('',*,*,#12513,.F.);
#12513 = EDGE_CURVE('',#12294,#12414,#12514,.T.);
#12514 = SURFACE_CURVE('',#12515,(#12519,#12526),.PCURVE_S1.);
#12515 = LINE('',#12516,#12517);
#12516 = CARTESIAN_POINT('',(-15.,-45.,-5.));
#12517 = VECTOR('',#12518,1.);
#12518 = DIRECTION('',(1.,0.,-0.));
#12519 = PCURVE('',#12316,#12520);
#12520 = DEFINITIONAL_REPRESENTATION('',(#12521),#12525);
#12521 = LINE('',#12522,#12523);
#12522 = CARTESIAN_POINT('',(0.,0.));
#12523 = VECTOR('',#12524,1.);
#12524 = DIRECTION('',(0.,1.));
#12525 = ( GEOMETRIC_REPRESENTATION_CONTEXT(2) 
PARAMETRIC_REPRESENTATION_CONTEXT() REPRESENTATION_CONTEXT('2D SPACE',''
  ) );
#12526 = PCURVE('',#12344,#12527);
#12527 = DEFINITIONAL_REPRESENTATION('',(#12528),#12532);
#12528 = LINE('',#12529,#12530);
#12529 = CARTESIAN_POINT('',(0.,0.));
#12530 = VECTOR('',#12531,1.);
#12531 = DIRECTION('',(1.,0.));
#12532 = ( GEOMETRIC_REPRESENTATION_CONTEXT(2) 
PARAMETRIC_REPRESENTATION_CONTEXT() REPRESENTATION_CONTEXT('2D SPACE',''
  ) );
#12533 = ORIENTED_EDGE('',*,*,#12293,.T.);
#12534 = ORIENTED_EDGE('',*,*,#12535,.T.);
#12535 = EDGE_CURVE('',#12296,#12416,#12536,.T.);
#12536 = SURFACE_CURVE('',#12537,(#12541,#12548),.PCURVE_S1.);
#12537 = LINE('',#12538,#12539);
#12538 = CARTESIAN_POINT('',(-15.,-45.,5.));
#12539 = VECTOR('',#12540,1.);
#12540 = DIRECTION('',(1.,0.,-0.));
#12541 = PCURVE('',#12316,#12542);
#12542 = DEFINITIONAL_REPRESENTATION('',(#12543),#12547);
#12543 = LINE('',#12544,#12545);
#12544 = CARTESIAN_POINT('',(10.,0.));
#12545 = VECTOR('',#12546,1.);
#12546 = DIRECTION('',(0.,1.));
#12547 = ( GEOMETRIC_REPRESENTATION_CONTEXT(2) 
PARAMETRIC_REPRESENTATION_CONTEXT() REPRESENTATION_CONTEXT('2D SPACE',''
  ) );
#12548 = PCURVE('',#12398,#12549);
#12549 = DEFINITIONAL_REPRESENTATION('',(#12550),#12554);
#12550 = LINE('',#12551,#12552);
#12551 = CARTESIAN_POINT('',(0.,0.));
#12552 = VECTOR('',#12553,1.);
#12553 = DIRECTION('',(1.,0.));
#12554 = ( GEOMETRIC_REPRESENTATION_CONTEXT(2) 
PARAMETRIC_REPRESENTATION_CONTEXT() REPRESENTATION_CONTEXT('2D SPACE',''
  ) );
#12555 = ORIENTED_EDGE('',*,*,#12413,.F.);
#12556 = ADVANCED_FACE('',(#12557),#12372,.T.);
#12557 = FACE_BOUND('',#12558,.T.);
#12558 = EDGE_LOOP('',(#12559,#12580,#12581,#12602));
#12559 = ORIENTED_EDGE('',*,*,#12560,.F.);
#12560 = EDGE_CURVE('',#12329,#12444,#12561,.T.);
#12561 = SURFACE_CURVE('',#12562,(#12566,#12573),.PCURVE_S1.);
#12562 = LINE('',#12563,#12564);
#12563 = CARTESIAN_POINT('',(-15.,45.,-5.));
#12564 = VECTOR('',#12565,1.);
#12565 = DIRECTION('',(1.,0.,-0.));
#12566 = PCURVE('',#12372,#12567);
#12567 = DEFINITIONAL_REPRESENTATION('',(#12568),#12572);
#12568 = LINE('',#12569,#12570);
#12569 = CARTESIAN_POINT('',(0.,0.));
#12570 = VECTOR('',#12571,1.);
#12571 = DIRECTION('',(0.,1.));
#12572 = ( GEOMETRIC_REPRESENTATION_CONTEXT(2) 
PARAMETRIC_REPRESENTATION_CONTEXT() REPRESENTATION_CONTEXT('2D SPACE',''
  ) );
#12573 = PCURVE('',#12344,#12574);
#12574 = DEFINITIONAL_REPRESENTATION('',(#12575),#12579);
#12575 = LINE('',#12576,#12577);
#12576 = CARTESIAN_POINT('',(0.,90.));
#12577 = VECTOR('',#12578,1.);
#12578 = DIRECTION('',(1.,0.));
#12579 = ( GEOMETRIC_REPRESENTATION_CONTEXT(2) 
PARAMETRIC_REPRESENTATION_CONTEXT() REPRESENTATION_CONTEXT('2D SPACE',''
  ) );
#12580 = ORIENTED_EDGE('',*,*,#12356,.T.);
#12581 = ORIENTED_EDGE('',*,*,#12582,.T.);
#12582 = EDGE_CURVE('',#12357,#12467,#12583,.T.);
#12583 = SURFACE_CURVE('',#12584,(#12588,#12595),.PCURVE_S1.);
#12584 = LINE('',#12585,#12586);
#12585 = CARTESIAN_POINT('',(-15.,45.,5.));
#12586 = VECTOR('',#12587,1.);
#12587 = DIRECTION('',(1.,0.,-0.));
#12588 = PCURVE('',#12372,#12589);
#12589 = DEFINITIONAL_REPRESENTATION('',(#12590),#12594);
#12590 = LINE('',#12591,#12592);
#12591 = CARTESIAN_POINT('',(10.,0.));
#12592 = VECTOR('',#12593,1.);
#12593 = DIRECTION('',(0.,1.));
#12594 = ( GEOMETRIC_REPRESENTATION_CONTEXT(2) 
PARAMETRIC_REPRESENTATION_CONTEXT() REPRESENTATION_CONTEXT('2D SPACE',''
  ) );
#12595 = PCURVE('',#12398,#12596);
#12596 = DEFINITIONAL_REPRESENTATION('',(#12597),#12601);
#12597 = LINE('',#12598,#12599);
#12598 = CARTESIAN_POINT('',(0.,90.));
#12599 = VECTOR('',#12600,1.);
#12600 = DIRECTION('',(1.,0.));
#12601 = ( GEOMETRIC_REPRESENTATION_CONTEXT(2) 
PARAMETRIC_REPRESENTATION_CONTEXT() REPRESENTATION_CONTEXT('2D SPACE',''
  ) );
#12602 = ORIENTED_EDGE('',*,*,#12466,.F.);
#12603 = ADVANCED_FACE('',(#12604),#12344,.F.);
#12604 = FACE_BOUND('',#12605,.F.);
#12605 = EDGE_LOOP('',(#12606,#12607,#12608,#12609));
#12606 = ORIENTED_EDGE('',*,*,#12328,.F.);
#12607 = ORIENTED_EDGE('',*,*,#12513,.T.);
#12608 = ORIENTED_EDGE('',*,*,#12443,.T.);
#12609 = ORIENTED_EDGE('',*,*,#12560,.F.);
#12610 = ADVANCED_FACE('',(#12611),#12398,.T.);
#12611 = FACE_BOUND('',#12612,.T.);
#12612 = EDGE_LOOP('',(#12613,#12614,#12615,#12616));
#12613 = ORIENTED_EDGE('',*,*,#12384,.F.);
#12614 = ORIENTED_EDGE('',*,*,#12535,.T.);
#12615 = ORIENTED_EDGE('',*,*,#12489,.T.);
#12616 = ORIENTED_EDGE('',*,*,#12582,.F.);
#12617 = ( GEOMETRIC_REPRESENTATION_CONTEXT(3) 
GLOBAL_UNCERTAINTY_ASSIGNED_CONTEXT((#12621)) 
GLOBAL_UNIT_ASSIGNED_CONTEXT((#12618,#12619,#12620)) 
REPRESENTATION_CONTEXT('Context #1',
  '3D Context with UNIT and UNCERTAINTY') );
#12618 = ( LENGTH_UNIT() NAMED_UNIT(*) SI_UNIT(.MILLI.,.METRE.) );
#12619 = ( NAMED_UNIT(*) PLANE_ANGLE_UNIT() SI_UNIT($,.RADIAN.) );
#12620 = ( NAMED_UNIT(*) SI_UNIT($,.STERADIAN.) SOLID_ANGLE_UNIT() );
#12621 = UNCERTAINTY_MEASURE_WITH_UNIT(LENGTH_MEASURE(1.E-07),#12618,
  'distance_accuracy_value','confusion accuracy');
#12622 = CONTEXT_DEPENDENT_SHAPE_REPRESENTATION(#12623,#12625);
#12623 = ( REPRESENTATION_RELATIONSHIP('','',#12286,#12255) 
REPRESENTATION_RELATIONSHIP_WITH_TRANSFORMATION(#12624) 
SHAPE_REPRESENTATION_RELATIONSHIP() );
#12624 = ITEM_DEFINED_TRANSFORMATION('','',#11,#12256);
#12625 = PRODUCT_DEFINITION_SHAPE('Placement','Placement of an item',
  #12626);
#12626 = NEXT_ASSEMBLY_USAGE_OCCURRENCE('95','=>[0:1:1:98]','',#12250,
  #12281,$);
#12627 = PRODUCT_RELATED_PRODUCT_CATEGORY('part',$,(#12283));
#12628 = SHAPE_DEFINITION_REPRESENTATION(#12629,#12635);
#12629 = PRODUCT_DEFINITION_SHAPE('','',#12630);
#12630 = PRODUCT_DEFINITION('design','',#12631,#12634);
#12631 = PRODUCT_DEFINITION_FORMATION('','',#12632);
#12632 = PRODUCT('COMPOUND','COMPOUND','',(#12633));
#12633 = PRODUCT_CONTEXT('',#2,'mechanical');
#12634 = PRODUCT_DEFINITION_CONTEXT('part definition',#2,'design');
#12635 = ADVANCED_BREP_SHAPE_REPRESENTATION('',(#11,#12636),#12966);
#12636 = MANIFOLD_SOLID_BREP('',#12637);
#12637 = CLOSED_SHELL('',(#12638,#12758,#12858,#12905,#12952,#12959));
#12638 = ADVANCED_FACE('',(#12639),#12653,.F.);
#12639 = FACE_BOUND('',#12640,.F.);
#12640 = EDGE_LOOP('',(#12641,#12676,#12704,#12732));
#12641 = ORIENTED_EDGE('',*,*,#12642,.F.);
#12642 = EDGE_CURVE('',#12643,#12645,#12647,.T.);
#12643 = VERTEX_POINT('',#12644);
#12644 = CARTESIAN_POINT('',(-11.,-4.,-32.));
#12645 = VERTEX_POINT('',#12646);
#12646 = CARTESIAN_POINT('',(-11.,-4.,32.));
#12647 = SURFACE_CURVE('',#12648,(#12652,#12664),.PCURVE_S1.);
#12648 = LINE('',#12649,#12650);
#12649 = CARTESIAN_POINT('',(-11.,-4.,-32.));
#12650 = VECTOR('',#12651,1.);
#12651 = DIRECTION('',(0.,0.,1.));
#12652 = PCURVE('',#12653,#12658);
#12653 = PLANE('',#12654);
#12654 = AXIS2_PLACEMENT_3D('',#12655,#12656,#12657);
#12655 = CARTESIAN_POINT('',(-11.,-4.,-32.));
#12656 = DIRECTION('',(1.,0.,-0.));
#12657 = DIRECTION('',(0.,0.,1.));
#12658 = DEFINITIONAL_REPRESENTATION('',(#12659),#12663);
#12659 = LINE('',#12660,#12661);
#12660 = CARTESIAN_POINT('',(0.,0.));
#12661 = VECTOR('',#12662,1.);
#12662 = DIRECTION('',(1.,0.));
#12663 = ( GEOMETRIC_REPRESENTATION_CONTEXT(2) 
PARAMETRIC_REPRESENTATION_CONTEXT() REPRESENTATION_CONTEXT('2D SPACE',''
  ) );
#12664 = PCURVE('',#12665,#12670);
#12665 = PLANE('',#12666);
#12666 = AXIS2_PLACEMENT_3D('',#12667,#12668,#12669);
#12667 = CARTESIAN_POINT('',(-11.,-4.,-32.));
#12668 = DIRECTION('',(-0.,1.,0.));
#12669 = DIRECTION('',(0.,0.,1.));
#12670 = DEFINITIONAL_REPRESENTATION('',(#12671),#12675);
#12671 = LINE('',#12672,#12673);
#12672 = CARTESIAN_POINT('',(0.,0.));
#12673 = VECTOR('',#12674,1.);
#12674 = DIRECTION('',(1.,0.));
#12675 = ( GEOMETRIC_REPRESENTATION_CONTEXT(2) 
PARAMETRIC_REPRESENTATION_CONTEXT() REPRESENTATION_CONTEXT('2D SPACE',''
  ) );
#12676 = ORIENTED_EDGE('',*,*,#12677,.T.);
#12677 = EDGE_CURVE('',#12643,#12678,#12680,.T.);
#12678 = VERTEX_POINT('',#12679);
#12679 = CARTESIAN_POINT('',(-11.,4.,-32.));
#12680 = SURFACE_CURVE('',#12681,(#12685,#12692),.PCURVE_S1.);
#12681 = LINE('',#12682,#12683);
#12682 = CARTESIAN_POINT('',(-11.,-4.,-32.));
#12683 = VECTOR('',#12684,1.);
#12684 = DIRECTION('',(-0.,1.,0.));
#12685 = PCURVE('',#12653,#12686);
#12686 = DEFINITIONAL_REPRESENTATION('',(#12687),#12691);
#12687 = LINE('',#12688,#12689);
#12688 = CARTESIAN_POINT('',(0.,0.));
#12689 = VECTOR('',#12690,1.);
#12690 = DIRECTION('',(0.,-1.));
#12691 = ( GEOMETRIC_REPRESENTATION_CONTEXT(2) 
PARAMETRIC_REPRESENTATION_CONTEXT() REPRESENTATION_CONTEXT('2D SPACE',''
  ) );
#12692 = PCURVE('',#12693,#12698);
#12693 = PLANE('',#12694);
#12694 = AXIS2_PLACEMENT_3D('',#12695,#12696,#12697);
#12695 = CARTESIAN_POINT('',(-11.,-4.,-32.));
#12696 = DIRECTION('',(0.,0.,1.));
#12697 = DIRECTION('',(1.,0.,-0.));
#12698 = DEFINITIONAL_REPRESENTATION('',(#12699),#12703);
#12699 = LINE('',#12700,#12701);
#12700 = CARTESIAN_POINT('',(0.,0.));
#12701 = VECTOR('',#12702,1.);
#12702 = DIRECTION('',(0.,1.));
#12703 = ( GEOMETRIC_REPRESENTATION_CONTEXT(2) 
PARAMETRIC_REPRESENTATION_CONTEXT() REPRESENTATION_CONTEXT('2D SPACE',''
  ) );
#12704 = ORIENTED_EDGE('',*,*,#12705,.T.);
#12705 = EDGE_CURVE('',#12678,#12706,#12708,.T.);
#12706 = VERTEX_POINT('',#12707);
#12707 = CARTESIAN_POINT('',(-11.,4.,32.));
#12708 = SURFACE_CURVE('',#12709,(#12713,#12720),.PCURVE_S1.);
#12709 = LINE('',#12710,#12711);
#12710 = CARTESIAN_POINT('',(-11.,4.,-32.));
#12711 = VECTOR('',#12712,1.);
#12712 = DIRECTION('',(0.,0.,1.));
#12713 = PCURVE('',#12653,#12714);
#12714 = DEFINITIONAL_REPRESENTATION('',(#12715),#12719);
#12715 = LINE('',#12716,#12717);
#12716 = CARTESIAN_POINT('',(0.,-8.));
#12717 = VECTOR('',#12718,1.);
#12718 = DIRECTION('',(1.,0.));
#12719 = ( GEOMETRIC_REPRESENTATION_CONTEXT(2) 
PARAMETRIC_REPRESENTATION_CONTEXT() REPRESENTATION_CONTEXT('2D SPACE',''
  ) );
#12720 = PCURVE('',#12721,#12726);
#12721 = PLANE('',#12722);
#12722 = AXIS2_PLACEMENT_3D('',#12723,#12724,#12725);
#12723 = CARTESIAN_POINT('',(-11.,4.,-32.));
#12724 = DIRECTION('',(-0.,1.,0.));
#12725 = DIRECTION('',(0.,0.,1.));
#12726 = DEFINITIONAL_REPRESENTATION('',(#12727),#12731);
#12727 = LINE('',#12728,#12729);
#12728 = CARTESIAN_POINT('',(0.,0.));
#12729 = VECTOR('',#12730,1.);
#12730 = DIRECTION('',(1.,0.));
#12731 = ( GEOMETRIC_REPRESENTATION_CONTEXT(2) 
PARAMETRIC_REPRESENTATION_CONTEXT() REPRESENTATION_CONTEXT('2D SPACE',''
  ) );
#12732 = ORIENTED_EDGE('',*,*,#12733,.F.);
#12733 = EDGE_CURVE('',#12645,#12706,#12734,.T.);
#12734 = SURFACE_CURVE('',#12735,(#12739,#12746),.PCURVE_S1.);
#12735 = LINE('',#12736,#12737);
#12736 = CARTESIAN_POINT('',(-11.,-4.,32.));
#12737 = VECTOR('',#12738,1.);
#12738 = DIRECTION('',(-0.,1.,0.));
#12739 = PCURVE('',#12653,#12740);
#12740 = DEFINITIONAL_REPRESENTATION('',(#12741),#12745);
#12741 = LINE('',#12742,#12743);
#12742 = CARTESIAN_POINT('',(64.,0.));
#12743 = VECTOR('',#12744,1.);
#12744 = DIRECTION('',(0.,-1.));
#12745 = ( GEOMETRIC_REPRESENTATION_CONTEXT(2) 
PARAMETRIC_REPRESENTATION_CONTEXT() REPRESENTATION_CONTEXT('2D SPACE',''
  ) );
#12746 = PCURVE('',#12747,#12752);
#12747 = PLANE('',#12748);
#12748 = AXIS2_PLACEMENT_3D('',#12749,#12750,#12751);
#12749 = CARTESIAN_POINT('',(-11.,-4.,32.));
#12750 = DIRECTION('',(0.,0.,1.));
#12751 = DIRECTION('',(1.,0.,-0.));
#12752 = DEFINITIONAL_REPRESENTATION('',(#12753),#12757);
#12753 = LINE('',#12754,#12755);
#12754 = CARTESIAN_POINT('',(0.,0.));
#12755 = VECTOR('',#12756,1.);
#12756 = DIRECTION('',(0.,1.));
#12757 = ( GEOMETRIC_REPRESENTATION_CONTEXT(2) 
PARAMETRIC_REPRESENTATION_CONTEXT() REPRESENTATION_CONTEXT('2D SPACE',''
  ) );
#12758 = ADVANCED_FACE('',(#12759),#12773,.T.);
#12759 = FACE_BOUND('',#12760,.T.);
#12760 = EDGE_LOOP('',(#12761,#12791,#12814,#12837));
#12761 = ORIENTED_EDGE('',*,*,#12762,.F.);
#12762 = EDGE_CURVE('',#12763,#12765,#12767,.T.);
#12763 = VERTEX_POINT('',#12764);
#12764 = CARTESIAN_POINT('',(11.,-4.,-32.));
#12765 = VERTEX_POINT('',#12766);
#12766 = CARTESIAN_POINT('',(11.,-4.,32.));
#12767 = SURFACE_CURVE('',#12768,(#12772,#12784),.PCURVE_S1.);
#12768 = LINE('',#12769,#12770);
#12769 = CARTESIAN_POINT('',(11.,-4.,-32.));
#12770 = VECTOR('',#12771,1.);
#12771 = DIRECTION('',(0.,0.,1.));
#12772 = PCURVE('',#12773,#12778);
#12773 = PLANE('',#12774);
#12774 = AXIS2_PLACEMENT_3D('',#12775,#12776,#12777);
#12775 = CARTESIAN_POINT('',(11.,-4.,-32.));
#12776 = DIRECTION('',(1.,0.,-0.));
#12777 = DIRECTION('',(0.,0.,1.));
#12778 = DEFINITIONAL_REPRESENTATION('',(#12779),#12783);
#12779 = LINE('',#12780,#12781);
#12780 = CARTESIAN_POINT('',(0.,0.));
#12781 = VECTOR('',#12782,1.);
#12782 = DIRECTION('',(1.,0.));
#12783 = ( GEOMETRIC_REPRESENTATION_CONTEXT(2) 
PARAMETRIC_REPRESENTATION_CONTEXT() REPRESENTATION_CONTEXT('2D SPACE',''
  ) );
#12784 = PCURVE('',#12665,#12785);
#12785 = DEFINITIONAL_REPRESENTATION('',(#12786),#12790);
#12786 = LINE('',#12787,#12788);
#12787 = CARTESIAN_POINT('',(0.,22.));
#12788 = VECTOR('',#12789,1.);
#12789 = DIRECTION('',(1.,0.));
#12790 = ( GEOMETRIC_REPRESENTATION_CONTEXT(2) 
PARAMETRIC_REPRESENTATION_CONTEXT() REPRESENTATION_CONTEXT('2D SPACE',''
  ) );
#12791 = ORIENTED_EDGE('',*,*,#12792,.T.);
#12792 = EDGE_CURVE('',#12763,#12793,#12795,.T.);
#12793 = VERTEX_POINT('',#12794);
#12794 = CARTESIAN_POINT('',(11.,4.,-32.));
#12795 = SURFACE_CURVE('',#12796,(#12800,#12807),.PCURVE_S1.);
#12796 = LINE('',#12797,#12798);
#12797 = CARTESIAN_POINT('',(11.,-4.,-32.));
#12798 = VECTOR('',#12799,1.);
#12799 = DIRECTION('',(-0.,1.,0.));
#12800 = PCURVE('',#12773,#12801);
#12801 = DEFINITIONAL_REPRESENTATION('',(#12802),#12806);
#12802 = LINE('',#12803,#12804);
#12803 = CARTESIAN_POINT('',(0.,0.));
#12804 = VECTOR('',#12805,1.);
#12805 = DIRECTION('',(0.,-1.));
#12806 = ( GEOMETRIC_REPRESENTATION_CONTEXT(2) 
PARAMETRIC_REPRESENTATION_CONTEXT() REPRESENTATION_CONTEXT('2D SPACE',''
  ) );
#12807 = PCURVE('',#12693,#12808);
#12808 = DEFINITIONAL_REPRESENTATION('',(#12809),#12813);
#12809 = LINE('',#12810,#12811);
#12810 = CARTESIAN_POINT('',(22.,0.));
#12811 = VECTOR('',#12812,1.);
#12812 = DIRECTION('',(0.,1.));
#12813 = ( GEOMETRIC_REPRESENTATION_CONTEXT(2) 
PARAMETRIC_REPRESENTATION_CONTEXT() REPRESENTATION_CONTEXT('2D SPACE',''
  ) );
#12814 = ORIENTED_EDGE('',*,*,#12815,.T.);
#12815 = EDGE_CURVE('',#12793,#12816,#12818,.T.);
#12816 = VERTEX_POINT('',#12817);
#12817 = CARTESIAN_POINT('',(11.,4.,32.));
#12818 = SURFACE_CURVE('',#12819,(#12823,#12830),.PCURVE_S1.);
#12819 = LINE('',#12820,#12821);
#12820 = CARTESIAN_POINT('',(11.,4.,-32.));
#12821 = VECTOR('',#12822,1.);
#12822 = DIRECTION('',(0.,0.,1.));
#12823 = PCURVE('',#12773,#12824);
#12824 = DEFINITIONAL_REPRESENTATION('',(#12825),#12829);
#12825 = LINE('',#12826,#12827);
#12826 = CARTESIAN_POINT('',(0.,-8.));
#12827 = VECTOR('',#12828,1.);
#12828 = DIRECTION('',(1.,0.));
#12829 = ( GEOMETRIC_REPRESENTATION_CONTEXT(2) 
PARAMETRIC_REPRESENTATION_CONTEXT() REPRESENTATION_CONTEXT('2D SPACE',''
  ) );
#12830 = PCURVE('',#12721,#12831);
#12831 = DEFINITIONAL_REPRESENTATION('',(#12832),#12836);
#12832 = LINE('',#12833,#12834);
#12833 = CARTESIAN_POINT('',(0.,22.));
#12834 = VECTOR('',#12835,1.);
#12835 = DIRECTION('',(1.,0.));
#12836 = ( GEOMETRIC_REPRESENTATION_CONTEXT(2) 
PARAMETRIC_REPRESENTATION_CONTEXT() REPRESENTATION_CONTEXT('2D SPACE',''
  ) );
#12837 = ORIENTED_EDGE('',*,*,#12838,.F.);
#12838 = EDGE_CURVE('',#12765,#12816,#12839,.T.);
#12839 = SURFACE_CURVE('',#12840,(#12844,#12851),.PCURVE_S1.);
#12840 = LINE('',#12841,#12842);
#12841 = CARTESIAN_POINT('',(11.,-4.,32.));
#12842 = VECTOR('',#12843,1.);
#12843 = DIRECTION('',(-0.,1.,0.));
#12844 = PCURVE('',#12773,#12845);
#12845 = DEFINITIONAL_REPRESENTATION('',(#12846),#12850);
#12846 = LINE('',#12847,#12848);
#12847 = CARTESIAN_POINT('',(64.,0.));
#12848 = VECTOR('',#12849,1.);
#12849 = DIRECTION('',(0.,-1.));
#12850 = ( GEOMETRIC_REPRESENTATION_CONTEXT(2) 
PARAMETRIC_REPRESENTATION_CONTEXT() REPRESENTATION_CONTEXT('2D SPACE',''
  ) );
#12851 = PCURVE('',#12747,#12852);
#12852 = DEFINITIONAL_REPRESENTATION('',(#12853),#12857);
#12853 = LINE('',#12854,#12855);
#12854 = CARTESIAN_POINT('',(22.,0.));
#12855 = VECTOR('',#12856,1.);
#12856 = DIRECTION('',(0.,1.));
#12857 = ( GEOMETRIC_REPRESENTATION_CONTEXT(2) 
PARAMETRIC_REPRESENTATION_CONTEXT() REPRESENTATION_CONTEXT('2D SPACE',''
  ) );
#12858 = ADVANCED_FACE('',(#12859),#12665,.F.);
#12859 = FACE_BOUND('',#12860,.F.);
#12860 = EDGE_LOOP('',(#12861,#12882,#12883,#12904));
#12861 = ORIENTED_EDGE('',*,*,#12862,.F.);
#12862 = EDGE_CURVE('',#12643,#12763,#12863,.T.);
#12863 = SURFACE_CURVE('',#12864,(#12868,#12875),.PCURVE_S1.);
#12864 = LINE('',#12865,#12866);
#12865 = CARTESIAN_POINT('',(-11.,-4.,-32.));
#12866 = VECTOR('',#12867,1.);
#12867 = DIRECTION('',(1.,0.,-0.));
#12868 = PCURVE('',#12665,#12869);
#12869 = DEFINITIONAL_REPRESENTATION('',(#12870),#12874);
#12870 = LINE('',#12871,#12872);
#12871 = CARTESIAN_POINT('',(0.,0.));
#12872 = VECTOR('',#12873,1.);
#12873 = DIRECTION('',(0.,1.));
#12874 = ( GEOMETRIC_REPRESENTATION_CONTEXT(2) 
PARAMETRIC_REPRESENTATION_CONTEXT() REPRESENTATION_CONTEXT('2D SPACE',''
  ) );
#12875 = PCURVE('',#12693,#12876);
#12876 = DEFINITIONAL_REPRESENTATION('',(#12877),#12881);
#12877 = LINE('',#12878,#12879);
#12878 = CARTESIAN_POINT('',(0.,0.));
#12879 = VECTOR('',#12880,1.);
#12880 = DIRECTION('',(1.,0.));
#12881 = ( GEOMETRIC_REPRESENTATION_CONTEXT(2) 
PARAMETRIC_REPRESENTATION_CONTEXT() REPRESENTATION_CONTEXT('2D SPACE',''
  ) );
#12882 = ORIENTED_EDGE('',*,*,#12642,.T.);
#12883 = ORIENTED_EDGE('',*,*,#12884,.T.);
#12884 = EDGE_CURVE('',#12645,#12765,#12885,.T.);
#12885 = SURFACE_CURVE('',#12886,(#12890,#12897),.PCURVE_S1.);
#12886 = LINE('',#12887,#12888);
#12887 = CARTESIAN_POINT('',(-11.,-4.,32.));
#12888 = VECTOR('',#12889,1.);
#12889 = DIRECTION('',(1.,0.,-0.));
#12890 = PCURVE('',#12665,#12891);
#12891 = DEFINITIONAL_REPRESENTATION('',(#12892),#12896);
#12892 = LINE('',#12893,#12894);
#12893 = CARTESIAN_POINT('',(64.,0.));
#12894 = VECTOR('',#12895,1.);
#12895 = DIRECTION('',(0.,1.));
#12896 = ( GEOMETRIC_REPRESENTATION_CONTEXT(2) 
PARAMETRIC_REPRESENTATION_CONTEXT() REPRESENTATION_CONTEXT('2D SPACE',''
  ) );
#12897 = PCURVE('',#12747,#12898);
#12898 = DEFINITIONAL_REPRESENTATION('',(#12899),#12903);
#12899 = LINE('',#12900,#12901);
#12900 = CARTESIAN_POINT('',(0.,0.));
#12901 = VECTOR('',#12902,1.);
#12902 = DIRECTION('',(1.,0.));
#12903 = ( GEOMETRIC_REPRESENTATION_CONTEXT(2) 
PARAMETRIC_REPRESENTATION_CONTEXT() REPRESENTATION_CONTEXT('2D SPACE',''
  ) );
#12904 = ORIENTED_EDGE('',*,*,#12762,.F.);
#12905 = ADVANCED_FACE('',(#12906),#12721,.T.);
#12906 = FACE_BOUND('',#12907,.T.);
#12907 = EDGE_LOOP('',(#12908,#12929,#12930,#12951));
#12908 = ORIENTED_EDGE('',*,*,#12909,.F.);
#12909 = EDGE_CURVE('',#12678,#12793,#12910,.T.);
#12910 = SURFACE_CURVE('',#12911,(#12915,#12922),.PCURVE_S1.);
#12911 = LINE('',#12912,#12913);
#12912 = CARTESIAN_POINT('',(-11.,4.,-32.));
#12913 = VECTOR('',#12914,1.);
#12914 = DIRECTION('',(1.,0.,-0.));
#12915 = PCURVE('',#12721,#12916);
#12916 = DEFINITIONAL_REPRESENTATION('',(#12917),#12921);
#12917 = LINE('',#12918,#12919);
#12918 = CARTESIAN_POINT('',(0.,0.));
#12919 = VECTOR('',#12920,1.);
#12920 = DIRECTION('',(0.,1.));
#12921 = ( GEOMETRIC_REPRESENTATION_CONTEXT(2) 
PARAMETRIC_REPRESENTATION_CONTEXT() REPRESENTATION_CONTEXT('2D SPACE',''
  ) );
#12922 = PCURVE('',#12693,#12923);
#12923 = DEFINITIONAL_REPRESENTATION('',(#12924),#12928);
#12924 = LINE('',#12925,#12926);
#12925 = CARTESIAN_POINT('',(0.,8.));
#12926 = VECTOR('',#12927,1.);
#12927 = DIRECTION('',(1.,0.));
#12928 = ( GEOMETRIC_REPRESENTATION_CONTEXT(2) 
PARAMETRIC_REPRESENTATION_CONTEXT() REPRESENTATION_CONTEXT('2D SPACE',''
  ) );
#12929 = ORIENTED_EDGE('',*,*,#12705,.T.);
#12930 = ORIENTED_EDGE('',*,*,#12931,.T.);
#12931 = EDGE_CURVE('',#12706,#12816,#12932,.T.);
#12932 = SURFACE_CURVE('',#12933,(#12937,#12944),.PCURVE_S1.);
#12933 = LINE('',#12934,#12935);
#12934 = CARTESIAN_POINT('',(-11.,4.,32.));
#12935 = VECTOR('',#12936,1.);
#12936 = DIRECTION('',(1.,0.,-0.));
#12937 = PCURVE('',#12721,#12938);
#12938 = DEFINITIONAL_REPRESENTATION('',(#12939),#12943);
#12939 = LINE('',#12940,#12941);
#12940 = CARTESIAN_POINT('',(64.,0.));
#12941 = VECTOR('',#12942,1.);
#12942 = DIRECTION('',(0.,1.));
#12943 = ( GEOMETRIC_REPRESENTATION_CONTEXT(2) 
PARAMETRIC_REPRESENTATION_CONTEXT() REPRESENTATION_CONTEXT('2D SPACE',''
  ) );
#12944 = PCURVE('',#12747,#12945);
#12945 = DEFINITIONAL_REPRESENTATION('',(#12946),#12950);
#12946 = LINE('',#12947,#12948);
#12947 = CARTESIAN_POINT('',(0.,8.));
#12948 = VECTOR('',#12949,1.);
#12949 = DIRECTION('',(1.,0.));
#12950 = ( GEOMETRIC_REPRESENTATION_CONTEXT(2) 
PARAMETRIC_REPRESENTATION_CONTEXT() REPRESENTATION_CONTEXT('2D SPACE',''
  ) );
#12951 = ORIENTED_EDGE('',*,*,#12815,.F.);
#12952 = ADVANCED_FACE('',(#12953),#12693,.F.);
#12953 = FACE_BOUND('',#12954,.F.);
#12954 = EDGE_LOOP('',(#12955,#12956,#12957,#12958));
#12955 = ORIENTED_EDGE('',*,*,#12677,.F.);
#12956 = ORIENTED_EDGE('',*,*,#12862,.T.);
#12957 = ORIENTED_EDGE('',*,*,#12792,.T.);
#12958 = ORIENTED_EDGE('',*,*,#12909,.F.);
#12959 = ADVANCED_FACE('',(#12960),#12747,.T.);
#12960 = FACE_BOUND('',#12961,.T.);
#12961 = EDGE_LOOP('',(#12962,#12963,#12964,#12965));
#12962 = ORIENTED_EDGE('',*,*,#12733,.F.);
#12963 = ORIENTED_EDGE('',*,*,#12884,.T.);
#12964 = ORIENTED_EDGE('',*,*,#12838,.T.);
#12965 = ORIENTED_EDGE('',*,*,#12931,.F.);
#12966 = ( GEOMETRIC_REPRESENTATION_CONTEXT(3) 
GLOBAL_UNCERTAINTY_ASSIGNED_CONTEXT((#12970)) 
GLOBAL_UNIT_ASSIGNED_CONTEXT((#12967,#12968,#12969)) 
REPRESENTATION_CONTEXT('Context #1',
  '3D Context with UNIT and UNCERTAINTY') );
#12967 = ( LENGTH_UNIT() NAMED_UNIT(*) SI_UNIT(.MILLI.,.METRE.) );
#12968 = ( NAMED_UNIT(*) PLANE_ANGLE_UNIT() SI_UNIT($,.RADIAN.) );
#12969 = ( NAMED_UNIT(*) SI_UNIT($,.STERADIAN.) SOLID_ANGLE_UNIT() );
#12970 = UNCERTAINTY_MEASURE_WITH_UNIT(LENGTH_MEASURE(1.E-07),#12967,
  'distance_accuracy_value','confusion accuracy');
#12971 = CONTEXT_DEPENDENT_SHAPE_REPRESENTATION(#12972,#12974);
#12972 = ( REPRESENTATION_RELATIONSHIP('','',#12635,#12255) 
REPRESENTATION_RELATIONSHIP_WITH_TRANSFORMATION(#12973) 
SHAPE_REPRESENTATION_RELATIONSHIP() );
#12973 = ITEM_DEFINED_TRANSFORMATION('','',#11,#12260);
#12974 = PRODUCT_DEFINITION_SHAPE('Placement','Placement of an item',
  #12975);
#12975 = NEXT_ASSEMBLY_USAGE_OCCURRENCE('96','=>[0:1:1:99]','',#12250,
  #12630,$);
#12976 = PRODUCT_RELATED_PRODUCT_CATEGORY('part',$,(#12632));
#12977 = SHAPE_DEFINITION_REPRESENTATION(#12978,#12984);
#12978 = PRODUCT_DEFINITION_SHAPE('','',#12979);
#12979 = PRODUCT_DEFINITION('design','',#12980,#12983);
#12980 = PRODUCT_DEFINITION_FORMATION('','',#12981);
#12981 = PRODUCT('COMPOUND','COMPOUND','',(#12982));
#12982 = PRODUCT_CONTEXT('',#2,'mechanical');
#12983 = PRODUCT_DEFINITION_CONTEXT('part definition',#2,'design');
#12984 = ADVANCED_BREP_SHAPE_REPRESENTATION('',(#11,#12985),#13315);
#12985 = MANIFOLD_SOLID_BREP('',#12986);
#12986 = CLOSED_SHELL('',(#12987,#13107,#13207,#13254,#13301,#13308));
#12987 = ADVANCED_FACE('',(#12988),#13002,.F.);
#12988 = FACE_BOUND('',#12989,.F.);
#12989 = EDGE_LOOP('',(#12990,#13025,#13053,#13081));
#12990 = ORIENTED_EDGE('',*,*,#12991,.F.);
#12991 = EDGE_CURVE('',#12992,#12994,#12996,.T.);
#12992 = VERTEX_POINT('',#12993);
#12993 = CARTESIAN_POINT('',(-11.,-4.,-32.));
#12994 = VERTEX_POINT('',#12995);
#12995 = CARTESIAN_POINT('',(-11.,-4.,32.));
#12996 = SURFACE_CURVE('',#12997,(#13001,#13013),.PCURVE_S1.);
#12997 = LINE('',#12998,#12999);
#12998 = CARTESIAN_POINT('',(-11.,-4.,-32.));
#12999 = VECTOR('',#13000,1.);
#13000 = DIRECTION('',(0.,0.,1.));
#13001 = PCURVE('',#13002,#13007);
#13002 = PLANE('',#13003);
#13003 = AXIS2_PLACEMENT_3D('',#13004,#13005,#13006);
#13004 = CARTESIAN_POINT('',(-11.,-4.,-32.));
#13005 = DIRECTION('',(1.,0.,-0.));
#13006 = DIRECTION('',(0.,0.,1.));
#13007 = DEFINITIONAL_REPRESENTATION('',(#13008),#13012);
#13008 = LINE('',#13009,#13010);
#13009 = CARTESIAN_POINT('',(0.,0.));
#13010 = VECTOR('',#13011,1.);
#13011 = DIRECTION('',(1.,0.));
#13012 = ( GEOMETRIC_REPRESENTATION_CONTEXT(2) 
PARAMETRIC_REPRESENTATION_CONTEXT() REPRESENTATION_CONTEXT('2D SPACE',''
  ) );
#13013 = PCURVE('',#13014,#13019);
#13014 = PLANE('',#13015);
#13015 = AXIS2_PLACEMENT_3D('',#13016,#13017,#13018);
#13016 = CARTESIAN_POINT('',(-11.,-4.,-32.));
#13017 = DIRECTION('',(-0.,1.,0.));
#13018 = DIRECTION('',(0.,0.,1.));
#13019 = DEFINITIONAL_REPRESENTATION('',(#13020),#13024);
#13020 = LINE('',#13021,#13022);
#13021 = CARTESIAN_POINT('',(0.,0.));
#13022 = VECTOR('',#13023,1.);
#13023 = DIRECTION('',(1.,0.));
#13024 = ( GEOMETRIC_REPRESENTATION_CONTEXT(2) 
PARAMETRIC_REPRESENTATION_CONTEXT() REPRESENTATION_CONTEXT('2D SPACE',''
  ) );
#13025 = ORIENTED_EDGE('',*,*,#13026,.T.);
#13026 = EDGE_CURVE('',#12992,#13027,#13029,.T.);
#13027 = VERTEX_POINT('',#13028);
#13028 = CARTESIAN_POINT('',(-11.,4.,-32.));
#13029 = SURFACE_CURVE('',#13030,(#13034,#13041),.PCURVE_S1.);
#13030 = LINE('',#13031,#13032);
#13031 = CARTESIAN_POINT('',(-11.,-4.,-32.));
#13032 = VECTOR('',#13033,1.);
#13033 = DIRECTION('',(-0.,1.,0.));
#13034 = PCURVE('',#13002,#13035);
#13035 = DEFINITIONAL_REPRESENTATION('',(#13036),#13040);
#13036 = LINE('',#13037,#13038);
#13037 = CARTESIAN_POINT('',(0.,0.));
#13038 = VECTOR('',#13039,1.);
#13039 = DIRECTION('',(0.,-1.));
#13040 = ( GEOMETRIC_REPRESENTATION_CONTEXT(2) 
PARAMETRIC_REPRESENTATION_CONTEXT() REPRESENTATION_CONTEXT('2D SPACE',''
  ) );
#13041 = PCURVE('',#13042,#13047);
#13042 = PLANE('',#13043);
#13043 = AXIS2_PLACEMENT_3D('',#13044,#13045,#13046);
#13044 = CARTESIAN_POINT('',(-11.,-4.,-32.));
#13045 = DIRECTION('',(0.,0.,1.));
#13046 = DIRECTION('',(1.,0.,-0.));
#13047 = DEFINITIONAL_REPRESENTATION('',(#13048),#13052);
#13048 = LINE('',#13049,#13050);
#13049 = CARTESIAN_POINT('',(0.,0.));
#13050 = VECTOR('',#13051,1.);
#13051 = DIRECTION('',(0.,1.));
#13052 = ( GEOMETRIC_REPRESENTATION_CONTEXT(2) 
PARAMETRIC_REPRESENTATION_CONTEXT() REPRESENTATION_CONTEXT('2D SPACE',''
  ) );
#13053 = ORIENTED_EDGE('',*,*,#13054,.T.);
#13054 = EDGE_CURVE('',#13027,#13055,#13057,.T.);
#13055 = VERTEX_POINT('',#13056);
#13056 = CARTESIAN_POINT('',(-11.,4.,32.));
#13057 = SURFACE_CURVE('',#13058,(#13062,#13069),.PCURVE_S1.);
#13058 = LINE('',#13059,#13060);
#13059 = CARTESIAN_POINT('',(-11.,4.,-32.));
#13060 = VECTOR('',#13061,1.);
#13061 = DIRECTION('',(0.,0.,1.));
#13062 = PCURVE('',#13002,#13063);
#13063 = DEFINITIONAL_REPRESENTATION('',(#13064),#13068);
#13064 = LINE('',#13065,#13066);
#13065 = CARTESIAN_POINT('',(0.,-8.));
#13066 = VECTOR('',#13067,1.);
#13067 = DIRECTION('',(1.,0.));
#13068 = ( GEOMETRIC_REPRESENTATION_CONTEXT(2) 
PARAMETRIC_REPRESENTATION_CONTEXT() REPRESENTATION_CONTEXT('2D SPACE',''
  ) );
#13069 = PCURVE('',#13070,#13075);
#13070 = PLANE('',#13071);
#13071 = AXIS2_PLACEMENT_3D('',#13072,#13073,#13074);
#13072 = CARTESIAN_POINT('',(-11.,4.,-32.));
#13073 = DIRECTION('',(-0.,1.,0.));
#13074 = DIRECTION('',(0.,0.,1.));
#13075 = DEFINITIONAL_REPRESENTATION('',(#13076),#13080);
#13076 = LINE('',#13077,#13078);
#13077 = CARTESIAN_POINT('',(0.,0.));
#13078 = VECTOR('',#13079,1.);
#13079 = DIRECTION('',(1.,0.));
#13080 = ( GEOMETRIC_REPRESENTATION_CONTEXT(2) 
PARAMETRIC_REPRESENTATION_CONTEXT() REPRESENTATION_CONTEXT('2D SPACE',''
  ) );
#13081 = ORIENTED_EDGE('',*,*,#13082,.F.);
#13082 = EDGE_CURVE('',#12994,#13055,#13083,.T.);
#13083 = SURFACE_CURVE('',#13084,(#13088,#13095),.PCURVE_S1.);
#13084 = LINE('',#13085,#13086);
#13085 = CARTESIAN_POINT('',(-11.,-4.,32.));
#13086 = VECTOR('',#13087,1.);
#13087 = DIRECTION('',(-0.,1.,0.));
#13088 = PCURVE('',#13002,#13089);
#13089 = DEFINITIONAL_REPRESENTATION('',(#13090),#13094);
#13090 = LINE('',#13091,#13092);
#13091 = CARTESIAN_POINT('',(64.,0.));
#13092 = VECTOR('',#13093,1.);
#13093 = DIRECTION('',(0.,-1.));
#13094 = ( GEOMETRIC_REPRESENTATION_CONTEXT(2) 
PARAMETRIC_REPRESENTATION_CONTEXT() REPRESENTATION_CONTEXT('2D SPACE',''
  ) );
#13095 = PCURVE('',#13096,#13101);
#13096 = PLANE('',#13097);
#13097 = AXIS2_PLACEMENT_3D('',#13098,#13099,#13100);
#13098 = CARTESIAN_POINT('',(-11.,-4.,32.));
#13099 = DIRECTION('',(0.,0.,1.));
#13100 = DIRECTION('',(1.,0.,-0.));
#13101 = DEFINITIONAL_REPRESENTATION('',(#13102),#13106);
#13102 = LINE('',#13103,#13104);
#13103 = CARTESIAN_POINT('',(0.,0.));
#13104 = VECTOR('',#13105,1.);
#13105 = DIRECTION('',(0.,1.));
#13106 = ( GEOMETRIC_REPRESENTATION_CONTEXT(2) 
PARAMETRIC_REPRESENTATION_CONTEXT() REPRESENTATION_CONTEXT('2D SPACE',''
  ) );
#13107 = ADVANCED_FACE('',(#13108),#13122,.T.);
#13108 = FACE_BOUND('',#13109,.T.);
#13109 = EDGE_LOOP('',(#13110,#13140,#13163,#13186));
#13110 = ORIENTED_EDGE('',*,*,#13111,.F.);
#13111 = EDGE_CURVE('',#13112,#13114,#13116,.T.);
#13112 = VERTEX_POINT('',#13113);
#13113 = CARTESIAN_POINT('',(11.,-4.,-32.));
#13114 = VERTEX_POINT('',#13115);
#13115 = CARTESIAN_POINT('',(11.,-4.,32.));
#13116 = SURFACE_CURVE('',#13117,(#13121,#13133),.PCURVE_S1.);
#13117 = LINE('',#13118,#13119);
#13118 = CARTESIAN_POINT('',(11.,-4.,-32.));
#13119 = VECTOR('',#13120,1.);
#13120 = DIRECTION('',(0.,0.,1.));
#13121 = PCURVE('',#13122,#13127);
#13122 = PLANE('',#13123);
#13123 = AXIS2_PLACEMENT_3D('',#13124,#13125,#13126);
#13124 = CARTESIAN_POINT('',(11.,-4.,-32.));
#13125 = DIRECTION('',(1.,0.,-0.));
#13126 = DIRECTION('',(0.,0.,1.));
#13127 = DEFINITIONAL_REPRESENTATION('',(#13128),#13132);
#13128 = LINE('',#13129,#13130);
#13129 = CARTESIAN_POINT('',(0.,0.));
#13130 = VECTOR('',#13131,1.);
#13131 = DIRECTION('',(1.,0.));
#13132 = ( GEOMETRIC_REPRESENTATION_CONTEXT(2) 
PARAMETRIC_REPRESENTATION_CONTEXT() REPRESENTATION_CONTEXT('2D SPACE',''
  ) );
#13133 = PCURVE('',#13014,#13134);
#13134 = DEFINITIONAL_REPRESENTATION('',(#13135),#13139);
#13135 = LINE('',#13136,#13137);
#13136 = CARTESIAN_POINT('',(0.,22.));
#13137 = VECTOR('',#13138,1.);
#13138 = DIRECTION('',(1.,0.));
#13139 = ( GEOMETRIC_REPRESENTATION_CONTEXT(2) 
PARAMETRIC_REPRESENTATION_CONTEXT() REPRESENTATION_CONTEXT('2D SPACE',''
  ) );
#13140 = ORIENTED_EDGE('',*,*,#13141,.T.);
#13141 = EDGE_CURVE('',#13112,#13142,#13144,.T.);
#13142 = VERTEX_POINT('',#13143);
#13143 = CARTESIAN_POINT('',(11.,4.,-32.));
#13144 = SURFACE_CURVE('',#13145,(#13149,#13156),.PCURVE_S1.);
#13145 = LINE('',#13146,#13147);
#13146 = CARTESIAN_POINT('',(11.,-4.,-32.));
#13147 = VECTOR('',#13148,1.);
#13148 = DIRECTION('',(-0.,1.,0.));
#13149 = PCURVE('',#13122,#13150);
#13150 = DEFINITIONAL_REPRESENTATION('',(#13151),#13155);
#13151 = LINE('',#13152,#13153);
#13152 = CARTESIAN_POINT('',(0.,0.));
#13153 = VECTOR('',#13154,1.);
#13154 = DIRECTION('',(0.,-1.));
#13155 = ( GEOMETRIC_REPRESENTATION_CONTEXT(2) 
PARAMETRIC_REPRESENTATION_CONTEXT() REPRESENTATION_CONTEXT('2D SPACE',''
  ) );
#13156 = PCURVE('',#13042,#13157);
#13157 = DEFINITIONAL_REPRESENTATION('',(#13158),#13162);
#13158 = LINE('',#13159,#13160);
#13159 = CARTESIAN_POINT('',(22.,0.));
#13160 = VECTOR('',#13161,1.);
#13161 = DIRECTION('',(0.,1.));
#13162 = ( GEOMETRIC_REPRESENTATION_CONTEXT(2) 
PARAMETRIC_REPRESENTATION_CONTEXT() REPRESENTATION_CONTEXT('2D SPACE',''
  ) );
#13163 = ORIENTED_EDGE('',*,*,#13164,.T.);
#13164 = EDGE_CURVE('',#13142,#13165,#13167,.T.);
#13165 = VERTEX_POINT('',#13166);
#13166 = CARTESIAN_POINT('',(11.,4.,32.));
#13167 = SURFACE_CURVE('',#13168,(#13172,#13179),.PCURVE_S1.);
#13168 = LINE('',#13169,#13170);
#13169 = CARTESIAN_POINT('',(11.,4.,-32.));
#13170 = VECTOR('',#13171,1.);
#13171 = DIRECTION('',(0.,0.,1.));
#13172 = PCURVE('',#13122,#13173);
#13173 = DEFINITIONAL_REPRESENTATION('',(#13174),#13178);
#13174 = LINE('',#13175,#13176);
#13175 = CARTESIAN_POINT('',(0.,-8.));
#13176 = VECTOR('',#13177,1.);
#13177 = DIRECTION('',(1.,0.));
#13178 = ( GEOMETRIC_REPRESENTATION_CONTEXT(2) 
PARAMETRIC_REPRESENTATION_CONTEXT() REPRESENTATION_CONTEXT('2D SPACE',''
  ) );
#13179 = PCURVE('',#13070,#13180);
#13180 = DEFINITIONAL_REPRESENTATION('',(#13181),#13185);
#13181 = LINE('',#13182,#13183);
#13182 = CARTESIAN_POINT('',(0.,22.));
#13183 = VECTOR('',#13184,1.);
#13184 = DIRECTION('',(1.,0.));
#13185 = ( GEOMETRIC_REPRESENTATION_CONTEXT(2) 
PARAMETRIC_REPRESENTATION_CONTEXT() REPRESENTATION_CONTEXT('2D SPACE',''
  ) );
#13186 = ORIENTED_EDGE('',*,*,#13187,.F.);
#13187 = EDGE_CURVE('',#13114,#13165,#13188,.T.);
#13188 = SURFACE_CURVE('',#13189,(#13193,#13200),.PCURVE_S1.);
#13189 = LINE('',#13190,#13191);
#13190 = CARTESIAN_POINT('',(11.,-4.,32.));
#13191 = VECTOR('',#13192,1.);
#13192 = DIRECTION('',(-0.,1.,0.));
#13193 = PCURVE('',#13122,#13194);
#13194 = DEFINITIONAL_REPRESENTATION('',(#13195),#13199);
#13195 = LINE('',#13196,#13197);
#13196 = CARTESIAN_POINT('',(64.,0.));
#13197 = VECTOR('',#13198,1.);
#13198 = DIRECTION('',(0.,-1.));
#13199 = ( GEOMETRIC_REPRESENTATION_CONTEXT(2) 
PARAMETRIC_REPRESENTATION_CONTEXT() REPRESENTATION_CONTEXT('2D SPACE',''
  ) );
#13200 = PCURVE('',#13096,#13201);
#13201 = DEFINITIONAL_REPRESENTATION('',(#13202),#13206);
#13202 = LINE('',#13203,#13204);
#13203 = CARTESIAN_POINT('',(22.,0.));
#13204 = VECTOR('',#13205,1.);
#13205 = DIRECTION('',(0.,1.));
#13206 = ( GEOMETRIC_REPRESENTATION_CONTEXT(2) 
PARAMETRIC_REPRESENTATION_CONTEXT() REPRESENTATION_CONTEXT('2D SPACE',''
  ) );
#13207 = ADVANCED_FACE('',(#13208),#13014,.F.);
#13208 = FACE_BOUND('',#13209,.F.);
#13209 = EDGE_LOOP('',(#13210,#13231,#13232,#13253));
#13210 = ORIENTED_EDGE('',*,*,#13211,.F.);
#13211 = EDGE_CURVE('',#12992,#13112,#13212,.T.);
#13212 = SURFACE_CURVE('',#13213,(#13217,#13224),.PCURVE_S1.);
#13213 = LINE('',#13214,#13215);
#13214 = CARTESIAN_POINT('',(-11.,-4.,-32.));
#13215 = VECTOR('',#13216,1.);
#13216 = DIRECTION('',(1.,0.,-0.));
#13217 = PCURVE('',#13014,#13218);
#13218 = DEFINITIONAL_REPRESENTATION('',(#13219),#13223);
#13219 = LINE('',#13220,#13221);
#13220 = CARTESIAN_POINT('',(0.,0.));
#13221 = VECTOR('',#13222,1.);
#13222 = DIRECTION('',(0.,1.));
#13223 = ( GEOMETRIC_REPRESENTATION_CONTEXT(2) 
PARAMETRIC_REPRESENTATION_CONTEXT() REPRESENTATION_CONTEXT('2D SPACE',''
  ) );
#13224 = PCURVE('',#13042,#13225);
#13225 = DEFINITIONAL_REPRESENTATION('',(#13226),#13230);
#13226 = LINE('',#13227,#13228);
#13227 = CARTESIAN_POINT('',(0.,0.));
#13228 = VECTOR('',#13229,1.);
#13229 = DIRECTION('',(1.,0.));
#13230 = ( GEOMETRIC_REPRESENTATION_CONTEXT(2) 
PARAMETRIC_REPRESENTATION_CONTEXT() REPRESENTATION_CONTEXT('2D SPACE',''
  ) );
#13231 = ORIENTED_EDGE('',*,*,#12991,.T.);
#13232 = ORIENTED_EDGE('',*,*,#13233,.T.);
#13233 = EDGE_CURVE('',#12994,#13114,#13234,.T.);
#13234 = SURFACE_CURVE('',#13235,(#13239,#13246),.PCURVE_S1.);
#13235 = LINE('',#13236,#13237);
#13236 = CARTESIAN_POINT('',(-11.,-4.,32.));
#13237 = VECTOR('',#13238,1.);
#13238 = DIRECTION('',(1.,0.,-0.));
#13239 = PCURVE('',#13014,#13240);
#13240 = DEFINITIONAL_REPRESENTATION('',(#13241),#13245);
#13241 = LINE('',#13242,#13243);
#13242 = CARTESIAN_POINT('',(64.,0.));
#13243 = VECTOR('',#13244,1.);
#13244 = DIRECTION('',(0.,1.));
#13245 = ( GEOMETRIC_REPRESENTATION_CONTEXT(2) 
PARAMETRIC_REPRESENTATION_CONTEXT() REPRESENTATION_CONTEXT('2D SPACE',''
  ) );
#13246 = PCURVE('',#13096,#13247);
#13247 = DEFINITIONAL_REPRESENTATION('',(#13248),#13252);
#13248 = LINE('',#13249,#13250);
#13249 = CARTESIAN_POINT('',(0.,0.));
#13250 = VECTOR('',#13251,1.);
#13251 = DIRECTION('',(1.,0.));
#13252 = ( GEOMETRIC_REPRESENTATION_CONTEXT(2) 
PARAMETRIC_REPRESENTATION_CONTEXT() REPRESENTATION_CONTEXT('2D SPACE',''
  ) );
#13253 = ORIENTED_EDGE('',*,*,#13111,.F.);
#13254 = ADVANCED_FACE('',(#13255),#13070,.T.);
#13255 = FACE_BOUND('',#13256,.T.);
#13256 = EDGE_LOOP('',(#13257,#13278,#13279,#13300));
#13257 = ORIENTED_EDGE('',*,*,#13258,.F.);
#13258 = EDGE_CURVE('',#13027,#13142,#13259,.T.);
#13259 = SURFACE_CURVE('',#13260,(#13264,#13271),.PCURVE_S1.);
#13260 = LINE('',#13261,#13262);
#13261 = CARTESIAN_POINT('',(-11.,4.,-32.));
#13262 = VECTOR('',#13263,1.);
#13263 = DIRECTION('',(1.,0.,-0.));
#13264 = PCURVE('',#13070,#13265);
#13265 = DEFINITIONAL_REPRESENTATION('',(#13266),#13270);
#13266 = LINE('',#13267,#13268);
#13267 = CARTESIAN_POINT('',(0.,0.));
#13268 = VECTOR('',#13269,1.);
#13269 = DIRECTION('',(0.,1.));
#13270 = ( GEOMETRIC_REPRESENTATION_CONTEXT(2) 
PARAMETRIC_REPRESENTATION_CONTEXT() REPRESENTATION_CONTEXT('2D SPACE',''
  ) );
#13271 = PCURVE('',#13042,#13272);
#13272 = DEFINITIONAL_REPRESENTATION('',(#13273),#13277);
#13273 = LINE('',#13274,#13275);
#13274 = CARTESIAN_POINT('',(0.,8.));
#13275 = VECTOR('',#13276,1.);
#13276 = DIRECTION('',(1.,0.));
#13277 = ( GEOMETRIC_REPRESENTATION_CONTEXT(2) 
PARAMETRIC_REPRESENTATION_CONTEXT() REPRESENTATION_CONTEXT('2D SPACE',''
  ) );
#13278 = ORIENTED_EDGE('',*,*,#13054,.T.);
#13279 = ORIENTED_EDGE('',*,*,#13280,.T.);
#13280 = EDGE_CURVE('',#13055,#13165,#13281,.T.);
#13281 = SURFACE_CURVE('',#13282,(#13286,#13293),.PCURVE_S1.);
#13282 = LINE('',#13283,#13284);
#13283 = CARTESIAN_POINT('',(-11.,4.,32.));
#13284 = VECTOR('',#13285,1.);
#13285 = DIRECTION('',(1.,0.,-0.));
#13286 = PCURVE('',#13070,#13287);
#13287 = DEFINITIONAL_REPRESENTATION('',(#13288),#13292);
#13288 = LINE('',#13289,#13290);
#13289 = CARTESIAN_POINT('',(64.,0.));
#13290 = VECTOR('',#13291,1.);
#13291 = DIRECTION('',(0.,1.));
#13292 = ( GEOMETRIC_REPRESENTATION_CONTEXT(2) 
PARAMETRIC_REPRESENTATION_CONTEXT() REPRESENTATION_CONTEXT('2D SPACE',''
  ) );
#13293 = PCURVE('',#13096,#13294);
#13294 = DEFINITIONAL_REPRESENTATION('',(#13295),#13299);
#13295 = LINE('',#13296,#13297);
#13296 = CARTESIAN_POINT('',(0.,8.));
#13297 = VECTOR('',#13298,1.);
#13298 = DIRECTION('',(1.,0.));
#13299 = ( GEOMETRIC_REPRESENTATION_CONTEXT(2) 
PARAMETRIC_REPRESENTATION_CONTEXT() REPRESENTATION_CONTEXT('2D SPACE',''
  ) );
#13300 = ORIENTED_EDGE('',*,*,#13164,.F.);
#13301 = ADVANCED_FACE('',(#13302),#13042,.F.);
#13302 = FACE_BOUND('',#13303,.F.);
#13303 = EDGE_LOOP('',(#13304,#13305,#13306,#13307));
#13304 = ORIENTED_EDGE('',*,*,#13026,.F.);
#13305 = ORIENTED_EDGE('',*,*,#13211,.T.);
#13306 = ORIENTED_EDGE('',*,*,#13141,.T.);
#13307 = ORIENTED_EDGE('',*,*,#13258,.F.);
#13308 = ADVANCED_FACE('',(#13309),#13096,.T.);
#13309 = FACE_BOUND('',#13310,.T.);
#13310 = EDGE_LOOP('',(#13311,#13312,#13313,#13314));
#13311 = ORIENTED_EDGE('',*,*,#13082,.F.);
#13312 = ORIENTED_EDGE('',*,*,#13233,.T.);
#13313 = ORIENTED_EDGE('',*,*,#13187,.T.);
#13314 = ORIENTED_EDGE('',*,*,#13280,.F.);
#13315 = ( GEOMETRIC_REPRESENTATION_CONTEXT(3) 
GLOBAL_UNCERTAINTY_ASSIGNED_CONTEXT((#13319)) 
GLOBAL_UNIT_ASSIGNED_CONTEXT((#13316,#13317,#13318)) 
REPRESENTATION_CONTEXT('Context #1',
  '3D Context with UNIT and UNCERTAINTY') );
#13316 = ( LENGTH_UNIT() NAMED_UNIT(*) SI_UNIT(.MILLI.,.METRE.) );
#13317 = ( NAMED_UNIT(*) PLANE_ANGLE_UNIT() SI_UNIT($,.RADIAN.) );
#13318 = ( NAMED_UNIT(*) SI_UNIT($,.STERADIAN.) SOLID_ANGLE_UNIT() );
#13319 = UNCERTAINTY_MEASURE_WITH_UNIT(LENGTH_MEASURE(1.E-07),#13316,
  'distance_accuracy_value','confusion accuracy');
#13320 = CONTEXT_DEPENDENT_SHAPE_REPRESENTATION(#13321,#13323);
#13321 = ( REPRESENTATION_RELATIONSHIP('','',#12984,#12255) 
REPRESENTATION_RELATIONSHIP_WITH_TRANSFORMATION(#13322) 
SHAPE_REPRESENTATION_RELATIONSHIP() );
#13322 = ITEM_DEFINED_TRANSFORMATION('','',#11,#12264);
#13323 = PRODUCT_DEFINITION_SHAPE('Placement','Placement of an item',
  #13324);
#13324 = NEXT_ASSEMBLY_USAGE_OCCURRENCE('97','=>[0:1:1:100]','',#12250,
  #12979,$);
#13325 = PRODUCT_RELATED_PRODUCT_CATEGORY('part',$,(#12981));
#13326 = SHAPE_DEFINITION_REPRESENTATION(#13327,#13333);
#13327 = PRODUCT_DEFINITION_SHAPE('','',#13328);
#13328 = PRODUCT_DEFINITION('design','',#13329,#13332);
#13329 = PRODUCT_DEFINITION_FORMATION('','',#13330);
#13330 = PRODUCT('SOLID','SOLID','',(#13331));
#13331 = PRODUCT_CONTEXT('',#2,'mechanical');
#13332 = PRODUCT_DEFINITION_CONTEXT('part definition',#2,'design');
#13333 = ADVANCED_BREP_SHAPE_REPRESENTATION('',(#11,#13334),#13432);
#13334 = MANIFOLD_SOLID_BREP('',#13335);
#13335 = CLOSED_SHELL('',(#13336,#13424,#13428));
#13336 = ADVANCED_FACE('',(#13337),#13350,.T.);
#13337 = FACE_BOUND('',#13338,.T.);
#13338 = EDGE_LOOP('',(#13339,#13373,#13396,#13423));
#13339 = ORIENTED_EDGE('',*,*,#13340,.F.);
#13340 = EDGE_CURVE('',#13341,#13341,#13343,.T.);
#13341 = VERTEX_POINT('',#13342);
#13342 = CARTESIAN_POINT('',(472.85028610651,-167.2962120434,
    754.24323660081));
#13343 = SURFACE_CURVE('',#13344,(#13349,#13361),.PCURVE_S1.);
#13344 = CIRCLE('',#13345,5.);
#13345 = AXIS2_PLACEMENT_3D('',#13346,#13347,#13348);
#13346 = CARTESIAN_POINT('',(468.64439372963,-170.,754.24323660081));
#13347 = DIRECTION('',(-0.536894987645,0.835169980781,-0.119309997254));
#13348 = DIRECTION('',(0.841178475377,0.540757591313,6.938893903907E-18)
  );
#13349 = PCURVE('',#13350,#13355);
#13350 = CYLINDRICAL_SURFACE('',#13351,5.);
#13351 = AXIS2_PLACEMENT_3D('',#13352,#13353,#13354);
#13352 = CARTESIAN_POINT('',(513.64439372963,-240.,764.24323660081));
#13353 = DIRECTION('',(-0.536894987645,0.835169980781,-0.119309997254));
#13354 = DIRECTION('',(0.841178475377,0.540757591313,0.));
#13355 = DEFINITIONAL_REPRESENTATION('',(#13356),#13360);
#13356 = LINE('',#13357,#13358);
#13357 = CARTESIAN_POINT('',(0.,83.815273071201));
#13358 = VECTOR('',#13359,1.);
#13359 = DIRECTION('',(1.,0.));
#13360 = ( GEOMETRIC_REPRESENTATION_CONTEXT(2) 
PARAMETRIC_REPRESENTATION_CONTEXT() REPRESENTATION_CONTEXT('2D SPACE',''
  ) );
#13361 = PCURVE('',#13362,#13367);
#13362 = PLANE('',#13363);
#13363 = AXIS2_PLACEMENT_3D('',#13364,#13365,#13366);
#13364 = CARTESIAN_POINT('',(468.64439372963,-170.,754.24323660081));
#13365 = DIRECTION('',(-0.536894987645,0.835169980781,-0.119309997254));
#13366 = DIRECTION('',(0.841178475377,0.540757591313,0.));
#13367 = DEFINITIONAL_REPRESENTATION('',(#13368),#13372);
#13368 = CIRCLE('',#13369,5.);
#13369 = AXIS2_PLACEMENT_2D('',#13370,#13371);
#13370 = CARTESIAN_POINT('',(0.,0.));
#13371 = DIRECTION('',(1.,0.));
#13372 = ( GEOMETRIC_REPRESENTATION_CONTEXT(2) 
PARAMETRIC_REPRESENTATION_CONTEXT() REPRESENTATION_CONTEXT('2D SPACE',''
  ) );
#13373 = ORIENTED_EDGE('',*,*,#13374,.F.);
#13374 = EDGE_CURVE('',#13375,#13341,#13377,.T.);
#13375 = VERTEX_POINT('',#13376);
#13376 = CARTESIAN_POINT('',(517.85028610651,-237.2962120434,
    764.24323660081));
#13377 = SEAM_CURVE('',#13378,(#13382,#13389),.PCURVE_S1.);
#13378 = LINE('',#13379,#13380);
#13379 = CARTESIAN_POINT('',(517.85028610651,-237.2962120434,
    764.24323660081));
#13380 = VECTOR('',#13381,1.);
#13381 = DIRECTION('',(-0.536894987645,0.835169980781,-0.119309997254));
#13382 = PCURVE('',#13350,#13383);
#13383 = DEFINITIONAL_REPRESENTATION('',(#13384),#13388);
#13384 = LINE('',#13385,#13386);
#13385 = CARTESIAN_POINT('',(6.28318530718,-0.));
#13386 = VECTOR('',#13387,1.);
#13387 = DIRECTION('',(0.,1.));
#13388 = ( GEOMETRIC_REPRESENTATION_CONTEXT(2) 
PARAMETRIC_REPRESENTATION_CONTEXT() REPRESENTATION_CONTEXT('2D SPACE',''
  ) );
#13389 = PCURVE('',#13350,#13390);
#13390 = DEFINITIONAL_REPRESENTATION('',(#13391),#13395);
#13391 = LINE('',#13392,#13393);
#13392 = CARTESIAN_POINT('',(0.,-0.));
#13393 = VECTOR('',#13394,1.);
#13394 = DIRECTION('',(0.,1.));
#13395 = ( GEOMETRIC_REPRESENTATION_CONTEXT(2) 
PARAMETRIC_REPRESENTATION_CONTEXT() REPRESENTATION_CONTEXT('2D SPACE',''
  ) );
#13396 = ORIENTED_EDGE('',*,*,#13397,.T.);
#13397 = EDGE_CURVE('',#13375,#13375,#13398,.T.);
#13398 = SURFACE_CURVE('',#13399,(#13404,#13411),.PCURVE_S1.);
#13399 = CIRCLE('',#13400,5.);
#13400 = AXIS2_PLACEMENT_3D('',#13401,#13402,#13403);
#13401 = CARTESIAN_POINT('',(513.64439372963,-240.,764.24323660081));
#13402 = DIRECTION('',(-0.536894987645,0.835169980781,-0.119309997254));
#13403 = DIRECTION('',(0.841178475377,0.540757591313,6.938893903907E-18)
  );
#13404 = PCURVE('',#13350,#13405);
#13405 = DEFINITIONAL_REPRESENTATION('',(#13406),#13410);
#13406 = LINE('',#13407,#13408);
#13407 = CARTESIAN_POINT('',(0.,0.));
#13408 = VECTOR('',#13409,1.);
#13409 = DIRECTION('',(1.,0.));
#13410 = ( GEOMETRIC_REPRESENTATION_CONTEXT(2) 
PARAMETRIC_REPRESENTATION_CONTEXT() REPRESENTATION_CONTEXT('2D SPACE',''
  ) );
#13411 = PCURVE('',#13412,#13417);
#13412 = PLANE('',#13413);
#13413 = AXIS2_PLACEMENT_3D('',#13414,#13415,#13416);
#13414 = CARTESIAN_POINT('',(513.64439372963,-240.,764.24323660081));
#13415 = DIRECTION('',(-0.536894987645,0.835169980781,-0.119309997254));
#13416 = DIRECTION('',(0.841178475377,0.540757591313,0.));
#13417 = DEFINITIONAL_REPRESENTATION('',(#13418),#13422);
#13418 = CIRCLE('',#13419,5.);
#13419 = AXIS2_PLACEMENT_2D('',#13420,#13421);
#13420 = CARTESIAN_POINT('',(0.,0.));
#13421 = DIRECTION('',(1.,0.));
#13422 = ( GEOMETRIC_REPRESENTATION_CONTEXT(2) 
PARAMETRIC_REPRESENTATION_CONTEXT() REPRESENTATION_CONTEXT('2D SPACE',''
  ) );
#13423 = ORIENTED_EDGE('',*,*,#13374,.T.);
#13424 = ADVANCED_FACE('',(#13425),#13362,.T.);
#13425 = FACE_BOUND('',#13426,.T.);
#13426 = EDGE_LOOP('',(#13427));
#13427 = ORIENTED_EDGE('',*,*,#13340,.T.);
#13428 = ADVANCED_FACE('',(#13429),#13412,.F.);
#13429 = FACE_BOUND('',#13430,.T.);
#13430 = EDGE_LOOP('',(#13431));
#13431 = ORIENTED_EDGE('',*,*,#13397,.F.);
#13432 = ( GEOMETRIC_REPRESENTATION_CONTEXT(3) 
GLOBAL_UNCERTAINTY_ASSIGNED_CONTEXT((#13436)) 
GLOBAL_UNIT_ASSIGNED_CONTEXT((#13433,#13434,#13435)) 
REPRESENTATION_CONTEXT('Context #1',
  '3D Context with UNIT and UNCERTAINTY') );
#13433 = ( LENGTH_UNIT() NAMED_UNIT(*) SI_UNIT(.MILLI.,.METRE.) );
#13434 = ( NAMED_UNIT(*) PLANE_ANGLE_UNIT() SI_UNIT($,.RADIAN.) );
#13435 = ( NAMED_UNIT(*) SI_UNIT($,.STERADIAN.) SOLID_ANGLE_UNIT() );
#13436 = UNCERTAINTY_MEASURE_WITH_UNIT(LENGTH_MEASURE(1.E-07),#13433,
  'distance_accuracy_value','confusion accuracy');
#13437 = CONTEXT_DEPENDENT_SHAPE_REPRESENTATION(#13438,#13440);
#13438 = ( REPRESENTATION_RELATIONSHIP('','',#13333,#12228) 
REPRESENTATION_RELATIONSHIP_WITH_TRANSFORMATION(#13439) 
SHAPE_REPRESENTATION_RELATIONSHIP() );
#13439 = ITEM_DEFINED_TRANSFORMATION('','',#11,#12233);
#13440 = PRODUCT_DEFINITION_SHAPE('Placement','Placement of an item',
  #13441);
#13441 = NEXT_ASSEMBLY_USAGE_OCCURRENCE('99','=>[0:1:1:101]','',#12223,
  #13328,$);
#13442 = PRODUCT_RELATED_PRODUCT_CATEGORY('part',$,(#13330));
#13443 = SHAPE_DEFINITION_REPRESENTATION(#13444,#13450);
#13444 = PRODUCT_DEFINITION_SHAPE('','',#13445);
#13445 = PRODUCT_DEFINITION('design','',#13446,#13449);
#13446 = PRODUCT_DEFINITION_FORMATION('','',#13447);
#13447 = PRODUCT('COMPOUND','COMPOUND','',(#13448));
#13448 = PRODUCT_CONTEXT('',#2,'mechanical');
#13449 = PRODUCT_DEFINITION_CONTEXT('part definition',#2,'design');
#13450 = SHAPE_REPRESENTATION('',(#11,#13451,#13455,#13459,#13463,#13467
    ,#13471,#13475,#13479,#13483,#13487),#13491);
#13451 = AXIS2_PLACEMENT_3D('',#13452,#13453,#13454);
#13452 = CARTESIAN_POINT('',(0.,0.,0.));
#13453 = DIRECTION('',(0.,0.,1.));
#13454 = DIRECTION('',(1.,0.,-0.));
#13455 = AXIS2_PLACEMENT_3D('',#13456,#13457,#13458);
#13456 = CARTESIAN_POINT('',(0.,0.,0.));
#13457 = DIRECTION('',(0.,0.,1.));
#13458 = DIRECTION('',(1.,0.,-0.));
#13459 = AXIS2_PLACEMENT_3D('',#13460,#13461,#13462);
#13460 = CARTESIAN_POINT('',(0.,0.,0.));
#13461 = DIRECTION('',(0.,0.,1.));
#13462 = DIRECTION('',(1.,0.,-0.));
#13463 = AXIS2_PLACEMENT_3D('',#13464,#13465,#13466);
#13464 = CARTESIAN_POINT('',(0.,0.,0.));
#13465 = DIRECTION('',(0.,0.,1.));
#13466 = DIRECTION('',(1.,0.,-0.));
#13467 = AXIS2_PLACEMENT_3D('',#13468,#13469,#13470);
#13468 = CARTESIAN_POINT('',(0.,0.,0.));
#13469 = DIRECTION('',(0.,0.,1.));
#13470 = DIRECTION('',(1.,0.,-0.));
#13471 = AXIS2_PLACEMENT_3D('',#13472,#13473,#13474);
#13472 = CARTESIAN_POINT('',(0.,0.,0.));
#13473 = DIRECTION('',(0.,0.,1.));
#13474 = DIRECTION('',(1.,0.,-0.));
#13475 = AXIS2_PLACEMENT_3D('',#13476,#13477,#13478);
#13476 = CARTESIAN_POINT('',(0.,0.,0.));
#13477 = DIRECTION('',(0.,0.,1.));
#13478 = DIRECTION('',(1.,0.,-0.));
#13479 = AXIS2_PLACEMENT_3D('',#13480,#13481,#13482);
#13480 = CARTESIAN_POINT('',(0.,0.,0.));
#13481 = DIRECTION('',(0.,0.,1.));
#13482 = DIRECTION('',(1.,0.,-0.));
#13483 = AXIS2_PLACEMENT_3D('',#13484,#13485,#13486);
#13484 = CARTESIAN_POINT('',(0.,0.,0.));
#13485 = DIRECTION('',(0.,0.,1.));
#13486 = DIRECTION('',(1.,0.,-0.));
#13487 = AXIS2_PLACEMENT_3D('',#13488,#13489,#13490);
#13488 = CARTESIAN_POINT('',(0.,0.,0.));
#13489 = DIRECTION('',(0.,0.,1.));
#13490 = DIRECTION('',(1.,0.,-0.));
#13491 = ( GEOMETRIC_REPRESENTATION_CONTEXT(3) 
GLOBAL_UNCERTAINTY_ASSIGNED_CONTEXT((#13495)) 
GLOBAL_UNIT_ASSIGNED_CONTEXT((#13492,#13493,#13494)) 
REPRESENTATION_CONTEXT('Context #1',
  '3D Context with UNIT and UNCERTAINTY') );
#13492 = ( LENGTH_UNIT() NAMED_UNIT(*) SI_UNIT(.MILLI.,.METRE.) );
#13493 = ( NAMED_UNIT(*) PLANE_ANGLE_UNIT() SI_UNIT($,.RADIAN.) );
#13494 = ( NAMED_UNIT(*) SI_UNIT($,.STERADIAN.) SOLID_ANGLE_UNIT() );
#13495 = UNCERTAINTY_MEASURE_WITH_UNIT(LENGTH_MEASURE(1.E-07),#13492,
  'distance_accuracy_value','confusion accuracy');
#13496 = CONTEXT_DEPENDENT_SHAPE_REPRESENTATION(#13497,#13499);
#13497 = ( REPRESENTATION_RELATIONSHIP('','',#13450,#10) 
REPRESENTATION_RELATIONSHIP_WITH_TRANSFORMATION(#13498) 
SHAPE_REPRESENTATION_RELATIONSHIP() );
#13498 = ITEM_DEFINED_TRANSFORMATION('','',#11,#63);
#13499 = PRODUCT_DEFINITION_SHAPE('Placement','Placement of an item',
  #13500);
#13500 = NEXT_ASSEMBLY_USAGE_OCCURRENCE('111','=>[0:1:1:102]','',#5,
  #13445,$);
#13501 = PRODUCT_RELATED_PRODUCT_CATEGORY('part',$,(#13447));
#13502 = SHAPE_DEFINITION_REPRESENTATION(#13503,#13509);
#13503 = PRODUCT_DEFINITION_SHAPE('','',#13504);
#13504 = PRODUCT_DEFINITION('design','',#13505,#13508);
#13505 = PRODUCT_DEFINITION_FORMATION('','',#13506);
#13506 = PRODUCT('SOLID','SOLID','',(#13507));
#13507 = PRODUCT_CONTEXT('',#2,'mechanical');
#13508 = PRODUCT_DEFINITION_CONTEXT('part definition',#2,'design');
#13509 = ADVANCED_BREP_SHAPE_REPRESENTATION('',(#11,#13510),#13608);
#13510 = MANIFOLD_SOLID_BREP('',#13511);
#13511 = CLOSED_SHELL('',(#13512,#13600,#13604));
#13512 = ADVANCED_FACE('',(#13513),#13526,.T.);
#13513 = FACE_BOUND('',#13514,.T.);
#13514 = EDGE_LOOP('',(#13515,#13549,#13572,#13599));
#13515 = ORIENTED_EDGE('',*,*,#13516,.F.);
#13516 = EDGE_CURVE('',#13517,#13517,#13519,.T.);
#13517 = VERTEX_POINT('',#13518);
#13518 = CARTESIAN_POINT('',(215.,-60.,581.));
#13519 = SURFACE_CURVE('',#13520,(#13525,#13537),.PCURVE_S1.);
#13520 = CIRCLE('',#13521,6.);
#13521 = AXIS2_PLACEMENT_3D('',#13522,#13523,#13524);
#13522 = CARTESIAN_POINT('',(215.,-60.,575.));
#13523 = DIRECTION('',(1.,0.,0.));
#13524 = DIRECTION('',(-0.,0.,1.));
#13525 = PCURVE('',#13526,#13531);
#13526 = CYLINDRICAL_SURFACE('',#13527,6.);
#13527 = AXIS2_PLACEMENT_3D('',#13528,#13529,#13530);
#13528 = CARTESIAN_POINT('',(-85.,-60.,575.));
#13529 = DIRECTION('',(1.,0.,0.));
#13530 = DIRECTION('',(-0.,0.,1.));
#13531 = DEFINITIONAL_REPRESENTATION('',(#13532),#13536);
#13532 = LINE('',#13533,#13534);
#13533 = CARTESIAN_POINT('',(0.,300.));
#13534 = VECTOR('',#13535,1.);
#13535 = DIRECTION('',(1.,0.));
#13536 = ( GEOMETRIC_REPRESENTATION_CONTEXT(2) 
PARAMETRIC_REPRESENTATION_CONTEXT() REPRESENTATION_CONTEXT('2D SPACE',''
  ) );
#13537 = PCURVE('',#13538,#13543);
#13538 = PLANE('',#13539);
#13539 = AXIS2_PLACEMENT_3D('',#13540,#13541,#13542);
#13540 = CARTESIAN_POINT('',(215.,-60.,575.));
#13541 = DIRECTION('',(1.,0.,0.));
#13542 = DIRECTION('',(-0.,0.,1.));
#13543 = DEFINITIONAL_REPRESENTATION('',(#13544),#13548);
#13544 = CIRCLE('',#13545,6.);
#13545 = AXIS2_PLACEMENT_2D('',#13546,#13547);
#13546 = CARTESIAN_POINT('',(0.,0.));
#13547 = DIRECTION('',(1.,0.));
#13548 = ( GEOMETRIC_REPRESENTATION_CONTEXT(2) 
PARAMETRIC_REPRESENTATION_CONTEXT() REPRESENTATION_CONTEXT('2D SPACE',''
  ) );
#13549 = ORIENTED_EDGE('',*,*,#13550,.F.);
#13550 = EDGE_CURVE('',#13551,#13517,#13553,.T.);
#13551 = VERTEX_POINT('',#13552);
#13552 = CARTESIAN_POINT('',(-85.,-60.,581.));
#13553 = SEAM_CURVE('',#13554,(#13558,#13565),.PCURVE_S1.);
#13554 = LINE('',#13555,#13556);
#13555 = CARTESIAN_POINT('',(-85.,-60.,581.));
#13556 = VECTOR('',#13557,1.);
#13557 = DIRECTION('',(1.,0.,0.));
#13558 = PCURVE('',#13526,#13559);
#13559 = DEFINITIONAL_REPRESENTATION('',(#13560),#13564);
#13560 = LINE('',#13561,#13562);
#13561 = CARTESIAN_POINT('',(6.28318530718,-0.));
#13562 = VECTOR('',#13563,1.);
#13563 = DIRECTION('',(0.,1.));
#13564 = ( GEOMETRIC_REPRESENTATION_CONTEXT(2) 
PARAMETRIC_REPRESENTATION_CONTEXT() REPRESENTATION_CONTEXT('2D SPACE',''
  ) );
#13565 = PCURVE('',#13526,#13566);
#13566 = DEFINITIONAL_REPRESENTATION('',(#13567),#13571);
#13567 = LINE('',#13568,#13569);
#13568 = CARTESIAN_POINT('',(0.,-0.));
#13569 = VECTOR('',#13570,1.);
#13570 = DIRECTION('',(0.,1.));
#13571 = ( GEOMETRIC_REPRESENTATION_CONTEXT(2) 
PARAMETRIC_REPRESENTATION_CONTEXT() REPRESENTATION_CONTEXT('2D SPACE',''
  ) );
#13572 = ORIENTED_EDGE('',*,*,#13573,.T.);
#13573 = EDGE_CURVE('',#13551,#13551,#13574,.T.);
#13574 = SURFACE_CURVE('',#13575,(#13580,#13587),.PCURVE_S1.);
#13575 = CIRCLE('',#13576,6.);
#13576 = AXIS2_PLACEMENT_3D('',#13577,#13578,#13579);
#13577 = CARTESIAN_POINT('',(-85.,-60.,575.));
#13578 = DIRECTION('',(1.,0.,0.));
#13579 = DIRECTION('',(-0.,0.,1.));
#13580 = PCURVE('',#13526,#13581);
#13581 = DEFINITIONAL_REPRESENTATION('',(#13582),#13586);
#13582 = LINE('',#13583,#13584);
#13583 = CARTESIAN_POINT('',(0.,0.));
#13584 = VECTOR('',#13585,1.);
#13585 = DIRECTION('',(1.,0.));
#13586 = ( GEOMETRIC_REPRESENTATION_CONTEXT(2) 
PARAMETRIC_REPRESENTATION_CONTEXT() REPRESENTATION_CONTEXT('2D SPACE',''
  ) );
#13587 = PCURVE('',#13588,#13593);
#13588 = PLANE('',#13589);
#13589 = AXIS2_PLACEMENT_3D('',#13590,#13591,#13592);
#13590 = CARTESIAN_POINT('',(-85.,-60.,575.));
#13591 = DIRECTION('',(1.,0.,0.));
#13592 = DIRECTION('',(-0.,0.,1.));
#13593 = DEFINITIONAL_REPRESENTATION('',(#13594),#13598);
#13594 = CIRCLE('',#13595,6.);
#13595 = AXIS2_PLACEMENT_2D('',#13596,#13597);
#13596 = CARTESIAN_POINT('',(0.,0.));
#13597 = DIRECTION('',(1.,0.));
#13598 = ( GEOMETRIC_REPRESENTATION_CONTEXT(2) 
PARAMETRIC_REPRESENTATION_CONTEXT() REPRESENTATION_CONTEXT('2D SPACE',''
  ) );
#13599 = ORIENTED_EDGE('',*,*,#13550,.T.);
#13600 = ADVANCED_FACE('',(#13601),#13538,.T.);
#13601 = FACE_BOUND('',#13602,.T.);
#13602 = EDGE_LOOP('',(#13603));
#13603 = ORIENTED_EDGE('',*,*,#13516,.T.);
#13604 = ADVANCED_FACE('',(#13605),#13588,.F.);
#13605 = FACE_BOUND('',#13606,.T.);
#13606 = EDGE_LOOP('',(#13607));
#13607 = ORIENTED_EDGE('',*,*,#13573,.F.);
#13608 = ( GEOMETRIC_REPRESENTATION_CONTEXT(3) 
GLOBAL_UNCERTAINTY_ASSIGNED_CONTEXT((#13612)) 
GLOBAL_UNIT_ASSIGNED_CONTEXT((#13609,#13610,#13611)) 
REPRESENTATION_CONTEXT('Context #1',
  '3D Context with UNIT and UNCERTAINTY') );
#13609 = ( LENGTH_UNIT() NAMED_UNIT(*) SI_UNIT(.MILLI.,.METRE.) );
#13610 = ( NAMED_UNIT(*) PLANE_ANGLE_UNIT() SI_UNIT($,.RADIAN.) );
#13611 = ( NAMED_UNIT(*) SI_UNIT($,.STERADIAN.) SOLID_ANGLE_UNIT() );
#13612 = UNCERTAINTY_MEASURE_WITH_UNIT(LENGTH_MEASURE(1.E-07),#13609,
  'distance_accuracy_value','confusion accuracy');
#13613 = CONTEXT_DEPENDENT_SHAPE_REPRESENTATION(#13614,#13616);
#13614 = ( REPRESENTATION_RELATIONSHIP('','',#13509,#13450) 
REPRESENTATION_RELATIONSHIP_WITH_TRANSFORMATION(#13615) 
SHAPE_REPRESENTATION_RELATIONSHIP() );
#13615 = ITEM_DEFINED_TRANSFORMATION('','',#11,#13451);
#13616 = PRODUCT_DEFINITION_SHAPE('Placement','Placement of an item',
  #13617);
#13617 = NEXT_ASSEMBLY_USAGE_OCCURRENCE('101','=>[0:1:1:103]','',#13445,
  #13504,$);
#13618 = PRODUCT_RELATED_PRODUCT_CATEGORY('part',$,(#13506));
#13619 = SHAPE_DEFINITION_REPRESENTATION(#13620,#13626);
#13620 = PRODUCT_DEFINITION_SHAPE('','',#13621);
#13621 = PRODUCT_DEFINITION('design','',#13622,#13625);
#13622 = PRODUCT_DEFINITION_FORMATION('','',#13623);
#13623 = PRODUCT('SOLID','SOLID','',(#13624));
#13624 = PRODUCT_CONTEXT('',#2,'mechanical');
#13625 = PRODUCT_DEFINITION_CONTEXT('part definition',#2,'design');
#13626 = ADVANCED_BREP_SHAPE_REPRESENTATION('',(#11,#13627),#13725);
#13627 = MANIFOLD_SOLID_BREP('',#13628);
#13628 = CLOSED_SHELL('',(#13629,#13717,#13721));
#13629 = ADVANCED_FACE('',(#13630),#13643,.T.);
#13630 = FACE_BOUND('',#13631,.T.);
#13631 = EDGE_LOOP('',(#13632,#13666,#13689,#13716));
#13632 = ORIENTED_EDGE('',*,*,#13633,.F.);
#13633 = EDGE_CURVE('',#13634,#13634,#13636,.T.);
#13634 = VERTEX_POINT('',#13635);
#13635 = CARTESIAN_POINT('',(215.,1.469576158977E-15,581.));
#13636 = SURFACE_CURVE('',#13637,(#13642,#13654),.PCURVE_S1.);
#13637 = CIRCLE('',#13638,6.);
#13638 = AXIS2_PLACEMENT_3D('',#13639,#13640,#13641);
#13639 = CARTESIAN_POINT('',(215.,0.,575.));
#13640 = DIRECTION('',(1.,0.,0.));
#13641 = DIRECTION('',(-0.,0.,1.));
#13642 = PCURVE('',#13643,#13648);
#13643 = CYLINDRICAL_SURFACE('',#13644,6.);
#13644 = AXIS2_PLACEMENT_3D('',#13645,#13646,#13647);
#13645 = CARTESIAN_POINT('',(-85.,0.,575.));
#13646 = DIRECTION('',(1.,0.,0.));
#13647 = DIRECTION('',(-0.,0.,1.));
#13648 = DEFINITIONAL_REPRESENTATION('',(#13649),#13653);
#13649 = LINE('',#13650,#13651);
#13650 = CARTESIAN_POINT('',(0.,300.));
#13651 = VECTOR('',#13652,1.);
#13652 = DIRECTION('',(1.,0.));
#13653 = ( GEOMETRIC_REPRESENTATION_CONTEXT(2) 
PARAMETRIC_REPRESENTATION_CONTEXT() REPRESENTATION_CONTEXT('2D SPACE',''
  ) );
#13654 = PCURVE('',#13655,#13660);
#13655 = PLANE('',#13656);
#13656 = AXIS2_PLACEMENT_3D('',#13657,#13658,#13659);
#13657 = CARTESIAN_POINT('',(215.,0.,575.));
#13658 = DIRECTION('',(1.,0.,0.));
#13659 = DIRECTION('',(-0.,0.,1.));
#13660 = DEFINITIONAL_REPRESENTATION('',(#13661),#13665);
#13661 = CIRCLE('',#13662,6.);
#13662 = AXIS2_PLACEMENT_2D('',#13663,#13664);
#13663 = CARTESIAN_POINT('',(0.,0.));
#13664 = DIRECTION('',(1.,0.));
#13665 = ( GEOMETRIC_REPRESENTATION_CONTEXT(2) 
PARAMETRIC_REPRESENTATION_CONTEXT() REPRESENTATION_CONTEXT('2D SPACE',''
  ) );
#13666 = ORIENTED_EDGE('',*,*,#13667,.F.);
#13667 = EDGE_CURVE('',#13668,#13634,#13670,.T.);
#13668 = VERTEX_POINT('',#13669);
#13669 = CARTESIAN_POINT('',(-85.,1.469576158977E-15,581.));
#13670 = SEAM_CURVE('',#13671,(#13675,#13682),.PCURVE_S1.);
#13671 = LINE('',#13672,#13673);
#13672 = CARTESIAN_POINT('',(-85.,1.469576158977E-15,581.));
#13673 = VECTOR('',#13674,1.);
#13674 = DIRECTION('',(1.,0.,0.));
#13675 = PCURVE('',#13643,#13676);
#13676 = DEFINITIONAL_REPRESENTATION('',(#13677),#13681);
#13677 = LINE('',#13678,#13679);
#13678 = CARTESIAN_POINT('',(6.28318530718,-0.));
#13679 = VECTOR('',#13680,1.);
#13680 = DIRECTION('',(0.,1.));
#13681 = ( GEOMETRIC_REPRESENTATION_CONTEXT(2) 
PARAMETRIC_REPRESENTATION_CONTEXT() REPRESENTATION_CONTEXT('2D SPACE',''
  ) );
#13682 = PCURVE('',#13643,#13683);
#13683 = DEFINITIONAL_REPRESENTATION('',(#13684),#13688);
#13684 = LINE('',#13685,#13686);
#13685 = CARTESIAN_POINT('',(0.,-0.));
#13686 = VECTOR('',#13687,1.);
#13687 = DIRECTION('',(0.,1.));
#13688 = ( GEOMETRIC_REPRESENTATION_CONTEXT(2) 
PARAMETRIC_REPRESENTATION_CONTEXT() REPRESENTATION_CONTEXT('2D SPACE',''
  ) );
#13689 = ORIENTED_EDGE('',*,*,#13690,.T.);
#13690 = EDGE_CURVE('',#13668,#13668,#13691,.T.);
#13691 = SURFACE_CURVE('',#13692,(#13697,#13704),.PCURVE_S1.);
#13692 = CIRCLE('',#13693,6.);
#13693 = AXIS2_PLACEMENT_3D('',#13694,#13695,#13696);
#13694 = CARTESIAN_POINT('',(-85.,0.,575.));
#13695 = DIRECTION('',(1.,0.,0.));
#13696 = DIRECTION('',(-0.,0.,1.));
#13697 = PCURVE('',#13643,#13698);
#13698 = DEFINITIONAL_REPRESENTATION('',(#13699),#13703);
#13699 = LINE('',#13700,#13701);
#13700 = CARTESIAN_POINT('',(0.,0.));
#13701 = VECTOR('',#13702,1.);
#13702 = DIRECTION('',(1.,0.));
#13703 = ( GEOMETRIC_REPRESENTATION_CONTEXT(2) 
PARAMETRIC_REPRESENTATION_CONTEXT() REPRESENTATION_CONTEXT('2D SPACE',''
  ) );
#13704 = PCURVE('',#13705,#13710);
#13705 = PLANE('',#13706);
#13706 = AXIS2_PLACEMENT_3D('',#13707,#13708,#13709);
#13707 = CARTESIAN_POINT('',(-85.,0.,575.));
#13708 = DIRECTION('',(1.,0.,0.));
#13709 = DIRECTION('',(-0.,0.,1.));
#13710 = DEFINITIONAL_REPRESENTATION('',(#13711),#13715);
#13711 = CIRCLE('',#13712,6.);
#13712 = AXIS2_PLACEMENT_2D('',#13713,#13714);
#13713 = CARTESIAN_POINT('',(0.,0.));
#13714 = DIRECTION('',(1.,0.));
#13715 = ( GEOMETRIC_REPRESENTATION_CONTEXT(2) 
PARAMETRIC_REPRESENTATION_CONTEXT() REPRESENTATION_CONTEXT('2D SPACE',''
  ) );
#13716 = ORIENTED_EDGE('',*,*,#13667,.T.);
#13717 = ADVANCED_FACE('',(#13718),#13655,.T.);
#13718 = FACE_BOUND('',#13719,.T.);
#13719 = EDGE_LOOP('',(#13720));
#13720 = ORIENTED_EDGE('',*,*,#13633,.T.);
#13721 = ADVANCED_FACE('',(#13722),#13705,.F.);
#13722 = FACE_BOUND('',#13723,.T.);
#13723 = EDGE_LOOP('',(#13724));
#13724 = ORIENTED_EDGE('',*,*,#13690,.F.);
#13725 = ( GEOMETRIC_REPRESENTATION_CONTEXT(3) 
GLOBAL_UNCERTAINTY_ASSIGNED_CONTEXT((#13729)) 
GLOBAL_UNIT_ASSIGNED_CONTEXT((#13726,#13727,#13728)) 
REPRESENTATION_CONTEXT('Context #1',
  '3D Context with UNIT and UNCERTAINTY') );
#13726 = ( LENGTH_UNIT() NAMED_UNIT(*) SI_UNIT(.MILLI.,.METRE.) );
#13727 = ( NAMED_UNIT(*) PLANE_ANGLE_UNIT() SI_UNIT($,.RADIAN.) );
#13728 = ( NAMED_UNIT(*) SI_UNIT($,.STERADIAN.) SOLID_ANGLE_UNIT() );
#13729 = UNCERTAINTY_MEASURE_WITH_UNIT(LENGTH_MEASURE(1.E-07),#13726,
  'distance_accuracy_value','confusion accuracy');
#13730 = CONTEXT_DEPENDENT_SHAPE_REPRESENTATION(#13731,#13733);
#13731 = ( REPRESENTATION_RELATIONSHIP('','',#13626,#13450) 
REPRESENTATION_RELATIONSHIP_WITH_TRANSFORMATION(#13732) 
SHAPE_REPRESENTATION_RELATIONSHIP() );
#13732 = ITEM_DEFINED_TRANSFORMATION('','',#11,#13455);
#13733 = PRODUCT_DEFINITION_SHAPE('Placement','Placement of an item',
  #13734);
#13734 = NEXT_ASSEMBLY_USAGE_OCCURRENCE('102','=>[0:1:1:104]','',#13445,
  #13621,$);
#13735 = PRODUCT_RELATED_PRODUCT_CATEGORY('part',$,(#13623));
#13736 = SHAPE_DEFINITION_REPRESENTATION(#13737,#13743);
#13737 = PRODUCT_DEFINITION_SHAPE('','',#13738);
#13738 = PRODUCT_DEFINITION('design','',#13739,#13742);
#13739 = PRODUCT_DEFINITION_FORMATION('','',#13740);
#13740 = PRODUCT('SOLID','SOLID','',(#13741));
#13741 = PRODUCT_CONTEXT('',#2,'mechanical');
#13742 = PRODUCT_DEFINITION_CONTEXT('part definition',#2,'design');
#13743 = ADVANCED_BREP_SHAPE_REPRESENTATION('',(#11,#13744),#13842);
#13744 = MANIFOLD_SOLID_BREP('',#13745);
#13745 = CLOSED_SHELL('',(#13746,#13834,#13838));
#13746 = ADVANCED_FACE('',(#13747),#13760,.T.);
#13747 = FACE_BOUND('',#13748,.T.);
#13748 = EDGE_LOOP('',(#13749,#13783,#13806,#13833));
#13749 = ORIENTED_EDGE('',*,*,#13750,.F.);
#13750 = EDGE_CURVE('',#13751,#13751,#13753,.T.);
#13751 = VERTEX_POINT('',#13752);
#13752 = CARTESIAN_POINT('',(215.,60.,581.));
#13753 = SURFACE_CURVE('',#13754,(#13759,#13771),.PCURVE_S1.);
#13754 = CIRCLE('',#13755,6.);
#13755 = AXIS2_PLACEMENT_3D('',#13756,#13757,#13758);
#13756 = CARTESIAN_POINT('',(215.,60.,575.));
#13757 = DIRECTION('',(1.,0.,0.));
#13758 = DIRECTION('',(-0.,0.,1.));
#13759 = PCURVE('',#13760,#13765);
#13760 = CYLINDRICAL_SURFACE('',#13761,6.);
#13761 = AXIS2_PLACEMENT_3D('',#13762,#13763,#13764);
#13762 = CARTESIAN_POINT('',(-85.,60.,575.));
#13763 = DIRECTION('',(1.,0.,0.));
#13764 = DIRECTION('',(-0.,0.,1.));
#13765 = DEFINITIONAL_REPRESENTATION('',(#13766),#13770);
#13766 = LINE('',#13767,#13768);
#13767 = CARTESIAN_POINT('',(0.,300.));
#13768 = VECTOR('',#13769,1.);
#13769 = DIRECTION('',(1.,0.));
#13770 = ( GEOMETRIC_REPRESENTATION_CONTEXT(2) 
PARAMETRIC_REPRESENTATION_CONTEXT() REPRESENTATION_CONTEXT('2D SPACE',''
  ) );
#13771 = PCURVE('',#13772,#13777);
#13772 = PLANE('',#13773);
#13773 = AXIS2_PLACEMENT_3D('',#13774,#13775,#13776);
#13774 = CARTESIAN_POINT('',(215.,60.,575.));
#13775 = DIRECTION('',(1.,0.,0.));
#13776 = DIRECTION('',(-0.,0.,1.));
#13777 = DEFINITIONAL_REPRESENTATION('',(#13778),#13782);
#13778 = CIRCLE('',#13779,6.);
#13779 = AXIS2_PLACEMENT_2D('',#13780,#13781);
#13780 = CARTESIAN_POINT('',(0.,0.));
#13781 = DIRECTION('',(1.,0.));
#13782 = ( GEOMETRIC_REPRESENTATION_CONTEXT(2) 
PARAMETRIC_REPRESENTATION_CONTEXT() REPRESENTATION_CONTEXT('2D SPACE',''
  ) );
#13783 = ORIENTED_EDGE('',*,*,#13784,.F.);
#13784 = EDGE_CURVE('',#13785,#13751,#13787,.T.);
#13785 = VERTEX_POINT('',#13786);
#13786 = CARTESIAN_POINT('',(-85.,60.,581.));
#13787 = SEAM_CURVE('',#13788,(#13792,#13799),.PCURVE_S1.);
#13788 = LINE('',#13789,#13790);
#13789 = CARTESIAN_POINT('',(-85.,60.,581.));
#13790 = VECTOR('',#13791,1.);
#13791 = DIRECTION('',(1.,0.,0.));
#13792 = PCURVE('',#13760,#13793);
#13793 = DEFINITIONAL_REPRESENTATION('',(#13794),#13798);
#13794 = LINE('',#13795,#13796);
#13795 = CARTESIAN_POINT('',(6.28318530718,-0.));
#13796 = VECTOR('',#13797,1.);
#13797 = DIRECTION('',(0.,1.));
#13798 = ( GEOMETRIC_REPRESENTATION_CONTEXT(2) 
PARAMETRIC_REPRESENTATION_CONTEXT() REPRESENTATION_CONTEXT('2D SPACE',''
  ) );
#13799 = PCURVE('',#13760,#13800);
#13800 = DEFINITIONAL_REPRESENTATION('',(#13801),#13805);
#13801 = LINE('',#13802,#13803);
#13802 = CARTESIAN_POINT('',(0.,-0.));
#13803 = VECTOR('',#13804,1.);
#13804 = DIRECTION('',(0.,1.));
#13805 = ( GEOMETRIC_REPRESENTATION_CONTEXT(2) 
PARAMETRIC_REPRESENTATION_CONTEXT() REPRESENTATION_CONTEXT('2D SPACE',''
  ) );
#13806 = ORIENTED_EDGE('',*,*,#13807,.T.);
#13807 = EDGE_CURVE('',#13785,#13785,#13808,.T.);
#13808 = SURFACE_CURVE('',#13809,(#13814,#13821),.PCURVE_S1.);
#13809 = CIRCLE('',#13810,6.);
#13810 = AXIS2_PLACEMENT_3D('',#13811,#13812,#13813);
#13811 = CARTESIAN_POINT('',(-85.,60.,575.));
#13812 = DIRECTION('',(1.,0.,0.));
#13813 = DIRECTION('',(-0.,0.,1.));
#13814 = PCURVE('',#13760,#13815);
#13815 = DEFINITIONAL_REPRESENTATION('',(#13816),#13820);
#13816 = LINE('',#13817,#13818);
#13817 = CARTESIAN_POINT('',(0.,0.));
#13818 = VECTOR('',#13819,1.);
#13819 = DIRECTION('',(1.,0.));
#13820 = ( GEOMETRIC_REPRESENTATION_CONTEXT(2) 
PARAMETRIC_REPRESENTATION_CONTEXT() REPRESENTATION_CONTEXT('2D SPACE',''
  ) );
#13821 = PCURVE('',#13822,#13827);
#13822 = PLANE('',#13823);
#13823 = AXIS2_PLACEMENT_3D('',#13824,#13825,#13826);
#13824 = CARTESIAN_POINT('',(-85.,60.,575.));
#13825 = DIRECTION('',(1.,0.,0.));
#13826 = DIRECTION('',(-0.,0.,1.));
#13827 = DEFINITIONAL_REPRESENTATION('',(#13828),#13832);
#13828 = CIRCLE('',#13829,6.);
#13829 = AXIS2_PLACEMENT_2D('',#13830,#13831);
#13830 = CARTESIAN_POINT('',(0.,0.));
#13831 = DIRECTION('',(1.,0.));
#13832 = ( GEOMETRIC_REPRESENTATION_CONTEXT(2) 
PARAMETRIC_REPRESENTATION_CONTEXT() REPRESENTATION_CONTEXT('2D SPACE',''
  ) );
#13833 = ORIENTED_EDGE('',*,*,#13784,.T.);
#13834 = ADVANCED_FACE('',(#13835),#13772,.T.);
#13835 = FACE_BOUND('',#13836,.T.);
#13836 = EDGE_LOOP('',(#13837));
#13837 = ORIENTED_EDGE('',*,*,#13750,.T.);
#13838 = ADVANCED_FACE('',(#13839),#13822,.F.);
#13839 = FACE_BOUND('',#13840,.T.);
#13840 = EDGE_LOOP('',(#13841));
#13841 = ORIENTED_EDGE('',*,*,#13807,.F.);
#13842 = ( GEOMETRIC_REPRESENTATION_CONTEXT(3) 
GLOBAL_UNCERTAINTY_ASSIGNED_CONTEXT((#13846)) 
GLOBAL_UNIT_ASSIGNED_CONTEXT((#13843,#13844,#13845)) 
REPRESENTATION_CONTEXT('Context #1',
  '3D Context with UNIT and UNCERTAINTY') );
#13843 = ( LENGTH_UNIT() NAMED_UNIT(*) SI_UNIT(.MILLI.,.METRE.) );
#13844 = ( NAMED_UNIT(*) PLANE_ANGLE_UNIT() SI_UNIT($,.RADIAN.) );
#13845 = ( NAMED_UNIT(*) SI_UNIT($,.STERADIAN.) SOLID_ANGLE_UNIT() );
#13846 = UNCERTAINTY_MEASURE_WITH_UNIT(LENGTH_MEASURE(1.E-07),#13843,
  'distance_accuracy_value','confusion accuracy');
#13847 = CONTEXT_DEPENDENT_SHAPE_REPRESENTATION(#13848,#13850);
#13848 = ( REPRESENTATION_RELATIONSHIP('','',#13743,#13450) 
REPRESENTATION_RELATIONSHIP_WITH_TRANSFORMATION(#13849) 
SHAPE_REPRESENTATION_RELATIONSHIP() );
#13849 = ITEM_DEFINED_TRANSFORMATION('','',#11,#13459);
#13850 = PRODUCT_DEFINITION_SHAPE('Placement','Placement of an item',
  #13851);
#13851 = NEXT_ASSEMBLY_USAGE_OCCURRENCE('103','=>[0:1:1:105]','',#13445,
  #13738,$);
#13852 = PRODUCT_RELATED_PRODUCT_CATEGORY('part',$,(#13740));
#13853 = SHAPE_DEFINITION_REPRESENTATION(#13854,#13860);
#13854 = PRODUCT_DEFINITION_SHAPE('','',#13855);
#13855 = PRODUCT_DEFINITION('design','',#13856,#13859);
#13856 = PRODUCT_DEFINITION_FORMATION('','',#13857);
#13857 = PRODUCT('SOLID','SOLID','',(#13858));
#13858 = PRODUCT_CONTEXT('',#2,'mechanical');
#13859 = PRODUCT_DEFINITION_CONTEXT('part definition',#2,'design');
#13860 = ADVANCED_BREP_SHAPE_REPRESENTATION('',(#11,#13861),#13959);
#13861 = MANIFOLD_SOLID_BREP('',#13862);
#13862 = CLOSED_SHELL('',(#13863,#13951,#13955));
#13863 = ADVANCED_FACE('',(#13864),#13877,.T.);
#13864 = FACE_BOUND('',#13865,.T.);
#13865 = EDGE_LOOP('',(#13866,#13900,#13923,#13950));
#13866 = ORIENTED_EDGE('',*,*,#13867,.F.);
#13867 = EDGE_CURVE('',#13868,#13868,#13870,.T.);
#13868 = VERTEX_POINT('',#13869);
#13869 = CARTESIAN_POINT('',(-85.,60.,580.));
#13870 = SURFACE_CURVE('',#13871,(#13876,#13888),.PCURVE_S1.);
#13871 = CIRCLE('',#13872,5.);
#13872 = AXIS2_PLACEMENT_3D('',#13873,#13874,#13875);
#13873 = CARTESIAN_POINT('',(-85.,60.,575.));
#13874 = DIRECTION('',(0.,1.,0.));
#13875 = DIRECTION('',(0.,-0.,1.));
#13876 = PCURVE('',#13877,#13882);
#13877 = CYLINDRICAL_SURFACE('',#13878,5.);
#13878 = AXIS2_PLACEMENT_3D('',#13879,#13880,#13881);
#13879 = CARTESIAN_POINT('',(-85.,-60.,575.));
#13880 = DIRECTION('',(0.,1.,0.));
#13881 = DIRECTION('',(0.,-0.,1.));
#13882 = DEFINITIONAL_REPRESENTATION('',(#13883),#13887);
#13883 = LINE('',#13884,#13885);
#13884 = CARTESIAN_POINT('',(0.,120.));
#13885 = VECTOR('',#13886,1.);
#13886 = DIRECTION('',(1.,0.));
#13887 = ( GEOMETRIC_REPRESENTATION_CONTEXT(2) 
PARAMETRIC_REPRESENTATION_CONTEXT() REPRESENTATION_CONTEXT('2D SPACE',''
  ) );
#13888 = PCURVE('',#13889,#13894);
#13889 = PLANE('',#13890);
#13890 = AXIS2_PLACEMENT_3D('',#13891,#13892,#13893);
#13891 = CARTESIAN_POINT('',(-85.,60.,575.));
#13892 = DIRECTION('',(0.,1.,0.));
#13893 = DIRECTION('',(0.,-0.,1.));
#13894 = DEFINITIONAL_REPRESENTATION('',(#13895),#13899);
#13895 = CIRCLE('',#13896,5.);
#13896 = AXIS2_PLACEMENT_2D('',#13897,#13898);
#13897 = CARTESIAN_POINT('',(0.,0.));
#13898 = DIRECTION('',(1.,0.));
#13899 = ( GEOMETRIC_REPRESENTATION_CONTEXT(2) 
PARAMETRIC_REPRESENTATION_CONTEXT() REPRESENTATION_CONTEXT('2D SPACE',''
  ) );
#13900 = ORIENTED_EDGE('',*,*,#13901,.F.);
#13901 = EDGE_CURVE('',#13902,#13868,#13904,.T.);
#13902 = VERTEX_POINT('',#13903);
#13903 = CARTESIAN_POINT('',(-85.,-60.,580.));
#13904 = SEAM_CURVE('',#13905,(#13909,#13916),.PCURVE_S1.);
#13905 = LINE('',#13906,#13907);
#13906 = CARTESIAN_POINT('',(-85.,-60.,580.));
#13907 = VECTOR('',#13908,1.);
#13908 = DIRECTION('',(0.,1.,0.));
#13909 = PCURVE('',#13877,#13910);
#13910 = DEFINITIONAL_REPRESENTATION('',(#13911),#13915);
#13911 = LINE('',#13912,#13913);
#13912 = CARTESIAN_POINT('',(6.28318530718,-0.));
#13913 = VECTOR('',#13914,1.);
#13914 = DIRECTION('',(0.,1.));
#13915 = ( GEOMETRIC_REPRESENTATION_CONTEXT(2) 
PARAMETRIC_REPRESENTATION_CONTEXT() REPRESENTATION_CONTEXT('2D SPACE',''
  ) );
#13916 = PCURVE('',#13877,#13917);
#13917 = DEFINITIONAL_REPRESENTATION('',(#13918),#13922);
#13918 = LINE('',#13919,#13920);
#13919 = CARTESIAN_POINT('',(0.,-0.));
#13920 = VECTOR('',#13921,1.);
#13921 = DIRECTION('',(0.,1.));
#13922 = ( GEOMETRIC_REPRESENTATION_CONTEXT(2) 
PARAMETRIC_REPRESENTATION_CONTEXT() REPRESENTATION_CONTEXT('2D SPACE',''
  ) );
#13923 = ORIENTED_EDGE('',*,*,#13924,.T.);
#13924 = EDGE_CURVE('',#13902,#13902,#13925,.T.);
#13925 = SURFACE_CURVE('',#13926,(#13931,#13938),.PCURVE_S1.);
#13926 = CIRCLE('',#13927,5.);
#13927 = AXIS2_PLACEMENT_3D('',#13928,#13929,#13930);
#13928 = CARTESIAN_POINT('',(-85.,-60.,575.));
#13929 = DIRECTION('',(0.,1.,0.));
#13930 = DIRECTION('',(0.,-0.,1.));
#13931 = PCURVE('',#13877,#13932);
#13932 = DEFINITIONAL_REPRESENTATION('',(#13933),#13937);
#13933 = LINE('',#13934,#13935);
#13934 = CARTESIAN_POINT('',(0.,0.));
#13935 = VECTOR('',#13936,1.);
#13936 = DIRECTION('',(1.,0.));
#13937 = ( GEOMETRIC_REPRESENTATION_CONTEXT(2) 
PARAMETRIC_REPRESENTATION_CONTEXT() REPRESENTATION_CONTEXT('2D SPACE',''
  ) );
#13938 = PCURVE('',#13939,#13944);
#13939 = PLANE('',#13940);
#13940 = AXIS2_PLACEMENT_3D('',#13941,#13942,#13943);
#13941 = CARTESIAN_POINT('',(-85.,-60.,575.));
#13942 = DIRECTION('',(0.,1.,0.));
#13943 = DIRECTION('',(0.,-0.,1.));
#13944 = DEFINITIONAL_REPRESENTATION('',(#13945),#13949);
#13945 = CIRCLE('',#13946,5.);
#13946 = AXIS2_PLACEMENT_2D('',#13947,#13948);
#13947 = CARTESIAN_POINT('',(0.,0.));
#13948 = DIRECTION('',(1.,0.));
#13949 = ( GEOMETRIC_REPRESENTATION_CONTEXT(2) 
PARAMETRIC_REPRESENTATION_CONTEXT() REPRESENTATION_CONTEXT('2D SPACE',''
  ) );
#13950 = ORIENTED_EDGE('',*,*,#13901,.T.);
#13951 = ADVANCED_FACE('',(#13952),#13889,.T.);
#13952 = FACE_BOUND('',#13953,.T.);
#13953 = EDGE_LOOP('',(#13954));
#13954 = ORIENTED_EDGE('',*,*,#13867,.T.);
#13955 = ADVANCED_FACE('',(#13956),#13939,.F.);
#13956 = FACE_BOUND('',#13957,.T.);
#13957 = EDGE_LOOP('',(#13958));
#13958 = ORIENTED_EDGE('',*,*,#13924,.F.);
#13959 = ( GEOMETRIC_REPRESENTATION_CONTEXT(3) 
GLOBAL_UNCERTAINTY_ASSIGNED_CONTEXT((#13963)) 
GLOBAL_UNIT_ASSIGNED_CONTEXT((#13960,#13961,#13962)) 
REPRESENTATION_CONTEXT('Context #1',
  '3D Context with UNIT and UNCERTAINTY') );
#13960 = ( LENGTH_UNIT() NAMED_UNIT(*) SI_UNIT(.MILLI.,.METRE.) );
#13961 = ( NAMED_UNIT(*) PLANE_ANGLE_UNIT() SI_UNIT($,.RADIAN.) );
#13962 = ( NAMED_UNIT(*) SI_UNIT($,.STERADIAN.) SOLID_ANGLE_UNIT() );
#13963 = UNCERTAINTY_MEASURE_WITH_UNIT(LENGTH_MEASURE(1.E-07),#13960,
  'distance_accuracy_value','confusion accuracy');
#13964 = CONTEXT_DEPENDENT_SHAPE_REPRESENTATION(#13965,#13967);
#13965 = ( REPRESENTATION_RELATIONSHIP('','',#13860,#13450) 
REPRESENTATION_RELATIONSHIP_WITH_TRANSFORMATION(#13966) 
SHAPE_REPRESENTATION_RELATIONSHIP() );
#13966 = ITEM_DEFINED_TRANSFORMATION('','',#11,#13463);
#13967 = PRODUCT_DEFINITION_SHAPE('Placement','Placement of an item',
  #13968);
#13968 = NEXT_ASSEMBLY_USAGE_OCCURRENCE('104','=>[0:1:1:106]','',#13445,
  #13855,$);
#13969 = PRODUCT_RELATED_PRODUCT_CATEGORY('part',$,(#13857));
#13970 = SHAPE_DEFINITION_REPRESENTATION(#13971,#13977);
#13971 = PRODUCT_DEFINITION_SHAPE('','',#13972);
#13972 = PRODUCT_DEFINITION('design','',#13973,#13976);
#13973 = PRODUCT_DEFINITION_FORMATION('','',#13974);
#13974 = PRODUCT('SOLID','SOLID','',(#13975));
#13975 = PRODUCT_CONTEXT('',#2,'mechanical');
#13976 = PRODUCT_DEFINITION_CONTEXT('part definition',#2,'design');
#13977 = ADVANCED_BREP_SHAPE_REPRESENTATION('',(#11,#13978),#14076);
#13978 = MANIFOLD_SOLID_BREP('',#13979);
#13979 = CLOSED_SHELL('',(#13980,#14068,#14072));
#13980 = ADVANCED_FACE('',(#13981),#13994,.T.);
#13981 = FACE_BOUND('',#13982,.T.);
#13982 = EDGE_LOOP('',(#13983,#14017,#14040,#14067));
#13983 = ORIENTED_EDGE('',*,*,#13984,.F.);
#13984 = EDGE_CURVE('',#13985,#13985,#13987,.T.);
#13985 = VERTEX_POINT('',#13986);
#13986 = CARTESIAN_POINT('',(65.,60.,580.));
#13987 = SURFACE_CURVE('',#13988,(#13993,#14005),.PCURVE_S1.);
#13988 = CIRCLE('',#13989,5.);
#13989 = AXIS2_PLACEMENT_3D('',#13990,#13991,#13992);
#13990 = CARTESIAN_POINT('',(65.,60.,575.));
#13991 = DIRECTION('',(0.,1.,0.));
#13992 = DIRECTION('',(0.,-0.,1.));
#13993 = PCURVE('',#13994,#13999);
#13994 = CYLINDRICAL_SURFACE('',#13995,5.);
#13995 = AXIS2_PLACEMENT_3D('',#13996,#13997,#13998);
#13996 = CARTESIAN_POINT('',(65.,-60.,575.));
#13997 = DIRECTION('',(0.,1.,0.));
#13998 = DIRECTION('',(0.,-0.,1.));
#13999 = DEFINITIONAL_REPRESENTATION('',(#14000),#14004);
#14000 = LINE('',#14001,#14002);
#14001 = CARTESIAN_POINT('',(0.,120.));
#14002 = VECTOR('',#14003,1.);
#14003 = DIRECTION('',(1.,0.));
#14004 = ( GEOMETRIC_REPRESENTATION_CONTEXT(2) 
PARAMETRIC_REPRESENTATION_CONTEXT() REPRESENTATION_CONTEXT('2D SPACE',''
  ) );
#14005 = PCURVE('',#14006,#14011);
#14006 = PLANE('',#14007);
#14007 = AXIS2_PLACEMENT_3D('',#14008,#14009,#14010);
#14008 = CARTESIAN_POINT('',(65.,60.,575.));
#14009 = DIRECTION('',(0.,1.,0.));
#14010 = DIRECTION('',(0.,-0.,1.));
#14011 = DEFINITIONAL_REPRESENTATION('',(#14012),#14016);
#14012 = CIRCLE('',#14013,5.);
#14013 = AXIS2_PLACEMENT_2D('',#14014,#14015);
#14014 = CARTESIAN_POINT('',(0.,0.));
#14015 = DIRECTION('',(1.,0.));
#14016 = ( GEOMETRIC_REPRESENTATION_CONTEXT(2) 
PARAMETRIC_REPRESENTATION_CONTEXT() REPRESENTATION_CONTEXT('2D SPACE',''
  ) );
#14017 = ORIENTED_EDGE('',*,*,#14018,.F.);
#14018 = EDGE_CURVE('',#14019,#13985,#14021,.T.);
#14019 = VERTEX_POINT('',#14020);
#14020 = CARTESIAN_POINT('',(65.,-60.,580.));
#14021 = SEAM_CURVE('',#14022,(#14026,#14033),.PCURVE_S1.);
#14022 = LINE('',#14023,#14024);
#14023 = CARTESIAN_POINT('',(65.,-60.,580.));
#14024 = VECTOR('',#14025,1.);
#14025 = DIRECTION('',(0.,1.,0.));
#14026 = PCURVE('',#13994,#14027);
#14027 = DEFINITIONAL_REPRESENTATION('',(#14028),#14032);
#14028 = LINE('',#14029,#14030);
#14029 = CARTESIAN_POINT('',(6.28318530718,-0.));
#14030 = VECTOR('',#14031,1.);
#14031 = DIRECTION('',(0.,1.));
#14032 = ( GEOMETRIC_REPRESENTATION_CONTEXT(2) 
PARAMETRIC_REPRESENTATION_CONTEXT() REPRESENTATION_CONTEXT('2D SPACE',''
  ) );
#14033 = PCURVE('',#13994,#14034);
#14034 = DEFINITIONAL_REPRESENTATION('',(#14035),#14039);
#14035 = LINE('',#14036,#14037);
#14036 = CARTESIAN_POINT('',(0.,-0.));
#14037 = VECTOR('',#14038,1.);
#14038 = DIRECTION('',(0.,1.));
#14039 = ( GEOMETRIC_REPRESENTATION_CONTEXT(2) 
PARAMETRIC_REPRESENTATION_CONTEXT() REPRESENTATION_CONTEXT('2D SPACE',''
  ) );
#14040 = ORIENTED_EDGE('',*,*,#14041,.T.);
#14041 = EDGE_CURVE('',#14019,#14019,#14042,.T.);
#14042 = SURFACE_CURVE('',#14043,(#14048,#14055),.PCURVE_S1.);
#14043 = CIRCLE('',#14044,5.);
#14044 = AXIS2_PLACEMENT_3D('',#14045,#14046,#14047);
#14045 = CARTESIAN_POINT('',(65.,-60.,575.));
#14046 = DIRECTION('',(0.,1.,0.));
#14047 = DIRECTION('',(0.,-0.,1.));
#14048 = PCURVE('',#13994,#14049);
#14049 = DEFINITIONAL_REPRESENTATION('',(#14050),#14054);
#14050 = LINE('',#14051,#14052);
#14051 = CARTESIAN_POINT('',(0.,0.));
#14052 = VECTOR('',#14053,1.);
#14053 = DIRECTION('',(1.,0.));
#14054 = ( GEOMETRIC_REPRESENTATION_CONTEXT(2) 
PARAMETRIC_REPRESENTATION_CONTEXT() REPRESENTATION_CONTEXT('2D SPACE',''
  ) );
#14055 = PCURVE('',#14056,#14061);
#14056 = PLANE('',#14057);
#14057 = AXIS2_PLACEMENT_3D('',#14058,#14059,#14060);
#14058 = CARTESIAN_POINT('',(65.,-60.,575.));
#14059 = DIRECTION('',(0.,1.,0.));
#14060 = DIRECTION('',(0.,-0.,1.));
#14061 = DEFINITIONAL_REPRESENTATION('',(#14062),#14066);
#14062 = CIRCLE('',#14063,5.);
#14063 = AXIS2_PLACEMENT_2D('',#14064,#14065);
#14064 = CARTESIAN_POINT('',(0.,0.));
#14065 = DIRECTION('',(1.,0.));
#14066 = ( GEOMETRIC_REPRESENTATION_CONTEXT(2) 
PARAMETRIC_REPRESENTATION_CONTEXT() REPRESENTATION_CONTEXT('2D SPACE',''
  ) );
#14067 = ORIENTED_EDGE('',*,*,#14018,.T.);
#14068 = ADVANCED_FACE('',(#14069),#14006,.T.);
#14069 = FACE_BOUND('',#14070,.T.);
#14070 = EDGE_LOOP('',(#14071));
#14071 = ORIENTED_EDGE('',*,*,#13984,.T.);
#14072 = ADVANCED_FACE('',(#14073),#14056,.F.);
#14073 = FACE_BOUND('',#14074,.T.);
#14074 = EDGE_LOOP('',(#14075));
#14075 = ORIENTED_EDGE('',*,*,#14041,.F.);
#14076 = ( GEOMETRIC_REPRESENTATION_CONTEXT(3) 
GLOBAL_UNCERTAINTY_ASSIGNED_CONTEXT((#14080)) 
GLOBAL_UNIT_ASSIGNED_CONTEXT((#14077,#14078,#14079)) 
REPRESENTATION_CONTEXT('Context #1',
  '3D Context with UNIT and UNCERTAINTY') );
#14077 = ( LENGTH_UNIT() NAMED_UNIT(*) SI_UNIT(.MILLI.,.METRE.) );
#14078 = ( NAMED_UNIT(*) PLANE_ANGLE_UNIT() SI_UNIT($,.RADIAN.) );
#14079 = ( NAMED_UNIT(*) SI_UNIT($,.STERADIAN.) SOLID_ANGLE_UNIT() );
#14080 = UNCERTAINTY_MEASURE_WITH_UNIT(LENGTH_MEASURE(1.E-07),#14077,
  'distance_accuracy_value','confusion accuracy');
#14081 = CONTEXT_DEPENDENT_SHAPE_REPRESENTATION(#14082,#14084);
#14082 = ( REPRESENTATION_RELATIONSHIP('','',#13977,#13450) 
REPRESENTATION_RELATIONSHIP_WITH_TRANSFORMATION(#14083) 
SHAPE_REPRESENTATION_RELATIONSHIP() );
#14083 = ITEM_DEFINED_TRANSFORMATION('','',#11,#13467);
#14084 = PRODUCT_DEFINITION_SHAPE('Placement','Placement of an item',
  #14085);
#14085 = NEXT_ASSEMBLY_USAGE_OCCURRENCE('105','=>[0:1:1:107]','',#13445,
  #13972,$);
#14086 = PRODUCT_RELATED_PRODUCT_CATEGORY('part',$,(#13974));
#14087 = SHAPE_DEFINITION_REPRESENTATION(#14088,#14094);
#14088 = PRODUCT_DEFINITION_SHAPE('','',#14089);
#14089 = PRODUCT_DEFINITION('design','',#14090,#14093);
#14090 = PRODUCT_DEFINITION_FORMATION('','',#14091);
#14091 = PRODUCT('SOLID','SOLID','',(#14092));
#14092 = PRODUCT_CONTEXT('',#2,'mechanical');
#14093 = PRODUCT_DEFINITION_CONTEXT('part definition',#2,'design');
#14094 = ADVANCED_BREP_SHAPE_REPRESENTATION('',(#11,#14095),#14193);
#14095 = MANIFOLD_SOLID_BREP('',#14096);
#14096 = CLOSED_SHELL('',(#14097,#14185,#14189));
#14097 = ADVANCED_FACE('',(#14098),#14111,.T.);
#14098 = FACE_BOUND('',#14099,.T.);
#14099 = EDGE_LOOP('',(#14100,#14134,#14157,#14184));
#14100 = ORIENTED_EDGE('',*,*,#14101,.F.);
#14101 = EDGE_CURVE('',#14102,#14102,#14104,.T.);
#14102 = VERTEX_POINT('',#14103);
#14103 = CARTESIAN_POINT('',(215.,60.,580.));
#14104 = SURFACE_CURVE('',#14105,(#14110,#14122),.PCURVE_S1.);
#14105 = CIRCLE('',#14106,5.);
#14106 = AXIS2_PLACEMENT_3D('',#14107,#14108,#14109);
#14107 = CARTESIAN_POINT('',(215.,60.,575.));
#14108 = DIRECTION('',(0.,1.,0.));
#14109 = DIRECTION('',(0.,-0.,1.));
#14110 = PCURVE('',#14111,#14116);
#14111 = CYLINDRICAL_SURFACE('',#14112,5.);
#14112 = AXIS2_PLACEMENT_3D('',#14113,#14114,#14115);
#14113 = CARTESIAN_POINT('',(215.,-60.,575.));
#14114 = DIRECTION('',(0.,1.,0.));
#14115 = DIRECTION('',(0.,-0.,1.));
#14116 = DEFINITIONAL_REPRESENTATION('',(#14117),#14121);
#14117 = LINE('',#14118,#14119);
#14118 = CARTESIAN_POINT('',(0.,120.));
#14119 = VECTOR('',#14120,1.);
#14120 = DIRECTION('',(1.,0.));
#14121 = ( GEOMETRIC_REPRESENTATION_CONTEXT(2) 
PARAMETRIC_REPRESENTATION_CONTEXT() REPRESENTATION_CONTEXT('2D SPACE',''
  ) );
#14122 = PCURVE('',#14123,#14128);
#14123 = PLANE('',#14124);
#14124 = AXIS2_PLACEMENT_3D('',#14125,#14126,#14127);
#14125 = CARTESIAN_POINT('',(215.,60.,575.));
#14126 = DIRECTION('',(0.,1.,0.));
#14127 = DIRECTION('',(0.,-0.,1.));
#14128 = DEFINITIONAL_REPRESENTATION('',(#14129),#14133);
#14129 = CIRCLE('',#14130,5.);
#14130 = AXIS2_PLACEMENT_2D('',#14131,#14132);
#14131 = CARTESIAN_POINT('',(0.,0.));
#14132 = DIRECTION('',(1.,0.));
#14133 = ( GEOMETRIC_REPRESENTATION_CONTEXT(2) 
PARAMETRIC_REPRESENTATION_CONTEXT() REPRESENTATION_CONTEXT('2D SPACE',''
  ) );
#14134 = ORIENTED_EDGE('',*,*,#14135,.F.);
#14135 = EDGE_CURVE('',#14136,#14102,#14138,.T.);
#14136 = VERTEX_POINT('',#14137);
#14137 = CARTESIAN_POINT('',(215.,-60.,580.));
#14138 = SEAM_CURVE('',#14139,(#14143,#14150),.PCURVE_S1.);
#14139 = LINE('',#14140,#14141);
#14140 = CARTESIAN_POINT('',(215.,-60.,580.));
#14141 = VECTOR('',#14142,1.);
#14142 = DIRECTION('',(0.,1.,0.));
#14143 = PCURVE('',#14111,#14144);
#14144 = DEFINITIONAL_REPRESENTATION('',(#14145),#14149);
#14145 = LINE('',#14146,#14147);
#14146 = CARTESIAN_POINT('',(6.28318530718,-0.));
#14147 = VECTOR('',#14148,1.);
#14148 = DIRECTION('',(0.,1.));
#14149 = ( GEOMETRIC_REPRESENTATION_CONTEXT(2) 
PARAMETRIC_REPRESENTATION_CONTEXT() REPRESENTATION_CONTEXT('2D SPACE',''
  ) );
#14150 = PCURVE('',#14111,#14151);
#14151 = DEFINITIONAL_REPRESENTATION('',(#14152),#14156);
#14152 = LINE('',#14153,#14154);
#14153 = CARTESIAN_POINT('',(0.,-0.));
#14154 = VECTOR('',#14155,1.);
#14155 = DIRECTION('',(0.,1.));
#14156 = ( GEOMETRIC_REPRESENTATION_CONTEXT(2) 
PARAMETRIC_REPRESENTATION_CONTEXT() REPRESENTATION_CONTEXT('2D SPACE',''
  ) );
#14157 = ORIENTED_EDGE('',*,*,#14158,.T.);
#14158 = EDGE_CURVE('',#14136,#14136,#14159,.T.);
#14159 = SURFACE_CURVE('',#14160,(#14165,#14172),.PCURVE_S1.);
#14160 = CIRCLE('',#14161,5.);
#14161 = AXIS2_PLACEMENT_3D('',#14162,#14163,#14164);
#14162 = CARTESIAN_POINT('',(215.,-60.,575.));
#14163 = DIRECTION('',(0.,1.,0.));
#14164 = DIRECTION('',(0.,-0.,1.));
#14165 = PCURVE('',#14111,#14166);
#14166 = DEFINITIONAL_REPRESENTATION('',(#14167),#14171);
#14167 = LINE('',#14168,#14169);
#14168 = CARTESIAN_POINT('',(0.,0.));
#14169 = VECTOR('',#14170,1.);
#14170 = DIRECTION('',(1.,0.));
#14171 = ( GEOMETRIC_REPRESENTATION_CONTEXT(2) 
PARAMETRIC_REPRESENTATION_CONTEXT() REPRESENTATION_CONTEXT('2D SPACE',''
  ) );
#14172 = PCURVE('',#14173,#14178);
#14173 = PLANE('',#14174);
#14174 = AXIS2_PLACEMENT_3D('',#14175,#14176,#14177);
#14175 = CARTESIAN_POINT('',(215.,-60.,575.));
#14176 = DIRECTION('',(0.,1.,0.));
#14177 = DIRECTION('',(0.,-0.,1.));
#14178 = DEFINITIONAL_REPRESENTATION('',(#14179),#14183);
#14179 = CIRCLE('',#14180,5.);
#14180 = AXIS2_PLACEMENT_2D('',#14181,#14182);
#14181 = CARTESIAN_POINT('',(0.,0.));
#14182 = DIRECTION('',(1.,0.));
#14183 = ( GEOMETRIC_REPRESENTATION_CONTEXT(2) 
PARAMETRIC_REPRESENTATION_CONTEXT() REPRESENTATION_CONTEXT('2D SPACE',''
  ) );
#14184 = ORIENTED_EDGE('',*,*,#14135,.T.);
#14185 = ADVANCED_FACE('',(#14186),#14123,.T.);
#14186 = FACE_BOUND('',#14187,.T.);
#14187 = EDGE_LOOP('',(#14188));
#14188 = ORIENTED_EDGE('',*,*,#14101,.T.);
#14189 = ADVANCED_FACE('',(#14190),#14173,.F.);
#14190 = FACE_BOUND('',#14191,.T.);
#14191 = EDGE_LOOP('',(#14192));
#14192 = ORIENTED_EDGE('',*,*,#14158,.F.);
#14193 = ( GEOMETRIC_REPRESENTATION_CONTEXT(3) 
GLOBAL_UNCERTAINTY_ASSIGNED_CONTEXT((#14197)) 
GLOBAL_UNIT_ASSIGNED_CONTEXT((#14194,#14195,#14196)) 
REPRESENTATION_CONTEXT('Context #1',
  '3D Context with UNIT and UNCERTAINTY') );
#14194 = ( LENGTH_UNIT() NAMED_UNIT(*) SI_UNIT(.MILLI.,.METRE.) );
#14195 = ( NAMED_UNIT(*) PLANE_ANGLE_UNIT() SI_UNIT($,.RADIAN.) );
#14196 = ( NAMED_UNIT(*) SI_UNIT($,.STERADIAN.) SOLID_ANGLE_UNIT() );
#14197 = UNCERTAINTY_MEASURE_WITH_UNIT(LENGTH_MEASURE(1.E-07),#14194,
  'distance_accuracy_value','confusion accuracy');
#14198 = CONTEXT_DEPENDENT_SHAPE_REPRESENTATION(#14199,#14201);
#14199 = ( REPRESENTATION_RELATIONSHIP('','',#14094,#13450) 
REPRESENTATION_RELATIONSHIP_WITH_TRANSFORMATION(#14200) 
SHAPE_REPRESENTATION_RELATIONSHIP() );
#14200 = ITEM_DEFINED_TRANSFORMATION('','',#11,#13471);
#14201 = PRODUCT_DEFINITION_SHAPE('Placement','Placement of an item',
  #14202);
#14202 = NEXT_ASSEMBLY_USAGE_OCCURRENCE('106','=>[0:1:1:108]','',#13445,
  #14089,$);
#14203 = PRODUCT_RELATED_PRODUCT_CATEGORY('part',$,(#14091));
#14204 = SHAPE_DEFINITION_REPRESENTATION(#14205,#14211);
#14205 = PRODUCT_DEFINITION_SHAPE('','',#14206);
#14206 = PRODUCT_DEFINITION('design','',#14207,#14210);
#14207 = PRODUCT_DEFINITION_FORMATION('','',#14208);
#14208 = PRODUCT('SOLID','SOLID','',(#14209));
#14209 = PRODUCT_CONTEXT('',#2,'mechanical');
#14210 = PRODUCT_DEFINITION_CONTEXT('part definition',#2,'design');
#14211 = ADVANCED_BREP_SHAPE_REPRESENTATION('',(#11,#14212),#14310);
#14212 = MANIFOLD_SOLID_BREP('',#14213);
#14213 = CLOSED_SHELL('',(#14214,#14302,#14306));
#14214 = ADVANCED_FACE('',(#14215),#14228,.T.);
#14215 = FACE_BOUND('',#14216,.T.);
#14216 = EDGE_LOOP('',(#14217,#14251,#14274,#14301));
#14217 = ORIENTED_EDGE('',*,*,#14218,.F.);
#14218 = EDGE_CURVE('',#14219,#14219,#14221,.T.);
#14219 = VERTEX_POINT('',#14220);
#14220 = CARTESIAN_POINT('',(-5.815384615385,-62.,258.52307692307));
#14221 = SURFACE_CURVE('',#14222,(#14227,#14239),.PCURVE_S1.);
#14222 = CIRCLE('',#14223,6.);
#14223 = AXIS2_PLACEMENT_3D('',#14224,#14225,#14226);
#14224 = CARTESIAN_POINT('',(1.42108547152E-14,-62.,260.));
#14225 = DIRECTION('',(0.246149185385,-6.153729634625E-03,
    -0.969212417453));
#14226 = DIRECTION('',(-0.969230769231,2.168404344971E-19,
    -0.246153846154));
#14227 = PCURVE('',#14228,#14233);
#14228 = CYLINDRICAL_SURFACE('',#14229,6.);
#14229 = AXIS2_PLACEMENT_3D('',#14230,#14231,#14232);
#14230 = CARTESIAN_POINT('',(-80.,-60.,575.));
#14231 = DIRECTION('',(0.246149185385,-6.153729634625E-03,
    -0.969212417453));
#14232 = DIRECTION('',(-0.969230769231,2.168404344971E-19,
    -0.246153846154));
#14233 = DEFINITIONAL_REPRESENTATION('',(#14234),#14238);
#14234 = LINE('',#14235,#14236);
#14235 = CARTESIAN_POINT('',(0.,325.00615378789));
#14236 = VECTOR('',#14237,1.);
#14237 = DIRECTION('',(1.,0.));
#14238 = ( GEOMETRIC_REPRESENTATION_CONTEXT(2) 
PARAMETRIC_REPRESENTATION_CONTEXT() REPRESENTATION_CONTEXT('2D SPACE',''
  ) );
#14239 = PCURVE('',#14240,#14245);
#14240 = PLANE('',#14241);
#14241 = AXIS2_PLACEMENT_3D('',#14242,#14243,#14244);
#14242 = CARTESIAN_POINT('',(1.42108547152E-14,-62.,260.));
#14243 = DIRECTION('',(0.246149185385,-6.153729634625E-03,
    -0.969212417453));
#14244 = DIRECTION('',(-0.969230769231,2.168404344971E-19,
    -0.246153846154));
#14245 = DEFINITIONAL_REPRESENTATION('',(#14246),#14250);
#14246 = CIRCLE('',#14247,6.);
#14247 = AXIS2_PLACEMENT_2D('',#14248,#14249);
#14248 = CARTESIAN_POINT('',(0.,0.));
#14249 = DIRECTION('',(1.,0.));
#14250 = ( GEOMETRIC_REPRESENTATION_CONTEXT(2) 
PARAMETRIC_REPRESENTATION_CONTEXT() REPRESENTATION_CONTEXT('2D SPACE',''
  ) );
#14251 = ORIENTED_EDGE('',*,*,#14252,.F.);
#14252 = EDGE_CURVE('',#14253,#14219,#14255,.T.);
#14253 = VERTEX_POINT('',#14254);
#14254 = CARTESIAN_POINT('',(-85.81538461538,-60.,573.52307692307));
#14255 = SEAM_CURVE('',#14256,(#14260,#14267),.PCURVE_S1.);
#14256 = LINE('',#14257,#14258);
#14257 = CARTESIAN_POINT('',(-85.81538461538,-60.,573.52307692307));
#14258 = VECTOR('',#14259,1.);
#14259 = DIRECTION('',(0.246149185385,-6.153729634625E-03,
    -0.969212417453));
#14260 = PCURVE('',#14228,#14261);
#14261 = DEFINITIONAL_REPRESENTATION('',(#14262),#14266);
#14262 = LINE('',#14263,#14264);
#14263 = CARTESIAN_POINT('',(6.28318530718,-0.));
#14264 = VECTOR('',#14265,1.);
#14265 = DIRECTION('',(0.,1.));
#14266 = ( GEOMETRIC_REPRESENTATION_CONTEXT(2) 
PARAMETRIC_REPRESENTATION_CONTEXT() REPRESENTATION_CONTEXT('2D SPACE',''
  ) );
#14267 = PCURVE('',#14228,#14268);
#14268 = DEFINITIONAL_REPRESENTATION('',(#14269),#14273);
#14269 = LINE('',#14270,#14271);
#14270 = CARTESIAN_POINT('',(0.,-0.));
#14271 = VECTOR('',#14272,1.);
#14272 = DIRECTION('',(0.,1.));
#14273 = ( GEOMETRIC_REPRESENTATION_CONTEXT(2) 
PARAMETRIC_REPRESENTATION_CONTEXT() REPRESENTATION_CONTEXT('2D SPACE',''
  ) );
#14274 = ORIENTED_EDGE('',*,*,#14275,.T.);
#14275 = EDGE_CURVE('',#14253,#14253,#14276,.T.);
#14276 = SURFACE_CURVE('',#14277,(#14282,#14289),.PCURVE_S1.);
#14277 = CIRCLE('',#14278,6.);
#14278 = AXIS2_PLACEMENT_3D('',#14279,#14280,#14281);
#14279 = CARTESIAN_POINT('',(-80.,-60.,575.));
#14280 = DIRECTION('',(0.246149185385,-6.153729634625E-03,
    -0.969212417453));
#14281 = DIRECTION('',(-0.969230769231,2.168404344971E-19,
    -0.246153846154));
#14282 = PCURVE('',#14228,#14283);
#14283 = DEFINITIONAL_REPRESENTATION('',(#14284),#14288);
#14284 = LINE('',#14285,#14286);
#14285 = CARTESIAN_POINT('',(0.,0.));
#14286 = VECTOR('',#14287,1.);
#14287 = DIRECTION('',(1.,0.));
#14288 = ( GEOMETRIC_REPRESENTATION_CONTEXT(2) 
PARAMETRIC_REPRESENTATION_CONTEXT() REPRESENTATION_CONTEXT('2D SPACE',''
  ) );
#14289 = PCURVE('',#14290,#14295);
#14290 = PLANE('',#14291);
#14291 = AXIS2_PLACEMENT_3D('',#14292,#14293,#14294);
#14292 = CARTESIAN_POINT('',(-80.,-60.,575.));
#14293 = DIRECTION('',(0.246149185385,-6.153729634625E-03,
    -0.969212417453));
#14294 = DIRECTION('',(-0.969230769231,2.168404344971E-19,
    -0.246153846154));
#14295 = DEFINITIONAL_REPRESENTATION('',(#14296),#14300);
#14296 = CIRCLE('',#14297,6.);
#14297 = AXIS2_PLACEMENT_2D('',#14298,#14299);
#14298 = CARTESIAN_POINT('',(0.,0.));
#14299 = DIRECTION('',(1.,0.));
#14300 = ( GEOMETRIC_REPRESENTATION_CONTEXT(2) 
PARAMETRIC_REPRESENTATION_CONTEXT() REPRESENTATION_CONTEXT('2D SPACE',''
  ) );
#14301 = ORIENTED_EDGE('',*,*,#14252,.T.);
#14302 = ADVANCED_FACE('',(#14303),#14240,.T.);
#14303 = FACE_BOUND('',#14304,.T.);
#14304 = EDGE_LOOP('',(#14305));
#14305 = ORIENTED_EDGE('',*,*,#14218,.T.);
#14306 = ADVANCED_FACE('',(#14307),#14290,.F.);
#14307 = FACE_BOUND('',#14308,.T.);
#14308 = EDGE_LOOP('',(#14309));
#14309 = ORIENTED_EDGE('',*,*,#14275,.F.);
#14310 = ( GEOMETRIC_REPRESENTATION_CONTEXT(3) 
GLOBAL_UNCERTAINTY_ASSIGNED_CONTEXT((#14314)) 
GLOBAL_UNIT_ASSIGNED_CONTEXT((#14311,#14312,#14313)) 
REPRESENTATION_CONTEXT('Context #1',
  '3D Context with UNIT and UNCERTAINTY') );
#14311 = ( LENGTH_UNIT() NAMED_UNIT(*) SI_UNIT(.MILLI.,.METRE.) );
#14312 = ( NAMED_UNIT(*) PLANE_ANGLE_UNIT() SI_UNIT($,.RADIAN.) );
#14313 = ( NAMED_UNIT(*) SI_UNIT($,.STERADIAN.) SOLID_ANGLE_UNIT() );
#14314 = UNCERTAINTY_MEASURE_WITH_UNIT(LENGTH_MEASURE(1.E-07),#14311,
  'distance_accuracy_value','confusion accuracy');
#14315 = CONTEXT_DEPENDENT_SHAPE_REPRESENTATION(#14316,#14318);
#14316 = ( REPRESENTATION_RELATIONSHIP('','',#14211,#13450) 
REPRESENTATION_RELATIONSHIP_WITH_TRANSFORMATION(#14317) 
SHAPE_REPRESENTATION_RELATIONSHIP() );
#14317 = ITEM_DEFINED_TRANSFORMATION('','',#11,#13475);
#14318 = PRODUCT_DEFINITION_SHAPE('Placement','Placement of an item',
  #14319);
#14319 = NEXT_ASSEMBLY_USAGE_OCCURRENCE('107','=>[0:1:1:109]','',#13445,
  #14206,$);
#14320 = PRODUCT_RELATED_PRODUCT_CATEGORY('part',$,(#14208));
#14321 = SHAPE_DEFINITION_REPRESENTATION(#14322,#14328);
#14322 = PRODUCT_DEFINITION_SHAPE('','',#14323);
#14323 = PRODUCT_DEFINITION('design','',#14324,#14327);
#14324 = PRODUCT_DEFINITION_FORMATION('','',#14325);
#14325 = PRODUCT('SOLID','SOLID','',(#14326));
#14326 = PRODUCT_CONTEXT('',#2,'mechanical');
#14327 = PRODUCT_DEFINITION_CONTEXT('part definition',#2,'design');
#14328 = ADVANCED_BREP_SHAPE_REPRESENTATION('',(#11,#14329),#14427);
#14329 = MANIFOLD_SOLID_BREP('',#14330);
#14330 = CLOSED_SHELL('',(#14331,#14419,#14423));
#14331 = ADVANCED_FACE('',(#14332),#14345,.T.);
#14332 = FACE_BOUND('',#14333,.T.);
#14333 = EDGE_LOOP('',(#14334,#14368,#14391,#14418));
#14334 = ORIENTED_EDGE('',*,*,#14335,.F.);
#14335 = EDGE_CURVE('',#14336,#14336,#14338,.T.);
#14336 = VERTEX_POINT('',#14337);
#14337 = CARTESIAN_POINT('',(-5.815384615385,62.,258.52307692307));
#14338 = SURFACE_CURVE('',#14339,(#14344,#14356),.PCURVE_S1.);
#14339 = CIRCLE('',#14340,6.);
#14340 = AXIS2_PLACEMENT_3D('',#14341,#14342,#14343);
#14341 = CARTESIAN_POINT('',(1.42108547152E-14,62.,260.));
#14342 = DIRECTION('',(0.246149185385,6.153729634625E-03,-0.969212417453
    ));
#14343 = DIRECTION('',(-0.969230769231,-2.168404344971E-19,
    -0.246153846154));
#14344 = PCURVE('',#14345,#14350);
#14345 = CYLINDRICAL_SURFACE('',#14346,6.);
#14346 = AXIS2_PLACEMENT_3D('',#14347,#14348,#14349);
#14347 = CARTESIAN_POINT('',(-80.,60.,575.));
#14348 = DIRECTION('',(0.246149185385,6.153729634625E-03,-0.969212417453
    ));
#14349 = DIRECTION('',(-0.969230769231,-2.168404344971E-19,
    -0.246153846154));
#14350 = DEFINITIONAL_REPRESENTATION('',(#14351),#14355);
#14351 = LINE('',#14352,#14353);
#14352 = CARTESIAN_POINT('',(0.,325.00615378789));
#14353 = VECTOR('',#14354,1.);
#14354 = DIRECTION('',(1.,0.));
#14355 = ( GEOMETRIC_REPRESENTATION_CONTEXT(2) 
PARAMETRIC_REPRESENTATION_CONTEXT() REPRESENTATION_CONTEXT('2D SPACE',''
  ) );
#14356 = PCURVE('',#14357,#14362);
#14357 = PLANE('',#14358);
#14358 = AXIS2_PLACEMENT_3D('',#14359,#14360,#14361);
#14359 = CARTESIAN_POINT('',(1.42108547152E-14,62.,260.));
#14360 = DIRECTION('',(0.246149185385,6.153729634625E-03,-0.969212417453
    ));
#14361 = DIRECTION('',(-0.969230769231,-2.168404344971E-19,
    -0.246153846154));
#14362 = DEFINITIONAL_REPRESENTATION('',(#14363),#14367);
#14363 = CIRCLE('',#14364,6.);
#14364 = AXIS2_PLACEMENT_2D('',#14365,#14366);
#14365 = CARTESIAN_POINT('',(0.,0.));
#14366 = DIRECTION('',(1.,0.));
#14367 = ( GEOMETRIC_REPRESENTATION_CONTEXT(2) 
PARAMETRIC_REPRESENTATION_CONTEXT() REPRESENTATION_CONTEXT('2D SPACE',''
  ) );
#14368 = ORIENTED_EDGE('',*,*,#14369,.F.);
#14369 = EDGE_CURVE('',#14370,#14336,#14372,.T.);
#14370 = VERTEX_POINT('',#14371);
#14371 = CARTESIAN_POINT('',(-85.81538461538,60.,573.52307692307));
#14372 = SEAM_CURVE('',#14373,(#14377,#14384),.PCURVE_S1.);
#14373 = LINE('',#14374,#14375);
#14374 = CARTESIAN_POINT('',(-85.81538461538,60.,573.52307692307));
#14375 = VECTOR('',#14376,1.);
#14376 = DIRECTION('',(0.246149185385,6.153729634625E-03,-0.969212417453
    ));
#14377 = PCURVE('',#14345,#14378);
#14378 = DEFINITIONAL_REPRESENTATION('',(#14379),#14383);
#14379 = LINE('',#14380,#14381);
#14380 = CARTESIAN_POINT('',(6.28318530718,-0.));
#14381 = VECTOR('',#14382,1.);
#14382 = DIRECTION('',(0.,1.));
#14383 = ( GEOMETRIC_REPRESENTATION_CONTEXT(2) 
PARAMETRIC_REPRESENTATION_CONTEXT() REPRESENTATION_CONTEXT('2D SPACE',''
  ) );
#14384 = PCURVE('',#14345,#14385);
#14385 = DEFINITIONAL_REPRESENTATION('',(#14386),#14390);
#14386 = LINE('',#14387,#14388);
#14387 = CARTESIAN_POINT('',(0.,-0.));
#14388 = VECTOR('',#14389,1.);
#14389 = DIRECTION('',(0.,1.));
#14390 = ( GEOMETRIC_REPRESENTATION_CONTEXT(2) 
PARAMETRIC_REPRESENTATION_CONTEXT() REPRESENTATION_CONTEXT('2D SPACE',''
  ) );
#14391 = ORIENTED_EDGE('',*,*,#14392,.T.);
#14392 = EDGE_CURVE('',#14370,#14370,#14393,.T.);
#14393 = SURFACE_CURVE('',#14394,(#14399,#14406),.PCURVE_S1.);
#14394 = CIRCLE('',#14395,6.);
#14395 = AXIS2_PLACEMENT_3D('',#14396,#14397,#14398);
#14396 = CARTESIAN_POINT('',(-80.,60.,575.));
#14397 = DIRECTION('',(0.246149185385,6.153729634625E-03,-0.969212417453
    ));
#14398 = DIRECTION('',(-0.969230769231,-2.168404344971E-19,
    -0.246153846154));
#14399 = PCURVE('',#14345,#14400);
#14400 = DEFINITIONAL_REPRESENTATION('',(#14401),#14405);
#14401 = LINE('',#14402,#14403);
#14402 = CARTESIAN_POINT('',(0.,0.));
#14403 = VECTOR('',#14404,1.);
#14404 = DIRECTION('',(1.,0.));
#14405 = ( GEOMETRIC_REPRESENTATION_CONTEXT(2) 
PARAMETRIC_REPRESENTATION_CONTEXT() REPRESENTATION_CONTEXT('2D SPACE',''
  ) );
#14406 = PCURVE('',#14407,#14412);
#14407 = PLANE('',#14408);
#14408 = AXIS2_PLACEMENT_3D('',#14409,#14410,#14411);
#14409 = CARTESIAN_POINT('',(-80.,60.,575.));
#14410 = DIRECTION('',(0.246149185385,6.153729634625E-03,-0.969212417453
    ));
#14411 = DIRECTION('',(-0.969230769231,-2.168404344971E-19,
    -0.246153846154));
#14412 = DEFINITIONAL_REPRESENTATION('',(#14413),#14417);
#14413 = CIRCLE('',#14414,6.);
#14414 = AXIS2_PLACEMENT_2D('',#14415,#14416);
#14415 = CARTESIAN_POINT('',(0.,0.));
#14416 = DIRECTION('',(1.,0.));
#14417 = ( GEOMETRIC_REPRESENTATION_CONTEXT(2) 
PARAMETRIC_REPRESENTATION_CONTEXT() REPRESENTATION_CONTEXT('2D SPACE',''
  ) );
#14418 = ORIENTED_EDGE('',*,*,#14369,.T.);
#14419 = ADVANCED_FACE('',(#14420),#14357,.T.);
#14420 = FACE_BOUND('',#14421,.T.);
#14421 = EDGE_LOOP('',(#14422));
#14422 = ORIENTED_EDGE('',*,*,#14335,.T.);
#14423 = ADVANCED_FACE('',(#14424),#14407,.F.);
#14424 = FACE_BOUND('',#14425,.T.);
#14425 = EDGE_LOOP('',(#14426));
#14426 = ORIENTED_EDGE('',*,*,#14392,.F.);
#14427 = ( GEOMETRIC_REPRESENTATION_CONTEXT(3) 
GLOBAL_UNCERTAINTY_ASSIGNED_CONTEXT((#14431)) 
GLOBAL_UNIT_ASSIGNED_CONTEXT((#14428,#14429,#14430)) 
REPRESENTATION_CONTEXT('Context #1',
  '3D Context with UNIT and UNCERTAINTY') );
#14428 = ( LENGTH_UNIT() NAMED_UNIT(*) SI_UNIT(.MILLI.,.METRE.) );
#14429 = ( NAMED_UNIT(*) PLANE_ANGLE_UNIT() SI_UNIT($,.RADIAN.) );
#14430 = ( NAMED_UNIT(*) SI_UNIT($,.STERADIAN.) SOLID_ANGLE_UNIT() );
#14431 = UNCERTAINTY_MEASURE_WITH_UNIT(LENGTH_MEASURE(1.E-07),#14428,
  'distance_accuracy_value','confusion accuracy');
#14432 = CONTEXT_DEPENDENT_SHAPE_REPRESENTATION(#14433,#14435);
#14433 = ( REPRESENTATION_RELATIONSHIP('','',#14328,#13450) 
REPRESENTATION_RELATIONSHIP_WITH_TRANSFORMATION(#14434) 
SHAPE_REPRESENTATION_RELATIONSHIP() );
#14434 = ITEM_DEFINED_TRANSFORMATION('','',#11,#13479);
#14435 = PRODUCT_DEFINITION_SHAPE('Placement','Placement of an item',
  #14436);
#14436 = NEXT_ASSEMBLY_USAGE_OCCURRENCE('108','=>[0:1:1:110]','',#13445,
  #14323,$);
#14437 = PRODUCT_RELATED_PRODUCT_CATEGORY('part',$,(#14325));
#14438 = SHAPE_DEFINITION_REPRESENTATION(#14439,#14445);
#14439 = PRODUCT_DEFINITION_SHAPE('','',#14440);
#14440 = PRODUCT_DEFINITION('design','',#14441,#14444);
#14441 = PRODUCT_DEFINITION_FORMATION('','',#14442);
#14442 = PRODUCT('SOLID','SOLID','',(#14443));
#14443 = PRODUCT_CONTEXT('',#2,'mechanical');
#14444 = PRODUCT_DEFINITION_CONTEXT('part definition',#2,'design');
#14445 = ADVANCED_BREP_SHAPE_REPRESENTATION('',(#11,#14446),#14544);
#14446 = MANIFOLD_SOLID_BREP('',#14447);
#14447 = CLOSED_SHELL('',(#14448,#14536,#14540));
#14448 = ADVANCED_FACE('',(#14449),#14462,.T.);
#14449 = FACE_BOUND('',#14450,.T.);
#14450 = EDGE_LOOP('',(#14451,#14485,#14508,#14535));
#14451 = ORIENTED_EDGE('',*,*,#14452,.F.);
#14452 = EDGE_CURVE('',#14453,#14453,#14455,.T.);
#14453 = VERTEX_POINT('',#14454);
#14454 = CARTESIAN_POINT('',(167.36800633424,-30.,359.57110338382));
#14455 = SURFACE_CURVE('',#14456,(#14461,#14473),.PCURVE_S1.);
#14456 = CIRCLE('',#14457,4.);
#14457 = AXIS2_PLACEMENT_3D('',#14458,#14459,#14460);
#14458 = CARTESIAN_POINT('',(171.30540327962,-30.,358.86618828645));
#14459 = DIRECTION('',(-0.174606541396,0.13537280876,-0.975288038658));
#14460 = DIRECTION('',(-0.984349236345,1.040834085586E-17,0.176228774343
    ));
#14461 = PCURVE('',#14462,#14467);
#14462 = CYLINDRICAL_SURFACE('',#14463,4.);
#14463 = AXIS2_PLACEMENT_3D('',#14464,#14465,#14466);
#14464 = CARTESIAN_POINT('',(210.,-60.,575.));
#14465 = DIRECTION('',(-0.174606541396,0.13537280876,-0.975288038658));
#14466 = DIRECTION('',(-0.984349236345,6.938893903907E-18,0.176228774343
    ));
#14467 = DEFINITIONAL_REPRESENTATION('',(#14468),#14472);
#14468 = LINE('',#14469,#14470);
#14469 = CARTESIAN_POINT('',(0.,221.61023528073));
#14470 = VECTOR('',#14471,1.);
#14471 = DIRECTION('',(1.,0.));
#14472 = ( GEOMETRIC_REPRESENTATION_CONTEXT(2) 
PARAMETRIC_REPRESENTATION_CONTEXT() REPRESENTATION_CONTEXT('2D SPACE',''
  ) );
#14473 = PCURVE('',#14474,#14479);
#14474 = PLANE('',#14475);
#14475 = AXIS2_PLACEMENT_3D('',#14476,#14477,#14478);
#14476 = CARTESIAN_POINT('',(171.30540327962,-30.,358.86618828645));
#14477 = DIRECTION('',(-0.174606541396,0.13537280876,-0.975288038658));
#14478 = DIRECTION('',(-0.984349236345,6.938893903907E-18,0.176228774343
    ));
#14479 = DEFINITIONAL_REPRESENTATION('',(#14480),#14484);
#14480 = CIRCLE('',#14481,4.);
#14481 = AXIS2_PLACEMENT_2D('',#14482,#14483);
#14482 = CARTESIAN_POINT('',(0.,0.));
#14483 = DIRECTION('',(1.,0.));
#14484 = ( GEOMETRIC_REPRESENTATION_CONTEXT(2) 
PARAMETRIC_REPRESENTATION_CONTEXT() REPRESENTATION_CONTEXT('2D SPACE',''
  ) );
#14485 = ORIENTED_EDGE('',*,*,#14486,.F.);
#14486 = EDGE_CURVE('',#14487,#14453,#14489,.T.);
#14487 = VERTEX_POINT('',#14488);
#14488 = CARTESIAN_POINT('',(206.06260305461,-60.,575.70491509737));
#14489 = SEAM_CURVE('',#14490,(#14494,#14501),.PCURVE_S1.);
#14490 = LINE('',#14491,#14492);
#14491 = CARTESIAN_POINT('',(206.06260305461,-60.,575.70491509737));
#14492 = VECTOR('',#14493,1.);
#14493 = DIRECTION('',(-0.174606541396,0.13537280876,-0.975288038658));
#14494 = PCURVE('',#14462,#14495);
#14495 = DEFINITIONAL_REPRESENTATION('',(#14496),#14500);
#14496 = LINE('',#14497,#14498);
#14497 = CARTESIAN_POINT('',(6.28318530718,-0.));
#14498 = VECTOR('',#14499,1.);
#14499 = DIRECTION('',(0.,1.));
#14500 = ( GEOMETRIC_REPRESENTATION_CONTEXT(2) 
PARAMETRIC_REPRESENTATION_CONTEXT() REPRESENTATION_CONTEXT('2D SPACE',''
  ) );
#14501 = PCURVE('',#14462,#14502);
#14502 = DEFINITIONAL_REPRESENTATION('',(#14503),#14507);
#14503 = LINE('',#14504,#14505);
#14504 = CARTESIAN_POINT('',(0.,-0.));
#14505 = VECTOR('',#14506,1.);
#14506 = DIRECTION('',(0.,1.));
#14507 = ( GEOMETRIC_REPRESENTATION_CONTEXT(2) 
PARAMETRIC_REPRESENTATION_CONTEXT() REPRESENTATION_CONTEXT('2D SPACE',''
  ) );
#14508 = ORIENTED_EDGE('',*,*,#14509,.T.);
#14509 = EDGE_CURVE('',#14487,#14487,#14510,.T.);
#14510 = SURFACE_CURVE('',#14511,(#14516,#14523),.PCURVE_S1.);
#14511 = CIRCLE('',#14512,4.);
#14512 = AXIS2_PLACEMENT_3D('',#14513,#14514,#14515);
#14513 = CARTESIAN_POINT('',(210.,-60.,575.));
#14514 = DIRECTION('',(-0.174606541396,0.13537280876,-0.975288038658));
#14515 = DIRECTION('',(-0.984349236345,1.040834085586E-17,0.176228774343
    ));
#14516 = PCURVE('',#14462,#14517);
#14517 = DEFINITIONAL_REPRESENTATION('',(#14518),#14522);
#14518 = LINE('',#14519,#14520);
#14519 = CARTESIAN_POINT('',(0.,0.));
#14520 = VECTOR('',#14521,1.);
#14521 = DIRECTION('',(1.,0.));
#14522 = ( GEOMETRIC_REPRESENTATION_CONTEXT(2) 
PARAMETRIC_REPRESENTATION_CONTEXT() REPRESENTATION_CONTEXT('2D SPACE',''
  ) );
#14523 = PCURVE('',#14524,#14529);
#14524 = PLANE('',#14525);
#14525 = AXIS2_PLACEMENT_3D('',#14526,#14527,#14528);
#14526 = CARTESIAN_POINT('',(210.,-60.,575.));
#14527 = DIRECTION('',(-0.174606541396,0.13537280876,-0.975288038658));
#14528 = DIRECTION('',(-0.984349236345,6.938893903907E-18,0.176228774343
    ));
#14529 = DEFINITIONAL_REPRESENTATION('',(#14530),#14534);
#14530 = CIRCLE('',#14531,4.);
#14531 = AXIS2_PLACEMENT_2D('',#14532,#14533);
#14532 = CARTESIAN_POINT('',(0.,0.));
#14533 = DIRECTION('',(1.,0.));
#14534 = ( GEOMETRIC_REPRESENTATION_CONTEXT(2) 
PARAMETRIC_REPRESENTATION_CONTEXT() REPRESENTATION_CONTEXT('2D SPACE',''
  ) );
#14535 = ORIENTED_EDGE('',*,*,#14486,.T.);
#14536 = ADVANCED_FACE('',(#14537),#14474,.T.);
#14537 = FACE_BOUND('',#14538,.T.);
#14538 = EDGE_LOOP('',(#14539));
#14539 = ORIENTED_EDGE('',*,*,#14452,.T.);
#14540 = ADVANCED_FACE('',(#14541),#14524,.F.);
#14541 = FACE_BOUND('',#14542,.T.);
#14542 = EDGE_LOOP('',(#14543));
#14543 = ORIENTED_EDGE('',*,*,#14509,.F.);
#14544 = ( GEOMETRIC_REPRESENTATION_CONTEXT(3) 
GLOBAL_UNCERTAINTY_ASSIGNED_CONTEXT((#14548)) 
GLOBAL_UNIT_ASSIGNED_CONTEXT((#14545,#14546,#14547)) 
REPRESENTATION_CONTEXT('Context #1',
  '3D Context with UNIT and UNCERTAINTY') );
#14545 = ( LENGTH_UNIT() NAMED_UNIT(*) SI_UNIT(.MILLI.,.METRE.) );
#14546 = ( NAMED_UNIT(*) PLANE_ANGLE_UNIT() SI_UNIT($,.RADIAN.) );
#14547 = ( NAMED_UNIT(*) SI_UNIT($,.STERADIAN.) SOLID_ANGLE_UNIT() );
#14548 = UNCERTAINTY_MEASURE_WITH_UNIT(LENGTH_MEASURE(1.E-07),#14545,
  'distance_accuracy_value','confusion accuracy');
#14549 = CONTEXT_DEPENDENT_SHAPE_REPRESENTATION(#14550,#14552);
#14550 = ( REPRESENTATION_RELATIONSHIP('','',#14445,#13450) 
REPRESENTATION_RELATIONSHIP_WITH_TRANSFORMATION(#14551) 
SHAPE_REPRESENTATION_RELATIONSHIP() );
#14551 = ITEM_DEFINED_TRANSFORMATION('','',#11,#13483);
#14552 = PRODUCT_DEFINITION_SHAPE('Placement','Placement of an item',
  #14553);
#14553 = NEXT_ASSEMBLY_USAGE_OCCURRENCE('109','=>[0:1:1:111]','',#13445,
  #14440,$);
#14554 = PRODUCT_RELATED_PRODUCT_CATEGORY('part',$,(#14442));
#14555 = SHAPE_DEFINITION_REPRESENTATION(#14556,#14562);
#14556 = PRODUCT_DEFINITION_SHAPE('','',#14557);
#14557 = PRODUCT_DEFINITION('design','',#14558,#14561);
#14558 = PRODUCT_DEFINITION_FORMATION('','',#14559);
#14559 = PRODUCT('SOLID','SOLID','',(#14560));
#14560 = PRODUCT_CONTEXT('',#2,'mechanical');
#14561 = PRODUCT_DEFINITION_CONTEXT('part definition',#2,'design');
#14562 = ADVANCED_BREP_SHAPE_REPRESENTATION('',(#11,#14563),#14661);
#14563 = MANIFOLD_SOLID_BREP('',#14564);
#14564 = CLOSED_SHELL('',(#14565,#14653,#14657));
#14565 = ADVANCED_FACE('',(#14566),#14579,.T.);
#14566 = FACE_BOUND('',#14567,.T.);
#14567 = EDGE_LOOP('',(#14568,#14602,#14625,#14652));
#14568 = ORIENTED_EDGE('',*,*,#14569,.F.);
#14569 = EDGE_CURVE('',#14570,#14570,#14572,.T.);
#14570 = VERTEX_POINT('',#14571);
#14571 = CARTESIAN_POINT('',(167.36800633424,30.,359.57110338382));
#14572 = SURFACE_CURVE('',#14573,(#14578,#14590),.PCURVE_S1.);
#14573 = CIRCLE('',#14574,4.);
#14574 = AXIS2_PLACEMENT_3D('',#14575,#14576,#14577);
#14575 = CARTESIAN_POINT('',(171.30540327962,30.,358.86618828645));
#14576 = DIRECTION('',(-0.174606541396,-0.13537280876,-0.975288038658));
#14577 = DIRECTION('',(-0.984349236345,-1.040834085586E-17,
    0.176228774343));
#14578 = PCURVE('',#14579,#14584);
#14579 = CYLINDRICAL_SURFACE('',#14580,4.);
#14580 = AXIS2_PLACEMENT_3D('',#14581,#14582,#14583);
#14581 = CARTESIAN_POINT('',(210.,60.,575.));
#14582 = DIRECTION('',(-0.174606541396,-0.13537280876,-0.975288038658));
#14583 = DIRECTION('',(-0.984349236345,-6.938893903907E-18,
    0.176228774343));
#14584 = DEFINITIONAL_REPRESENTATION('',(#14585),#14589);
#14585 = LINE('',#14586,#14587);
#14586 = CARTESIAN_POINT('',(0.,221.61023528073));
#14587 = VECTOR('',#14588,1.);
#14588 = DIRECTION('',(1.,0.));
#14589 = ( GEOMETRIC_REPRESENTATION_CONTEXT(2) 
PARAMETRIC_REPRESENTATION_CONTEXT() REPRESENTATION_CONTEXT('2D SPACE',''
  ) );
#14590 = PCURVE('',#14591,#14596);
#14591 = PLANE('',#14592);
#14592 = AXIS2_PLACEMENT_3D('',#14593,#14594,#14595);
#14593 = CARTESIAN_POINT('',(171.30540327962,30.,358.86618828645));
#14594 = DIRECTION('',(-0.174606541396,-0.13537280876,-0.975288038658));
#14595 = DIRECTION('',(-0.984349236345,-6.938893903907E-18,
    0.176228774343));
#14596 = DEFINITIONAL_REPRESENTATION('',(#14597),#14601);
#14597 = CIRCLE('',#14598,4.);
#14598 = AXIS2_PLACEMENT_2D('',#14599,#14600);
#14599 = CARTESIAN_POINT('',(0.,0.));
#14600 = DIRECTION('',(1.,0.));
#14601 = ( GEOMETRIC_REPRESENTATION_CONTEXT(2) 
PARAMETRIC_REPRESENTATION_CONTEXT() REPRESENTATION_CONTEXT('2D SPACE',''
  ) );
#14602 = ORIENTED_EDGE('',*,*,#14603,.F.);
#14603 = EDGE_CURVE('',#14604,#14570,#14606,.T.);
#14604 = VERTEX_POINT('',#14605);
#14605 = CARTESIAN_POINT('',(206.06260305461,60.,575.70491509737));
#14606 = SEAM_CURVE('',#14607,(#14611,#14618),.PCURVE_S1.);
#14607 = LINE('',#14608,#14609);
#14608 = CARTESIAN_POINT('',(206.06260305461,60.,575.70491509737));
#14609 = VECTOR('',#14610,1.);
#14610 = DIRECTION('',(-0.174606541396,-0.13537280876,-0.975288038658));
#14611 = PCURVE('',#14579,#14612);
#14612 = DEFINITIONAL_REPRESENTATION('',(#14613),#14617);
#14613 = LINE('',#14614,#14615);
#14614 = CARTESIAN_POINT('',(6.28318530718,-0.));
#14615 = VECTOR('',#14616,1.);
#14616 = DIRECTION('',(0.,1.));
#14617 = ( GEOMETRIC_REPRESENTATION_CONTEXT(2) 
PARAMETRIC_REPRESENTATION_CONTEXT() REPRESENTATION_CONTEXT('2D SPACE',''
  ) );
#14618 = PCURVE('',#14579,#14619);
#14619 = DEFINITIONAL_REPRESENTATION('',(#14620),#14624);
#14620 = LINE('',#14621,#14622);
#14621 = CARTESIAN_POINT('',(0.,-0.));
#14622 = VECTOR('',#14623,1.);
#14623 = DIRECTION('',(0.,1.));
#14624 = ( GEOMETRIC_REPRESENTATION_CONTEXT(2) 
PARAMETRIC_REPRESENTATION_CONTEXT() REPRESENTATION_CONTEXT('2D SPACE',''
  ) );
#14625 = ORIENTED_EDGE('',*,*,#14626,.T.);
#14626 = EDGE_CURVE('',#14604,#14604,#14627,.T.);
#14627 = SURFACE_CURVE('',#14628,(#14633,#14640),.PCURVE_S1.);
#14628 = CIRCLE('',#14629,4.);
#14629 = AXIS2_PLACEMENT_3D('',#14630,#14631,#14632);
#14630 = CARTESIAN_POINT('',(210.,60.,575.));
#14631 = DIRECTION('',(-0.174606541396,-0.13537280876,-0.975288038658));
#14632 = DIRECTION('',(-0.984349236345,-1.040834085586E-17,
    0.176228774343));
#14633 = PCURVE('',#14579,#14634);
#14634 = DEFINITIONAL_REPRESENTATION('',(#14635),#14639);
#14635 = LINE('',#14636,#14637);
#14636 = CARTESIAN_POINT('',(0.,0.));
#14637 = VECTOR('',#14638,1.);
#14638 = DIRECTION('',(1.,0.));
#14639 = ( GEOMETRIC_REPRESENTATION_CONTEXT(2) 
PARAMETRIC_REPRESENTATION_CONTEXT() REPRESENTATION_CONTEXT('2D SPACE',''
  ) );
#14640 = PCURVE('',#14641,#14646);
#14641 = PLANE('',#14642);
#14642 = AXIS2_PLACEMENT_3D('',#14643,#14644,#14645);
#14643 = CARTESIAN_POINT('',(210.,60.,575.));
#14644 = DIRECTION('',(-0.174606541396,-0.13537280876,-0.975288038658));
#14645 = DIRECTION('',(-0.984349236345,-6.938893903907E-18,
    0.176228774343));
#14646 = DEFINITIONAL_REPRESENTATION('',(#14647),#14651);
#14647 = CIRCLE('',#14648,4.);
#14648 = AXIS2_PLACEMENT_2D('',#14649,#14650);
#14649 = CARTESIAN_POINT('',(0.,0.));
#14650 = DIRECTION('',(1.,0.));
#14651 = ( GEOMETRIC_REPRESENTATION_CONTEXT(2) 
PARAMETRIC_REPRESENTATION_CONTEXT() REPRESENTATION_CONTEXT('2D SPACE',''
  ) );
#14652 = ORIENTED_EDGE('',*,*,#14603,.T.);
#14653 = ADVANCED_FACE('',(#14654),#14591,.T.);
#14654 = FACE_BOUND('',#14655,.T.);
#14655 = EDGE_LOOP('',(#14656));
#14656 = ORIENTED_EDGE('',*,*,#14569,.T.);
#14657 = ADVANCED_FACE('',(#14658),#14641,.F.);
#14658 = FACE_BOUND('',#14659,.T.);
#14659 = EDGE_LOOP('',(#14660));
#14660 = ORIENTED_EDGE('',*,*,#14626,.F.);
#14661 = ( GEOMETRIC_REPRESENTATION_CONTEXT(3) 
GLOBAL_UNCERTAINTY_ASSIGNED_CONTEXT((#14665)) 
GLOBAL_UNIT_ASSIGNED_CONTEXT((#14662,#14663,#14664)) 
REPRESENTATION_CONTEXT('Context #1',
  '3D Context with UNIT and UNCERTAINTY') );
#14662 = ( LENGTH_UNIT() NAMED_UNIT(*) SI_UNIT(.MILLI.,.METRE.) );
#14663 = ( NAMED_UNIT(*) PLANE_ANGLE_UNIT() SI_UNIT($,.RADIAN.) );
#14664 = ( NAMED_UNIT(*) SI_UNIT($,.STERADIAN.) SOLID_ANGLE_UNIT() );
#14665 = UNCERTAINTY_MEASURE_WITH_UNIT(LENGTH_MEASURE(1.E-07),#14662,
  'distance_accuracy_value','confusion accuracy');
#14666 = CONTEXT_DEPENDENT_SHAPE_REPRESENTATION(#14667,#14669);
#14667 = ( REPRESENTATION_RELATIONSHIP('','',#14562,#13450) 
REPRESENTATION_RELATIONSHIP_WITH_TRANSFORMATION(#14668) 
SHAPE_REPRESENTATION_RELATIONSHIP() );
#14668 = ITEM_DEFINED_TRANSFORMATION('','',#11,#13487);
#14669 = PRODUCT_DEFINITION_SHAPE('Placement','Placement of an item',
  #14670);
#14670 = NEXT_ASSEMBLY_USAGE_OCCURRENCE('110','=>[0:1:1:112]','',#13445,
  #14557,$);
#14671 = PRODUCT_RELATED_PRODUCT_CATEGORY('part',$,(#14559));
#14672 = SHAPE_DEFINITION_REPRESENTATION(#14673,#14679);
#14673 = PRODUCT_DEFINITION_SHAPE('','',#14674);
#14674 = PRODUCT_DEFINITION('design','',#14675,#14678);
#14675 = PRODUCT_DEFINITION_FORMATION('','',#14676);
#14676 = PRODUCT('COMPOUND','COMPOUND','',(#14677));
#14677 = PRODUCT_CONTEXT('',#2,'mechanical');
#14678 = PRODUCT_DEFINITION_CONTEXT('part definition',#2,'design');
#14679 = SHAPE_REPRESENTATION('',(#11,#14680,#14684),#14688);
#14680 = AXIS2_PLACEMENT_3D('',#14681,#14682,#14683);
#14681 = CARTESIAN_POINT('',(0.,0.,0.));
#14682 = DIRECTION('',(0.,0.,1.));
#14683 = DIRECTION('',(1.,0.,-0.));
#14684 = AXIS2_PLACEMENT_3D('',#14685,#14686,#14687);
#14685 = CARTESIAN_POINT('',(0.,0.,0.));
#14686 = DIRECTION('',(0.,0.,1.));
#14687 = DIRECTION('',(1.,0.,-0.));
#14688 = ( GEOMETRIC_REPRESENTATION_CONTEXT(3) 
GLOBAL_UNCERTAINTY_ASSIGNED_CONTEXT((#14692)) 
GLOBAL_UNIT_ASSIGNED_CONTEXT((#14689,#14690,#14691)) 
REPRESENTATION_CONTEXT('Context #1',
  '3D Context with UNIT and UNCERTAINTY') );
#14689 = ( LENGTH_UNIT() NAMED_UNIT(*) SI_UNIT(.MILLI.,.METRE.) );
#14690 = ( NAMED_UNIT(*) PLANE_ANGLE_UNIT() SI_UNIT($,.RADIAN.) );
#14691 = ( NAMED_UNIT(*) SI_UNIT($,.STERADIAN.) SOLID_ANGLE_UNIT() );
#14692 = UNCERTAINTY_MEASURE_WITH_UNIT(LENGTH_MEASURE(2.E-07),#14689,
  'distance_accuracy_value','confusion accuracy');
#14693 = CONTEXT_DEPENDENT_SHAPE_REPRESENTATION(#14694,#14696);
#14694 = ( REPRESENTATION_RELATIONSHIP('','',#14679,#10) 
REPRESENTATION_RELATIONSHIP_WITH_TRANSFORMATION(#14695) 
SHAPE_REPRESENTATION_RELATIONSHIP() );
#14695 = ITEM_DEFINED_TRANSFORMATION('','',#11,#67);
#14696 = PRODUCT_DEFINITION_SHAPE('Placement','Placement of an item',
  #14697);
#14697 = NEXT_ASSEMBLY_USAGE_OCCURRENCE('114','=>[0:1:1:113]','',#5,
  #14674,$);
#14698 = PRODUCT_RELATED_PRODUCT_CATEGORY('part',$,(#14676));
#14699 = SHAPE_DEFINITION_REPRESENTATION(#14700,#14706);
#14700 = PRODUCT_DEFINITION_SHAPE('','',#14701);
#14701 = PRODUCT_DEFINITION('design','',#14702,#14705);
#14702 = PRODUCT_DEFINITION_FORMATION('','',#14703);
#14703 = PRODUCT('SOLID','SOLID','',(#14704));
#14704 = PRODUCT_CONTEXT('',#2,'mechanical');
#14705 = PRODUCT_DEFINITION_CONTEXT('part definition',#2,'design');
#14706 = ADVANCED_BREP_SHAPE_REPRESENTATION('',(#11,#14707),#15037);
#14707 = MANIFOLD_SOLID_BREP('',#14708);
#14708 = CLOSED_SHELL('',(#14709,#14821,#14901,#14966,#14998,#15030));
#14709 = ADVANCED_FACE('',(#14710),#14724,.F.);
#14710 = FACE_BOUND('',#14711,.F.);
#14711 = EDGE_LOOP('',(#14712,#14745,#14771,#14797));
#14712 = ORIENTED_EDGE('',*,*,#14713,.F.);
#14713 = EDGE_CURVE('',#14714,#14716,#14718,.T.);
#14714 = VERTEX_POINT('',#14715);
#14715 = CARTESIAN_POINT('',(-270.,-32.,250.));
#14716 = VERTEX_POINT('',#14717);
#14717 = CARTESIAN_POINT('',(-270.,32.,250.));
#14718 = SURFACE_CURVE('',#14719,(#14723,#14734),.PCURVE_S1.);
#14719 = LINE('',#14720,#14721);
#14720 = CARTESIAN_POINT('',(-270.,-32.,250.));
#14721 = VECTOR('',#14722,1.);
#14722 = DIRECTION('',(0.,1.,0.));
#14723 = PCURVE('',#14724,#14729);
#14724 = PLANE('',#14725);
#14725 = AXIS2_PLACEMENT_3D('',#14726,#14727,#14728);
#14726 = CARTESIAN_POINT('',(-390.,-100.,250.));
#14727 = DIRECTION('',(0.,0.,1.));
#14728 = DIRECTION('',(1.,0.,-0.));
#14729 = DEFINITIONAL_REPRESENTATION('',(#14730),#14733);
#14730 = B_SPLINE_CURVE_WITH_KNOTS('',1,(#14731,#14732),.UNSPECIFIED.,
  .F.,.F.,(2,2),(-5.999999999062E-07,64.0000006),
  .PIECEWISE_BEZIER_KNOTS.);
#14731 = CARTESIAN_POINT('',(120.,67.9999994));
#14732 = CARTESIAN_POINT('',(120.,132.0000006));
#14733 = ( GEOMETRIC_REPRESENTATION_CONTEXT(2) 
PARAMETRIC_REPRESENTATION_CONTEXT() REPRESENTATION_CONTEXT('2D SPACE',''
  ) );
#14734 = PCURVE('',#14735,#14740);
#14735 = CYLINDRICAL_SURFACE('',#14736,270.);
#14736 = AXIS2_PLACEMENT_3D('',#14737,#14738,#14739);
#14737 = CARTESIAN_POINT('',(0.,-32.,250.));
#14738 = DIRECTION('',(0.,1.,0.));
#14739 = DIRECTION('',(0.,-0.,1.));
#14740 = DEFINITIONAL_REPRESENTATION('',(#14741),#14744);
#14741 = B_SPLINE_CURVE_WITH_KNOTS('',1,(#14742,#14743),.UNSPECIFIED.,
  .F.,.F.,(2,2),(0.,64.),.PIECEWISE_BEZIER_KNOTS.);
#14742 = CARTESIAN_POINT('',(4.712388980385,0.));
#14743 = CARTESIAN_POINT('',(4.712388980385,64.));
#14744 = ( GEOMETRIC_REPRESENTATION_CONTEXT(2) 
PARAMETRIC_REPRESENTATION_CONTEXT() REPRESENTATION_CONTEXT('2D SPACE',''
  ) );
#14745 = ORIENTED_EDGE('',*,*,#14746,.F.);
#14746 = EDGE_CURVE('',#14747,#14714,#14749,.T.);
#14747 = VERTEX_POINT('',#14748);
#14748 = CARTESIAN_POINT('',(-266.,-32.,250.));
#14749 = SURFACE_CURVE('',#14750,(#14754,#14760),.PCURVE_S1.);
#14750 = LINE('',#14751,#14752);
#14751 = CARTESIAN_POINT('',(-195.,-32.,250.));
#14752 = VECTOR('',#14753,1.);
#14753 = DIRECTION('',(-1.,0.,0.));
#14754 = PCURVE('',#14724,#14755);
#14755 = DEFINITIONAL_REPRESENTATION('',(#14756),#14759);
#14756 = B_SPLINE_CURVE_WITH_KNOTS('',1,(#14757,#14758),.UNSPECIFIED.,
  .F.,.F.,(2,2),(-465.,75.),.PIECEWISE_BEZIER_KNOTS.);
#14757 = CARTESIAN_POINT('',(660.,68.));
#14758 = CARTESIAN_POINT('',(120.,68.));
#14759 = ( GEOMETRIC_REPRESENTATION_CONTEXT(2) 
PARAMETRIC_REPRESENTATION_CONTEXT() REPRESENTATION_CONTEXT('2D SPACE',''
  ) );
#14760 = PCURVE('',#14761,#14766);
#14761 = PLANE('',#14762);
#14762 = AXIS2_PLACEMENT_3D('',#14763,#14764,#14765);
#14763 = CARTESIAN_POINT('',(0.,-32.,250.));
#14764 = DIRECTION('',(0.,1.,0.));
#14765 = DIRECTION('',(0.,-0.,1.));
#14766 = DEFINITIONAL_REPRESENTATION('',(#14767),#14770);
#14767 = B_SPLINE_CURVE_WITH_KNOTS('',1,(#14768,#14769),.UNSPECIFIED.,
  .F.,.F.,(2,2),(-465.,75.),.PIECEWISE_BEZIER_KNOTS.);
#14768 = CARTESIAN_POINT('',(0.,270.));
#14769 = CARTESIAN_POINT('',(0.,-270.));
#14770 = ( GEOMETRIC_REPRESENTATION_CONTEXT(2) 
PARAMETRIC_REPRESENTATION_CONTEXT() REPRESENTATION_CONTEXT('2D SPACE',''
  ) );
#14771 = ORIENTED_EDGE('',*,*,#14772,.T.);
#14772 = EDGE_CURVE('',#14747,#14773,#14775,.T.);
#14773 = VERTEX_POINT('',#14774);
#14774 = CARTESIAN_POINT('',(-266.,32.,250.));
#14775 = SURFACE_CURVE('',#14776,(#14780,#14786),.PCURVE_S1.);
#14776 = LINE('',#14777,#14778);
#14777 = CARTESIAN_POINT('',(-266.,-32.,250.));
#14778 = VECTOR('',#14779,1.);
#14779 = DIRECTION('',(0.,1.,0.));
#14780 = PCURVE('',#14724,#14781);
#14781 = DEFINITIONAL_REPRESENTATION('',(#14782),#14785);
#14782 = B_SPLINE_CURVE_WITH_KNOTS('',1,(#14783,#14784),.UNSPECIFIED.,
  .F.,.F.,(2,2),(-5.999999999062E-07,64.0000006),
  .PIECEWISE_BEZIER_KNOTS.);
#14783 = CARTESIAN_POINT('',(124.,67.9999994));
#14784 = CARTESIAN_POINT('',(124.,132.0000006));
#14785 = ( GEOMETRIC_REPRESENTATION_CONTEXT(2) 
PARAMETRIC_REPRESENTATION_CONTEXT() REPRESENTATION_CONTEXT('2D SPACE',''
  ) );
#14786 = PCURVE('',#14787,#14792);
#14787 = CYLINDRICAL_SURFACE('',#14788,266.);
#14788 = AXIS2_PLACEMENT_3D('',#14789,#14790,#14791);
#14789 = CARTESIAN_POINT('',(0.,-32.,250.));
#14790 = DIRECTION('',(0.,1.,0.));
#14791 = DIRECTION('',(0.,-0.,1.));
#14792 = DEFINITIONAL_REPRESENTATION('',(#14793),#14796);
#14793 = B_SPLINE_CURVE_WITH_KNOTS('',1,(#14794,#14795),.UNSPECIFIED.,
  .F.,.F.,(2,2),(0.,64.),.PIECEWISE_BEZIER_KNOTS.);
#14794 = CARTESIAN_POINT('',(4.712388980385,0.));
#14795 = CARTESIAN_POINT('',(4.712388980385,64.));
#14796 = ( GEOMETRIC_REPRESENTATION_CONTEXT(2) 
PARAMETRIC_REPRESENTATION_CONTEXT() REPRESENTATION_CONTEXT('2D SPACE',''
  ) );
#14797 = ORIENTED_EDGE('',*,*,#14798,.T.);
#14798 = EDGE_CURVE('',#14773,#14716,#14799,.T.);
#14799 = SURFACE_CURVE('',#14800,(#14804,#14810),.PCURVE_S1.);
#14800 = LINE('',#14801,#14802);
#14801 = CARTESIAN_POINT('',(-195.,32.,250.));
#14802 = VECTOR('',#14803,1.);
#14803 = DIRECTION('',(-1.,0.,0.));
#14804 = PCURVE('',#14724,#14805);
#14805 = DEFINITIONAL_REPRESENTATION('',(#14806),#14809);
#14806 = B_SPLINE_CURVE_WITH_KNOTS('',1,(#14807,#14808),.UNSPECIFIED.,
  .F.,.F.,(2,2),(-465.,75.),.PIECEWISE_BEZIER_KNOTS.);
#14807 = CARTESIAN_POINT('',(660.,132.));
#14808 = CARTESIAN_POINT('',(120.,132.));
#14809 = ( GEOMETRIC_REPRESENTATION_CONTEXT(2) 
PARAMETRIC_REPRESENTATION_CONTEXT() REPRESENTATION_CONTEXT('2D SPACE',''
  ) );
#14810 = PCURVE('',#14811,#14816);
#14811 = PLANE('',#14812);
#14812 = AXIS2_PLACEMENT_3D('',#14813,#14814,#14815);
#14813 = CARTESIAN_POINT('',(0.,32.,250.));
#14814 = DIRECTION('',(0.,1.,0.));
#14815 = DIRECTION('',(0.,-0.,1.));
#14816 = DEFINITIONAL_REPRESENTATION('',(#14817),#14820);
#14817 = B_SPLINE_CURVE_WITH_KNOTS('',1,(#14818,#14819),.UNSPECIFIED.,
  .F.,.F.,(2,2),(-465.,75.),.PIECEWISE_BEZIER_KNOTS.);
#14818 = CARTESIAN_POINT('',(0.,270.));
#14819 = CARTESIAN_POINT('',(0.,-270.));
#14820 = ( GEOMETRIC_REPRESENTATION_CONTEXT(2) 
PARAMETRIC_REPRESENTATION_CONTEXT() REPRESENTATION_CONTEXT('2D SPACE',''
  ) );
#14821 = ADVANCED_FACE('',(#14822),#14761,.F.);
#14822 = FACE_BOUND('',#14823,.F.);
#14823 = EDGE_LOOP('',(#14824,#14848,#14874,#14900));
#14824 = ORIENTED_EDGE('',*,*,#14825,.T.);
#14825 = EDGE_CURVE('',#14714,#14826,#14828,.T.);
#14826 = VERTEX_POINT('',#14827);
#14827 = CARTESIAN_POINT('',(270.,-32.,250.));
#14828 = SURFACE_CURVE('',#14829,(#14834,#14841),.PCURVE_S1.);
#14829 = CIRCLE('',#14830,270.);
#14830 = AXIS2_PLACEMENT_3D('',#14831,#14832,#14833);
#14831 = CARTESIAN_POINT('',(0.,-32.,250.));
#14832 = DIRECTION('',(0.,1.,0.));
#14833 = DIRECTION('',(-1.,0.,-2.10531180966E-16));
#14834 = PCURVE('',#14761,#14835);
#14835 = DEFINITIONAL_REPRESENTATION('',(#14836),#14840);
#14836 = CIRCLE('',#14837,270.);
#14837 = AXIS2_PLACEMENT_2D('',#14838,#14839);
#14838 = CARTESIAN_POINT('',(0.,0.));
#14839 = DIRECTION('',(-2.10531180966E-16,-1.));
#14840 = ( GEOMETRIC_REPRESENTATION_CONTEXT(2) 
PARAMETRIC_REPRESENTATION_CONTEXT() REPRESENTATION_CONTEXT('2D SPACE',''
  ) );
#14841 = PCURVE('',#14735,#14842);
#14842 = DEFINITIONAL_REPRESENTATION('',(#14843),#14847);
#14843 = LINE('',#14844,#14845);
#14844 = CARTESIAN_POINT('',(4.712388980385,0.));
#14845 = VECTOR('',#14846,1.);
#14846 = DIRECTION('',(1.,0.));
#14847 = ( GEOMETRIC_REPRESENTATION_CONTEXT(2) 
PARAMETRIC_REPRESENTATION_CONTEXT() REPRESENTATION_CONTEXT('2D SPACE',''
  ) );
#14848 = ORIENTED_EDGE('',*,*,#14849,.T.);
#14849 = EDGE_CURVE('',#14826,#14850,#14852,.T.);
#14850 = VERTEX_POINT('',#14851);
#14851 = CARTESIAN_POINT('',(266.,-32.,250.));
#14852 = SURFACE_CURVE('',#14853,(#14857,#14863),.PCURVE_S1.);
#14853 = LINE('',#14854,#14855);
#14854 = CARTESIAN_POINT('',(-195.,-32.,250.));
#14855 = VECTOR('',#14856,1.);
#14856 = DIRECTION('',(-1.,0.,0.));
#14857 = PCURVE('',#14761,#14858);
#14858 = DEFINITIONAL_REPRESENTATION('',(#14859),#14862);
#14859 = B_SPLINE_CURVE_WITH_KNOTS('',1,(#14860,#14861),.UNSPECIFIED.,
  .F.,.F.,(2,2),(-465.,75.),.PIECEWISE_BEZIER_KNOTS.);
#14860 = CARTESIAN_POINT('',(0.,270.));
#14861 = CARTESIAN_POINT('',(0.,-270.));
#14862 = ( GEOMETRIC_REPRESENTATION_CONTEXT(2) 
PARAMETRIC_REPRESENTATION_CONTEXT() REPRESENTATION_CONTEXT('2D SPACE',''
  ) );
#14863 = PCURVE('',#14864,#14869);
#14864 = PLANE('',#14865);
#14865 = AXIS2_PLACEMENT_3D('',#14866,#14867,#14868);
#14866 = CARTESIAN_POINT('',(-390.,-100.,250.));
#14867 = DIRECTION('',(0.,0.,1.));
#14868 = DIRECTION('',(1.,0.,-0.));
#14869 = DEFINITIONAL_REPRESENTATION('',(#14870),#14873);
#14870 = B_SPLINE_CURVE_WITH_KNOTS('',1,(#14871,#14872),.UNSPECIFIED.,
  .F.,.F.,(2,2),(-465.,75.),.PIECEWISE_BEZIER_KNOTS.);
#14871 = CARTESIAN_POINT('',(660.,68.));
#14872 = CARTESIAN_POINT('',(120.,68.));
#14873 = ( GEOMETRIC_REPRESENTATION_CONTEXT(2) 
PARAMETRIC_REPRESENTATION_CONTEXT() REPRESENTATION_CONTEXT('2D SPACE',''
  ) );
#14874 = ORIENTED_EDGE('',*,*,#14875,.T.);
#14875 = EDGE_CURVE('',#14850,#14747,#14876,.T.);
#14876 = SURFACE_CURVE('',#14877,(#14882,#14893),.PCURVE_S1.);
#14877 = CIRCLE('',#14878,266.);
#14878 = AXIS2_PLACEMENT_3D('',#14879,#14880,#14881);
#14879 = CARTESIAN_POINT('',(0.,-32.,250.));
#14880 = DIRECTION('',(0.,-1.,0.));
#14881 = DIRECTION('',(1.,0.,1.068485316932E-16));
#14882 = PCURVE('',#14761,#14883);
#14883 = DEFINITIONAL_REPRESENTATION('',(#14884),#14892);
#14884 = ( BOUNDED_CURVE() B_SPLINE_CURVE(2,(#14885,#14886,#14887,#14888
    ,#14889,#14890,#14891),.UNSPECIFIED.,.T.,.F.) 
B_SPLINE_CURVE_WITH_KNOTS((1,2,2,2,2,1),(-2.094395102393,0.,
    2.094395102393,4.188790204786,6.28318530718,8.377580409573),
.UNSPECIFIED.) CURVE() GEOMETRIC_REPRESENTATION_ITEM() 
RATIONAL_B_SPLINE_CURVE((1.,0.5,1.,0.5,1.,0.5,1.)) REPRESENTATION_ITEM(
  '') );
#14885 = CARTESIAN_POINT('',(2.84217094304E-14,266.));
#14886 = CARTESIAN_POINT('',(460.72551481332,266.));
#14887 = CARTESIAN_POINT('',(230.36275740666,-133.));
#14888 = CARTESIAN_POINT('',(8.307790853831E-15,-532.));
#14889 = CARTESIAN_POINT('',(-230.3627574066,-133.));
#14890 = CARTESIAN_POINT('',(-460.7255148133,266.));
#14891 = CARTESIAN_POINT('',(2.84217094304E-14,266.));
#14892 = ( GEOMETRIC_REPRESENTATION_CONTEXT(2) 
PARAMETRIC_REPRESENTATION_CONTEXT() REPRESENTATION_CONTEXT('2D SPACE',''
  ) );
#14893 = PCURVE('',#14787,#14894);
#14894 = DEFINITIONAL_REPRESENTATION('',(#14895),#14899);
#14895 = LINE('',#14896,#14897);
#14896 = CARTESIAN_POINT('',(7.853981633974,0.));
#14897 = VECTOR('',#14898,1.);
#14898 = DIRECTION('',(-1.,-0.));
#14899 = ( GEOMETRIC_REPRESENTATION_CONTEXT(2) 
PARAMETRIC_REPRESENTATION_CONTEXT() REPRESENTATION_CONTEXT('2D SPACE',''
  ) );
#14900 = ORIENTED_EDGE('',*,*,#14746,.T.);
#14901 = ADVANCED_FACE('',(#14902),#14864,.F.);
#14902 = FACE_BOUND('',#14903,.F.);
#14903 = EDGE_LOOP('',(#14904,#14905,#14926,#14947));
#14904 = ORIENTED_EDGE('',*,*,#14849,.F.);
#14905 = ORIENTED_EDGE('',*,*,#14906,.T.);
#14906 = EDGE_CURVE('',#14826,#14907,#14909,.T.);
#14907 = VERTEX_POINT('',#14908);
#14908 = CARTESIAN_POINT('',(270.,32.,250.));
#14909 = SURFACE_CURVE('',#14910,(#14914,#14920),.PCURVE_S1.);
#14910 = LINE('',#14911,#14912);
#14911 = CARTESIAN_POINT('',(270.,-32.,250.));
#14912 = VECTOR('',#14913,1.);
#14913 = DIRECTION('',(0.,1.,0.));
#14914 = PCURVE('',#14864,#14915);
#14915 = DEFINITIONAL_REPRESENTATION('',(#14916),#14919);
#14916 = B_SPLINE_CURVE_WITH_KNOTS('',1,(#14917,#14918),.UNSPECIFIED.,
  .F.,.F.,(2,2),(-5.999999999062E-07,64.0000006),
  .PIECEWISE_BEZIER_KNOTS.);
#14917 = CARTESIAN_POINT('',(660.,67.9999994));
#14918 = CARTESIAN_POINT('',(660.,132.0000006));
#14919 = ( GEOMETRIC_REPRESENTATION_CONTEXT(2) 
PARAMETRIC_REPRESENTATION_CONTEXT() REPRESENTATION_CONTEXT('2D SPACE',''
  ) );
#14920 = PCURVE('',#14735,#14921);
#14921 = DEFINITIONAL_REPRESENTATION('',(#14922),#14925);
#14922 = B_SPLINE_CURVE_WITH_KNOTS('',1,(#14923,#14924),.UNSPECIFIED.,
  .F.,.F.,(2,2),(0.,64.),.PIECEWISE_BEZIER_KNOTS.);
#14923 = CARTESIAN_POINT('',(7.853981633974,0.));
#14924 = CARTESIAN_POINT('',(7.853981633974,64.));
#14925 = ( GEOMETRIC_REPRESENTATION_CONTEXT(2) 
PARAMETRIC_REPRESENTATION_CONTEXT() REPRESENTATION_CONTEXT('2D SPACE',''
  ) );
#14926 = ORIENTED_EDGE('',*,*,#14927,.T.);
#14927 = EDGE_CURVE('',#14907,#14928,#14930,.T.);
#14928 = VERTEX_POINT('',#14929);
#14929 = CARTESIAN_POINT('',(266.,32.,250.));
#14930 = SURFACE_CURVE('',#14931,(#14935,#14941),.PCURVE_S1.);
#14931 = LINE('',#14932,#14933);
#14932 = CARTESIAN_POINT('',(-195.,32.,250.));
#14933 = VECTOR('',#14934,1.);
#14934 = DIRECTION('',(-1.,0.,0.));
#14935 = PCURVE('',#14864,#14936);
#14936 = DEFINITIONAL_REPRESENTATION('',(#14937),#14940);
#14937 = B_SPLINE_CURVE_WITH_KNOTS('',1,(#14938,#14939),.UNSPECIFIED.,
  .F.,.F.,(2,2),(-465.,75.),.PIECEWISE_BEZIER_KNOTS.);
#14938 = CARTESIAN_POINT('',(660.,132.));
#14939 = CARTESIAN_POINT('',(120.,132.));
#14940 = ( GEOMETRIC_REPRESENTATION_CONTEXT(2) 
PARAMETRIC_REPRESENTATION_CONTEXT() REPRESENTATION_CONTEXT('2D SPACE',''
  ) );
#14941 = PCURVE('',#14811,#14942);
#14942 = DEFINITIONAL_REPRESENTATION('',(#14943),#14946);
#14943 = B_SPLINE_CURVE_WITH_KNOTS('',1,(#14944,#14945),.UNSPECIFIED.,
  .F.,.F.,(2,2),(-465.,75.),.PIECEWISE_BEZIER_KNOTS.);
#14944 = CARTESIAN_POINT('',(0.,270.));
#14945 = CARTESIAN_POINT('',(0.,-270.));
#14946 = ( GEOMETRIC_REPRESENTATION_CONTEXT(2) 
PARAMETRIC_REPRESENTATION_CONTEXT() REPRESENTATION_CONTEXT('2D SPACE',''
  ) );
#14947 = ORIENTED_EDGE('',*,*,#14948,.F.);
#14948 = EDGE_CURVE('',#14850,#14928,#14949,.T.);
#14949 = SURFACE_CURVE('',#14950,(#14954,#14960),.PCURVE_S1.);
#14950 = LINE('',#14951,#14952);
#14951 = CARTESIAN_POINT('',(266.,-32.,250.));
#14952 = VECTOR('',#14953,1.);
#14953 = DIRECTION('',(0.,1.,0.));
#14954 = PCURVE('',#14864,#14955);
#14955 = DEFINITIONAL_REPRESENTATION('',(#14956),#14959);
#14956 = B_SPLINE_CURVE_WITH_KNOTS('',1,(#14957,#14958),.UNSPECIFIED.,
  .F.,.F.,(2,2),(-5.999999999062E-07,64.0000006),
  .PIECEWISE_BEZIER_KNOTS.);
#14957 = CARTESIAN_POINT('',(656.,67.9999994));
#14958 = CARTESIAN_POINT('',(656.,132.0000006));
#14959 = ( GEOMETRIC_REPRESENTATION_CONTEXT(2) 
PARAMETRIC_REPRESENTATION_CONTEXT() REPRESENTATION_CONTEXT('2D SPACE',''
  ) );
#14960 = PCURVE('',#14787,#14961);
#14961 = DEFINITIONAL_REPRESENTATION('',(#14962),#14965);
#14962 = B_SPLINE_CURVE_WITH_KNOTS('',1,(#14963,#14964),.UNSPECIFIED.,
  .F.,.F.,(2,2),(0.,64.),.PIECEWISE_BEZIER_KNOTS.);
#14963 = CARTESIAN_POINT('',(7.853981633974,0.));
#14964 = CARTESIAN_POINT('',(7.853981633974,64.));
#14965 = ( GEOMETRIC_REPRESENTATION_CONTEXT(2) 
PARAMETRIC_REPRESENTATION_CONTEXT() REPRESENTATION_CONTEXT('2D SPACE',''
  ) );
#14966 = ADVANCED_FACE('',(#14967),#14787,.F.);
#14967 = FACE_BOUND('',#14968,.F.);
#14968 = EDGE_LOOP('',(#14969,#14970,#14971,#14997));
#14969 = ORIENTED_EDGE('',*,*,#14875,.F.);
#14970 = ORIENTED_EDGE('',*,*,#14948,.T.);
#14971 = ORIENTED_EDGE('',*,*,#14972,.T.);
#14972 = EDGE_CURVE('',#14928,#14773,#14973,.T.);
#14973 = SURFACE_CURVE('',#14974,(#14979,#14986),.PCURVE_S1.);
#14974 = CIRCLE('',#14975,266.);
#14975 = AXIS2_PLACEMENT_3D('',#14976,#14977,#14978);
#14976 = CARTESIAN_POINT('',(0.,32.,250.));
#14977 = DIRECTION('',(0.,-1.,0.));
#14978 = DIRECTION('',(1.,0.,1.068485316932E-16));
#14979 = PCURVE('',#14787,#14980);
#14980 = DEFINITIONAL_REPRESENTATION('',(#14981),#14985);
#14981 = LINE('',#14982,#14983);
#14982 = CARTESIAN_POINT('',(7.853981633974,64.));
#14983 = VECTOR('',#14984,1.);
#14984 = DIRECTION('',(-1.,-0.));
#14985 = ( GEOMETRIC_REPRESENTATION_CONTEXT(2) 
PARAMETRIC_REPRESENTATION_CONTEXT() REPRESENTATION_CONTEXT('2D SPACE',''
  ) );
#14986 = PCURVE('',#14811,#14987);
#14987 = DEFINITIONAL_REPRESENTATION('',(#14988),#14996);
#14988 = ( BOUNDED_CURVE() B_SPLINE_CURVE(2,(#14989,#14990,#14991,#14992
    ,#14993,#14994,#14995),.UNSPECIFIED.,.T.,.F.) 
B_SPLINE_CURVE_WITH_KNOTS((1,2,2,2,2,1),(-2.094395102393,0.,
    2.094395102393,4.188790204786,6.28318530718,8.377580409573),
.UNSPECIFIED.) CURVE() GEOMETRIC_REPRESENTATION_ITEM() 
RATIONAL_B_SPLINE_CURVE((1.,0.5,1.,0.5,1.,0.5,1.)) REPRESENTATION_ITEM(
  '') );
#14989 = CARTESIAN_POINT('',(2.84217094304E-14,266.));
#14990 = CARTESIAN_POINT('',(460.72551481332,266.));
#14991 = CARTESIAN_POINT('',(230.36275740666,-133.));
#14992 = CARTESIAN_POINT('',(8.307790853831E-15,-532.));
#14993 = CARTESIAN_POINT('',(-230.3627574066,-133.));
#14994 = CARTESIAN_POINT('',(-460.7255148133,266.));
#14995 = CARTESIAN_POINT('',(2.84217094304E-14,266.));
#14996 = ( GEOMETRIC_REPRESENTATION_CONTEXT(2) 
PARAMETRIC_REPRESENTATION_CONTEXT() REPRESENTATION_CONTEXT('2D SPACE',''
  ) );
#14997 = ORIENTED_EDGE('',*,*,#14772,.F.);
#14998 = ADVANCED_FACE('',(#14999),#14811,.T.);
#14999 = FACE_BOUND('',#15000,.T.);
#15000 = EDGE_LOOP('',(#15001,#15002,#15028,#15029));
#15001 = ORIENTED_EDGE('',*,*,#14798,.T.);
#15002 = ORIENTED_EDGE('',*,*,#15003,.F.);
#15003 = EDGE_CURVE('',#14907,#14716,#15004,.T.);
#15004 = SURFACE_CURVE('',#15005,(#15010,#15021),.PCURVE_S1.);
#15005 = CIRCLE('',#15006,270.);
#15006 = AXIS2_PLACEMENT_3D('',#15007,#15008,#15009);
#15007 = CARTESIAN_POINT('',(0.,32.,250.));
#15008 = DIRECTION('',(0.,-1.,0.));
#15009 = DIRECTION('',(1.,0.,1.05265590483E-16));
#15010 = PCURVE('',#14811,#15011);
#15011 = DEFINITIONAL_REPRESENTATION('',(#15012),#15020);
#15012 = ( BOUNDED_CURVE() B_SPLINE_CURVE(2,(#15013,#15014,#15015,#15016
    ,#15017,#15018,#15019),.UNSPECIFIED.,.T.,.F.) 
B_SPLINE_CURVE_WITH_KNOTS((1,2,2,2,2,1),(-2.094395102393,0.,
    2.094395102393,4.188790204786,6.28318530718,8.377580409573),
.UNSPECIFIED.) CURVE() GEOMETRIC_REPRESENTATION_ITEM() 
RATIONAL_B_SPLINE_CURVE((1.,0.5,1.,0.5,1.,0.5,1.)) REPRESENTATION_ITEM(
  '') );
#15013 = CARTESIAN_POINT('',(2.84217094304E-14,270.));
#15014 = CARTESIAN_POINT('',(467.65371804359,270.));
#15015 = CARTESIAN_POINT('',(233.82685902179,-135.));
#15016 = CARTESIAN_POINT('',(9.287508293149E-15,-540.));
#15017 = CARTESIAN_POINT('',(-233.8268590217,-135.));
#15018 = CARTESIAN_POINT('',(-467.6537180435,270.));
#15019 = CARTESIAN_POINT('',(2.84217094304E-14,270.));
#15020 = ( GEOMETRIC_REPRESENTATION_CONTEXT(2) 
PARAMETRIC_REPRESENTATION_CONTEXT() REPRESENTATION_CONTEXT('2D SPACE',''
  ) );
#15021 = PCURVE('',#14735,#15022);
#15022 = DEFINITIONAL_REPRESENTATION('',(#15023),#15027);
#15023 = LINE('',#15024,#15025);
#15024 = CARTESIAN_POINT('',(7.853981633974,64.));
#15025 = VECTOR('',#15026,1.);
#15026 = DIRECTION('',(-1.,-0.));
#15027 = ( GEOMETRIC_REPRESENTATION_CONTEXT(2) 
PARAMETRIC_REPRESENTATION_CONTEXT() REPRESENTATION_CONTEXT('2D SPACE',''
  ) );
#15028 = ORIENTED_EDGE('',*,*,#14927,.T.);
#15029 = ORIENTED_EDGE('',*,*,#14972,.T.);
#15030 = ADVANCED_FACE('',(#15031),#14735,.T.);
#15031 = FACE_BOUND('',#15032,.T.);
#15032 = EDGE_LOOP('',(#15033,#15034,#15035,#15036));
#15033 = ORIENTED_EDGE('',*,*,#14825,.T.);
#15034 = ORIENTED_EDGE('',*,*,#14906,.T.);
#15035 = ORIENTED_EDGE('',*,*,#15003,.T.);
#15036 = ORIENTED_EDGE('',*,*,#14713,.F.);
#15037 = ( GEOMETRIC_REPRESENTATION_CONTEXT(3) 
GLOBAL_UNCERTAINTY_ASSIGNED_CONTEXT((#15041)) 
GLOBAL_UNIT_ASSIGNED_CONTEXT((#15038,#15039,#15040)) 
REPRESENTATION_CONTEXT('Context #1',
  '3D Context with UNIT and UNCERTAINTY') );
#15038 = ( LENGTH_UNIT() NAMED_UNIT(*) SI_UNIT(.MILLI.,.METRE.) );
#15039 = ( NAMED_UNIT(*) PLANE_ANGLE_UNIT() SI_UNIT($,.RADIAN.) );
#15040 = ( NAMED_UNIT(*) SI_UNIT($,.STERADIAN.) SOLID_ANGLE_UNIT() );
#15041 = UNCERTAINTY_MEASURE_WITH_UNIT(LENGTH_MEASURE(2.E-07),#15038,
  'distance_accuracy_value','confusion accuracy');
#15042 = CONTEXT_DEPENDENT_SHAPE_REPRESENTATION(#15043,#15045);
#15043 = ( REPRESENTATION_RELATIONSHIP('','',#14706,#14679) 
REPRESENTATION_RELATIONSHIP_WITH_TRANSFORMATION(#15044) 
SHAPE_REPRESENTATION_RELATIONSHIP() );
#15044 = ITEM_DEFINED_TRANSFORMATION('','',#11,#14680);
#15045 = PRODUCT_DEFINITION_SHAPE('Placement','Placement of an item',
  #15046);
#15046 = NEXT_ASSEMBLY_USAGE_OCCURRENCE('112','=>[0:1:1:114]','',#14674,
  #14701,$);
#15047 = PRODUCT_RELATED_PRODUCT_CATEGORY('part',$,(#14703));
#15048 = SHAPE_DEFINITION_REPRESENTATION(#15049,#15055);
#15049 = PRODUCT_DEFINITION_SHAPE('','',#15050);
#15050 = PRODUCT_DEFINITION('design','',#15051,#15054);
#15051 = PRODUCT_DEFINITION_FORMATION('','',#15052);
#15052 = PRODUCT('SOLID','SOLID','',(#15053));
#15053 = PRODUCT_CONTEXT('',#2,'mechanical');
#15054 = PRODUCT_DEFINITION_CONTEXT('part definition',#2,'design');
#15055 = ADVANCED_BREP_SHAPE_REPRESENTATION('',(#11,#15056),#15386);
#15056 = MANIFOLD_SOLID_BREP('',#15057);
#15057 = CLOSED_SHELL('',(#15058,#15170,#15250,#15315,#15347,#15379));
#15058 = ADVANCED_FACE('',(#15059),#15073,.F.);
#15059 = FACE_BOUND('',#15060,.F.);
#15060 = EDGE_LOOP('',(#15061,#15094,#15120,#15146));
#15061 = ORIENTED_EDGE('',*,*,#15062,.F.);
#15062 = EDGE_CURVE('',#15063,#15065,#15067,.T.);
#15063 = VERTEX_POINT('',#15064);
#15064 = CARTESIAN_POINT('',(590.,-32.,250.));
#15065 = VERTEX_POINT('',#15066);
#15066 = CARTESIAN_POINT('',(590.,32.,250.));
#15067 = SURFACE_CURVE('',#15068,(#15072,#15083),.PCURVE_S1.);
#15068 = LINE('',#15069,#15070);
#15069 = CARTESIAN_POINT('',(590.,-32.,250.));
#15070 = VECTOR('',#15071,1.);
#15071 = DIRECTION('',(0.,1.,0.));
#15072 = PCURVE('',#15073,#15078);
#15073 = PLANE('',#15074);
#15074 = AXIS2_PLACEMENT_3D('',#15075,#15076,#15077);
#15075 = CARTESIAN_POINT('',(570.,-100.,250.));
#15076 = DIRECTION('',(0.,0.,1.));
#15077 = DIRECTION('',(1.,0.,-0.));
#15078 = DEFINITIONAL_REPRESENTATION('',(#15079),#15082);
#15079 = B_SPLINE_CURVE_WITH_KNOTS('',1,(#15080,#15081),.UNSPECIFIED.,
  .F.,.F.,(2,2),(-5.999999999062E-07,64.0000006),
  .PIECEWISE_BEZIER_KNOTS.);
#15080 = CARTESIAN_POINT('',(20.,67.9999994));
#15081 = CARTESIAN_POINT('',(20.,132.0000006));
#15082 = ( GEOMETRIC_REPRESENTATION_CONTEXT(2) 
PARAMETRIC_REPRESENTATION_CONTEXT() REPRESENTATION_CONTEXT('2D SPACE',''
  ) );
#15083 = PCURVE('',#15084,#15089);
#15084 = CYLINDRICAL_SURFACE('',#15085,270.);
#15085 = AXIS2_PLACEMENT_3D('',#15086,#15087,#15088);
#15086 = CARTESIAN_POINT('',(860.,-32.,250.));
#15087 = DIRECTION('',(0.,1.,0.));
#15088 = DIRECTION('',(0.,-0.,1.));
#15089 = DEFINITIONAL_REPRESENTATION('',(#15090),#15093);
#15090 = B_SPLINE_CURVE_WITH_KNOTS('',1,(#15091,#15092),.UNSPECIFIED.,
  .F.,.F.,(2,2),(0.,64.),.PIECEWISE_BEZIER_KNOTS.);
#15091 = CARTESIAN_POINT('',(4.712388980385,0.));
#15092 = CARTESIAN_POINT('',(4.712388980385,64.));
#15093 = ( GEOMETRIC_REPRESENTATION_CONTEXT(2) 
PARAMETRIC_REPRESENTATION_CONTEXT() REPRESENTATION_CONTEXT('2D SPACE',''
  ) );
#15094 = ORIENTED_EDGE('',*,*,#15095,.F.);
#15095 = EDGE_CURVE('',#15096,#15063,#15098,.T.);
#15096 = VERTEX_POINT('',#15097);
#15097 = CARTESIAN_POINT('',(594.,-32.,250.));
#15098 = SURFACE_CURVE('',#15099,(#15103,#15109),.PCURVE_S1.);
#15099 = LINE('',#15100,#15101);
#15100 = CARTESIAN_POINT('',(715.,-32.,250.));
#15101 = VECTOR('',#15102,1.);
#15102 = DIRECTION('',(-1.,0.,0.));
#15103 = PCURVE('',#15073,#15104);
#15104 = DEFINITIONAL_REPRESENTATION('',(#15105),#15108);
#15105 = B_SPLINE_CURVE_WITH_KNOTS('',1,(#15106,#15107),.UNSPECIFIED.,
  .F.,.F.,(2,2),(-415.,125.),.PIECEWISE_BEZIER_KNOTS.);
#15106 = CARTESIAN_POINT('',(560.,68.));
#15107 = CARTESIAN_POINT('',(20.,68.));
#15108 = ( GEOMETRIC_REPRESENTATION_CONTEXT(2) 
PARAMETRIC_REPRESENTATION_CONTEXT() REPRESENTATION_CONTEXT('2D SPACE',''
  ) );
#15109 = PCURVE('',#15110,#15115);
#15110 = PLANE('',#15111);
#15111 = AXIS2_PLACEMENT_3D('',#15112,#15113,#15114);
#15112 = CARTESIAN_POINT('',(860.,-32.,250.));
#15113 = DIRECTION('',(0.,1.,0.));
#15114 = DIRECTION('',(0.,-0.,1.));
#15115 = DEFINITIONAL_REPRESENTATION('',(#15116),#15119);
#15116 = B_SPLINE_CURVE_WITH_KNOTS('',1,(#15117,#15118),.UNSPECIFIED.,
  .F.,.F.,(2,2),(-415.,125.),.PIECEWISE_BEZIER_KNOTS.);
#15117 = CARTESIAN_POINT('',(0.,270.));
#15118 = CARTESIAN_POINT('',(0.,-270.));
#15119 = ( GEOMETRIC_REPRESENTATION_CONTEXT(2) 
PARAMETRIC_REPRESENTATION_CONTEXT() REPRESENTATION_CONTEXT('2D SPACE',''
  ) );
#15120 = ORIENTED_EDGE('',*,*,#15121,.T.);
#15121 = EDGE_CURVE('',#15096,#15122,#15124,.T.);
#15122 = VERTEX_POINT('',#15123);
#15123 = CARTESIAN_POINT('',(594.,32.,250.));
#15124 = SURFACE_CURVE('',#15125,(#15129,#15135),.PCURVE_S1.);
#15125 = LINE('',#15126,#15127);
#15126 = CARTESIAN_POINT('',(594.,-32.,250.));
#15127 = VECTOR('',#15128,1.);
#15128 = DIRECTION('',(0.,1.,0.));
#15129 = PCURVE('',#15073,#15130);
#15130 = DEFINITIONAL_REPRESENTATION('',(#15131),#15134);
#15131 = B_SPLINE_CURVE_WITH_KNOTS('',1,(#15132,#15133),.UNSPECIFIED.,
  .F.,.F.,(2,2),(-5.999999999062E-07,64.0000006),
  .PIECEWISE_BEZIER_KNOTS.);
#15132 = CARTESIAN_POINT('',(24.,67.9999994));
#15133 = CARTESIAN_POINT('',(24.,132.0000006));
#15134 = ( GEOMETRIC_REPRESENTATION_CONTEXT(2) 
PARAMETRIC_REPRESENTATION_CONTEXT() REPRESENTATION_CONTEXT('2D SPACE',''
  ) );
#15135 = PCURVE('',#15136,#15141);
#15136 = CYLINDRICAL_SURFACE('',#15137,266.);
#15137 = AXIS2_PLACEMENT_3D('',#15138,#15139,#15140);
#15138 = CARTESIAN_POINT('',(860.,-32.,250.));
#15139 = DIRECTION('',(0.,1.,0.));
#15140 = DIRECTION('',(0.,-0.,1.));
#15141 = DEFINITIONAL_REPRESENTATION('',(#15142),#15145);
#15142 = B_SPLINE_CURVE_WITH_KNOTS('',1,(#15143,#15144),.UNSPECIFIED.,
  .F.,.F.,(2,2),(0.,64.),.PIECEWISE_BEZIER_KNOTS.);
#15143 = CARTESIAN_POINT('',(4.712388980385,0.));
#15144 = CARTESIAN_POINT('',(4.712388980385,64.));
#15145 = ( GEOMETRIC_REPRESENTATION_CONTEXT(2) 
PARAMETRIC_REPRESENTATION_CONTEXT() REPRESENTATION_CONTEXT('2D SPACE',''
  ) );
#15146 = ORIENTED_EDGE('',*,*,#15147,.T.);
#15147 = EDGE_CURVE('',#15122,#15065,#15148,.T.);
#15148 = SURFACE_CURVE('',#15149,(#15153,#15159),.PCURVE_S1.);
#15149 = LINE('',#15150,#15151);
#15150 = CARTESIAN_POINT('',(715.,32.,250.));
#15151 = VECTOR('',#15152,1.);
#15152 = DIRECTION('',(-1.,0.,0.));
#15153 = PCURVE('',#15073,#15154);
#15154 = DEFINITIONAL_REPRESENTATION('',(#15155),#15158);
#15155 = B_SPLINE_CURVE_WITH_KNOTS('',1,(#15156,#15157),.UNSPECIFIED.,
  .F.,.F.,(2,2),(-415.,125.),.PIECEWISE_BEZIER_KNOTS.);
#15156 = CARTESIAN_POINT('',(560.,132.));
#15157 = CARTESIAN_POINT('',(20.,132.));
#15158 = ( GEOMETRIC_REPRESENTATION_CONTEXT(2) 
PARAMETRIC_REPRESENTATION_CONTEXT() REPRESENTATION_CONTEXT('2D SPACE',''
  ) );
#15159 = PCURVE('',#15160,#15165);
#15160 = PLANE('',#15161);
#15161 = AXIS2_PLACEMENT_3D('',#15162,#15163,#15164);
#15162 = CARTESIAN_POINT('',(860.,32.,250.));
#15163 = DIRECTION('',(0.,1.,0.));
#15164 = DIRECTION('',(0.,-0.,1.));
#15165 = DEFINITIONAL_REPRESENTATION('',(#15166),#15169);
#15166 = B_SPLINE_CURVE_WITH_KNOTS('',1,(#15167,#15168),.UNSPECIFIED.,
  .F.,.F.,(2,2),(-415.,125.),.PIECEWISE_BEZIER_KNOTS.);
#15167 = CARTESIAN_POINT('',(0.,270.));
#15168 = CARTESIAN_POINT('',(0.,-270.));
#15169 = ( GEOMETRIC_REPRESENTATION_CONTEXT(2) 
PARAMETRIC_REPRESENTATION_CONTEXT() REPRESENTATION_CONTEXT('2D SPACE',''
  ) );
#15170 = ADVANCED_FACE('',(#15171),#15110,.F.);
#15171 = FACE_BOUND('',#15172,.F.);
#15172 = EDGE_LOOP('',(#15173,#15197,#15223,#15249));
#15173 = ORIENTED_EDGE('',*,*,#15174,.T.);
#15174 = EDGE_CURVE('',#15063,#15175,#15177,.T.);
#15175 = VERTEX_POINT('',#15176);
#15176 = CARTESIAN_POINT('',(1.13E+03,-32.,250.));
#15177 = SURFACE_CURVE('',#15178,(#15183,#15190),.PCURVE_S1.);
#15178 = CIRCLE('',#15179,270.);
#15179 = AXIS2_PLACEMENT_3D('',#15180,#15181,#15182);
#15180 = CARTESIAN_POINT('',(860.,-32.,250.));
#15181 = DIRECTION('',(0.,1.,0.));
#15182 = DIRECTION('',(-1.,0.,-2.10531180966E-16));
#15183 = PCURVE('',#15110,#15184);
#15184 = DEFINITIONAL_REPRESENTATION('',(#15185),#15189);
#15185 = CIRCLE('',#15186,270.);
#15186 = AXIS2_PLACEMENT_2D('',#15187,#15188);
#15187 = CARTESIAN_POINT('',(0.,0.));
#15188 = DIRECTION('',(-2.10531180966E-16,-1.));
#15189 = ( GEOMETRIC_REPRESENTATION_CONTEXT(2) 
PARAMETRIC_REPRESENTATION_CONTEXT() REPRESENTATION_CONTEXT('2D SPACE',''
  ) );
#15190 = PCURVE('',#15084,#15191);
#15191 = DEFINITIONAL_REPRESENTATION('',(#15192),#15196);
#15192 = LINE('',#15193,#15194);
#15193 = CARTESIAN_POINT('',(4.712388980385,0.));
#15194 = VECTOR('',#15195,1.);
#15195 = DIRECTION('',(1.,0.));
#15196 = ( GEOMETRIC_REPRESENTATION_CONTEXT(2) 
PARAMETRIC_REPRESENTATION_CONTEXT() REPRESENTATION_CONTEXT('2D SPACE',''
  ) );
#15197 = ORIENTED_EDGE('',*,*,#15198,.T.);
#15198 = EDGE_CURVE('',#15175,#15199,#15201,.T.);
#15199 = VERTEX_POINT('',#15200);
#15200 = CARTESIAN_POINT('',(1.126E+03,-32.,250.));
#15201 = SURFACE_CURVE('',#15202,(#15206,#15212),.PCURVE_S1.);
#15202 = LINE('',#15203,#15204);
#15203 = CARTESIAN_POINT('',(715.,-32.,250.));
#15204 = VECTOR('',#15205,1.);
#15205 = DIRECTION('',(-1.,0.,0.));
#15206 = PCURVE('',#15110,#15207);
#15207 = DEFINITIONAL_REPRESENTATION('',(#15208),#15211);
#15208 = B_SPLINE_CURVE_WITH_KNOTS('',1,(#15209,#15210),.UNSPECIFIED.,
  .F.,.F.,(2,2),(-415.,125.),.PIECEWISE_BEZIER_KNOTS.);
#15209 = CARTESIAN_POINT('',(0.,270.));
#15210 = CARTESIAN_POINT('',(0.,-270.));
#15211 = ( GEOMETRIC_REPRESENTATION_CONTEXT(2) 
PARAMETRIC_REPRESENTATION_CONTEXT() REPRESENTATION_CONTEXT('2D SPACE',''
  ) );
#15212 = PCURVE('',#15213,#15218);
#15213 = PLANE('',#15214);
#15214 = AXIS2_PLACEMENT_3D('',#15215,#15216,#15217);
#15215 = CARTESIAN_POINT('',(570.,-100.,250.));
#15216 = DIRECTION('',(0.,0.,1.));
#15217 = DIRECTION('',(1.,0.,-0.));
#15218 = DEFINITIONAL_REPRESENTATION('',(#15219),#15222);
#15219 = B_SPLINE_CURVE_WITH_KNOTS('',1,(#15220,#15221),.UNSPECIFIED.,
  .F.,.F.,(2,2),(-415.,125.),.PIECEWISE_BEZIER_KNOTS.);
#15220 = CARTESIAN_POINT('',(560.,68.));
#15221 = CARTESIAN_POINT('',(20.,68.));
#15222 = ( GEOMETRIC_REPRESENTATION_CONTEXT(2) 
PARAMETRIC_REPRESENTATION_CONTEXT() REPRESENTATION_CONTEXT('2D SPACE',''
  ) );
#15223 = ORIENTED_EDGE('',*,*,#15224,.T.);
#15224 = EDGE_CURVE('',#15199,#15096,#15225,.T.);
#15225 = SURFACE_CURVE('',#15226,(#15231,#15242),.PCURVE_S1.);
#15226 = CIRCLE('',#15227,266.);
#15227 = AXIS2_PLACEMENT_3D('',#15228,#15229,#15230);
#15228 = CARTESIAN_POINT('',(860.,-32.,250.));
#15229 = DIRECTION('',(0.,-1.,0.));
#15230 = DIRECTION('',(1.,0.,1.068485316932E-16));
#15231 = PCURVE('',#15110,#15232);
#15232 = DEFINITIONAL_REPRESENTATION('',(#15233),#15241);
#15233 = ( BOUNDED_CURVE() B_SPLINE_CURVE(2,(#15234,#15235,#15236,#15237
    ,#15238,#15239,#15240),.UNSPECIFIED.,.T.,.F.) 
B_SPLINE_CURVE_WITH_KNOTS((1,2,2,2,2,1),(-2.094395102393,0.,
    2.094395102393,4.188790204786,6.28318530718,8.377580409573),
.UNSPECIFIED.) CURVE() GEOMETRIC_REPRESENTATION_ITEM() 
RATIONAL_B_SPLINE_CURVE((1.,0.5,1.,0.5,1.,0.5,1.)) REPRESENTATION_ITEM(
  '') );
#15234 = CARTESIAN_POINT('',(2.84217094304E-14,266.));
#15235 = CARTESIAN_POINT('',(460.72551481332,266.));
#15236 = CARTESIAN_POINT('',(230.36275740666,-133.));
#15237 = CARTESIAN_POINT('',(8.307790853831E-15,-532.));
#15238 = CARTESIAN_POINT('',(-230.3627574066,-133.));
#15239 = CARTESIAN_POINT('',(-460.7255148133,266.));
#15240 = CARTESIAN_POINT('',(2.84217094304E-14,266.));
#15241 = ( GEOMETRIC_REPRESENTATION_CONTEXT(2) 
PARAMETRIC_REPRESENTATION_CONTEXT() REPRESENTATION_CONTEXT('2D SPACE',''
  ) );
#15242 = PCURVE('',#15136,#15243);
#15243 = DEFINITIONAL_REPRESENTATION('',(#15244),#15248);
#15244 = LINE('',#15245,#15246);
#15245 = CARTESIAN_POINT('',(7.853981633974,0.));
#15246 = VECTOR('',#15247,1.);
#15247 = DIRECTION('',(-1.,-0.));
#15248 = ( GEOMETRIC_REPRESENTATION_CONTEXT(2) 
PARAMETRIC_REPRESENTATION_CONTEXT() REPRESENTATION_CONTEXT('2D SPACE',''
  ) );
#15249 = ORIENTED_EDGE('',*,*,#15095,.T.);
#15250 = ADVANCED_FACE('',(#15251),#15213,.F.);
#15251 = FACE_BOUND('',#15252,.F.);
#15252 = EDGE_LOOP('',(#15253,#15254,#15275,#15296));
#15253 = ORIENTED_EDGE('',*,*,#15198,.F.);
#15254 = ORIENTED_EDGE('',*,*,#15255,.T.);
#15255 = EDGE_CURVE('',#15175,#15256,#15258,.T.);
#15256 = VERTEX_POINT('',#15257);
#15257 = CARTESIAN_POINT('',(1.13E+03,32.,250.));
#15258 = SURFACE_CURVE('',#15259,(#15263,#15269),.PCURVE_S1.);
#15259 = LINE('',#15260,#15261);
#15260 = CARTESIAN_POINT('',(1.13E+03,-32.,250.));
#15261 = VECTOR('',#15262,1.);
#15262 = DIRECTION('',(0.,1.,0.));
#15263 = PCURVE('',#15213,#15264);
#15264 = DEFINITIONAL_REPRESENTATION('',(#15265),#15268);
#15265 = B_SPLINE_CURVE_WITH_KNOTS('',1,(#15266,#15267),.UNSPECIFIED.,
  .F.,.F.,(2,2),(-5.999999999062E-07,64.0000006),
  .PIECEWISE_BEZIER_KNOTS.);
#15266 = CARTESIAN_POINT('',(560.,67.9999994));
#15267 = CARTESIAN_POINT('',(560.,132.0000006));
#15268 = ( GEOMETRIC_REPRESENTATION_CONTEXT(2) 
PARAMETRIC_REPRESENTATION_CONTEXT() REPRESENTATION_CONTEXT('2D SPACE',''
  ) );
#15269 = PCURVE('',#15084,#15270);
#15270 = DEFINITIONAL_REPRESENTATION('',(#15271),#15274);
#15271 = B_SPLINE_CURVE_WITH_KNOTS('',1,(#15272,#15273),.UNSPECIFIED.,
  .F.,.F.,(2,2),(0.,64.),.PIECEWISE_BEZIER_KNOTS.);
#15272 = CARTESIAN_POINT('',(7.853981633974,0.));
#15273 = CARTESIAN_POINT('',(7.853981633974,64.));
#15274 = ( GEOMETRIC_REPRESENTATION_CONTEXT(2) 
PARAMETRIC_REPRESENTATION_CONTEXT() REPRESENTATION_CONTEXT('2D SPACE',''
  ) );
#15275 = ORIENTED_EDGE('',*,*,#15276,.T.);
#15276 = EDGE_CURVE('',#15256,#15277,#15279,.T.);
#15277 = VERTEX_POINT('',#15278);
#15278 = CARTESIAN_POINT('',(1.126E+03,32.,250.));
#15279 = SURFACE_CURVE('',#15280,(#15284,#15290),.PCURVE_S1.);
#15280 = LINE('',#15281,#15282);
#15281 = CARTESIAN_POINT('',(715.,32.,250.));
#15282 = VECTOR('',#15283,1.);
#15283 = DIRECTION('',(-1.,0.,0.));
#15284 = PCURVE('',#15213,#15285);
#15285 = DEFINITIONAL_REPRESENTATION('',(#15286),#15289);
#15286 = B_SPLINE_CURVE_WITH_KNOTS('',1,(#15287,#15288),.UNSPECIFIED.,
  .F.,.F.,(2,2),(-415.,125.),.PIECEWISE_BEZIER_KNOTS.);
#15287 = CARTESIAN_POINT('',(560.,132.));
#15288 = CARTESIAN_POINT('',(20.,132.));
#15289 = ( GEOMETRIC_REPRESENTATION_CONTEXT(2) 
PARAMETRIC_REPRESENTATION_CONTEXT() REPRESENTATION_CONTEXT('2D SPACE',''
  ) );
#15290 = PCURVE('',#15160,#15291);
#15291 = DEFINITIONAL_REPRESENTATION('',(#15292),#15295);
#15292 = B_SPLINE_CURVE_WITH_KNOTS('',1,(#15293,#15294),.UNSPECIFIED.,
  .F.,.F.,(2,2),(-415.,125.),.PIECEWISE_BEZIER_KNOTS.);
#15293 = CARTESIAN_POINT('',(0.,270.));
#15294 = CARTESIAN_POINT('',(0.,-270.));
#15295 = ( GEOMETRIC_REPRESENTATION_CONTEXT(2) 
PARAMETRIC_REPRESENTATION_CONTEXT() REPRESENTATION_CONTEXT('2D SPACE',''
  ) );
#15296 = ORIENTED_EDGE('',*,*,#15297,.F.);
#15297 = EDGE_CURVE('',#15199,#15277,#15298,.T.);
#15298 = SURFACE_CURVE('',#15299,(#15303,#15309),.PCURVE_S1.);
#15299 = LINE('',#15300,#15301);
#15300 = CARTESIAN_POINT('',(1.126E+03,-32.,250.));
#15301 = VECTOR('',#15302,1.);
#15302 = DIRECTION('',(0.,1.,0.));
#15303 = PCURVE('',#15213,#15304);
#15304 = DEFINITIONAL_REPRESENTATION('',(#15305),#15308);
#15305 = B_SPLINE_CURVE_WITH_KNOTS('',1,(#15306,#15307),.UNSPECIFIED.,
  .F.,.F.,(2,2),(-5.999999999062E-07,64.0000006),
  .PIECEWISE_BEZIER_KNOTS.);
#15306 = CARTESIAN_POINT('',(556.,67.9999994));
#15307 = CARTESIAN_POINT('',(556.,132.0000006));
#15308 = ( GEOMETRIC_REPRESENTATION_CONTEXT(2) 
PARAMETRIC_REPRESENTATION_CONTEXT() REPRESENTATION_CONTEXT('2D SPACE',''
  ) );
#15309 = PCURVE('',#15136,#15310);
#15310 = DEFINITIONAL_REPRESENTATION('',(#15311),#15314);
#15311 = B_SPLINE_CURVE_WITH_KNOTS('',1,(#15312,#15313),.UNSPECIFIED.,
  .F.,.F.,(2,2),(0.,64.),.PIECEWISE_BEZIER_KNOTS.);
#15312 = CARTESIAN_POINT('',(7.853981633974,0.));
#15313 = CARTESIAN_POINT('',(7.853981633974,64.));
#15314 = ( GEOMETRIC_REPRESENTATION_CONTEXT(2) 
PARAMETRIC_REPRESENTATION_CONTEXT() REPRESENTATION_CONTEXT('2D SPACE',''
  ) );
#15315 = ADVANCED_FACE('',(#15316),#15136,.F.);
#15316 = FACE_BOUND('',#15317,.F.);
#15317 = EDGE_LOOP('',(#15318,#15319,#15320,#15346));
#15318 = ORIENTED_EDGE('',*,*,#15224,.F.);
#15319 = ORIENTED_EDGE('',*,*,#15297,.T.);
#15320 = ORIENTED_EDGE('',*,*,#15321,.T.);
#15321 = EDGE_CURVE('',#15277,#15122,#15322,.T.);
#15322 = SURFACE_CURVE('',#15323,(#15328,#15335),.PCURVE_S1.);
#15323 = CIRCLE('',#15324,266.);
#15324 = AXIS2_PLACEMENT_3D('',#15325,#15326,#15327);
#15325 = CARTESIAN_POINT('',(860.,32.,250.));
#15326 = DIRECTION('',(0.,-1.,0.));
#15327 = DIRECTION('',(1.,0.,1.068485316932E-16));
#15328 = PCURVE('',#15136,#15329);
#15329 = DEFINITIONAL_REPRESENTATION('',(#15330),#15334);
#15330 = LINE('',#15331,#15332);
#15331 = CARTESIAN_POINT('',(7.853981633974,64.));
#15332 = VECTOR('',#15333,1.);
#15333 = DIRECTION('',(-1.,-0.));
#15334 = ( GEOMETRIC_REPRESENTATION_CONTEXT(2) 
PARAMETRIC_REPRESENTATION_CONTEXT() REPRESENTATION_CONTEXT('2D SPACE',''
  ) );
#15335 = PCURVE('',#15160,#15336);
#15336 = DEFINITIONAL_REPRESENTATION('',(#15337),#15345);
#15337 = ( BOUNDED_CURVE() B_SPLINE_CURVE(2,(#15338,#15339,#15340,#15341
    ,#15342,#15343,#15344),.UNSPECIFIED.,.T.,.F.) 
B_SPLINE_CURVE_WITH_KNOTS((1,2,2,2,2,1),(-2.094395102393,0.,
    2.094395102393,4.188790204786,6.28318530718,8.377580409573),
.UNSPECIFIED.) CURVE() GEOMETRIC_REPRESENTATION_ITEM() 
RATIONAL_B_SPLINE_CURVE((1.,0.5,1.,0.5,1.,0.5,1.)) REPRESENTATION_ITEM(
  '') );
#15338 = CARTESIAN_POINT('',(2.84217094304E-14,266.));
#15339 = CARTESIAN_POINT('',(460.72551481332,266.));
#15340 = CARTESIAN_POINT('',(230.36275740666,-133.));
#15341 = CARTESIAN_POINT('',(8.307790853831E-15,-532.));
#15342 = CARTESIAN_POINT('',(-230.3627574066,-133.));
#15343 = CARTESIAN_POINT('',(-460.7255148133,266.));
#15344 = CARTESIAN_POINT('',(2.84217094304E-14,266.));
#15345 = ( GEOMETRIC_REPRESENTATION_CONTEXT(2) 
PARAMETRIC_REPRESENTATION_CONTEXT() REPRESENTATION_CONTEXT('2D SPACE',''
  ) );
#15346 = ORIENTED_EDGE('',*,*,#15121,.F.);
#15347 = ADVANCED_FACE('',(#15348),#15160,.T.);
#15348 = FACE_BOUND('',#15349,.T.);
#15349 = EDGE_LOOP('',(#15350,#15351,#15377,#15378));
#15350 = ORIENTED_EDGE('',*,*,#15147,.T.);
#15351 = ORIENTED_EDGE('',*,*,#15352,.F.);
#15352 = EDGE_CURVE('',#15256,#15065,#15353,.T.);
#15353 = SURFACE_CURVE('',#15354,(#15359,#15370),.PCURVE_S1.);
#15354 = CIRCLE('',#15355,270.);
#15355 = AXIS2_PLACEMENT_3D('',#15356,#15357,#15358);
#15356 = CARTESIAN_POINT('',(860.,32.,250.));
#15357 = DIRECTION('',(0.,-1.,0.));
#15358 = DIRECTION('',(1.,0.,1.05265590483E-16));
#15359 = PCURVE('',#15160,#15360);
#15360 = DEFINITIONAL_REPRESENTATION('',(#15361),#15369);
#15361 = ( BOUNDED_CURVE() B_SPLINE_CURVE(2,(#15362,#15363,#15364,#15365
    ,#15366,#15367,#15368),.UNSPECIFIED.,.T.,.F.) 
B_SPLINE_CURVE_WITH_KNOTS((1,2,2,2,2,1),(-2.094395102393,0.,
    2.094395102393,4.188790204786,6.28318530718,8.377580409573),
.UNSPECIFIED.) CURVE() GEOMETRIC_REPRESENTATION_ITEM() 
RATIONAL_B_SPLINE_CURVE((1.,0.5,1.,0.5,1.,0.5,1.)) REPRESENTATION_ITEM(
  '') );
#15362 = CARTESIAN_POINT('',(2.84217094304E-14,270.));
#15363 = CARTESIAN_POINT('',(467.65371804359,270.));
#15364 = CARTESIAN_POINT('',(233.82685902179,-135.));
#15365 = CARTESIAN_POINT('',(9.287508293149E-15,-540.));
#15366 = CARTESIAN_POINT('',(-233.8268590217,-135.));
#15367 = CARTESIAN_POINT('',(-467.6537180435,270.));
#15368 = CARTESIAN_POINT('',(2.84217094304E-14,270.));
#15369 = ( GEOMETRIC_REPRESENTATION_CONTEXT(2) 
PARAMETRIC_REPRESENTATION_CONTEXT() REPRESENTATION_CONTEXT('2D SPACE',''
  ) );
#15370 = PCURVE('',#15084,#15371);
#15371 = DEFINITIONAL_REPRESENTATION('',(#15372),#15376);
#15372 = LINE('',#15373,#15374);
#15373 = CARTESIAN_POINT('',(7.853981633974,64.));
#15374 = VECTOR('',#15375,1.);
#15375 = DIRECTION('',(-1.,-0.));
#15376 = ( GEOMETRIC_REPRESENTATION_CONTEXT(2) 
PARAMETRIC_REPRESENTATION_CONTEXT() REPRESENTATION_CONTEXT('2D SPACE',''
  ) );
#15377 = ORIENTED_EDGE('',*,*,#15276,.T.);
#15378 = ORIENTED_EDGE('',*,*,#15321,.T.);
#15379 = ADVANCED_FACE('',(#15380),#15084,.T.);
#15380 = FACE_BOUND('',#15381,.T.);
#15381 = EDGE_LOOP('',(#15382,#15383,#15384,#15385));
#15382 = ORIENTED_EDGE('',*,*,#15174,.T.);
#15383 = ORIENTED_EDGE('',*,*,#15255,.T.);
#15384 = ORIENTED_EDGE('',*,*,#15352,.T.);
#15385 = ORIENTED_EDGE('',*,*,#15062,.F.);
#15386 = ( GEOMETRIC_REPRESENTATION_CONTEXT(3) 
GLOBAL_UNCERTAINTY_ASSIGNED_CONTEXT((#15390)) 
GLOBAL_UNIT_ASSIGNED_CONTEXT((#15387,#15388,#15389)) 
REPRESENTATION_CONTEXT('Context #1',
  '3D Context with UNIT and UNCERTAINTY') );
#15387 = ( LENGTH_UNIT() NAMED_UNIT(*) SI_UNIT(.MILLI.,.METRE.) );
#15388 = ( NAMED_UNIT(*) PLANE_ANGLE_UNIT() SI_UNIT($,.RADIAN.) );
#15389 = ( NAMED_UNIT(*) SI_UNIT($,.STERADIAN.) SOLID_ANGLE_UNIT() );
#15390 = UNCERTAINTY_MEASURE_WITH_UNIT(LENGTH_MEASURE(2.E-07),#15387,
  'distance_accuracy_value','confusion accuracy');
#15391 = CONTEXT_DEPENDENT_SHAPE_REPRESENTATION(#15392,#15394);
#15392 = ( REPRESENTATION_RELATIONSHIP('','',#15055,#14679) 
REPRESENTATION_RELATIONSHIP_WITH_TRANSFORMATION(#15393) 
SHAPE_REPRESENTATION_RELATIONSHIP() );
#15393 = ITEM_DEFINED_TRANSFORMATION('','',#11,#14684);
#15394 = PRODUCT_DEFINITION_SHAPE('Placement','Placement of an item',
  #15395);
#15395 = NEXT_ASSEMBLY_USAGE_OCCURRENCE('113','=>[0:1:1:115]','',#14674,
  #15050,$);
#15396 = PRODUCT_RELATED_PRODUCT_CATEGORY('part',$,(#15052));
#15397 = SHAPE_DEFINITION_REPRESENTATION(#15398,#15404);
#15398 = PRODUCT_DEFINITION_SHAPE('','',#15399);
#15399 = PRODUCT_DEFINITION('design','',#15400,#15403);
#15400 = PRODUCT_DEFINITION_FORMATION('','',#15401);
#15401 = PRODUCT('COMPOUND','COMPOUND','',(#15402));
#15402 = PRODUCT_CONTEXT('',#2,'mechanical');
#15403 = PRODUCT_DEFINITION_CONTEXT('part definition',#2,'design');
#15404 = ADVANCED_BREP_SHAPE_REPRESENTATION('',(#11,#15405),#15735);
#15405 = MANIFOLD_SOLID_BREP('',#15406);
#15406 = CLOSED_SHELL('',(#15407,#15527,#15627,#15674,#15721,#15728));
#15407 = ADVANCED_FACE('',(#15408),#15422,.F.);
#15408 = FACE_BOUND('',#15409,.F.);
#15409 = EDGE_LOOP('',(#15410,#15445,#15473,#15501));
#15410 = ORIENTED_EDGE('',*,*,#15411,.F.);
#15411 = EDGE_CURVE('',#15412,#15414,#15416,.T.);
#15412 = VERTEX_POINT('',#15413);
#15413 = CARTESIAN_POINT('',(-220.,-1.5,-22.5));
#15414 = VERTEX_POINT('',#15415);
#15415 = CARTESIAN_POINT('',(-220.,-1.5,22.5));
#15416 = SURFACE_CURVE('',#15417,(#15421,#15433),.PCURVE_S1.);
#15417 = LINE('',#15418,#15419);
#15418 = CARTESIAN_POINT('',(-220.,-1.5,-22.5));
#15419 = VECTOR('',#15420,1.);
#15420 = DIRECTION('',(0.,0.,1.));
#15421 = PCURVE('',#15422,#15427);
#15422 = PLANE('',#15423);
#15423 = AXIS2_PLACEMENT_3D('',#15424,#15425,#15426);
#15424 = CARTESIAN_POINT('',(-220.,-1.5,-22.5));
#15425 = DIRECTION('',(1.,0.,-0.));
#15426 = DIRECTION('',(0.,0.,1.));
#15427 = DEFINITIONAL_REPRESENTATION('',(#15428),#15432);
#15428 = LINE('',#15429,#15430);
#15429 = CARTESIAN_POINT('',(0.,0.));
#15430 = VECTOR('',#15431,1.);
#15431 = DIRECTION('',(1.,0.));
#15432 = ( GEOMETRIC_REPRESENTATION_CONTEXT(2) 
PARAMETRIC_REPRESENTATION_CONTEXT() REPRESENTATION_CONTEXT('2D SPACE',''
  ) );
#15433 = PCURVE('',#15434,#15439);
#15434 = PLANE('',#15435);
#15435 = AXIS2_PLACEMENT_3D('',#15436,#15437,#15438);
#15436 = CARTESIAN_POINT('',(-220.,-1.5,-22.5));
#15437 = DIRECTION('',(-0.,1.,0.));
#15438 = DIRECTION('',(0.,0.,1.));
#15439 = DEFINITIONAL_REPRESENTATION('',(#15440),#15444);
#15440 = LINE('',#15441,#15442);
#15441 = CARTESIAN_POINT('',(0.,0.));
#15442 = VECTOR('',#15443,1.);
#15443 = DIRECTION('',(1.,0.));
#15444 = ( GEOMETRIC_REPRESENTATION_CONTEXT(2) 
PARAMETRIC_REPRESENTATION_CONTEXT() REPRESENTATION_CONTEXT('2D SPACE',''
  ) );
#15445 = ORIENTED_EDGE('',*,*,#15446,.T.);
#15446 = EDGE_CURVE('',#15412,#15447,#15449,.T.);
#15447 = VERTEX_POINT('',#15448);
#15448 = CARTESIAN_POINT('',(-220.,1.5,-22.5));
#15449 = SURFACE_CURVE('',#15450,(#15454,#15461),.PCURVE_S1.);
#15450 = LINE('',#15451,#15452);
#15451 = CARTESIAN_POINT('',(-220.,-1.5,-22.5));
#15452 = VECTOR('',#15453,1.);
#15453 = DIRECTION('',(-0.,1.,0.));
#15454 = PCURVE('',#15422,#15455);
#15455 = DEFINITIONAL_REPRESENTATION('',(#15456),#15460);
#15456 = LINE('',#15457,#15458);
#15457 = CARTESIAN_POINT('',(0.,0.));
#15458 = VECTOR('',#15459,1.);
#15459 = DIRECTION('',(0.,-1.));
#15460 = ( GEOMETRIC_REPRESENTATION_CONTEXT(2) 
PARAMETRIC_REPRESENTATION_CONTEXT() REPRESENTATION_CONTEXT('2D SPACE',''
  ) );
#15461 = PCURVE('',#15462,#15467);
#15462 = PLANE('',#15463);
#15463 = AXIS2_PLACEMENT_3D('',#15464,#15465,#15466);
#15464 = CARTESIAN_POINT('',(-220.,-1.5,-22.5));
#15465 = DIRECTION('',(0.,0.,1.));
#15466 = DIRECTION('',(1.,0.,-0.));
#15467 = DEFINITIONAL_REPRESENTATION('',(#15468),#15472);
#15468 = LINE('',#15469,#15470);
#15469 = CARTESIAN_POINT('',(0.,0.));
#15470 = VECTOR('',#15471,1.);
#15471 = DIRECTION('',(0.,1.));
#15472 = ( GEOMETRIC_REPRESENTATION_CONTEXT(2) 
PARAMETRIC_REPRESENTATION_CONTEXT() REPRESENTATION_CONTEXT('2D SPACE',''
  ) );
#15473 = ORIENTED_EDGE('',*,*,#15474,.T.);
#15474 = EDGE_CURVE('',#15447,#15475,#15477,.T.);
#15475 = VERTEX_POINT('',#15476);
#15476 = CARTESIAN_POINT('',(-220.,1.5,22.5));
#15477 = SURFACE_CURVE('',#15478,(#15482,#15489),.PCURVE_S1.);
#15478 = LINE('',#15479,#15480);
#15479 = CARTESIAN_POINT('',(-220.,1.5,-22.5));
#15480 = VECTOR('',#15481,1.);
#15481 = DIRECTION('',(0.,0.,1.));
#15482 = PCURVE('',#15422,#15483);
#15483 = DEFINITIONAL_REPRESENTATION('',(#15484),#15488);
#15484 = LINE('',#15485,#15486);
#15485 = CARTESIAN_POINT('',(0.,-3.));
#15486 = VECTOR('',#15487,1.);
#15487 = DIRECTION('',(1.,0.));
#15488 = ( GEOMETRIC_REPRESENTATION_CONTEXT(2) 
PARAMETRIC_REPRESENTATION_CONTEXT() REPRESENTATION_CONTEXT('2D SPACE',''
  ) );
#15489 = PCURVE('',#15490,#15495);
#15490 = PLANE('',#15491);
#15491 = AXIS2_PLACEMENT_3D('',#15492,#15493,#15494);
#15492 = CARTESIAN_POINT('',(-220.,1.5,-22.5));
#15493 = DIRECTION('',(-0.,1.,0.));
#15494 = DIRECTION('',(0.,0.,1.));
#15495 = DEFINITIONAL_REPRESENTATION('',(#15496),#15500);
#15496 = LINE('',#15497,#15498);
#15497 = CARTESIAN_POINT('',(0.,0.));
#15498 = VECTOR('',#15499,1.);
#15499 = DIRECTION('',(1.,0.));
#15500 = ( GEOMETRIC_REPRESENTATION_CONTEXT(2) 
PARAMETRIC_REPRESENTATION_CONTEXT() REPRESENTATION_CONTEXT('2D SPACE',''
  ) );
#15501 = ORIENTED_EDGE('',*,*,#15502,.F.);
#15502 = EDGE_CURVE('',#15414,#15475,#15503,.T.);
#15503 = SURFACE_CURVE('',#15504,(#15508,#15515),.PCURVE_S1.);
#15504 = LINE('',#15505,#15506);
#15505 = CARTESIAN_POINT('',(-220.,-1.5,22.5));
#15506 = VECTOR('',#15507,1.);
#15507 = DIRECTION('',(-0.,1.,0.));
#15508 = PCURVE('',#15422,#15509);
#15509 = DEFINITIONAL_REPRESENTATION('',(#15510),#15514);
#15510 = LINE('',#15511,#15512);
#15511 = CARTESIAN_POINT('',(45.,0.));
#15512 = VECTOR('',#15513,1.);
#15513 = DIRECTION('',(0.,-1.));
#15514 = ( GEOMETRIC_REPRESENTATION_CONTEXT(2) 
PARAMETRIC_REPRESENTATION_CONTEXT() REPRESENTATION_CONTEXT('2D SPACE',''
  ) );
#15515 = PCURVE('',#15516,#15521);
#15516 = PLANE('',#15517);
#15517 = AXIS2_PLACEMENT_3D('',#15518,#15519,#15520);
#15518 = CARTESIAN_POINT('',(-220.,-1.5,22.5));
#15519 = DIRECTION('',(0.,0.,1.));
#15520 = DIRECTION('',(1.,0.,-0.));
#15521 = DEFINITIONAL_REPRESENTATION('',(#15522),#15526);
#15522 = LINE('',#15523,#15524);
#15523 = CARTESIAN_POINT('',(0.,0.));
#15524 = VECTOR('',#15525,1.);
#15525 = DIRECTION('',(0.,1.));
#15526 = ( GEOMETRIC_REPRESENTATION_CONTEXT(2) 
PARAMETRIC_REPRESENTATION_CONTEXT() REPRESENTATION_CONTEXT('2D SPACE',''
  ) );
#15527 = ADVANCED_FACE('',(#15528),#15542,.T.);
#15528 = FACE_BOUND('',#15529,.T.);
#15529 = EDGE_LOOP('',(#15530,#15560,#15583,#15606));
#15530 = ORIENTED_EDGE('',*,*,#15531,.F.);
#15531 = EDGE_CURVE('',#15532,#15534,#15536,.T.);
#15532 = VERTEX_POINT('',#15533);
#15533 = CARTESIAN_POINT('',(220.,-1.5,-22.5));
#15534 = VERTEX_POINT('',#15535);
#15535 = CARTESIAN_POINT('',(220.,-1.5,22.5));
#15536 = SURFACE_CURVE('',#15537,(#15541,#15553),.PCURVE_S1.);
#15537 = LINE('',#15538,#15539);
#15538 = CARTESIAN_POINT('',(220.,-1.5,-22.5));
#15539 = VECTOR('',#15540,1.);
#15540 = DIRECTION('',(0.,0.,1.));
#15541 = PCURVE('',#15542,#15547);
#15542 = PLANE('',#15543);
#15543 = AXIS2_PLACEMENT_3D('',#15544,#15545,#15546);
#15544 = CARTESIAN_POINT('',(220.,-1.5,-22.5));
#15545 = DIRECTION('',(1.,0.,-0.));
#15546 = DIRECTION('',(0.,0.,1.));
#15547 = DEFINITIONAL_REPRESENTATION('',(#15548),#15552);
#15548 = LINE('',#15549,#15550);
#15549 = CARTESIAN_POINT('',(0.,0.));
#15550 = VECTOR('',#15551,1.);
#15551 = DIRECTION('',(1.,0.));
#15552 = ( GEOMETRIC_REPRESENTATION_CONTEXT(2) 
PARAMETRIC_REPRESENTATION_CONTEXT() REPRESENTATION_CONTEXT('2D SPACE',''
  ) );
#15553 = PCURVE('',#15434,#15554);
#15554 = DEFINITIONAL_REPRESENTATION('',(#15555),#15559);
#15555 = LINE('',#15556,#15557);
#15556 = CARTESIAN_POINT('',(0.,440.));
#15557 = VECTOR('',#15558,1.);
#15558 = DIRECTION('',(1.,0.));
#15559 = ( GEOMETRIC_REPRESENTATION_CONTEXT(2) 
PARAMETRIC_REPRESENTATION_CONTEXT() REPRESENTATION_CONTEXT('2D SPACE',''
  ) );
#15560 = ORIENTED_EDGE('',*,*,#15561,.T.);
#15561 = EDGE_CURVE('',#15532,#15562,#15564,.T.);
#15562 = VERTEX_POINT('',#15563);
#15563 = CARTESIAN_POINT('',(220.,1.5,-22.5));
#15564 = SURFACE_CURVE('',#15565,(#15569,#15576),.PCURVE_S1.);
#15565 = LINE('',#15566,#15567);
#15566 = CARTESIAN_POINT('',(220.,-1.5,-22.5));
#15567 = VECTOR('',#15568,1.);
#15568 = DIRECTION('',(-0.,1.,0.));
#15569 = PCURVE('',#15542,#15570);
#15570 = DEFINITIONAL_REPRESENTATION('',(#15571),#15575);
#15571 = LINE('',#15572,#15573);
#15572 = CARTESIAN_POINT('',(0.,0.));
#15573 = VECTOR('',#15574,1.);
#15574 = DIRECTION('',(0.,-1.));
#15575 = ( GEOMETRIC_REPRESENTATION_CONTEXT(2) 
PARAMETRIC_REPRESENTATION_CONTEXT() REPRESENTATION_CONTEXT('2D SPACE',''
  ) );
#15576 = PCURVE('',#15462,#15577);
#15577 = DEFINITIONAL_REPRESENTATION('',(#15578),#15582);
#15578 = LINE('',#15579,#15580);
#15579 = CARTESIAN_POINT('',(440.,0.));
#15580 = VECTOR('',#15581,1.);
#15581 = DIRECTION('',(0.,1.));
#15582 = ( GEOMETRIC_REPRESENTATION_CONTEXT(2) 
PARAMETRIC_REPRESENTATION_CONTEXT() REPRESENTATION_CONTEXT('2D SPACE',''
  ) );
#15583 = ORIENTED_EDGE('',*,*,#15584,.T.);
#15584 = EDGE_CURVE('',#15562,#15585,#15587,.T.);
#15585 = VERTEX_POINT('',#15586);
#15586 = CARTESIAN_POINT('',(220.,1.5,22.5));
#15587 = SURFACE_CURVE('',#15588,(#15592,#15599),.PCURVE_S1.);
#15588 = LINE('',#15589,#15590);
#15589 = CARTESIAN_POINT('',(220.,1.5,-22.5));
#15590 = VECTOR('',#15591,1.);
#15591 = DIRECTION('',(0.,0.,1.));
#15592 = PCURVE('',#15542,#15593);
#15593 = DEFINITIONAL_REPRESENTATION('',(#15594),#15598);
#15594 = LINE('',#15595,#15596);
#15595 = CARTESIAN_POINT('',(0.,-3.));
#15596 = VECTOR('',#15597,1.);
#15597 = DIRECTION('',(1.,0.));
#15598 = ( GEOMETRIC_REPRESENTATION_CONTEXT(2) 
PARAMETRIC_REPRESENTATION_CONTEXT() REPRESENTATION_CONTEXT('2D SPACE',''
  ) );
#15599 = PCURVE('',#15490,#15600);
#15600 = DEFINITIONAL_REPRESENTATION('',(#15601),#15605);
#15601 = LINE('',#15602,#15603);
#15602 = CARTESIAN_POINT('',(0.,440.));
#15603 = VECTOR('',#15604,1.);
#15604 = DIRECTION('',(1.,0.));
#15605 = ( GEOMETRIC_REPRESENTATION_CONTEXT(2) 
PARAMETRIC_REPRESENTATION_CONTEXT() REPRESENTATION_CONTEXT('2D SPACE',''
  ) );
#15606 = ORIENTED_EDGE('',*,*,#15607,.F.);
#15607 = EDGE_CURVE('',#15534,#15585,#15608,.T.);
#15608 = SURFACE_CURVE('',#15609,(#15613,#15620),.PCURVE_S1.);
#15609 = LINE('',#15610,#15611);
#15610 = CARTESIAN_POINT('',(220.,-1.5,22.5));
#15611 = VECTOR('',#15612,1.);
#15612 = DIRECTION('',(-0.,1.,0.));
#15613 = PCURVE('',#15542,#15614);
#15614 = DEFINITIONAL_REPRESENTATION('',(#15615),#15619);
#15615 = LINE('',#15616,#15617);
#15616 = CARTESIAN_POINT('',(45.,0.));
#15617 = VECTOR('',#15618,1.);
#15618 = DIRECTION('',(0.,-1.));
#15619 = ( GEOMETRIC_REPRESENTATION_CONTEXT(2) 
PARAMETRIC_REPRESENTATION_CONTEXT() REPRESENTATION_CONTEXT('2D SPACE',''
  ) );
#15620 = PCURVE('',#15516,#15621);
#15621 = DEFINITIONAL_REPRESENTATION('',(#15622),#15626);
#15622 = LINE('',#15623,#15624);
#15623 = CARTESIAN_POINT('',(440.,0.));
#15624 = VECTOR('',#15625,1.);
#15625 = DIRECTION('',(0.,1.));
#15626 = ( GEOMETRIC_REPRESENTATION_CONTEXT(2) 
PARAMETRIC_REPRESENTATION_CONTEXT() REPRESENTATION_CONTEXT('2D SPACE',''
  ) );
#15627 = ADVANCED_FACE('',(#15628),#15434,.F.);
#15628 = FACE_BOUND('',#15629,.F.);
#15629 = EDGE_LOOP('',(#15630,#15651,#15652,#15673));
#15630 = ORIENTED_EDGE('',*,*,#15631,.F.);
#15631 = EDGE_CURVE('',#15412,#15532,#15632,.T.);
#15632 = SURFACE_CURVE('',#15633,(#15637,#15644),.PCURVE_S1.);
#15633 = LINE('',#15634,#15635);
#15634 = CARTESIAN_POINT('',(-220.,-1.5,-22.5));
#15635 = VECTOR('',#15636,1.);
#15636 = DIRECTION('',(1.,0.,-0.));
#15637 = PCURVE('',#15434,#15638);
#15638 = DEFINITIONAL_REPRESENTATION('',(#15639),#15643);
#15639 = LINE('',#15640,#15641);
#15640 = CARTESIAN_POINT('',(0.,0.));
#15641 = VECTOR('',#15642,1.);
#15642 = DIRECTION('',(0.,1.));
#15643 = ( GEOMETRIC_REPRESENTATION_CONTEXT(2) 
PARAMETRIC_REPRESENTATION_CONTEXT() REPRESENTATION_CONTEXT('2D SPACE',''
  ) );
#15644 = PCURVE('',#15462,#15645);
#15645 = DEFINITIONAL_REPRESENTATION('',(#15646),#15650);
#15646 = LINE('',#15647,#15648);
#15647 = CARTESIAN_POINT('',(0.,0.));
#15648 = VECTOR('',#15649,1.);
#15649 = DIRECTION('',(1.,0.));
#15650 = ( GEOMETRIC_REPRESENTATION_CONTEXT(2) 
PARAMETRIC_REPRESENTATION_CONTEXT() REPRESENTATION_CONTEXT('2D SPACE',''
  ) );
#15651 = ORIENTED_EDGE('',*,*,#15411,.T.);
#15652 = ORIENTED_EDGE('',*,*,#15653,.T.);
#15653 = EDGE_CURVE('',#15414,#15534,#15654,.T.);
#15654 = SURFACE_CURVE('',#15655,(#15659,#15666),.PCURVE_S1.);
#15655 = LINE('',#15656,#15657);
#15656 = CARTESIAN_POINT('',(-220.,-1.5,22.5));
#15657 = VECTOR('',#15658,1.);
#15658 = DIRECTION('',(1.,0.,-0.));
#15659 = PCURVE('',#15434,#15660);
#15660 = DEFINITIONAL_REPRESENTATION('',(#15661),#15665);
#15661 = LINE('',#15662,#15663);
#15662 = CARTESIAN_POINT('',(45.,0.));
#15663 = VECTOR('',#15664,1.);
#15664 = DIRECTION('',(0.,1.));
#15665 = ( GEOMETRIC_REPRESENTATION_CONTEXT(2) 
PARAMETRIC_REPRESENTATION_CONTEXT() REPRESENTATION_CONTEXT('2D SPACE',''
  ) );
#15666 = PCURVE('',#15516,#15667);
#15667 = DEFINITIONAL_REPRESENTATION('',(#15668),#15672);
#15668 = LINE('',#15669,#15670);
#15669 = CARTESIAN_POINT('',(0.,0.));
#15670 = VECTOR('',#15671,1.);
#15671 = DIRECTION('',(1.,0.));
#15672 = ( GEOMETRIC_REPRESENTATION_CONTEXT(2) 
PARAMETRIC_REPRESENTATION_CONTEXT() REPRESENTATION_CONTEXT('2D SPACE',''
  ) );
#15673 = ORIENTED_EDGE('',*,*,#15531,.F.);
#15674 = ADVANCED_FACE('',(#15675),#15490,.T.);
#15675 = FACE_BOUND('',#15676,.T.);
#15676 = EDGE_LOOP('',(#15677,#15698,#15699,#15720));
#15677 = ORIENTED_EDGE('',*,*,#15678,.F.);
#15678 = EDGE_CURVE('',#15447,#15562,#15679,.T.);
#15679 = SURFACE_CURVE('',#15680,(#15684,#15691),.PCURVE_S1.);
#15680 = LINE('',#15681,#15682);
#15681 = CARTESIAN_POINT('',(-220.,1.5,-22.5));
#15682 = VECTOR('',#15683,1.);
#15683 = DIRECTION('',(1.,0.,-0.));
#15684 = PCURVE('',#15490,#15685);
#15685 = DEFINITIONAL_REPRESENTATION('',(#15686),#15690);
#15686 = LINE('',#15687,#15688);
#15687 = CARTESIAN_POINT('',(0.,0.));
#15688 = VECTOR('',#15689,1.);
#15689 = DIRECTION('',(0.,1.));
#15690 = ( GEOMETRIC_REPRESENTATION_CONTEXT(2) 
PARAMETRIC_REPRESENTATION_CONTEXT() REPRESENTATION_CONTEXT('2D SPACE',''
  ) );
#15691 = PCURVE('',#15462,#15692);
#15692 = DEFINITIONAL_REPRESENTATION('',(#15693),#15697);
#15693 = LINE('',#15694,#15695);
#15694 = CARTESIAN_POINT('',(0.,3.));
#15695 = VECTOR('',#15696,1.);
#15696 = DIRECTION('',(1.,0.));
#15697 = ( GEOMETRIC_REPRESENTATION_CONTEXT(2) 
PARAMETRIC_REPRESENTATION_CONTEXT() REPRESENTATION_CONTEXT('2D SPACE',''
  ) );
#15698 = ORIENTED_EDGE('',*,*,#15474,.T.);
#15699 = ORIENTED_EDGE('',*,*,#15700,.T.);
#15700 = EDGE_CURVE('',#15475,#15585,#15701,.T.);
#15701 = SURFACE_CURVE('',#15702,(#15706,#15713),.PCURVE_S1.);
#15702 = LINE('',#15703,#15704);
#15703 = CARTESIAN_POINT('',(-220.,1.5,22.5));
#15704 = VECTOR('',#15705,1.);
#15705 = DIRECTION('',(1.,0.,-0.));
#15706 = PCURVE('',#15490,#15707);
#15707 = DEFINITIONAL_REPRESENTATION('',(#15708),#15712);
#15708 = LINE('',#15709,#15710);
#15709 = CARTESIAN_POINT('',(45.,0.));
#15710 = VECTOR('',#15711,1.);
#15711 = DIRECTION('',(0.,1.));
#15712 = ( GEOMETRIC_REPRESENTATION_CONTEXT(2) 
PARAMETRIC_REPRESENTATION_CONTEXT() REPRESENTATION_CONTEXT('2D SPACE',''
  ) );
#15713 = PCURVE('',#15516,#15714);
#15714 = DEFINITIONAL_REPRESENTATION('',(#15715),#15719);
#15715 = LINE('',#15716,#15717);
#15716 = CARTESIAN_POINT('',(0.,3.));
#15717 = VECTOR('',#15718,1.);
#15718 = DIRECTION('',(1.,0.));
#15719 = ( GEOMETRIC_REPRESENTATION_CONTEXT(2) 
PARAMETRIC_REPRESENTATION_CONTEXT() REPRESENTATION_CONTEXT('2D SPACE',''
  ) );
#15720 = ORIENTED_EDGE('',*,*,#15584,.F.);
#15721 = ADVANCED_FACE('',(#15722),#15462,.F.);
#15722 = FACE_BOUND('',#15723,.F.);
#15723 = EDGE_LOOP('',(#15724,#15725,#15726,#15727));
#15724 = ORIENTED_EDGE('',*,*,#15446,.F.);
#15725 = ORIENTED_EDGE('',*,*,#15631,.T.);
#15726 = ORIENTED_EDGE('',*,*,#15561,.T.);
#15727 = ORIENTED_EDGE('',*,*,#15678,.F.);
#15728 = ADVANCED_FACE('',(#15729),#15516,.T.);
#15729 = FACE_BOUND('',#15730,.T.);
#15730 = EDGE_LOOP('',(#15731,#15732,#15733,#15734));
#15731 = ORIENTED_EDGE('',*,*,#15502,.F.);
#15732 = ORIENTED_EDGE('',*,*,#15653,.T.);
#15733 = ORIENTED_EDGE('',*,*,#15607,.T.);
#15734 = ORIENTED_EDGE('',*,*,#15700,.F.);
#15735 = ( GEOMETRIC_REPRESENTATION_CONTEXT(3) 
GLOBAL_UNCERTAINTY_ASSIGNED_CONTEXT((#15739)) 
GLOBAL_UNIT_ASSIGNED_CONTEXT((#15736,#15737,#15738)) 
REPRESENTATION_CONTEXT('Context #1',
  '3D Context with UNIT and UNCERTAINTY') );
#15736 = ( LENGTH_UNIT() NAMED_UNIT(*) SI_UNIT(.MILLI.,.METRE.) );
#15737 = ( NAMED_UNIT(*) PLANE_ANGLE_UNIT() SI_UNIT($,.RADIAN.) );
#15738 = ( NAMED_UNIT(*) SI_UNIT($,.STERADIAN.) SOLID_ANGLE_UNIT() );
#15739 = UNCERTAINTY_MEASURE_WITH_UNIT(LENGTH_MEASURE(1.E-07),#15736,
  'distance_accuracy_value','confusion accuracy');
#15740 = CONTEXT_DEPENDENT_SHAPE_REPRESENTATION(#15741,#15743);
#15741 = ( REPRESENTATION_RELATIONSHIP('','',#15404,#10) 
REPRESENTATION_RELATIONSHIP_WITH_TRANSFORMATION(#15742) 
SHAPE_REPRESENTATION_RELATIONSHIP() );
#15742 = ITEM_DEFINED_TRANSFORMATION('','',#11,#71);
#15743 = PRODUCT_DEFINITION_SHAPE('Placement','Placement of an item',
  #15744);
#15744 = NEXT_ASSEMBLY_USAGE_OCCURRENCE('115','=>[0:1:1:116]','',#5,
  #15399,$);
#15745 = PRODUCT_RELATED_PRODUCT_CATEGORY('part',$,(#15401));
#15746 = SHAPE_DEFINITION_REPRESENTATION(#15747,#15753);
#15747 = PRODUCT_DEFINITION_SHAPE('','',#15748);
#15748 = PRODUCT_DEFINITION('design','',#15749,#15752);
#15749 = PRODUCT_DEFINITION_FORMATION('','',#15750);
#15750 = PRODUCT('SOLID','SOLID','',(#15751));
#15751 = PRODUCT_CONTEXT('',#2,'mechanical');
#15752 = PRODUCT_DEFINITION_CONTEXT('part definition',#2,'design');
#15753 = ADVANCED_BREP_SHAPE_REPRESENTATION('',(#11,#15754),#15852);
#15754 = MANIFOLD_SOLID_BREP('',#15755);
#15755 = CLOSED_SHELL('',(#15756,#15844,#15848));
#15756 = ADVANCED_FACE('',(#15757),#15770,.T.);
#15757 = FACE_BOUND('',#15758,.T.);
#15758 = EDGE_LOOP('',(#15759,#15793,#15816,#15843));
#15759 = ORIENTED_EDGE('',*,*,#15760,.F.);
#15760 = EDGE_CURVE('',#15761,#15761,#15763,.T.);
#15761 = VERTEX_POINT('',#15762);
#15762 = CARTESIAN_POINT('',(190.,103.41378811691,5.628963722091));
#15763 = SURFACE_CURVE('',#15764,(#15769,#15781),.PCURVE_S1.);
#15764 = CIRCLE('',#15765,7.);
#15765 = AXIS2_PLACEMENT_3D('',#15766,#15767,#15768);
#15766 = CARTESIAN_POINT('',(190.,110.,8.));
#15767 = DIRECTION('',(0.254756083836,0.327543536361,-0.909843156559));
#15768 = DIRECTION('',(-1.387778780781E-17,-0.940887411869,
    -0.338719468273));
#15769 = PCURVE('',#15770,#15775);
#15770 = CYLINDRICAL_SURFACE('',#15771,7.);
#15771 = AXIS2_PLACEMENT_3D('',#15772,#15773,#15774);
#15772 = CARTESIAN_POINT('',(120.,20.,258.));
#15773 = DIRECTION('',(0.254756083836,0.327543536361,-0.909843156559));
#15774 = DIRECTION('',(-1.387778780781E-17,-0.940887411869,
    -0.338719468273));
#15775 = DEFINITIONAL_REPRESENTATION('',(#15776),#15780);
#15776 = LINE('',#15777,#15778);
#15777 = CARTESIAN_POINT('',(0.,274.77263328068));
#15778 = VECTOR('',#15779,1.);
#15779 = DIRECTION('',(1.,0.));
#15780 = ( GEOMETRIC_REPRESENTATION_CONTEXT(2) 
PARAMETRIC_REPRESENTATION_CONTEXT() REPRESENTATION_CONTEXT('2D SPACE',''
  ) );
#15781 = PCURVE('',#15782,#15787);
#15782 = PLANE('',#15783);
#15783 = AXIS2_PLACEMENT_3D('',#15784,#15785,#15786);
#15784 = CARTESIAN_POINT('',(190.,110.,8.));
#15785 = DIRECTION('',(0.254756083836,0.327543536361,-0.909843156559));
#15786 = DIRECTION('',(-1.387778780781E-17,-0.940887411869,
    -0.338719468273));
#15787 = DEFINITIONAL_REPRESENTATION('',(#15788),#15792);
#15788 = CIRCLE('',#15789,7.);
#15789 = AXIS2_PLACEMENT_2D('',#15790,#15791);
#15790 = CARTESIAN_POINT('',(0.,0.));
#15791 = DIRECTION('',(1.,0.));
#15792 = ( GEOMETRIC_REPRESENTATION_CONTEXT(2) 
PARAMETRIC_REPRESENTATION_CONTEXT() REPRESENTATION_CONTEXT('2D SPACE',''
  ) );
#15793 = ORIENTED_EDGE('',*,*,#15794,.F.);
#15794 = EDGE_CURVE('',#15795,#15761,#15797,.T.);
#15795 = VERTEX_POINT('',#15796);
#15796 = CARTESIAN_POINT('',(120.,13.413788116919,255.62896372209));
#15797 = SEAM_CURVE('',#15798,(#15802,#15809),.PCURVE_S1.);
#15798 = LINE('',#15799,#15800);
#15799 = CARTESIAN_POINT('',(120.,13.413788116919,255.62896372209));
#15800 = VECTOR('',#15801,1.);
#15801 = DIRECTION('',(0.254756083836,0.327543536361,-0.909843156559));
#15802 = PCURVE('',#15770,#15803);
#15803 = DEFINITIONAL_REPRESENTATION('',(#15804),#15808);
#15804 = LINE('',#15805,#15806);
#15805 = CARTESIAN_POINT('',(6.28318530718,-0.));
#15806 = VECTOR('',#15807,1.);
#15807 = DIRECTION('',(0.,1.));
#15808 = ( GEOMETRIC_REPRESENTATION_CONTEXT(2) 
PARAMETRIC_REPRESENTATION_CONTEXT() REPRESENTATION_CONTEXT('2D SPACE',''
  ) );
#15809 = PCURVE('',#15770,#15810);
#15810 = DEFINITIONAL_REPRESENTATION('',(#15811),#15815);
#15811 = LINE('',#15812,#15813);
#15812 = CARTESIAN_POINT('',(0.,-0.));
#15813 = VECTOR('',#15814,1.);
#15814 = DIRECTION('',(0.,1.));
#15815 = ( GEOMETRIC_REPRESENTATION_CONTEXT(2) 
PARAMETRIC_REPRESENTATION_CONTEXT() REPRESENTATION_CONTEXT('2D SPACE',''
  ) );
#15816 = ORIENTED_EDGE('',*,*,#15817,.T.);
#15817 = EDGE_CURVE('',#15795,#15795,#15818,.T.);
#15818 = SURFACE_CURVE('',#15819,(#15824,#15831),.PCURVE_S1.);
#15819 = CIRCLE('',#15820,7.);
#15820 = AXIS2_PLACEMENT_3D('',#15821,#15822,#15823);
#15821 = CARTESIAN_POINT('',(120.,20.,258.));
#15822 = DIRECTION('',(0.254756083836,0.327543536361,-0.909843156559));
#15823 = DIRECTION('',(-1.387778780781E-17,-0.940887411869,
    -0.338719468273));
#15824 = PCURVE('',#15770,#15825);
#15825 = DEFINITIONAL_REPRESENTATION('',(#15826),#15830);
#15826 = LINE('',#15827,#15828);
#15827 = CARTESIAN_POINT('',(0.,0.));
#15828 = VECTOR('',#15829,1.);
#15829 = DIRECTION('',(1.,0.));
#15830 = ( GEOMETRIC_REPRESENTATION_CONTEXT(2) 
PARAMETRIC_REPRESENTATION_CONTEXT() REPRESENTATION_CONTEXT('2D SPACE',''
  ) );
#15831 = PCURVE('',#15832,#15837);
#15832 = PLANE('',#15833);
#15833 = AXIS2_PLACEMENT_3D('',#15834,#15835,#15836);
#15834 = CARTESIAN_POINT('',(120.,20.,258.));
#15835 = DIRECTION('',(0.254756083836,0.327543536361,-0.909843156559));
#15836 = DIRECTION('',(-1.387778780781E-17,-0.940887411869,
    -0.338719468273));
#15837 = DEFINITIONAL_REPRESENTATION('',(#15838),#15842);
#15838 = CIRCLE('',#15839,7.);
#15839 = AXIS2_PLACEMENT_2D('',#15840,#15841);
#15840 = CARTESIAN_POINT('',(0.,0.));
#15841 = DIRECTION('',(1.,0.));
#15842 = ( GEOMETRIC_REPRESENTATION_CONTEXT(2) 
PARAMETRIC_REPRESENTATION_CONTEXT() REPRESENTATION_CONTEXT('2D SPACE',''
  ) );
#15843 = ORIENTED_EDGE('',*,*,#15794,.T.);
#15844 = ADVANCED_FACE('',(#15845),#15782,.T.);
#15845 = FACE_BOUND('',#15846,.T.);
#15846 = EDGE_LOOP('',(#15847));
#15847 = ORIENTED_EDGE('',*,*,#15760,.T.);
#15848 = ADVANCED_FACE('',(#15849),#15832,.F.);
#15849 = FACE_BOUND('',#15850,.T.);
#15850 = EDGE_LOOP('',(#15851));
#15851 = ORIENTED_EDGE('',*,*,#15817,.F.);
#15852 = ( GEOMETRIC_REPRESENTATION_CONTEXT(3) 
GLOBAL_UNCERTAINTY_ASSIGNED_CONTEXT((#15856)) 
GLOBAL_UNIT_ASSIGNED_CONTEXT((#15853,#15854,#15855)) 
REPRESENTATION_CONTEXT('Context #1',
  '3D Context with UNIT and UNCERTAINTY') );
#15853 = ( LENGTH_UNIT() NAMED_UNIT(*) SI_UNIT(.MILLI.,.METRE.) );
#15854 = ( NAMED_UNIT(*) PLANE_ANGLE_UNIT() SI_UNIT($,.RADIAN.) );
#15855 = ( NAMED_UNIT(*) SI_UNIT($,.STERADIAN.) SOLID_ANGLE_UNIT() );
#15856 = UNCERTAINTY_MEASURE_WITH_UNIT(LENGTH_MEASURE(1.E-07),#15853,
  'distance_accuracy_value','confusion accuracy');
#15857 = CONTEXT_DEPENDENT_SHAPE_REPRESENTATION(#15858,#15860);
#15858 = ( REPRESENTATION_RELATIONSHIP('','',#15753,#10) 
REPRESENTATION_RELATIONSHIP_WITH_TRANSFORMATION(#15859) 
SHAPE_REPRESENTATION_RELATIONSHIP() );
#15859 = ITEM_DEFINED_TRANSFORMATION('','',#11,#75);
#15860 = PRODUCT_DEFINITION_SHAPE('Placement','Placement of an item',
  #15861);
#15861 = NEXT_ASSEMBLY_USAGE_OCCURRENCE('116','=>[0:1:1:117]','',#5,
  #15748,$);
#15862 = PRODUCT_RELATED_PRODUCT_CATEGORY('part',$,(#15750));
#15863 = SHAPE_DEFINITION_REPRESENTATION(#15864,#15870);
#15864 = PRODUCT_DEFINITION_SHAPE('','',#15865);
#15865 = PRODUCT_DEFINITION('design','',#15866,#15869);
#15866 = PRODUCT_DEFINITION_FORMATION('','',#15867);
#15867 = PRODUCT('COMPOUND','COMPOUND','',(#15868));
#15868 = PRODUCT_CONTEXT('',#2,'mechanical');
#15869 = PRODUCT_DEFINITION_CONTEXT('part definition',#2,'design');
#15870 = SHAPE_REPRESENTATION('',(#11,#15871,#15875,#15879,#15883,#15887
    ),#15891);
#15871 = AXIS2_PLACEMENT_3D('',#15872,#15873,#15874);
#15872 = CARTESIAN_POINT('',(-97.,0.,535.));
#15873 = DIRECTION('',(0.,0.,1.));
#15874 = DIRECTION('',(1.,0.,-0.));
#15875 = AXIS2_PLACEMENT_3D('',#15876,#15877,#15878);
#15876 = CARTESIAN_POINT('',(678.64439372963,0.,714.24323660081));
#15877 = DIRECTION('',(0.,0.,1.));
#15878 = DIRECTION('',(1.,0.,-0.));
#15879 = AXIS2_PLACEMENT_3D('',#15880,#15881,#15882);
#15880 = CARTESIAN_POINT('',(633.64439372963,100.,759.24323660081));
#15881 = DIRECTION('',(0.,0.,1.));
#15882 = DIRECTION('',(1.,0.,-0.));
#15883 = AXIS2_PLACEMENT_3D('',#15884,#15885,#15886);
#15884 = CARTESIAN_POINT('',(120.,0.,310.));
#15885 = DIRECTION('',(0.,0.,1.));
#15886 = DIRECTION('',(1.,0.,-0.));
#15887 = AXIS2_PLACEMENT_3D('',#15888,#15889,#15890);
#15888 = CARTESIAN_POINT('',(980.,0.,310.));
#15889 = DIRECTION('',(0.,0.,1.));
#15890 = DIRECTION('',(1.,0.,-0.));
#15891 = ( GEOMETRIC_REPRESENTATION_CONTEXT(3) 
GLOBAL_UNCERTAINTY_ASSIGNED_CONTEXT((#15895)) 
GLOBAL_UNIT_ASSIGNED_CONTEXT((#15892,#15893,#15894)) 
REPRESENTATION_CONTEXT('Context #1',
  '3D Context with UNIT and UNCERTAINTY') );
#15892 = ( LENGTH_UNIT() NAMED_UNIT(*) SI_UNIT(.MILLI.,.METRE.) );
#15893 = ( NAMED_UNIT(*) PLANE_ANGLE_UNIT() SI_UNIT($,.RADIAN.) );
#15894 = ( NAMED_UNIT(*) SI_UNIT($,.STERADIAN.) SOLID_ANGLE_UNIT() );
#15895 = UNCERTAINTY_MEASURE_WITH_UNIT(LENGTH_MEASURE(1.E-07),#15892,
  'distance_accuracy_value','confusion accuracy');
#15896 = CONTEXT_DEPENDENT_SHAPE_REPRESENTATION(#15897,#15899);
#15897 = ( REPRESENTATION_RELATIONSHIP('','',#15870,#10) 
REPRESENTATION_RELATIONSHIP_WITH_TRANSFORMATION(#15898) 
SHAPE_REPRESENTATION_RELATIONSHIP() );
#15898 = ITEM_DEFINED_TRANSFORMATION('','',#11,#79);
#15899 = PRODUCT_DEFINITION_SHAPE('Placement','Placement of an item',
  #15900);
#15900 = NEXT_ASSEMBLY_USAGE_OCCURRENCE('122','=>[0:1:1:118]','',#5,
  #15865,$);
#15901 = PRODUCT_RELATED_PRODUCT_CATEGORY('part',$,(#15867));
#15902 = SHAPE_DEFINITION_REPRESENTATION(#15903,#15909);
#15903 = PRODUCT_DEFINITION_SHAPE('','',#15904);
#15904 = PRODUCT_DEFINITION('design','',#15905,#15908);
#15905 = PRODUCT_DEFINITION_FORMATION('','',#15906);
#15906 = PRODUCT('COMPOUND','COMPOUND','',(#15907));
#15907 = PRODUCT_CONTEXT('',#2,'mechanical');
#15908 = PRODUCT_DEFINITION_CONTEXT('part definition',#2,'design');
#15909 = ADVANCED_BREP_SHAPE_REPRESENTATION('',(#11,#15910),#16240);
#15910 = MANIFOLD_SOLID_BREP('',#15911);
#15911 = CLOSED_SHELL('',(#15912,#16032,#16132,#16179,#16226,#16233));
#15912 = ADVANCED_FACE('',(#15913),#15927,.F.);
#15913 = FACE_BOUND('',#15914,.F.);
#15914 = EDGE_LOOP('',(#15915,#15950,#15978,#16006));
#15915 = ORIENTED_EDGE('',*,*,#15916,.F.);
#15916 = EDGE_CURVE('',#15917,#15919,#15921,.T.);
#15917 = VERTEX_POINT('',#15918);
#15918 = CARTESIAN_POINT('',(-4.,-35.,-20.));
#15919 = VERTEX_POINT('',#15920);
#15920 = CARTESIAN_POINT('',(-4.,-35.,20.));
#15921 = SURFACE_CURVE('',#15922,(#15926,#15938),.PCURVE_S1.);
#15922 = LINE('',#15923,#15924);
#15923 = CARTESIAN_POINT('',(-4.,-35.,-20.));
#15924 = VECTOR('',#15925,1.);
#15925 = DIRECTION('',(0.,0.,1.));
#15926 = PCURVE('',#15927,#15932);
#15927 = PLANE('',#15928);
#15928 = AXIS2_PLACEMENT_3D('',#15929,#15930,#15931);
#15929 = CARTESIAN_POINT('',(-4.,-35.,-20.));
#15930 = DIRECTION('',(1.,0.,-0.));
#15931 = DIRECTION('',(0.,0.,1.));
#15932 = DEFINITIONAL_REPRESENTATION('',(#15933),#15937);
#15933 = LINE('',#15934,#15935);
#15934 = CARTESIAN_POINT('',(0.,0.));
#15935 = VECTOR('',#15936,1.);
#15936 = DIRECTION('',(1.,0.));
#15937 = ( GEOMETRIC_REPRESENTATION_CONTEXT(2) 
PARAMETRIC_REPRESENTATION_CONTEXT() REPRESENTATION_CONTEXT('2D SPACE',''
  ) );
#15938 = PCURVE('',#15939,#15944);
#15939 = PLANE('',#15940);
#15940 = AXIS2_PLACEMENT_3D('',#15941,#15942,#15943);
#15941 = CARTESIAN_POINT('',(-4.,-35.,-20.));
#15942 = DIRECTION('',(-0.,1.,0.));
#15943 = DIRECTION('',(0.,0.,1.));
#15944 = DEFINITIONAL_REPRESENTATION('',(#15945),#15949);
#15945 = LINE('',#15946,#15947);
#15946 = CARTESIAN_POINT('',(0.,0.));
#15947 = VECTOR('',#15948,1.);
#15948 = DIRECTION('',(1.,0.));
#15949 = ( GEOMETRIC_REPRESENTATION_CONTEXT(2) 
PARAMETRIC_REPRESENTATION_CONTEXT() REPRESENTATION_CONTEXT('2D SPACE',''
  ) );
#15950 = ORIENTED_EDGE('',*,*,#15951,.T.);
#15951 = EDGE_CURVE('',#15917,#15952,#15954,.T.);
#15952 = VERTEX_POINT('',#15953);
#15953 = CARTESIAN_POINT('',(-4.,35.,-20.));
#15954 = SURFACE_CURVE('',#15955,(#15959,#15966),.PCURVE_S1.);
#15955 = LINE('',#15956,#15957);
#15956 = CARTESIAN_POINT('',(-4.,-35.,-20.));
#15957 = VECTOR('',#15958,1.);
#15958 = DIRECTION('',(-0.,1.,0.));
#15959 = PCURVE('',#15927,#15960);
#15960 = DEFINITIONAL_REPRESENTATION('',(#15961),#15965);
#15961 = LINE('',#15962,#15963);
#15962 = CARTESIAN_POINT('',(0.,0.));
#15963 = VECTOR('',#15964,1.);
#15964 = DIRECTION('',(0.,-1.));
#15965 = ( GEOMETRIC_REPRESENTATION_CONTEXT(2) 
PARAMETRIC_REPRESENTATION_CONTEXT() REPRESENTATION_CONTEXT('2D SPACE',''
  ) );
#15966 = PCURVE('',#15967,#15972);
#15967 = PLANE('',#15968);
#15968 = AXIS2_PLACEMENT_3D('',#15969,#15970,#15971);
#15969 = CARTESIAN_POINT('',(-4.,-35.,-20.));
#15970 = DIRECTION('',(0.,0.,1.));
#15971 = DIRECTION('',(1.,0.,-0.));
#15972 = DEFINITIONAL_REPRESENTATION('',(#15973),#15977);
#15973 = LINE('',#15974,#15975);
#15974 = CARTESIAN_POINT('',(0.,0.));
#15975 = VECTOR('',#15976,1.);
#15976 = DIRECTION('',(0.,1.));
#15977 = ( GEOMETRIC_REPRESENTATION_CONTEXT(2) 
PARAMETRIC_REPRESENTATION_CONTEXT() REPRESENTATION_CONTEXT('2D SPACE',''
  ) );
#15978 = ORIENTED_EDGE('',*,*,#15979,.T.);
#15979 = EDGE_CURVE('',#15952,#15980,#15982,.T.);
#15980 = VERTEX_POINT('',#15981);
#15981 = CARTESIAN_POINT('',(-4.,35.,20.));
#15982 = SURFACE_CURVE('',#15983,(#15987,#15994),.PCURVE_S1.);
#15983 = LINE('',#15984,#15985);
#15984 = CARTESIAN_POINT('',(-4.,35.,-20.));
#15985 = VECTOR('',#15986,1.);
#15986 = DIRECTION('',(0.,0.,1.));
#15987 = PCURVE('',#15927,#15988);
#15988 = DEFINITIONAL_REPRESENTATION('',(#15989),#15993);
#15989 = LINE('',#15990,#15991);
#15990 = CARTESIAN_POINT('',(0.,-70.));
#15991 = VECTOR('',#15992,1.);
#15992 = DIRECTION('',(1.,0.));
#15993 = ( GEOMETRIC_REPRESENTATION_CONTEXT(2) 
PARAMETRIC_REPRESENTATION_CONTEXT() REPRESENTATION_CONTEXT('2D SPACE',''
  ) );
#15994 = PCURVE('',#15995,#16000);
#15995 = PLANE('',#15996);
#15996 = AXIS2_PLACEMENT_3D('',#15997,#15998,#15999);
#15997 = CARTESIAN_POINT('',(-4.,35.,-20.));
#15998 = DIRECTION('',(-0.,1.,0.));
#15999 = DIRECTION('',(0.,0.,1.));
#16000 = DEFINITIONAL_REPRESENTATION('',(#16001),#16005);
#16001 = LINE('',#16002,#16003);
#16002 = CARTESIAN_POINT('',(0.,0.));
#16003 = VECTOR('',#16004,1.);
#16004 = DIRECTION('',(1.,0.));
#16005 = ( GEOMETRIC_REPRESENTATION_CONTEXT(2) 
PARAMETRIC_REPRESENTATION_CONTEXT() REPRESENTATION_CONTEXT('2D SPACE',''
  ) );
#16006 = ORIENTED_EDGE('',*,*,#16007,.F.);
#16007 = EDGE_CURVE('',#15919,#15980,#16008,.T.);
#16008 = SURFACE_CURVE('',#16009,(#16013,#16020),.PCURVE_S1.);
#16009 = LINE('',#16010,#16011);
#16010 = CARTESIAN_POINT('',(-4.,-35.,20.));
#16011 = VECTOR('',#16012,1.);
#16012 = DIRECTION('',(-0.,1.,0.));
#16013 = PCURVE('',#15927,#16014);
#16014 = DEFINITIONAL_REPRESENTATION('',(#16015),#16019);
#16015 = LINE('',#16016,#16017);
#16016 = CARTESIAN_POINT('',(40.,0.));
#16017 = VECTOR('',#16018,1.);
#16018 = DIRECTION('',(0.,-1.));
#16019 = ( GEOMETRIC_REPRESENTATION_CONTEXT(2) 
PARAMETRIC_REPRESENTATION_CONTEXT() REPRESENTATION_CONTEXT('2D SPACE',''
  ) );
#16020 = PCURVE('',#16021,#16026);
#16021 = PLANE('',#16022);
#16022 = AXIS2_PLACEMENT_3D('',#16023,#16024,#16025);
#16023 = CARTESIAN_POINT('',(-4.,-35.,20.));
#16024 = DIRECTION('',(0.,0.,1.));
#16025 = DIRECTION('',(1.,0.,-0.));
#16026 = DEFINITIONAL_REPRESENTATION('',(#16027),#16031);
#16027 = LINE('',#16028,#16029);
#16028 = CARTESIAN_POINT('',(0.,0.));
#16029 = VECTOR('',#16030,1.);
#16030 = DIRECTION('',(0.,1.));
#16031 = ( GEOMETRIC_REPRESENTATION_CONTEXT(2) 
PARAMETRIC_REPRESENTATION_CONTEXT() REPRESENTATION_CONTEXT('2D SPACE',''
  ) );
#16032 = ADVANCED_FACE('',(#16033),#16047,.T.);
#16033 = FACE_BOUND('',#16034,.T.);
#16034 = EDGE_LOOP('',(#16035,#16065,#16088,#16111));
#16035 = ORIENTED_EDGE('',*,*,#16036,.F.);
#16036 = EDGE_CURVE('',#16037,#16039,#16041,.T.);
#16037 = VERTEX_POINT('',#16038);
#16038 = CARTESIAN_POINT('',(4.,-35.,-20.));
#16039 = VERTEX_POINT('',#16040);
#16040 = CARTESIAN_POINT('',(4.,-35.,20.));
#16041 = SURFACE_CURVE('',#16042,(#16046,#16058),.PCURVE_S1.);
#16042 = LINE('',#16043,#16044);
#16043 = CARTESIAN_POINT('',(4.,-35.,-20.));
#16044 = VECTOR('',#16045,1.);
#16045 = DIRECTION('',(0.,0.,1.));
#16046 = PCURVE('',#16047,#16052);
#16047 = PLANE('',#16048);
#16048 = AXIS2_PLACEMENT_3D('',#16049,#16050,#16051);
#16049 = CARTESIAN_POINT('',(4.,-35.,-20.));
#16050 = DIRECTION('',(1.,0.,-0.));
#16051 = DIRECTION('',(0.,0.,1.));
#16052 = DEFINITIONAL_REPRESENTATION('',(#16053),#16057);
#16053 = LINE('',#16054,#16055);
#16054 = CARTESIAN_POINT('',(0.,0.));
#16055 = VECTOR('',#16056,1.);
#16056 = DIRECTION('',(1.,0.));
#16057 = ( GEOMETRIC_REPRESENTATION_CONTEXT(2) 
PARAMETRIC_REPRESENTATION_CONTEXT() REPRESENTATION_CONTEXT('2D SPACE',''
  ) );
#16058 = PCURVE('',#15939,#16059);
#16059 = DEFINITIONAL_REPRESENTATION('',(#16060),#16064);
#16060 = LINE('',#16061,#16062);
#16061 = CARTESIAN_POINT('',(0.,8.));
#16062 = VECTOR('',#16063,1.);
#16063 = DIRECTION('',(1.,0.));
#16064 = ( GEOMETRIC_REPRESENTATION_CONTEXT(2) 
PARAMETRIC_REPRESENTATION_CONTEXT() REPRESENTATION_CONTEXT('2D SPACE',''
  ) );
#16065 = ORIENTED_EDGE('',*,*,#16066,.T.);
#16066 = EDGE_CURVE('',#16037,#16067,#16069,.T.);
#16067 = VERTEX_POINT('',#16068);
#16068 = CARTESIAN_POINT('',(4.,35.,-20.));
#16069 = SURFACE_CURVE('',#16070,(#16074,#16081),.PCURVE_S1.);
#16070 = LINE('',#16071,#16072);
#16071 = CARTESIAN_POINT('',(4.,-35.,-20.));
#16072 = VECTOR('',#16073,1.);
#16073 = DIRECTION('',(-0.,1.,0.));
#16074 = PCURVE('',#16047,#16075);
#16075 = DEFINITIONAL_REPRESENTATION('',(#16076),#16080);
#16076 = LINE('',#16077,#16078);
#16077 = CARTESIAN_POINT('',(0.,0.));
#16078 = VECTOR('',#16079,1.);
#16079 = DIRECTION('',(0.,-1.));
#16080 = ( GEOMETRIC_REPRESENTATION_CONTEXT(2) 
PARAMETRIC_REPRESENTATION_CONTEXT() REPRESENTATION_CONTEXT('2D SPACE',''
  ) );
#16081 = PCURVE('',#15967,#16082);
#16082 = DEFINITIONAL_REPRESENTATION('',(#16083),#16087);
#16083 = LINE('',#16084,#16085);
#16084 = CARTESIAN_POINT('',(8.,0.));
#16085 = VECTOR('',#16086,1.);
#16086 = DIRECTION('',(0.,1.));
#16087 = ( GEOMETRIC_REPRESENTATION_CONTEXT(2) 
PARAMETRIC_REPRESENTATION_CONTEXT() REPRESENTATION_CONTEXT('2D SPACE',''
  ) );
#16088 = ORIENTED_EDGE('',*,*,#16089,.T.);
#16089 = EDGE_CURVE('',#16067,#16090,#16092,.T.);
#16090 = VERTEX_POINT('',#16091);
#16091 = CARTESIAN_POINT('',(4.,35.,20.));
#16092 = SURFACE_CURVE('',#16093,(#16097,#16104),.PCURVE_S1.);
#16093 = LINE('',#16094,#16095);
#16094 = CARTESIAN_POINT('',(4.,35.,-20.));
#16095 = VECTOR('',#16096,1.);
#16096 = DIRECTION('',(0.,0.,1.));
#16097 = PCURVE('',#16047,#16098);
#16098 = DEFINITIONAL_REPRESENTATION('',(#16099),#16103);
#16099 = LINE('',#16100,#16101);
#16100 = CARTESIAN_POINT('',(0.,-70.));
#16101 = VECTOR('',#16102,1.);
#16102 = DIRECTION('',(1.,0.));
#16103 = ( GEOMETRIC_REPRESENTATION_CONTEXT(2) 
PARAMETRIC_REPRESENTATION_CONTEXT() REPRESENTATION_CONTEXT('2D SPACE',''
  ) );
#16104 = PCURVE('',#15995,#16105);
#16105 = DEFINITIONAL_REPRESENTATION('',(#16106),#16110);
#16106 = LINE('',#16107,#16108);
#16107 = CARTESIAN_POINT('',(0.,8.));
#16108 = VECTOR('',#16109,1.);
#16109 = DIRECTION('',(1.,0.));
#16110 = ( GEOMETRIC_REPRESENTATION_CONTEXT(2) 
PARAMETRIC_REPRESENTATION_CONTEXT() REPRESENTATION_CONTEXT('2D SPACE',''
  ) );
#16111 = ORIENTED_EDGE('',*,*,#16112,.F.);
#16112 = EDGE_CURVE('',#16039,#16090,#16113,.T.);
#16113 = SURFACE_CURVE('',#16114,(#16118,#16125),.PCURVE_S1.);
#16114 = LINE('',#16115,#16116);
#16115 = CARTESIAN_POINT('',(4.,-35.,20.));
#16116 = VECTOR('',#16117,1.);
#16117 = DIRECTION('',(-0.,1.,0.));
#16118 = PCURVE('',#16047,#16119);
#16119 = DEFINITIONAL_REPRESENTATION('',(#16120),#16124);
#16120 = LINE('',#16121,#16122);
#16121 = CARTESIAN_POINT('',(40.,0.));
#16122 = VECTOR('',#16123,1.);
#16123 = DIRECTION('',(0.,-1.));
#16124 = ( GEOMETRIC_REPRESENTATION_CONTEXT(2) 
PARAMETRIC_REPRESENTATION_CONTEXT() REPRESENTATION_CONTEXT('2D SPACE',''
  ) );
#16125 = PCURVE('',#16021,#16126);
#16126 = DEFINITIONAL_REPRESENTATION('',(#16127),#16131);
#16127 = LINE('',#16128,#16129);
#16128 = CARTESIAN_POINT('',(8.,0.));
#16129 = VECTOR('',#16130,1.);
#16130 = DIRECTION('',(0.,1.));
#16131 = ( GEOMETRIC_REPRESENTATION_CONTEXT(2) 
PARAMETRIC_REPRESENTATION_CONTEXT() REPRESENTATION_CONTEXT('2D SPACE',''
  ) );
#16132 = ADVANCED_FACE('',(#16133),#15939,.F.);
#16133 = FACE_BOUND('',#16134,.F.);
#16134 = EDGE_LOOP('',(#16135,#16156,#16157,#16178));
#16135 = ORIENTED_EDGE('',*,*,#16136,.F.);
#16136 = EDGE_CURVE('',#15917,#16037,#16137,.T.);
#16137 = SURFACE_CURVE('',#16138,(#16142,#16149),.PCURVE_S1.);
#16138 = LINE('',#16139,#16140);
#16139 = CARTESIAN_POINT('',(-4.,-35.,-20.));
#16140 = VECTOR('',#16141,1.);
#16141 = DIRECTION('',(1.,0.,-0.));
#16142 = PCURVE('',#15939,#16143);
#16143 = DEFINITIONAL_REPRESENTATION('',(#16144),#16148);
#16144 = LINE('',#16145,#16146);
#16145 = CARTESIAN_POINT('',(0.,0.));
#16146 = VECTOR('',#16147,1.);
#16147 = DIRECTION('',(0.,1.));
#16148 = ( GEOMETRIC_REPRESENTATION_CONTEXT(2) 
PARAMETRIC_REPRESENTATION_CONTEXT() REPRESENTATION_CONTEXT('2D SPACE',''
  ) );
#16149 = PCURVE('',#15967,#16150);
#16150 = DEFINITIONAL_REPRESENTATION('',(#16151),#16155);
#16151 = LINE('',#16152,#16153);
#16152 = CARTESIAN_POINT('',(0.,0.));
#16153 = VECTOR('',#16154,1.);
#16154 = DIRECTION('',(1.,0.));
#16155 = ( GEOMETRIC_REPRESENTATION_CONTEXT(2) 
PARAMETRIC_REPRESENTATION_CONTEXT() REPRESENTATION_CONTEXT('2D SPACE',''
  ) );
#16156 = ORIENTED_EDGE('',*,*,#15916,.T.);
#16157 = ORIENTED_EDGE('',*,*,#16158,.T.);
#16158 = EDGE_CURVE('',#15919,#16039,#16159,.T.);
#16159 = SURFACE_CURVE('',#16160,(#16164,#16171),.PCURVE_S1.);
#16160 = LINE('',#16161,#16162);
#16161 = CARTESIAN_POINT('',(-4.,-35.,20.));
#16162 = VECTOR('',#16163,1.);
#16163 = DIRECTION('',(1.,0.,-0.));
#16164 = PCURVE('',#15939,#16165);
#16165 = DEFINITIONAL_REPRESENTATION('',(#16166),#16170);
#16166 = LINE('',#16167,#16168);
#16167 = CARTESIAN_POINT('',(40.,0.));
#16168 = VECTOR('',#16169,1.);
#16169 = DIRECTION('',(0.,1.));
#16170 = ( GEOMETRIC_REPRESENTATION_CONTEXT(2) 
PARAMETRIC_REPRESENTATION_CONTEXT() REPRESENTATION_CONTEXT('2D SPACE',''
  ) );
#16171 = PCURVE('',#16021,#16172);
#16172 = DEFINITIONAL_REPRESENTATION('',(#16173),#16177);
#16173 = LINE('',#16174,#16175);
#16174 = CARTESIAN_POINT('',(0.,0.));
#16175 = VECTOR('',#16176,1.);
#16176 = DIRECTION('',(1.,0.));
#16177 = ( GEOMETRIC_REPRESENTATION_CONTEXT(2) 
PARAMETRIC_REPRESENTATION_CONTEXT() REPRESENTATION_CONTEXT('2D SPACE',''
  ) );
#16178 = ORIENTED_EDGE('',*,*,#16036,.F.);
#16179 = ADVANCED_FACE('',(#16180),#15995,.T.);
#16180 = FACE_BOUND('',#16181,.T.);
#16181 = EDGE_LOOP('',(#16182,#16203,#16204,#16225));
#16182 = ORIENTED_EDGE('',*,*,#16183,.F.);
#16183 = EDGE_CURVE('',#15952,#16067,#16184,.T.);
#16184 = SURFACE_CURVE('',#16185,(#16189,#16196),.PCURVE_S1.);
#16185 = LINE('',#16186,#16187);
#16186 = CARTESIAN_POINT('',(-4.,35.,-20.));
#16187 = VECTOR('',#16188,1.);
#16188 = DIRECTION('',(1.,0.,-0.));
#16189 = PCURVE('',#15995,#16190);
#16190 = DEFINITIONAL_REPRESENTATION('',(#16191),#16195);
#16191 = LINE('',#16192,#16193);
#16192 = CARTESIAN_POINT('',(0.,0.));
#16193 = VECTOR('',#16194,1.);
#16194 = DIRECTION('',(0.,1.));
#16195 = ( GEOMETRIC_REPRESENTATION_CONTEXT(2) 
PARAMETRIC_REPRESENTATION_CONTEXT() REPRESENTATION_CONTEXT('2D SPACE',''
  ) );
#16196 = PCURVE('',#15967,#16197);
#16197 = DEFINITIONAL_REPRESENTATION('',(#16198),#16202);
#16198 = LINE('',#16199,#16200);
#16199 = CARTESIAN_POINT('',(0.,70.));
#16200 = VECTOR('',#16201,1.);
#16201 = DIRECTION('',(1.,0.));
#16202 = ( GEOMETRIC_REPRESENTATION_CONTEXT(2) 
PARAMETRIC_REPRESENTATION_CONTEXT() REPRESENTATION_CONTEXT('2D SPACE',''
  ) );
#16203 = ORIENTED_EDGE('',*,*,#15979,.T.);
#16204 = ORIENTED_EDGE('',*,*,#16205,.T.);
#16205 = EDGE_CURVE('',#15980,#16090,#16206,.T.);
#16206 = SURFACE_CURVE('',#16207,(#16211,#16218),.PCURVE_S1.);
#16207 = LINE('',#16208,#16209);
#16208 = CARTESIAN_POINT('',(-4.,35.,20.));
#16209 = VECTOR('',#16210,1.);
#16210 = DIRECTION('',(1.,0.,-0.));
#16211 = PCURVE('',#15995,#16212);
#16212 = DEFINITIONAL_REPRESENTATION('',(#16213),#16217);
#16213 = LINE('',#16214,#16215);
#16214 = CARTESIAN_POINT('',(40.,0.));
#16215 = VECTOR('',#16216,1.);
#16216 = DIRECTION('',(0.,1.));
#16217 = ( GEOMETRIC_REPRESENTATION_CONTEXT(2) 
PARAMETRIC_REPRESENTATION_CONTEXT() REPRESENTATION_CONTEXT('2D SPACE',''
  ) );
#16218 = PCURVE('',#16021,#16219);
#16219 = DEFINITIONAL_REPRESENTATION('',(#16220),#16224);
#16220 = LINE('',#16221,#16222);
#16221 = CARTESIAN_POINT('',(0.,70.));
#16222 = VECTOR('',#16223,1.);
#16223 = DIRECTION('',(1.,0.));
#16224 = ( GEOMETRIC_REPRESENTATION_CONTEXT(2) 
PARAMETRIC_REPRESENTATION_CONTEXT() REPRESENTATION_CONTEXT('2D SPACE',''
  ) );
#16225 = ORIENTED_EDGE('',*,*,#16089,.F.);
#16226 = ADVANCED_FACE('',(#16227),#15967,.F.);
#16227 = FACE_BOUND('',#16228,.F.);
#16228 = EDGE_LOOP('',(#16229,#16230,#16231,#16232));
#16229 = ORIENTED_EDGE('',*,*,#15951,.F.);
#16230 = ORIENTED_EDGE('',*,*,#16136,.T.);
#16231 = ORIENTED_EDGE('',*,*,#16066,.T.);
#16232 = ORIENTED_EDGE('',*,*,#16183,.F.);
#16233 = ADVANCED_FACE('',(#16234),#16021,.T.);
#16234 = FACE_BOUND('',#16235,.T.);
#16235 = EDGE_LOOP('',(#16236,#16237,#16238,#16239));
#16236 = ORIENTED_EDGE('',*,*,#16007,.F.);
#16237 = ORIENTED_EDGE('',*,*,#16158,.T.);
#16238 = ORIENTED_EDGE('',*,*,#16112,.T.);
#16239 = ORIENTED_EDGE('',*,*,#16205,.F.);
#16240 = ( GEOMETRIC_REPRESENTATION_CONTEXT(3) 
GLOBAL_UNCERTAINTY_ASSIGNED_CONTEXT((#16244)) 
GLOBAL_UNIT_ASSIGNED_CONTEXT((#16241,#16242,#16243)) 
REPRESENTATION_CONTEXT('Context #1',
  '3D Context with UNIT and UNCERTAINTY') );
#16241 = ( LENGTH_UNIT() NAMED_UNIT(*) SI_UNIT(.MILLI.,.METRE.) );
#16242 = ( NAMED_UNIT(*) PLANE_ANGLE_UNIT() SI_UNIT($,.RADIAN.) );
#16243 = ( NAMED_UNIT(*) SI_UNIT($,.STERADIAN.) SOLID_ANGLE_UNIT() );
#16244 = UNCERTAINTY_MEASURE_WITH_UNIT(LENGTH_MEASURE(1.E-07),#16241,
  'distance_accuracy_value','confusion accuracy');
#16245 = CONTEXT_DEPENDENT_SHAPE_REPRESENTATION(#16246,#16248);
#16246 = ( REPRESENTATION_RELATIONSHIP('','',#15909,#15870) 
REPRESENTATION_RELATIONSHIP_WITH_TRANSFORMATION(#16247) 
SHAPE_REPRESENTATION_RELATIONSHIP() );
#16247 = ITEM_DEFINED_TRANSFORMATION('','',#11,#15871);
#16248 = PRODUCT_DEFINITION_SHAPE('Placement','Placement of an item',
  #16249);
#16249 = NEXT_ASSEMBLY_USAGE_OCCURRENCE('117','=>[0:1:1:119]','',#15865,
  #15904,$);
#16250 = PRODUCT_RELATED_PRODUCT_CATEGORY('part',$,(#15906));
#16251 = SHAPE_DEFINITION_REPRESENTATION(#16252,#16258);
#16252 = PRODUCT_DEFINITION_SHAPE('','',#16253);
#16253 = PRODUCT_DEFINITION('design','',#16254,#16257);
#16254 = PRODUCT_DEFINITION_FORMATION('','',#16255);
#16255 = PRODUCT('COMPOUND','COMPOUND','',(#16256));
#16256 = PRODUCT_CONTEXT('',#2,'mechanical');
#16257 = PRODUCT_DEFINITION_CONTEXT('part definition',#2,'design');
#16258 = ADVANCED_BREP_SHAPE_REPRESENTATION('',(#11,#16259),#16589);
#16259 = MANIFOLD_SOLID_BREP('',#16260);
#16260 = CLOSED_SHELL('',(#16261,#16381,#16481,#16528,#16575,#16582));
#16261 = ADVANCED_FACE('',(#16262),#16276,.F.);
#16262 = FACE_BOUND('',#16263,.F.);
#16263 = EDGE_LOOP('',(#16264,#16299,#16327,#16355));
#16264 = ORIENTED_EDGE('',*,*,#16265,.F.);
#16265 = EDGE_CURVE('',#16266,#16268,#16270,.T.);
#16266 = VERTEX_POINT('',#16267);
#16267 = CARTESIAN_POINT('',(-4.,-30.,-17.5));
#16268 = VERTEX_POINT('',#16269);
#16269 = CARTESIAN_POINT('',(-4.,-30.,17.5));
#16270 = SURFACE_CURVE('',#16271,(#16275,#16287),.PCURVE_S1.);
#16271 = LINE('',#16272,#16273);
#16272 = CARTESIAN_POINT('',(-4.,-30.,-17.5));
#16273 = VECTOR('',#16274,1.);
#16274 = DIRECTION('',(0.,0.,1.));
#16275 = PCURVE('',#16276,#16281);
#16276 = PLANE('',#16277);
#16277 = AXIS2_PLACEMENT_3D('',#16278,#16279,#16280);
#16278 = CARTESIAN_POINT('',(-4.,-30.,-17.5));
#16279 = DIRECTION('',(1.,0.,-0.));
#16280 = DIRECTION('',(0.,0.,1.));
#16281 = DEFINITIONAL_REPRESENTATION('',(#16282),#16286);
#16282 = LINE('',#16283,#16284);
#16283 = CARTESIAN_POINT('',(0.,0.));
#16284 = VECTOR('',#16285,1.);
#16285 = DIRECTION('',(1.,0.));
#16286 = ( GEOMETRIC_REPRESENTATION_CONTEXT(2) 
PARAMETRIC_REPRESENTATION_CONTEXT() REPRESENTATION_CONTEXT('2D SPACE',''
  ) );
#16287 = PCURVE('',#16288,#16293);
#16288 = PLANE('',#16289);
#16289 = AXIS2_PLACEMENT_3D('',#16290,#16291,#16292);
#16290 = CARTESIAN_POINT('',(-4.,-30.,-17.5));
#16291 = DIRECTION('',(-0.,1.,0.));
#16292 = DIRECTION('',(0.,0.,1.));
#16293 = DEFINITIONAL_REPRESENTATION('',(#16294),#16298);
#16294 = LINE('',#16295,#16296);
#16295 = CARTESIAN_POINT('',(0.,0.));
#16296 = VECTOR('',#16297,1.);
#16297 = DIRECTION('',(1.,0.));
#16298 = ( GEOMETRIC_REPRESENTATION_CONTEXT(2) 
PARAMETRIC_REPRESENTATION_CONTEXT() REPRESENTATION_CONTEXT('2D SPACE',''
  ) );
#16299 = ORIENTED_EDGE('',*,*,#16300,.T.);
#16300 = EDGE_CURVE('',#16266,#16301,#16303,.T.);
#16301 = VERTEX_POINT('',#16302);
#16302 = CARTESIAN_POINT('',(-4.,30.,-17.5));
#16303 = SURFACE_CURVE('',#16304,(#16308,#16315),.PCURVE_S1.);
#16304 = LINE('',#16305,#16306);
#16305 = CARTESIAN_POINT('',(-4.,-30.,-17.5));
#16306 = VECTOR('',#16307,1.);
#16307 = DIRECTION('',(-0.,1.,0.));
#16308 = PCURVE('',#16276,#16309);
#16309 = DEFINITIONAL_REPRESENTATION('',(#16310),#16314);
#16310 = LINE('',#16311,#16312);
#16311 = CARTESIAN_POINT('',(0.,0.));
#16312 = VECTOR('',#16313,1.);
#16313 = DIRECTION('',(0.,-1.));
#16314 = ( GEOMETRIC_REPRESENTATION_CONTEXT(2) 
PARAMETRIC_REPRESENTATION_CONTEXT() REPRESENTATION_CONTEXT('2D SPACE',''
  ) );
#16315 = PCURVE('',#16316,#16321);
#16316 = PLANE('',#16317);
#16317 = AXIS2_PLACEMENT_3D('',#16318,#16319,#16320);
#16318 = CARTESIAN_POINT('',(-4.,-30.,-17.5));
#16319 = DIRECTION('',(0.,0.,1.));
#16320 = DIRECTION('',(1.,0.,-0.));
#16321 = DEFINITIONAL_REPRESENTATION('',(#16322),#16326);
#16322 = LINE('',#16323,#16324);
#16323 = CARTESIAN_POINT('',(0.,0.));
#16324 = VECTOR('',#16325,1.);
#16325 = DIRECTION('',(0.,1.));
#16326 = ( GEOMETRIC_REPRESENTATION_CONTEXT(2) 
PARAMETRIC_REPRESENTATION_CONTEXT() REPRESENTATION_CONTEXT('2D SPACE',''
  ) );
#16327 = ORIENTED_EDGE('',*,*,#16328,.T.);
#16328 = EDGE_CURVE('',#16301,#16329,#16331,.T.);
#16329 = VERTEX_POINT('',#16330);
#16330 = CARTESIAN_POINT('',(-4.,30.,17.5));
#16331 = SURFACE_CURVE('',#16332,(#16336,#16343),.PCURVE_S1.);
#16332 = LINE('',#16333,#16334);
#16333 = CARTESIAN_POINT('',(-4.,30.,-17.5));
#16334 = VECTOR('',#16335,1.);
#16335 = DIRECTION('',(0.,0.,1.));
#16336 = PCURVE('',#16276,#16337);
#16337 = DEFINITIONAL_REPRESENTATION('',(#16338),#16342);
#16338 = LINE('',#16339,#16340);
#16339 = CARTESIAN_POINT('',(0.,-60.));
#16340 = VECTOR('',#16341,1.);
#16341 = DIRECTION('',(1.,0.));
#16342 = ( GEOMETRIC_REPRESENTATION_CONTEXT(2) 
PARAMETRIC_REPRESENTATION_CONTEXT() REPRESENTATION_CONTEXT('2D SPACE',''
  ) );
#16343 = PCURVE('',#16344,#16349);
#16344 = PLANE('',#16345);
#16345 = AXIS2_PLACEMENT_3D('',#16346,#16347,#16348);
#16346 = CARTESIAN_POINT('',(-4.,30.,-17.5));
#16347 = DIRECTION('',(-0.,1.,0.));
#16348 = DIRECTION('',(0.,0.,1.));
#16349 = DEFINITIONAL_REPRESENTATION('',(#16350),#16354);
#16350 = LINE('',#16351,#16352);
#16351 = CARTESIAN_POINT('',(0.,0.));
#16352 = VECTOR('',#16353,1.);
#16353 = DIRECTION('',(1.,0.));
#16354 = ( GEOMETRIC_REPRESENTATION_CONTEXT(2) 
PARAMETRIC_REPRESENTATION_CONTEXT() REPRESENTATION_CONTEXT('2D SPACE',''
  ) );
#16355 = ORIENTED_EDGE('',*,*,#16356,.F.);
#16356 = EDGE_CURVE('',#16268,#16329,#16357,.T.);
#16357 = SURFACE_CURVE('',#16358,(#16362,#16369),.PCURVE_S1.);
#16358 = LINE('',#16359,#16360);
#16359 = CARTESIAN_POINT('',(-4.,-30.,17.5));
#16360 = VECTOR('',#16361,1.);
#16361 = DIRECTION('',(-0.,1.,0.));
#16362 = PCURVE('',#16276,#16363);
#16363 = DEFINITIONAL_REPRESENTATION('',(#16364),#16368);
#16364 = LINE('',#16365,#16366);
#16365 = CARTESIAN_POINT('',(35.,0.));
#16366 = VECTOR('',#16367,1.);
#16367 = DIRECTION('',(0.,-1.));
#16368 = ( GEOMETRIC_REPRESENTATION_CONTEXT(2) 
PARAMETRIC_REPRESENTATION_CONTEXT() REPRESENTATION_CONTEXT('2D SPACE',''
  ) );
#16369 = PCURVE('',#16370,#16375);
#16370 = PLANE('',#16371);
#16371 = AXIS2_PLACEMENT_3D('',#16372,#16373,#16374);
#16372 = CARTESIAN_POINT('',(-4.,-30.,17.5));
#16373 = DIRECTION('',(0.,0.,1.));
#16374 = DIRECTION('',(1.,0.,-0.));
#16375 = DEFINITIONAL_REPRESENTATION('',(#16376),#16380);
#16376 = LINE('',#16377,#16378);
#16377 = CARTESIAN_POINT('',(0.,0.));
#16378 = VECTOR('',#16379,1.);
#16379 = DIRECTION('',(0.,1.));
#16380 = ( GEOMETRIC_REPRESENTATION_CONTEXT(2) 
PARAMETRIC_REPRESENTATION_CONTEXT() REPRESENTATION_CONTEXT('2D SPACE',''
  ) );
#16381 = ADVANCED_FACE('',(#16382),#16396,.T.);
#16382 = FACE_BOUND('',#16383,.T.);
#16383 = EDGE_LOOP('',(#16384,#16414,#16437,#16460));
#16384 = ORIENTED_EDGE('',*,*,#16385,.F.);
#16385 = EDGE_CURVE('',#16386,#16388,#16390,.T.);
#16386 = VERTEX_POINT('',#16387);
#16387 = CARTESIAN_POINT('',(4.,-30.,-17.5));
#16388 = VERTEX_POINT('',#16389);
#16389 = CARTESIAN_POINT('',(4.,-30.,17.5));
#16390 = SURFACE_CURVE('',#16391,(#16395,#16407),.PCURVE_S1.);
#16391 = LINE('',#16392,#16393);
#16392 = CARTESIAN_POINT('',(4.,-30.,-17.5));
#16393 = VECTOR('',#16394,1.);
#16394 = DIRECTION('',(0.,0.,1.));
#16395 = PCURVE('',#16396,#16401);
#16396 = PLANE('',#16397);
#16397 = AXIS2_PLACEMENT_3D('',#16398,#16399,#16400);
#16398 = CARTESIAN_POINT('',(4.,-30.,-17.5));
#16399 = DIRECTION('',(1.,0.,-0.));
#16400 = DIRECTION('',(0.,0.,1.));
#16401 = DEFINITIONAL_REPRESENTATION('',(#16402),#16406);
#16402 = LINE('',#16403,#16404);
#16403 = CARTESIAN_POINT('',(0.,0.));
#16404 = VECTOR('',#16405,1.);
#16405 = DIRECTION('',(1.,0.));
#16406 = ( GEOMETRIC_REPRESENTATION_CONTEXT(2) 
PARAMETRIC_REPRESENTATION_CONTEXT() REPRESENTATION_CONTEXT('2D SPACE',''
  ) );
#16407 = PCURVE('',#16288,#16408);
#16408 = DEFINITIONAL_REPRESENTATION('',(#16409),#16413);
#16409 = LINE('',#16410,#16411);
#16410 = CARTESIAN_POINT('',(0.,8.));
#16411 = VECTOR('',#16412,1.);
#16412 = DIRECTION('',(1.,0.));
#16413 = ( GEOMETRIC_REPRESENTATION_CONTEXT(2) 
PARAMETRIC_REPRESENTATION_CONTEXT() REPRESENTATION_CONTEXT('2D SPACE',''
  ) );
#16414 = ORIENTED_EDGE('',*,*,#16415,.T.);
#16415 = EDGE_CURVE('',#16386,#16416,#16418,.T.);
#16416 = VERTEX_POINT('',#16417);
#16417 = CARTESIAN_POINT('',(4.,30.,-17.5));
#16418 = SURFACE_CURVE('',#16419,(#16423,#16430),.PCURVE_S1.);
#16419 = LINE('',#16420,#16421);
#16420 = CARTESIAN_POINT('',(4.,-30.,-17.5));
#16421 = VECTOR('',#16422,1.);
#16422 = DIRECTION('',(-0.,1.,0.));
#16423 = PCURVE('',#16396,#16424);
#16424 = DEFINITIONAL_REPRESENTATION('',(#16425),#16429);
#16425 = LINE('',#16426,#16427);
#16426 = CARTESIAN_POINT('',(0.,0.));
#16427 = VECTOR('',#16428,1.);
#16428 = DIRECTION('',(0.,-1.));
#16429 = ( GEOMETRIC_REPRESENTATION_CONTEXT(2) 
PARAMETRIC_REPRESENTATION_CONTEXT() REPRESENTATION_CONTEXT('2D SPACE',''
  ) );
#16430 = PCURVE('',#16316,#16431);
#16431 = DEFINITIONAL_REPRESENTATION('',(#16432),#16436);
#16432 = LINE('',#16433,#16434);
#16433 = CARTESIAN_POINT('',(8.,0.));
#16434 = VECTOR('',#16435,1.);
#16435 = DIRECTION('',(0.,1.));
#16436 = ( GEOMETRIC_REPRESENTATION_CONTEXT(2) 
PARAMETRIC_REPRESENTATION_CONTEXT() REPRESENTATION_CONTEXT('2D SPACE',''
  ) );
#16437 = ORIENTED_EDGE('',*,*,#16438,.T.);
#16438 = EDGE_CURVE('',#16416,#16439,#16441,.T.);
#16439 = VERTEX_POINT('',#16440);
#16440 = CARTESIAN_POINT('',(4.,30.,17.5));
#16441 = SURFACE_CURVE('',#16442,(#16446,#16453),.PCURVE_S1.);
#16442 = LINE('',#16443,#16444);
#16443 = CARTESIAN_POINT('',(4.,30.,-17.5));
#16444 = VECTOR('',#16445,1.);
#16445 = DIRECTION('',(0.,0.,1.));
#16446 = PCURVE('',#16396,#16447);
#16447 = DEFINITIONAL_REPRESENTATION('',(#16448),#16452);
#16448 = LINE('',#16449,#16450);
#16449 = CARTESIAN_POINT('',(0.,-60.));
#16450 = VECTOR('',#16451,1.);
#16451 = DIRECTION('',(1.,0.));
#16452 = ( GEOMETRIC_REPRESENTATION_CONTEXT(2) 
PARAMETRIC_REPRESENTATION_CONTEXT() REPRESENTATION_CONTEXT('2D SPACE',''
  ) );
#16453 = PCURVE('',#16344,#16454);
#16454 = DEFINITIONAL_REPRESENTATION('',(#16455),#16459);
#16455 = LINE('',#16456,#16457);
#16456 = CARTESIAN_POINT('',(0.,8.));
#16457 = VECTOR('',#16458,1.);
#16458 = DIRECTION('',(1.,0.));
#16459 = ( GEOMETRIC_REPRESENTATION_CONTEXT(2) 
PARAMETRIC_REPRESENTATION_CONTEXT() REPRESENTATION_CONTEXT('2D SPACE',''
  ) );
#16460 = ORIENTED_EDGE('',*,*,#16461,.F.);
#16461 = EDGE_CURVE('',#16388,#16439,#16462,.T.);
#16462 = SURFACE_CURVE('',#16463,(#16467,#16474),.PCURVE_S1.);
#16463 = LINE('',#16464,#16465);
#16464 = CARTESIAN_POINT('',(4.,-30.,17.5));
#16465 = VECTOR('',#16466,1.);
#16466 = DIRECTION('',(-0.,1.,0.));
#16467 = PCURVE('',#16396,#16468);
#16468 = DEFINITIONAL_REPRESENTATION('',(#16469),#16473);
#16469 = LINE('',#16470,#16471);
#16470 = CARTESIAN_POINT('',(35.,0.));
#16471 = VECTOR('',#16472,1.);
#16472 = DIRECTION('',(0.,-1.));
#16473 = ( GEOMETRIC_REPRESENTATION_CONTEXT(2) 
PARAMETRIC_REPRESENTATION_CONTEXT() REPRESENTATION_CONTEXT('2D SPACE',''
  ) );
#16474 = PCURVE('',#16370,#16475);
#16475 = DEFINITIONAL_REPRESENTATION('',(#16476),#16480);
#16476 = LINE('',#16477,#16478);
#16477 = CARTESIAN_POINT('',(8.,0.));
#16478 = VECTOR('',#16479,1.);
#16479 = DIRECTION('',(0.,1.));
#16480 = ( GEOMETRIC_REPRESENTATION_CONTEXT(2) 
PARAMETRIC_REPRESENTATION_CONTEXT() REPRESENTATION_CONTEXT('2D SPACE',''
  ) );
#16481 = ADVANCED_FACE('',(#16482),#16288,.F.);
#16482 = FACE_BOUND('',#16483,.F.);
#16483 = EDGE_LOOP('',(#16484,#16505,#16506,#16527));
#16484 = ORIENTED_EDGE('',*,*,#16485,.F.);
#16485 = EDGE_CURVE('',#16266,#16386,#16486,.T.);
#16486 = SURFACE_CURVE('',#16487,(#16491,#16498),.PCURVE_S1.);
#16487 = LINE('',#16488,#16489);
#16488 = CARTESIAN_POINT('',(-4.,-30.,-17.5));
#16489 = VECTOR('',#16490,1.);
#16490 = DIRECTION('',(1.,0.,-0.));
#16491 = PCURVE('',#16288,#16492);
#16492 = DEFINITIONAL_REPRESENTATION('',(#16493),#16497);
#16493 = LINE('',#16494,#16495);
#16494 = CARTESIAN_POINT('',(0.,0.));
#16495 = VECTOR('',#16496,1.);
#16496 = DIRECTION('',(0.,1.));
#16497 = ( GEOMETRIC_REPRESENTATION_CONTEXT(2) 
PARAMETRIC_REPRESENTATION_CONTEXT() REPRESENTATION_CONTEXT('2D SPACE',''
  ) );
#16498 = PCURVE('',#16316,#16499);
#16499 = DEFINITIONAL_REPRESENTATION('',(#16500),#16504);
#16500 = LINE('',#16501,#16502);
#16501 = CARTESIAN_POINT('',(0.,0.));
#16502 = VECTOR('',#16503,1.);
#16503 = DIRECTION('',(1.,0.));
#16504 = ( GEOMETRIC_REPRESENTATION_CONTEXT(2) 
PARAMETRIC_REPRESENTATION_CONTEXT() REPRESENTATION_CONTEXT('2D SPACE',''
  ) );
#16505 = ORIENTED_EDGE('',*,*,#16265,.T.);
#16506 = ORIENTED_EDGE('',*,*,#16507,.T.);
#16507 = EDGE_CURVE('',#16268,#16388,#16508,.T.);
#16508 = SURFACE_CURVE('',#16509,(#16513,#16520),.PCURVE_S1.);
#16509 = LINE('',#16510,#16511);
#16510 = CARTESIAN_POINT('',(-4.,-30.,17.5));
#16511 = VECTOR('',#16512,1.);
#16512 = DIRECTION('',(1.,0.,-0.));
#16513 = PCURVE('',#16288,#16514);
#16514 = DEFINITIONAL_REPRESENTATION('',(#16515),#16519);
#16515 = LINE('',#16516,#16517);
#16516 = CARTESIAN_POINT('',(35.,0.));
#16517 = VECTOR('',#16518,1.);
#16518 = DIRECTION('',(0.,1.));
#16519 = ( GEOMETRIC_REPRESENTATION_CONTEXT(2) 
PARAMETRIC_REPRESENTATION_CONTEXT() REPRESENTATION_CONTEXT('2D SPACE',''
  ) );
#16520 = PCURVE('',#16370,#16521);
#16521 = DEFINITIONAL_REPRESENTATION('',(#16522),#16526);
#16522 = LINE('',#16523,#16524);
#16523 = CARTESIAN_POINT('',(0.,0.));
#16524 = VECTOR('',#16525,1.);
#16525 = DIRECTION('',(1.,0.));
#16526 = ( GEOMETRIC_REPRESENTATION_CONTEXT(2) 
PARAMETRIC_REPRESENTATION_CONTEXT() REPRESENTATION_CONTEXT('2D SPACE',''
  ) );
#16527 = ORIENTED_EDGE('',*,*,#16385,.F.);
#16528 = ADVANCED_FACE('',(#16529),#16344,.T.);
#16529 = FACE_BOUND('',#16530,.T.);
#16530 = EDGE_LOOP('',(#16531,#16552,#16553,#16574));
#16531 = ORIENTED_EDGE('',*,*,#16532,.F.);
#16532 = EDGE_CURVE('',#16301,#16416,#16533,.T.);
#16533 = SURFACE_CURVE('',#16534,(#16538,#16545),.PCURVE_S1.);
#16534 = LINE('',#16535,#16536);
#16535 = CARTESIAN_POINT('',(-4.,30.,-17.5));
#16536 = VECTOR('',#16537,1.);
#16537 = DIRECTION('',(1.,0.,-0.));
#16538 = PCURVE('',#16344,#16539);
#16539 = DEFINITIONAL_REPRESENTATION('',(#16540),#16544);
#16540 = LINE('',#16541,#16542);
#16541 = CARTESIAN_POINT('',(0.,0.));
#16542 = VECTOR('',#16543,1.);
#16543 = DIRECTION('',(0.,1.));
#16544 = ( GEOMETRIC_REPRESENTATION_CONTEXT(2) 
PARAMETRIC_REPRESENTATION_CONTEXT() REPRESENTATION_CONTEXT('2D SPACE',''
  ) );
#16545 = PCURVE('',#16316,#16546);
#16546 = DEFINITIONAL_REPRESENTATION('',(#16547),#16551);
#16547 = LINE('',#16548,#16549);
#16548 = CARTESIAN_POINT('',(0.,60.));
#16549 = VECTOR('',#16550,1.);
#16550 = DIRECTION('',(1.,0.));
#16551 = ( GEOMETRIC_REPRESENTATION_CONTEXT(2) 
PARAMETRIC_REPRESENTATION_CONTEXT() REPRESENTATION_CONTEXT('2D SPACE',''
  ) );
#16552 = ORIENTED_EDGE('',*,*,#16328,.T.);
#16553 = ORIENTED_EDGE('',*,*,#16554,.T.);
#16554 = EDGE_CURVE('',#16329,#16439,#16555,.T.);
#16555 = SURFACE_CURVE('',#16556,(#16560,#16567),.PCURVE_S1.);
#16556 = LINE('',#16557,#16558);
#16557 = CARTESIAN_POINT('',(-4.,30.,17.5));
#16558 = VECTOR('',#16559,1.);
#16559 = DIRECTION('',(1.,0.,-0.));
#16560 = PCURVE('',#16344,#16561);
#16561 = DEFINITIONAL_REPRESENTATION('',(#16562),#16566);
#16562 = LINE('',#16563,#16564);
#16563 = CARTESIAN_POINT('',(35.,0.));
#16564 = VECTOR('',#16565,1.);
#16565 = DIRECTION('',(0.,1.));
#16566 = ( GEOMETRIC_REPRESENTATION_CONTEXT(2) 
PARAMETRIC_REPRESENTATION_CONTEXT() REPRESENTATION_CONTEXT('2D SPACE',''
  ) );
#16567 = PCURVE('',#16370,#16568);
#16568 = DEFINITIONAL_REPRESENTATION('',(#16569),#16573);
#16569 = LINE('',#16570,#16571);
#16570 = CARTESIAN_POINT('',(0.,60.));
#16571 = VECTOR('',#16572,1.);
#16572 = DIRECTION('',(1.,0.));
#16573 = ( GEOMETRIC_REPRESENTATION_CONTEXT(2) 
PARAMETRIC_REPRESENTATION_CONTEXT() REPRESENTATION_CONTEXT('2D SPACE',''
  ) );
#16574 = ORIENTED_EDGE('',*,*,#16438,.F.);
#16575 = ADVANCED_FACE('',(#16576),#16316,.F.);
#16576 = FACE_BOUND('',#16577,.F.);
#16577 = EDGE_LOOP('',(#16578,#16579,#16580,#16581));
#16578 = ORIENTED_EDGE('',*,*,#16300,.F.);
#16579 = ORIENTED_EDGE('',*,*,#16485,.T.);
#16580 = ORIENTED_EDGE('',*,*,#16415,.T.);
#16581 = ORIENTED_EDGE('',*,*,#16532,.F.);
#16582 = ADVANCED_FACE('',(#16583),#16370,.T.);
#16583 = FACE_BOUND('',#16584,.T.);
#16584 = EDGE_LOOP('',(#16585,#16586,#16587,#16588));
#16585 = ORIENTED_EDGE('',*,*,#16356,.F.);
#16586 = ORIENTED_EDGE('',*,*,#16507,.T.);
#16587 = ORIENTED_EDGE('',*,*,#16461,.T.);
#16588 = ORIENTED_EDGE('',*,*,#16554,.F.);
#16589 = ( GEOMETRIC_REPRESENTATION_CONTEXT(3) 
GLOBAL_UNCERTAINTY_ASSIGNED_CONTEXT((#16593)) 
GLOBAL_UNIT_ASSIGNED_CONTEXT((#16590,#16591,#16592)) 
REPRESENTATION_CONTEXT('Context #1',
  '3D Context with UNIT and UNCERTAINTY') );
#16590 = ( LENGTH_UNIT() NAMED_UNIT(*) SI_UNIT(.MILLI.,.METRE.) );
#16591 = ( NAMED_UNIT(*) PLANE_ANGLE_UNIT() SI_UNIT($,.RADIAN.) );
#16592 = ( NAMED_UNIT(*) SI_UNIT($,.STERADIAN.) SOLID_ANGLE_UNIT() );
#16593 = UNCERTAINTY_MEASURE_WITH_UNIT(LENGTH_MEASURE(1.E-07),#16590,
  'distance_accuracy_value','confusion accuracy');
#16594 = CONTEXT_DEPENDENT_SHAPE_REPRESENTATION(#16595,#16597);
#16595 = ( REPRESENTATION_RELATIONSHIP('','',#16258,#15870) 
REPRESENTATION_RELATIONSHIP_WITH_TRANSFORMATION(#16596) 
SHAPE_REPRESENTATION_RELATIONSHIP() );
#16596 = ITEM_DEFINED_TRANSFORMATION('','',#11,#15875);
#16597 = PRODUCT_DEFINITION_SHAPE('Placement','Placement of an item',
  #16598);
#16598 = NEXT_ASSEMBLY_USAGE_OCCURRENCE('118','=>[0:1:1:120]','',#15865,
  #16253,$);
#16599 = PRODUCT_RELATED_PRODUCT_CATEGORY('part',$,(#16255));
#16600 = SHAPE_DEFINITION_REPRESENTATION(#16601,#16607);
#16601 = PRODUCT_DEFINITION_SHAPE('','',#16602);
#16602 = PRODUCT_DEFINITION('design','',#16603,#16606);
#16603 = PRODUCT_DEFINITION_FORMATION('','',#16604);
#16604 = PRODUCT('COMPOUND','COMPOUND','',(#16605));
#16605 = PRODUCT_CONTEXT('',#2,'mechanical');
#16606 = PRODUCT_DEFINITION_CONTEXT('part definition',#2,'design');
#16607 = ADVANCED_BREP_SHAPE_REPRESENTATION('',(#11,#16608),#16706);
#16608 = MANIFOLD_SOLID_BREP('',#16609);
#16609 = CLOSED_SHELL('',(#16610,#16698,#16702));
#16610 = ADVANCED_FACE('',(#16611),#16624,.T.);
#16611 = FACE_BOUND('',#16612,.T.);
#16612 = EDGE_LOOP('',(#16613,#16647,#16670,#16697));
#16613 = ORIENTED_EDGE('',*,*,#16614,.F.);
#16614 = EDGE_CURVE('',#16615,#16615,#16617,.T.);
#16615 = VERTEX_POINT('',#16616);
#16616 = CARTESIAN_POINT('',(22.,-5.388445916248E-15,8.));
#16617 = SURFACE_CURVE('',#16618,(#16623,#16635),.PCURVE_S1.);
#16618 = CIRCLE('',#16619,22.);
#16619 = AXIS2_PLACEMENT_3D('',#16620,#16621,#16622);
#16620 = CARTESIAN_POINT('',(0.,0.,8.));
#16621 = DIRECTION('',(0.,0.,1.));
#16622 = DIRECTION('',(1.,0.,-0.));
#16623 = PCURVE('',#16624,#16629);
#16624 = CYLINDRICAL_SURFACE('',#16625,22.);
#16625 = AXIS2_PLACEMENT_3D('',#16626,#16627,#16628);
#16626 = CARTESIAN_POINT('',(0.,0.,-8.));
#16627 = DIRECTION('',(0.,0.,1.));
#16628 = DIRECTION('',(1.,0.,-0.));
#16629 = DEFINITIONAL_REPRESENTATION('',(#16630),#16634);
#16630 = LINE('',#16631,#16632);
#16631 = CARTESIAN_POINT('',(0.,16.));
#16632 = VECTOR('',#16633,1.);
#16633 = DIRECTION('',(1.,0.));
#16634 = ( GEOMETRIC_REPRESENTATION_CONTEXT(2) 
PARAMETRIC_REPRESENTATION_CONTEXT() REPRESENTATION_CONTEXT('2D SPACE',''
  ) );
#16635 = PCURVE('',#16636,#16641);
#16636 = PLANE('',#16637);
#16637 = AXIS2_PLACEMENT_3D('',#16638,#16639,#16640);
#16638 = CARTESIAN_POINT('',(0.,0.,8.));
#16639 = DIRECTION('',(0.,0.,1.));
#16640 = DIRECTION('',(1.,0.,-0.));
#16641 = DEFINITIONAL_REPRESENTATION('',(#16642),#16646);
#16642 = CIRCLE('',#16643,22.);
#16643 = AXIS2_PLACEMENT_2D('',#16644,#16645);
#16644 = CARTESIAN_POINT('',(0.,0.));
#16645 = DIRECTION('',(1.,0.));
#16646 = ( GEOMETRIC_REPRESENTATION_CONTEXT(2) 
PARAMETRIC_REPRESENTATION_CONTEXT() REPRESENTATION_CONTEXT('2D SPACE',''
  ) );
#16647 = ORIENTED_EDGE('',*,*,#16648,.F.);
#16648 = EDGE_CURVE('',#16649,#16615,#16651,.T.);
#16649 = VERTEX_POINT('',#16650);
#16650 = CARTESIAN_POINT('',(22.,-5.388445916248E-15,-8.));
#16651 = SEAM_CURVE('',#16652,(#16656,#16663),.PCURVE_S1.);
#16652 = LINE('',#16653,#16654);
#16653 = CARTESIAN_POINT('',(22.,-5.388445916248E-15,-8.));
#16654 = VECTOR('',#16655,1.);
#16655 = DIRECTION('',(0.,0.,1.));
#16656 = PCURVE('',#16624,#16657);
#16657 = DEFINITIONAL_REPRESENTATION('',(#16658),#16662);
#16658 = LINE('',#16659,#16660);
#16659 = CARTESIAN_POINT('',(6.28318530718,-0.));
#16660 = VECTOR('',#16661,1.);
#16661 = DIRECTION('',(0.,1.));
#16662 = ( GEOMETRIC_REPRESENTATION_CONTEXT(2) 
PARAMETRIC_REPRESENTATION_CONTEXT() REPRESENTATION_CONTEXT('2D SPACE',''
  ) );
#16663 = PCURVE('',#16624,#16664);
#16664 = DEFINITIONAL_REPRESENTATION('',(#16665),#16669);
#16665 = LINE('',#16666,#16667);
#16666 = CARTESIAN_POINT('',(0.,-0.));
#16667 = VECTOR('',#16668,1.);
#16668 = DIRECTION('',(0.,1.));
#16669 = ( GEOMETRIC_REPRESENTATION_CONTEXT(2) 
PARAMETRIC_REPRESENTATION_CONTEXT() REPRESENTATION_CONTEXT('2D SPACE',''
  ) );
#16670 = ORIENTED_EDGE('',*,*,#16671,.T.);
#16671 = EDGE_CURVE('',#16649,#16649,#16672,.T.);
#16672 = SURFACE_CURVE('',#16673,(#16678,#16685),.PCURVE_S1.);
#16673 = CIRCLE('',#16674,22.);
#16674 = AXIS2_PLACEMENT_3D('',#16675,#16676,#16677);
#16675 = CARTESIAN_POINT('',(0.,0.,-8.));
#16676 = DIRECTION('',(0.,0.,1.));
#16677 = DIRECTION('',(1.,0.,-0.));
#16678 = PCURVE('',#16624,#16679);
#16679 = DEFINITIONAL_REPRESENTATION('',(#16680),#16684);
#16680 = LINE('',#16681,#16682);
#16681 = CARTESIAN_POINT('',(0.,0.));
#16682 = VECTOR('',#16683,1.);
#16683 = DIRECTION('',(1.,0.));
#16684 = ( GEOMETRIC_REPRESENTATION_CONTEXT(2) 
PARAMETRIC_REPRESENTATION_CONTEXT() REPRESENTATION_CONTEXT('2D SPACE',''
  ) );
#16685 = PCURVE('',#16686,#16691);
#16686 = PLANE('',#16687);
#16687 = AXIS2_PLACEMENT_3D('',#16688,#16689,#16690);
#16688 = CARTESIAN_POINT('',(0.,0.,-8.));
#16689 = DIRECTION('',(0.,0.,1.));
#16690 = DIRECTION('',(1.,0.,-0.));
#16691 = DEFINITIONAL_REPRESENTATION('',(#16692),#16696);
#16692 = CIRCLE('',#16693,22.);
#16693 = AXIS2_PLACEMENT_2D('',#16694,#16695);
#16694 = CARTESIAN_POINT('',(0.,0.));
#16695 = DIRECTION('',(1.,0.));
#16696 = ( GEOMETRIC_REPRESENTATION_CONTEXT(2) 
PARAMETRIC_REPRESENTATION_CONTEXT() REPRESENTATION_CONTEXT('2D SPACE',''
  ) );
#16697 = ORIENTED_EDGE('',*,*,#16648,.T.);
#16698 = ADVANCED_FACE('',(#16699),#16636,.T.);
#16699 = FACE_BOUND('',#16700,.T.);
#16700 = EDGE_LOOP('',(#16701));
#16701 = ORIENTED_EDGE('',*,*,#16614,.T.);
#16702 = ADVANCED_FACE('',(#16703),#16686,.F.);
#16703 = FACE_BOUND('',#16704,.T.);
#16704 = EDGE_LOOP('',(#16705));
#16705 = ORIENTED_EDGE('',*,*,#16671,.F.);
#16706 = ( GEOMETRIC_REPRESENTATION_CONTEXT(3) 
GLOBAL_UNCERTAINTY_ASSIGNED_CONTEXT((#16710)) 
GLOBAL_UNIT_ASSIGNED_CONTEXT((#16707,#16708,#16709)) 
REPRESENTATION_CONTEXT('Context #1',
  '3D Context with UNIT and UNCERTAINTY') );
#16707 = ( LENGTH_UNIT() NAMED_UNIT(*) SI_UNIT(.MILLI.,.METRE.) );
#16708 = ( NAMED_UNIT(*) PLANE_ANGLE_UNIT() SI_UNIT($,.RADIAN.) );
#16709 = ( NAMED_UNIT(*) SI_UNIT($,.STERADIAN.) SOLID_ANGLE_UNIT() );
#16710 = UNCERTAINTY_MEASURE_WITH_UNIT(LENGTH_MEASURE(1.E-07),#16707,
  'distance_accuracy_value','confusion accuracy');
#16711 = CONTEXT_DEPENDENT_SHAPE_REPRESENTATION(#16712,#16714);
#16712 = ( REPRESENTATION_RELATIONSHIP('','',#16607,#15870) 
REPRESENTATION_RELATIONSHIP_WITH_TRANSFORMATION(#16713) 
SHAPE_REPRESENTATION_RELATIONSHIP() );
#16713 = ITEM_DEFINED_TRANSFORMATION('','',#11,#15879);
#16714 = PRODUCT_DEFINITION_SHAPE('Placement','Placement of an item',
  #16715);
#16715 = NEXT_ASSEMBLY_USAGE_OCCURRENCE('119','=>[0:1:1:121]','',#15865,
  #16602,$);
#16716 = PRODUCT_RELATED_PRODUCT_CATEGORY('part',$,(#16604));
#16717 = SHAPE_DEFINITION_REPRESENTATION(#16718,#16724);
#16718 = PRODUCT_DEFINITION_SHAPE('','',#16719);
#16719 = PRODUCT_DEFINITION('design','',#16720,#16723);
#16720 = PRODUCT_DEFINITION_FORMATION('','',#16721);
#16721 = PRODUCT('COMPOUND','COMPOUND','',(#16722));
#16722 = PRODUCT_CONTEXT('',#2,'mechanical');
#16723 = PRODUCT_DEFINITION_CONTEXT('part definition',#2,'design');
#16724 = ADVANCED_BREP_SHAPE_REPRESENTATION('',(#11,#16725),#17055);
#16725 = MANIFOLD_SOLID_BREP('',#16726);
#16726 = CLOSED_SHELL('',(#16727,#16847,#16947,#16994,#17041,#17048));
#16727 = ADVANCED_FACE('',(#16728),#16742,.F.);
#16728 = FACE_BOUND('',#16729,.F.);
#16729 = EDGE_LOOP('',(#16730,#16765,#16793,#16821));
#16730 = ORIENTED_EDGE('',*,*,#16731,.F.);
#16731 = EDGE_CURVE('',#16732,#16734,#16736,.T.);
#16732 = VERTEX_POINT('',#16733);
#16733 = CARTESIAN_POINT('',(-25.,-5.,-10.));
#16734 = VERTEX_POINT('',#16735);
#16735 = CARTESIAN_POINT('',(-25.,-5.,10.));
#16736 = SURFACE_CURVE('',#16737,(#16741,#16753),.PCURVE_S1.);
#16737 = LINE('',#16738,#16739);
#16738 = CARTESIAN_POINT('',(-25.,-5.,-10.));
#16739 = VECTOR('',#16740,1.);
#16740 = DIRECTION('',(0.,0.,1.));
#16741 = PCURVE('',#16742,#16747);
#16742 = PLANE('',#16743);
#16743 = AXIS2_PLACEMENT_3D('',#16744,#16745,#16746);
#16744 = CARTESIAN_POINT('',(-25.,-5.,-10.));
#16745 = DIRECTION('',(1.,0.,-0.));
#16746 = DIRECTION('',(0.,0.,1.));
#16747 = DEFINITIONAL_REPRESENTATION('',(#16748),#16752);
#16748 = LINE('',#16749,#16750);
#16749 = CARTESIAN_POINT('',(0.,0.));
#16750 = VECTOR('',#16751,1.);
#16751 = DIRECTION('',(1.,0.));
#16752 = ( GEOMETRIC_REPRESENTATION_CONTEXT(2) 
PARAMETRIC_REPRESENTATION_CONTEXT() REPRESENTATION_CONTEXT('2D SPACE',''
  ) );
#16753 = PCURVE('',#16754,#16759);
#16754 = PLANE('',#16755);
#16755 = AXIS2_PLACEMENT_3D('',#16756,#16757,#16758);
#16756 = CARTESIAN_POINT('',(-25.,-5.,-10.));
#16757 = DIRECTION('',(-0.,1.,0.));
#16758 = DIRECTION('',(0.,0.,1.));
#16759 = DEFINITIONAL_REPRESENTATION('',(#16760),#16764);
#16760 = LINE('',#16761,#16762);
#16761 = CARTESIAN_POINT('',(0.,0.));
#16762 = VECTOR('',#16763,1.);
#16763 = DIRECTION('',(1.,0.));
#16764 = ( GEOMETRIC_REPRESENTATION_CONTEXT(2) 
PARAMETRIC_REPRESENTATION_CONTEXT() REPRESENTATION_CONTEXT('2D SPACE',''
  ) );
#16765 = ORIENTED_EDGE('',*,*,#16766,.T.);
#16766 = EDGE_CURVE('',#16732,#16767,#16769,.T.);
#16767 = VERTEX_POINT('',#16768);
#16768 = CARTESIAN_POINT('',(-25.,5.,-10.));
#16769 = SURFACE_CURVE('',#16770,(#16774,#16781),.PCURVE_S1.);
#16770 = LINE('',#16771,#16772);
#16771 = CARTESIAN_POINT('',(-25.,-5.,-10.));
#16772 = VECTOR('',#16773,1.);
#16773 = DIRECTION('',(-0.,1.,0.));
#16774 = PCURVE('',#16742,#16775);
#16775 = DEFINITIONAL_REPRESENTATION('',(#16776),#16780);
#16776 = LINE('',#16777,#16778);
#16777 = CARTESIAN_POINT('',(0.,0.));
#16778 = VECTOR('',#16779,1.);
#16779 = DIRECTION('',(0.,-1.));
#16780 = ( GEOMETRIC_REPRESENTATION_CONTEXT(2) 
PARAMETRIC_REPRESENTATION_CONTEXT() REPRESENTATION_CONTEXT('2D SPACE',''
  ) );
#16781 = PCURVE('',#16782,#16787);
#16782 = PLANE('',#16783);
#16783 = AXIS2_PLACEMENT_3D('',#16784,#16785,#16786);
#16784 = CARTESIAN_POINT('',(-25.,-5.,-10.));
#16785 = DIRECTION('',(0.,0.,1.));
#16786 = DIRECTION('',(1.,0.,-0.));
#16787 = DEFINITIONAL_REPRESENTATION('',(#16788),#16792);
#16788 = LINE('',#16789,#16790);
#16789 = CARTESIAN_POINT('',(0.,0.));
#16790 = VECTOR('',#16791,1.);
#16791 = DIRECTION('',(0.,1.));
#16792 = ( GEOMETRIC_REPRESENTATION_CONTEXT(2) 
PARAMETRIC_REPRESENTATION_CONTEXT() REPRESENTATION_CONTEXT('2D SPACE',''
  ) );
#16793 = ORIENTED_EDGE('',*,*,#16794,.T.);
#16794 = EDGE_CURVE('',#16767,#16795,#16797,.T.);
#16795 = VERTEX_POINT('',#16796);
#16796 = CARTESIAN_POINT('',(-25.,5.,10.));
#16797 = SURFACE_CURVE('',#16798,(#16802,#16809),.PCURVE_S1.);
#16798 = LINE('',#16799,#16800);
#16799 = CARTESIAN_POINT('',(-25.,5.,-10.));
#16800 = VECTOR('',#16801,1.);
#16801 = DIRECTION('',(0.,0.,1.));
#16802 = PCURVE('',#16742,#16803);
#16803 = DEFINITIONAL_REPRESENTATION('',(#16804),#16808);
#16804 = LINE('',#16805,#16806);
#16805 = CARTESIAN_POINT('',(0.,-10.));
#16806 = VECTOR('',#16807,1.);
#16807 = DIRECTION('',(1.,0.));
#16808 = ( GEOMETRIC_REPRESENTATION_CONTEXT(2) 
PARAMETRIC_REPRESENTATION_CONTEXT() REPRESENTATION_CONTEXT('2D SPACE',''
  ) );
#16809 = PCURVE('',#16810,#16815);
#16810 = PLANE('',#16811);
#16811 = AXIS2_PLACEMENT_3D('',#16812,#16813,#16814);
#16812 = CARTESIAN_POINT('',(-25.,5.,-10.));
#16813 = DIRECTION('',(-0.,1.,0.));
#16814 = DIRECTION('',(0.,0.,1.));
#16815 = DEFINITIONAL_REPRESENTATION('',(#16816),#16820);
#16816 = LINE('',#16817,#16818);
#16817 = CARTESIAN_POINT('',(0.,0.));
#16818 = VECTOR('',#16819,1.);
#16819 = DIRECTION('',(1.,0.));
#16820 = ( GEOMETRIC_REPRESENTATION_CONTEXT(2) 
PARAMETRIC_REPRESENTATION_CONTEXT() REPRESENTATION_CONTEXT('2D SPACE',''
  ) );
#16821 = ORIENTED_EDGE('',*,*,#16822,.F.);
#16822 = EDGE_CURVE('',#16734,#16795,#16823,.T.);
#16823 = SURFACE_CURVE('',#16824,(#16828,#16835),.PCURVE_S1.);
#16824 = LINE('',#16825,#16826);
#16825 = CARTESIAN_POINT('',(-25.,-5.,10.));
#16826 = VECTOR('',#16827,1.);
#16827 = DIRECTION('',(-0.,1.,0.));
#16828 = PCURVE('',#16742,#16829);
#16829 = DEFINITIONAL_REPRESENTATION('',(#16830),#16834);
#16830 = LINE('',#16831,#16832);
#16831 = CARTESIAN_POINT('',(20.,0.));
#16832 = VECTOR('',#16833,1.);
#16833 = DIRECTION('',(0.,-1.));
#16834 = ( GEOMETRIC_REPRESENTATION_CONTEXT(2) 
PARAMETRIC_REPRESENTATION_CONTEXT() REPRESENTATION_CONTEXT('2D SPACE',''
  ) );
#16835 = PCURVE('',#16836,#16841);
#16836 = PLANE('',#16837);
#16837 = AXIS2_PLACEMENT_3D('',#16838,#16839,#16840);
#16838 = CARTESIAN_POINT('',(-25.,-5.,10.));
#16839 = DIRECTION('',(0.,0.,1.));
#16840 = DIRECTION('',(1.,0.,-0.));
#16841 = DEFINITIONAL_REPRESENTATION('',(#16842),#16846);
#16842 = LINE('',#16843,#16844);
#16843 = CARTESIAN_POINT('',(0.,0.));
#16844 = VECTOR('',#16845,1.);
#16845 = DIRECTION('',(0.,1.));
#16846 = ( GEOMETRIC_REPRESENTATION_CONTEXT(2) 
PARAMETRIC_REPRESENTATION_CONTEXT() REPRESENTATION_CONTEXT('2D SPACE',''
  ) );
#16847 = ADVANCED_FACE('',(#16848),#16862,.T.);
#16848 = FACE_BOUND('',#16849,.T.);
#16849 = EDGE_LOOP('',(#16850,#16880,#16903,#16926));
#16850 = ORIENTED_EDGE('',*,*,#16851,.F.);
#16851 = EDGE_CURVE('',#16852,#16854,#16856,.T.);
#16852 = VERTEX_POINT('',#16853);
#16853 = CARTESIAN_POINT('',(25.,-5.,-10.));
#16854 = VERTEX_POINT('',#16855);
#16855 = CARTESIAN_POINT('',(25.,-5.,10.));
#16856 = SURFACE_CURVE('',#16857,(#16861,#16873),.PCURVE_S1.);
#16857 = LINE('',#16858,#16859);
#16858 = CARTESIAN_POINT('',(25.,-5.,-10.));
#16859 = VECTOR('',#16860,1.);
#16860 = DIRECTION('',(0.,0.,1.));
#16861 = PCURVE('',#16862,#16867);
#16862 = PLANE('',#16863);
#16863 = AXIS2_PLACEMENT_3D('',#16864,#16865,#16866);
#16864 = CARTESIAN_POINT('',(25.,-5.,-10.));
#16865 = DIRECTION('',(1.,0.,-0.));
#16866 = DIRECTION('',(0.,0.,1.));
#16867 = DEFINITIONAL_REPRESENTATION('',(#16868),#16872);
#16868 = LINE('',#16869,#16870);
#16869 = CARTESIAN_POINT('',(0.,0.));
#16870 = VECTOR('',#16871,1.);
#16871 = DIRECTION('',(1.,0.));
#16872 = ( GEOMETRIC_REPRESENTATION_CONTEXT(2) 
PARAMETRIC_REPRESENTATION_CONTEXT() REPRESENTATION_CONTEXT('2D SPACE',''
  ) );
#16873 = PCURVE('',#16754,#16874);
#16874 = DEFINITIONAL_REPRESENTATION('',(#16875),#16879);
#16875 = LINE('',#16876,#16877);
#16876 = CARTESIAN_POINT('',(0.,50.));
#16877 = VECTOR('',#16878,1.);
#16878 = DIRECTION('',(1.,0.));
#16879 = ( GEOMETRIC_REPRESENTATION_CONTEXT(2) 
PARAMETRIC_REPRESENTATION_CONTEXT() REPRESENTATION_CONTEXT('2D SPACE',''
  ) );
#16880 = ORIENTED_EDGE('',*,*,#16881,.T.);
#16881 = EDGE_CURVE('',#16852,#16882,#16884,.T.);
#16882 = VERTEX_POINT('',#16883);
#16883 = CARTESIAN_POINT('',(25.,5.,-10.));
#16884 = SURFACE_CURVE('',#16885,(#16889,#16896),.PCURVE_S1.);
#16885 = LINE('',#16886,#16887);
#16886 = CARTESIAN_POINT('',(25.,-5.,-10.));
#16887 = VECTOR('',#16888,1.);
#16888 = DIRECTION('',(-0.,1.,0.));
#16889 = PCURVE('',#16862,#16890);
#16890 = DEFINITIONAL_REPRESENTATION('',(#16891),#16895);
#16891 = LINE('',#16892,#16893);
#16892 = CARTESIAN_POINT('',(0.,0.));
#16893 = VECTOR('',#16894,1.);
#16894 = DIRECTION('',(0.,-1.));
#16895 = ( GEOMETRIC_REPRESENTATION_CONTEXT(2) 
PARAMETRIC_REPRESENTATION_CONTEXT() REPRESENTATION_CONTEXT('2D SPACE',''
  ) );
#16896 = PCURVE('',#16782,#16897);
#16897 = DEFINITIONAL_REPRESENTATION('',(#16898),#16902);
#16898 = LINE('',#16899,#16900);
#16899 = CARTESIAN_POINT('',(50.,0.));
#16900 = VECTOR('',#16901,1.);
#16901 = DIRECTION('',(0.,1.));
#16902 = ( GEOMETRIC_REPRESENTATION_CONTEXT(2) 
PARAMETRIC_REPRESENTATION_CONTEXT() REPRESENTATION_CONTEXT('2D SPACE',''
  ) );
#16903 = ORIENTED_EDGE('',*,*,#16904,.T.);
#16904 = EDGE_CURVE('',#16882,#16905,#16907,.T.);
#16905 = VERTEX_POINT('',#16906);
#16906 = CARTESIAN_POINT('',(25.,5.,10.));
#16907 = SURFACE_CURVE('',#16908,(#16912,#16919),.PCURVE_S1.);
#16908 = LINE('',#16909,#16910);
#16909 = CARTESIAN_POINT('',(25.,5.,-10.));
#16910 = VECTOR('',#16911,1.);
#16911 = DIRECTION('',(0.,0.,1.));
#16912 = PCURVE('',#16862,#16913);
#16913 = DEFINITIONAL_REPRESENTATION('',(#16914),#16918);
#16914 = LINE('',#16915,#16916);
#16915 = CARTESIAN_POINT('',(0.,-10.));
#16916 = VECTOR('',#16917,1.);
#16917 = DIRECTION('',(1.,0.));
#16918 = ( GEOMETRIC_REPRESENTATION_CONTEXT(2) 
PARAMETRIC_REPRESENTATION_CONTEXT() REPRESENTATION_CONTEXT('2D SPACE',''
  ) );
#16919 = PCURVE('',#16810,#16920);
#16920 = DEFINITIONAL_REPRESENTATION('',(#16921),#16925);
#16921 = LINE('',#16922,#16923);
#16922 = CARTESIAN_POINT('',(0.,50.));
#16923 = VECTOR('',#16924,1.);
#16924 = DIRECTION('',(1.,0.));
#16925 = ( GEOMETRIC_REPRESENTATION_CONTEXT(2) 
PARAMETRIC_REPRESENTATION_CONTEXT() REPRESENTATION_CONTEXT('2D SPACE',''
  ) );
#16926 = ORIENTED_EDGE('',*,*,#16927,.F.);
#16927 = EDGE_CURVE('',#16854,#16905,#16928,.T.);
#16928 = SURFACE_CURVE('',#16929,(#16933,#16940),.PCURVE_S1.);
#16929 = LINE('',#16930,#16931);
#16930 = CARTESIAN_POINT('',(25.,-5.,10.));
#16931 = VECTOR('',#16932,1.);
#16932 = DIRECTION('',(-0.,1.,0.));
#16933 = PCURVE('',#16862,#16934);
#16934 = DEFINITIONAL_REPRESENTATION('',(#16935),#16939);
#16935 = LINE('',#16936,#16937);
#16936 = CARTESIAN_POINT('',(20.,0.));
#16937 = VECTOR('',#16938,1.);
#16938 = DIRECTION('',(0.,-1.));
#16939 = ( GEOMETRIC_REPRESENTATION_CONTEXT(2) 
PARAMETRIC_REPRESENTATION_CONTEXT() REPRESENTATION_CONTEXT('2D SPACE',''
  ) );
#16940 = PCURVE('',#16836,#16941);
#16941 = DEFINITIONAL_REPRESENTATION('',(#16942),#16946);
#16942 = LINE('',#16943,#16944);
#16943 = CARTESIAN_POINT('',(50.,0.));
#16944 = VECTOR('',#16945,1.);
#16945 = DIRECTION('',(0.,1.));
#16946 = ( GEOMETRIC_REPRESENTATION_CONTEXT(2) 
PARAMETRIC_REPRESENTATION_CONTEXT() REPRESENTATION_CONTEXT('2D SPACE',''
  ) );
#16947 = ADVANCED_FACE('',(#16948),#16754,.F.);
#16948 = FACE_BOUND('',#16949,.F.);
#16949 = EDGE_LOOP('',(#16950,#16971,#16972,#16993));
#16950 = ORIENTED_EDGE('',*,*,#16951,.F.);
#16951 = EDGE_CURVE('',#16732,#16852,#16952,.T.);
#16952 = SURFACE_CURVE('',#16953,(#16957,#16964),.PCURVE_S1.);
#16953 = LINE('',#16954,#16955);
#16954 = CARTESIAN_POINT('',(-25.,-5.,-10.));
#16955 = VECTOR('',#16956,1.);
#16956 = DIRECTION('',(1.,0.,-0.));
#16957 = PCURVE('',#16754,#16958);
#16958 = DEFINITIONAL_REPRESENTATION('',(#16959),#16963);
#16959 = LINE('',#16960,#16961);
#16960 = CARTESIAN_POINT('',(0.,0.));
#16961 = VECTOR('',#16962,1.);
#16962 = DIRECTION('',(0.,1.));
#16963 = ( GEOMETRIC_REPRESENTATION_CONTEXT(2) 
PARAMETRIC_REPRESENTATION_CONTEXT() REPRESENTATION_CONTEXT('2D SPACE',''
  ) );
#16964 = PCURVE('',#16782,#16965);
#16965 = DEFINITIONAL_REPRESENTATION('',(#16966),#16970);
#16966 = LINE('',#16967,#16968);
#16967 = CARTESIAN_POINT('',(0.,0.));
#16968 = VECTOR('',#16969,1.);
#16969 = DIRECTION('',(1.,0.));
#16970 = ( GEOMETRIC_REPRESENTATION_CONTEXT(2) 
PARAMETRIC_REPRESENTATION_CONTEXT() REPRESENTATION_CONTEXT('2D SPACE',''
  ) );
#16971 = ORIENTED_EDGE('',*,*,#16731,.T.);
#16972 = ORIENTED_EDGE('',*,*,#16973,.T.);
#16973 = EDGE_CURVE('',#16734,#16854,#16974,.T.);
#16974 = SURFACE_CURVE('',#16975,(#16979,#16986),.PCURVE_S1.);
#16975 = LINE('',#16976,#16977);
#16976 = CARTESIAN_POINT('',(-25.,-5.,10.));
#16977 = VECTOR('',#16978,1.);
#16978 = DIRECTION('',(1.,0.,-0.));
#16979 = PCURVE('',#16754,#16980);
#16980 = DEFINITIONAL_REPRESENTATION('',(#16981),#16985);
#16981 = LINE('',#16982,#16983);
#16982 = CARTESIAN_POINT('',(20.,0.));
#16983 = VECTOR('',#16984,1.);
#16984 = DIRECTION('',(0.,1.));
#16985 = ( GEOMETRIC_REPRESENTATION_CONTEXT(2) 
PARAMETRIC_REPRESENTATION_CONTEXT() REPRESENTATION_CONTEXT('2D SPACE',''
  ) );
#16986 = PCURVE('',#16836,#16987);
#16987 = DEFINITIONAL_REPRESENTATION('',(#16988),#16992);
#16988 = LINE('',#16989,#16990);
#16989 = CARTESIAN_POINT('',(0.,0.));
#16990 = VECTOR('',#16991,1.);
#16991 = DIRECTION('',(1.,0.));
#16992 = ( GEOMETRIC_REPRESENTATION_CONTEXT(2) 
PARAMETRIC_REPRESENTATION_CONTEXT() REPRESENTATION_CONTEXT('2D SPACE',''
  ) );
#16993 = ORIENTED_EDGE('',*,*,#16851,.F.);
#16994 = ADVANCED_FACE('',(#16995),#16810,.T.);
#16995 = FACE_BOUND('',#16996,.T.);
#16996 = EDGE_LOOP('',(#16997,#17018,#17019,#17040));
#16997 = ORIENTED_EDGE('',*,*,#16998,.F.);
#16998 = EDGE_CURVE('',#16767,#16882,#16999,.T.);
#16999 = SURFACE_CURVE('',#17000,(#17004,#17011),.PCURVE_S1.);
#17000 = LINE('',#17001,#17002);
#17001 = CARTESIAN_POINT('',(-25.,5.,-10.));
#17002 = VECTOR('',#17003,1.);
#17003 = DIRECTION('',(1.,0.,-0.));
#17004 = PCURVE('',#16810,#17005);
#17005 = DEFINITIONAL_REPRESENTATION('',(#17006),#17010);
#17006 = LINE('',#17007,#17008);
#17007 = CARTESIAN_POINT('',(0.,0.));
#17008 = VECTOR('',#17009,1.);
#17009 = DIRECTION('',(0.,1.));
#17010 = ( GEOMETRIC_REPRESENTATION_CONTEXT(2) 
PARAMETRIC_REPRESENTATION_CONTEXT() REPRESENTATION_CONTEXT('2D SPACE',''
  ) );
#17011 = PCURVE('',#16782,#17012);
#17012 = DEFINITIONAL_REPRESENTATION('',(#17013),#17017);
#17013 = LINE('',#17014,#17015);
#17014 = CARTESIAN_POINT('',(0.,10.));
#17015 = VECTOR('',#17016,1.);
#17016 = DIRECTION('',(1.,0.));
#17017 = ( GEOMETRIC_REPRESENTATION_CONTEXT(2) 
PARAMETRIC_REPRESENTATION_CONTEXT() REPRESENTATION_CONTEXT('2D SPACE',''
  ) );
#17018 = ORIENTED_EDGE('',*,*,#16794,.T.);
#17019 = ORIENTED_EDGE('',*,*,#17020,.T.);
#17020 = EDGE_CURVE('',#16795,#16905,#17021,.T.);
#17021 = SURFACE_CURVE('',#17022,(#17026,#17033),.PCURVE_S1.);
#17022 = LINE('',#17023,#17024);
#17023 = CARTESIAN_POINT('',(-25.,5.,10.));
#17024 = VECTOR('',#17025,1.);
#17025 = DIRECTION('',(1.,0.,-0.));
#17026 = PCURVE('',#16810,#17027);
#17027 = DEFINITIONAL_REPRESENTATION('',(#17028),#17032);
#17028 = LINE('',#17029,#17030);
#17029 = CARTESIAN_POINT('',(20.,0.));
#17030 = VECTOR('',#17031,1.);
#17031 = DIRECTION('',(0.,1.));
#17032 = ( GEOMETRIC_REPRESENTATION_CONTEXT(2) 
PARAMETRIC_REPRESENTATION_CONTEXT() REPRESENTATION_CONTEXT('2D SPACE',''
  ) );
#17033 = PCURVE('',#16836,#17034);
#17034 = DEFINITIONAL_REPRESENTATION('',(#17035),#17039);
#17035 = LINE('',#17036,#17037);
#17036 = CARTESIAN_POINT('',(0.,10.));
#17037 = VECTOR('',#17038,1.);
#17038 = DIRECTION('',(1.,0.));
#17039 = ( GEOMETRIC_REPRESENTATION_CONTEXT(2) 
PARAMETRIC_REPRESENTATION_CONTEXT() REPRESENTATION_CONTEXT('2D SPACE',''
  ) );
#17040 = ORIENTED_EDGE('',*,*,#16904,.F.);
#17041 = ADVANCED_FACE('',(#17042),#16782,.F.);
#17042 = FACE_BOUND('',#17043,.F.);
#17043 = EDGE_LOOP('',(#17044,#17045,#17046,#17047));
#17044 = ORIENTED_EDGE('',*,*,#16766,.F.);
#17045 = ORIENTED_EDGE('',*,*,#16951,.T.);
#17046 = ORIENTED_EDGE('',*,*,#16881,.T.);
#17047 = ORIENTED_EDGE('',*,*,#16998,.F.);
#17048 = ADVANCED_FACE('',(#17049),#16836,.T.);
#17049 = FACE_BOUND('',#17050,.T.);
#17050 = EDGE_LOOP('',(#17051,#17052,#17053,#17054));
#17051 = ORIENTED_EDGE('',*,*,#16822,.F.);
#17052 = ORIENTED_EDGE('',*,*,#16973,.T.);
#17053 = ORIENTED_EDGE('',*,*,#16927,.T.);
#17054 = ORIENTED_EDGE('',*,*,#17020,.F.);
#17055 = ( GEOMETRIC_REPRESENTATION_CONTEXT(3) 
GLOBAL_UNCERTAINTY_ASSIGNED_CONTEXT((#17059)) 
GLOBAL_UNIT_ASSIGNED_CONTEXT((#17056,#17057,#17058)) 
REPRESENTATION_CONTEXT('Context #1',
  '3D Context with UNIT and UNCERTAINTY') );
#17056 = ( LENGTH_UNIT() NAMED_UNIT(*) SI_UNIT(.MILLI.,.METRE.) );
#17057 = ( NAMED_UNIT(*) PLANE_ANGLE_UNIT() SI_UNIT($,.RADIAN.) );
#17058 = ( NAMED_UNIT(*) SI_UNIT($,.STERADIAN.) SOLID_ANGLE_UNIT() );
#17059 = UNCERTAINTY_MEASURE_WITH_UNIT(LENGTH_MEASURE(1.E-07),#17056,
  'distance_accuracy_value','confusion accuracy');
#17060 = CONTEXT_DEPENDENT_SHAPE_REPRESENTATION(#17061,#17063);
#17061 = ( REPRESENTATION_RELATIONSHIP('','',#16724,#15870) 
REPRESENTATION_RELATIONSHIP_WITH_TRANSFORMATION(#17062) 
SHAPE_REPRESENTATION_RELATIONSHIP() );
#17062 = ITEM_DEFINED_TRANSFORMATION('','',#11,#15883);
#17063 = PRODUCT_DEFINITION_SHAPE('Placement','Placement of an item',
  #17064);
#17064 = NEXT_ASSEMBLY_USAGE_OCCURRENCE('120','=>[0:1:1:122]','',#15865,
  #16719,$);
#17065 = PRODUCT_RELATED_PRODUCT_CATEGORY('part',$,(#16721));
#17066 = SHAPE_DEFINITION_REPRESENTATION(#17067,#17073);
#17067 = PRODUCT_DEFINITION_SHAPE('','',#17068);
#17068 = PRODUCT_DEFINITION('design','',#17069,#17072);
#17069 = PRODUCT_DEFINITION_FORMATION('','',#17070);
#17070 = PRODUCT('COMPOUND','COMPOUND','',(#17071));
#17071 = PRODUCT_CONTEXT('',#2,'mechanical');
#17072 = PRODUCT_DEFINITION_CONTEXT('part definition',#2,'design');
#17073 = ADVANCED_BREP_SHAPE_REPRESENTATION('',(#11,#17074),#17404);
#17074 = MANIFOLD_SOLID_BREP('',#17075);
#17075 = CLOSED_SHELL('',(#17076,#17196,#17296,#17343,#17390,#17397));
#17076 = ADVANCED_FACE('',(#17077),#17091,.F.);
#17077 = FACE_BOUND('',#17078,.F.);
#17078 = EDGE_LOOP('',(#17079,#17114,#17142,#17170));
#17079 = ORIENTED_EDGE('',*,*,#17080,.F.);
#17080 = EDGE_CURVE('',#17081,#17083,#17085,.T.);
#17081 = VERTEX_POINT('',#17082);
#17082 = CARTESIAN_POINT('',(-25.,-5.,-10.));
#17083 = VERTEX_POINT('',#17084);
#17084 = CARTESIAN_POINT('',(-25.,-5.,10.));
#17085 = SURFACE_CURVE('',#17086,(#17090,#17102),.PCURVE_S1.);
#17086 = LINE('',#17087,#17088);
#17087 = CARTESIAN_POINT('',(-25.,-5.,-10.));
#17088 = VECTOR('',#17089,1.);
#17089 = DIRECTION('',(0.,0.,1.));
#17090 = PCURVE('',#17091,#17096);
#17091 = PLANE('',#17092);
#17092 = AXIS2_PLACEMENT_3D('',#17093,#17094,#17095);
#17093 = CARTESIAN_POINT('',(-25.,-5.,-10.));
#17094 = DIRECTION('',(1.,0.,-0.));
#17095 = DIRECTION('',(0.,0.,1.));
#17096 = DEFINITIONAL_REPRESENTATION('',(#17097),#17101);
#17097 = LINE('',#17098,#17099);
#17098 = CARTESIAN_POINT('',(0.,0.));
#17099 = VECTOR('',#17100,1.);
#17100 = DIRECTION('',(1.,0.));
#17101 = ( GEOMETRIC_REPRESENTATION_CONTEXT(2) 
PARAMETRIC_REPRESENTATION_CONTEXT() REPRESENTATION_CONTEXT('2D SPACE',''
  ) );
#17102 = PCURVE('',#17103,#17108);
#17103 = PLANE('',#17104);
#17104 = AXIS2_PLACEMENT_3D('',#17105,#17106,#17107);
#17105 = CARTESIAN_POINT('',(-25.,-5.,-10.));
#17106 = DIRECTION('',(-0.,1.,0.));
#17107 = DIRECTION('',(0.,0.,1.));
#17108 = DEFINITIONAL_REPRESENTATION('',(#17109),#17113);
#17109 = LINE('',#17110,#17111);
#17110 = CARTESIAN_POINT('',(0.,0.));
#17111 = VECTOR('',#17112,1.);
#17112 = DIRECTION('',(1.,0.));
#17113 = ( GEOMETRIC_REPRESENTATION_CONTEXT(2) 
PARAMETRIC_REPRESENTATION_CONTEXT() REPRESENTATION_CONTEXT('2D SPACE',''
  ) );
#17114 = ORIENTED_EDGE('',*,*,#17115,.T.);
#17115 = EDGE_CURVE('',#17081,#17116,#17118,.T.);
#17116 = VERTEX_POINT('',#17117);
#17117 = CARTESIAN_POINT('',(-25.,5.,-10.));
#17118 = SURFACE_CURVE('',#17119,(#17123,#17130),.PCURVE_S1.);
#17119 = LINE('',#17120,#17121);
#17120 = CARTESIAN_POINT('',(-25.,-5.,-10.));
#17121 = VECTOR('',#17122,1.);
#17122 = DIRECTION('',(-0.,1.,0.));
#17123 = PCURVE('',#17091,#17124);
#17124 = DEFINITIONAL_REPRESENTATION('',(#17125),#17129);
#17125 = LINE('',#17126,#17127);
#17126 = CARTESIAN_POINT('',(0.,0.));
#17127 = VECTOR('',#17128,1.);
#17128 = DIRECTION('',(0.,-1.));
#17129 = ( GEOMETRIC_REPRESENTATION_CONTEXT(2) 
PARAMETRIC_REPRESENTATION_CONTEXT() REPRESENTATION_CONTEXT('2D SPACE',''
  ) );
#17130 = PCURVE('',#17131,#17136);
#17131 = PLANE('',#17132);
#17132 = AXIS2_PLACEMENT_3D('',#17133,#17134,#17135);
#17133 = CARTESIAN_POINT('',(-25.,-5.,-10.));
#17134 = DIRECTION('',(0.,0.,1.));
#17135 = DIRECTION('',(1.,0.,-0.));
#17136 = DEFINITIONAL_REPRESENTATION('',(#17137),#17141);
#17137 = LINE('',#17138,#17139);
#17138 = CARTESIAN_POINT('',(0.,0.));
#17139 = VECTOR('',#17140,1.);
#17140 = DIRECTION('',(0.,1.));
#17141 = ( GEOMETRIC_REPRESENTATION_CONTEXT(2) 
PARAMETRIC_REPRESENTATION_CONTEXT() REPRESENTATION_CONTEXT('2D SPACE',''
  ) );
#17142 = ORIENTED_EDGE('',*,*,#17143,.T.);
#17143 = EDGE_CURVE('',#17116,#17144,#17146,.T.);
#17144 = VERTEX_POINT('',#17145);
#17145 = CARTESIAN_POINT('',(-25.,5.,10.));
#17146 = SURFACE_CURVE('',#17147,(#17151,#17158),.PCURVE_S1.);
#17147 = LINE('',#17148,#17149);
#17148 = CARTESIAN_POINT('',(-25.,5.,-10.));
#17149 = VECTOR('',#17150,1.);
#17150 = DIRECTION('',(0.,0.,1.));
#17151 = PCURVE('',#17091,#17152);
#17152 = DEFINITIONAL_REPRESENTATION('',(#17153),#17157);
#17153 = LINE('',#17154,#17155);
#17154 = CARTESIAN_POINT('',(0.,-10.));
#17155 = VECTOR('',#17156,1.);
#17156 = DIRECTION('',(1.,0.));
#17157 = ( GEOMETRIC_REPRESENTATION_CONTEXT(2) 
PARAMETRIC_REPRESENTATION_CONTEXT() REPRESENTATION_CONTEXT('2D SPACE',''
  ) );
#17158 = PCURVE('',#17159,#17164);
#17159 = PLANE('',#17160);
#17160 = AXIS2_PLACEMENT_3D('',#17161,#17162,#17163);
#17161 = CARTESIAN_POINT('',(-25.,5.,-10.));
#17162 = DIRECTION('',(-0.,1.,0.));
#17163 = DIRECTION('',(0.,0.,1.));
#17164 = DEFINITIONAL_REPRESENTATION('',(#17165),#17169);
#17165 = LINE('',#17166,#17167);
#17166 = CARTESIAN_POINT('',(0.,0.));
#17167 = VECTOR('',#17168,1.);
#17168 = DIRECTION('',(1.,0.));
#17169 = ( GEOMETRIC_REPRESENTATION_CONTEXT(2) 
PARAMETRIC_REPRESENTATION_CONTEXT() REPRESENTATION_CONTEXT('2D SPACE',''
  ) );
#17170 = ORIENTED_EDGE('',*,*,#17171,.F.);
#17171 = EDGE_CURVE('',#17083,#17144,#17172,.T.);
#17172 = SURFACE_CURVE('',#17173,(#17177,#17184),.PCURVE_S1.);
#17173 = LINE('',#17174,#17175);
#17174 = CARTESIAN_POINT('',(-25.,-5.,10.));
#17175 = VECTOR('',#17176,1.);
#17176 = DIRECTION('',(-0.,1.,0.));
#17177 = PCURVE('',#17091,#17178);
#17178 = DEFINITIONAL_REPRESENTATION('',(#17179),#17183);
#17179 = LINE('',#17180,#17181);
#17180 = CARTESIAN_POINT('',(20.,0.));
#17181 = VECTOR('',#17182,1.);
#17182 = DIRECTION('',(0.,-1.));
#17183 = ( GEOMETRIC_REPRESENTATION_CONTEXT(2) 
PARAMETRIC_REPRESENTATION_CONTEXT() REPRESENTATION_CONTEXT('2D SPACE',''
  ) );
#17184 = PCURVE('',#17185,#17190);
#17185 = PLANE('',#17186);
#17186 = AXIS2_PLACEMENT_3D('',#17187,#17188,#17189);
#17187 = CARTESIAN_POINT('',(-25.,-5.,10.));
#17188 = DIRECTION('',(0.,0.,1.));
#17189 = DIRECTION('',(1.,0.,-0.));
#17190 = DEFINITIONAL_REPRESENTATION('',(#17191),#17195);
#17191 = LINE('',#17192,#17193);
#17192 = CARTESIAN_POINT('',(0.,0.));
#17193 = VECTOR('',#17194,1.);
#17194 = DIRECTION('',(0.,1.));
#17195 = ( GEOMETRIC_REPRESENTATION_CONTEXT(2) 
PARAMETRIC_REPRESENTATION_CONTEXT() REPRESENTATION_CONTEXT('2D SPACE',''
  ) );
#17196 = ADVANCED_FACE('',(#17197),#17211,.T.);
#17197 = FACE_BOUND('',#17198,.T.);
#17198 = EDGE_LOOP('',(#17199,#17229,#17252,#17275));
#17199 = ORIENTED_EDGE('',*,*,#17200,.F.);
#17200 = EDGE_CURVE('',#17201,#17203,#17205,.T.);
#17201 = VERTEX_POINT('',#17202);
#17202 = CARTESIAN_POINT('',(25.,-5.,-10.));
#17203 = VERTEX_POINT('',#17204);
#17204 = CARTESIAN_POINT('',(25.,-5.,10.));
#17205 = SURFACE_CURVE('',#17206,(#17210,#17222),.PCURVE_S1.);
#17206 = LINE('',#17207,#17208);
#17207 = CARTESIAN_POINT('',(25.,-5.,-10.));
#17208 = VECTOR('',#17209,1.);
#17209 = DIRECTION('',(0.,0.,1.));
#17210 = PCURVE('',#17211,#17216);
#17211 = PLANE('',#17212);
#17212 = AXIS2_PLACEMENT_3D('',#17213,#17214,#17215);
#17213 = CARTESIAN_POINT('',(25.,-5.,-10.));
#17214 = DIRECTION('',(1.,0.,-0.));
#17215 = DIRECTION('',(0.,0.,1.));
#17216 = DEFINITIONAL_REPRESENTATION('',(#17217),#17221);
#17217 = LINE('',#17218,#17219);
#17218 = CARTESIAN_POINT('',(0.,0.));
#17219 = VECTOR('',#17220,1.);
#17220 = DIRECTION('',(1.,0.));
#17221 = ( GEOMETRIC_REPRESENTATION_CONTEXT(2) 
PARAMETRIC_REPRESENTATION_CONTEXT() REPRESENTATION_CONTEXT('2D SPACE',''
  ) );
#17222 = PCURVE('',#17103,#17223);
#17223 = DEFINITIONAL_REPRESENTATION('',(#17224),#17228);
#17224 = LINE('',#17225,#17226);
#17225 = CARTESIAN_POINT('',(0.,50.));
#17226 = VECTOR('',#17227,1.);
#17227 = DIRECTION('',(1.,0.));
#17228 = ( GEOMETRIC_REPRESENTATION_CONTEXT(2) 
PARAMETRIC_REPRESENTATION_CONTEXT() REPRESENTATION_CONTEXT('2D SPACE',''
  ) );
#17229 = ORIENTED_EDGE('',*,*,#17230,.T.);
#17230 = EDGE_CURVE('',#17201,#17231,#17233,.T.);
#17231 = VERTEX_POINT('',#17232);
#17232 = CARTESIAN_POINT('',(25.,5.,-10.));
#17233 = SURFACE_CURVE('',#17234,(#17238,#17245),.PCURVE_S1.);
#17234 = LINE('',#17235,#17236);
#17235 = CARTESIAN_POINT('',(25.,-5.,-10.));
#17236 = VECTOR('',#17237,1.);
#17237 = DIRECTION('',(-0.,1.,0.));
#17238 = PCURVE('',#17211,#17239);
#17239 = DEFINITIONAL_REPRESENTATION('',(#17240),#17244);
#17240 = LINE('',#17241,#17242);
#17241 = CARTESIAN_POINT('',(0.,0.));
#17242 = VECTOR('',#17243,1.);
#17243 = DIRECTION('',(0.,-1.));
#17244 = ( GEOMETRIC_REPRESENTATION_CONTEXT(2) 
PARAMETRIC_REPRESENTATION_CONTEXT() REPRESENTATION_CONTEXT('2D SPACE',''
  ) );
#17245 = PCURVE('',#17131,#17246);
#17246 = DEFINITIONAL_REPRESENTATION('',(#17247),#17251);
#17247 = LINE('',#17248,#17249);
#17248 = CARTESIAN_POINT('',(50.,0.));
#17249 = VECTOR('',#17250,1.);
#17250 = DIRECTION('',(0.,1.));
#17251 = ( GEOMETRIC_REPRESENTATION_CONTEXT(2) 
PARAMETRIC_REPRESENTATION_CONTEXT() REPRESENTATION_CONTEXT('2D SPACE',''
  ) );
#17252 = ORIENTED_EDGE('',*,*,#17253,.T.);
#17253 = EDGE_CURVE('',#17231,#17254,#17256,.T.);
#17254 = VERTEX_POINT('',#17255);
#17255 = CARTESIAN_POINT('',(25.,5.,10.));
#17256 = SURFACE_CURVE('',#17257,(#17261,#17268),.PCURVE_S1.);
#17257 = LINE('',#17258,#17259);
#17258 = CARTESIAN_POINT('',(25.,5.,-10.));
#17259 = VECTOR('',#17260,1.);
#17260 = DIRECTION('',(0.,0.,1.));
#17261 = PCURVE('',#17211,#17262);
#17262 = DEFINITIONAL_REPRESENTATION('',(#17263),#17267);
#17263 = LINE('',#17264,#17265);
#17264 = CARTESIAN_POINT('',(0.,-10.));
#17265 = VECTOR('',#17266,1.);
#17266 = DIRECTION('',(1.,0.));
#17267 = ( GEOMETRIC_REPRESENTATION_CONTEXT(2) 
PARAMETRIC_REPRESENTATION_CONTEXT() REPRESENTATION_CONTEXT('2D SPACE',''
  ) );
#17268 = PCURVE('',#17159,#17269);
#17269 = DEFINITIONAL_REPRESENTATION('',(#17270),#17274);
#17270 = LINE('',#17271,#17272);
#17271 = CARTESIAN_POINT('',(0.,50.));
#17272 = VECTOR('',#17273,1.);
#17273 = DIRECTION('',(1.,0.));
#17274 = ( GEOMETRIC_REPRESENTATION_CONTEXT(2) 
PARAMETRIC_REPRESENTATION_CONTEXT() REPRESENTATION_CONTEXT('2D SPACE',''
  ) );
#17275 = ORIENTED_EDGE('',*,*,#17276,.F.);
#17276 = EDGE_CURVE('',#17203,#17254,#17277,.T.);
#17277 = SURFACE_CURVE('',#17278,(#17282,#17289),.PCURVE_S1.);
#17278 = LINE('',#17279,#17280);
#17279 = CARTESIAN_POINT('',(25.,-5.,10.));
#17280 = VECTOR('',#17281,1.);
#17281 = DIRECTION('',(-0.,1.,0.));
#17282 = PCURVE('',#17211,#17283);
#17283 = DEFINITIONAL_REPRESENTATION('',(#17284),#17288);
#17284 = LINE('',#17285,#17286);
#17285 = CARTESIAN_POINT('',(20.,0.));
#17286 = VECTOR('',#17287,1.);
#17287 = DIRECTION('',(0.,-1.));
#17288 = ( GEOMETRIC_REPRESENTATION_CONTEXT(2) 
PARAMETRIC_REPRESENTATION_CONTEXT() REPRESENTATION_CONTEXT('2D SPACE',''
  ) );
#17289 = PCURVE('',#17185,#17290);
#17290 = DEFINITIONAL_REPRESENTATION('',(#17291),#17295);
#17291 = LINE('',#17292,#17293);
#17292 = CARTESIAN_POINT('',(50.,0.));
#17293 = VECTOR('',#17294,1.);
#17294 = DIRECTION('',(0.,1.));
#17295 = ( GEOMETRIC_REPRESENTATION_CONTEXT(2) 
PARAMETRIC_REPRESENTATION_CONTEXT() REPRESENTATION_CONTEXT('2D SPACE',''
  ) );
#17296 = ADVANCED_FACE('',(#17297),#17103,.F.);
#17297 = FACE_BOUND('',#17298,.F.);
#17298 = EDGE_LOOP('',(#17299,#17320,#17321,#17342));
#17299 = ORIENTED_EDGE('',*,*,#17300,.F.);
#17300 = EDGE_CURVE('',#17081,#17201,#17301,.T.);
#17301 = SURFACE_CURVE('',#17302,(#17306,#17313),.PCURVE_S1.);
#17302 = LINE('',#17303,#17304);
#17303 = CARTESIAN_POINT('',(-25.,-5.,-10.));
#17304 = VECTOR('',#17305,1.);
#17305 = DIRECTION('',(1.,0.,-0.));
#17306 = PCURVE('',#17103,#17307);
#17307 = DEFINITIONAL_REPRESENTATION('',(#17308),#17312);
#17308 = LINE('',#17309,#17310);
#17309 = CARTESIAN_POINT('',(0.,0.));
#17310 = VECTOR('',#17311,1.);
#17311 = DIRECTION('',(0.,1.));
#17312 = ( GEOMETRIC_REPRESENTATION_CONTEXT(2) 
PARAMETRIC_REPRESENTATION_CONTEXT() REPRESENTATION_CONTEXT('2D SPACE',''
  ) );
#17313 = PCURVE('',#17131,#17314);
#17314 = DEFINITIONAL_REPRESENTATION('',(#17315),#17319);
#17315 = LINE('',#17316,#17317);
#17316 = CARTESIAN_POINT('',(0.,0.));
#17317 = VECTOR('',#17318,1.);
#17318 = DIRECTION('',(1.,0.));
#17319 = ( GEOMETRIC_REPRESENTATION_CONTEXT(2) 
PARAMETRIC_REPRESENTATION_CONTEXT() REPRESENTATION_CONTEXT('2D SPACE',''
  ) );
#17320 = ORIENTED_EDGE('',*,*,#17080,.T.);
#17321 = ORIENTED_EDGE('',*,*,#17322,.T.);
#17322 = EDGE_CURVE('',#17083,#17203,#17323,.T.);
#17323 = SURFACE_CURVE('',#17324,(#17328,#17335),.PCURVE_S1.);
#17324 = LINE('',#17325,#17326);
#17325 = CARTESIAN_POINT('',(-25.,-5.,10.));
#17326 = VECTOR('',#17327,1.);
#17327 = DIRECTION('',(1.,0.,-0.));
#17328 = PCURVE('',#17103,#17329);
#17329 = DEFINITIONAL_REPRESENTATION('',(#17330),#17334);
#17330 = LINE('',#17331,#17332);
#17331 = CARTESIAN_POINT('',(20.,0.));
#17332 = VECTOR('',#17333,1.);
#17333 = DIRECTION('',(0.,1.));
#17334 = ( GEOMETRIC_REPRESENTATION_CONTEXT(2) 
PARAMETRIC_REPRESENTATION_CONTEXT() REPRESENTATION_CONTEXT('2D SPACE',''
  ) );
#17335 = PCURVE('',#17185,#17336);
#17336 = DEFINITIONAL_REPRESENTATION('',(#17337),#17341);
#17337 = LINE('',#17338,#17339);
#17338 = CARTESIAN_POINT('',(0.,0.));
#17339 = VECTOR('',#17340,1.);
#17340 = DIRECTION('',(1.,0.));
#17341 = ( GEOMETRIC_REPRESENTATION_CONTEXT(2) 
PARAMETRIC_REPRESENTATION_CONTEXT() REPRESENTATION_CONTEXT('2D SPACE',''
  ) );
#17342 = ORIENTED_EDGE('',*,*,#17200,.F.);
#17343 = ADVANCED_FACE('',(#17344),#17159,.T.);
#17344 = FACE_BOUND('',#17345,.T.);
#17345 = EDGE_LOOP('',(#17346,#17367,#17368,#17389));
#17346 = ORIENTED_EDGE('',*,*,#17347,.F.);
#17347 = EDGE_CURVE('',#17116,#17231,#17348,.T.);
#17348 = SURFACE_CURVE('',#17349,(#17353,#17360),.PCURVE_S1.);
#17349 = LINE('',#17350,#17351);
#17350 = CARTESIAN_POINT('',(-25.,5.,-10.));
#17351 = VECTOR('',#17352,1.);
#17352 = DIRECTION('',(1.,0.,-0.));
#17353 = PCURVE('',#17159,#17354);
#17354 = DEFINITIONAL_REPRESENTATION('',(#17355),#17359);
#17355 = LINE('',#17356,#17357);
#17356 = CARTESIAN_POINT('',(0.,0.));
#17357 = VECTOR('',#17358,1.);
#17358 = DIRECTION('',(0.,1.));
#17359 = ( GEOMETRIC_REPRESENTATION_CONTEXT(2) 
PARAMETRIC_REPRESENTATION_CONTEXT() REPRESENTATION_CONTEXT('2D SPACE',''
  ) );
#17360 = PCURVE('',#17131,#17361);
#17361 = DEFINITIONAL_REPRESENTATION('',(#17362),#17366);
#17362 = LINE('',#17363,#17364);
#17363 = CARTESIAN_POINT('',(0.,10.));
#17364 = VECTOR('',#17365,1.);
#17365 = DIRECTION('',(1.,0.));
#17366 = ( GEOMETRIC_REPRESENTATION_CONTEXT(2) 
PARAMETRIC_REPRESENTATION_CONTEXT() REPRESENTATION_CONTEXT('2D SPACE',''
  ) );
#17367 = ORIENTED_EDGE('',*,*,#17143,.T.);
#17368 = ORIENTED_EDGE('',*,*,#17369,.T.);
#17369 = EDGE_CURVE('',#17144,#17254,#17370,.T.);
#17370 = SURFACE_CURVE('',#17371,(#17375,#17382),.PCURVE_S1.);
#17371 = LINE('',#17372,#17373);
#17372 = CARTESIAN_POINT('',(-25.,5.,10.));
#17373 = VECTOR('',#17374,1.);
#17374 = DIRECTION('',(1.,0.,-0.));
#17375 = PCURVE('',#17159,#17376);
#17376 = DEFINITIONAL_REPRESENTATION('',(#17377),#17381);
#17377 = LINE('',#17378,#17379);
#17378 = CARTESIAN_POINT('',(20.,0.));
#17379 = VECTOR('',#17380,1.);
#17380 = DIRECTION('',(0.,1.));
#17381 = ( GEOMETRIC_REPRESENTATION_CONTEXT(2) 
PARAMETRIC_REPRESENTATION_CONTEXT() REPRESENTATION_CONTEXT('2D SPACE',''
  ) );
#17382 = PCURVE('',#17185,#17383);
#17383 = DEFINITIONAL_REPRESENTATION('',(#17384),#17388);
#17384 = LINE('',#17385,#17386);
#17385 = CARTESIAN_POINT('',(0.,10.));
#17386 = VECTOR('',#17387,1.);
#17387 = DIRECTION('',(1.,0.));
#17388 = ( GEOMETRIC_REPRESENTATION_CONTEXT(2) 
PARAMETRIC_REPRESENTATION_CONTEXT() REPRESENTATION_CONTEXT('2D SPACE',''
  ) );
#17389 = ORIENTED_EDGE('',*,*,#17253,.F.);
#17390 = ADVANCED_FACE('',(#17391),#17131,.F.);
#17391 = FACE_BOUND('',#17392,.F.);
#17392 = EDGE_LOOP('',(#17393,#17394,#17395,#17396));
#17393 = ORIENTED_EDGE('',*,*,#17115,.F.);
#17394 = ORIENTED_EDGE('',*,*,#17300,.T.);
#17395 = ORIENTED_EDGE('',*,*,#17230,.T.);
#17396 = ORIENTED_EDGE('',*,*,#17347,.F.);
#17397 = ADVANCED_FACE('',(#17398),#17185,.T.);
#17398 = FACE_BOUND('',#17399,.T.);
#17399 = EDGE_LOOP('',(#17400,#17401,#17402,#17403));
#17400 = ORIENTED_EDGE('',*,*,#17171,.F.);
#17401 = ORIENTED_EDGE('',*,*,#17322,.T.);
#17402 = ORIENTED_EDGE('',*,*,#17276,.T.);
#17403 = ORIENTED_EDGE('',*,*,#17369,.F.);
#17404 = ( GEOMETRIC_REPRESENTATION_CONTEXT(3) 
GLOBAL_UNCERTAINTY_ASSIGNED_CONTEXT((#17408)) 
GLOBAL_UNIT_ASSIGNED_CONTEXT((#17405,#17406,#17407)) 
REPRESENTATION_CONTEXT('Context #1',
  '3D Context with UNIT and UNCERTAINTY') );
#17405 = ( LENGTH_UNIT() NAMED_UNIT(*) SI_UNIT(.MILLI.,.METRE.) );
#17406 = ( NAMED_UNIT(*) PLANE_ANGLE_UNIT() SI_UNIT($,.RADIAN.) );
#17407 = ( NAMED_UNIT(*) SI_UNIT($,.STERADIAN.) SOLID_ANGLE_UNIT() );
#17408 = UNCERTAINTY_MEASURE_WITH_UNIT(LENGTH_MEASURE(1.E-07),#17405,
  'distance_accuracy_value','confusion accuracy');
#17409 = CONTEXT_DEPENDENT_SHAPE_REPRESENTATION(#17410,#17412);
#17410 = ( REPRESENTATION_RELATIONSHIP('','',#17073,#15870) 
REPRESENTATION_RELATIONSHIP_WITH_TRANSFORMATION(#17411) 
SHAPE_REPRESENTATION_RELATIONSHIP() );
#17411 = ITEM_DEFINED_TRANSFORMATION('','',#11,#15887);
#17412 = PRODUCT_DEFINITION_SHAPE('Placement','Placement of an item',
  #17413);
#17413 = NEXT_ASSEMBLY_USAGE_OCCURRENCE('121','=>[0:1:1:123]','',#15865,
  #17068,$);
#17414 = PRODUCT_RELATED_PRODUCT_CATEGORY('part',$,(#17070));
ENDSEC;
END-ISO-10303-21;
