ISO-10303-21;
HEADER;
FILE_DESCRIPTION(('Open CASCADE Model'),'2;1');
FILE_NAME('Open CASCADE Shape Model','2026-09-25T11:57:13',('Author'),(
    'Open CASCADE'),'Open CASCADE STEP processor 8.0','build123d',
  'Unknown');
FILE_SCHEMA(('AUTOMOTIVE_DESIGN { 1 0 10303 214 1 1 1 1 }'));
ENDSEC;
DATA;
#1 = APPLICATION_PROTOCOL_DEFINITION('international standard',
  'automotive_design',2000,#2);
#2 = APPLICATION_CONTEXT(
  'core data for automotive mechanical design processes');
#3 = SHAPE_DEFINITION_REPRESENTATION(#4,#10);
#4 = PRODUCT_DEFINITION_SHAPE('','',#5);
#5 = PRODUCT_DEFINITION('design','',#6,#9);
#6 = PRODUCT_DEFINITION_FORMATION('','',#7);
#7 = PRODUCT('COMPOUND','COMPOUND','',(#8));
#8 = PRODUCT_CONTEXT('',#2,'mechanical');
#9 = PRODUCT_DEFINITION_CONTEXT('part definition',#2,'design');
#10 = SHAPE_REPRESENTATION('',(#11,#15,#19,#23,#27,#31,#35,#39,#43,#47,
    #51,#55,#59,#63,#67,#71,#75,#79),#83);
#11 = AXIS2_PLACEMENT_3D('',#12,#13,#14);
#12 = CARTESIAN_POINT('',(0.,0.,0.));
#13 = DIRECTION('',(0.,0.,1.));
#14 = DIRECTION('',(1.,0.,-0.));
#15 = AXIS2_PLACEMENT_3D('',#16,#17,#18);
#16 = CARTESIAN_POINT('',(0.,0.,0.));
#17 = DIRECTION('',(0.,0.,1.));
#18 = DIRECTION('',(1.,0.,-0.));
#19 = AXIS2_PLACEMENT_3D('',#20,#21,#22);
#20 = CARTESIAN_POINT('',(0.,0.,0.));
#21 = DIRECTION('',(0.,0.,1.));
#22 = DIRECTION('',(1.,0.,-0.));
#23 = AXIS2_PLACEMENT_3D('',#24,#25,#26);
#24 = CARTESIAN_POINT('',(0.,0.,0.));
#25 = DIRECTION('',(0.,0.,1.));
#26 = DIRECTION('',(1.,0.,-0.));
#27 = AXIS2_PLACEMENT_3D('',#28,#29,#30);
#28 = CARTESIAN_POINT('',(165.71490223625,0.,859.59405592655));
#29 = DIRECTION('',(0.,0.,1.));
#30 = DIRECTION('',(1.,0.,-0.));
#31 = AXIS2_PLACEMENT_3D('',#32,#33,#34);
#32 = CARTESIAN_POINT('',(0.,0.,0.));
#33 = DIRECTION('',(0.,0.,1.));
#34 = DIRECTION('',(1.,0.,-0.));
#35 = AXIS2_PLACEMENT_3D('',#36,#37,#38);
#36 = CARTESIAN_POINT('',(0.,0.,0.));
#37 = DIRECTION('',(0.,0.,1.));
#38 = DIRECTION('',(1.,0.,-0.));
#39 = AXIS2_PLACEMENT_3D('',#40,#41,#42);
#40 = CARTESIAN_POINT('',(0.,0.,0.));
#41 = DIRECTION('',(0.,0.,1.));
#42 = DIRECTION('',(1.,0.,-0.));
#43 = AXIS2_PLACEMENT_3D('',#44,#45,#46);
#44 = CARTESIAN_POINT('',(0.,0.,0.));
#45 = DIRECTION('',(0.,0.,1.));
#46 = DIRECTION('',(1.,0.,-0.));
#47 = AXIS2_PLACEMENT_3D('',#48,#49,#50);
#48 = CARTESIAN_POINT('',(0.,0.,0.));
#49 = DIRECTION('',(0.,0.,1.));
#50 = DIRECTION('',(1.,0.,-0.));
#51 = AXIS2_PLACEMENT_3D('',#52,#53,#54);
#52 = CARTESIAN_POINT('',(0.,0.,0.));
#53 = DIRECTION('',(0.,0.,1.));
#54 = DIRECTION('',(1.,0.,-0.));
#55 = AXIS2_PLACEMENT_3D('',#56,#57,#58);
#56 = CARTESIAN_POINT('',(0.,0.,0.));
#57 = DIRECTION('',(0.,0.,1.));
#58 = DIRECTION('',(1.,0.,-0.));
#59 = AXIS2_PLACEMENT_3D('',#60,#61,#62);
#60 = CARTESIAN_POINT('',(0.,0.,0.));
#61 = DIRECTION('',(0.,0.,1.));
#62 = DIRECTION('',(1.,0.,-0.));
#63 = AXIS2_PLACEMENT_3D('',#64,#65,#66);
#64 = CARTESIAN_POINT('',(0.,0.,0.));
#65 = DIRECTION('',(0.,0.,1.));
#66 = DIRECTION('',(1.,0.,-0.));
#67 = AXIS2_PLACEMENT_3D('',#68,#69,#70);
#68 = CARTESIAN_POINT('',(0.,0.,0.));
#69 = DIRECTION('',(0.,0.,1.));
#70 = DIRECTION('',(1.,0.,-0.));
#71 = AXIS2_PLACEMENT_3D('',#72,#73,#74);
#72 = CARTESIAN_POINT('',(219.93419913222,-64.,305.));
#73 = DIRECTION('',(0.,0.,1.));
#74 = DIRECTION('',(1.,0.,-0.));
#75 = AXIS2_PLACEMENT_3D('',#76,#77,#78);
#76 = CARTESIAN_POINT('',(0.,0.,0.));
#77 = DIRECTION('',(0.,0.,1.));
#78 = DIRECTION('',(1.,0.,-0.));
#79 = AXIS2_PLACEMENT_3D('',#80,#81,#82);
#80 = CARTESIAN_POINT('',(0.,0.,0.));
#81 = DIRECTION('',(0.,0.,1.));
#82 = DIRECTION('',(1.,0.,-0.));
#83 = ( GEOMETRIC_REPRESENTATION_CONTEXT(3) 
GLOBAL_UNCERTAINTY_ASSIGNED_CONTEXT((#87)) GLOBAL_UNIT_ASSIGNED_CONTEXT(
(#84,#85,#86)) REPRESENTATION_CONTEXT('Context #1',
  '3D Context with UNIT and UNCERTAINTY') );
#84 = ( LENGTH_UNIT() NAMED_UNIT(*) SI_UNIT(.MILLI.,.METRE.) );
#85 = ( NAMED_UNIT(*) PLANE_ANGLE_UNIT() SI_UNIT($,.RADIAN.) );
#86 = ( NAMED_UNIT(*) SI_UNIT($,.STERADIAN.) SOLID_ANGLE_UNIT() );
#87 = UNCERTAINTY_MEASURE_WITH_UNIT(LENGTH_MEASURE(1.E-07),#84,
  'distance_accuracy_value','confusion accuracy');
#88 = PRODUCT_RELATED_PRODUCT_CATEGORY('part',$,(#7));
#89 = SHAPE_DEFINITION_REPRESENTATION(#90,#96);
#90 = PRODUCT_DEFINITION_SHAPE('','',#91);
#91 = PRODUCT_DEFINITION('design','',#92,#95);
#92 = PRODUCT_DEFINITION_FORMATION('','',#93);
#93 = PRODUCT('COMPOUND','COMPOUND','',(#94));
#94 = PRODUCT_CONTEXT('',#2,'mechanical');
#95 = PRODUCT_DEFINITION_CONTEXT('part definition',#2,'design');
#96 = SHAPE_REPRESENTATION('',(#11,#97,#101,#105,#109,#113,#117,#121,
    #125,#129,#133,#137),#141);
#97 = AXIS2_PLACEMENT_3D('',#98,#99,#100);
#98 = CARTESIAN_POINT('',(0.,0.,0.));
#99 = DIRECTION('',(0.,0.,1.));
#100 = DIRECTION('',(1.,0.,-0.));
#101 = AXIS2_PLACEMENT_3D('',#102,#103,#104);
#102 = CARTESIAN_POINT('',(0.,0.,0.));
#103 = DIRECTION('',(0.,0.,1.));
#104 = DIRECTION('',(1.,0.,-0.));
#105 = AXIS2_PLACEMENT_3D('',#106,#107,#108);
#106 = CARTESIAN_POINT('',(0.,0.,0.));
#107 = DIRECTION('',(0.,0.,1.));
#108 = DIRECTION('',(1.,0.,-0.));
#109 = AXIS2_PLACEMENT_3D('',#110,#111,#112);
#110 = CARTESIAN_POINT('',(0.,0.,0.));
#111 = DIRECTION('',(0.,0.,1.));
#112 = DIRECTION('',(1.,0.,-0.));
#113 = AXIS2_PLACEMENT_3D('',#114,#115,#116);
#114 = CARTESIAN_POINT('',(0.,0.,0.));
#115 = DIRECTION('',(0.,0.,1.));
#116 = DIRECTION('',(1.,0.,-0.));
#117 = AXIS2_PLACEMENT_3D('',#118,#119,#120);
#118 = CARTESIAN_POINT('',(0.,0.,0.));
#119 = DIRECTION('',(0.,0.,1.));
#120 = DIRECTION('',(1.,0.,-0.));
#121 = AXIS2_PLACEMENT_3D('',#122,#123,#124);
#122 = CARTESIAN_POINT('',(0.,0.,0.));
#123 = DIRECTION('',(0.,0.,1.));
#124 = DIRECTION('',(1.,0.,-0.));
#125 = AXIS2_PLACEMENT_3D('',#126,#127,#128);
#126 = CARTESIAN_POINT('',(0.,0.,0.));
#127 = DIRECTION('',(0.,0.,1.));
#128 = DIRECTION('',(1.,0.,-0.));
#129 = AXIS2_PLACEMENT_3D('',#130,#131,#132);
#130 = CARTESIAN_POINT('',(0.,0.,0.));
#131 = DIRECTION('',(0.,0.,1.));
#132 = DIRECTION('',(1.,0.,-0.));
#133 = AXIS2_PLACEMENT_3D('',#134,#135,#136);
#134 = CARTESIAN_POINT('',(0.,-55.,250.));
#135 = DIRECTION('',(0.,0.,1.));
#136 = DIRECTION('',(1.,0.,-0.));
#137 = AXIS2_PLACEMENT_3D('',#138,#139,#140);
#138 = CARTESIAN_POINT('',(0.,55.,250.));
#139 = DIRECTION('',(0.,0.,1.));
#140 = DIRECTION('',(1.,0.,-0.));
#141 = ( GEOMETRIC_REPRESENTATION_CONTEXT(3) 
GLOBAL_UNCERTAINTY_ASSIGNED_CONTEXT((#145)) GLOBAL_UNIT_ASSIGNED_CONTEXT
((#142,#143,#144)) REPRESENTATION_CONTEXT('Context #1',
  '3D Context with UNIT and UNCERTAINTY') );
#142 = ( LENGTH_UNIT() NAMED_UNIT(*) SI_UNIT(.MILLI.,.METRE.) );
#143 = ( NAMED_UNIT(*) PLANE_ANGLE_UNIT() SI_UNIT($,.RADIAN.) );
#144 = ( NAMED_UNIT(*) SI_UNIT($,.STERADIAN.) SOLID_ANGLE_UNIT() );
#145 = UNCERTAINTY_MEASURE_WITH_UNIT(LENGTH_MEASURE(1.E-07),#142,
  'distance_accuracy_value','confusion accuracy');
#146 = CONTEXT_DEPENDENT_SHAPE_REPRESENTATION(#147,#149);
#147 = ( REPRESENTATION_RELATIONSHIP('','',#96,#10) 
REPRESENTATION_RELATIONSHIP_WITH_TRANSFORMATION(#148) 
SHAPE_REPRESENTATION_RELATIONSHIP() );
#148 = ITEM_DEFINED_TRANSFORMATION('','',#11,#15);
#149 = PRODUCT_DEFINITION_SHAPE('Placement','Placement of an item',#150
  );
#150 = NEXT_ASSEMBLY_USAGE_OCCURRENCE('134','=>[0:1:1:2]','',#5,#91,$);
#151 = PRODUCT_RELATED_PRODUCT_CATEGORY('part',$,(#93));
#152 = SHAPE_DEFINITION_REPRESENTATION(#153,#159);
#153 = PRODUCT_DEFINITION_SHAPE('','',#154);
#154 = PRODUCT_DEFINITION('design','',#155,#158);
#155 = PRODUCT_DEFINITION_FORMATION('','',#156);
#156 = PRODUCT('SOLID','SOLID','',(#157));
#157 = PRODUCT_CONTEXT('',#2,'mechanical');
#158 = PRODUCT_DEFINITION_CONTEXT('part definition',#2,'design');
#159 = ADVANCED_BREP_SHAPE_REPRESENTATION('',(#11,#160),#258);
#160 = MANIFOLD_SOLID_BREP('',#161);
#161 = CLOSED_SHELL('',(#162,#250,#254));
#162 = ADVANCED_FACE('',(#163),#176,.T.);
#163 = FACE_BOUND('',#164,.T.);
#164 = EDGE_LOOP('',(#165,#199,#222,#249));
#165 = ORIENTED_EDGE('',*,*,#166,.F.);
#166 = EDGE_CURVE('',#167,#167,#169,.T.);
#167 = VERTEX_POINT('',#168);
#168 = CARTESIAN_POINT('',(685.01007473264,-4.163799117101E-15,
    692.77141110198));
#169 = SURFACE_CURVE('',#170,(#175,#187),.PCURVE_S1.);
#170 = CIRCLE('',#171,17.);
#171 = AXIS2_PLACEMENT_3D('',#172,#173,#174);
#172 = CARTESIAN_POINT('',(669.03530017928,0.,686.95706866544));
#173 = DIRECTION('',(-0.342020143326,0.,0.939692620786));
#174 = DIRECTION('',(0.939692620786,0.,0.342020143326));
#175 = PCURVE('',#176,#181);
#176 = CYLINDRICAL_SURFACE('',#177,17.);
#177 = AXIS2_PLACEMENT_3D('',#178,#179,#180);
#178 = CARTESIAN_POINT('',(730.5989259779,0.,517.81239692398));
#179 = DIRECTION('',(-0.342020143326,0.,0.939692620786));
#180 = DIRECTION('',(0.939692620786,0.,0.342020143326));
#181 = DEFINITIONAL_REPRESENTATION('',(#182),#186);
#182 = LINE('',#183,#184);
#183 = CARTESIAN_POINT('',(0.,180.));
#184 = VECTOR('',#185,1.);
#185 = DIRECTION('',(1.,0.));
#186 = ( GEOMETRIC_REPRESENTATION_CONTEXT(2) 
PARAMETRIC_REPRESENTATION_CONTEXT() REPRESENTATION_CONTEXT('2D SPACE',''
  ) );
#187 = PCURVE('',#188,#193);
#188 = PLANE('',#189);
#189 = AXIS2_PLACEMENT_3D('',#190,#191,#192);
#190 = CARTESIAN_POINT('',(669.03530017928,0.,686.95706866544));
#191 = DIRECTION('',(-0.342020143326,0.,0.939692620786));
#192 = DIRECTION('',(0.939692620786,0.,0.342020143326));
#193 = DEFINITIONAL_REPRESENTATION('',(#194),#198);
#194 = CIRCLE('',#195,17.);
#195 = AXIS2_PLACEMENT_2D('',#196,#197);
#196 = CARTESIAN_POINT('',(0.,0.));
#197 = DIRECTION('',(1.,0.));
#198 = ( GEOMETRIC_REPRESENTATION_CONTEXT(2) 
PARAMETRIC_REPRESENTATION_CONTEXT() REPRESENTATION_CONTEXT('2D SPACE',''
  ) );
#199 = ORIENTED_EDGE('',*,*,#200,.F.);
#200 = EDGE_CURVE('',#201,#167,#203,.T.);
#201 = VERTEX_POINT('',#202);
#202 = CARTESIAN_POINT('',(746.57370053126,-4.163799117101E-15,
    523.62673936052));
#203 = SEAM_CURVE('',#204,(#208,#215),.PCURVE_S1.);
#204 = LINE('',#205,#206);
#205 = CARTESIAN_POINT('',(746.57370053126,-4.163799117101E-15,
    523.62673936052));
#206 = VECTOR('',#207,1.);
#207 = DIRECTION('',(-0.342020143326,-1.232595164408E-32,0.939692620786)
  );
#208 = PCURVE('',#176,#209);
#209 = DEFINITIONAL_REPRESENTATION('',(#210),#214);
#210 = LINE('',#211,#212);
#211 = CARTESIAN_POINT('',(6.28318530718,-0.));
#212 = VECTOR('',#213,1.);
#213 = DIRECTION('',(0.,1.));
#214 = ( GEOMETRIC_REPRESENTATION_CONTEXT(2) 
PARAMETRIC_REPRESENTATION_CONTEXT() REPRESENTATION_CONTEXT('2D SPACE',''
  ) );
#215 = PCURVE('',#176,#216);
#216 = DEFINITIONAL_REPRESENTATION('',(#217),#221);
#217 = LINE('',#218,#219);
#218 = CARTESIAN_POINT('',(0.,-0.));
#219 = VECTOR('',#220,1.);
#220 = DIRECTION('',(0.,1.));
#221 = ( GEOMETRIC_REPRESENTATION_CONTEXT(2) 
PARAMETRIC_REPRESENTATION_CONTEXT() REPRESENTATION_CONTEXT('2D SPACE',''
  ) );
#222 = ORIENTED_EDGE('',*,*,#223,.T.);
#223 = EDGE_CURVE('',#201,#201,#224,.T.);
#224 = SURFACE_CURVE('',#225,(#230,#237),.PCURVE_S1.);
#225 = CIRCLE('',#226,17.);
#226 = AXIS2_PLACEMENT_3D('',#227,#228,#229);
#227 = CARTESIAN_POINT('',(730.5989259779,0.,517.81239692398));
#228 = DIRECTION('',(-0.342020143326,0.,0.939692620786));
#229 = DIRECTION('',(0.939692620786,0.,0.342020143326));
#230 = PCURVE('',#176,#231);
#231 = DEFINITIONAL_REPRESENTATION('',(#232),#236);
#232 = LINE('',#233,#234);
#233 = CARTESIAN_POINT('',(0.,0.));
#234 = VECTOR('',#235,1.);
#235 = DIRECTION('',(1.,0.));
#236 = ( GEOMETRIC_REPRESENTATION_CONTEXT(2) 
PARAMETRIC_REPRESENTATION_CONTEXT() REPRESENTATION_CONTEXT('2D SPACE',''
  ) );
#237 = PCURVE('',#238,#243);
#238 = PLANE('',#239);
#239 = AXIS2_PLACEMENT_3D('',#240,#241,#242);
#240 = CARTESIAN_POINT('',(730.5989259779,0.,517.81239692398));
#241 = DIRECTION('',(-0.342020143326,0.,0.939692620786));
#242 = DIRECTION('',(0.939692620786,0.,0.342020143326));
#243 = DEFINITIONAL_REPRESENTATION('',(#244),#248);
#244 = CIRCLE('',#245,17.);
#245 = AXIS2_PLACEMENT_2D('',#246,#247);
#246 = CARTESIAN_POINT('',(0.,0.));
#247 = DIRECTION('',(1.,0.));
#248 = ( GEOMETRIC_REPRESENTATION_CONTEXT(2) 
PARAMETRIC_REPRESENTATION_CONTEXT() REPRESENTATION_CONTEXT('2D SPACE',''
  ) );
#249 = ORIENTED_EDGE('',*,*,#200,.T.);
#250 = ADVANCED_FACE('',(#251),#188,.T.);
#251 = FACE_BOUND('',#252,.T.);
#252 = EDGE_LOOP('',(#253));
#253 = ORIENTED_EDGE('',*,*,#166,.T.);
#254 = ADVANCED_FACE('',(#255),#238,.F.);
#255 = FACE_BOUND('',#256,.T.);
#256 = EDGE_LOOP('',(#257));
#257 = ORIENTED_EDGE('',*,*,#223,.F.);
#258 = ( GEOMETRIC_REPRESENTATION_CONTEXT(3) 
GLOBAL_UNCERTAINTY_ASSIGNED_CONTEXT((#262)) GLOBAL_UNIT_ASSIGNED_CONTEXT
((#259,#260,#261)) REPRESENTATION_CONTEXT('Context #1',
  '3D Context with UNIT and UNCERTAINTY') );
#259 = ( LENGTH_UNIT() NAMED_UNIT(*) SI_UNIT(.MILLI.,.METRE.) );
#260 = ( NAMED_UNIT(*) PLANE_ANGLE_UNIT() SI_UNIT($,.RADIAN.) );
#261 = ( NAMED_UNIT(*) SI_UNIT($,.STERADIAN.) SOLID_ANGLE_UNIT() );
#262 = UNCERTAINTY_MEASURE_WITH_UNIT(LENGTH_MEASURE(1.E-07),#259,
  'distance_accuracy_value','confusion accuracy');
#263 = CONTEXT_DEPENDENT_SHAPE_REPRESENTATION(#264,#266);
#264 = ( REPRESENTATION_RELATIONSHIP('','',#159,#96) 
REPRESENTATION_RELATIONSHIP_WITH_TRANSFORMATION(#265) 
SHAPE_REPRESENTATION_RELATIONSHIP() );
#265 = ITEM_DEFINED_TRANSFORMATION('','',#11,#97);
#266 = PRODUCT_DEFINITION_SHAPE('Placement','Placement of an item',#267
  );
#267 = NEXT_ASSEMBLY_USAGE_OCCURRENCE('123','=>[0:1:1:3]','',#91,#154,$
  );
#268 = PRODUCT_RELATED_PRODUCT_CATEGORY('part',$,(#156));
#269 = SHAPE_DEFINITION_REPRESENTATION(#270,#276);
#270 = PRODUCT_DEFINITION_SHAPE('','',#271);
#271 = PRODUCT_DEFINITION('design','',#272,#275);
#272 = PRODUCT_DEFINITION_FORMATION('','',#273);
#273 = PRODUCT('SOLID','SOLID','',(#274));
#274 = PRODUCT_CONTEXT('',#2,'mechanical');
#275 = PRODUCT_DEFINITION_CONTEXT('part definition',#2,'design');
#276 = ADVANCED_BREP_SHAPE_REPRESENTATION('',(#11,#277),#375);
#277 = MANIFOLD_SOLID_BREP('',#278);
#278 = CLOSED_SHELL('',(#279,#367,#371));
#279 = ADVANCED_FACE('',(#280),#293,.T.);
#280 = FACE_BOUND('',#281,.T.);
#281 = EDGE_LOOP('',(#282,#316,#339,#366));
#282 = ORIENTED_EDGE('',*,*,#283,.F.);
#283 = EDGE_CURVE('',#284,#284,#286,.T.);
#284 = VERTEX_POINT('',#285);
#285 = CARTESIAN_POINT('',(299.04387080376,-3.894376821289E-15,
    528.55205409893));
#286 = SURFACE_CURVE('',#287,(#292,#304),.PCURVE_S1.);
#287 = CIRCLE('',#288,15.9);
#288 = AXIS2_PLACEMENT_3D('',#289,#290,#291);
#289 = CARTESIAN_POINT('',(284.10275813326,0.,523.11393382005));
#290 = DIRECTION('',(-0.342020143326,0.,0.939692620786));
#291 = DIRECTION('',(0.939692620786,0.,0.342020143326));
#292 = PCURVE('',#293,#298);
#293 = CYLINDRICAL_SURFACE('',#294,15.9);
#294 = AXIS2_PLACEMENT_3D('',#295,#296,#297);
#295 = CARTESIAN_POINT('',(379.86839826445,0.,260.));
#296 = DIRECTION('',(-0.342020143326,0.,0.939692620786));
#297 = DIRECTION('',(0.939692620786,0.,0.342020143326));
#298 = DEFINITIONAL_REPRESENTATION('',(#299),#303);
#299 = LINE('',#300,#301);
#300 = CARTESIAN_POINT('',(0.,280.));
#301 = VECTOR('',#302,1.);
#302 = DIRECTION('',(1.,0.));
#303 = ( GEOMETRIC_REPRESENTATION_CONTEXT(2) 
PARAMETRIC_REPRESENTATION_CONTEXT() REPRESENTATION_CONTEXT('2D SPACE',''
  ) );
#304 = PCURVE('',#305,#310);
#305 = PLANE('',#306);
#306 = AXIS2_PLACEMENT_3D('',#307,#308,#309);
#307 = CARTESIAN_POINT('',(284.10275813326,0.,523.11393382005));
#308 = DIRECTION('',(-0.342020143326,0.,0.939692620786));
#309 = DIRECTION('',(0.939692620786,0.,0.342020143326));
#310 = DEFINITIONAL_REPRESENTATION('',(#311),#315);
#311 = CIRCLE('',#312,15.9);
#312 = AXIS2_PLACEMENT_2D('',#313,#314);
#313 = CARTESIAN_POINT('',(0.,0.));
#314 = DIRECTION('',(1.,0.));
#315 = ( GEOMETRIC_REPRESENTATION_CONTEXT(2) 
PARAMETRIC_REPRESENTATION_CONTEXT() REPRESENTATION_CONTEXT('2D SPACE',''
  ) );
#316 = ORIENTED_EDGE('',*,*,#317,.F.);
#317 = EDGE_CURVE('',#318,#284,#320,.T.);
#318 = VERTEX_POINT('',#319);
#319 = CARTESIAN_POINT('',(394.80951093494,-3.894376821289E-15,
    265.43812027887));
#320 = SEAM_CURVE('',#321,(#325,#332),.PCURVE_S1.);
#321 = LINE('',#322,#323);
#322 = CARTESIAN_POINT('',(394.80951093494,-3.894376821289E-15,
    265.43812027887));
#323 = VECTOR('',#324,1.);
#324 = DIRECTION('',(-0.342020143326,-1.232595164408E-32,0.939692620786)
  );
#325 = PCURVE('',#293,#326);
#326 = DEFINITIONAL_REPRESENTATION('',(#327),#331);
#327 = LINE('',#328,#329);
#328 = CARTESIAN_POINT('',(6.28318530718,-0.));
#329 = VECTOR('',#330,1.);
#330 = DIRECTION('',(0.,1.));
#331 = ( GEOMETRIC_REPRESENTATION_CONTEXT(2) 
PARAMETRIC_REPRESENTATION_CONTEXT() REPRESENTATION_CONTEXT('2D SPACE',''
  ) );
#332 = PCURVE('',#293,#333);
#333 = DEFINITIONAL_REPRESENTATION('',(#334),#338);
#334 = LINE('',#335,#336);
#335 = CARTESIAN_POINT('',(0.,-0.));
#336 = VECTOR('',#337,1.);
#337 = DIRECTION('',(0.,1.));
#338 = ( GEOMETRIC_REPRESENTATION_CONTEXT(2) 
PARAMETRIC_REPRESENTATION_CONTEXT() REPRESENTATION_CONTEXT('2D SPACE',''
  ) );
#339 = ORIENTED_EDGE('',*,*,#340,.T.);
#340 = EDGE_CURVE('',#318,#318,#341,.T.);
#341 = SURFACE_CURVE('',#342,(#347,#354),.PCURVE_S1.);
#342 = CIRCLE('',#343,15.9);
#343 = AXIS2_PLACEMENT_3D('',#344,#345,#346);
#344 = CARTESIAN_POINT('',(379.86839826445,0.,260.));
#345 = DIRECTION('',(-0.342020143326,0.,0.939692620786));
#346 = DIRECTION('',(0.939692620786,0.,0.342020143326));
#347 = PCURVE('',#293,#348);
#348 = DEFINITIONAL_REPRESENTATION('',(#349),#353);
#349 = LINE('',#350,#351);
#350 = CARTESIAN_POINT('',(0.,0.));
#351 = VECTOR('',#352,1.);
#352 = DIRECTION('',(1.,0.));
#353 = ( GEOMETRIC_REPRESENTATION_CONTEXT(2) 
PARAMETRIC_REPRESENTATION_CONTEXT() REPRESENTATION_CONTEXT('2D SPACE',''
  ) );
#354 = PCURVE('',#355,#360);
#355 = PLANE('',#356);
#356 = AXIS2_PLACEMENT_3D('',#357,#358,#359);
#357 = CARTESIAN_POINT('',(379.86839826445,0.,260.));
#358 = DIRECTION('',(-0.342020143326,0.,0.939692620786));
#359 = DIRECTION('',(0.939692620786,0.,0.342020143326));
#360 = DEFINITIONAL_REPRESENTATION('',(#361),#365);
#361 = CIRCLE('',#362,15.9);
#362 = AXIS2_PLACEMENT_2D('',#363,#364);
#363 = CARTESIAN_POINT('',(0.,0.));
#364 = DIRECTION('',(1.,0.));
#365 = ( GEOMETRIC_REPRESENTATION_CONTEXT(2) 
PARAMETRIC_REPRESENTATION_CONTEXT() REPRESENTATION_CONTEXT('2D SPACE',''
  ) );
#366 = ORIENTED_EDGE('',*,*,#317,.T.);
#367 = ADVANCED_FACE('',(#368),#305,.T.);
#368 = FACE_BOUND('',#369,.T.);
#369 = EDGE_LOOP('',(#370));
#370 = ORIENTED_EDGE('',*,*,#283,.T.);
#371 = ADVANCED_FACE('',(#372),#355,.F.);
#372 = FACE_BOUND('',#373,.T.);
#373 = EDGE_LOOP('',(#374));
#374 = ORIENTED_EDGE('',*,*,#340,.F.);
#375 = ( GEOMETRIC_REPRESENTATION_CONTEXT(3) 
GLOBAL_UNCERTAINTY_ASSIGNED_CONTEXT((#379)) GLOBAL_UNIT_ASSIGNED_CONTEXT
((#376,#377,#378)) REPRESENTATION_CONTEXT('Context #1',
  '3D Context with UNIT and UNCERTAINTY') );
#376 = ( LENGTH_UNIT() NAMED_UNIT(*) SI_UNIT(.MILLI.,.METRE.) );
#377 = ( NAMED_UNIT(*) PLANE_ANGLE_UNIT() SI_UNIT($,.RADIAN.) );
#378 = ( NAMED_UNIT(*) SI_UNIT($,.STERADIAN.) SOLID_ANGLE_UNIT() );
#379 = UNCERTAINTY_MEASURE_WITH_UNIT(LENGTH_MEASURE(1.E-07),#376,
  'distance_accuracy_value','confusion accuracy');
#380 = CONTEXT_DEPENDENT_SHAPE_REPRESENTATION(#381,#383);
#381 = ( REPRESENTATION_RELATIONSHIP('','',#276,#96) 
REPRESENTATION_RELATIONSHIP_WITH_TRANSFORMATION(#382) 
SHAPE_REPRESENTATION_RELATIONSHIP() );
#382 = ITEM_DEFINED_TRANSFORMATION('','',#11,#101);
#383 = PRODUCT_DEFINITION_SHAPE('Placement','Placement of an item',#384
  );
#384 = NEXT_ASSEMBLY_USAGE_OCCURRENCE('124','=>[0:1:1:4]','',#91,#271,$
  );
#385 = PRODUCT_RELATED_PRODUCT_CATEGORY('part',$,(#273));
#386 = SHAPE_DEFINITION_REPRESENTATION(#387,#393);
#387 = PRODUCT_DEFINITION_SHAPE('','',#388);
#388 = PRODUCT_DEFINITION('design','',#389,#392);
#389 = PRODUCT_DEFINITION_FORMATION('','',#390);
#390 = PRODUCT('SOLID','SOLID','',(#391));
#391 = PRODUCT_CONTEXT('',#2,'mechanical');
#392 = PRODUCT_DEFINITION_CONTEXT('part definition',#2,'design');
#393 = ADVANCED_BREP_SHAPE_REPRESENTATION('',(#11,#394),#492);
#394 = MANIFOLD_SOLID_BREP('',#395);
#395 = CLOSED_SHELL('',(#396,#484,#488));
#396 = ADVANCED_FACE('',(#397),#410,.T.);
#397 = FACE_BOUND('',#398,.T.);
#398 = EDGE_LOOP('',(#399,#433,#456,#483));
#399 = ORIENTED_EDGE('',*,*,#400,.F.);
#400 = EDGE_CURVE('',#401,#401,#403,.T.);
#401 = VERTEX_POINT('',#402);
#402 = CARTESIAN_POINT('',(389.69991327179,3.894376821289E-15,
    247.50394811709));
#403 = SURFACE_CURVE('',#404,(#409,#421),.PCURVE_S1.);
#404 = CIRCLE('',#405,15.9);
#405 = AXIS2_PLACEMENT_3D('',#406,#407,#408);
#406 = CARTESIAN_POINT('',(379.86839826445,0.,260.));
#407 = DIRECTION('',(-0.785915212762,0.,-0.618334277191));
#408 = DIRECTION('',(0.618334277191,0.,-0.785915212762));
#409 = PCURVE('',#410,#415);
#410 = CYLINDRICAL_SURFACE('',#411,15.9);
#411 = AXIS2_PLACEMENT_3D('',#412,#413,#414);
#412 = CARTESIAN_POINT('',(725.46862382802,0.,531.90778623577));
#413 = DIRECTION('',(-0.785915212762,0.,-0.618334277191));
#414 = DIRECTION('',(0.618334277191,0.,-0.785915212762));
#415 = DEFINITIONAL_REPRESENTATION('',(#416),#420);
#416 = LINE('',#417,#418);
#417 = CARTESIAN_POINT('',(0.,439.74237926907));
#418 = VECTOR('',#419,1.);
#419 = DIRECTION('',(1.,0.));
#420 = ( GEOMETRIC_REPRESENTATION_CONTEXT(2) 
PARAMETRIC_REPRESENTATION_CONTEXT() REPRESENTATION_CONTEXT('2D SPACE',''
  ) );
#421 = PCURVE('',#422,#427);
#422 = PLANE('',#423);
#423 = AXIS2_PLACEMENT_3D('',#424,#425,#426);
#424 = CARTESIAN_POINT('',(379.86839826445,0.,260.));
#425 = DIRECTION('',(-0.785915212762,0.,-0.618334277191));
#426 = DIRECTION('',(0.618334277191,0.,-0.785915212762));
#427 = DEFINITIONAL_REPRESENTATION('',(#428),#432);
#428 = CIRCLE('',#429,15.9);
#429 = AXIS2_PLACEMENT_2D('',#430,#431);
#430 = CARTESIAN_POINT('',(0.,0.));
#431 = DIRECTION('',(1.,0.));
#432 = ( GEOMETRIC_REPRESENTATION_CONTEXT(2) 
PARAMETRIC_REPRESENTATION_CONTEXT() REPRESENTATION_CONTEXT('2D SPACE',''
  ) );
#433 = ORIENTED_EDGE('',*,*,#434,.F.);
#434 = EDGE_CURVE('',#435,#401,#437,.T.);
#435 = VERTEX_POINT('',#436);
#436 = CARTESIAN_POINT('',(735.30013883536,3.894376821289E-15,
    519.41173435286));
#437 = SEAM_CURVE('',#438,(#442,#449),.PCURVE_S1.);
#438 = LINE('',#439,#440);
#439 = CARTESIAN_POINT('',(735.30013883536,3.894376821289E-15,
    519.41173435286));
#440 = VECTOR('',#441,1.);
#441 = DIRECTION('',(-0.785915212762,0.,-0.618334277191));
#442 = PCURVE('',#410,#443);
#443 = DEFINITIONAL_REPRESENTATION('',(#444),#448);
#444 = LINE('',#445,#446);
#445 = CARTESIAN_POINT('',(6.28318530718,-0.));
#446 = VECTOR('',#447,1.);
#447 = DIRECTION('',(0.,1.));
#448 = ( GEOMETRIC_REPRESENTATION_CONTEXT(2) 
PARAMETRIC_REPRESENTATION_CONTEXT() REPRESENTATION_CONTEXT('2D SPACE',''
  ) );
#449 = PCURVE('',#410,#450);
#450 = DEFINITIONAL_REPRESENTATION('',(#451),#455);
#451 = LINE('',#452,#453);
#452 = CARTESIAN_POINT('',(0.,-0.));
#453 = VECTOR('',#454,1.);
#454 = DIRECTION('',(0.,1.));
#455 = ( GEOMETRIC_REPRESENTATION_CONTEXT(2) 
PARAMETRIC_REPRESENTATION_CONTEXT() REPRESENTATION_CONTEXT('2D SPACE',''
  ) );
#456 = ORIENTED_EDGE('',*,*,#457,.T.);
#457 = EDGE_CURVE('',#435,#435,#458,.T.);
#458 = SURFACE_CURVE('',#459,(#464,#471),.PCURVE_S1.);
#459 = CIRCLE('',#460,15.9);
#460 = AXIS2_PLACEMENT_3D('',#461,#462,#463);
#461 = CARTESIAN_POINT('',(725.46862382802,0.,531.90778623577));
#462 = DIRECTION('',(-0.785915212762,0.,-0.618334277191));
#463 = DIRECTION('',(0.618334277191,0.,-0.785915212762));
#464 = PCURVE('',#410,#465);
#465 = DEFINITIONAL_REPRESENTATION('',(#466),#470);
#466 = LINE('',#467,#468);
#467 = CARTESIAN_POINT('',(0.,0.));
#468 = VECTOR('',#469,1.);
#469 = DIRECTION('',(1.,0.));
#470 = ( GEOMETRIC_REPRESENTATION_CONTEXT(2) 
PARAMETRIC_REPRESENTATION_CONTEXT() REPRESENTATION_CONTEXT('2D SPACE',''
  ) );
#471 = PCURVE('',#472,#477);
#472 = PLANE('',#473);
#473 = AXIS2_PLACEMENT_3D('',#474,#475,#476);
#474 = CARTESIAN_POINT('',(725.46862382802,0.,531.90778623577));
#475 = DIRECTION('',(-0.785915212762,0.,-0.618334277191));
#476 = DIRECTION('',(0.618334277191,0.,-0.785915212762));
#477 = DEFINITIONAL_REPRESENTATION('',(#478),#482);
#478 = CIRCLE('',#479,15.9);
#479 = AXIS2_PLACEMENT_2D('',#480,#481);
#480 = CARTESIAN_POINT('',(0.,0.));
#481 = DIRECTION('',(1.,0.));
#482 = ( GEOMETRIC_REPRESENTATION_CONTEXT(2) 
PARAMETRIC_REPRESENTATION_CONTEXT() REPRESENTATION_CONTEXT('2D SPACE',''
  ) );
#483 = ORIENTED_EDGE('',*,*,#434,.T.);
#484 = ADVANCED_FACE('',(#485),#422,.T.);
#485 = FACE_BOUND('',#486,.T.);
#486 = EDGE_LOOP('',(#487));
#487 = ORIENTED_EDGE('',*,*,#400,.T.);
#488 = ADVANCED_FACE('',(#489),#472,.F.);
#489 = FACE_BOUND('',#490,.T.);
#490 = EDGE_LOOP('',(#491));
#491 = ORIENTED_EDGE('',*,*,#457,.F.);
#492 = ( GEOMETRIC_REPRESENTATION_CONTEXT(3) 
GLOBAL_UNCERTAINTY_ASSIGNED_CONTEXT((#496)) GLOBAL_UNIT_ASSIGNED_CONTEXT
((#493,#494,#495)) REPRESENTATION_CONTEXT('Context #1',
  '3D Context with UNIT and UNCERTAINTY') );
#493 = ( LENGTH_UNIT() NAMED_UNIT(*) SI_UNIT(.MILLI.,.METRE.) );
#494 = ( NAMED_UNIT(*) PLANE_ANGLE_UNIT() SI_UNIT($,.RADIAN.) );
#495 = ( NAMED_UNIT(*) SI_UNIT($,.STERADIAN.) SOLID_ANGLE_UNIT() );
#496 = UNCERTAINTY_MEASURE_WITH_UNIT(LENGTH_MEASURE(1.E-07),#493,
  'distance_accuracy_value','confusion accuracy');
#497 = CONTEXT_DEPENDENT_SHAPE_REPRESENTATION(#498,#500);
#498 = ( REPRESENTATION_RELATIONSHIP('','',#393,#96) 
REPRESENTATION_RELATIONSHIP_WITH_TRANSFORMATION(#499) 
SHAPE_REPRESENTATION_RELATIONSHIP() );
#499 = ITEM_DEFINED_TRANSFORMATION('','',#11,#105);
#500 = PRODUCT_DEFINITION_SHAPE('Placement','Placement of an item',#501
  );
#501 = NEXT_ASSEMBLY_USAGE_OCCURRENCE('125','=>[0:1:1:5]','',#91,#388,$
  );
#502 = PRODUCT_RELATED_PRODUCT_CATEGORY('part',$,(#390));
#503 = SHAPE_DEFINITION_REPRESENTATION(#504,#510);
#504 = PRODUCT_DEFINITION_SHAPE('','',#505);
#505 = PRODUCT_DEFINITION('design','',#506,#509);
#506 = PRODUCT_DEFINITION_FORMATION('','',#507);
#507 = PRODUCT('SOLID','SOLID','',(#508));
#508 = PRODUCT_CONTEXT('',#2,'mechanical');
#509 = PRODUCT_DEFINITION_CONTEXT('part definition',#2,'design');
#510 = ADVANCED_BREP_SHAPE_REPRESENTATION('',(#11,#511),#609);
#511 = MANIFOLD_SOLID_BREP('',#512);
#512 = CLOSED_SHELL('',(#513,#601,#605));
#513 = ADVANCED_FACE('',(#514),#527,.T.);
#514 = FACE_BOUND('',#515,.T.);
#515 = EDGE_LOOP('',(#516,#550,#573,#600));
#516 = ORIENTED_EDGE('',*,*,#517,.F.);
#517 = EDGE_CURVE('',#518,#518,#520,.T.);
#518 = VERTEX_POINT('',#519);
#519 = CARTESIAN_POINT('',(346.63775921003,3.502489845561E-15,
    360.78538005834));
#520 = SURFACE_CURVE('',#521,(#526,#538),.PCURVE_S1.);
#521 = CIRCLE('',#522,14.3);
#522 = AXIS2_PLACEMENT_3D('',#523,#524,#525);
#523 = CARTESIAN_POINT('',(338.82598106537,0.,372.7631144943));
#524 = DIRECTION('',(-0.837603806711,0.,-0.546278191935));
#525 = DIRECTION('',(0.546278191935,0.,-0.837603806711));
#526 = PCURVE('',#527,#532);
#527 = CYLINDRICAL_SURFACE('',#528,14.3);
#528 = AXIS2_PLACEMENT_3D('',#529,#530,#531);
#529 = CARTESIAN_POINT('',(698.10701236196,0.,607.08319589864));
#530 = DIRECTION('',(-0.837603806711,0.,-0.546278191935));
#531 = DIRECTION('',(0.546278191935,0.,-0.837603806711));
#532 = DEFINITIONAL_REPRESENTATION('',(#533),#537);
#533 = LINE('',#534,#535);
#534 = CARTESIAN_POINT('',(0.,428.93910989659));
#535 = VECTOR('',#536,1.);
#536 = DIRECTION('',(1.,0.));
#537 = ( GEOMETRIC_REPRESENTATION_CONTEXT(2) 
PARAMETRIC_REPRESENTATION_CONTEXT() REPRESENTATION_CONTEXT('2D SPACE',''
  ) );
#538 = PCURVE('',#539,#544);
#539 = PLANE('',#540);
#540 = AXIS2_PLACEMENT_3D('',#541,#542,#543);
#541 = CARTESIAN_POINT('',(338.82598106537,0.,372.7631144943));
#542 = DIRECTION('',(-0.837603806711,0.,-0.546278191935));
#543 = DIRECTION('',(0.546278191935,0.,-0.837603806711));
#544 = DEFINITIONAL_REPRESENTATION('',(#545),#549);
#545 = CIRCLE('',#546,14.3);
#546 = AXIS2_PLACEMENT_2D('',#547,#548);
#547 = CARTESIAN_POINT('',(0.,0.));
#548 = DIRECTION('',(1.,0.));
#549 = ( GEOMETRIC_REPRESENTATION_CONTEXT(2) 
PARAMETRIC_REPRESENTATION_CONTEXT() REPRESENTATION_CONTEXT('2D SPACE',''
  ) );
#550 = ORIENTED_EDGE('',*,*,#551,.F.);
#551 = EDGE_CURVE('',#552,#518,#554,.T.);
#552 = VERTEX_POINT('',#553);
#553 = CARTESIAN_POINT('',(705.91879050663,3.502489845561E-15,
    595.10546146267));
#554 = SEAM_CURVE('',#555,(#559,#566),.PCURVE_S1.);
#555 = LINE('',#556,#557);
#556 = CARTESIAN_POINT('',(705.91879050663,3.502489845561E-15,
    595.10546146267));
#557 = VECTOR('',#558,1.);
#558 = DIRECTION('',(-0.837603806711,0.,-0.546278191935));
#559 = PCURVE('',#527,#560);
#560 = DEFINITIONAL_REPRESENTATION('',(#561),#565);
#561 = LINE('',#562,#563);
#562 = CARTESIAN_POINT('',(6.28318530718,-0.));
#563 = VECTOR('',#564,1.);
#564 = DIRECTION('',(0.,1.));
#565 = ( GEOMETRIC_REPRESENTATION_CONTEXT(2) 
PARAMETRIC_REPRESENTATION_CONTEXT() REPRESENTATION_CONTEXT('2D SPACE',''
  ) );
#566 = PCURVE('',#527,#567);
#567 = DEFINITIONAL_REPRESENTATION('',(#568),#572);
#568 = LINE('',#569,#570);
#569 = CARTESIAN_POINT('',(0.,-0.));
#570 = VECTOR('',#571,1.);
#571 = DIRECTION('',(0.,1.));
#572 = ( GEOMETRIC_REPRESENTATION_CONTEXT(2) 
PARAMETRIC_REPRESENTATION_CONTEXT() REPRESENTATION_CONTEXT('2D SPACE',''
  ) );
#573 = ORIENTED_EDGE('',*,*,#574,.T.);
#574 = EDGE_CURVE('',#552,#552,#575,.T.);
#575 = SURFACE_CURVE('',#576,(#581,#588),.PCURVE_S1.);
#576 = CIRCLE('',#577,14.3);
#577 = AXIS2_PLACEMENT_3D('',#578,#579,#580);
#578 = CARTESIAN_POINT('',(698.10701236196,0.,607.08319589864));
#579 = DIRECTION('',(-0.837603806711,0.,-0.546278191935));
#580 = DIRECTION('',(0.546278191935,0.,-0.837603806711));
#581 = PCURVE('',#527,#582);
#582 = DEFINITIONAL_REPRESENTATION('',(#583),#587);
#583 = LINE('',#584,#585);
#584 = CARTESIAN_POINT('',(0.,0.));
#585 = VECTOR('',#586,1.);
#586 = DIRECTION('',(1.,0.));
#587 = ( GEOMETRIC_REPRESENTATION_CONTEXT(2) 
PARAMETRIC_REPRESENTATION_CONTEXT() REPRESENTATION_CONTEXT('2D SPACE',''
  ) );
#588 = PCURVE('',#589,#594);
#589 = PLANE('',#590);
#590 = AXIS2_PLACEMENT_3D('',#591,#592,#593);
#591 = CARTESIAN_POINT('',(698.10701236196,0.,607.08319589864));
#592 = DIRECTION('',(-0.837603806711,0.,-0.546278191935));
#593 = DIRECTION('',(0.546278191935,0.,-0.837603806711));
#594 = DEFINITIONAL_REPRESENTATION('',(#595),#599);
#595 = CIRCLE('',#596,14.3);
#596 = AXIS2_PLACEMENT_2D('',#597,#598);
#597 = CARTESIAN_POINT('',(0.,0.));
#598 = DIRECTION('',(1.,0.));
#599 = ( GEOMETRIC_REPRESENTATION_CONTEXT(2) 
PARAMETRIC_REPRESENTATION_CONTEXT() REPRESENTATION_CONTEXT('2D SPACE',''
  ) );
#600 = ORIENTED_EDGE('',*,*,#551,.T.);
#601 = ADVANCED_FACE('',(#602),#539,.T.);
#602 = FACE_BOUND('',#603,.T.);
#603 = EDGE_LOOP('',(#604));
#604 = ORIENTED_EDGE('',*,*,#517,.T.);
#605 = ADVANCED_FACE('',(#606),#589,.F.);
#606 = FACE_BOUND('',#607,.T.);
#607 = EDGE_LOOP('',(#608));
#608 = ORIENTED_EDGE('',*,*,#574,.F.);
#609 = ( GEOMETRIC_REPRESENTATION_CONTEXT(3) 
GLOBAL_UNCERTAINTY_ASSIGNED_CONTEXT((#613)) GLOBAL_UNIT_ASSIGNED_CONTEXT
((#610,#611,#612)) REPRESENTATION_CONTEXT('Context #1',
  '3D Context with UNIT and UNCERTAINTY') );
#610 = ( LENGTH_UNIT() NAMED_UNIT(*) SI_UNIT(.MILLI.,.METRE.) );
#611 = ( NAMED_UNIT(*) PLANE_ANGLE_UNIT() SI_UNIT($,.RADIAN.) );
#612 = ( NAMED_UNIT(*) SI_UNIT($,.STERADIAN.) SOLID_ANGLE_UNIT() );
#613 = UNCERTAINTY_MEASURE_WITH_UNIT(LENGTH_MEASURE(1.E-07),#610,
  'distance_accuracy_value','confusion accuracy');
#614 = CONTEXT_DEPENDENT_SHAPE_REPRESENTATION(#615,#617);
#615 = ( REPRESENTATION_RELATIONSHIP('','',#510,#96) 
REPRESENTATION_RELATIONSHIP_WITH_TRANSFORMATION(#616) 
SHAPE_REPRESENTATION_RELATIONSHIP() );
#616 = ITEM_DEFINED_TRANSFORMATION('','',#11,#109);
#617 = PRODUCT_DEFINITION_SHAPE('Placement','Placement of an item',#618
  );
#618 = NEXT_ASSEMBLY_USAGE_OCCURRENCE('126','=>[0:1:1:6]','',#91,#505,$
  );
#619 = PRODUCT_RELATED_PRODUCT_CATEGORY('part',$,(#507));
#620 = SHAPE_DEFINITION_REPRESENTATION(#621,#627);
#621 = PRODUCT_DEFINITION_SHAPE('','',#622);
#622 = PRODUCT_DEFINITION('design','',#623,#626);
#623 = PRODUCT_DEFINITION_FORMATION('','',#624);
#624 = PRODUCT('SOLID','SOLID','',(#625));
#625 = PRODUCT_CONTEXT('',#2,'mechanical');
#626 = PRODUCT_DEFINITION_CONTEXT('part definition',#2,'design');
#627 = ADVANCED_BREP_SHAPE_REPRESENTATION('',(#11,#628),#726);
#628 = MANIFOLD_SOLID_BREP('',#629);
#629 = CLOSED_SHELL('',(#630,#718,#722));
#630 = ADVANCED_FACE('',(#631),#644,.T.);
#631 = FACE_BOUND('',#632,.T.);
#632 = EDGE_LOOP('',(#633,#667,#690,#717));
#633 = ORIENTED_EDGE('',*,*,#634,.F.);
#634 = EDGE_CURVE('',#635,#635,#637,.T.);
#635 = VERTEX_POINT('',#636);
#636 = CARTESIAN_POINT('',(379.86839826445,34.,280.));
#637 = SURFACE_CURVE('',#638,(#643,#655),.PCURVE_S1.);
#638 = CIRCLE('',#639,20.);
#639 = AXIS2_PLACEMENT_3D('',#640,#641,#642);
#640 = CARTESIAN_POINT('',(379.86839826445,34.,260.));
#641 = DIRECTION('',(0.,1.,0.));
#642 = DIRECTION('',(0.,-0.,1.));
#643 = PCURVE('',#644,#649);
#644 = CYLINDRICAL_SURFACE('',#645,20.);
#645 = AXIS2_PLACEMENT_3D('',#646,#647,#648);
#646 = CARTESIAN_POINT('',(379.86839826445,-34.,260.));
#647 = DIRECTION('',(0.,1.,0.));
#648 = DIRECTION('',(0.,-0.,1.));
#649 = DEFINITIONAL_REPRESENTATION('',(#650),#654);
#650 = LINE('',#651,#652);
#651 = CARTESIAN_POINT('',(0.,68.));
#652 = VECTOR('',#653,1.);
#653 = DIRECTION('',(1.,0.));
#654 = ( GEOMETRIC_REPRESENTATION_CONTEXT(2) 
PARAMETRIC_REPRESENTATION_CONTEXT() REPRESENTATION_CONTEXT('2D SPACE',''
  ) );
#655 = PCURVE('',#656,#661);
#656 = PLANE('',#657);
#657 = AXIS2_PLACEMENT_3D('',#658,#659,#660);
#658 = CARTESIAN_POINT('',(379.86839826445,34.,260.));
#659 = DIRECTION('',(0.,1.,0.));
#660 = DIRECTION('',(0.,-0.,1.));
#661 = DEFINITIONAL_REPRESENTATION('',(#662),#666);
#662 = CIRCLE('',#663,20.);
#663 = AXIS2_PLACEMENT_2D('',#664,#665);
#664 = CARTESIAN_POINT('',(0.,0.));
#665 = DIRECTION('',(1.,0.));
#666 = ( GEOMETRIC_REPRESENTATION_CONTEXT(2) 
PARAMETRIC_REPRESENTATION_CONTEXT() REPRESENTATION_CONTEXT('2D SPACE',''
  ) );
#667 = ORIENTED_EDGE('',*,*,#668,.F.);
#668 = EDGE_CURVE('',#669,#635,#671,.T.);
#669 = VERTEX_POINT('',#670);
#670 = CARTESIAN_POINT('',(379.86839826445,-34.,280.));
#671 = SEAM_CURVE('',#672,(#676,#683),.PCURVE_S1.);
#672 = LINE('',#673,#674);
#673 = CARTESIAN_POINT('',(379.86839826445,-34.,280.));
#674 = VECTOR('',#675,1.);
#675 = DIRECTION('',(0.,1.,0.));
#676 = PCURVE('',#644,#677);
#677 = DEFINITIONAL_REPRESENTATION('',(#678),#682);
#678 = LINE('',#679,#680);
#679 = CARTESIAN_POINT('',(6.28318530718,-0.));
#680 = VECTOR('',#681,1.);
#681 = DIRECTION('',(0.,1.));
#682 = ( GEOMETRIC_REPRESENTATION_CONTEXT(2) 
PARAMETRIC_REPRESENTATION_CONTEXT() REPRESENTATION_CONTEXT('2D SPACE',''
  ) );
#683 = PCURVE('',#644,#684);
#684 = DEFINITIONAL_REPRESENTATION('',(#685),#689);
#685 = LINE('',#686,#687);
#686 = CARTESIAN_POINT('',(0.,-0.));
#687 = VECTOR('',#688,1.);
#688 = DIRECTION('',(0.,1.));
#689 = ( GEOMETRIC_REPRESENTATION_CONTEXT(2) 
PARAMETRIC_REPRESENTATION_CONTEXT() REPRESENTATION_CONTEXT('2D SPACE',''
  ) );
#690 = ORIENTED_EDGE('',*,*,#691,.T.);
#691 = EDGE_CURVE('',#669,#669,#692,.T.);
#692 = SURFACE_CURVE('',#693,(#698,#705),.PCURVE_S1.);
#693 = CIRCLE('',#694,20.);
#694 = AXIS2_PLACEMENT_3D('',#695,#696,#697);
#695 = CARTESIAN_POINT('',(379.86839826445,-34.,260.));
#696 = DIRECTION('',(0.,1.,0.));
#697 = DIRECTION('',(0.,-0.,1.));
#698 = PCURVE('',#644,#699);
#699 = DEFINITIONAL_REPRESENTATION('',(#700),#704);
#700 = LINE('',#701,#702);
#701 = CARTESIAN_POINT('',(0.,0.));
#702 = VECTOR('',#703,1.);
#703 = DIRECTION('',(1.,0.));
#704 = ( GEOMETRIC_REPRESENTATION_CONTEXT(2) 
PARAMETRIC_REPRESENTATION_CONTEXT() REPRESENTATION_CONTEXT('2D SPACE',''
  ) );
#705 = PCURVE('',#706,#711);
#706 = PLANE('',#707);
#707 = AXIS2_PLACEMENT_3D('',#708,#709,#710);
#708 = CARTESIAN_POINT('',(379.86839826445,-34.,260.));
#709 = DIRECTION('',(0.,1.,0.));
#710 = DIRECTION('',(0.,-0.,1.));
#711 = DEFINITIONAL_REPRESENTATION('',(#712),#716);
#712 = CIRCLE('',#713,20.);
#713 = AXIS2_PLACEMENT_2D('',#714,#715);
#714 = CARTESIAN_POINT('',(0.,0.));
#715 = DIRECTION('',(1.,0.));
#716 = ( GEOMETRIC_REPRESENTATION_CONTEXT(2) 
PARAMETRIC_REPRESENTATION_CONTEXT() REPRESENTATION_CONTEXT('2D SPACE',''
  ) );
#717 = ORIENTED_EDGE('',*,*,#668,.T.);
#718 = ADVANCED_FACE('',(#719),#656,.T.);
#719 = FACE_BOUND('',#720,.T.);
#720 = EDGE_LOOP('',(#721));
#721 = ORIENTED_EDGE('',*,*,#634,.T.);
#722 = ADVANCED_FACE('',(#723),#706,.F.);
#723 = FACE_BOUND('',#724,.T.);
#724 = EDGE_LOOP('',(#725));
#725 = ORIENTED_EDGE('',*,*,#691,.F.);
#726 = ( GEOMETRIC_REPRESENTATION_CONTEXT(3) 
GLOBAL_UNCERTAINTY_ASSIGNED_CONTEXT((#730)) GLOBAL_UNIT_ASSIGNED_CONTEXT
((#727,#728,#729)) REPRESENTATION_CONTEXT('Context #1',
  '3D Context with UNIT and UNCERTAINTY') );
#727 = ( LENGTH_UNIT() NAMED_UNIT(*) SI_UNIT(.MILLI.,.METRE.) );
#728 = ( NAMED_UNIT(*) PLANE_ANGLE_UNIT() SI_UNIT($,.RADIAN.) );
#729 = ( NAMED_UNIT(*) SI_UNIT($,.STERADIAN.) SOLID_ANGLE_UNIT() );
#730 = UNCERTAINTY_MEASURE_WITH_UNIT(LENGTH_MEASURE(1.E-07),#727,
  'distance_accuracy_value','confusion accuracy');
#731 = CONTEXT_DEPENDENT_SHAPE_REPRESENTATION(#732,#734);
#732 = ( REPRESENTATION_RELATIONSHIP('','',#627,#96) 
REPRESENTATION_RELATIONSHIP_WITH_TRANSFORMATION(#733) 
SHAPE_REPRESENTATION_RELATIONSHIP() );
#733 = ITEM_DEFINED_TRANSFORMATION('','',#11,#113);
#734 = PRODUCT_DEFINITION_SHAPE('Placement','Placement of an item',#735
  );
#735 = NEXT_ASSEMBLY_USAGE_OCCURRENCE('127','=>[0:1:1:7]','',#91,#622,$
  );
#736 = PRODUCT_RELATED_PRODUCT_CATEGORY('part',$,(#624));
#737 = SHAPE_DEFINITION_REPRESENTATION(#738,#744);
#738 = PRODUCT_DEFINITION_SHAPE('','',#739);
#739 = PRODUCT_DEFINITION('design','',#740,#743);
#740 = PRODUCT_DEFINITION_FORMATION('','',#741);
#741 = PRODUCT('SOLID','SOLID','',(#742));
#742 = PRODUCT_CONTEXT('',#2,'mechanical');
#743 = PRODUCT_DEFINITION_CONTEXT('part definition',#2,'design');
#744 = ADVANCED_BREP_SHAPE_REPRESENTATION('',(#11,#745),#843);
#745 = MANIFOLD_SOLID_BREP('',#746);
#746 = CLOSED_SHELL('',(#747,#835,#839));
#747 = ADVANCED_FACE('',(#748),#761,.T.);
#748 = FACE_BOUND('',#749,.T.);
#749 = EDGE_LOOP('',(#750,#784,#807,#834));
#750 = ORIENTED_EDGE('',*,*,#751,.F.);
#751 = EDGE_CURVE('',#752,#752,#754,.T.);
#752 = VERTEX_POINT('',#753);
#753 = CARTESIAN_POINT('',(0.747931030541,-64.47051208613,250.));
#754 = SURFACE_CURVE('',#755,(#760,#772),.PCURVE_S1.);
#755 = CIRCLE('',#756,9.5);
#756 = AXIS2_PLACEMENT_3D('',#757,#758,#759);
#757 = CARTESIAN_POINT('',(0.,-55.,250.));
#758 = DIRECTION('',(-0.996552902531,-7.870248542001E-02,
    -2.623416180667E-02));
#759 = DIRECTION('',(7.872958216222E-02,-0.996896009066,
    8.673617379884E-19));
#760 = PCURVE('',#761,#766);
#761 = CYLINDRICAL_SURFACE('',#762,9.5);
#762 = AXIS2_PLACEMENT_3D('',#763,#764,#765);
#763 = CARTESIAN_POINT('',(379.86839826445,-25.,260.));
#764 = DIRECTION('',(-0.996552902531,-7.870248542001E-02,
    -2.623416180667E-02));
#765 = DIRECTION('',(7.872958216222E-02,-0.996896009066,
    4.336808689942E-19));
#766 = DEFINITIONAL_REPRESENTATION('',(#767),#771);
#767 = LINE('',#768,#769);
#768 = CARTESIAN_POINT('',(0.,381.18237105091));
#769 = VECTOR('',#770,1.);
#770 = DIRECTION('',(1.,0.));
#771 = ( GEOMETRIC_REPRESENTATION_CONTEXT(2) 
PARAMETRIC_REPRESENTATION_CONTEXT() REPRESENTATION_CONTEXT('2D SPACE',''
  ) );
#772 = PCURVE('',#773,#778);
#773 = PLANE('',#774);
#774 = AXIS2_PLACEMENT_3D('',#775,#776,#777);
#775 = CARTESIAN_POINT('',(0.,-55.,250.));
#776 = DIRECTION('',(-0.996552902531,-7.870248542001E-02,
    -2.623416180667E-02));
#777 = DIRECTION('',(7.872958216222E-02,-0.996896009066,
    4.336808689942E-19));
#778 = DEFINITIONAL_REPRESENTATION('',(#779),#783);
#779 = CIRCLE('',#780,9.5);
#780 = AXIS2_PLACEMENT_2D('',#781,#782);
#781 = CARTESIAN_POINT('',(0.,0.));
#782 = DIRECTION('',(1.,0.));
#783 = ( GEOMETRIC_REPRESENTATION_CONTEXT(2) 
PARAMETRIC_REPRESENTATION_CONTEXT() REPRESENTATION_CONTEXT('2D SPACE',''
  ) );
#784 = ORIENTED_EDGE('',*,*,#785,.F.);
#785 = EDGE_CURVE('',#786,#752,#788,.T.);
#786 = VERTEX_POINT('',#787);
#787 = CARTESIAN_POINT('',(380.61632929499,-34.47051208613,260.));
#788 = SEAM_CURVE('',#789,(#793,#800),.PCURVE_S1.);
#789 = LINE('',#790,#791);
#790 = CARTESIAN_POINT('',(380.61632929499,-34.47051208613,260.));
#791 = VECTOR('',#792,1.);
#792 = DIRECTION('',(-0.996552902531,-7.870248542001E-02,
    -2.623416180667E-02));
#793 = PCURVE('',#761,#794);
#794 = DEFINITIONAL_REPRESENTATION('',(#795),#799);
#795 = LINE('',#796,#797);
#796 = CARTESIAN_POINT('',(6.28318530718,-0.));
#797 = VECTOR('',#798,1.);
#798 = DIRECTION('',(0.,1.));
#799 = ( GEOMETRIC_REPRESENTATION_CONTEXT(2) 
PARAMETRIC_REPRESENTATION_CONTEXT() REPRESENTATION_CONTEXT('2D SPACE',''
  ) );
#800 = PCURVE('',#761,#801);
#801 = DEFINITIONAL_REPRESENTATION('',(#802),#806);
#802 = LINE('',#803,#804);
#803 = CARTESIAN_POINT('',(0.,-0.));
#804 = VECTOR('',#805,1.);
#805 = DIRECTION('',(0.,1.));
#806 = ( GEOMETRIC_REPRESENTATION_CONTEXT(2) 
PARAMETRIC_REPRESENTATION_CONTEXT() REPRESENTATION_CONTEXT('2D SPACE',''
  ) );
#807 = ORIENTED_EDGE('',*,*,#808,.T.);
#808 = EDGE_CURVE('',#786,#786,#809,.T.);
#809 = SURFACE_CURVE('',#810,(#815,#822),.PCURVE_S1.);
#810 = CIRCLE('',#811,9.5);
#811 = AXIS2_PLACEMENT_3D('',#812,#813,#814);
#812 = CARTESIAN_POINT('',(379.86839826445,-25.,260.));
#813 = DIRECTION('',(-0.996552902531,-7.870248542001E-02,
    -2.623416180667E-02));
#814 = DIRECTION('',(7.872958216222E-02,-0.996896009066,
    8.673617379884E-19));
#815 = PCURVE('',#761,#816);
#816 = DEFINITIONAL_REPRESENTATION('',(#817),#821);
#817 = LINE('',#818,#819);
#818 = CARTESIAN_POINT('',(0.,0.));
#819 = VECTOR('',#820,1.);
#820 = DIRECTION('',(1.,0.));
#821 = ( GEOMETRIC_REPRESENTATION_CONTEXT(2) 
PARAMETRIC_REPRESENTATION_CONTEXT() REPRESENTATION_CONTEXT('2D SPACE',''
  ) );
#822 = PCURVE('',#823,#828);
#823 = PLANE('',#824);
#824 = AXIS2_PLACEMENT_3D('',#825,#826,#827);
#825 = CARTESIAN_POINT('',(379.86839826445,-25.,260.));
#826 = DIRECTION('',(-0.996552902531,-7.870248542001E-02,
    -2.623416180667E-02));
#827 = DIRECTION('',(7.872958216222E-02,-0.996896009066,
    4.336808689942E-19));
#828 = DEFINITIONAL_REPRESENTATION('',(#829),#833);
#829 = CIRCLE('',#830,9.5);
#830 = AXIS2_PLACEMENT_2D('',#831,#832);
#831 = CARTESIAN_POINT('',(0.,0.));
#832 = DIRECTION('',(1.,0.));
#833 = ( GEOMETRIC_REPRESENTATION_CONTEXT(2) 
PARAMETRIC_REPRESENTATION_CONTEXT() REPRESENTATION_CONTEXT('2D SPACE',''
  ) );
#834 = ORIENTED_EDGE('',*,*,#785,.T.);
#835 = ADVANCED_FACE('',(#836),#773,.T.);
#836 = FACE_BOUND('',#837,.T.);
#837 = EDGE_LOOP('',(#838));
#838 = ORIENTED_EDGE('',*,*,#751,.T.);
#839 = ADVANCED_FACE('',(#840),#823,.F.);
#840 = FACE_BOUND('',#841,.T.);
#841 = EDGE_LOOP('',(#842));
#842 = ORIENTED_EDGE('',*,*,#808,.F.);
#843 = ( GEOMETRIC_REPRESENTATION_CONTEXT(3) 
GLOBAL_UNCERTAINTY_ASSIGNED_CONTEXT((#847)) GLOBAL_UNIT_ASSIGNED_CONTEXT
((#844,#845,#846)) REPRESENTATION_CONTEXT('Context #1',
  '3D Context with UNIT and UNCERTAINTY') );
#844 = ( LENGTH_UNIT() NAMED_UNIT(*) SI_UNIT(.MILLI.,.METRE.) );
#845 = ( NAMED_UNIT(*) PLANE_ANGLE_UNIT() SI_UNIT($,.RADIAN.) );
#846 = ( NAMED_UNIT(*) SI_UNIT($,.STERADIAN.) SOLID_ANGLE_UNIT() );
#847 = UNCERTAINTY_MEASURE_WITH_UNIT(LENGTH_MEASURE(1.E-07),#844,
  'distance_accuracy_value','confusion accuracy');
#848 = CONTEXT_DEPENDENT_SHAPE_REPRESENTATION(#849,#851);
#849 = ( REPRESENTATION_RELATIONSHIP('','',#744,#96) 
REPRESENTATION_RELATIONSHIP_WITH_TRANSFORMATION(#850) 
SHAPE_REPRESENTATION_RELATIONSHIP() );
#850 = ITEM_DEFINED_TRANSFORMATION('','',#11,#117);
#851 = PRODUCT_DEFINITION_SHAPE('Placement','Placement of an item',#852
  );
#852 = NEXT_ASSEMBLY_USAGE_OCCURRENCE('128','=>[0:1:1:8]','',#91,#739,$
  );
#853 = PRODUCT_RELATED_PRODUCT_CATEGORY('part',$,(#741));
#854 = SHAPE_DEFINITION_REPRESENTATION(#855,#861);
#855 = PRODUCT_DEFINITION_SHAPE('','',#856);
#856 = PRODUCT_DEFINITION('design','',#857,#860);
#857 = PRODUCT_DEFINITION_FORMATION('','',#858);
#858 = PRODUCT('SOLID','SOLID','',(#859));
#859 = PRODUCT_CONTEXT('',#2,'mechanical');
#860 = PRODUCT_DEFINITION_CONTEXT('part definition',#2,'design');
#861 = ADVANCED_BREP_SHAPE_REPRESENTATION('',(#11,#862),#960);
#862 = MANIFOLD_SOLID_BREP('',#863);
#863 = CLOSED_SHELL('',(#864,#952,#956));
#864 = ADVANCED_FACE('',(#865),#878,.T.);
#865 = FACE_BOUND('',#866,.T.);
#866 = EDGE_LOOP('',(#867,#901,#924,#951));
#867 = ORIENTED_EDGE('',*,*,#868,.F.);
#868 = EDGE_CURVE('',#869,#869,#871,.T.);
#869 = VERTEX_POINT('',#870);
#870 = CARTESIAN_POINT('',(-0.747931030541,45.529487913869,250.));
#871 = SURFACE_CURVE('',#872,(#877,#889),.PCURVE_S1.);
#872 = CIRCLE('',#873,9.5);
#873 = AXIS2_PLACEMENT_3D('',#874,#875,#876);
#874 = CARTESIAN_POINT('',(0.,55.,250.));
#875 = DIRECTION('',(-0.996552902531,7.870248542001E-02,
    -2.623416180667E-02));
#876 = DIRECTION('',(-7.872958216222E-02,-0.996896009066,
    -8.673617379884E-19));
#877 = PCURVE('',#878,#883);
#878 = CYLINDRICAL_SURFACE('',#879,9.5);
#879 = AXIS2_PLACEMENT_3D('',#880,#881,#882);
#880 = CARTESIAN_POINT('',(379.86839826445,25.,260.));
#881 = DIRECTION('',(-0.996552902531,7.870248542001E-02,
    -2.623416180667E-02));
#882 = DIRECTION('',(-7.872958216222E-02,-0.996896009066,
    -4.336808689942E-19));
#883 = DEFINITIONAL_REPRESENTATION('',(#884),#888);
#884 = LINE('',#885,#886);
#885 = CARTESIAN_POINT('',(0.,381.18237105091));
#886 = VECTOR('',#887,1.);
#887 = DIRECTION('',(1.,0.));
#888 = ( GEOMETRIC_REPRESENTATION_CONTEXT(2) 
PARAMETRIC_REPRESENTATION_CONTEXT() REPRESENTATION_CONTEXT('2D SPACE',''
  ) );
#889 = PCURVE('',#890,#895);
#890 = PLANE('',#891);
#891 = AXIS2_PLACEMENT_3D('',#892,#893,#894);
#892 = CARTESIAN_POINT('',(0.,55.,250.));
#893 = DIRECTION('',(-0.996552902531,7.870248542001E-02,
    -2.623416180667E-02));
#894 = DIRECTION('',(-7.872958216222E-02,-0.996896009066,
    -4.336808689942E-19));
#895 = DEFINITIONAL_REPRESENTATION('',(#896),#900);
#896 = CIRCLE('',#897,9.5);
#897 = AXIS2_PLACEMENT_2D('',#898,#899);
#898 = CARTESIAN_POINT('',(0.,0.));
#899 = DIRECTION('',(1.,0.));
#900 = ( GEOMETRIC_REPRESENTATION_CONTEXT(2) 
PARAMETRIC_REPRESENTATION_CONTEXT() REPRESENTATION_CONTEXT('2D SPACE',''
  ) );
#901 = ORIENTED_EDGE('',*,*,#902,.F.);
#902 = EDGE_CURVE('',#903,#869,#905,.T.);
#903 = VERTEX_POINT('',#904);
#904 = CARTESIAN_POINT('',(379.12046723391,15.529487913869,260.));
#905 = SEAM_CURVE('',#906,(#910,#917),.PCURVE_S1.);
#906 = LINE('',#907,#908);
#907 = CARTESIAN_POINT('',(379.12046723391,15.529487913869,260.));
#908 = VECTOR('',#909,1.);
#909 = DIRECTION('',(-0.996552902531,7.870248542001E-02,
    -2.623416180667E-02));
#910 = PCURVE('',#878,#911);
#911 = DEFINITIONAL_REPRESENTATION('',(#912),#916);
#912 = LINE('',#913,#914);
#913 = CARTESIAN_POINT('',(6.28318530718,-0.));
#914 = VECTOR('',#915,1.);
#915 = DIRECTION('',(0.,1.));
#916 = ( GEOMETRIC_REPRESENTATION_CONTEXT(2) 
PARAMETRIC_REPRESENTATION_CONTEXT() REPRESENTATION_CONTEXT('2D SPACE',''
  ) );
#917 = PCURVE('',#878,#918);
#918 = DEFINITIONAL_REPRESENTATION('',(#919),#923);
#919 = LINE('',#920,#921);
#920 = CARTESIAN_POINT('',(0.,-0.));
#921 = VECTOR('',#922,1.);
#922 = DIRECTION('',(0.,1.));
#923 = ( GEOMETRIC_REPRESENTATION_CONTEXT(2) 
PARAMETRIC_REPRESENTATION_CONTEXT() REPRESENTATION_CONTEXT('2D SPACE',''
  ) );
#924 = ORIENTED_EDGE('',*,*,#925,.T.);
#925 = EDGE_CURVE('',#903,#903,#926,.T.);
#926 = SURFACE_CURVE('',#927,(#932,#939),.PCURVE_S1.);
#927 = CIRCLE('',#928,9.5);
#928 = AXIS2_PLACEMENT_3D('',#929,#930,#931);
#929 = CARTESIAN_POINT('',(379.86839826445,25.,260.));
#930 = DIRECTION('',(-0.996552902531,7.870248542001E-02,
    -2.623416180667E-02));
#931 = DIRECTION('',(-7.872958216222E-02,-0.996896009066,
    -8.673617379884E-19));
#932 = PCURVE('',#878,#933);
#933 = DEFINITIONAL_REPRESENTATION('',(#934),#938);
#934 = LINE('',#935,#936);
#935 = CARTESIAN_POINT('',(0.,0.));
#936 = VECTOR('',#937,1.);
#937 = DIRECTION('',(1.,0.));
#938 = ( GEOMETRIC_REPRESENTATION_CONTEXT(2) 
PARAMETRIC_REPRESENTATION_CONTEXT() REPRESENTATION_CONTEXT('2D SPACE',''
  ) );
#939 = PCURVE('',#940,#945);
#940 = PLANE('',#941);
#941 = AXIS2_PLACEMENT_3D('',#942,#943,#944);
#942 = CARTESIAN_POINT('',(379.86839826445,25.,260.));
#943 = DIRECTION('',(-0.996552902531,7.870248542001E-02,
    -2.623416180667E-02));
#944 = DIRECTION('',(-7.872958216222E-02,-0.996896009066,
    -4.336808689942E-19));
#945 = DEFINITIONAL_REPRESENTATION('',(#946),#950);
#946 = CIRCLE('',#947,9.5);
#947 = AXIS2_PLACEMENT_2D('',#948,#949);
#948 = CARTESIAN_POINT('',(0.,0.));
#949 = DIRECTION('',(1.,0.));
#950 = ( GEOMETRIC_REPRESENTATION_CONTEXT(2) 
PARAMETRIC_REPRESENTATION_CONTEXT() REPRESENTATION_CONTEXT('2D SPACE',''
  ) );
#951 = ORIENTED_EDGE('',*,*,#902,.T.);
#952 = ADVANCED_FACE('',(#953),#890,.T.);
#953 = FACE_BOUND('',#954,.T.);
#954 = EDGE_LOOP('',(#955));
#955 = ORIENTED_EDGE('',*,*,#868,.T.);
#956 = ADVANCED_FACE('',(#957),#940,.F.);
#957 = FACE_BOUND('',#958,.T.);
#958 = EDGE_LOOP('',(#959));
#959 = ORIENTED_EDGE('',*,*,#925,.F.);
#960 = ( GEOMETRIC_REPRESENTATION_CONTEXT(3) 
GLOBAL_UNCERTAINTY_ASSIGNED_CONTEXT((#964)) GLOBAL_UNIT_ASSIGNED_CONTEXT
((#961,#962,#963)) REPRESENTATION_CONTEXT('Context #1',
  '3D Context with UNIT and UNCERTAINTY') );
#961 = ( LENGTH_UNIT() NAMED_UNIT(*) SI_UNIT(.MILLI.,.METRE.) );
#962 = ( NAMED_UNIT(*) PLANE_ANGLE_UNIT() SI_UNIT($,.RADIAN.) );
#963 = ( NAMED_UNIT(*) SI_UNIT($,.STERADIAN.) SOLID_ANGLE_UNIT() );
#964 = UNCERTAINTY_MEASURE_WITH_UNIT(LENGTH_MEASURE(1.E-07),#961,
  'distance_accuracy_value','confusion accuracy');
#965 = CONTEXT_DEPENDENT_SHAPE_REPRESENTATION(#966,#968);
#966 = ( REPRESENTATION_RELATIONSHIP('','',#861,#96) 
REPRESENTATION_RELATIONSHIP_WITH_TRANSFORMATION(#967) 
SHAPE_REPRESENTATION_RELATIONSHIP() );
#967 = ITEM_DEFINED_TRANSFORMATION('','',#11,#121);
#968 = PRODUCT_DEFINITION_SHAPE('Placement','Placement of an item',#969
  );
#969 = NEXT_ASSEMBLY_USAGE_OCCURRENCE('129','=>[0:1:1:9]','',#91,#856,$
  );
#970 = PRODUCT_RELATED_PRODUCT_CATEGORY('part',$,(#858));
#971 = SHAPE_DEFINITION_REPRESENTATION(#972,#978);
#972 = PRODUCT_DEFINITION_SHAPE('','',#973);
#973 = PRODUCT_DEFINITION('design','',#974,#977);
#974 = PRODUCT_DEFINITION_FORMATION('','',#975);
#975 = PRODUCT('SOLID','SOLID','',(#976));
#976 = PRODUCT_CONTEXT('',#2,'mechanical');
#977 = PRODUCT_DEFINITION_CONTEXT('part definition',#2,'design');
#978 = ADVANCED_BREP_SHAPE_REPRESENTATION('',(#11,#979),#1077);
#979 = MANIFOLD_SOLID_BREP('',#980);
#980 = CLOSED_SHELL('',(#981,#1069,#1073));
#981 = ADVANCED_FACE('',(#982),#995,.T.);
#982 = FACE_BOUND('',#983,.T.);
#983 = EDGE_LOOP('',(#984,#1018,#1041,#1068));
#984 = ORIENTED_EDGE('',*,*,#985,.F.);
#985 = EDGE_CURVE('',#986,#986,#988,.T.);
#986 = VERTEX_POINT('',#987);
#987 = CARTESIAN_POINT('',(5.265044105303,-55.,243.97676909215));
#988 = SURFACE_CURVE('',#989,(#994,#1006),.PCURVE_S1.);
#989 = CIRCLE('',#990,8.);
#990 = AXIS2_PLACEMENT_3D('',#991,#992,#993);
#991 = CARTESIAN_POINT('',(0.,-55.,250.));
#992 = DIRECTION('',(-0.749476169456,-9.531283765039E-02,-0.655134287301
    ));
#993 = DIRECTION('',(0.658130513163,0.,-0.752903863481));
#994 = PCURVE('',#995,#1000);
#995 = CYLINDRICAL_SURFACE('',#996,8.);
#996 = AXIS2_PLACEMENT_3D('',#997,#998,#999);
#997 = CARTESIAN_POINT('',(290.94316099977,-18.,504.32008140433));
#998 = DIRECTION('',(-0.749476169456,-9.531283765039E-02,-0.655134287301
    ));
#999 = DIRECTION('',(0.658130513163,0.,-0.752903863481));
#1000 = DEFINITIONAL_REPRESENTATION('',(#1001),#1005);
#1001 = LINE('',#1002,#1003);
#1002 = CARTESIAN_POINT('',(0.,388.1953461056));
#1003 = VECTOR('',#1004,1.);
#1004 = DIRECTION('',(1.,0.));
#1005 = ( GEOMETRIC_REPRESENTATION_CONTEXT(2) 
PARAMETRIC_REPRESENTATION_CONTEXT() REPRESENTATION_CONTEXT('2D SPACE',''
  ) );
#1006 = PCURVE('',#1007,#1012);
#1007 = PLANE('',#1008);
#1008 = AXIS2_PLACEMENT_3D('',#1009,#1010,#1011);
#1009 = CARTESIAN_POINT('',(0.,-55.,250.));
#1010 = DIRECTION('',(-0.749476169456,-9.531283765039E-02,
    -0.655134287301));
#1011 = DIRECTION('',(0.658130513163,0.,-0.752903863481));
#1012 = DEFINITIONAL_REPRESENTATION('',(#1013),#1017);
#1013 = CIRCLE('',#1014,8.);
#1014 = AXIS2_PLACEMENT_2D('',#1015,#1016);
#1015 = CARTESIAN_POINT('',(0.,0.));
#1016 = DIRECTION('',(1.,0.));
#1017 = ( GEOMETRIC_REPRESENTATION_CONTEXT(2) 
PARAMETRIC_REPRESENTATION_CONTEXT() REPRESENTATION_CONTEXT('2D SPACE',''
  ) );
#1018 = ORIENTED_EDGE('',*,*,#1019,.F.);
#1019 = EDGE_CURVE('',#1020,#986,#1022,.T.);
#1020 = VERTEX_POINT('',#1021);
#1021 = CARTESIAN_POINT('',(296.20820510508,-18.,498.29685049649));
#1022 = SEAM_CURVE('',#1023,(#1027,#1034),.PCURVE_S1.);
#1023 = LINE('',#1024,#1025);
#1024 = CARTESIAN_POINT('',(296.20820510508,-18.,498.29685049649));
#1025 = VECTOR('',#1026,1.);
#1026 = DIRECTION('',(-0.749476169456,-9.531283765039E-02,
    -0.655134287301));
#1027 = PCURVE('',#995,#1028);
#1028 = DEFINITIONAL_REPRESENTATION('',(#1029),#1033);
#1029 = LINE('',#1030,#1031);
#1030 = CARTESIAN_POINT('',(6.28318530718,-0.));
#1031 = VECTOR('',#1032,1.);
#1032 = DIRECTION('',(0.,1.));
#1033 = ( GEOMETRIC_REPRESENTATION_CONTEXT(2) 
PARAMETRIC_REPRESENTATION_CONTEXT() REPRESENTATION_CONTEXT('2D SPACE',''
  ) );
#1034 = PCURVE('',#995,#1035);
#1035 = DEFINITIONAL_REPRESENTATION('',(#1036),#1040);
#1036 = LINE('',#1037,#1038);
#1037 = CARTESIAN_POINT('',(0.,-0.));
#1038 = VECTOR('',#1039,1.);
#1039 = DIRECTION('',(0.,1.));
#1040 = ( GEOMETRIC_REPRESENTATION_CONTEXT(2) 
PARAMETRIC_REPRESENTATION_CONTEXT() REPRESENTATION_CONTEXT('2D SPACE',''
  ) );
#1041 = ORIENTED_EDGE('',*,*,#1042,.T.);
#1042 = EDGE_CURVE('',#1020,#1020,#1043,.T.);
#1043 = SURFACE_CURVE('',#1044,(#1049,#1056),.PCURVE_S1.);
#1044 = CIRCLE('',#1045,8.);
#1045 = AXIS2_PLACEMENT_3D('',#1046,#1047,#1048);
#1046 = CARTESIAN_POINT('',(290.94316099977,-18.,504.32008140433));
#1047 = DIRECTION('',(-0.749476169456,-9.531283765039E-02,
    -0.655134287301));
#1048 = DIRECTION('',(0.658130513163,0.,-0.752903863481));
#1049 = PCURVE('',#995,#1050);
#1050 = DEFINITIONAL_REPRESENTATION('',(#1051),#1055);
#1051 = LINE('',#1052,#1053);
#1052 = CARTESIAN_POINT('',(0.,0.));
#1053 = VECTOR('',#1054,1.);
#1054 = DIRECTION('',(1.,0.));
#1055 = ( GEOMETRIC_REPRESENTATION_CONTEXT(2) 
PARAMETRIC_REPRESENTATION_CONTEXT() REPRESENTATION_CONTEXT('2D SPACE',''
  ) );
#1056 = PCURVE('',#1057,#1062);
#1057 = PLANE('',#1058);
#1058 = AXIS2_PLACEMENT_3D('',#1059,#1060,#1061);
#1059 = CARTESIAN_POINT('',(290.94316099977,-18.,504.32008140433));
#1060 = DIRECTION('',(-0.749476169456,-9.531283765039E-02,
    -0.655134287301));
#1061 = DIRECTION('',(0.658130513163,0.,-0.752903863481));
#1062 = DEFINITIONAL_REPRESENTATION('',(#1063),#1067);
#1063 = CIRCLE('',#1064,8.);
#1064 = AXIS2_PLACEMENT_2D('',#1065,#1066);
#1065 = CARTESIAN_POINT('',(0.,0.));
#1066 = DIRECTION('',(1.,0.));
#1067 = ( GEOMETRIC_REPRESENTATION_CONTEXT(2) 
PARAMETRIC_REPRESENTATION_CONTEXT() REPRESENTATION_CONTEXT('2D SPACE',''
  ) );
#1068 = ORIENTED_EDGE('',*,*,#1019,.T.);
#1069 = ADVANCED_FACE('',(#1070),#1007,.T.);
#1070 = FACE_BOUND('',#1071,.T.);
#1071 = EDGE_LOOP('',(#1072));
#1072 = ORIENTED_EDGE('',*,*,#985,.T.);
#1073 = ADVANCED_FACE('',(#1074),#1057,.F.);
#1074 = FACE_BOUND('',#1075,.T.);
#1075 = EDGE_LOOP('',(#1076));
#1076 = ORIENTED_EDGE('',*,*,#1042,.F.);
#1077 = ( GEOMETRIC_REPRESENTATION_CONTEXT(3) 
GLOBAL_UNCERTAINTY_ASSIGNED_CONTEXT((#1081)) 
GLOBAL_UNIT_ASSIGNED_CONTEXT((#1078,#1079,#1080)) REPRESENTATION_CONTEXT
('Context #1','3D Context with UNIT and UNCERTAINTY') );
#1078 = ( LENGTH_UNIT() NAMED_UNIT(*) SI_UNIT(.MILLI.,.METRE.) );
#1079 = ( NAMED_UNIT(*) PLANE_ANGLE_UNIT() SI_UNIT($,.RADIAN.) );
#1080 = ( NAMED_UNIT(*) SI_UNIT($,.STERADIAN.) SOLID_ANGLE_UNIT() );
#1081 = UNCERTAINTY_MEASURE_WITH_UNIT(LENGTH_MEASURE(1.E-07),#1078,
  'distance_accuracy_value','confusion accuracy');
#1082 = CONTEXT_DEPENDENT_SHAPE_REPRESENTATION(#1083,#1085);
#1083 = ( REPRESENTATION_RELATIONSHIP('','',#978,#96) 
REPRESENTATION_RELATIONSHIP_WITH_TRANSFORMATION(#1084) 
SHAPE_REPRESENTATION_RELATIONSHIP() );
#1084 = ITEM_DEFINED_TRANSFORMATION('','',#11,#125);
#1085 = PRODUCT_DEFINITION_SHAPE('Placement','Placement of an item',
  #1086);
#1086 = NEXT_ASSEMBLY_USAGE_OCCURRENCE('130','=>[0:1:1:10]','',#91,#973,
  $);
#1087 = PRODUCT_RELATED_PRODUCT_CATEGORY('part',$,(#975));
#1088 = SHAPE_DEFINITION_REPRESENTATION(#1089,#1095);
#1089 = PRODUCT_DEFINITION_SHAPE('','',#1090);
#1090 = PRODUCT_DEFINITION('design','',#1091,#1094);
#1091 = PRODUCT_DEFINITION_FORMATION('','',#1092);
#1092 = PRODUCT('SOLID','SOLID','',(#1093));
#1093 = PRODUCT_CONTEXT('',#2,'mechanical');
#1094 = PRODUCT_DEFINITION_CONTEXT('part definition',#2,'design');
#1095 = ADVANCED_BREP_SHAPE_REPRESENTATION('',(#11,#1096),#1194);
#1096 = MANIFOLD_SOLID_BREP('',#1097);
#1097 = CLOSED_SHELL('',(#1098,#1186,#1190));
#1098 = ADVANCED_FACE('',(#1099),#1112,.T.);
#1099 = FACE_BOUND('',#1100,.T.);
#1100 = EDGE_LOOP('',(#1101,#1135,#1158,#1185));
#1101 = ORIENTED_EDGE('',*,*,#1102,.F.);
#1102 = EDGE_CURVE('',#1103,#1103,#1105,.T.);
#1103 = VERTEX_POINT('',#1104);
#1104 = CARTESIAN_POINT('',(5.265044105303,55.,243.97676909215));
#1105 = SURFACE_CURVE('',#1106,(#1111,#1123),.PCURVE_S1.);
#1106 = CIRCLE('',#1107,8.);
#1107 = AXIS2_PLACEMENT_3D('',#1108,#1109,#1110);
#1108 = CARTESIAN_POINT('',(0.,55.,250.));
#1109 = DIRECTION('',(-0.749476169456,9.531283765039E-02,-0.655134287301
    ));
#1110 = DIRECTION('',(0.658130513163,0.,-0.752903863481));
#1111 = PCURVE('',#1112,#1117);
#1112 = CYLINDRICAL_SURFACE('',#1113,8.);
#1113 = AXIS2_PLACEMENT_3D('',#1114,#1115,#1116);
#1114 = CARTESIAN_POINT('',(290.94316099977,18.,504.32008140433));
#1115 = DIRECTION('',(-0.749476169456,9.531283765039E-02,-0.655134287301
    ));
#1116 = DIRECTION('',(0.658130513163,0.,-0.752903863481));
#1117 = DEFINITIONAL_REPRESENTATION('',(#1118),#1122);
#1118 = LINE('',#1119,#1120);
#1119 = CARTESIAN_POINT('',(0.,388.1953461056));
#1120 = VECTOR('',#1121,1.);
#1121 = DIRECTION('',(1.,0.));
#1122 = ( GEOMETRIC_REPRESENTATION_CONTEXT(2) 
PARAMETRIC_REPRESENTATION_CONTEXT() REPRESENTATION_CONTEXT('2D SPACE',''
  ) );
#1123 = PCURVE('',#1124,#1129);
#1124 = PLANE('',#1125);
#1125 = AXIS2_PLACEMENT_3D('',#1126,#1127,#1128);
#1126 = CARTESIAN_POINT('',(0.,55.,250.));
#1127 = DIRECTION('',(-0.749476169456,9.531283765039E-02,-0.655134287301
    ));
#1128 = DIRECTION('',(0.658130513163,0.,-0.752903863481));
#1129 = DEFINITIONAL_REPRESENTATION('',(#1130),#1134);
#1130 = CIRCLE('',#1131,8.);
#1131 = AXIS2_PLACEMENT_2D('',#1132,#1133);
#1132 = CARTESIAN_POINT('',(0.,0.));
#1133 = DIRECTION('',(1.,0.));
#1134 = ( GEOMETRIC_REPRESENTATION_CONTEXT(2) 
PARAMETRIC_REPRESENTATION_CONTEXT() REPRESENTATION_CONTEXT('2D SPACE',''
  ) );
#1135 = ORIENTED_EDGE('',*,*,#1136,.F.);
#1136 = EDGE_CURVE('',#1137,#1103,#1139,.T.);
#1137 = VERTEX_POINT('',#1138);
#1138 = CARTESIAN_POINT('',(296.20820510508,18.,498.29685049649));
#1139 = SEAM_CURVE('',#1140,(#1144,#1151),.PCURVE_S1.);
#1140 = LINE('',#1141,#1142);
#1141 = CARTESIAN_POINT('',(296.20820510508,18.,498.29685049649));
#1142 = VECTOR('',#1143,1.);
#1143 = DIRECTION('',(-0.749476169456,9.531283765039E-02,-0.655134287301
    ));
#1144 = PCURVE('',#1112,#1145);
#1145 = DEFINITIONAL_REPRESENTATION('',(#1146),#1150);
#1146 = LINE('',#1147,#1148);
#1147 = CARTESIAN_POINT('',(6.28318530718,-0.));
#1148 = VECTOR('',#1149,1.);
#1149 = DIRECTION('',(0.,1.));
#1150 = ( GEOMETRIC_REPRESENTATION_CONTEXT(2) 
PARAMETRIC_REPRESENTATION_CONTEXT() REPRESENTATION_CONTEXT('2D SPACE',''
  ) );
#1151 = PCURVE('',#1112,#1152);
#1152 = DEFINITIONAL_REPRESENTATION('',(#1153),#1157);
#1153 = LINE('',#1154,#1155);
#1154 = CARTESIAN_POINT('',(0.,-0.));
#1155 = VECTOR('',#1156,1.);
#1156 = DIRECTION('',(0.,1.));
#1157 = ( GEOMETRIC_REPRESENTATION_CONTEXT(2) 
PARAMETRIC_REPRESENTATION_CONTEXT() REPRESENTATION_CONTEXT('2D SPACE',''
  ) );
#1158 = ORIENTED_EDGE('',*,*,#1159,.T.);
#1159 = EDGE_CURVE('',#1137,#1137,#1160,.T.);
#1160 = SURFACE_CURVE('',#1161,(#1166,#1173),.PCURVE_S1.);
#1161 = CIRCLE('',#1162,8.);
#1162 = AXIS2_PLACEMENT_3D('',#1163,#1164,#1165);
#1163 = CARTESIAN_POINT('',(290.94316099977,18.,504.32008140433));
#1164 = DIRECTION('',(-0.749476169456,9.531283765039E-02,-0.655134287301
    ));
#1165 = DIRECTION('',(0.658130513163,0.,-0.752903863481));
#1166 = PCURVE('',#1112,#1167);
#1167 = DEFINITIONAL_REPRESENTATION('',(#1168),#1172);
#1168 = LINE('',#1169,#1170);
#1169 = CARTESIAN_POINT('',(0.,0.));
#1170 = VECTOR('',#1171,1.);
#1171 = DIRECTION('',(1.,0.));
#1172 = ( GEOMETRIC_REPRESENTATION_CONTEXT(2) 
PARAMETRIC_REPRESENTATION_CONTEXT() REPRESENTATION_CONTEXT('2D SPACE',''
  ) );
#1173 = PCURVE('',#1174,#1179);
#1174 = PLANE('',#1175);
#1175 = AXIS2_PLACEMENT_3D('',#1176,#1177,#1178);
#1176 = CARTESIAN_POINT('',(290.94316099977,18.,504.32008140433));
#1177 = DIRECTION('',(-0.749476169456,9.531283765039E-02,-0.655134287301
    ));
#1178 = DIRECTION('',(0.658130513163,0.,-0.752903863481));
#1179 = DEFINITIONAL_REPRESENTATION('',(#1180),#1184);
#1180 = CIRCLE('',#1181,8.);
#1181 = AXIS2_PLACEMENT_2D('',#1182,#1183);
#1182 = CARTESIAN_POINT('',(0.,0.));
#1183 = DIRECTION('',(1.,0.));
#1184 = ( GEOMETRIC_REPRESENTATION_CONTEXT(2) 
PARAMETRIC_REPRESENTATION_CONTEXT() REPRESENTATION_CONTEXT('2D SPACE',''
  ) );
#1185 = ORIENTED_EDGE('',*,*,#1136,.T.);
#1186 = ADVANCED_FACE('',(#1187),#1124,.T.);
#1187 = FACE_BOUND('',#1188,.T.);
#1188 = EDGE_LOOP('',(#1189));
#1189 = ORIENTED_EDGE('',*,*,#1102,.T.);
#1190 = ADVANCED_FACE('',(#1191),#1174,.F.);
#1191 = FACE_BOUND('',#1192,.T.);
#1192 = EDGE_LOOP('',(#1193));
#1193 = ORIENTED_EDGE('',*,*,#1159,.F.);
#1194 = ( GEOMETRIC_REPRESENTATION_CONTEXT(3) 
GLOBAL_UNCERTAINTY_ASSIGNED_CONTEXT((#1198)) 
GLOBAL_UNIT_ASSIGNED_CONTEXT((#1195,#1196,#1197)) REPRESENTATION_CONTEXT
('Context #1','3D Context with UNIT and UNCERTAINTY') );
#1195 = ( LENGTH_UNIT() NAMED_UNIT(*) SI_UNIT(.MILLI.,.METRE.) );
#1196 = ( NAMED_UNIT(*) PLANE_ANGLE_UNIT() SI_UNIT($,.RADIAN.) );
#1197 = ( NAMED_UNIT(*) SI_UNIT($,.STERADIAN.) SOLID_ANGLE_UNIT() );
#1198 = UNCERTAINTY_MEASURE_WITH_UNIT(LENGTH_MEASURE(1.E-07),#1195,
  'distance_accuracy_value','confusion accuracy');
#1199 = CONTEXT_DEPENDENT_SHAPE_REPRESENTATION(#1200,#1202);
#1200 = ( REPRESENTATION_RELATIONSHIP('','',#1095,#96) 
REPRESENTATION_RELATIONSHIP_WITH_TRANSFORMATION(#1201) 
SHAPE_REPRESENTATION_RELATIONSHIP() );
#1201 = ITEM_DEFINED_TRANSFORMATION('','',#11,#129);
#1202 = PRODUCT_DEFINITION_SHAPE('Placement','Placement of an item',
  #1203);
#1203 = NEXT_ASSEMBLY_USAGE_OCCURRENCE('131','=>[0:1:1:11]','',#91,#1090
  ,$);
#1204 = PRODUCT_RELATED_PRODUCT_CATEGORY('part',$,(#1092));
#1205 = SHAPE_DEFINITION_REPRESENTATION(#1206,#1212);
#1206 = PRODUCT_DEFINITION_SHAPE('','',#1207);
#1207 = PRODUCT_DEFINITION('design','',#1208,#1211);
#1208 = PRODUCT_DEFINITION_FORMATION('','',#1209);
#1209 = PRODUCT('COMPOUND','COMPOUND','',(#1210));
#1210 = PRODUCT_CONTEXT('',#2,'mechanical');
#1211 = PRODUCT_DEFINITION_CONTEXT('part definition',#2,'design');
#1212 = ADVANCED_BREP_SHAPE_REPRESENTATION('',(#11,#1213),#1543);
#1213 = MANIFOLD_SOLID_BREP('',#1214);
#1214 = CLOSED_SHELL('',(#1215,#1335,#1435,#1482,#1529,#1536));
#1215 = ADVANCED_FACE('',(#1216),#1230,.F.);
#1216 = FACE_BOUND('',#1217,.F.);
#1217 = EDGE_LOOP('',(#1218,#1253,#1281,#1309));
#1218 = ORIENTED_EDGE('',*,*,#1219,.F.);
#1219 = EDGE_CURVE('',#1220,#1222,#1224,.T.);
#1220 = VERTEX_POINT('',#1221);
#1221 = CARTESIAN_POINT('',(-20.,-2.5,-20.));
#1222 = VERTEX_POINT('',#1223);
#1223 = CARTESIAN_POINT('',(-20.,-2.5,20.));
#1224 = SURFACE_CURVE('',#1225,(#1229,#1241),.PCURVE_S1.);
#1225 = LINE('',#1226,#1227);
#1226 = CARTESIAN_POINT('',(-20.,-2.5,-20.));
#1227 = VECTOR('',#1228,1.);
#1228 = DIRECTION('',(0.,0.,1.));
#1229 = PCURVE('',#1230,#1235);
#1230 = PLANE('',#1231);
#1231 = AXIS2_PLACEMENT_3D('',#1232,#1233,#1234);
#1232 = CARTESIAN_POINT('',(-20.,-2.5,-20.));
#1233 = DIRECTION('',(1.,0.,-0.));
#1234 = DIRECTION('',(0.,0.,1.));
#1235 = DEFINITIONAL_REPRESENTATION('',(#1236),#1240);
#1236 = LINE('',#1237,#1238);
#1237 = CARTESIAN_POINT('',(0.,0.));
#1238 = VECTOR('',#1239,1.);
#1239 = DIRECTION('',(1.,0.));
#1240 = ( GEOMETRIC_REPRESENTATION_CONTEXT(2) 
PARAMETRIC_REPRESENTATION_CONTEXT() REPRESENTATION_CONTEXT('2D SPACE',''
  ) );
#1241 = PCURVE('',#1242,#1247);
#1242 = PLANE('',#1243);
#1243 = AXIS2_PLACEMENT_3D('',#1244,#1245,#1246);
#1244 = CARTESIAN_POINT('',(-20.,-2.5,-20.));
#1245 = DIRECTION('',(-0.,1.,0.));
#1246 = DIRECTION('',(0.,0.,1.));
#1247 = DEFINITIONAL_REPRESENTATION('',(#1248),#1252);
#1248 = LINE('',#1249,#1250);
#1249 = CARTESIAN_POINT('',(0.,0.));
#1250 = VECTOR('',#1251,1.);
#1251 = DIRECTION('',(1.,0.));
#1252 = ( GEOMETRIC_REPRESENTATION_CONTEXT(2) 
PARAMETRIC_REPRESENTATION_CONTEXT() REPRESENTATION_CONTEXT('2D SPACE',''
  ) );
#1253 = ORIENTED_EDGE('',*,*,#1254,.T.);
#1254 = EDGE_CURVE('',#1220,#1255,#1257,.T.);
#1255 = VERTEX_POINT('',#1256);
#1256 = CARTESIAN_POINT('',(-20.,2.5,-20.));
#1257 = SURFACE_CURVE('',#1258,(#1262,#1269),.PCURVE_S1.);
#1258 = LINE('',#1259,#1260);
#1259 = CARTESIAN_POINT('',(-20.,-2.5,-20.));
#1260 = VECTOR('',#1261,1.);
#1261 = DIRECTION('',(-0.,1.,0.));
#1262 = PCURVE('',#1230,#1263);
#1263 = DEFINITIONAL_REPRESENTATION('',(#1264),#1268);
#1264 = LINE('',#1265,#1266);
#1265 = CARTESIAN_POINT('',(0.,0.));
#1266 = VECTOR('',#1267,1.);
#1267 = DIRECTION('',(0.,-1.));
#1268 = ( GEOMETRIC_REPRESENTATION_CONTEXT(2) 
PARAMETRIC_REPRESENTATION_CONTEXT() REPRESENTATION_CONTEXT('2D SPACE',''
  ) );
#1269 = PCURVE('',#1270,#1275);
#1270 = PLANE('',#1271);
#1271 = AXIS2_PLACEMENT_3D('',#1272,#1273,#1274);
#1272 = CARTESIAN_POINT('',(-20.,-2.5,-20.));
#1273 = DIRECTION('',(0.,0.,1.));
#1274 = DIRECTION('',(1.,0.,-0.));
#1275 = DEFINITIONAL_REPRESENTATION('',(#1276),#1280);
#1276 = LINE('',#1277,#1278);
#1277 = CARTESIAN_POINT('',(0.,0.));
#1278 = VECTOR('',#1279,1.);
#1279 = DIRECTION('',(0.,1.));
#1280 = ( GEOMETRIC_REPRESENTATION_CONTEXT(2) 
PARAMETRIC_REPRESENTATION_CONTEXT() REPRESENTATION_CONTEXT('2D SPACE',''
  ) );
#1281 = ORIENTED_EDGE('',*,*,#1282,.T.);
#1282 = EDGE_CURVE('',#1255,#1283,#1285,.T.);
#1283 = VERTEX_POINT('',#1284);
#1284 = CARTESIAN_POINT('',(-20.,2.5,20.));
#1285 = SURFACE_CURVE('',#1286,(#1290,#1297),.PCURVE_S1.);
#1286 = LINE('',#1287,#1288);
#1287 = CARTESIAN_POINT('',(-20.,2.5,-20.));
#1288 = VECTOR('',#1289,1.);
#1289 = DIRECTION('',(0.,0.,1.));
#1290 = PCURVE('',#1230,#1291);
#1291 = DEFINITIONAL_REPRESENTATION('',(#1292),#1296);
#1292 = LINE('',#1293,#1294);
#1293 = CARTESIAN_POINT('',(0.,-5.));
#1294 = VECTOR('',#1295,1.);
#1295 = DIRECTION('',(1.,0.));
#1296 = ( GEOMETRIC_REPRESENTATION_CONTEXT(2) 
PARAMETRIC_REPRESENTATION_CONTEXT() REPRESENTATION_CONTEXT('2D SPACE',''
  ) );
#1297 = PCURVE('',#1298,#1303);
#1298 = PLANE('',#1299);
#1299 = AXIS2_PLACEMENT_3D('',#1300,#1301,#1302);
#1300 = CARTESIAN_POINT('',(-20.,2.5,-20.));
#1301 = DIRECTION('',(-0.,1.,0.));
#1302 = DIRECTION('',(0.,0.,1.));
#1303 = DEFINITIONAL_REPRESENTATION('',(#1304),#1308);
#1304 = LINE('',#1305,#1306);
#1305 = CARTESIAN_POINT('',(0.,0.));
#1306 = VECTOR('',#1307,1.);
#1307 = DIRECTION('',(1.,0.));
#1308 = ( GEOMETRIC_REPRESENTATION_CONTEXT(2) 
PARAMETRIC_REPRESENTATION_CONTEXT() REPRESENTATION_CONTEXT('2D SPACE',''
  ) );
#1309 = ORIENTED_EDGE('',*,*,#1310,.F.);
#1310 = EDGE_CURVE('',#1222,#1283,#1311,.T.);
#1311 = SURFACE_CURVE('',#1312,(#1316,#1323),.PCURVE_S1.);
#1312 = LINE('',#1313,#1314);
#1313 = CARTESIAN_POINT('',(-20.,-2.5,20.));
#1314 = VECTOR('',#1315,1.);
#1315 = DIRECTION('',(-0.,1.,0.));
#1316 = PCURVE('',#1230,#1317);
#1317 = DEFINITIONAL_REPRESENTATION('',(#1318),#1322);
#1318 = LINE('',#1319,#1320);
#1319 = CARTESIAN_POINT('',(40.,0.));
#1320 = VECTOR('',#1321,1.);
#1321 = DIRECTION('',(0.,-1.));
#1322 = ( GEOMETRIC_REPRESENTATION_CONTEXT(2) 
PARAMETRIC_REPRESENTATION_CONTEXT() REPRESENTATION_CONTEXT('2D SPACE',''
  ) );
#1323 = PCURVE('',#1324,#1329);
#1324 = PLANE('',#1325);
#1325 = AXIS2_PLACEMENT_3D('',#1326,#1327,#1328);
#1326 = CARTESIAN_POINT('',(-20.,-2.5,20.));
#1327 = DIRECTION('',(0.,0.,1.));
#1328 = DIRECTION('',(1.,0.,-0.));
#1329 = DEFINITIONAL_REPRESENTATION('',(#1330),#1334);
#1330 = LINE('',#1331,#1332);
#1331 = CARTESIAN_POINT('',(0.,0.));
#1332 = VECTOR('',#1333,1.);
#1333 = DIRECTION('',(0.,1.));
#1334 = ( GEOMETRIC_REPRESENTATION_CONTEXT(2) 
PARAMETRIC_REPRESENTATION_CONTEXT() REPRESENTATION_CONTEXT('2D SPACE',''
  ) );
#1335 = ADVANCED_FACE('',(#1336),#1350,.T.);
#1336 = FACE_BOUND('',#1337,.T.);
#1337 = EDGE_LOOP('',(#1338,#1368,#1391,#1414));
#1338 = ORIENTED_EDGE('',*,*,#1339,.F.);
#1339 = EDGE_CURVE('',#1340,#1342,#1344,.T.);
#1340 = VERTEX_POINT('',#1341);
#1341 = CARTESIAN_POINT('',(20.,-2.5,-20.));
#1342 = VERTEX_POINT('',#1343);
#1343 = CARTESIAN_POINT('',(20.,-2.5,20.));
#1344 = SURFACE_CURVE('',#1345,(#1349,#1361),.PCURVE_S1.);
#1345 = LINE('',#1346,#1347);
#1346 = CARTESIAN_POINT('',(20.,-2.5,-20.));
#1347 = VECTOR('',#1348,1.);
#1348 = DIRECTION('',(0.,0.,1.));
#1349 = PCURVE('',#1350,#1355);
#1350 = PLANE('',#1351);
#1351 = AXIS2_PLACEMENT_3D('',#1352,#1353,#1354);
#1352 = CARTESIAN_POINT('',(20.,-2.5,-20.));
#1353 = DIRECTION('',(1.,0.,-0.));
#1354 = DIRECTION('',(0.,0.,1.));
#1355 = DEFINITIONAL_REPRESENTATION('',(#1356),#1360);
#1356 = LINE('',#1357,#1358);
#1357 = CARTESIAN_POINT('',(0.,0.));
#1358 = VECTOR('',#1359,1.);
#1359 = DIRECTION('',(1.,0.));
#1360 = ( GEOMETRIC_REPRESENTATION_CONTEXT(2) 
PARAMETRIC_REPRESENTATION_CONTEXT() REPRESENTATION_CONTEXT('2D SPACE',''
  ) );
#1361 = PCURVE('',#1242,#1362);
#1362 = DEFINITIONAL_REPRESENTATION('',(#1363),#1367);
#1363 = LINE('',#1364,#1365);
#1364 = CARTESIAN_POINT('',(0.,40.));
#1365 = VECTOR('',#1366,1.);
#1366 = DIRECTION('',(1.,0.));
#1367 = ( GEOMETRIC_REPRESENTATION_CONTEXT(2) 
PARAMETRIC_REPRESENTATION_CONTEXT() REPRESENTATION_CONTEXT('2D SPACE',''
  ) );
#1368 = ORIENTED_EDGE('',*,*,#1369,.T.);
#1369 = EDGE_CURVE('',#1340,#1370,#1372,.T.);
#1370 = VERTEX_POINT('',#1371);
#1371 = CARTESIAN_POINT('',(20.,2.5,-20.));
#1372 = SURFACE_CURVE('',#1373,(#1377,#1384),.PCURVE_S1.);
#1373 = LINE('',#1374,#1375);
#1374 = CARTESIAN_POINT('',(20.,-2.5,-20.));
#1375 = VECTOR('',#1376,1.);
#1376 = DIRECTION('',(-0.,1.,0.));
#1377 = PCURVE('',#1350,#1378);
#1378 = DEFINITIONAL_REPRESENTATION('',(#1379),#1383);
#1379 = LINE('',#1380,#1381);
#1380 = CARTESIAN_POINT('',(0.,0.));
#1381 = VECTOR('',#1382,1.);
#1382 = DIRECTION('',(0.,-1.));
#1383 = ( GEOMETRIC_REPRESENTATION_CONTEXT(2) 
PARAMETRIC_REPRESENTATION_CONTEXT() REPRESENTATION_CONTEXT('2D SPACE',''
  ) );
#1384 = PCURVE('',#1270,#1385);
#1385 = DEFINITIONAL_REPRESENTATION('',(#1386),#1390);
#1386 = LINE('',#1387,#1388);
#1387 = CARTESIAN_POINT('',(40.,0.));
#1388 = VECTOR('',#1389,1.);
#1389 = DIRECTION('',(0.,1.));
#1390 = ( GEOMETRIC_REPRESENTATION_CONTEXT(2) 
PARAMETRIC_REPRESENTATION_CONTEXT() REPRESENTATION_CONTEXT('2D SPACE',''
  ) );
#1391 = ORIENTED_EDGE('',*,*,#1392,.T.);
#1392 = EDGE_CURVE('',#1370,#1393,#1395,.T.);
#1393 = VERTEX_POINT('',#1394);
#1394 = CARTESIAN_POINT('',(20.,2.5,20.));
#1395 = SURFACE_CURVE('',#1396,(#1400,#1407),.PCURVE_S1.);
#1396 = LINE('',#1397,#1398);
#1397 = CARTESIAN_POINT('',(20.,2.5,-20.));
#1398 = VECTOR('',#1399,1.);
#1399 = DIRECTION('',(0.,0.,1.));
#1400 = PCURVE('',#1350,#1401);
#1401 = DEFINITIONAL_REPRESENTATION('',(#1402),#1406);
#1402 = LINE('',#1403,#1404);
#1403 = CARTESIAN_POINT('',(0.,-5.));
#1404 = VECTOR('',#1405,1.);
#1405 = DIRECTION('',(1.,0.));
#1406 = ( GEOMETRIC_REPRESENTATION_CONTEXT(2) 
PARAMETRIC_REPRESENTATION_CONTEXT() REPRESENTATION_CONTEXT('2D SPACE',''
  ) );
#1407 = PCURVE('',#1298,#1408);
#1408 = DEFINITIONAL_REPRESENTATION('',(#1409),#1413);
#1409 = LINE('',#1410,#1411);
#1410 = CARTESIAN_POINT('',(0.,40.));
#1411 = VECTOR('',#1412,1.);
#1412 = DIRECTION('',(1.,0.));
#1413 = ( GEOMETRIC_REPRESENTATION_CONTEXT(2) 
PARAMETRIC_REPRESENTATION_CONTEXT() REPRESENTATION_CONTEXT('2D SPACE',''
  ) );
#1414 = ORIENTED_EDGE('',*,*,#1415,.F.);
#1415 = EDGE_CURVE('',#1342,#1393,#1416,.T.);
#1416 = SURFACE_CURVE('',#1417,(#1421,#1428),.PCURVE_S1.);
#1417 = LINE('',#1418,#1419);
#1418 = CARTESIAN_POINT('',(20.,-2.5,20.));
#1419 = VECTOR('',#1420,1.);
#1420 = DIRECTION('',(-0.,1.,0.));
#1421 = PCURVE('',#1350,#1422);
#1422 = DEFINITIONAL_REPRESENTATION('',(#1423),#1427);
#1423 = LINE('',#1424,#1425);
#1424 = CARTESIAN_POINT('',(40.,0.));
#1425 = VECTOR('',#1426,1.);
#1426 = DIRECTION('',(0.,-1.));
#1427 = ( GEOMETRIC_REPRESENTATION_CONTEXT(2) 
PARAMETRIC_REPRESENTATION_CONTEXT() REPRESENTATION_CONTEXT('2D SPACE',''
  ) );
#1428 = PCURVE('',#1324,#1429);
#1429 = DEFINITIONAL_REPRESENTATION('',(#1430),#1434);
#1430 = LINE('',#1431,#1432);
#1431 = CARTESIAN_POINT('',(40.,0.));
#1432 = VECTOR('',#1433,1.);
#1433 = DIRECTION('',(0.,1.));
#1434 = ( GEOMETRIC_REPRESENTATION_CONTEXT(2) 
PARAMETRIC_REPRESENTATION_CONTEXT() REPRESENTATION_CONTEXT('2D SPACE',''
  ) );
#1435 = ADVANCED_FACE('',(#1436),#1242,.F.);
#1436 = FACE_BOUND('',#1437,.F.);
#1437 = EDGE_LOOP('',(#1438,#1459,#1460,#1481));
#1438 = ORIENTED_EDGE('',*,*,#1439,.F.);
#1439 = EDGE_CURVE('',#1220,#1340,#1440,.T.);
#1440 = SURFACE_CURVE('',#1441,(#1445,#1452),.PCURVE_S1.);
#1441 = LINE('',#1442,#1443);
#1442 = CARTESIAN_POINT('',(-20.,-2.5,-20.));
#1443 = VECTOR('',#1444,1.);
#1444 = DIRECTION('',(1.,0.,-0.));
#1445 = PCURVE('',#1242,#1446);
#1446 = DEFINITIONAL_REPRESENTATION('',(#1447),#1451);
#1447 = LINE('',#1448,#1449);
#1448 = CARTESIAN_POINT('',(0.,0.));
#1449 = VECTOR('',#1450,1.);
#1450 = DIRECTION('',(0.,1.));
#1451 = ( GEOMETRIC_REPRESENTATION_CONTEXT(2) 
PARAMETRIC_REPRESENTATION_CONTEXT() REPRESENTATION_CONTEXT('2D SPACE',''
  ) );
#1452 = PCURVE('',#1270,#1453);
#1453 = DEFINITIONAL_REPRESENTATION('',(#1454),#1458);
#1454 = LINE('',#1455,#1456);
#1455 = CARTESIAN_POINT('',(0.,0.));
#1456 = VECTOR('',#1457,1.);
#1457 = DIRECTION('',(1.,0.));
#1458 = ( GEOMETRIC_REPRESENTATION_CONTEXT(2) 
PARAMETRIC_REPRESENTATION_CONTEXT() REPRESENTATION_CONTEXT('2D SPACE',''
  ) );
#1459 = ORIENTED_EDGE('',*,*,#1219,.T.);
#1460 = ORIENTED_EDGE('',*,*,#1461,.T.);
#1461 = EDGE_CURVE('',#1222,#1342,#1462,.T.);
#1462 = SURFACE_CURVE('',#1463,(#1467,#1474),.PCURVE_S1.);
#1463 = LINE('',#1464,#1465);
#1464 = CARTESIAN_POINT('',(-20.,-2.5,20.));
#1465 = VECTOR('',#1466,1.);
#1466 = DIRECTION('',(1.,0.,-0.));
#1467 = PCURVE('',#1242,#1468);
#1468 = DEFINITIONAL_REPRESENTATION('',(#1469),#1473);
#1469 = LINE('',#1470,#1471);
#1470 = CARTESIAN_POINT('',(40.,0.));
#1471 = VECTOR('',#1472,1.);
#1472 = DIRECTION('',(0.,1.));
#1473 = ( GEOMETRIC_REPRESENTATION_CONTEXT(2) 
PARAMETRIC_REPRESENTATION_CONTEXT() REPRESENTATION_CONTEXT('2D SPACE',''
  ) );
#1474 = PCURVE('',#1324,#1475);
#1475 = DEFINITIONAL_REPRESENTATION('',(#1476),#1480);
#1476 = LINE('',#1477,#1478);
#1477 = CARTESIAN_POINT('',(0.,0.));
#1478 = VECTOR('',#1479,1.);
#1479 = DIRECTION('',(1.,0.));
#1480 = ( GEOMETRIC_REPRESENTATION_CONTEXT(2) 
PARAMETRIC_REPRESENTATION_CONTEXT() REPRESENTATION_CONTEXT('2D SPACE',''
  ) );
#1481 = ORIENTED_EDGE('',*,*,#1339,.F.);
#1482 = ADVANCED_FACE('',(#1483),#1298,.T.);
#1483 = FACE_BOUND('',#1484,.T.);
#1484 = EDGE_LOOP('',(#1485,#1506,#1507,#1528));
#1485 = ORIENTED_EDGE('',*,*,#1486,.F.);
#1486 = EDGE_CURVE('',#1255,#1370,#1487,.T.);
#1487 = SURFACE_CURVE('',#1488,(#1492,#1499),.PCURVE_S1.);
#1488 = LINE('',#1489,#1490);
#1489 = CARTESIAN_POINT('',(-20.,2.5,-20.));
#1490 = VECTOR('',#1491,1.);
#1491 = DIRECTION('',(1.,0.,-0.));
#1492 = PCURVE('',#1298,#1493);
#1493 = DEFINITIONAL_REPRESENTATION('',(#1494),#1498);
#1494 = LINE('',#1495,#1496);
#1495 = CARTESIAN_POINT('',(0.,0.));
#1496 = VECTOR('',#1497,1.);
#1497 = DIRECTION('',(0.,1.));
#1498 = ( GEOMETRIC_REPRESENTATION_CONTEXT(2) 
PARAMETRIC_REPRESENTATION_CONTEXT() REPRESENTATION_CONTEXT('2D SPACE',''
  ) );
#1499 = PCURVE('',#1270,#1500);
#1500 = DEFINITIONAL_REPRESENTATION('',(#1501),#1505);
#1501 = LINE('',#1502,#1503);
#1502 = CARTESIAN_POINT('',(0.,5.));
#1503 = VECTOR('',#1504,1.);
#1504 = DIRECTION('',(1.,0.));
#1505 = ( GEOMETRIC_REPRESENTATION_CONTEXT(2) 
PARAMETRIC_REPRESENTATION_CONTEXT() REPRESENTATION_CONTEXT('2D SPACE',''
  ) );
#1506 = ORIENTED_EDGE('',*,*,#1282,.T.);
#1507 = ORIENTED_EDGE('',*,*,#1508,.T.);
#1508 = EDGE_CURVE('',#1283,#1393,#1509,.T.);
#1509 = SURFACE_CURVE('',#1510,(#1514,#1521),.PCURVE_S1.);
#1510 = LINE('',#1511,#1512);
#1511 = CARTESIAN_POINT('',(-20.,2.5,20.));
#1512 = VECTOR('',#1513,1.);
#1513 = DIRECTION('',(1.,0.,-0.));
#1514 = PCURVE('',#1298,#1515);
#1515 = DEFINITIONAL_REPRESENTATION('',(#1516),#1520);
#1516 = LINE('',#1517,#1518);
#1517 = CARTESIAN_POINT('',(40.,0.));
#1518 = VECTOR('',#1519,1.);
#1519 = DIRECTION('',(0.,1.));
#1520 = ( GEOMETRIC_REPRESENTATION_CONTEXT(2) 
PARAMETRIC_REPRESENTATION_CONTEXT() REPRESENTATION_CONTEXT('2D SPACE',''
  ) );
#1521 = PCURVE('',#1324,#1522);
#1522 = DEFINITIONAL_REPRESENTATION('',(#1523),#1527);
#1523 = LINE('',#1524,#1525);
#1524 = CARTESIAN_POINT('',(0.,5.));
#1525 = VECTOR('',#1526,1.);
#1526 = DIRECTION('',(1.,0.));
#1527 = ( GEOMETRIC_REPRESENTATION_CONTEXT(2) 
PARAMETRIC_REPRESENTATION_CONTEXT() REPRESENTATION_CONTEXT('2D SPACE',''
  ) );
#1528 = ORIENTED_EDGE('',*,*,#1392,.F.);
#1529 = ADVANCED_FACE('',(#1530),#1270,.F.);
#1530 = FACE_BOUND('',#1531,.F.);
#1531 = EDGE_LOOP('',(#1532,#1533,#1534,#1535));
#1532 = ORIENTED_EDGE('',*,*,#1254,.F.);
#1533 = ORIENTED_EDGE('',*,*,#1439,.T.);
#1534 = ORIENTED_EDGE('',*,*,#1369,.T.);
#1535 = ORIENTED_EDGE('',*,*,#1486,.F.);
#1536 = ADVANCED_FACE('',(#1537),#1324,.T.);
#1537 = FACE_BOUND('',#1538,.T.);
#1538 = EDGE_LOOP('',(#1539,#1540,#1541,#1542));
#1539 = ORIENTED_EDGE('',*,*,#1310,.F.);
#1540 = ORIENTED_EDGE('',*,*,#1461,.T.);
#1541 = ORIENTED_EDGE('',*,*,#1415,.T.);
#1542 = ORIENTED_EDGE('',*,*,#1508,.F.);
#1543 = ( GEOMETRIC_REPRESENTATION_CONTEXT(3) 
GLOBAL_UNCERTAINTY_ASSIGNED_CONTEXT((#1547)) 
GLOBAL_UNIT_ASSIGNED_CONTEXT((#1544,#1545,#1546)) REPRESENTATION_CONTEXT
('Context #1','3D Context with UNIT and UNCERTAINTY') );
#1544 = ( LENGTH_UNIT() NAMED_UNIT(*) SI_UNIT(.MILLI.,.METRE.) );
#1545 = ( NAMED_UNIT(*) PLANE_ANGLE_UNIT() SI_UNIT($,.RADIAN.) );
#1546 = ( NAMED_UNIT(*) SI_UNIT($,.STERADIAN.) SOLID_ANGLE_UNIT() );
#1547 = UNCERTAINTY_MEASURE_WITH_UNIT(LENGTH_MEASURE(1.E-07),#1544,
  'distance_accuracy_value','confusion accuracy');
#1548 = CONTEXT_DEPENDENT_SHAPE_REPRESENTATION(#1549,#1551);
#1549 = ( REPRESENTATION_RELATIONSHIP('','',#1212,#96) 
REPRESENTATION_RELATIONSHIP_WITH_TRANSFORMATION(#1550) 
SHAPE_REPRESENTATION_RELATIONSHIP() );
#1550 = ITEM_DEFINED_TRANSFORMATION('','',#11,#133);
#1551 = PRODUCT_DEFINITION_SHAPE('Placement','Placement of an item',
  #1552);
#1552 = NEXT_ASSEMBLY_USAGE_OCCURRENCE('132','=>[0:1:1:12]','',#91,#1207
  ,$);
#1553 = PRODUCT_RELATED_PRODUCT_CATEGORY('part',$,(#1209));
#1554 = SHAPE_DEFINITION_REPRESENTATION(#1555,#1561);
#1555 = PRODUCT_DEFINITION_SHAPE('','',#1556);
#1556 = PRODUCT_DEFINITION('design','',#1557,#1560);
#1557 = PRODUCT_DEFINITION_FORMATION('','',#1558);
#1558 = PRODUCT('COMPOUND','COMPOUND','',(#1559));
#1559 = PRODUCT_CONTEXT('',#2,'mechanical');
#1560 = PRODUCT_DEFINITION_CONTEXT('part definition',#2,'design');
#1561 = ADVANCED_BREP_SHAPE_REPRESENTATION('',(#11,#1562),#1892);
#1562 = MANIFOLD_SOLID_BREP('',#1563);
#1563 = CLOSED_SHELL('',(#1564,#1684,#1784,#1831,#1878,#1885));
#1564 = ADVANCED_FACE('',(#1565),#1579,.F.);
#1565 = FACE_BOUND('',#1566,.F.);
#1566 = EDGE_LOOP('',(#1567,#1602,#1630,#1658));
#1567 = ORIENTED_EDGE('',*,*,#1568,.F.);
#1568 = EDGE_CURVE('',#1569,#1571,#1573,.T.);
#1569 = VERTEX_POINT('',#1570);
#1570 = CARTESIAN_POINT('',(-20.,-2.5,-20.));
#1571 = VERTEX_POINT('',#1572);
#1572 = CARTESIAN_POINT('',(-20.,-2.5,20.));
#1573 = SURFACE_CURVE('',#1574,(#1578,#1590),.PCURVE_S1.);
#1574 = LINE('',#1575,#1576);
#1575 = CARTESIAN_POINT('',(-20.,-2.5,-20.));
#1576 = VECTOR('',#1577,1.);
#1577 = DIRECTION('',(0.,0.,1.));
#1578 = PCURVE('',#1579,#1584);
#1579 = PLANE('',#1580);
#1580 = AXIS2_PLACEMENT_3D('',#1581,#1582,#1583);
#1581 = CARTESIAN_POINT('',(-20.,-2.5,-20.));
#1582 = DIRECTION('',(1.,0.,-0.));
#1583 = DIRECTION('',(0.,0.,1.));
#1584 = DEFINITIONAL_REPRESENTATION('',(#1585),#1589);
#1585 = LINE('',#1586,#1587);
#1586 = CARTESIAN_POINT('',(0.,0.));
#1587 = VECTOR('',#1588,1.);
#1588 = DIRECTION('',(1.,0.));
#1589 = ( GEOMETRIC_REPRESENTATION_CONTEXT(2) 
PARAMETRIC_REPRESENTATION_CONTEXT() REPRESENTATION_CONTEXT('2D SPACE',''
  ) );
#1590 = PCURVE('',#1591,#1596);
#1591 = PLANE('',#1592);
#1592 = AXIS2_PLACEMENT_3D('',#1593,#1594,#1595);
#1593 = CARTESIAN_POINT('',(-20.,-2.5,-20.));
#1594 = DIRECTION('',(-0.,1.,0.));
#1595 = DIRECTION('',(0.,0.,1.));
#1596 = DEFINITIONAL_REPRESENTATION('',(#1597),#1601);
#1597 = LINE('',#1598,#1599);
#1598 = CARTESIAN_POINT('',(0.,0.));
#1599 = VECTOR('',#1600,1.);
#1600 = DIRECTION('',(1.,0.));
#1601 = ( GEOMETRIC_REPRESENTATION_CONTEXT(2) 
PARAMETRIC_REPRESENTATION_CONTEXT() REPRESENTATION_CONTEXT('2D SPACE',''
  ) );
#1602 = ORIENTED_EDGE('',*,*,#1603,.T.);
#1603 = EDGE_CURVE('',#1569,#1604,#1606,.T.);
#1604 = VERTEX_POINT('',#1605);
#1605 = CARTESIAN_POINT('',(-20.,2.5,-20.));
#1606 = SURFACE_CURVE('',#1607,(#1611,#1618),.PCURVE_S1.);
#1607 = LINE('',#1608,#1609);
#1608 = CARTESIAN_POINT('',(-20.,-2.5,-20.));
#1609 = VECTOR('',#1610,1.);
#1610 = DIRECTION('',(-0.,1.,0.));
#1611 = PCURVE('',#1579,#1612);
#1612 = DEFINITIONAL_REPRESENTATION('',(#1613),#1617);
#1613 = LINE('',#1614,#1615);
#1614 = CARTESIAN_POINT('',(0.,0.));
#1615 = VECTOR('',#1616,1.);
#1616 = DIRECTION('',(0.,-1.));
#1617 = ( GEOMETRIC_REPRESENTATION_CONTEXT(2) 
PARAMETRIC_REPRESENTATION_CONTEXT() REPRESENTATION_CONTEXT('2D SPACE',''
  ) );
#1618 = PCURVE('',#1619,#1624);
#1619 = PLANE('',#1620);
#1620 = AXIS2_PLACEMENT_3D('',#1621,#1622,#1623);
#1621 = CARTESIAN_POINT('',(-20.,-2.5,-20.));
#1622 = DIRECTION('',(0.,0.,1.));
#1623 = DIRECTION('',(1.,0.,-0.));
#1624 = DEFINITIONAL_REPRESENTATION('',(#1625),#1629);
#1625 = LINE('',#1626,#1627);
#1626 = CARTESIAN_POINT('',(0.,0.));
#1627 = VECTOR('',#1628,1.);
#1628 = DIRECTION('',(0.,1.));
#1629 = ( GEOMETRIC_REPRESENTATION_CONTEXT(2) 
PARAMETRIC_REPRESENTATION_CONTEXT() REPRESENTATION_CONTEXT('2D SPACE',''
  ) );
#1630 = ORIENTED_EDGE('',*,*,#1631,.T.);
#1631 = EDGE_CURVE('',#1604,#1632,#1634,.T.);
#1632 = VERTEX_POINT('',#1633);
#1633 = CARTESIAN_POINT('',(-20.,2.5,20.));
#1634 = SURFACE_CURVE('',#1635,(#1639,#1646),.PCURVE_S1.);
#1635 = LINE('',#1636,#1637);
#1636 = CARTESIAN_POINT('',(-20.,2.5,-20.));
#1637 = VECTOR('',#1638,1.);
#1638 = DIRECTION('',(0.,0.,1.));
#1639 = PCURVE('',#1579,#1640);
#1640 = DEFINITIONAL_REPRESENTATION('',(#1641),#1645);
#1641 = LINE('',#1642,#1643);
#1642 = CARTESIAN_POINT('',(0.,-5.));
#1643 = VECTOR('',#1644,1.);
#1644 = DIRECTION('',(1.,0.));
#1645 = ( GEOMETRIC_REPRESENTATION_CONTEXT(2) 
PARAMETRIC_REPRESENTATION_CONTEXT() REPRESENTATION_CONTEXT('2D SPACE',''
  ) );
#1646 = PCURVE('',#1647,#1652);
#1647 = PLANE('',#1648);
#1648 = AXIS2_PLACEMENT_3D('',#1649,#1650,#1651);
#1649 = CARTESIAN_POINT('',(-20.,2.5,-20.));
#1650 = DIRECTION('',(-0.,1.,0.));
#1651 = DIRECTION('',(0.,0.,1.));
#1652 = DEFINITIONAL_REPRESENTATION('',(#1653),#1657);
#1653 = LINE('',#1654,#1655);
#1654 = CARTESIAN_POINT('',(0.,0.));
#1655 = VECTOR('',#1656,1.);
#1656 = DIRECTION('',(1.,0.));
#1657 = ( GEOMETRIC_REPRESENTATION_CONTEXT(2) 
PARAMETRIC_REPRESENTATION_CONTEXT() REPRESENTATION_CONTEXT('2D SPACE',''
  ) );
#1658 = ORIENTED_EDGE('',*,*,#1659,.F.);
#1659 = EDGE_CURVE('',#1571,#1632,#1660,.T.);
#1660 = SURFACE_CURVE('',#1661,(#1665,#1672),.PCURVE_S1.);
#1661 = LINE('',#1662,#1663);
#1662 = CARTESIAN_POINT('',(-20.,-2.5,20.));
#1663 = VECTOR('',#1664,1.);
#1664 = DIRECTION('',(-0.,1.,0.));
#1665 = PCURVE('',#1579,#1666);
#1666 = DEFINITIONAL_REPRESENTATION('',(#1667),#1671);
#1667 = LINE('',#1668,#1669);
#1668 = CARTESIAN_POINT('',(40.,0.));
#1669 = VECTOR('',#1670,1.);
#1670 = DIRECTION('',(0.,-1.));
#1671 = ( GEOMETRIC_REPRESENTATION_CONTEXT(2) 
PARAMETRIC_REPRESENTATION_CONTEXT() REPRESENTATION_CONTEXT('2D SPACE',''
  ) );
#1672 = PCURVE('',#1673,#1678);
#1673 = PLANE('',#1674);
#1674 = AXIS2_PLACEMENT_3D('',#1675,#1676,#1677);
#1675 = CARTESIAN_POINT('',(-20.,-2.5,20.));
#1676 = DIRECTION('',(0.,0.,1.));
#1677 = DIRECTION('',(1.,0.,-0.));
#1678 = DEFINITIONAL_REPRESENTATION('',(#1679),#1683);
#1679 = LINE('',#1680,#1681);
#1680 = CARTESIAN_POINT('',(0.,0.));
#1681 = VECTOR('',#1682,1.);
#1682 = DIRECTION('',(0.,1.));
#1683 = ( GEOMETRIC_REPRESENTATION_CONTEXT(2) 
PARAMETRIC_REPRESENTATION_CONTEXT() REPRESENTATION_CONTEXT('2D SPACE',''
  ) );
#1684 = ADVANCED_FACE('',(#1685),#1699,.T.);
#1685 = FACE_BOUND('',#1686,.T.);
#1686 = EDGE_LOOP('',(#1687,#1717,#1740,#1763));
#1687 = ORIENTED_EDGE('',*,*,#1688,.F.);
#1688 = EDGE_CURVE('',#1689,#1691,#1693,.T.);
#1689 = VERTEX_POINT('',#1690);
#1690 = CARTESIAN_POINT('',(20.,-2.5,-20.));
#1691 = VERTEX_POINT('',#1692);
#1692 = CARTESIAN_POINT('',(20.,-2.5,20.));
#1693 = SURFACE_CURVE('',#1694,(#1698,#1710),.PCURVE_S1.);
#1694 = LINE('',#1695,#1696);
#1695 = CARTESIAN_POINT('',(20.,-2.5,-20.));
#1696 = VECTOR('',#1697,1.);
#1697 = DIRECTION('',(0.,0.,1.));
#1698 = PCURVE('',#1699,#1704);
#1699 = PLANE('',#1700);
#1700 = AXIS2_PLACEMENT_3D('',#1701,#1702,#1703);
#1701 = CARTESIAN_POINT('',(20.,-2.5,-20.));
#1702 = DIRECTION('',(1.,0.,-0.));
#1703 = DIRECTION('',(0.,0.,1.));
#1704 = DEFINITIONAL_REPRESENTATION('',(#1705),#1709);
#1705 = LINE('',#1706,#1707);
#1706 = CARTESIAN_POINT('',(0.,0.));
#1707 = VECTOR('',#1708,1.);
#1708 = DIRECTION('',(1.,0.));
#1709 = ( GEOMETRIC_REPRESENTATION_CONTEXT(2) 
PARAMETRIC_REPRESENTATION_CONTEXT() REPRESENTATION_CONTEXT('2D SPACE',''
  ) );
#1710 = PCURVE('',#1591,#1711);
#1711 = DEFINITIONAL_REPRESENTATION('',(#1712),#1716);
#1712 = LINE('',#1713,#1714);
#1713 = CARTESIAN_POINT('',(0.,40.));
#1714 = VECTOR('',#1715,1.);
#1715 = DIRECTION('',(1.,0.));
#1716 = ( GEOMETRIC_REPRESENTATION_CONTEXT(2) 
PARAMETRIC_REPRESENTATION_CONTEXT() REPRESENTATION_CONTEXT('2D SPACE',''
  ) );
#1717 = ORIENTED_EDGE('',*,*,#1718,.T.);
#1718 = EDGE_CURVE('',#1689,#1719,#1721,.T.);
#1719 = VERTEX_POINT('',#1720);
#1720 = CARTESIAN_POINT('',(20.,2.5,-20.));
#1721 = SURFACE_CURVE('',#1722,(#1726,#1733),.PCURVE_S1.);
#1722 = LINE('',#1723,#1724);
#1723 = CARTESIAN_POINT('',(20.,-2.5,-20.));
#1724 = VECTOR('',#1725,1.);
#1725 = DIRECTION('',(-0.,1.,0.));
#1726 = PCURVE('',#1699,#1727);
#1727 = DEFINITIONAL_REPRESENTATION('',(#1728),#1732);
#1728 = LINE('',#1729,#1730);
#1729 = CARTESIAN_POINT('',(0.,0.));
#1730 = VECTOR('',#1731,1.);
#1731 = DIRECTION('',(0.,-1.));
#1732 = ( GEOMETRIC_REPRESENTATION_CONTEXT(2) 
PARAMETRIC_REPRESENTATION_CONTEXT() REPRESENTATION_CONTEXT('2D SPACE',''
  ) );
#1733 = PCURVE('',#1619,#1734);
#1734 = DEFINITIONAL_REPRESENTATION('',(#1735),#1739);
#1735 = LINE('',#1736,#1737);
#1736 = CARTESIAN_POINT('',(40.,0.));
#1737 = VECTOR('',#1738,1.);
#1738 = DIRECTION('',(0.,1.));
#1739 = ( GEOMETRIC_REPRESENTATION_CONTEXT(2) 
PARAMETRIC_REPRESENTATION_CONTEXT() REPRESENTATION_CONTEXT('2D SPACE',''
  ) );
#1740 = ORIENTED_EDGE('',*,*,#1741,.T.);
#1741 = EDGE_CURVE('',#1719,#1742,#1744,.T.);
#1742 = VERTEX_POINT('',#1743);
#1743 = CARTESIAN_POINT('',(20.,2.5,20.));
#1744 = SURFACE_CURVE('',#1745,(#1749,#1756),.PCURVE_S1.);
#1745 = LINE('',#1746,#1747);
#1746 = CARTESIAN_POINT('',(20.,2.5,-20.));
#1747 = VECTOR('',#1748,1.);
#1748 = DIRECTION('',(0.,0.,1.));
#1749 = PCURVE('',#1699,#1750);
#1750 = DEFINITIONAL_REPRESENTATION('',(#1751),#1755);
#1751 = LINE('',#1752,#1753);
#1752 = CARTESIAN_POINT('',(0.,-5.));
#1753 = VECTOR('',#1754,1.);
#1754 = DIRECTION('',(1.,0.));
#1755 = ( GEOMETRIC_REPRESENTATION_CONTEXT(2) 
PARAMETRIC_REPRESENTATION_CONTEXT() REPRESENTATION_CONTEXT('2D SPACE',''
  ) );
#1756 = PCURVE('',#1647,#1757);
#1757 = DEFINITIONAL_REPRESENTATION('',(#1758),#1762);
#1758 = LINE('',#1759,#1760);
#1759 = CARTESIAN_POINT('',(0.,40.));
#1760 = VECTOR('',#1761,1.);
#1761 = DIRECTION('',(1.,0.));
#1762 = ( GEOMETRIC_REPRESENTATION_CONTEXT(2) 
PARAMETRIC_REPRESENTATION_CONTEXT() REPRESENTATION_CONTEXT('2D SPACE',''
  ) );
#1763 = ORIENTED_EDGE('',*,*,#1764,.F.);
#1764 = EDGE_CURVE('',#1691,#1742,#1765,.T.);
#1765 = SURFACE_CURVE('',#1766,(#1770,#1777),.PCURVE_S1.);
#1766 = LINE('',#1767,#1768);
#1767 = CARTESIAN_POINT('',(20.,-2.5,20.));
#1768 = VECTOR('',#1769,1.);
#1769 = DIRECTION('',(-0.,1.,0.));
#1770 = PCURVE('',#1699,#1771);
#1771 = DEFINITIONAL_REPRESENTATION('',(#1772),#1776);
#1772 = LINE('',#1773,#1774);
#1773 = CARTESIAN_POINT('',(40.,0.));
#1774 = VECTOR('',#1775,1.);
#1775 = DIRECTION('',(0.,-1.));
#1776 = ( GEOMETRIC_REPRESENTATION_CONTEXT(2) 
PARAMETRIC_REPRESENTATION_CONTEXT() REPRESENTATION_CONTEXT('2D SPACE',''
  ) );
#1777 = PCURVE('',#1673,#1778);
#1778 = DEFINITIONAL_REPRESENTATION('',(#1779),#1783);
#1779 = LINE('',#1780,#1781);
#1780 = CARTESIAN_POINT('',(40.,0.));
#1781 = VECTOR('',#1782,1.);
#1782 = DIRECTION('',(0.,1.));
#1783 = ( GEOMETRIC_REPRESENTATION_CONTEXT(2) 
PARAMETRIC_REPRESENTATION_CONTEXT() REPRESENTATION_CONTEXT('2D SPACE',''
  ) );
#1784 = ADVANCED_FACE('',(#1785),#1591,.F.);
#1785 = FACE_BOUND('',#1786,.F.);
#1786 = EDGE_LOOP('',(#1787,#1808,#1809,#1830));
#1787 = ORIENTED_EDGE('',*,*,#1788,.F.);
#1788 = EDGE_CURVE('',#1569,#1689,#1789,.T.);
#1789 = SURFACE_CURVE('',#1790,(#1794,#1801),.PCURVE_S1.);
#1790 = LINE('',#1791,#1792);
#1791 = CARTESIAN_POINT('',(-20.,-2.5,-20.));
#1792 = VECTOR('',#1793,1.);
#1793 = DIRECTION('',(1.,0.,-0.));
#1794 = PCURVE('',#1591,#1795);
#1795 = DEFINITIONAL_REPRESENTATION('',(#1796),#1800);
#1796 = LINE('',#1797,#1798);
#1797 = CARTESIAN_POINT('',(0.,0.));
#1798 = VECTOR('',#1799,1.);
#1799 = DIRECTION('',(0.,1.));
#1800 = ( GEOMETRIC_REPRESENTATION_CONTEXT(2) 
PARAMETRIC_REPRESENTATION_CONTEXT() REPRESENTATION_CONTEXT('2D SPACE',''
  ) );
#1801 = PCURVE('',#1619,#1802);
#1802 = DEFINITIONAL_REPRESENTATION('',(#1803),#1807);
#1803 = LINE('',#1804,#1805);
#1804 = CARTESIAN_POINT('',(0.,0.));
#1805 = VECTOR('',#1806,1.);
#1806 = DIRECTION('',(1.,0.));
#1807 = ( GEOMETRIC_REPRESENTATION_CONTEXT(2) 
PARAMETRIC_REPRESENTATION_CONTEXT() REPRESENTATION_CONTEXT('2D SPACE',''
  ) );
#1808 = ORIENTED_EDGE('',*,*,#1568,.T.);
#1809 = ORIENTED_EDGE('',*,*,#1810,.T.);
#1810 = EDGE_CURVE('',#1571,#1691,#1811,.T.);
#1811 = SURFACE_CURVE('',#1812,(#1816,#1823),.PCURVE_S1.);
#1812 = LINE('',#1813,#1814);
#1813 = CARTESIAN_POINT('',(-20.,-2.5,20.));
#1814 = VECTOR('',#1815,1.);
#1815 = DIRECTION('',(1.,0.,-0.));
#1816 = PCURVE('',#1591,#1817);
#1817 = DEFINITIONAL_REPRESENTATION('',(#1818),#1822);
#1818 = LINE('',#1819,#1820);
#1819 = CARTESIAN_POINT('',(40.,0.));
#1820 = VECTOR('',#1821,1.);
#1821 = DIRECTION('',(0.,1.));
#1822 = ( GEOMETRIC_REPRESENTATION_CONTEXT(2) 
PARAMETRIC_REPRESENTATION_CONTEXT() REPRESENTATION_CONTEXT('2D SPACE',''
  ) );
#1823 = PCURVE('',#1673,#1824);
#1824 = DEFINITIONAL_REPRESENTATION('',(#1825),#1829);
#1825 = LINE('',#1826,#1827);
#1826 = CARTESIAN_POINT('',(0.,0.));
#1827 = VECTOR('',#1828,1.);
#1828 = DIRECTION('',(1.,0.));
#1829 = ( GEOMETRIC_REPRESENTATION_CONTEXT(2) 
PARAMETRIC_REPRESENTATION_CONTEXT() REPRESENTATION_CONTEXT('2D SPACE',''
  ) );
#1830 = ORIENTED_EDGE('',*,*,#1688,.F.);
#1831 = ADVANCED_FACE('',(#1832),#1647,.T.);
#1832 = FACE_BOUND('',#1833,.T.);
#1833 = EDGE_LOOP('',(#1834,#1855,#1856,#1877));
#1834 = ORIENTED_EDGE('',*,*,#1835,.F.);
#1835 = EDGE_CURVE('',#1604,#1719,#1836,.T.);
#1836 = SURFACE_CURVE('',#1837,(#1841,#1848),.PCURVE_S1.);
#1837 = LINE('',#1838,#1839);
#1838 = CARTESIAN_POINT('',(-20.,2.5,-20.));
#1839 = VECTOR('',#1840,1.);
#1840 = DIRECTION('',(1.,0.,-0.));
#1841 = PCURVE('',#1647,#1842);
#1842 = DEFINITIONAL_REPRESENTATION('',(#1843),#1847);
#1843 = LINE('',#1844,#1845);
#1844 = CARTESIAN_POINT('',(0.,0.));
#1845 = VECTOR('',#1846,1.);
#1846 = DIRECTION('',(0.,1.));
#1847 = ( GEOMETRIC_REPRESENTATION_CONTEXT(2) 
PARAMETRIC_REPRESENTATION_CONTEXT() REPRESENTATION_CONTEXT('2D SPACE',''
  ) );
#1848 = PCURVE('',#1619,#1849);
#1849 = DEFINITIONAL_REPRESENTATION('',(#1850),#1854);
#1850 = LINE('',#1851,#1852);
#1851 = CARTESIAN_POINT('',(0.,5.));
#1852 = VECTOR('',#1853,1.);
#1853 = DIRECTION('',(1.,0.));
#1854 = ( GEOMETRIC_REPRESENTATION_CONTEXT(2) 
PARAMETRIC_REPRESENTATION_CONTEXT() REPRESENTATION_CONTEXT('2D SPACE',''
  ) );
#1855 = ORIENTED_EDGE('',*,*,#1631,.T.);
#1856 = ORIENTED_EDGE('',*,*,#1857,.T.);
#1857 = EDGE_CURVE('',#1632,#1742,#1858,.T.);
#1858 = SURFACE_CURVE('',#1859,(#1863,#1870),.PCURVE_S1.);
#1859 = LINE('',#1860,#1861);
#1860 = CARTESIAN_POINT('',(-20.,2.5,20.));
#1861 = VECTOR('',#1862,1.);
#1862 = DIRECTION('',(1.,0.,-0.));
#1863 = PCURVE('',#1647,#1864);
#1864 = DEFINITIONAL_REPRESENTATION('',(#1865),#1869);
#1865 = LINE('',#1866,#1867);
#1866 = CARTESIAN_POINT('',(40.,0.));
#1867 = VECTOR('',#1868,1.);
#1868 = DIRECTION('',(0.,1.));
#1869 = ( GEOMETRIC_REPRESENTATION_CONTEXT(2) 
PARAMETRIC_REPRESENTATION_CONTEXT() REPRESENTATION_CONTEXT('2D SPACE',''
  ) );
#1870 = PCURVE('',#1673,#1871);
#1871 = DEFINITIONAL_REPRESENTATION('',(#1872),#1876);
#1872 = LINE('',#1873,#1874);
#1873 = CARTESIAN_POINT('',(0.,5.));
#1874 = VECTOR('',#1875,1.);
#1875 = DIRECTION('',(1.,0.));
#1876 = ( GEOMETRIC_REPRESENTATION_CONTEXT(2) 
PARAMETRIC_REPRESENTATION_CONTEXT() REPRESENTATION_CONTEXT('2D SPACE',''
  ) );
#1877 = ORIENTED_EDGE('',*,*,#1741,.F.);
#1878 = ADVANCED_FACE('',(#1879),#1619,.F.);
#1879 = FACE_BOUND('',#1880,.F.);
#1880 = EDGE_LOOP('',(#1881,#1882,#1883,#1884));
#1881 = ORIENTED_EDGE('',*,*,#1603,.F.);
#1882 = ORIENTED_EDGE('',*,*,#1788,.T.);
#1883 = ORIENTED_EDGE('',*,*,#1718,.T.);
#1884 = ORIENTED_EDGE('',*,*,#1835,.F.);
#1885 = ADVANCED_FACE('',(#1886),#1673,.T.);
#1886 = FACE_BOUND('',#1887,.T.);
#1887 = EDGE_LOOP('',(#1888,#1889,#1890,#1891));
#1888 = ORIENTED_EDGE('',*,*,#1659,.F.);
#1889 = ORIENTED_EDGE('',*,*,#1810,.T.);
#1890 = ORIENTED_EDGE('',*,*,#1764,.T.);
#1891 = ORIENTED_EDGE('',*,*,#1857,.F.);
#1892 = ( GEOMETRIC_REPRESENTATION_CONTEXT(3) 
GLOBAL_UNCERTAINTY_ASSIGNED_CONTEXT((#1896)) 
GLOBAL_UNIT_ASSIGNED_CONTEXT((#1893,#1894,#1895)) REPRESENTATION_CONTEXT
('Context #1','3D Context with UNIT and UNCERTAINTY') );
#1893 = ( LENGTH_UNIT() NAMED_UNIT(*) SI_UNIT(.MILLI.,.METRE.) );
#1894 = ( NAMED_UNIT(*) PLANE_ANGLE_UNIT() SI_UNIT($,.RADIAN.) );
#1895 = ( NAMED_UNIT(*) SI_UNIT($,.STERADIAN.) SOLID_ANGLE_UNIT() );
#1896 = UNCERTAINTY_MEASURE_WITH_UNIT(LENGTH_MEASURE(1.E-07),#1893,
  'distance_accuracy_value','confusion accuracy');
#1897 = CONTEXT_DEPENDENT_SHAPE_REPRESENTATION(#1898,#1900);
#1898 = ( REPRESENTATION_RELATIONSHIP('','',#1561,#96) 
REPRESENTATION_RELATIONSHIP_WITH_TRANSFORMATION(#1899) 
SHAPE_REPRESENTATION_RELATIONSHIP() );
#1899 = ITEM_DEFINED_TRANSFORMATION('','',#11,#137);
#1900 = PRODUCT_DEFINITION_SHAPE('Placement','Placement of an item',
  #1901);
#1901 = NEXT_ASSEMBLY_USAGE_OCCURRENCE('133','=>[0:1:1:13]','',#91,#1556
  ,$);
#1902 = PRODUCT_RELATED_PRODUCT_CATEGORY('part',$,(#1558));
#1903 = SHAPE_DEFINITION_REPRESENTATION(#1904,#1910);
#1904 = PRODUCT_DEFINITION_SHAPE('','',#1905);
#1905 = PRODUCT_DEFINITION('design','',#1906,#1909);
#1906 = PRODUCT_DEFINITION_FORMATION('','',#1907);
#1907 = PRODUCT('COMPOUND','COMPOUND','',(#1908));
#1908 = PRODUCT_CONTEXT('',#2,'mechanical');
#1909 = PRODUCT_DEFINITION_CONTEXT('part definition',#2,'design');
#1910 = SHAPE_REPRESENTATION('',(#11,#1911,#1915,#1919,#1923,#1927,#1931
    ),#1935);
#1911 = AXIS2_PLACEMENT_3D('',#1912,#1913,#1914);
#1912 = CARTESIAN_POINT('',(737.78134898774,0.,498.07885188748));
#1913 = DIRECTION('',(0.,0.,1.));
#1914 = DIRECTION('',(1.,0.,-0.));
#1915 = AXIS2_PLACEMENT_3D('',#1916,#1917,#1918);
#1916 = CARTESIAN_POINT('',(0.,0.,0.));
#1917 = DIRECTION('',(0.,0.,1.));
#1918 = DIRECTION('',(1.,0.,-0.));
#1919 = AXIS2_PLACEMENT_3D('',#1920,#1921,#1922);
#1920 = CARTESIAN_POINT('',(0.,0.,0.));
#1921 = DIRECTION('',(0.,0.,1.));
#1922 = DIRECTION('',(1.,0.,-0.));
#1923 = AXIS2_PLACEMENT_3D('',#1924,#1925,#1926);
#1924 = CARTESIAN_POINT('',(0.,0.,0.));
#1925 = DIRECTION('',(0.,0.,1.));
#1926 = DIRECTION('',(1.,0.,-0.));
#1927 = AXIS2_PLACEMENT_3D('',#1928,#1929,#1930);
#1928 = CARTESIAN_POINT('',(0.,0.,0.));
#1929 = DIRECTION('',(0.,0.,1.));
#1930 = DIRECTION('',(1.,0.,-0.));
#1931 = AXIS2_PLACEMENT_3D('',#1932,#1933,#1934);
#1932 = CARTESIAN_POINT('',(0.,0.,0.));
#1933 = DIRECTION('',(0.,0.,1.));
#1934 = DIRECTION('',(1.,0.,-0.));
#1935 = ( GEOMETRIC_REPRESENTATION_CONTEXT(3) 
GLOBAL_UNCERTAINTY_ASSIGNED_CONTEXT((#1939)) 
GLOBAL_UNIT_ASSIGNED_CONTEXT((#1936,#1937,#1938)) REPRESENTATION_CONTEXT
('Context #1','3D Context with UNIT and UNCERTAINTY') );
#1936 = ( LENGTH_UNIT() NAMED_UNIT(*) SI_UNIT(.MILLI.,.METRE.) );
#1937 = ( NAMED_UNIT(*) PLANE_ANGLE_UNIT() SI_UNIT($,.RADIAN.) );
#1938 = ( NAMED_UNIT(*) SI_UNIT($,.STERADIAN.) SOLID_ANGLE_UNIT() );
#1939 = UNCERTAINTY_MEASURE_WITH_UNIT(LENGTH_MEASURE(1.E-07),#1936,
  'distance_accuracy_value','confusion accuracy');
#1940 = CONTEXT_DEPENDENT_SHAPE_REPRESENTATION(#1941,#1943);
#1941 = ( REPRESENTATION_RELATIONSHIP('','',#1910,#10) 
REPRESENTATION_RELATIONSHIP_WITH_TRANSFORMATION(#1942) 
SHAPE_REPRESENTATION_RELATIONSHIP() );
#1942 = ITEM_DEFINED_TRANSFORMATION('','',#11,#19);
#1943 = PRODUCT_DEFINITION_SHAPE('Placement','Placement of an item',
  #1944);
#1944 = NEXT_ASSEMBLY_USAGE_OCCURRENCE('141','=>[0:1:1:14]','',#5,#1905,
  $);
#1945 = PRODUCT_RELATED_PRODUCT_CATEGORY('part',$,(#1907));
#1946 = SHAPE_DEFINITION_REPRESENTATION(#1947,#1953);
#1947 = PRODUCT_DEFINITION_SHAPE('','',#1948);
#1948 = PRODUCT_DEFINITION('design','',#1949,#1952);
#1949 = PRODUCT_DEFINITION_FORMATION('','',#1950);
#1950 = PRODUCT('COMPOUND','COMPOUND','',(#1951));
#1951 = PRODUCT_CONTEXT('',#2,'mechanical');
#1952 = PRODUCT_DEFINITION_CONTEXT('part definition',#2,'design');
#1953 = ADVANCED_BREP_SHAPE_REPRESENTATION('',(#11,#1954),#2284);
#1954 = MANIFOLD_SOLID_BREP('',#1955);
#1955 = CLOSED_SHELL('',(#1956,#2076,#2176,#2223,#2270,#2277));
#1956 = ADVANCED_FACE('',(#1957),#1971,.F.);
#1957 = FACE_BOUND('',#1958,.F.);
#1958 = EDGE_LOOP('',(#1959,#1994,#2022,#2050));
#1959 = ORIENTED_EDGE('',*,*,#1960,.F.);
#1960 = EDGE_CURVE('',#1961,#1963,#1965,.T.);
#1961 = VERTEX_POINT('',#1962);
#1962 = CARTESIAN_POINT('',(-20.,-55.,-11.));
#1963 = VERTEX_POINT('',#1964);
#1964 = CARTESIAN_POINT('',(-20.,-55.,11.));
#1965 = SURFACE_CURVE('',#1966,(#1970,#1982),.PCURVE_S1.);
#1966 = LINE('',#1967,#1968);
#1967 = CARTESIAN_POINT('',(-20.,-55.,-11.));
#1968 = VECTOR('',#1969,1.);
#1969 = DIRECTION('',(0.,0.,1.));
#1970 = PCURVE('',#1971,#1976);
#1971 = PLANE('',#1972);
#1972 = AXIS2_PLACEMENT_3D('',#1973,#1974,#1975);
#1973 = CARTESIAN_POINT('',(-20.,-55.,-11.));
#1974 = DIRECTION('',(1.,0.,-0.));
#1975 = DIRECTION('',(0.,0.,1.));
#1976 = DEFINITIONAL_REPRESENTATION('',(#1977),#1981);
#1977 = LINE('',#1978,#1979);
#1978 = CARTESIAN_POINT('',(0.,0.));
#1979 = VECTOR('',#1980,1.);
#1980 = DIRECTION('',(1.,0.));
#1981 = ( GEOMETRIC_REPRESENTATION_CONTEXT(2) 
PARAMETRIC_REPRESENTATION_CONTEXT() REPRESENTATION_CONTEXT('2D SPACE',''
  ) );
#1982 = PCURVE('',#1983,#1988);
#1983 = PLANE('',#1984);
#1984 = AXIS2_PLACEMENT_3D('',#1985,#1986,#1987);
#1985 = CARTESIAN_POINT('',(-20.,-55.,-11.));
#1986 = DIRECTION('',(-0.,1.,0.));
#1987 = DIRECTION('',(0.,0.,1.));
#1988 = DEFINITIONAL_REPRESENTATION('',(#1989),#1993);
#1989 = LINE('',#1990,#1991);
#1990 = CARTESIAN_POINT('',(0.,0.));
#1991 = VECTOR('',#1992,1.);
#1992 = DIRECTION('',(1.,0.));
#1993 = ( GEOMETRIC_REPRESENTATION_CONTEXT(2) 
PARAMETRIC_REPRESENTATION_CONTEXT() REPRESENTATION_CONTEXT('2D SPACE',''
  ) );
#1994 = ORIENTED_EDGE('',*,*,#1995,.T.);
#1995 = EDGE_CURVE('',#1961,#1996,#1998,.T.);
#1996 = VERTEX_POINT('',#1997);
#1997 = CARTESIAN_POINT('',(-20.,55.,-11.));
#1998 = SURFACE_CURVE('',#1999,(#2003,#2010),.PCURVE_S1.);
#1999 = LINE('',#2000,#2001);
#2000 = CARTESIAN_POINT('',(-20.,-55.,-11.));
#2001 = VECTOR('',#2002,1.);
#2002 = DIRECTION('',(-0.,1.,0.));
#2003 = PCURVE('',#1971,#2004);
#2004 = DEFINITIONAL_REPRESENTATION('',(#2005),#2009);
#2005 = LINE('',#2006,#2007);
#2006 = CARTESIAN_POINT('',(0.,0.));
#2007 = VECTOR('',#2008,1.);
#2008 = DIRECTION('',(0.,-1.));
#2009 = ( GEOMETRIC_REPRESENTATION_CONTEXT(2) 
PARAMETRIC_REPRESENTATION_CONTEXT() REPRESENTATION_CONTEXT('2D SPACE',''
  ) );
#2010 = PCURVE('',#2011,#2016);
#2011 = PLANE('',#2012);
#2012 = AXIS2_PLACEMENT_3D('',#2013,#2014,#2015);
#2013 = CARTESIAN_POINT('',(-20.,-55.,-11.));
#2014 = DIRECTION('',(0.,0.,1.));
#2015 = DIRECTION('',(1.,0.,-0.));
#2016 = DEFINITIONAL_REPRESENTATION('',(#2017),#2021);
#2017 = LINE('',#2018,#2019);
#2018 = CARTESIAN_POINT('',(0.,0.));
#2019 = VECTOR('',#2020,1.);
#2020 = DIRECTION('',(0.,1.));
#2021 = ( GEOMETRIC_REPRESENTATION_CONTEXT(2) 
PARAMETRIC_REPRESENTATION_CONTEXT() REPRESENTATION_CONTEXT('2D SPACE',''
  ) );
#2022 = ORIENTED_EDGE('',*,*,#2023,.T.);
#2023 = EDGE_CURVE('',#1996,#2024,#2026,.T.);
#2024 = VERTEX_POINT('',#2025);
#2025 = CARTESIAN_POINT('',(-20.,55.,11.));
#2026 = SURFACE_CURVE('',#2027,(#2031,#2038),.PCURVE_S1.);
#2027 = LINE('',#2028,#2029);
#2028 = CARTESIAN_POINT('',(-20.,55.,-11.));
#2029 = VECTOR('',#2030,1.);
#2030 = DIRECTION('',(0.,0.,1.));
#2031 = PCURVE('',#1971,#2032);
#2032 = DEFINITIONAL_REPRESENTATION('',(#2033),#2037);
#2033 = LINE('',#2034,#2035);
#2034 = CARTESIAN_POINT('',(0.,-110.));
#2035 = VECTOR('',#2036,1.);
#2036 = DIRECTION('',(1.,0.));
#2037 = ( GEOMETRIC_REPRESENTATION_CONTEXT(2) 
PARAMETRIC_REPRESENTATION_CONTEXT() REPRESENTATION_CONTEXT('2D SPACE',''
  ) );
#2038 = PCURVE('',#2039,#2044);
#2039 = PLANE('',#2040);
#2040 = AXIS2_PLACEMENT_3D('',#2041,#2042,#2043);
#2041 = CARTESIAN_POINT('',(-20.,55.,-11.));
#2042 = DIRECTION('',(-0.,1.,0.));
#2043 = DIRECTION('',(0.,0.,1.));
#2044 = DEFINITIONAL_REPRESENTATION('',(#2045),#2049);
#2045 = LINE('',#2046,#2047);
#2046 = CARTESIAN_POINT('',(0.,0.));
#2047 = VECTOR('',#2048,1.);
#2048 = DIRECTION('',(1.,0.));
#2049 = ( GEOMETRIC_REPRESENTATION_CONTEXT(2) 
PARAMETRIC_REPRESENTATION_CONTEXT() REPRESENTATION_CONTEXT('2D SPACE',''
  ) );
#2050 = ORIENTED_EDGE('',*,*,#2051,.F.);
#2051 = EDGE_CURVE('',#1963,#2024,#2052,.T.);
#2052 = SURFACE_CURVE('',#2053,(#2057,#2064),.PCURVE_S1.);
#2053 = LINE('',#2054,#2055);
#2054 = CARTESIAN_POINT('',(-20.,-55.,11.));
#2055 = VECTOR('',#2056,1.);
#2056 = DIRECTION('',(-0.,1.,0.));
#2057 = PCURVE('',#1971,#2058);
#2058 = DEFINITIONAL_REPRESENTATION('',(#2059),#2063);
#2059 = LINE('',#2060,#2061);
#2060 = CARTESIAN_POINT('',(22.,0.));
#2061 = VECTOR('',#2062,1.);
#2062 = DIRECTION('',(0.,-1.));
#2063 = ( GEOMETRIC_REPRESENTATION_CONTEXT(2) 
PARAMETRIC_REPRESENTATION_CONTEXT() REPRESENTATION_CONTEXT('2D SPACE',''
  ) );
#2064 = PCURVE('',#2065,#2070);
#2065 = PLANE('',#2066);
#2066 = AXIS2_PLACEMENT_3D('',#2067,#2068,#2069);
#2067 = CARTESIAN_POINT('',(-20.,-55.,11.));
#2068 = DIRECTION('',(0.,0.,1.));
#2069 = DIRECTION('',(1.,0.,-0.));
#2070 = DEFINITIONAL_REPRESENTATION('',(#2071),#2075);
#2071 = LINE('',#2072,#2073);
#2072 = CARTESIAN_POINT('',(0.,0.));
#2073 = VECTOR('',#2074,1.);
#2074 = DIRECTION('',(0.,1.));
#2075 = ( GEOMETRIC_REPRESENTATION_CONTEXT(2) 
PARAMETRIC_REPRESENTATION_CONTEXT() REPRESENTATION_CONTEXT('2D SPACE',''
  ) );
#2076 = ADVANCED_FACE('',(#2077),#2091,.T.);
#2077 = FACE_BOUND('',#2078,.T.);
#2078 = EDGE_LOOP('',(#2079,#2109,#2132,#2155));
#2079 = ORIENTED_EDGE('',*,*,#2080,.F.);
#2080 = EDGE_CURVE('',#2081,#2083,#2085,.T.);
#2081 = VERTEX_POINT('',#2082);
#2082 = CARTESIAN_POINT('',(20.,-55.,-11.));
#2083 = VERTEX_POINT('',#2084);
#2084 = CARTESIAN_POINT('',(20.,-55.,11.));
#2085 = SURFACE_CURVE('',#2086,(#2090,#2102),.PCURVE_S1.);
#2086 = LINE('',#2087,#2088);
#2087 = CARTESIAN_POINT('',(20.,-55.,-11.));
#2088 = VECTOR('',#2089,1.);
#2089 = DIRECTION('',(0.,0.,1.));
#2090 = PCURVE('',#2091,#2096);
#2091 = PLANE('',#2092);
#2092 = AXIS2_PLACEMENT_3D('',#2093,#2094,#2095);
#2093 = CARTESIAN_POINT('',(20.,-55.,-11.));
#2094 = DIRECTION('',(1.,0.,-0.));
#2095 = DIRECTION('',(0.,0.,1.));
#2096 = DEFINITIONAL_REPRESENTATION('',(#2097),#2101);
#2097 = LINE('',#2098,#2099);
#2098 = CARTESIAN_POINT('',(0.,0.));
#2099 = VECTOR('',#2100,1.);
#2100 = DIRECTION('',(1.,0.));
#2101 = ( GEOMETRIC_REPRESENTATION_CONTEXT(2) 
PARAMETRIC_REPRESENTATION_CONTEXT() REPRESENTATION_CONTEXT('2D SPACE',''
  ) );
#2102 = PCURVE('',#1983,#2103);
#2103 = DEFINITIONAL_REPRESENTATION('',(#2104),#2108);
#2104 = LINE('',#2105,#2106);
#2105 = CARTESIAN_POINT('',(0.,40.));
#2106 = VECTOR('',#2107,1.);
#2107 = DIRECTION('',(1.,0.));
#2108 = ( GEOMETRIC_REPRESENTATION_CONTEXT(2) 
PARAMETRIC_REPRESENTATION_CONTEXT() REPRESENTATION_CONTEXT('2D SPACE',''
  ) );
#2109 = ORIENTED_EDGE('',*,*,#2110,.T.);
#2110 = EDGE_CURVE('',#2081,#2111,#2113,.T.);
#2111 = VERTEX_POINT('',#2112);
#2112 = CARTESIAN_POINT('',(20.,55.,-11.));
#2113 = SURFACE_CURVE('',#2114,(#2118,#2125),.PCURVE_S1.);
#2114 = LINE('',#2115,#2116);
#2115 = CARTESIAN_POINT('',(20.,-55.,-11.));
#2116 = VECTOR('',#2117,1.);
#2117 = DIRECTION('',(-0.,1.,0.));
#2118 = PCURVE('',#2091,#2119);
#2119 = DEFINITIONAL_REPRESENTATION('',(#2120),#2124);
#2120 = LINE('',#2121,#2122);
#2121 = CARTESIAN_POINT('',(0.,0.));
#2122 = VECTOR('',#2123,1.);
#2123 = DIRECTION('',(0.,-1.));
#2124 = ( GEOMETRIC_REPRESENTATION_CONTEXT(2) 
PARAMETRIC_REPRESENTATION_CONTEXT() REPRESENTATION_CONTEXT('2D SPACE',''
  ) );
#2125 = PCURVE('',#2011,#2126);
#2126 = DEFINITIONAL_REPRESENTATION('',(#2127),#2131);
#2127 = LINE('',#2128,#2129);
#2128 = CARTESIAN_POINT('',(40.,0.));
#2129 = VECTOR('',#2130,1.);
#2130 = DIRECTION('',(0.,1.));
#2131 = ( GEOMETRIC_REPRESENTATION_CONTEXT(2) 
PARAMETRIC_REPRESENTATION_CONTEXT() REPRESENTATION_CONTEXT('2D SPACE',''
  ) );
#2132 = ORIENTED_EDGE('',*,*,#2133,.T.);
#2133 = EDGE_CURVE('',#2111,#2134,#2136,.T.);
#2134 = VERTEX_POINT('',#2135);
#2135 = CARTESIAN_POINT('',(20.,55.,11.));
#2136 = SURFACE_CURVE('',#2137,(#2141,#2148),.PCURVE_S1.);
#2137 = LINE('',#2138,#2139);
#2138 = CARTESIAN_POINT('',(20.,55.,-11.));
#2139 = VECTOR('',#2140,1.);
#2140 = DIRECTION('',(0.,0.,1.));
#2141 = PCURVE('',#2091,#2142);
#2142 = DEFINITIONAL_REPRESENTATION('',(#2143),#2147);
#2143 = LINE('',#2144,#2145);
#2144 = CARTESIAN_POINT('',(0.,-110.));
#2145 = VECTOR('',#2146,1.);
#2146 = DIRECTION('',(1.,0.));
#2147 = ( GEOMETRIC_REPRESENTATION_CONTEXT(2) 
PARAMETRIC_REPRESENTATION_CONTEXT() REPRESENTATION_CONTEXT('2D SPACE',''
  ) );
#2148 = PCURVE('',#2039,#2149);
#2149 = DEFINITIONAL_REPRESENTATION('',(#2150),#2154);
#2150 = LINE('',#2151,#2152);
#2151 = CARTESIAN_POINT('',(0.,40.));
#2152 = VECTOR('',#2153,1.);
#2153 = DIRECTION('',(1.,0.));
#2154 = ( GEOMETRIC_REPRESENTATION_CONTEXT(2) 
PARAMETRIC_REPRESENTATION_CONTEXT() REPRESENTATION_CONTEXT('2D SPACE',''
  ) );
#2155 = ORIENTED_EDGE('',*,*,#2156,.F.);
#2156 = EDGE_CURVE('',#2083,#2134,#2157,.T.);
#2157 = SURFACE_CURVE('',#2158,(#2162,#2169),.PCURVE_S1.);
#2158 = LINE('',#2159,#2160);
#2159 = CARTESIAN_POINT('',(20.,-55.,11.));
#2160 = VECTOR('',#2161,1.);
#2161 = DIRECTION('',(-0.,1.,0.));
#2162 = PCURVE('',#2091,#2163);
#2163 = DEFINITIONAL_REPRESENTATION('',(#2164),#2168);
#2164 = LINE('',#2165,#2166);
#2165 = CARTESIAN_POINT('',(22.,0.));
#2166 = VECTOR('',#2167,1.);
#2167 = DIRECTION('',(0.,-1.));
#2168 = ( GEOMETRIC_REPRESENTATION_CONTEXT(2) 
PARAMETRIC_REPRESENTATION_CONTEXT() REPRESENTATION_CONTEXT('2D SPACE',''
  ) );
#2169 = PCURVE('',#2065,#2170);
#2170 = DEFINITIONAL_REPRESENTATION('',(#2171),#2175);
#2171 = LINE('',#2172,#2173);
#2172 = CARTESIAN_POINT('',(40.,0.));
#2173 = VECTOR('',#2174,1.);
#2174 = DIRECTION('',(0.,1.));
#2175 = ( GEOMETRIC_REPRESENTATION_CONTEXT(2) 
PARAMETRIC_REPRESENTATION_CONTEXT() REPRESENTATION_CONTEXT('2D SPACE',''
  ) );
#2176 = ADVANCED_FACE('',(#2177),#1983,.F.);
#2177 = FACE_BOUND('',#2178,.F.);
#2178 = EDGE_LOOP('',(#2179,#2200,#2201,#2222));
#2179 = ORIENTED_EDGE('',*,*,#2180,.F.);
#2180 = EDGE_CURVE('',#1961,#2081,#2181,.T.);
#2181 = SURFACE_CURVE('',#2182,(#2186,#2193),.PCURVE_S1.);
#2182 = LINE('',#2183,#2184);
#2183 = CARTESIAN_POINT('',(-20.,-55.,-11.));
#2184 = VECTOR('',#2185,1.);
#2185 = DIRECTION('',(1.,0.,-0.));
#2186 = PCURVE('',#1983,#2187);
#2187 = DEFINITIONAL_REPRESENTATION('',(#2188),#2192);
#2188 = LINE('',#2189,#2190);
#2189 = CARTESIAN_POINT('',(0.,0.));
#2190 = VECTOR('',#2191,1.);
#2191 = DIRECTION('',(0.,1.));
#2192 = ( GEOMETRIC_REPRESENTATION_CONTEXT(2) 
PARAMETRIC_REPRESENTATION_CONTEXT() REPRESENTATION_CONTEXT('2D SPACE',''
  ) );
#2193 = PCURVE('',#2011,#2194);
#2194 = DEFINITIONAL_REPRESENTATION('',(#2195),#2199);
#2195 = LINE('',#2196,#2197);
#2196 = CARTESIAN_POINT('',(0.,0.));
#2197 = VECTOR('',#2198,1.);
#2198 = DIRECTION('',(1.,0.));
#2199 = ( GEOMETRIC_REPRESENTATION_CONTEXT(2) 
PARAMETRIC_REPRESENTATION_CONTEXT() REPRESENTATION_CONTEXT('2D SPACE',''
  ) );
#2200 = ORIENTED_EDGE('',*,*,#1960,.T.);
#2201 = ORIENTED_EDGE('',*,*,#2202,.T.);
#2202 = EDGE_CURVE('',#1963,#2083,#2203,.T.);
#2203 = SURFACE_CURVE('',#2204,(#2208,#2215),.PCURVE_S1.);
#2204 = LINE('',#2205,#2206);
#2205 = CARTESIAN_POINT('',(-20.,-55.,11.));
#2206 = VECTOR('',#2207,1.);
#2207 = DIRECTION('',(1.,0.,-0.));
#2208 = PCURVE('',#1983,#2209);
#2209 = DEFINITIONAL_REPRESENTATION('',(#2210),#2214);
#2210 = LINE('',#2211,#2212);
#2211 = CARTESIAN_POINT('',(22.,0.));
#2212 = VECTOR('',#2213,1.);
#2213 = DIRECTION('',(0.,1.));
#2214 = ( GEOMETRIC_REPRESENTATION_CONTEXT(2) 
PARAMETRIC_REPRESENTATION_CONTEXT() REPRESENTATION_CONTEXT('2D SPACE',''
  ) );
#2215 = PCURVE('',#2065,#2216);
#2216 = DEFINITIONAL_REPRESENTATION('',(#2217),#2221);
#2217 = LINE('',#2218,#2219);
#2218 = CARTESIAN_POINT('',(0.,0.));
#2219 = VECTOR('',#2220,1.);
#2220 = DIRECTION('',(1.,0.));
#2221 = ( GEOMETRIC_REPRESENTATION_CONTEXT(2) 
PARAMETRIC_REPRESENTATION_CONTEXT() REPRESENTATION_CONTEXT('2D SPACE',''
  ) );
#2222 = ORIENTED_EDGE('',*,*,#2080,.F.);
#2223 = ADVANCED_FACE('',(#2224),#2039,.T.);
#2224 = FACE_BOUND('',#2225,.T.);
#2225 = EDGE_LOOP('',(#2226,#2247,#2248,#2269));
#2226 = ORIENTED_EDGE('',*,*,#2227,.F.);
#2227 = EDGE_CURVE('',#1996,#2111,#2228,.T.);
#2228 = SURFACE_CURVE('',#2229,(#2233,#2240),.PCURVE_S1.);
#2229 = LINE('',#2230,#2231);
#2230 = CARTESIAN_POINT('',(-20.,55.,-11.));
#2231 = VECTOR('',#2232,1.);
#2232 = DIRECTION('',(1.,0.,-0.));
#2233 = PCURVE('',#2039,#2234);
#2234 = DEFINITIONAL_REPRESENTATION('',(#2235),#2239);
#2235 = LINE('',#2236,#2237);
#2236 = CARTESIAN_POINT('',(0.,0.));
#2237 = VECTOR('',#2238,1.);
#2238 = DIRECTION('',(0.,1.));
#2239 = ( GEOMETRIC_REPRESENTATION_CONTEXT(2) 
PARAMETRIC_REPRESENTATION_CONTEXT() REPRESENTATION_CONTEXT('2D SPACE',''
  ) );
#2240 = PCURVE('',#2011,#2241);
#2241 = DEFINITIONAL_REPRESENTATION('',(#2242),#2246);
#2242 = LINE('',#2243,#2244);
#2243 = CARTESIAN_POINT('',(0.,110.));
#2244 = VECTOR('',#2245,1.);
#2245 = DIRECTION('',(1.,0.));
#2246 = ( GEOMETRIC_REPRESENTATION_CONTEXT(2) 
PARAMETRIC_REPRESENTATION_CONTEXT() REPRESENTATION_CONTEXT('2D SPACE',''
  ) );
#2247 = ORIENTED_EDGE('',*,*,#2023,.T.);
#2248 = ORIENTED_EDGE('',*,*,#2249,.T.);
#2249 = EDGE_CURVE('',#2024,#2134,#2250,.T.);
#2250 = SURFACE_CURVE('',#2251,(#2255,#2262),.PCURVE_S1.);
#2251 = LINE('',#2252,#2253);
#2252 = CARTESIAN_POINT('',(-20.,55.,11.));
#2253 = VECTOR('',#2254,1.);
#2254 = DIRECTION('',(1.,0.,-0.));
#2255 = PCURVE('',#2039,#2256);
#2256 = DEFINITIONAL_REPRESENTATION('',(#2257),#2261);
#2257 = LINE('',#2258,#2259);
#2258 = CARTESIAN_POINT('',(22.,0.));
#2259 = VECTOR('',#2260,1.);
#2260 = DIRECTION('',(0.,1.));
#2261 = ( GEOMETRIC_REPRESENTATION_CONTEXT(2) 
PARAMETRIC_REPRESENTATION_CONTEXT() REPRESENTATION_CONTEXT('2D SPACE',''
  ) );
#2262 = PCURVE('',#2065,#2263);
#2263 = DEFINITIONAL_REPRESENTATION('',(#2264),#2268);
#2264 = LINE('',#2265,#2266);
#2265 = CARTESIAN_POINT('',(0.,110.));
#2266 = VECTOR('',#2267,1.);
#2267 = DIRECTION('',(1.,0.));
#2268 = ( GEOMETRIC_REPRESENTATION_CONTEXT(2) 
PARAMETRIC_REPRESENTATION_CONTEXT() REPRESENTATION_CONTEXT('2D SPACE',''
  ) );
#2269 = ORIENTED_EDGE('',*,*,#2133,.F.);
#2270 = ADVANCED_FACE('',(#2271),#2011,.F.);
#2271 = FACE_BOUND('',#2272,.F.);
#2272 = EDGE_LOOP('',(#2273,#2274,#2275,#2276));
#2273 = ORIENTED_EDGE('',*,*,#1995,.F.);
#2274 = ORIENTED_EDGE('',*,*,#2180,.T.);
#2275 = ORIENTED_EDGE('',*,*,#2110,.T.);
#2276 = ORIENTED_EDGE('',*,*,#2227,.F.);
#2277 = ADVANCED_FACE('',(#2278),#2065,.T.);
#2278 = FACE_BOUND('',#2279,.T.);
#2279 = EDGE_LOOP('',(#2280,#2281,#2282,#2283));
#2280 = ORIENTED_EDGE('',*,*,#2051,.F.);
#2281 = ORIENTED_EDGE('',*,*,#2202,.T.);
#2282 = ORIENTED_EDGE('',*,*,#2156,.T.);
#2283 = ORIENTED_EDGE('',*,*,#2249,.F.);
#2284 = ( GEOMETRIC_REPRESENTATION_CONTEXT(3) 
GLOBAL_UNCERTAINTY_ASSIGNED_CONTEXT((#2288)) 
GLOBAL_UNIT_ASSIGNED_CONTEXT((#2285,#2286,#2287)) REPRESENTATION_CONTEXT
('Context #1','3D Context with UNIT and UNCERTAINTY') );
#2285 = ( LENGTH_UNIT() NAMED_UNIT(*) SI_UNIT(.MILLI.,.METRE.) );
#2286 = ( NAMED_UNIT(*) PLANE_ANGLE_UNIT() SI_UNIT($,.RADIAN.) );
#2287 = ( NAMED_UNIT(*) SI_UNIT($,.STERADIAN.) SOLID_ANGLE_UNIT() );
#2288 = UNCERTAINTY_MEASURE_WITH_UNIT(LENGTH_MEASURE(1.E-07),#2285,
  'distance_accuracy_value','confusion accuracy');
#2289 = CONTEXT_DEPENDENT_SHAPE_REPRESENTATION(#2290,#2292);
#2290 = ( REPRESENTATION_RELATIONSHIP('','',#1953,#1910) 
REPRESENTATION_RELATIONSHIP_WITH_TRANSFORMATION(#2291) 
SHAPE_REPRESENTATION_RELATIONSHIP() );
#2291 = ITEM_DEFINED_TRANSFORMATION('','',#11,#1911);
#2292 = PRODUCT_DEFINITION_SHAPE('Placement','Placement of an item',
  #2293);
#2293 = NEXT_ASSEMBLY_USAGE_OCCURRENCE('135','=>[0:1:1:15]','',#1905,
  #1948,$);
#2294 = PRODUCT_RELATED_PRODUCT_CATEGORY('part',$,(#1950));
#2295 = SHAPE_DEFINITION_REPRESENTATION(#2296,#2302);
#2296 = PRODUCT_DEFINITION_SHAPE('','',#2297);
#2297 = PRODUCT_DEFINITION('design','',#2298,#2301);
#2298 = PRODUCT_DEFINITION_FORMATION('','',#2299);
#2299 = PRODUCT('SOLID','SOLID','',(#2300));
#2300 = PRODUCT_CONTEXT('',#2,'mechanical');
#2301 = PRODUCT_DEFINITION_CONTEXT('part definition',#2,'design');
#2302 = ADVANCED_BREP_SHAPE_REPRESENTATION('',(#11,#2303),#2401);
#2303 = MANIFOLD_SOLID_BREP('',#2304);
#2304 = CLOSED_SHELL('',(#2305,#2393,#2397));
#2305 = ADVANCED_FACE('',(#2306),#2319,.T.);
#2306 = FACE_BOUND('',#2307,.T.);
#2307 = EDGE_LOOP('',(#2308,#2342,#2365,#2392));
#2308 = ORIENTED_EDGE('',*,*,#2309,.F.);
#2309 = EDGE_CURVE('',#2310,#2310,#2312,.T.);
#2310 = VERTEX_POINT('',#2311);
#2311 = CARTESIAN_POINT('',(851.02954771857,-50.,245.58061250096));
#2312 = SURFACE_CURVE('',#2313,(#2318,#2330),.PCURVE_S1.);
#2313 = CIRCLE('',#2314,10.);
#2314 = AXIS2_PLACEMENT_3D('',#2315,#2316,#2317);
#2315 = CARTESIAN_POINT('',(860.,-50.,250.));
#2316 = DIRECTION('',(0.441866536995,-1.807688652001E-02,-0.896898650717
    ));
#2317 = DIRECTION('',(-0.897045228143,-8.673617379884E-19,
    -0.441938749903));
#2318 = PCURVE('',#2319,#2324);
#2319 = CYLINDRICAL_SURFACE('',#2320,10.);
#2320 = AXIS2_PLACEMENT_3D('',#2321,#2322,#2323);
#2321 = CARTESIAN_POINT('',(737.78134898774,-45.,498.07885188748));
#2322 = DIRECTION('',(0.441866536995,-1.807688652001E-02,-0.896898650717
    ));
#2323 = DIRECTION('',(-0.897045228143,-8.673617379884E-19,
    -0.441938749903));
#2324 = DEFINITIONAL_REPRESENTATION('',(#2325),#2329);
#2325 = LINE('',#2326,#2327);
#2326 = CARTESIAN_POINT('',(0.,276.59630404086));
#2327 = VECTOR('',#2328,1.);
#2328 = DIRECTION('',(1.,0.));
#2329 = ( GEOMETRIC_REPRESENTATION_CONTEXT(2) 
PARAMETRIC_REPRESENTATION_CONTEXT() REPRESENTATION_CONTEXT('2D SPACE',''
  ) );
#2330 = PCURVE('',#2331,#2336);
#2331 = PLANE('',#2332);
#2332 = AXIS2_PLACEMENT_3D('',#2333,#2334,#2335);
#2333 = CARTESIAN_POINT('',(860.,-50.,250.));
#2334 = DIRECTION('',(0.441866536995,-1.807688652001E-02,-0.896898650717
    ));
#2335 = DIRECTION('',(-0.897045228143,-8.673617379884E-19,
    -0.441938749903));
#2336 = DEFINITIONAL_REPRESENTATION('',(#2337),#2341);
#2337 = CIRCLE('',#2338,10.);
#2338 = AXIS2_PLACEMENT_2D('',#2339,#2340);
#2339 = CARTESIAN_POINT('',(0.,0.));
#2340 = DIRECTION('',(1.,0.));
#2341 = ( GEOMETRIC_REPRESENTATION_CONTEXT(2) 
PARAMETRIC_REPRESENTATION_CONTEXT() REPRESENTATION_CONTEXT('2D SPACE',''
  ) );
#2342 = ORIENTED_EDGE('',*,*,#2343,.F.);
#2343 = EDGE_CURVE('',#2344,#2310,#2346,.T.);
#2344 = VERTEX_POINT('',#2345);
#2345 = CARTESIAN_POINT('',(728.81089670631,-45.,493.65946438844));
#2346 = SEAM_CURVE('',#2347,(#2351,#2358),.PCURVE_S1.);
#2347 = LINE('',#2348,#2349);
#2348 = CARTESIAN_POINT('',(728.81089670631,-45.,493.65946438844));
#2349 = VECTOR('',#2350,1.);
#2350 = DIRECTION('',(0.441866536995,-1.807688652001E-02,-0.896898650717
    ));
#2351 = PCURVE('',#2319,#2352);
#2352 = DEFINITIONAL_REPRESENTATION('',(#2353),#2357);
#2353 = LINE('',#2354,#2355);
#2354 = CARTESIAN_POINT('',(6.28318530718,-0.));
#2355 = VECTOR('',#2356,1.);
#2356 = DIRECTION('',(0.,1.));
#2357 = ( GEOMETRIC_REPRESENTATION_CONTEXT(2) 
PARAMETRIC_REPRESENTATION_CONTEXT() REPRESENTATION_CONTEXT('2D SPACE',''
  ) );
#2358 = PCURVE('',#2319,#2359);
#2359 = DEFINITIONAL_REPRESENTATION('',(#2360),#2364);
#2360 = LINE('',#2361,#2362);
#2361 = CARTESIAN_POINT('',(0.,-0.));
#2362 = VECTOR('',#2363,1.);
#2363 = DIRECTION('',(0.,1.));
#2364 = ( GEOMETRIC_REPRESENTATION_CONTEXT(2) 
PARAMETRIC_REPRESENTATION_CONTEXT() REPRESENTATION_CONTEXT('2D SPACE',''
  ) );
#2365 = ORIENTED_EDGE('',*,*,#2366,.T.);
#2366 = EDGE_CURVE('',#2344,#2344,#2367,.T.);
#2367 = SURFACE_CURVE('',#2368,(#2373,#2380),.PCURVE_S1.);
#2368 = CIRCLE('',#2369,10.);
#2369 = AXIS2_PLACEMENT_3D('',#2370,#2371,#2372);
#2370 = CARTESIAN_POINT('',(737.78134898774,-45.,498.07885188748));
#2371 = DIRECTION('',(0.441866536995,-1.807688652001E-02,-0.896898650717
    ));
#2372 = DIRECTION('',(-0.897045228143,-8.673617379884E-19,
    -0.441938749903));
#2373 = PCURVE('',#2319,#2374);
#2374 = DEFINITIONAL_REPRESENTATION('',(#2375),#2379);
#2375 = LINE('',#2376,#2377);
#2376 = CARTESIAN_POINT('',(0.,0.));
#2377 = VECTOR('',#2378,1.);
#2378 = DIRECTION('',(1.,0.));
#2379 = ( GEOMETRIC_REPRESENTATION_CONTEXT(2) 
PARAMETRIC_REPRESENTATION_CONTEXT() REPRESENTATION_CONTEXT('2D SPACE',''
  ) );
#2380 = PCURVE('',#2381,#2386);
#2381 = PLANE('',#2382);
#2382 = AXIS2_PLACEMENT_3D('',#2383,#2384,#2385);
#2383 = CARTESIAN_POINT('',(737.78134898774,-45.,498.07885188748));
#2384 = DIRECTION('',(0.441866536995,-1.807688652001E-02,-0.896898650717
    ));
#2385 = DIRECTION('',(-0.897045228143,-8.673617379884E-19,
    -0.441938749903));
#2386 = DEFINITIONAL_REPRESENTATION('',(#2387),#2391);
#2387 = CIRCLE('',#2388,10.);
#2388 = AXIS2_PLACEMENT_2D('',#2389,#2390);
#2389 = CARTESIAN_POINT('',(0.,0.));
#2390 = DIRECTION('',(1.,0.));
#2391 = ( GEOMETRIC_REPRESENTATION_CONTEXT(2) 
PARAMETRIC_REPRESENTATION_CONTEXT() REPRESENTATION_CONTEXT('2D SPACE',''
  ) );
#2392 = ORIENTED_EDGE('',*,*,#2343,.T.);
#2393 = ADVANCED_FACE('',(#2394),#2331,.T.);
#2394 = FACE_BOUND('',#2395,.T.);
#2395 = EDGE_LOOP('',(#2396));
#2396 = ORIENTED_EDGE('',*,*,#2309,.T.);
#2397 = ADVANCED_FACE('',(#2398),#2381,.F.);
#2398 = FACE_BOUND('',#2399,.T.);
#2399 = EDGE_LOOP('',(#2400));
#2400 = ORIENTED_EDGE('',*,*,#2366,.F.);
#2401 = ( GEOMETRIC_REPRESENTATION_CONTEXT(3) 
GLOBAL_UNCERTAINTY_ASSIGNED_CONTEXT((#2405)) 
GLOBAL_UNIT_ASSIGNED_CONTEXT((#2402,#2403,#2404)) REPRESENTATION_CONTEXT
('Context #1','3D Context with UNIT and UNCERTAINTY') );
#2402 = ( LENGTH_UNIT() NAMED_UNIT(*) SI_UNIT(.MILLI.,.METRE.) );
#2403 = ( NAMED_UNIT(*) PLANE_ANGLE_UNIT() SI_UNIT($,.RADIAN.) );
#2404 = ( NAMED_UNIT(*) SI_UNIT($,.STERADIAN.) SOLID_ANGLE_UNIT() );
#2405 = UNCERTAINTY_MEASURE_WITH_UNIT(LENGTH_MEASURE(1.E-07),#2402,
  'distance_accuracy_value','confusion accuracy');
#2406 = CONTEXT_DEPENDENT_SHAPE_REPRESENTATION(#2407,#2409);
#2407 = ( REPRESENTATION_RELATIONSHIP('','',#2302,#1910) 
REPRESENTATION_RELATIONSHIP_WITH_TRANSFORMATION(#2408) 
SHAPE_REPRESENTATION_RELATIONSHIP() );
#2408 = ITEM_DEFINED_TRANSFORMATION('','',#11,#1915);
#2409 = PRODUCT_DEFINITION_SHAPE('Placement','Placement of an item',
  #2410);
#2410 = NEXT_ASSEMBLY_USAGE_OCCURRENCE('136','=>[0:1:1:16]','',#1905,
  #2297,$);
#2411 = PRODUCT_RELATED_PRODUCT_CATEGORY('part',$,(#2299));
#2412 = SHAPE_DEFINITION_REPRESENTATION(#2413,#2419);
#2413 = PRODUCT_DEFINITION_SHAPE('','',#2414);
#2414 = PRODUCT_DEFINITION('design','',#2415,#2418);
#2415 = PRODUCT_DEFINITION_FORMATION('','',#2416);
#2416 = PRODUCT('SOLID','SOLID','',(#2417));
#2417 = PRODUCT_CONTEXT('',#2,'mechanical');
#2418 = PRODUCT_DEFINITION_CONTEXT('part definition',#2,'design');
#2419 = ADVANCED_BREP_SHAPE_REPRESENTATION('',(#11,#2420),#2518);
#2420 = MANIFOLD_SOLID_BREP('',#2421);
#2421 = CLOSED_SHELL('',(#2422,#2510,#2514));
#2422 = ADVANCED_FACE('',(#2423),#2436,.T.);
#2423 = FACE_BOUND('',#2424,.T.);
#2424 = EDGE_LOOP('',(#2425,#2459,#2482,#2509));
#2425 = ORIENTED_EDGE('',*,*,#2426,.F.);
#2426 = EDGE_CURVE('',#2427,#2427,#2429,.T.);
#2427 = VERTEX_POINT('',#2428);
#2428 = CARTESIAN_POINT('',(851.02954771857,50.,245.58061250096));
#2429 = SURFACE_CURVE('',#2430,(#2435,#2447),.PCURVE_S1.);
#2430 = CIRCLE('',#2431,10.);
#2431 = AXIS2_PLACEMENT_3D('',#2432,#2433,#2434);
#2432 = CARTESIAN_POINT('',(860.,50.,250.));
#2433 = DIRECTION('',(0.441866536995,1.807688652001E-02,-0.896898650717)
  );
#2434 = DIRECTION('',(-0.897045228143,8.673617379884E-19,-0.441938749903
    ));
#2435 = PCURVE('',#2436,#2441);
#2436 = CYLINDRICAL_SURFACE('',#2437,10.);
#2437 = AXIS2_PLACEMENT_3D('',#2438,#2439,#2440);
#2438 = CARTESIAN_POINT('',(737.78134898774,45.,498.07885188748));
#2439 = DIRECTION('',(0.441866536995,1.807688652001E-02,-0.896898650717)
  );
#2440 = DIRECTION('',(-0.897045228143,8.673617379884E-19,-0.441938749903
    ));
#2441 = DEFINITIONAL_REPRESENTATION('',(#2442),#2446);
#2442 = LINE('',#2443,#2444);
#2443 = CARTESIAN_POINT('',(0.,276.59630404086));
#2444 = VECTOR('',#2445,1.);
#2445 = DIRECTION('',(1.,0.));
#2446 = ( GEOMETRIC_REPRESENTATION_CONTEXT(2) 
PARAMETRIC_REPRESENTATION_CONTEXT() REPRESENTATION_CONTEXT('2D SPACE',''
  ) );
#2447 = PCURVE('',#2448,#2453);
#2448 = PLANE('',#2449);
#2449 = AXIS2_PLACEMENT_3D('',#2450,#2451,#2452);
#2450 = CARTESIAN_POINT('',(860.,50.,250.));
#2451 = DIRECTION('',(0.441866536995,1.807688652001E-02,-0.896898650717)
  );
#2452 = DIRECTION('',(-0.897045228143,8.673617379884E-19,-0.441938749903
    ));
#2453 = DEFINITIONAL_REPRESENTATION('',(#2454),#2458);
#2454 = CIRCLE('',#2455,10.);
#2455 = AXIS2_PLACEMENT_2D('',#2456,#2457);
#2456 = CARTESIAN_POINT('',(0.,0.));
#2457 = DIRECTION('',(1.,0.));
#2458 = ( GEOMETRIC_REPRESENTATION_CONTEXT(2) 
PARAMETRIC_REPRESENTATION_CONTEXT() REPRESENTATION_CONTEXT('2D SPACE',''
  ) );
#2459 = ORIENTED_EDGE('',*,*,#2460,.F.);
#2460 = EDGE_CURVE('',#2461,#2427,#2463,.T.);
#2461 = VERTEX_POINT('',#2462);
#2462 = CARTESIAN_POINT('',(728.81089670631,45.,493.65946438844));
#2463 = SEAM_CURVE('',#2464,(#2468,#2475),.PCURVE_S1.);
#2464 = LINE('',#2465,#2466);
#2465 = CARTESIAN_POINT('',(728.81089670631,45.,493.65946438844));
#2466 = VECTOR('',#2467,1.);
#2467 = DIRECTION('',(0.441866536995,1.807688652001E-02,-0.896898650717)
  );
#2468 = PCURVE('',#2436,#2469);
#2469 = DEFINITIONAL_REPRESENTATION('',(#2470),#2474);
#2470 = LINE('',#2471,#2472);
#2471 = CARTESIAN_POINT('',(6.28318530718,-0.));
#2472 = VECTOR('',#2473,1.);
#2473 = DIRECTION('',(0.,1.));
#2474 = ( GEOMETRIC_REPRESENTATION_CONTEXT(2) 
PARAMETRIC_REPRESENTATION_CONTEXT() REPRESENTATION_CONTEXT('2D SPACE',''
  ) );
#2475 = PCURVE('',#2436,#2476);
#2476 = DEFINITIONAL_REPRESENTATION('',(#2477),#2481);
#2477 = LINE('',#2478,#2479);
#2478 = CARTESIAN_POINT('',(0.,-0.));
#2479 = VECTOR('',#2480,1.);
#2480 = DIRECTION('',(0.,1.));
#2481 = ( GEOMETRIC_REPRESENTATION_CONTEXT(2) 
PARAMETRIC_REPRESENTATION_CONTEXT() REPRESENTATION_CONTEXT('2D SPACE',''
  ) );
#2482 = ORIENTED_EDGE('',*,*,#2483,.T.);
#2483 = EDGE_CURVE('',#2461,#2461,#2484,.T.);
#2484 = SURFACE_CURVE('',#2485,(#2490,#2497),.PCURVE_S1.);
#2485 = CIRCLE('',#2486,10.);
#2486 = AXIS2_PLACEMENT_3D('',#2487,#2488,#2489);
#2487 = CARTESIAN_POINT('',(737.78134898774,45.,498.07885188748));
#2488 = DIRECTION('',(0.441866536995,1.807688652001E-02,-0.896898650717)
  );
#2489 = DIRECTION('',(-0.897045228143,8.673617379884E-19,-0.441938749903
    ));
#2490 = PCURVE('',#2436,#2491);
#2491 = DEFINITIONAL_REPRESENTATION('',(#2492),#2496);
#2492 = LINE('',#2493,#2494);
#2493 = CARTESIAN_POINT('',(0.,0.));
#2494 = VECTOR('',#2495,1.);
#2495 = DIRECTION('',(1.,0.));
#2496 = ( GEOMETRIC_REPRESENTATION_CONTEXT(2) 
PARAMETRIC_REPRESENTATION_CONTEXT() REPRESENTATION_CONTEXT('2D SPACE',''
  ) );
#2497 = PCURVE('',#2498,#2503);
#2498 = PLANE('',#2499);
#2499 = AXIS2_PLACEMENT_3D('',#2500,#2501,#2502);
#2500 = CARTESIAN_POINT('',(737.78134898774,45.,498.07885188748));
#2501 = DIRECTION('',(0.441866536995,1.807688652001E-02,-0.896898650717)
  );
#2502 = DIRECTION('',(-0.897045228143,8.673617379884E-19,-0.441938749903
    ));
#2503 = DEFINITIONAL_REPRESENTATION('',(#2504),#2508);
#2504 = CIRCLE('',#2505,10.);
#2505 = AXIS2_PLACEMENT_2D('',#2506,#2507);
#2506 = CARTESIAN_POINT('',(0.,0.));
#2507 = DIRECTION('',(1.,0.));
#2508 = ( GEOMETRIC_REPRESENTATION_CONTEXT(2) 
PARAMETRIC_REPRESENTATION_CONTEXT() REPRESENTATION_CONTEXT('2D SPACE',''
  ) );
#2509 = ORIENTED_EDGE('',*,*,#2460,.T.);
#2510 = ADVANCED_FACE('',(#2511),#2448,.T.);
#2511 = FACE_BOUND('',#2512,.T.);
#2512 = EDGE_LOOP('',(#2513));
#2513 = ORIENTED_EDGE('',*,*,#2426,.T.);
#2514 = ADVANCED_FACE('',(#2515),#2498,.F.);
#2515 = FACE_BOUND('',#2516,.T.);
#2516 = EDGE_LOOP('',(#2517));
#2517 = ORIENTED_EDGE('',*,*,#2483,.F.);
#2518 = ( GEOMETRIC_REPRESENTATION_CONTEXT(3) 
GLOBAL_UNCERTAINTY_ASSIGNED_CONTEXT((#2522)) 
GLOBAL_UNIT_ASSIGNED_CONTEXT((#2519,#2520,#2521)) REPRESENTATION_CONTEXT
('Context #1','3D Context with UNIT and UNCERTAINTY') );
#2519 = ( LENGTH_UNIT() NAMED_UNIT(*) SI_UNIT(.MILLI.,.METRE.) );
#2520 = ( NAMED_UNIT(*) PLANE_ANGLE_UNIT() SI_UNIT($,.RADIAN.) );
#2521 = ( NAMED_UNIT(*) SI_UNIT($,.STERADIAN.) SOLID_ANGLE_UNIT() );
#2522 = UNCERTAINTY_MEASURE_WITH_UNIT(LENGTH_MEASURE(1.E-07),#2519,
  'distance_accuracy_value','confusion accuracy');
#2523 = CONTEXT_DEPENDENT_SHAPE_REPRESENTATION(#2524,#2526);
#2524 = ( REPRESENTATION_RELATIONSHIP('','',#2419,#1910) 
REPRESENTATION_RELATIONSHIP_WITH_TRANSFORMATION(#2525) 
SHAPE_REPRESENTATION_RELATIONSHIP() );
#2525 = ITEM_DEFINED_TRANSFORMATION('','',#11,#1919);
#2526 = PRODUCT_DEFINITION_SHAPE('Placement','Placement of an item',
  #2527);
#2527 = NEXT_ASSEMBLY_USAGE_OCCURRENCE('137','=>[0:1:1:17]','',#1905,
  #2414,$);
#2528 = PRODUCT_RELATED_PRODUCT_CATEGORY('part',$,(#2416));
#2529 = SHAPE_DEFINITION_REPRESENTATION(#2530,#2536);
#2530 = PRODUCT_DEFINITION_SHAPE('','',#2531);
#2531 = PRODUCT_DEFINITION('design','',#2532,#2535);
#2532 = PRODUCT_DEFINITION_FORMATION('','',#2533);
#2533 = PRODUCT('SOLID','SOLID','',(#2534));
#2534 = PRODUCT_CONTEXT('',#2,'mechanical');
#2535 = PRODUCT_DEFINITION_CONTEXT('part definition',#2,'design');
#2536 = ADVANCED_BREP_SHAPE_REPRESENTATION('',(#11,#2537),#2635);
#2537 = MANIFOLD_SOLID_BREP('',#2538);
#2538 = CLOSED_SHELL('',(#2539,#2627,#2631));
#2539 = ADVANCED_FACE('',(#2540),#2553,.T.);
#2540 = FACE_BOUND('',#2541,.T.);
#2541 = EDGE_LOOP('',(#2542,#2576,#2599,#2626));
#2542 = ORIENTED_EDGE('',*,*,#2543,.F.);
#2543 = EDGE_CURVE('',#2544,#2544,#2546,.T.);
#2544 = VERTEX_POINT('',#2545);
#2545 = CARTESIAN_POINT('',(670.70879216349,-3.110602869834E-15,
    719.49150310926));
#2546 = SURFACE_CURVE('',#2547,(#2552,#2564),.PCURVE_S1.);
#2547 = CIRCLE('',#2548,12.7);
#2548 = AXIS2_PLACEMENT_3D('',#2549,#2550,#2551);
#2549 = CARTESIAN_POINT('',(658.77469587951,0.,715.14784728902));
#2550 = DIRECTION('',(-0.342020143326,0.,0.939692620786));
#2551 = DIRECTION('',(0.939692620786,0.,0.342020143326));
#2552 = PCURVE('',#2553,#2558);
#2553 = CYLINDRICAL_SURFACE('',#2554,12.7);
#2554 = AXIS2_PLACEMENT_3D('',#2555,#2556,#2557);
#2555 = CARTESIAN_POINT('',(734.01912741116,0.,508.41547071612));
#2556 = DIRECTION('',(-0.342020143326,0.,0.939692620786));
#2557 = DIRECTION('',(0.939692620786,0.,0.342020143326));
#2558 = DEFINITIONAL_REPRESENTATION('',(#2559),#2563);
#2559 = LINE('',#2560,#2561);
#2560 = CARTESIAN_POINT('',(0.,220.));
#2561 = VECTOR('',#2562,1.);
#2562 = DIRECTION('',(1.,0.));
#2563 = ( GEOMETRIC_REPRESENTATION_CONTEXT(2) 
PARAMETRIC_REPRESENTATION_CONTEXT() REPRESENTATION_CONTEXT('2D SPACE',''
  ) );
#2564 = PCURVE('',#2565,#2570);
#2565 = PLANE('',#2566);
#2566 = AXIS2_PLACEMENT_3D('',#2567,#2568,#2569);
#2567 = CARTESIAN_POINT('',(658.77469587951,0.,715.14784728902));
#2568 = DIRECTION('',(-0.342020143326,0.,0.939692620786));
#2569 = DIRECTION('',(0.939692620786,0.,0.342020143326));
#2570 = DEFINITIONAL_REPRESENTATION('',(#2571),#2575);
#2571 = CIRCLE('',#2572,12.7);
#2572 = AXIS2_PLACEMENT_2D('',#2573,#2574);
#2573 = CARTESIAN_POINT('',(0.,0.));
#2574 = DIRECTION('',(1.,0.));
#2575 = ( GEOMETRIC_REPRESENTATION_CONTEXT(2) 
PARAMETRIC_REPRESENTATION_CONTEXT() REPRESENTATION_CONTEXT('2D SPACE',''
  ) );
#2576 = ORIENTED_EDGE('',*,*,#2577,.F.);
#2577 = EDGE_CURVE('',#2578,#2544,#2580,.T.);
#2578 = VERTEX_POINT('',#2579);
#2579 = CARTESIAN_POINT('',(745.95322369514,-3.110602869834E-15,
    512.75912653636));
#2580 = SEAM_CURVE('',#2581,(#2585,#2592),.PCURVE_S1.);
#2581 = LINE('',#2582,#2583);
#2582 = CARTESIAN_POINT('',(745.95322369514,-3.110602869834E-15,
    512.75912653636));
#2583 = VECTOR('',#2584,1.);
#2584 = DIRECTION('',(-0.342020143326,-1.232595164408E-32,0.939692620786
    ));
#2585 = PCURVE('',#2553,#2586);
#2586 = DEFINITIONAL_REPRESENTATION('',(#2587),#2591);
#2587 = LINE('',#2588,#2589);
#2588 = CARTESIAN_POINT('',(6.28318530718,-0.));
#2589 = VECTOR('',#2590,1.);
#2590 = DIRECTION('',(0.,1.));
#2591 = ( GEOMETRIC_REPRESENTATION_CONTEXT(2) 
PARAMETRIC_REPRESENTATION_CONTEXT() REPRESENTATION_CONTEXT('2D SPACE',''
  ) );
#2592 = PCURVE('',#2553,#2593);
#2593 = DEFINITIONAL_REPRESENTATION('',(#2594),#2598);
#2594 = LINE('',#2595,#2596);
#2595 = CARTESIAN_POINT('',(0.,-0.));
#2596 = VECTOR('',#2597,1.);
#2597 = DIRECTION('',(0.,1.));
#2598 = ( GEOMETRIC_REPRESENTATION_CONTEXT(2) 
PARAMETRIC_REPRESENTATION_CONTEXT() REPRESENTATION_CONTEXT('2D SPACE',''
  ) );
#2599 = ORIENTED_EDGE('',*,*,#2600,.T.);
#2600 = EDGE_CURVE('',#2578,#2578,#2601,.T.);
#2601 = SURFACE_CURVE('',#2602,(#2607,#2614),.PCURVE_S1.);
#2602 = CIRCLE('',#2603,12.7);
#2603 = AXIS2_PLACEMENT_3D('',#2604,#2605,#2606);
#2604 = CARTESIAN_POINT('',(734.01912741116,0.,508.41547071612));
#2605 = DIRECTION('',(-0.342020143326,0.,0.939692620786));
#2606 = DIRECTION('',(0.939692620786,0.,0.342020143326));
#2607 = PCURVE('',#2553,#2608);
#2608 = DEFINITIONAL_REPRESENTATION('',(#2609),#2613);
#2609 = LINE('',#2610,#2611);
#2610 = CARTESIAN_POINT('',(0.,0.));
#2611 = VECTOR('',#2612,1.);
#2612 = DIRECTION('',(1.,0.));
#2613 = ( GEOMETRIC_REPRESENTATION_CONTEXT(2) 
PARAMETRIC_REPRESENTATION_CONTEXT() REPRESENTATION_CONTEXT('2D SPACE',''
  ) );
#2614 = PCURVE('',#2615,#2620);
#2615 = PLANE('',#2616);
#2616 = AXIS2_PLACEMENT_3D('',#2617,#2618,#2619);
#2617 = CARTESIAN_POINT('',(734.01912741116,0.,508.41547071612));
#2618 = DIRECTION('',(-0.342020143326,0.,0.939692620786));
#2619 = DIRECTION('',(0.939692620786,0.,0.342020143326));
#2620 = DEFINITIONAL_REPRESENTATION('',(#2621),#2625);
#2621 = CIRCLE('',#2622,12.7);
#2622 = AXIS2_PLACEMENT_2D('',#2623,#2624);
#2623 = CARTESIAN_POINT('',(0.,0.));
#2624 = DIRECTION('',(1.,0.));
#2625 = ( GEOMETRIC_REPRESENTATION_CONTEXT(2) 
PARAMETRIC_REPRESENTATION_CONTEXT() REPRESENTATION_CONTEXT('2D SPACE',''
  ) );
#2626 = ORIENTED_EDGE('',*,*,#2577,.T.);
#2627 = ADVANCED_FACE('',(#2628),#2565,.T.);
#2628 = FACE_BOUND('',#2629,.T.);
#2629 = EDGE_LOOP('',(#2630));
#2630 = ORIENTED_EDGE('',*,*,#2543,.T.);
#2631 = ADVANCED_FACE('',(#2632),#2615,.F.);
#2632 = FACE_BOUND('',#2633,.T.);
#2633 = EDGE_LOOP('',(#2634));
#2634 = ORIENTED_EDGE('',*,*,#2600,.F.);
#2635 = ( GEOMETRIC_REPRESENTATION_CONTEXT(3) 
GLOBAL_UNCERTAINTY_ASSIGNED_CONTEXT((#2639)) 
GLOBAL_UNIT_ASSIGNED_CONTEXT((#2636,#2637,#2638)) REPRESENTATION_CONTEXT
('Context #1','3D Context with UNIT and UNCERTAINTY') );
#2636 = ( LENGTH_UNIT() NAMED_UNIT(*) SI_UNIT(.MILLI.,.METRE.) );
#2637 = ( NAMED_UNIT(*) PLANE_ANGLE_UNIT() SI_UNIT($,.RADIAN.) );
#2638 = ( NAMED_UNIT(*) SI_UNIT($,.STERADIAN.) SOLID_ANGLE_UNIT() );
#2639 = UNCERTAINTY_MEASURE_WITH_UNIT(LENGTH_MEASURE(1.E-07),#2636,
  'distance_accuracy_value','confusion accuracy');
#2640 = CONTEXT_DEPENDENT_SHAPE_REPRESENTATION(#2641,#2643);
#2641 = ( REPRESENTATION_RELATIONSHIP('','',#2536,#1910) 
REPRESENTATION_RELATIONSHIP_WITH_TRANSFORMATION(#2642) 
SHAPE_REPRESENTATION_RELATIONSHIP() );
#2642 = ITEM_DEFINED_TRANSFORMATION('','',#11,#1923);
#2643 = PRODUCT_DEFINITION_SHAPE('Placement','Placement of an item',
  #2644);
#2644 = NEXT_ASSEMBLY_USAGE_OCCURRENCE('138','=>[0:1:1:18]','',#1905,
  #2531,$);
#2645 = PRODUCT_RELATED_PRODUCT_CATEGORY('part',$,(#2533));
#2646 = SHAPE_DEFINITION_REPRESENTATION(#2647,#2653);
#2647 = PRODUCT_DEFINITION_SHAPE('','',#2648);
#2648 = PRODUCT_DEFINITION('design','',#2649,#2652);
#2649 = PRODUCT_DEFINITION_FORMATION('','',#2650);
#2650 = PRODUCT('SOLID','SOLID','',(#2651));
#2651 = PRODUCT_CONTEXT('',#2,'mechanical');
#2652 = PRODUCT_DEFINITION_CONTEXT('part definition',#2,'design');
#2653 = ADVANCED_BREP_SHAPE_REPRESENTATION('',(#11,#2654),#2752);
#2654 = MANIFOLD_SOLID_BREP('',#2655);
#2655 = CLOSED_SHELL('',(#2656,#2744,#2748));
#2656 = ADVANCED_FACE('',(#2657),#2670,.T.);
#2657 = FACE_BOUND('',#2658,.T.);
#2658 = EDGE_LOOP('',(#2659,#2693,#2716,#2743));
#2659 = ORIENTED_EDGE('',*,*,#2660,.F.);
#2660 = EDGE_CURVE('',#2661,#2661,#2663,.T.);
#2661 = VERTEX_POINT('',#2662);
#2662 = CARTESIAN_POINT('',(747.51339315205,-4.40872847693E-15,
    523.96875950384));
#2663 = SURFACE_CURVE('',#2664,(#2669,#2681),.PCURVE_S1.);
#2664 = CIRCLE('',#2665,18.);
#2665 = AXIS2_PLACEMENT_3D('',#2666,#2667,#2668);
#2666 = CARTESIAN_POINT('',(730.5989259779,0.,517.81239692398));
#2667 = DIRECTION('',(-0.342020143326,0.,0.939692620786));
#2668 = DIRECTION('',(0.939692620786,0.,0.342020143326));
#2669 = PCURVE('',#2670,#2675);
#2670 = CYLINDRICAL_SURFACE('',#2671,18.);
#2671 = AXIS2_PLACEMENT_3D('',#2672,#2673,#2674);
#2672 = CARTESIAN_POINT('',(734.01912741116,0.,508.41547071612));
#2673 = DIRECTION('',(-0.342020143326,0.,0.939692620786));
#2674 = DIRECTION('',(0.939692620786,0.,0.342020143326));
#2675 = DEFINITIONAL_REPRESENTATION('',(#2676),#2680);
#2676 = LINE('',#2677,#2678);
#2677 = CARTESIAN_POINT('',(0.,10.));
#2678 = VECTOR('',#2679,1.);
#2679 = DIRECTION('',(1.,0.));
#2680 = ( GEOMETRIC_REPRESENTATION_CONTEXT(2) 
PARAMETRIC_REPRESENTATION_CONTEXT() REPRESENTATION_CONTEXT('2D SPACE',''
  ) );
#2681 = PCURVE('',#2682,#2687);
#2682 = PLANE('',#2683);
#2683 = AXIS2_PLACEMENT_3D('',#2684,#2685,#2686);
#2684 = CARTESIAN_POINT('',(730.5989259779,0.,517.81239692398));
#2685 = DIRECTION('',(-0.342020143326,0.,0.939692620786));
#2686 = DIRECTION('',(0.939692620786,0.,0.342020143326));
#2687 = DEFINITIONAL_REPRESENTATION('',(#2688),#2692);
#2688 = CIRCLE('',#2689,18.);
#2689 = AXIS2_PLACEMENT_2D('',#2690,#2691);
#2690 = CARTESIAN_POINT('',(0.,0.));
#2691 = DIRECTION('',(1.,0.));
#2692 = ( GEOMETRIC_REPRESENTATION_CONTEXT(2) 
PARAMETRIC_REPRESENTATION_CONTEXT() REPRESENTATION_CONTEXT('2D SPACE',''
  ) );
#2693 = ORIENTED_EDGE('',*,*,#2694,.F.);
#2694 = EDGE_CURVE('',#2695,#2661,#2697,.T.);
#2695 = VERTEX_POINT('',#2696);
#2696 = CARTESIAN_POINT('',(750.93359458531,-4.40872847693E-15,
    514.57183329598));
#2697 = SEAM_CURVE('',#2698,(#2702,#2709),.PCURVE_S1.);
#2698 = LINE('',#2699,#2700);
#2699 = CARTESIAN_POINT('',(750.93359458531,-4.40872847693E-15,
    514.57183329598));
#2700 = VECTOR('',#2701,1.);
#2701 = DIRECTION('',(-0.342020143326,0.,0.939692620786));
#2702 = PCURVE('',#2670,#2703);
#2703 = DEFINITIONAL_REPRESENTATION('',(#2704),#2708);
#2704 = LINE('',#2705,#2706);
#2705 = CARTESIAN_POINT('',(6.28318530718,-0.));
#2706 = VECTOR('',#2707,1.);
#2707 = DIRECTION('',(0.,1.));
#2708 = ( GEOMETRIC_REPRESENTATION_CONTEXT(2) 
PARAMETRIC_REPRESENTATION_CONTEXT() REPRESENTATION_CONTEXT('2D SPACE',''
  ) );
#2709 = PCURVE('',#2670,#2710);
#2710 = DEFINITIONAL_REPRESENTATION('',(#2711),#2715);
#2711 = LINE('',#2712,#2713);
#2712 = CARTESIAN_POINT('',(0.,-0.));
#2713 = VECTOR('',#2714,1.);
#2714 = DIRECTION('',(0.,1.));
#2715 = ( GEOMETRIC_REPRESENTATION_CONTEXT(2) 
PARAMETRIC_REPRESENTATION_CONTEXT() REPRESENTATION_CONTEXT('2D SPACE',''
  ) );
#2716 = ORIENTED_EDGE('',*,*,#2717,.T.);
#2717 = EDGE_CURVE('',#2695,#2695,#2718,.T.);
#2718 = SURFACE_CURVE('',#2719,(#2724,#2731),.PCURVE_S1.);
#2719 = CIRCLE('',#2720,18.);
#2720 = AXIS2_PLACEMENT_3D('',#2721,#2722,#2723);
#2721 = CARTESIAN_POINT('',(734.01912741116,0.,508.41547071612));
#2722 = DIRECTION('',(-0.342020143326,0.,0.939692620786));
#2723 = DIRECTION('',(0.939692620786,0.,0.342020143326));
#2724 = PCURVE('',#2670,#2725);
#2725 = DEFINITIONAL_REPRESENTATION('',(#2726),#2730);
#2726 = LINE('',#2727,#2728);
#2727 = CARTESIAN_POINT('',(0.,0.));
#2728 = VECTOR('',#2729,1.);
#2729 = DIRECTION('',(1.,0.));
#2730 = ( GEOMETRIC_REPRESENTATION_CONTEXT(2) 
PARAMETRIC_REPRESENTATION_CONTEXT() REPRESENTATION_CONTEXT('2D SPACE',''
  ) );
#2731 = PCURVE('',#2732,#2737);
#2732 = PLANE('',#2733);
#2733 = AXIS2_PLACEMENT_3D('',#2734,#2735,#2736);
#2734 = CARTESIAN_POINT('',(734.01912741116,0.,508.41547071612));
#2735 = DIRECTION('',(-0.342020143326,0.,0.939692620786));
#2736 = DIRECTION('',(0.939692620786,0.,0.342020143326));
#2737 = DEFINITIONAL_REPRESENTATION('',(#2738),#2742);
#2738 = CIRCLE('',#2739,18.);
#2739 = AXIS2_PLACEMENT_2D('',#2740,#2741);
#2740 = CARTESIAN_POINT('',(0.,0.));
#2741 = DIRECTION('',(1.,0.));
#2742 = ( GEOMETRIC_REPRESENTATION_CONTEXT(2) 
PARAMETRIC_REPRESENTATION_CONTEXT() REPRESENTATION_CONTEXT('2D SPACE',''
  ) );
#2743 = ORIENTED_EDGE('',*,*,#2694,.T.);
#2744 = ADVANCED_FACE('',(#2745),#2682,.T.);
#2745 = FACE_BOUND('',#2746,.T.);
#2746 = EDGE_LOOP('',(#2747));
#2747 = ORIENTED_EDGE('',*,*,#2660,.T.);
#2748 = ADVANCED_FACE('',(#2749),#2732,.F.);
#2749 = FACE_BOUND('',#2750,.T.);
#2750 = EDGE_LOOP('',(#2751));
#2751 = ORIENTED_EDGE('',*,*,#2717,.F.);
#2752 = ( GEOMETRIC_REPRESENTATION_CONTEXT(3) 
GLOBAL_UNCERTAINTY_ASSIGNED_CONTEXT((#2756)) 
GLOBAL_UNIT_ASSIGNED_CONTEXT((#2753,#2754,#2755)) REPRESENTATION_CONTEXT
('Context #1','3D Context with UNIT and UNCERTAINTY') );
#2753 = ( LENGTH_UNIT() NAMED_UNIT(*) SI_UNIT(.MILLI.,.METRE.) );
#2754 = ( NAMED_UNIT(*) PLANE_ANGLE_UNIT() SI_UNIT($,.RADIAN.) );
#2755 = ( NAMED_UNIT(*) SI_UNIT($,.STERADIAN.) SOLID_ANGLE_UNIT() );
#2756 = UNCERTAINTY_MEASURE_WITH_UNIT(LENGTH_MEASURE(1.E-07),#2753,
  'distance_accuracy_value','confusion accuracy');
#2757 = CONTEXT_DEPENDENT_SHAPE_REPRESENTATION(#2758,#2760);
#2758 = ( REPRESENTATION_RELATIONSHIP('','',#2653,#1910) 
REPRESENTATION_RELATIONSHIP_WITH_TRANSFORMATION(#2759) 
SHAPE_REPRESENTATION_RELATIONSHIP() );
#2759 = ITEM_DEFINED_TRANSFORMATION('','',#11,#1927);
#2760 = PRODUCT_DEFINITION_SHAPE('Placement','Placement of an item',
  #2761);
#2761 = NEXT_ASSEMBLY_USAGE_OCCURRENCE('139','=>[0:1:1:19]','',#1905,
  #2648,$);
#2762 = PRODUCT_RELATED_PRODUCT_CATEGORY('part',$,(#2650));
#2763 = SHAPE_DEFINITION_REPRESENTATION(#2764,#2770);
#2764 = PRODUCT_DEFINITION_SHAPE('','',#2765);
#2765 = PRODUCT_DEFINITION('design','',#2766,#2769);
#2766 = PRODUCT_DEFINITION_FORMATION('','',#2767);
#2767 = PRODUCT('SOLID','SOLID','',(#2768));
#2768 = PRODUCT_CONTEXT('',#2,'mechanical');
#2769 = PRODUCT_DEFINITION_CONTEXT('part definition',#2,'design');
#2770 = ADVANCED_BREP_SHAPE_REPRESENTATION('',(#11,#2771),#2869);
#2771 = MANIFOLD_SOLID_BREP('',#2772);
#2772 = CLOSED_SHELL('',(#2773,#2861,#2865));
#2773 = ADVANCED_FACE('',(#2774),#2787,.T.);
#2774 = FACE_BOUND('',#2775,.T.);
#2775 = EDGE_LOOP('',(#2776,#2810,#2833,#2860));
#2776 = ORIENTED_EDGE('',*,*,#2777,.F.);
#2777 = EDGE_CURVE('',#2778,#2778,#2780,.T.);
#2778 = VERTEX_POINT('',#2779);
#2779 = CARTESIAN_POINT('',(673.80977781209,-3.918869757272E-15,
    720.62016958223));
#2780 = SURFACE_CURVE('',#2781,(#2786,#2798),.PCURVE_S1.);
#2781 = CIRCLE('',#2782,16.);
#2782 = AXIS2_PLACEMENT_3D('',#2783,#2784,#2785);
#2783 = CARTESIAN_POINT('',(658.77469587951,0.,715.14784728902));
#2784 = DIRECTION('',(-0.342020143326,0.,0.939692620786));
#2785 = DIRECTION('',(0.939692620786,0.,0.342020143326));
#2786 = PCURVE('',#2787,#2792);
#2787 = CYLINDRICAL_SURFACE('',#2788,16.);
#2788 = AXIS2_PLACEMENT_3D('',#2789,#2790,#2791);
#2789 = CARTESIAN_POINT('',(669.03530017928,0.,686.95706866544));
#2790 = DIRECTION('',(-0.342020143326,0.,0.939692620786));
#2791 = DIRECTION('',(0.939692620786,0.,0.342020143326));
#2792 = DEFINITIONAL_REPRESENTATION('',(#2793),#2797);
#2793 = LINE('',#2794,#2795);
#2794 = CARTESIAN_POINT('',(0.,30.));
#2795 = VECTOR('',#2796,1.);
#2796 = DIRECTION('',(1.,0.));
#2797 = ( GEOMETRIC_REPRESENTATION_CONTEXT(2) 
PARAMETRIC_REPRESENTATION_CONTEXT() REPRESENTATION_CONTEXT('2D SPACE',''
  ) );
#2798 = PCURVE('',#2799,#2804);
#2799 = PLANE('',#2800);
#2800 = AXIS2_PLACEMENT_3D('',#2801,#2802,#2803);
#2801 = CARTESIAN_POINT('',(658.77469587951,0.,715.14784728902));
#2802 = DIRECTION('',(-0.342020143326,0.,0.939692620786));
#2803 = DIRECTION('',(0.939692620786,0.,0.342020143326));
#2804 = DEFINITIONAL_REPRESENTATION('',(#2805),#2809);
#2805 = CIRCLE('',#2806,16.);
#2806 = AXIS2_PLACEMENT_2D('',#2807,#2808);
#2807 = CARTESIAN_POINT('',(0.,0.));
#2808 = DIRECTION('',(1.,0.));
#2809 = ( GEOMETRIC_REPRESENTATION_CONTEXT(2) 
PARAMETRIC_REPRESENTATION_CONTEXT() REPRESENTATION_CONTEXT('2D SPACE',''
  ) );
#2810 = ORIENTED_EDGE('',*,*,#2811,.F.);
#2811 = EDGE_CURVE('',#2812,#2778,#2814,.T.);
#2812 = VERTEX_POINT('',#2813);
#2813 = CARTESIAN_POINT('',(684.07038211186,-3.918869757272E-15,
    692.42939095865));
#2814 = SEAM_CURVE('',#2815,(#2819,#2826),.PCURVE_S1.);
#2815 = LINE('',#2816,#2817);
#2816 = CARTESIAN_POINT('',(684.07038211186,-3.918869757272E-15,
    692.42939095865));
#2817 = VECTOR('',#2818,1.);
#2818 = DIRECTION('',(-0.342020143326,0.,0.939692620786));
#2819 = PCURVE('',#2787,#2820);
#2820 = DEFINITIONAL_REPRESENTATION('',(#2821),#2825);
#2821 = LINE('',#2822,#2823);
#2822 = CARTESIAN_POINT('',(6.28318530718,-0.));
#2823 = VECTOR('',#2824,1.);
#2824 = DIRECTION('',(0.,1.));
#2825 = ( GEOMETRIC_REPRESENTATION_CONTEXT(2) 
PARAMETRIC_REPRESENTATION_CONTEXT() REPRESENTATION_CONTEXT('2D SPACE',''
  ) );
#2826 = PCURVE('',#2787,#2827);
#2827 = DEFINITIONAL_REPRESENTATION('',(#2828),#2832);
#2828 = LINE('',#2829,#2830);
#2829 = CARTESIAN_POINT('',(0.,-0.));
#2830 = VECTOR('',#2831,1.);
#2831 = DIRECTION('',(0.,1.));
#2832 = ( GEOMETRIC_REPRESENTATION_CONTEXT(2) 
PARAMETRIC_REPRESENTATION_CONTEXT() REPRESENTATION_CONTEXT('2D SPACE',''
  ) );
#2833 = ORIENTED_EDGE('',*,*,#2834,.T.);
#2834 = EDGE_CURVE('',#2812,#2812,#2835,.T.);
#2835 = SURFACE_CURVE('',#2836,(#2841,#2848),.PCURVE_S1.);
#2836 = CIRCLE('',#2837,16.);
#2837 = AXIS2_PLACEMENT_3D('',#2838,#2839,#2840);
#2838 = CARTESIAN_POINT('',(669.03530017928,0.,686.95706866544));
#2839 = DIRECTION('',(-0.342020143326,0.,0.939692620786));
#2840 = DIRECTION('',(0.939692620786,0.,0.342020143326));
#2841 = PCURVE('',#2787,#2842);
#2842 = DEFINITIONAL_REPRESENTATION('',(#2843),#2847);
#2843 = LINE('',#2844,#2845);
#2844 = CARTESIAN_POINT('',(0.,0.));
#2845 = VECTOR('',#2846,1.);
#2846 = DIRECTION('',(1.,0.));
#2847 = ( GEOMETRIC_REPRESENTATION_CONTEXT(2) 
PARAMETRIC_REPRESENTATION_CONTEXT() REPRESENTATION_CONTEXT('2D SPACE',''
  ) );
#2848 = PCURVE('',#2849,#2854);
#2849 = PLANE('',#2850);
#2850 = AXIS2_PLACEMENT_3D('',#2851,#2852,#2853);
#2851 = CARTESIAN_POINT('',(669.03530017928,0.,686.95706866544));
#2852 = DIRECTION('',(-0.342020143326,0.,0.939692620786));
#2853 = DIRECTION('',(0.939692620786,0.,0.342020143326));
#2854 = DEFINITIONAL_REPRESENTATION('',(#2855),#2859);
#2855 = CIRCLE('',#2856,16.);
#2856 = AXIS2_PLACEMENT_2D('',#2857,#2858);
#2857 = CARTESIAN_POINT('',(0.,0.));
#2858 = DIRECTION('',(1.,0.));
#2859 = ( GEOMETRIC_REPRESENTATION_CONTEXT(2) 
PARAMETRIC_REPRESENTATION_CONTEXT() REPRESENTATION_CONTEXT('2D SPACE',''
  ) );
#2860 = ORIENTED_EDGE('',*,*,#2811,.T.);
#2861 = ADVANCED_FACE('',(#2862),#2799,.T.);
#2862 = FACE_BOUND('',#2863,.T.);
#2863 = EDGE_LOOP('',(#2864));
#2864 = ORIENTED_EDGE('',*,*,#2777,.T.);
#2865 = ADVANCED_FACE('',(#2866),#2849,.F.);
#2866 = FACE_BOUND('',#2867,.T.);
#2867 = EDGE_LOOP('',(#2868));
#2868 = ORIENTED_EDGE('',*,*,#2834,.F.);
#2869 = ( GEOMETRIC_REPRESENTATION_CONTEXT(3) 
GLOBAL_UNCERTAINTY_ASSIGNED_CONTEXT((#2873)) 
GLOBAL_UNIT_ASSIGNED_CONTEXT((#2870,#2871,#2872)) REPRESENTATION_CONTEXT
('Context #1','3D Context with UNIT and UNCERTAINTY') );
#2870 = ( LENGTH_UNIT() NAMED_UNIT(*) SI_UNIT(.MILLI.,.METRE.) );
#2871 = ( NAMED_UNIT(*) PLANE_ANGLE_UNIT() SI_UNIT($,.RADIAN.) );
#2872 = ( NAMED_UNIT(*) SI_UNIT($,.STERADIAN.) SOLID_ANGLE_UNIT() );
#2873 = UNCERTAINTY_MEASURE_WITH_UNIT(LENGTH_MEASURE(1.E-07),#2870,
  'distance_accuracy_value','confusion accuracy');
#2874 = CONTEXT_DEPENDENT_SHAPE_REPRESENTATION(#2875,#2877);
#2875 = ( REPRESENTATION_RELATIONSHIP('','',#2770,#1910) 
REPRESENTATION_RELATIONSHIP_WITH_TRANSFORMATION(#2876) 
SHAPE_REPRESENTATION_RELATIONSHIP() );
#2876 = ITEM_DEFINED_TRANSFORMATION('','',#11,#1931);
#2877 = PRODUCT_DEFINITION_SHAPE('Placement','Placement of an item',
  #2878);
#2878 = NEXT_ASSEMBLY_USAGE_OCCURRENCE('140','=>[0:1:1:20]','',#1905,
  #2765,$);
#2879 = PRODUCT_RELATED_PRODUCT_CATEGORY('part',$,(#2767));
#2880 = SHAPE_DEFINITION_REPRESENTATION(#2881,#2887);
#2881 = PRODUCT_DEFINITION_SHAPE('','',#2882);
#2882 = PRODUCT_DEFINITION('design','',#2883,#2886);
#2883 = PRODUCT_DEFINITION_FORMATION('','',#2884);
#2884 = PRODUCT('COMPOUND','COMPOUND','',(#2885));
#2885 = PRODUCT_CONTEXT('',#2,'mechanical');
#2886 = PRODUCT_DEFINITION_CONTEXT('part definition',#2,'design');
#2887 = SHAPE_REPRESENTATION('',(#11,#2888,#2892,#2896,#2900),#2904);
#2888 = AXIS2_PLACEMENT_3D('',#2889,#2890,#2891);
#2889 = CARTESIAN_POINT('',(0.,0.,0.));
#2890 = DIRECTION('',(0.,0.,1.));
#2891 = DIRECTION('',(1.,0.,-0.));
#2892 = AXIS2_PLACEMENT_3D('',#2893,#2894,#2895);
#2893 = CARTESIAN_POINT('',(0.,0.,0.));
#2894 = DIRECTION('',(0.,0.,1.));
#2895 = DIRECTION('',(1.,0.,-0.));
#2896 = AXIS2_PLACEMENT_3D('',#2897,#2898,#2899);
#2897 = CARTESIAN_POINT('',(0.,0.,0.));
#2898 = DIRECTION('',(0.,0.,1.));
#2899 = DIRECTION('',(1.,0.,-0.));
#2900 = AXIS2_PLACEMENT_3D('',#2901,#2902,#2903);
#2901 = CARTESIAN_POINT('',(0.,0.,0.));
#2902 = DIRECTION('',(0.,0.,1.));
#2903 = DIRECTION('',(1.,0.,-0.));
#2904 = ( GEOMETRIC_REPRESENTATION_CONTEXT(3) 
GLOBAL_UNCERTAINTY_ASSIGNED_CONTEXT((#2908)) 
GLOBAL_UNIT_ASSIGNED_CONTEXT((#2905,#2906,#2907)) REPRESENTATION_CONTEXT
('Context #1','3D Context with UNIT and UNCERTAINTY') );
#2905 = ( LENGTH_UNIT() NAMED_UNIT(*) SI_UNIT(.MILLI.,.METRE.) );
#2906 = ( NAMED_UNIT(*) PLANE_ANGLE_UNIT() SI_UNIT($,.RADIAN.) );
#2907 = ( NAMED_UNIT(*) SI_UNIT($,.STERADIAN.) SOLID_ANGLE_UNIT() );
#2908 = UNCERTAINTY_MEASURE_WITH_UNIT(LENGTH_MEASURE(1.E-07),#2905,
  'distance_accuracy_value','confusion accuracy');
#2909 = CONTEXT_DEPENDENT_SHAPE_REPRESENTATION(#2910,#2912);
#2910 = ( REPRESENTATION_RELATIONSHIP('','',#2887,#10) 
REPRESENTATION_RELATIONSHIP_WITH_TRANSFORMATION(#2911) 
SHAPE_REPRESENTATION_RELATIONSHIP() );
#2911 = ITEM_DEFINED_TRANSFORMATION('','',#11,#23);
#2912 = PRODUCT_DEFINITION_SHAPE('Placement','Placement of an item',
  #2913);
#2913 = NEXT_ASSEMBLY_USAGE_OCCURRENCE('146','=>[0:1:1:21]','',#5,#2882,
  $);
#2914 = PRODUCT_RELATED_PRODUCT_CATEGORY('part',$,(#2884));
#2915 = SHAPE_DEFINITION_REPRESENTATION(#2916,#2922);
#2916 = PRODUCT_DEFINITION_SHAPE('','',#2917);
#2917 = PRODUCT_DEFINITION('design','',#2918,#2921);
#2918 = PRODUCT_DEFINITION_FORMATION('','',#2919);
#2919 = PRODUCT('SOLID','SOLID','',(#2920));
#2920 = PRODUCT_CONTEXT('',#2,'mechanical');
#2921 = PRODUCT_DEFINITION_CONTEXT('part definition',#2,'design');
#2922 = ADVANCED_BREP_SHAPE_REPRESENTATION('',(#11,#2923),#3021);
#2923 = MANIFOLD_SOLID_BREP('',#2924);
#2924 = CLOSED_SHELL('',(#2925,#3013,#3017));
#2925 = ADVANCED_FACE('',(#2926),#2939,.T.);
#2926 = FACE_BOUND('',#2927,.T.);
#2927 = EDGE_LOOP('',(#2928,#2962,#2985,#3012));
#2928 = ORIENTED_EDGE('',*,*,#2929,.F.);
#2929 = EDGE_CURVE('',#2930,#2930,#2932,.T.);
#2930 = VERTEX_POINT('',#2931);
#2931 = CARTESIAN_POINT('',(246.23734111165,-3.502489845561E-15,
    668.95871498749));
#2932 = SURFACE_CURVE('',#2933,(#2938,#2950),.PCURVE_S1.);
#2933 = CIRCLE('',#2934,14.3);
#2934 = AXIS2_PLACEMENT_3D('',#2935,#2936,#2937);
#2935 = CARTESIAN_POINT('',(232.79973663441,0.,664.06782693794));
#2936 = DIRECTION('',(-0.342020143326,0.,0.939692620786));
#2937 = DIRECTION('',(0.939692620786,0.,0.342020143326));
#2938 = PCURVE('',#2939,#2944);
#2939 = CYLINDRICAL_SURFACE('',#2940,14.3);
#2940 = AXIS2_PLACEMENT_3D('',#2941,#2942,#2943);
#2941 = CARTESIAN_POINT('',(318.30477246583,0.,429.14467174146));
#2942 = DIRECTION('',(-0.342020143326,0.,0.939692620786));
#2943 = DIRECTION('',(0.939692620786,0.,0.342020143326));
#2944 = DEFINITIONAL_REPRESENTATION('',(#2945),#2949);
#2945 = LINE('',#2946,#2947);
#2946 = CARTESIAN_POINT('',(0.,250.));
#2947 = VECTOR('',#2948,1.);
#2948 = DIRECTION('',(1.,0.));
#2949 = ( GEOMETRIC_REPRESENTATION_CONTEXT(2) 
PARAMETRIC_REPRESENTATION_CONTEXT() REPRESENTATION_CONTEXT('2D SPACE',''
  ) );
#2950 = PCURVE('',#2951,#2956);
#2951 = PLANE('',#2952);
#2952 = AXIS2_PLACEMENT_3D('',#2953,#2954,#2955);
#2953 = CARTESIAN_POINT('',(232.79973663441,0.,664.06782693794));
#2954 = DIRECTION('',(-0.342020143326,0.,0.939692620786));
#2955 = DIRECTION('',(0.939692620786,0.,0.342020143326));
#2956 = DEFINITIONAL_REPRESENTATION('',(#2957),#2961);
#2957 = CIRCLE('',#2958,14.3);
#2958 = AXIS2_PLACEMENT_2D('',#2959,#2960);
#2959 = CARTESIAN_POINT('',(0.,0.));
#2960 = DIRECTION('',(1.,0.));
#2961 = ( GEOMETRIC_REPRESENTATION_CONTEXT(2) 
PARAMETRIC_REPRESENTATION_CONTEXT() REPRESENTATION_CONTEXT('2D SPACE',''
  ) );
#2962 = ORIENTED_EDGE('',*,*,#2963,.F.);
#2963 = EDGE_CURVE('',#2964,#2930,#2966,.T.);
#2964 = VERTEX_POINT('',#2965);
#2965 = CARTESIAN_POINT('',(331.74237694307,-3.502489845561E-15,
    434.03555979102));
#2966 = SEAM_CURVE('',#2967,(#2971,#2978),.PCURVE_S1.);
#2967 = LINE('',#2968,#2969);
#2968 = CARTESIAN_POINT('',(331.74237694307,-3.502489845561E-15,
    434.03555979102));
#2969 = VECTOR('',#2970,1.);
#2970 = DIRECTION('',(-0.342020143326,-1.232595164408E-32,0.939692620786
    ));
#2971 = PCURVE('',#2939,#2972);
#2972 = DEFINITIONAL_REPRESENTATION('',(#2973),#2977);
#2973 = LINE('',#2974,#2975);
#2974 = CARTESIAN_POINT('',(6.28318530718,-0.));
#2975 = VECTOR('',#2976,1.);
#2976 = DIRECTION('',(0.,1.));
#2977 = ( GEOMETRIC_REPRESENTATION_CONTEXT(2) 
PARAMETRIC_REPRESENTATION_CONTEXT() REPRESENTATION_CONTEXT('2D SPACE',''
  ) );
#2978 = PCURVE('',#2939,#2979);
#2979 = DEFINITIONAL_REPRESENTATION('',(#2980),#2984);
#2980 = LINE('',#2981,#2982);
#2981 = CARTESIAN_POINT('',(0.,-0.));
#2982 = VECTOR('',#2983,1.);
#2983 = DIRECTION('',(0.,1.));
#2984 = ( GEOMETRIC_REPRESENTATION_CONTEXT(2) 
PARAMETRIC_REPRESENTATION_CONTEXT() REPRESENTATION_CONTEXT('2D SPACE',''
  ) );
#2985 = ORIENTED_EDGE('',*,*,#2986,.T.);
#2986 = EDGE_CURVE('',#2964,#2964,#2987,.T.);
#2987 = SURFACE_CURVE('',#2988,(#2993,#3000),.PCURVE_S1.);
#2988 = CIRCLE('',#2989,14.3);
#2989 = AXIS2_PLACEMENT_3D('',#2990,#2991,#2992);
#2990 = CARTESIAN_POINT('',(318.30477246583,0.,429.14467174146));
#2991 = DIRECTION('',(-0.342020143326,0.,0.939692620786));
#2992 = DIRECTION('',(0.939692620786,0.,0.342020143326));
#2993 = PCURVE('',#2939,#2994);
#2994 = DEFINITIONAL_REPRESENTATION('',(#2995),#2999);
#2995 = LINE('',#2996,#2997);
#2996 = CARTESIAN_POINT('',(0.,0.));
#2997 = VECTOR('',#2998,1.);
#2998 = DIRECTION('',(1.,0.));
#2999 = ( GEOMETRIC_REPRESENTATION_CONTEXT(2) 
PARAMETRIC_REPRESENTATION_CONTEXT() REPRESENTATION_CONTEXT('2D SPACE',''
  ) );
#3000 = PCURVE('',#3001,#3006);
#3001 = PLANE('',#3002);
#3002 = AXIS2_PLACEMENT_3D('',#3003,#3004,#3005);
#3003 = CARTESIAN_POINT('',(318.30477246583,0.,429.14467174146));
#3004 = DIRECTION('',(-0.342020143326,0.,0.939692620786));
#3005 = DIRECTION('',(0.939692620786,0.,0.342020143326));
#3006 = DEFINITIONAL_REPRESENTATION('',(#3007),#3011);
#3007 = CIRCLE('',#3008,14.3);
#3008 = AXIS2_PLACEMENT_2D('',#3009,#3010);
#3009 = CARTESIAN_POINT('',(0.,0.));
#3010 = DIRECTION('',(1.,0.));
#3011 = ( GEOMETRIC_REPRESENTATION_CONTEXT(2) 
PARAMETRIC_REPRESENTATION_CONTEXT() REPRESENTATION_CONTEXT('2D SPACE',''
  ) );
#3012 = ORIENTED_EDGE('',*,*,#2963,.T.);
#3013 = ADVANCED_FACE('',(#3014),#2951,.T.);
#3014 = FACE_BOUND('',#3015,.T.);
#3015 = EDGE_LOOP('',(#3016));
#3016 = ORIENTED_EDGE('',*,*,#2929,.T.);
#3017 = ADVANCED_FACE('',(#3018),#3001,.F.);
#3018 = FACE_BOUND('',#3019,.T.);
#3019 = EDGE_LOOP('',(#3020));
#3020 = ORIENTED_EDGE('',*,*,#2986,.F.);
#3021 = ( GEOMETRIC_REPRESENTATION_CONTEXT(3) 
GLOBAL_UNCERTAINTY_ASSIGNED_CONTEXT((#3025)) 
GLOBAL_UNIT_ASSIGNED_CONTEXT((#3022,#3023,#3024)) REPRESENTATION_CONTEXT
('Context #1','3D Context with UNIT and UNCERTAINTY') );
#3022 = ( LENGTH_UNIT() NAMED_UNIT(*) SI_UNIT(.MILLI.,.METRE.) );
#3023 = ( NAMED_UNIT(*) PLANE_ANGLE_UNIT() SI_UNIT($,.RADIAN.) );
#3024 = ( NAMED_UNIT(*) SI_UNIT($,.STERADIAN.) SOLID_ANGLE_UNIT() );
#3025 = UNCERTAINTY_MEASURE_WITH_UNIT(LENGTH_MEASURE(1.E-07),#3022,
  'distance_accuracy_value','confusion accuracy');
#3026 = CONTEXT_DEPENDENT_SHAPE_REPRESENTATION(#3027,#3029);
#3027 = ( REPRESENTATION_RELATIONSHIP('','',#2922,#2887) 
REPRESENTATION_RELATIONSHIP_WITH_TRANSFORMATION(#3028) 
SHAPE_REPRESENTATION_RELATIONSHIP() );
#3028 = ITEM_DEFINED_TRANSFORMATION('','',#11,#2888);
#3029 = PRODUCT_DEFINITION_SHAPE('Placement','Placement of an item',
  #3030);
#3030 = NEXT_ASSEMBLY_USAGE_OCCURRENCE('142','=>[0:1:1:22]','',#2882,
  #2917,$);
#3031 = PRODUCT_RELATED_PRODUCT_CATEGORY('part',$,(#2919));
#3032 = SHAPE_DEFINITION_REPRESENTATION(#3033,#3039);
#3033 = PRODUCT_DEFINITION_SHAPE('','',#3034);
#3034 = PRODUCT_DEFINITION('design','',#3035,#3038);
#3035 = PRODUCT_DEFINITION_FORMATION('','',#3036);
#3036 = PRODUCT('SOLID','SOLID','',(#3037));
#3037 = PRODUCT_CONTEXT('',#2,'mechanical');
#3038 = PRODUCT_DEFINITION_CONTEXT('part definition',#2,'design');
#3039 = ADVANCED_BREP_SHAPE_REPRESENTATION('',(#11,#3040),#3138);
#3040 = MANIFOLD_SOLID_BREP('',#3041);
#3041 = CLOSED_SHELL('',(#3042,#3130,#3134));
#3042 = ADVANCED_FACE('',(#3043),#3056,.T.);
#3043 = FACE_BOUND('',#3044,.T.);
#3044 = EDGE_LOOP('',(#3045,#3079,#3102,#3129));
#3045 = ORIENTED_EDGE('',*,*,#3046,.F.);
#3046 = EDGE_CURVE('',#3047,#3047,#3049,.T.);
#3047 = VERTEX_POINT('',#3048);
#3048 = CARTESIAN_POINT('',(301.86294866611,-4.629164900777E-15,
    529.57811452891));
#3049 = SURFACE_CURVE('',#3050,(#3055,#3067),.PCURVE_S1.);
#3050 = CIRCLE('',#3051,18.9);
#3051 = AXIS2_PLACEMENT_3D('',#3052,#3053,#3054);
#3052 = CARTESIAN_POINT('',(284.10275813326,0.,523.11393382005));
#3053 = DIRECTION('',(-0.342020143326,0.,0.939692620786));
#3054 = DIRECTION('',(0.939692620786,0.,0.342020143326));
#3055 = PCURVE('',#3056,#3061);
#3056 = CYLINDRICAL_SURFACE('',#3057,18.9);
#3057 = AXIS2_PLACEMENT_3D('',#3058,#3059,#3060);
#3058 = CARTESIAN_POINT('',(288.20699985317,0.,511.83762237062));
#3059 = DIRECTION('',(-0.342020143326,0.,0.939692620786));
#3060 = DIRECTION('',(0.939692620786,0.,0.342020143326));
#3061 = DEFINITIONAL_REPRESENTATION('',(#3062),#3066);
#3062 = LINE('',#3063,#3064);
#3063 = CARTESIAN_POINT('',(0.,12.));
#3064 = VECTOR('',#3065,1.);
#3065 = DIRECTION('',(1.,0.));
#3066 = ( GEOMETRIC_REPRESENTATION_CONTEXT(2) 
PARAMETRIC_REPRESENTATION_CONTEXT() REPRESENTATION_CONTEXT('2D SPACE',''
  ) );
#3067 = PCURVE('',#3068,#3073);
#3068 = PLANE('',#3069);
#3069 = AXIS2_PLACEMENT_3D('',#3070,#3071,#3072);
#3070 = CARTESIAN_POINT('',(284.10275813326,0.,523.11393382005));
#3071 = DIRECTION('',(-0.342020143326,0.,0.939692620786));
#3072 = DIRECTION('',(0.939692620786,0.,0.342020143326));
#3073 = DEFINITIONAL_REPRESENTATION('',(#3074),#3078);
#3074 = CIRCLE('',#3075,18.9);
#3075 = AXIS2_PLACEMENT_2D('',#3076,#3077);
#3076 = CARTESIAN_POINT('',(0.,0.));
#3077 = DIRECTION('',(1.,0.));
#3078 = ( GEOMETRIC_REPRESENTATION_CONTEXT(2) 
PARAMETRIC_REPRESENTATION_CONTEXT() REPRESENTATION_CONTEXT('2D SPACE',''
  ) );
#3079 = ORIENTED_EDGE('',*,*,#3080,.F.);
#3080 = EDGE_CURVE('',#3081,#3047,#3083,.T.);
#3081 = VERTEX_POINT('',#3082);
#3082 = CARTESIAN_POINT('',(305.96719038602,-4.629164900777E-15,
    518.30180307947));
#3083 = SEAM_CURVE('',#3084,(#3088,#3095),.PCURVE_S1.);
#3084 = LINE('',#3085,#3086);
#3085 = CARTESIAN_POINT('',(305.96719038602,-4.629164900777E-15,
    518.30180307947));
#3086 = VECTOR('',#3087,1.);
#3087 = DIRECTION('',(-0.342020143326,0.,0.939692620786));
#3088 = PCURVE('',#3056,#3089);
#3089 = DEFINITIONAL_REPRESENTATION('',(#3090),#3094);
#3090 = LINE('',#3091,#3092);
#3091 = CARTESIAN_POINT('',(6.28318530718,-0.));
#3092 = VECTOR('',#3093,1.);
#3093 = DIRECTION('',(0.,1.));
#3094 = ( GEOMETRIC_REPRESENTATION_CONTEXT(2) 
PARAMETRIC_REPRESENTATION_CONTEXT() REPRESENTATION_CONTEXT('2D SPACE',''
  ) );
#3095 = PCURVE('',#3056,#3096);
#3096 = DEFINITIONAL_REPRESENTATION('',(#3097),#3101);
#3097 = LINE('',#3098,#3099);
#3098 = CARTESIAN_POINT('',(0.,-0.));
#3099 = VECTOR('',#3100,1.);
#3100 = DIRECTION('',(0.,1.));
#3101 = ( GEOMETRIC_REPRESENTATION_CONTEXT(2) 
PARAMETRIC_REPRESENTATION_CONTEXT() REPRESENTATION_CONTEXT('2D SPACE',''
  ) );
#3102 = ORIENTED_EDGE('',*,*,#3103,.T.);
#3103 = EDGE_CURVE('',#3081,#3081,#3104,.T.);
#3104 = SURFACE_CURVE('',#3105,(#3110,#3117),.PCURVE_S1.);
#3105 = CIRCLE('',#3106,18.9);
#3106 = AXIS2_PLACEMENT_3D('',#3107,#3108,#3109);
#3107 = CARTESIAN_POINT('',(288.20699985317,0.,511.83762237062));
#3108 = DIRECTION('',(-0.342020143326,0.,0.939692620786));
#3109 = DIRECTION('',(0.939692620786,0.,0.342020143326));
#3110 = PCURVE('',#3056,#3111);
#3111 = DEFINITIONAL_REPRESENTATION('',(#3112),#3116);
#3112 = LINE('',#3113,#3114);
#3113 = CARTESIAN_POINT('',(0.,0.));
#3114 = VECTOR('',#3115,1.);
#3115 = DIRECTION('',(1.,0.));
#3116 = ( GEOMETRIC_REPRESENTATION_CONTEXT(2) 
PARAMETRIC_REPRESENTATION_CONTEXT() REPRESENTATION_CONTEXT('2D SPACE',''
  ) );
#3117 = PCURVE('',#3118,#3123);
#3118 = PLANE('',#3119);
#3119 = AXIS2_PLACEMENT_3D('',#3120,#3121,#3122);
#3120 = CARTESIAN_POINT('',(288.20699985317,0.,511.83762237062));
#3121 = DIRECTION('',(-0.342020143326,0.,0.939692620786));
#3122 = DIRECTION('',(0.939692620786,0.,0.342020143326));
#3123 = DEFINITIONAL_REPRESENTATION('',(#3124),#3128);
#3124 = CIRCLE('',#3125,18.9);
#3125 = AXIS2_PLACEMENT_2D('',#3126,#3127);
#3126 = CARTESIAN_POINT('',(0.,0.));
#3127 = DIRECTION('',(1.,0.));
#3128 = ( GEOMETRIC_REPRESENTATION_CONTEXT(2) 
PARAMETRIC_REPRESENTATION_CONTEXT() REPRESENTATION_CONTEXT('2D SPACE',''
  ) );
#3129 = ORIENTED_EDGE('',*,*,#3080,.T.);
#3130 = ADVANCED_FACE('',(#3131),#3068,.T.);
#3131 = FACE_BOUND('',#3132,.T.);
#3132 = EDGE_LOOP('',(#3133));
#3133 = ORIENTED_EDGE('',*,*,#3046,.T.);
#3134 = ADVANCED_FACE('',(#3135),#3118,.F.);
#3135 = FACE_BOUND('',#3136,.T.);
#3136 = EDGE_LOOP('',(#3137));
#3137 = ORIENTED_EDGE('',*,*,#3103,.F.);
#3138 = ( GEOMETRIC_REPRESENTATION_CONTEXT(3) 
GLOBAL_UNCERTAINTY_ASSIGNED_CONTEXT((#3142)) 
GLOBAL_UNIT_ASSIGNED_CONTEXT((#3139,#3140,#3141)) REPRESENTATION_CONTEXT
('Context #1','3D Context with UNIT and UNCERTAINTY') );
#3139 = ( LENGTH_UNIT() NAMED_UNIT(*) SI_UNIT(.MILLI.,.METRE.) );
#3140 = ( NAMED_UNIT(*) PLANE_ANGLE_UNIT() SI_UNIT($,.RADIAN.) );
#3141 = ( NAMED_UNIT(*) SI_UNIT($,.STERADIAN.) SOLID_ANGLE_UNIT() );
#3142 = UNCERTAINTY_MEASURE_WITH_UNIT(LENGTH_MEASURE(1.E-07),#3139,
  'distance_accuracy_value','confusion accuracy');
#3143 = CONTEXT_DEPENDENT_SHAPE_REPRESENTATION(#3144,#3146);
#3144 = ( REPRESENTATION_RELATIONSHIP('','',#3039,#2887) 
REPRESENTATION_RELATIONSHIP_WITH_TRANSFORMATION(#3145) 
SHAPE_REPRESENTATION_RELATIONSHIP() );
#3145 = ITEM_DEFINED_TRANSFORMATION('','',#11,#2892);
#3146 = PRODUCT_DEFINITION_SHAPE('Placement','Placement of an item',
  #3147);
#3147 = NEXT_ASSEMBLY_USAGE_OCCURRENCE('143','=>[0:1:1:23]','',#2882,
  #3034,$);
#3148 = PRODUCT_RELATED_PRODUCT_CATEGORY('part',$,(#3036));
#3149 = SHAPE_DEFINITION_REPRESENTATION(#3150,#3156);
#3150 = PRODUCT_DEFINITION_SHAPE('','',#3151);
#3151 = PRODUCT_DEFINITION('design','',#3152,#3155);
#3152 = PRODUCT_DEFINITION_FORMATION('','',#3153);
#3153 = PRODUCT('SOLID','SOLID','',(#3154));
#3154 = PRODUCT_CONTEXT('',#2,'mechanical');
#3155 = PRODUCT_DEFINITION_CONTEXT('part definition',#2,'design');
#3156 = ADVANCED_BREP_SHAPE_REPRESENTATION('',(#11,#3157),#3255);
#3157 = MANIFOLD_SOLID_BREP('',#3158);
#3158 = CLOSED_SHELL('',(#3159,#3247,#3251));
#3159 = ADVANCED_FACE('',(#3160),#3173,.T.);
#3160 = FACE_BOUND('',#3161,.T.);
#3161 = EDGE_LOOP('',(#3162,#3196,#3219,#3246));
#3162 = ORIENTED_EDGE('',*,*,#3163,.F.);
#3163 = EDGE_CURVE('',#3164,#3164,#3166,.T.);
#3164 = VERTEX_POINT('',#3165);
#3165 = CARTESIAN_POINT('',(249.05641897401,-4.23727792505E-15,
    669.98477541747));
#3166 = SURFACE_CURVE('',#3167,(#3172,#3184),.PCURVE_S1.);
#3167 = CIRCLE('',#3168,17.3);
#3168 = AXIS2_PLACEMENT_3D('',#3169,#3170,#3171);
#3169 = CARTESIAN_POINT('',(232.79973663441,0.,664.06782693794));
#3170 = DIRECTION('',(-0.342020143326,0.,0.939692620786));
#3171 = DIRECTION('',(0.939692620786,0.,0.342020143326));
#3172 = PCURVE('',#3173,#3178);
#3173 = CYLINDRICAL_SURFACE('',#3174,17.3);
#3174 = AXIS2_PLACEMENT_3D('',#3175,#3176,#3177);
#3175 = CARTESIAN_POINT('',(236.90397835432,0.,652.79151548851));
#3176 = DIRECTION('',(-0.342020143326,0.,0.939692620786));
#3177 = DIRECTION('',(0.939692620786,0.,0.342020143326));
#3178 = DEFINITIONAL_REPRESENTATION('',(#3179),#3183);
#3179 = LINE('',#3180,#3181);
#3180 = CARTESIAN_POINT('',(0.,12.));
#3181 = VECTOR('',#3182,1.);
#3182 = DIRECTION('',(1.,0.));
#3183 = ( GEOMETRIC_REPRESENTATION_CONTEXT(2) 
PARAMETRIC_REPRESENTATION_CONTEXT() REPRESENTATION_CONTEXT('2D SPACE',''
  ) );
#3184 = PCURVE('',#3185,#3190);
#3185 = PLANE('',#3186);
#3186 = AXIS2_PLACEMENT_3D('',#3187,#3188,#3189);
#3187 = CARTESIAN_POINT('',(232.79973663441,0.,664.06782693794));
#3188 = DIRECTION('',(-0.342020143326,0.,0.939692620786));
#3189 = DIRECTION('',(0.939692620786,0.,0.342020143326));
#3190 = DEFINITIONAL_REPRESENTATION('',(#3191),#3195);
#3191 = CIRCLE('',#3192,17.3);
#3192 = AXIS2_PLACEMENT_2D('',#3193,#3194);
#3193 = CARTESIAN_POINT('',(0.,0.));
#3194 = DIRECTION('',(1.,0.));
#3195 = ( GEOMETRIC_REPRESENTATION_CONTEXT(2) 
PARAMETRIC_REPRESENTATION_CONTEXT() REPRESENTATION_CONTEXT('2D SPACE',''
  ) );
#3196 = ORIENTED_EDGE('',*,*,#3197,.F.);
#3197 = EDGE_CURVE('',#3198,#3164,#3200,.T.);
#3198 = VERTEX_POINT('',#3199);
#3199 = CARTESIAN_POINT('',(253.16066069391,-4.23727792505E-15,
    658.70846396804));
#3200 = SEAM_CURVE('',#3201,(#3205,#3212),.PCURVE_S1.);
#3201 = LINE('',#3202,#3203);
#3202 = CARTESIAN_POINT('',(253.16066069391,-4.23727792505E-15,
    658.70846396804));
#3203 = VECTOR('',#3204,1.);
#3204 = DIRECTION('',(-0.342020143326,-1.232595164408E-32,0.939692620786
    ));
#3205 = PCURVE('',#3173,#3206);
#3206 = DEFINITIONAL_REPRESENTATION('',(#3207),#3211);
#3207 = LINE('',#3208,#3209);
#3208 = CARTESIAN_POINT('',(6.28318530718,-0.));
#3209 = VECTOR('',#3210,1.);
#3210 = DIRECTION('',(0.,1.));
#3211 = ( GEOMETRIC_REPRESENTATION_CONTEXT(2) 
PARAMETRIC_REPRESENTATION_CONTEXT() REPRESENTATION_CONTEXT('2D SPACE',''
  ) );
#3212 = PCURVE('',#3173,#3213);
#3213 = DEFINITIONAL_REPRESENTATION('',(#3214),#3218);
#3214 = LINE('',#3215,#3216);
#3215 = CARTESIAN_POINT('',(0.,-0.));
#3216 = VECTOR('',#3217,1.);
#3217 = DIRECTION('',(0.,1.));
#3218 = ( GEOMETRIC_REPRESENTATION_CONTEXT(2) 
PARAMETRIC_REPRESENTATION_CONTEXT() REPRESENTATION_CONTEXT('2D SPACE',''
  ) );
#3219 = ORIENTED_EDGE('',*,*,#3220,.T.);
#3220 = EDGE_CURVE('',#3198,#3198,#3221,.T.);
#3221 = SURFACE_CURVE('',#3222,(#3227,#3234),.PCURVE_S1.);
#3222 = CIRCLE('',#3223,17.3);
#3223 = AXIS2_PLACEMENT_3D('',#3224,#3225,#3226);
#3224 = CARTESIAN_POINT('',(236.90397835432,0.,652.79151548851));
#3225 = DIRECTION('',(-0.342020143326,0.,0.939692620786));
#3226 = DIRECTION('',(0.939692620786,0.,0.342020143326));
#3227 = PCURVE('',#3173,#3228);
#3228 = DEFINITIONAL_REPRESENTATION('',(#3229),#3233);
#3229 = LINE('',#3230,#3231);
#3230 = CARTESIAN_POINT('',(0.,0.));
#3231 = VECTOR('',#3232,1.);
#3232 = DIRECTION('',(1.,0.));
#3233 = ( GEOMETRIC_REPRESENTATION_CONTEXT(2) 
PARAMETRIC_REPRESENTATION_CONTEXT() REPRESENTATION_CONTEXT('2D SPACE',''
  ) );
#3234 = PCURVE('',#3235,#3240);
#3235 = PLANE('',#3236);
#3236 = AXIS2_PLACEMENT_3D('',#3237,#3238,#3239);
#3237 = CARTESIAN_POINT('',(236.90397835432,0.,652.79151548851));
#3238 = DIRECTION('',(-0.342020143326,0.,0.939692620786));
#3239 = DIRECTION('',(0.939692620786,0.,0.342020143326));
#3240 = DEFINITIONAL_REPRESENTATION('',(#3241),#3245);
#3241 = CIRCLE('',#3242,17.3);
#3242 = AXIS2_PLACEMENT_2D('',#3243,#3244);
#3243 = CARTESIAN_POINT('',(0.,0.));
#3244 = DIRECTION('',(1.,0.));
#3245 = ( GEOMETRIC_REPRESENTATION_CONTEXT(2) 
PARAMETRIC_REPRESENTATION_CONTEXT() REPRESENTATION_CONTEXT('2D SPACE',''
  ) );
#3246 = ORIENTED_EDGE('',*,*,#3197,.T.);
#3247 = ADVANCED_FACE('',(#3248),#3185,.T.);
#3248 = FACE_BOUND('',#3249,.T.);
#3249 = EDGE_LOOP('',(#3250));
#3250 = ORIENTED_EDGE('',*,*,#3163,.T.);
#3251 = ADVANCED_FACE('',(#3252),#3235,.F.);
#3252 = FACE_BOUND('',#3253,.T.);
#3253 = EDGE_LOOP('',(#3254));
#3254 = ORIENTED_EDGE('',*,*,#3220,.F.);
#3255 = ( GEOMETRIC_REPRESENTATION_CONTEXT(3) 
GLOBAL_UNCERTAINTY_ASSIGNED_CONTEXT((#3259)) 
GLOBAL_UNIT_ASSIGNED_CONTEXT((#3256,#3257,#3258)) REPRESENTATION_CONTEXT
('Context #1','3D Context with UNIT and UNCERTAINTY') );
#3256 = ( LENGTH_UNIT() NAMED_UNIT(*) SI_UNIT(.MILLI.,.METRE.) );
#3257 = ( NAMED_UNIT(*) PLANE_ANGLE_UNIT() SI_UNIT($,.RADIAN.) );
#3258 = ( NAMED_UNIT(*) SI_UNIT($,.STERADIAN.) SOLID_ANGLE_UNIT() );
#3259 = UNCERTAINTY_MEASURE_WITH_UNIT(LENGTH_MEASURE(1.E-07),#3256,
  'distance_accuracy_value','confusion accuracy');
#3260 = CONTEXT_DEPENDENT_SHAPE_REPRESENTATION(#3261,#3263);
#3261 = ( REPRESENTATION_RELATIONSHIP('','',#3156,#2887) 
REPRESENTATION_RELATIONSHIP_WITH_TRANSFORMATION(#3262) 
SHAPE_REPRESENTATION_RELATIONSHIP() );
#3262 = ITEM_DEFINED_TRANSFORMATION('','',#11,#2896);
#3263 = PRODUCT_DEFINITION_SHAPE('Placement','Placement of an item',
  #3264);
#3264 = NEXT_ASSEMBLY_USAGE_OCCURRENCE('144','=>[0:1:1:24]','',#2882,
  #3151,$);
#3265 = PRODUCT_RELATED_PRODUCT_CATEGORY('part',$,(#3153));
#3266 = SHAPE_DEFINITION_REPRESENTATION(#3267,#3273);
#3267 = PRODUCT_DEFINITION_SHAPE('','',#3268);
#3268 = PRODUCT_DEFINITION('design','',#3269,#3272);
#3269 = PRODUCT_DEFINITION_FORMATION('','',#3270);
#3270 = PRODUCT('SOLID','SOLID','',(#3271));
#3271 = PRODUCT_CONTEXT('',#2,'mechanical');
#3272 = PRODUCT_DEFINITION_CONTEXT('part definition',#2,'design');
#3273 = ADVANCED_BREP_SHAPE_REPRESENTATION('',(#11,#3274),#3372);
#3274 = MANIFOLD_SOLID_BREP('',#3275);
#3275 = CLOSED_SHELL('',(#3276,#3364,#3368));
#3276 = ADVANCED_FACE('',(#3277),#3290,.T.);
#3277 = FACE_BOUND('',#3278,.T.);
#3278 = EDGE_LOOP('',(#3279,#3313,#3336,#3363));
#3279 = ORIENTED_EDGE('',*,*,#3280,.F.);
#3280 = EDGE_CURVE('',#3281,#3281,#3283,.T.);
#3281 = VERTEX_POINT('',#3282);
#3282 = CARTESIAN_POINT('',(183.17020711977,-3.110602869834E-15,
    837.55615449964));
#3283 = SURFACE_CURVE('',#3284,(#3289,#3301),.PCURVE_S1.);
#3284 = CIRCLE('',#3285,12.7);
#3285 = AXIS2_PLACEMENT_3D('',#3286,#3287,#3288);
#3286 = CARTESIAN_POINT('',(171.23611083579,0.,833.2124986794));
#3287 = DIRECTION('',(-0.342020143326,0.,0.939692620786));
#3288 = DIRECTION('',(0.939692620786,0.,0.342020143326));
#3289 = PCURVE('',#3290,#3295);
#3290 = CYLINDRICAL_SURFACE('',#3291,12.7);
#3291 = AXIS2_PLACEMENT_3D('',#3292,#3293,#3294);
#3292 = CARTESIAN_POINT('',(267.00175096698,0.,570.09856485935));
#3293 = DIRECTION('',(-0.342020143326,0.,0.939692620786));
#3294 = DIRECTION('',(0.939692620786,0.,0.342020143326));
#3295 = DEFINITIONAL_REPRESENTATION('',(#3296),#3300);
#3296 = LINE('',#3297,#3298);
#3297 = CARTESIAN_POINT('',(0.,280.));
#3298 = VECTOR('',#3299,1.);
#3299 = DIRECTION('',(1.,0.));
#3300 = ( GEOMETRIC_REPRESENTATION_CONTEXT(2) 
PARAMETRIC_REPRESENTATION_CONTEXT() REPRESENTATION_CONTEXT('2D SPACE',''
  ) );
#3301 = PCURVE('',#3302,#3307);
#3302 = PLANE('',#3303);
#3303 = AXIS2_PLACEMENT_3D('',#3304,#3305,#3306);
#3304 = CARTESIAN_POINT('',(171.23611083579,0.,833.2124986794));
#3305 = DIRECTION('',(-0.342020143326,0.,0.939692620786));
#3306 = DIRECTION('',(0.939692620786,0.,0.342020143326));
#3307 = DEFINITIONAL_REPRESENTATION('',(#3308),#3312);
#3308 = CIRCLE('',#3309,12.7);
#3309 = AXIS2_PLACEMENT_2D('',#3310,#3311);
#3310 = CARTESIAN_POINT('',(0.,0.));
#3311 = DIRECTION('',(1.,0.));
#3312 = ( GEOMETRIC_REPRESENTATION_CONTEXT(2) 
PARAMETRIC_REPRESENTATION_CONTEXT() REPRESENTATION_CONTEXT('2D SPACE',''
  ) );
#3313 = ORIENTED_EDGE('',*,*,#3314,.F.);
#3314 = EDGE_CURVE('',#3315,#3281,#3317,.T.);
#3315 = VERTEX_POINT('',#3316);
#3316 = CARTESIAN_POINT('',(278.93584725096,-3.110602869834E-15,
    574.44222067958));
#3317 = SEAM_CURVE('',#3318,(#3322,#3329),.PCURVE_S1.);
#3318 = LINE('',#3319,#3320);
#3319 = CARTESIAN_POINT('',(278.93584725096,-3.110602869834E-15,
    574.44222067958));
#3320 = VECTOR('',#3321,1.);
#3321 = DIRECTION('',(-0.342020143326,-1.232595164408E-32,0.939692620786
    ));
#3322 = PCURVE('',#3290,#3323);
#3323 = DEFINITIONAL_REPRESENTATION('',(#3324),#3328);
#3324 = LINE('',#3325,#3326);
#3325 = CARTESIAN_POINT('',(6.28318530718,-0.));
#3326 = VECTOR('',#3327,1.);
#3327 = DIRECTION('',(0.,1.));
#3328 = ( GEOMETRIC_REPRESENTATION_CONTEXT(2) 
PARAMETRIC_REPRESENTATION_CONTEXT() REPRESENTATION_CONTEXT('2D SPACE',''
  ) );
#3329 = PCURVE('',#3290,#3330);
#3330 = DEFINITIONAL_REPRESENTATION('',(#3331),#3335);
#3331 = LINE('',#3332,#3333);
#3332 = CARTESIAN_POINT('',(0.,-0.));
#3333 = VECTOR('',#3334,1.);
#3334 = DIRECTION('',(0.,1.));
#3335 = ( GEOMETRIC_REPRESENTATION_CONTEXT(2) 
PARAMETRIC_REPRESENTATION_CONTEXT() REPRESENTATION_CONTEXT('2D SPACE',''
  ) );
#3336 = ORIENTED_EDGE('',*,*,#3337,.T.);
#3337 = EDGE_CURVE('',#3315,#3315,#3338,.T.);
#3338 = SURFACE_CURVE('',#3339,(#3344,#3351),.PCURVE_S1.);
#3339 = CIRCLE('',#3340,12.7);
#3340 = AXIS2_PLACEMENT_3D('',#3341,#3342,#3343);
#3341 = CARTESIAN_POINT('',(267.00175096698,0.,570.09856485935));
#3342 = DIRECTION('',(-0.342020143326,0.,0.939692620786));
#3343 = DIRECTION('',(0.939692620786,0.,0.342020143326));
#3344 = PCURVE('',#3290,#3345);
#3345 = DEFINITIONAL_REPRESENTATION('',(#3346),#3350);
#3346 = LINE('',#3347,#3348);
#3347 = CARTESIAN_POINT('',(0.,0.));
#3348 = VECTOR('',#3349,1.);
#3349 = DIRECTION('',(1.,0.));
#3350 = ( GEOMETRIC_REPRESENTATION_CONTEXT(2) 
PARAMETRIC_REPRESENTATION_CONTEXT() REPRESENTATION_CONTEXT('2D SPACE',''
  ) );
#3351 = PCURVE('',#3352,#3357);
#3352 = PLANE('',#3353);
#3353 = AXIS2_PLACEMENT_3D('',#3354,#3355,#3356);
#3354 = CARTESIAN_POINT('',(267.00175096698,0.,570.09856485935));
#3355 = DIRECTION('',(-0.342020143326,0.,0.939692620786));
#3356 = DIRECTION('',(0.939692620786,0.,0.342020143326));
#3357 = DEFINITIONAL_REPRESENTATION('',(#3358),#3362);
#3358 = CIRCLE('',#3359,12.7);
#3359 = AXIS2_PLACEMENT_2D('',#3360,#3361);
#3360 = CARTESIAN_POINT('',(0.,0.));
#3361 = DIRECTION('',(1.,0.));
#3362 = ( GEOMETRIC_REPRESENTATION_CONTEXT(2) 
PARAMETRIC_REPRESENTATION_CONTEXT() REPRESENTATION_CONTEXT('2D SPACE',''
  ) );
#3363 = ORIENTED_EDGE('',*,*,#3314,.T.);
#3364 = ADVANCED_FACE('',(#3365),#3302,.T.);
#3365 = FACE_BOUND('',#3366,.T.);
#3366 = EDGE_LOOP('',(#3367));
#3367 = ORIENTED_EDGE('',*,*,#3280,.T.);
#3368 = ADVANCED_FACE('',(#3369),#3352,.F.);
#3369 = FACE_BOUND('',#3370,.T.);
#3370 = EDGE_LOOP('',(#3371));
#3371 = ORIENTED_EDGE('',*,*,#3337,.F.);
#3372 = ( GEOMETRIC_REPRESENTATION_CONTEXT(3) 
GLOBAL_UNCERTAINTY_ASSIGNED_CONTEXT((#3376)) 
GLOBAL_UNIT_ASSIGNED_CONTEXT((#3373,#3374,#3375)) REPRESENTATION_CONTEXT
('Context #1','3D Context with UNIT and UNCERTAINTY') );
#3373 = ( LENGTH_UNIT() NAMED_UNIT(*) SI_UNIT(.MILLI.,.METRE.) );
#3374 = ( NAMED_UNIT(*) PLANE_ANGLE_UNIT() SI_UNIT($,.RADIAN.) );
#3375 = ( NAMED_UNIT(*) SI_UNIT($,.STERADIAN.) SOLID_ANGLE_UNIT() );
#3376 = UNCERTAINTY_MEASURE_WITH_UNIT(LENGTH_MEASURE(1.E-07),#3373,
  'distance_accuracy_value','confusion accuracy');
#3377 = CONTEXT_DEPENDENT_SHAPE_REPRESENTATION(#3378,#3380);
#3378 = ( REPRESENTATION_RELATIONSHIP('','',#3273,#2887) 
REPRESENTATION_RELATIONSHIP_WITH_TRANSFORMATION(#3379) 
SHAPE_REPRESENTATION_RELATIONSHIP() );
#3379 = ITEM_DEFINED_TRANSFORMATION('','',#11,#2900);
#3380 = PRODUCT_DEFINITION_SHAPE('Placement','Placement of an item',
  #3381);
#3381 = NEXT_ASSEMBLY_USAGE_OCCURRENCE('145','=>[0:1:1:25]','',#2882,
  #3268,$);
#3382 = PRODUCT_RELATED_PRODUCT_CATEGORY('part',$,(#3270));
#3383 = SHAPE_DEFINITION_REPRESENTATION(#3384,#3390);
#3384 = PRODUCT_DEFINITION_SHAPE('','',#3385);
#3385 = PRODUCT_DEFINITION('design','',#3386,#3389);
#3386 = PRODUCT_DEFINITION_FORMATION('','',#3387);
#3387 = PRODUCT('COMPOUND','COMPOUND','',(#3388));
#3388 = PRODUCT_CONTEXT('',#2,'mechanical');
#3389 = PRODUCT_DEFINITION_CONTEXT('part definition',#2,'design');
#3390 = ADVANCED_BREP_SHAPE_REPRESENTATION('',(#11,#3391),#3721);
#3391 = MANIFOLD_SOLID_BREP('',#3392);
#3392 = CLOSED_SHELL('',(#3393,#3513,#3613,#3660,#3707,#3714));
#3393 = ADVANCED_FACE('',(#3394),#3408,.F.);
#3394 = FACE_BOUND('',#3395,.F.);
#3395 = EDGE_LOOP('',(#3396,#3431,#3459,#3487));
#3396 = ORIENTED_EDGE('',*,*,#3397,.F.);
#3397 = EDGE_CURVE('',#3398,#3400,#3402,.T.);
#3398 = VERTEX_POINT('',#3399);
#3399 = CARTESIAN_POINT('',(-110.,-62.5,-30.));
#3400 = VERTEX_POINT('',#3401);
#3401 = CARTESIAN_POINT('',(-110.,-62.5,30.));
#3402 = SURFACE_CURVE('',#3403,(#3407,#3419),.PCURVE_S1.);
#3403 = LINE('',#3404,#3405);
#3404 = CARTESIAN_POINT('',(-110.,-62.5,-30.));
#3405 = VECTOR('',#3406,1.);
#3406 = DIRECTION('',(0.,0.,1.));
#3407 = PCURVE('',#3408,#3413);
#3408 = PLANE('',#3409);
#3409 = AXIS2_PLACEMENT_3D('',#3410,#3411,#3412);
#3410 = CARTESIAN_POINT('',(-110.,-62.5,-30.));
#3411 = DIRECTION('',(1.,0.,-0.));
#3412 = DIRECTION('',(0.,0.,1.));
#3413 = DEFINITIONAL_REPRESENTATION('',(#3414),#3418);
#3414 = LINE('',#3415,#3416);
#3415 = CARTESIAN_POINT('',(0.,0.));
#3416 = VECTOR('',#3417,1.);
#3417 = DIRECTION('',(1.,0.));
#3418 = ( GEOMETRIC_REPRESENTATION_CONTEXT(2) 
PARAMETRIC_REPRESENTATION_CONTEXT() REPRESENTATION_CONTEXT('2D SPACE',''
  ) );
#3419 = PCURVE('',#3420,#3425);
#3420 = PLANE('',#3421);
#3421 = AXIS2_PLACEMENT_3D('',#3422,#3423,#3424);
#3422 = CARTESIAN_POINT('',(-110.,-62.5,-30.));
#3423 = DIRECTION('',(-0.,1.,0.));
#3424 = DIRECTION('',(0.,0.,1.));
#3425 = DEFINITIONAL_REPRESENTATION('',(#3426),#3430);
#3426 = LINE('',#3427,#3428);
#3427 = CARTESIAN_POINT('',(0.,0.));
#3428 = VECTOR('',#3429,1.);
#3429 = DIRECTION('',(1.,0.));
#3430 = ( GEOMETRIC_REPRESENTATION_CONTEXT(2) 
PARAMETRIC_REPRESENTATION_CONTEXT() REPRESENTATION_CONTEXT('2D SPACE',''
  ) );
#3431 = ORIENTED_EDGE('',*,*,#3432,.T.);
#3432 = EDGE_CURVE('',#3398,#3433,#3435,.T.);
#3433 = VERTEX_POINT('',#3434);
#3434 = CARTESIAN_POINT('',(-110.,62.5,-30.));
#3435 = SURFACE_CURVE('',#3436,(#3440,#3447),.PCURVE_S1.);
#3436 = LINE('',#3437,#3438);
#3437 = CARTESIAN_POINT('',(-110.,-62.5,-30.));
#3438 = VECTOR('',#3439,1.);
#3439 = DIRECTION('',(-0.,1.,0.));
#3440 = PCURVE('',#3408,#3441);
#3441 = DEFINITIONAL_REPRESENTATION('',(#3442),#3446);
#3442 = LINE('',#3443,#3444);
#3443 = CARTESIAN_POINT('',(0.,0.));
#3444 = VECTOR('',#3445,1.);
#3445 = DIRECTION('',(0.,-1.));
#3446 = ( GEOMETRIC_REPRESENTATION_CONTEXT(2) 
PARAMETRIC_REPRESENTATION_CONTEXT() REPRESENTATION_CONTEXT('2D SPACE',''
  ) );
#3447 = PCURVE('',#3448,#3453);
#3448 = PLANE('',#3449);
#3449 = AXIS2_PLACEMENT_3D('',#3450,#3451,#3452);
#3450 = CARTESIAN_POINT('',(-110.,-62.5,-30.));
#3451 = DIRECTION('',(0.,0.,1.));
#3452 = DIRECTION('',(1.,0.,-0.));
#3453 = DEFINITIONAL_REPRESENTATION('',(#3454),#3458);
#3454 = LINE('',#3455,#3456);
#3455 = CARTESIAN_POINT('',(0.,0.));
#3456 = VECTOR('',#3457,1.);
#3457 = DIRECTION('',(0.,1.));
#3458 = ( GEOMETRIC_REPRESENTATION_CONTEXT(2) 
PARAMETRIC_REPRESENTATION_CONTEXT() REPRESENTATION_CONTEXT('2D SPACE',''
  ) );
#3459 = ORIENTED_EDGE('',*,*,#3460,.T.);
#3460 = EDGE_CURVE('',#3433,#3461,#3463,.T.);
#3461 = VERTEX_POINT('',#3462);
#3462 = CARTESIAN_POINT('',(-110.,62.5,30.));
#3463 = SURFACE_CURVE('',#3464,(#3468,#3475),.PCURVE_S1.);
#3464 = LINE('',#3465,#3466);
#3465 = CARTESIAN_POINT('',(-110.,62.5,-30.));
#3466 = VECTOR('',#3467,1.);
#3467 = DIRECTION('',(0.,0.,1.));
#3468 = PCURVE('',#3408,#3469);
#3469 = DEFINITIONAL_REPRESENTATION('',(#3470),#3474);
#3470 = LINE('',#3471,#3472);
#3471 = CARTESIAN_POINT('',(0.,-125.));
#3472 = VECTOR('',#3473,1.);
#3473 = DIRECTION('',(1.,0.));
#3474 = ( GEOMETRIC_REPRESENTATION_CONTEXT(2) 
PARAMETRIC_REPRESENTATION_CONTEXT() REPRESENTATION_CONTEXT('2D SPACE',''
  ) );
#3475 = PCURVE('',#3476,#3481);
#3476 = PLANE('',#3477);
#3477 = AXIS2_PLACEMENT_3D('',#3478,#3479,#3480);
#3478 = CARTESIAN_POINT('',(-110.,62.5,-30.));
#3479 = DIRECTION('',(-0.,1.,0.));
#3480 = DIRECTION('',(0.,0.,1.));
#3481 = DEFINITIONAL_REPRESENTATION('',(#3482),#3486);
#3482 = LINE('',#3483,#3484);
#3483 = CARTESIAN_POINT('',(0.,0.));
#3484 = VECTOR('',#3485,1.);
#3485 = DIRECTION('',(1.,0.));
#3486 = ( GEOMETRIC_REPRESENTATION_CONTEXT(2) 
PARAMETRIC_REPRESENTATION_CONTEXT() REPRESENTATION_CONTEXT('2D SPACE',''
  ) );
#3487 = ORIENTED_EDGE('',*,*,#3488,.F.);
#3488 = EDGE_CURVE('',#3400,#3461,#3489,.T.);
#3489 = SURFACE_CURVE('',#3490,(#3494,#3501),.PCURVE_S1.);
#3490 = LINE('',#3491,#3492);
#3491 = CARTESIAN_POINT('',(-110.,-62.5,30.));
#3492 = VECTOR('',#3493,1.);
#3493 = DIRECTION('',(-0.,1.,0.));
#3494 = PCURVE('',#3408,#3495);
#3495 = DEFINITIONAL_REPRESENTATION('',(#3496),#3500);
#3496 = LINE('',#3497,#3498);
#3497 = CARTESIAN_POINT('',(60.,0.));
#3498 = VECTOR('',#3499,1.);
#3499 = DIRECTION('',(0.,-1.));
#3500 = ( GEOMETRIC_REPRESENTATION_CONTEXT(2) 
PARAMETRIC_REPRESENTATION_CONTEXT() REPRESENTATION_CONTEXT('2D SPACE',''
  ) );
#3501 = PCURVE('',#3502,#3507);
#3502 = PLANE('',#3503);
#3503 = AXIS2_PLACEMENT_3D('',#3504,#3505,#3506);
#3504 = CARTESIAN_POINT('',(-110.,-62.5,30.));
#3505 = DIRECTION('',(0.,0.,1.));
#3506 = DIRECTION('',(1.,0.,-0.));
#3507 = DEFINITIONAL_REPRESENTATION('',(#3508),#3512);
#3508 = LINE('',#3509,#3510);
#3509 = CARTESIAN_POINT('',(0.,0.));
#3510 = VECTOR('',#3511,1.);
#3511 = DIRECTION('',(0.,1.));
#3512 = ( GEOMETRIC_REPRESENTATION_CONTEXT(2) 
PARAMETRIC_REPRESENTATION_CONTEXT() REPRESENTATION_CONTEXT('2D SPACE',''
  ) );
#3513 = ADVANCED_FACE('',(#3514),#3528,.T.);
#3514 = FACE_BOUND('',#3515,.T.);
#3515 = EDGE_LOOP('',(#3516,#3546,#3569,#3592));
#3516 = ORIENTED_EDGE('',*,*,#3517,.F.);
#3517 = EDGE_CURVE('',#3518,#3520,#3522,.T.);
#3518 = VERTEX_POINT('',#3519);
#3519 = CARTESIAN_POINT('',(110.,-62.5,-30.));
#3520 = VERTEX_POINT('',#3521);
#3521 = CARTESIAN_POINT('',(110.,-62.5,30.));
#3522 = SURFACE_CURVE('',#3523,(#3527,#3539),.PCURVE_S1.);
#3523 = LINE('',#3524,#3525);
#3524 = CARTESIAN_POINT('',(110.,-62.5,-30.));
#3525 = VECTOR('',#3526,1.);
#3526 = DIRECTION('',(0.,0.,1.));
#3527 = PCURVE('',#3528,#3533);
#3528 = PLANE('',#3529);
#3529 = AXIS2_PLACEMENT_3D('',#3530,#3531,#3532);
#3530 = CARTESIAN_POINT('',(110.,-62.5,-30.));
#3531 = DIRECTION('',(1.,0.,-0.));
#3532 = DIRECTION('',(0.,0.,1.));
#3533 = DEFINITIONAL_REPRESENTATION('',(#3534),#3538);
#3534 = LINE('',#3535,#3536);
#3535 = CARTESIAN_POINT('',(0.,0.));
#3536 = VECTOR('',#3537,1.);
#3537 = DIRECTION('',(1.,0.));
#3538 = ( GEOMETRIC_REPRESENTATION_CONTEXT(2) 
PARAMETRIC_REPRESENTATION_CONTEXT() REPRESENTATION_CONTEXT('2D SPACE',''
  ) );
#3539 = PCURVE('',#3420,#3540);
#3540 = DEFINITIONAL_REPRESENTATION('',(#3541),#3545);
#3541 = LINE('',#3542,#3543);
#3542 = CARTESIAN_POINT('',(0.,220.));
#3543 = VECTOR('',#3544,1.);
#3544 = DIRECTION('',(1.,0.));
#3545 = ( GEOMETRIC_REPRESENTATION_CONTEXT(2) 
PARAMETRIC_REPRESENTATION_CONTEXT() REPRESENTATION_CONTEXT('2D SPACE',''
  ) );
#3546 = ORIENTED_EDGE('',*,*,#3547,.T.);
#3547 = EDGE_CURVE('',#3518,#3548,#3550,.T.);
#3548 = VERTEX_POINT('',#3549);
#3549 = CARTESIAN_POINT('',(110.,62.5,-30.));
#3550 = SURFACE_CURVE('',#3551,(#3555,#3562),.PCURVE_S1.);
#3551 = LINE('',#3552,#3553);
#3552 = CARTESIAN_POINT('',(110.,-62.5,-30.));
#3553 = VECTOR('',#3554,1.);
#3554 = DIRECTION('',(-0.,1.,0.));
#3555 = PCURVE('',#3528,#3556);
#3556 = DEFINITIONAL_REPRESENTATION('',(#3557),#3561);
#3557 = LINE('',#3558,#3559);
#3558 = CARTESIAN_POINT('',(0.,0.));
#3559 = VECTOR('',#3560,1.);
#3560 = DIRECTION('',(0.,-1.));
#3561 = ( GEOMETRIC_REPRESENTATION_CONTEXT(2) 
PARAMETRIC_REPRESENTATION_CONTEXT() REPRESENTATION_CONTEXT('2D SPACE',''
  ) );
#3562 = PCURVE('',#3448,#3563);
#3563 = DEFINITIONAL_REPRESENTATION('',(#3564),#3568);
#3564 = LINE('',#3565,#3566);
#3565 = CARTESIAN_POINT('',(220.,0.));
#3566 = VECTOR('',#3567,1.);
#3567 = DIRECTION('',(0.,1.));
#3568 = ( GEOMETRIC_REPRESENTATION_CONTEXT(2) 
PARAMETRIC_REPRESENTATION_CONTEXT() REPRESENTATION_CONTEXT('2D SPACE',''
  ) );
#3569 = ORIENTED_EDGE('',*,*,#3570,.T.);
#3570 = EDGE_CURVE('',#3548,#3571,#3573,.T.);
#3571 = VERTEX_POINT('',#3572);
#3572 = CARTESIAN_POINT('',(110.,62.5,30.));
#3573 = SURFACE_CURVE('',#3574,(#3578,#3585),.PCURVE_S1.);
#3574 = LINE('',#3575,#3576);
#3575 = CARTESIAN_POINT('',(110.,62.5,-30.));
#3576 = VECTOR('',#3577,1.);
#3577 = DIRECTION('',(0.,0.,1.));
#3578 = PCURVE('',#3528,#3579);
#3579 = DEFINITIONAL_REPRESENTATION('',(#3580),#3584);
#3580 = LINE('',#3581,#3582);
#3581 = CARTESIAN_POINT('',(0.,-125.));
#3582 = VECTOR('',#3583,1.);
#3583 = DIRECTION('',(1.,0.));
#3584 = ( GEOMETRIC_REPRESENTATION_CONTEXT(2) 
PARAMETRIC_REPRESENTATION_CONTEXT() REPRESENTATION_CONTEXT('2D SPACE',''
  ) );
#3585 = PCURVE('',#3476,#3586);
#3586 = DEFINITIONAL_REPRESENTATION('',(#3587),#3591);
#3587 = LINE('',#3588,#3589);
#3588 = CARTESIAN_POINT('',(0.,220.));
#3589 = VECTOR('',#3590,1.);
#3590 = DIRECTION('',(1.,0.));
#3591 = ( GEOMETRIC_REPRESENTATION_CONTEXT(2) 
PARAMETRIC_REPRESENTATION_CONTEXT() REPRESENTATION_CONTEXT('2D SPACE',''
  ) );
#3592 = ORIENTED_EDGE('',*,*,#3593,.F.);
#3593 = EDGE_CURVE('',#3520,#3571,#3594,.T.);
#3594 = SURFACE_CURVE('',#3595,(#3599,#3606),.PCURVE_S1.);
#3595 = LINE('',#3596,#3597);
#3596 = CARTESIAN_POINT('',(110.,-62.5,30.));
#3597 = VECTOR('',#3598,1.);
#3598 = DIRECTION('',(-0.,1.,0.));
#3599 = PCURVE('',#3528,#3600);
#3600 = DEFINITIONAL_REPRESENTATION('',(#3601),#3605);
#3601 = LINE('',#3602,#3603);
#3602 = CARTESIAN_POINT('',(60.,0.));
#3603 = VECTOR('',#3604,1.);
#3604 = DIRECTION('',(0.,-1.));
#3605 = ( GEOMETRIC_REPRESENTATION_CONTEXT(2) 
PARAMETRIC_REPRESENTATION_CONTEXT() REPRESENTATION_CONTEXT('2D SPACE',''
  ) );
#3606 = PCURVE('',#3502,#3607);
#3607 = DEFINITIONAL_REPRESENTATION('',(#3608),#3612);
#3608 = LINE('',#3609,#3610);
#3609 = CARTESIAN_POINT('',(220.,0.));
#3610 = VECTOR('',#3611,1.);
#3611 = DIRECTION('',(0.,1.));
#3612 = ( GEOMETRIC_REPRESENTATION_CONTEXT(2) 
PARAMETRIC_REPRESENTATION_CONTEXT() REPRESENTATION_CONTEXT('2D SPACE',''
  ) );
#3613 = ADVANCED_FACE('',(#3614),#3420,.F.);
#3614 = FACE_BOUND('',#3615,.F.);
#3615 = EDGE_LOOP('',(#3616,#3637,#3638,#3659));
#3616 = ORIENTED_EDGE('',*,*,#3617,.F.);
#3617 = EDGE_CURVE('',#3398,#3518,#3618,.T.);
#3618 = SURFACE_CURVE('',#3619,(#3623,#3630),.PCURVE_S1.);
#3619 = LINE('',#3620,#3621);
#3620 = CARTESIAN_POINT('',(-110.,-62.5,-30.));
#3621 = VECTOR('',#3622,1.);
#3622 = DIRECTION('',(1.,0.,-0.));
#3623 = PCURVE('',#3420,#3624);
#3624 = DEFINITIONAL_REPRESENTATION('',(#3625),#3629);
#3625 = LINE('',#3626,#3627);
#3626 = CARTESIAN_POINT('',(0.,0.));
#3627 = VECTOR('',#3628,1.);
#3628 = DIRECTION('',(0.,1.));
#3629 = ( GEOMETRIC_REPRESENTATION_CONTEXT(2) 
PARAMETRIC_REPRESENTATION_CONTEXT() REPRESENTATION_CONTEXT('2D SPACE',''
  ) );
#3630 = PCURVE('',#3448,#3631);
#3631 = DEFINITIONAL_REPRESENTATION('',(#3632),#3636);
#3632 = LINE('',#3633,#3634);
#3633 = CARTESIAN_POINT('',(0.,0.));
#3634 = VECTOR('',#3635,1.);
#3635 = DIRECTION('',(1.,0.));
#3636 = ( GEOMETRIC_REPRESENTATION_CONTEXT(2) 
PARAMETRIC_REPRESENTATION_CONTEXT() REPRESENTATION_CONTEXT('2D SPACE',''
  ) );
#3637 = ORIENTED_EDGE('',*,*,#3397,.T.);
#3638 = ORIENTED_EDGE('',*,*,#3639,.T.);
#3639 = EDGE_CURVE('',#3400,#3520,#3640,.T.);
#3640 = SURFACE_CURVE('',#3641,(#3645,#3652),.PCURVE_S1.);
#3641 = LINE('',#3642,#3643);
#3642 = CARTESIAN_POINT('',(-110.,-62.5,30.));
#3643 = VECTOR('',#3644,1.);
#3644 = DIRECTION('',(1.,0.,-0.));
#3645 = PCURVE('',#3420,#3646);
#3646 = DEFINITIONAL_REPRESENTATION('',(#3647),#3651);
#3647 = LINE('',#3648,#3649);
#3648 = CARTESIAN_POINT('',(60.,0.));
#3649 = VECTOR('',#3650,1.);
#3650 = DIRECTION('',(0.,1.));
#3651 = ( GEOMETRIC_REPRESENTATION_CONTEXT(2) 
PARAMETRIC_REPRESENTATION_CONTEXT() REPRESENTATION_CONTEXT('2D SPACE',''
  ) );
#3652 = PCURVE('',#3502,#3653);
#3653 = DEFINITIONAL_REPRESENTATION('',(#3654),#3658);
#3654 = LINE('',#3655,#3656);
#3655 = CARTESIAN_POINT('',(0.,0.));
#3656 = VECTOR('',#3657,1.);
#3657 = DIRECTION('',(1.,0.));
#3658 = ( GEOMETRIC_REPRESENTATION_CONTEXT(2) 
PARAMETRIC_REPRESENTATION_CONTEXT() REPRESENTATION_CONTEXT('2D SPACE',''
  ) );
#3659 = ORIENTED_EDGE('',*,*,#3517,.F.);
#3660 = ADVANCED_FACE('',(#3661),#3476,.T.);
#3661 = FACE_BOUND('',#3662,.T.);
#3662 = EDGE_LOOP('',(#3663,#3684,#3685,#3706));
#3663 = ORIENTED_EDGE('',*,*,#3664,.F.);
#3664 = EDGE_CURVE('',#3433,#3548,#3665,.T.);
#3665 = SURFACE_CURVE('',#3666,(#3670,#3677),.PCURVE_S1.);
#3666 = LINE('',#3667,#3668);
#3667 = CARTESIAN_POINT('',(-110.,62.5,-30.));
#3668 = VECTOR('',#3669,1.);
#3669 = DIRECTION('',(1.,0.,-0.));
#3670 = PCURVE('',#3476,#3671);
#3671 = DEFINITIONAL_REPRESENTATION('',(#3672),#3676);
#3672 = LINE('',#3673,#3674);
#3673 = CARTESIAN_POINT('',(0.,0.));
#3674 = VECTOR('',#3675,1.);
#3675 = DIRECTION('',(0.,1.));
#3676 = ( GEOMETRIC_REPRESENTATION_CONTEXT(2) 
PARAMETRIC_REPRESENTATION_CONTEXT() REPRESENTATION_CONTEXT('2D SPACE',''
  ) );
#3677 = PCURVE('',#3448,#3678);
#3678 = DEFINITIONAL_REPRESENTATION('',(#3679),#3683);
#3679 = LINE('',#3680,#3681);
#3680 = CARTESIAN_POINT('',(0.,125.));
#3681 = VECTOR('',#3682,1.);
#3682 = DIRECTION('',(1.,0.));
#3683 = ( GEOMETRIC_REPRESENTATION_CONTEXT(2) 
PARAMETRIC_REPRESENTATION_CONTEXT() REPRESENTATION_CONTEXT('2D SPACE',''
  ) );
#3684 = ORIENTED_EDGE('',*,*,#3460,.T.);
#3685 = ORIENTED_EDGE('',*,*,#3686,.T.);
#3686 = EDGE_CURVE('',#3461,#3571,#3687,.T.);
#3687 = SURFACE_CURVE('',#3688,(#3692,#3699),.PCURVE_S1.);
#3688 = LINE('',#3689,#3690);
#3689 = CARTESIAN_POINT('',(-110.,62.5,30.));
#3690 = VECTOR('',#3691,1.);
#3691 = DIRECTION('',(1.,0.,-0.));
#3692 = PCURVE('',#3476,#3693);
#3693 = DEFINITIONAL_REPRESENTATION('',(#3694),#3698);
#3694 = LINE('',#3695,#3696);
#3695 = CARTESIAN_POINT('',(60.,0.));
#3696 = VECTOR('',#3697,1.);
#3697 = DIRECTION('',(0.,1.));
#3698 = ( GEOMETRIC_REPRESENTATION_CONTEXT(2) 
PARAMETRIC_REPRESENTATION_CONTEXT() REPRESENTATION_CONTEXT('2D SPACE',''
  ) );
#3699 = PCURVE('',#3502,#3700);
#3700 = DEFINITIONAL_REPRESENTATION('',(#3701),#3705);
#3701 = LINE('',#3702,#3703);
#3702 = CARTESIAN_POINT('',(0.,125.));
#3703 = VECTOR('',#3704,1.);
#3704 = DIRECTION('',(1.,0.));
#3705 = ( GEOMETRIC_REPRESENTATION_CONTEXT(2) 
PARAMETRIC_REPRESENTATION_CONTEXT() REPRESENTATION_CONTEXT('2D SPACE',''
  ) );
#3706 = ORIENTED_EDGE('',*,*,#3570,.F.);
#3707 = ADVANCED_FACE('',(#3708),#3448,.F.);
#3708 = FACE_BOUND('',#3709,.F.);
#3709 = EDGE_LOOP('',(#3710,#3711,#3712,#3713));
#3710 = ORIENTED_EDGE('',*,*,#3432,.F.);
#3711 = ORIENTED_EDGE('',*,*,#3617,.T.);
#3712 = ORIENTED_EDGE('',*,*,#3547,.T.);
#3713 = ORIENTED_EDGE('',*,*,#3664,.F.);
#3714 = ADVANCED_FACE('',(#3715),#3502,.T.);
#3715 = FACE_BOUND('',#3716,.T.);
#3716 = EDGE_LOOP('',(#3717,#3718,#3719,#3720));
#3717 = ORIENTED_EDGE('',*,*,#3488,.F.);
#3718 = ORIENTED_EDGE('',*,*,#3639,.T.);
#3719 = ORIENTED_EDGE('',*,*,#3593,.T.);
#3720 = ORIENTED_EDGE('',*,*,#3686,.F.);
#3721 = ( GEOMETRIC_REPRESENTATION_CONTEXT(3) 
GLOBAL_UNCERTAINTY_ASSIGNED_CONTEXT((#3725)) 
GLOBAL_UNIT_ASSIGNED_CONTEXT((#3722,#3723,#3724)) REPRESENTATION_CONTEXT
('Context #1','3D Context with UNIT and UNCERTAINTY') );
#3722 = ( LENGTH_UNIT() NAMED_UNIT(*) SI_UNIT(.MILLI.,.METRE.) );
#3723 = ( NAMED_UNIT(*) PLANE_ANGLE_UNIT() SI_UNIT($,.RADIAN.) );
#3724 = ( NAMED_UNIT(*) SI_UNIT($,.STERADIAN.) SOLID_ANGLE_UNIT() );
#3725 = UNCERTAINTY_MEASURE_WITH_UNIT(LENGTH_MEASURE(1.E-07),#3722,
  'distance_accuracy_value','confusion accuracy');
#3726 = CONTEXT_DEPENDENT_SHAPE_REPRESENTATION(#3727,#3729);
#3727 = ( REPRESENTATION_RELATIONSHIP('','',#3390,#10) 
REPRESENTATION_RELATIONSHIP_WITH_TRANSFORMATION(#3728) 
SHAPE_REPRESENTATION_RELATIONSHIP() );
#3728 = ITEM_DEFINED_TRANSFORMATION('','',#11,#27);
#3729 = PRODUCT_DEFINITION_SHAPE('Placement','Placement of an item',
  #3730);
#3730 = NEXT_ASSEMBLY_USAGE_OCCURRENCE('147','=>[0:1:1:26]','',#5,#3385,
  $);
#3731 = PRODUCT_RELATED_PRODUCT_CATEGORY('part',$,(#3387));
#3732 = SHAPE_DEFINITION_REPRESENTATION(#3733,#3739);
#3733 = PRODUCT_DEFINITION_SHAPE('','',#3734);
#3734 = PRODUCT_DEFINITION('design','',#3735,#3738);
#3735 = PRODUCT_DEFINITION_FORMATION('','',#3736);
#3736 = PRODUCT('COMPOUND','COMPOUND','',(#3737));
#3737 = PRODUCT_CONTEXT('',#2,'mechanical');
#3738 = PRODUCT_DEFINITION_CONTEXT('part definition',#2,'design');
#3739 = SHAPE_REPRESENTATION('',(#11,#3740,#3744),#3748);
#3740 = AXIS2_PLACEMENT_3D('',#3741,#3742,#3743);
#3741 = CARTESIAN_POINT('',(0.,0.,0.));
#3742 = DIRECTION('',(0.,0.,1.));
#3743 = DIRECTION('',(1.,0.,-0.));
#3744 = AXIS2_PLACEMENT_3D('',#3745,#3746,#3747);
#3745 = CARTESIAN_POINT('',(0.,0.,0.));
#3746 = DIRECTION('',(0.,0.,1.));
#3747 = DIRECTION('',(1.,0.,-0.));
#3748 = ( GEOMETRIC_REPRESENTATION_CONTEXT(3) 
GLOBAL_UNCERTAINTY_ASSIGNED_CONTEXT((#3752)) 
GLOBAL_UNIT_ASSIGNED_CONTEXT((#3749,#3750,#3751)) REPRESENTATION_CONTEXT
('Context #1','3D Context with UNIT and UNCERTAINTY') );
#3749 = ( LENGTH_UNIT() NAMED_UNIT(*) SI_UNIT(.MILLI.,.METRE.) );
#3750 = ( NAMED_UNIT(*) PLANE_ANGLE_UNIT() SI_UNIT($,.RADIAN.) );
#3751 = ( NAMED_UNIT(*) SI_UNIT($,.STERADIAN.) SOLID_ANGLE_UNIT() );
#3752 = UNCERTAINTY_MEASURE_WITH_UNIT(LENGTH_MEASURE(1.E-07),#3749,
  'distance_accuracy_value','confusion accuracy');
#3753 = CONTEXT_DEPENDENT_SHAPE_REPRESENTATION(#3754,#3756);
#3754 = ( REPRESENTATION_RELATIONSHIP('','',#3739,#10) 
REPRESENTATION_RELATIONSHIP_WITH_TRANSFORMATION(#3755) 
SHAPE_REPRESENTATION_RELATIONSHIP() );
#3755 = ITEM_DEFINED_TRANSFORMATION('','',#11,#31);
#3756 = PRODUCT_DEFINITION_SHAPE('Placement','Placement of an item',
  #3757);
#3757 = NEXT_ASSEMBLY_USAGE_OCCURRENCE('150','=>[0:1:1:27]','',#5,#3734,
  $);
#3758 = PRODUCT_RELATED_PRODUCT_CATEGORY('part',$,(#3736));
#3759 = SHAPE_DEFINITION_REPRESENTATION(#3760,#3766);
#3760 = PRODUCT_DEFINITION_SHAPE('','',#3761);
#3761 = PRODUCT_DEFINITION('design','',#3762,#3765);
#3762 = PRODUCT_DEFINITION_FORMATION('','',#3763);
#3763 = PRODUCT('SOLID','SOLID','',(#3764));
#3764 = PRODUCT_CONTEXT('',#2,'mechanical');
#3765 = PRODUCT_DEFINITION_CONTEXT('part definition',#2,'design');
#3766 = ADVANCED_BREP_SHAPE_REPRESENTATION('',(#11,#3767),#3865);
#3767 = MANIFOLD_SOLID_BREP('',#3768);
#3768 = CLOSED_SHELL('',(#3769,#3857,#3861));
#3769 = ADVANCED_FACE('',(#3770),#3783,.T.);
#3770 = FACE_BOUND('',#3771,.T.);
#3771 = EDGE_LOOP('',(#3772,#3806,#3829,#3856));
#3772 = ORIENTED_EDGE('',*,*,#3773,.F.);
#3773 = EDGE_CURVE('',#3774,#3774,#3776,.T.);
#3774 = VERTEX_POINT('',#3775);
#3775 = CARTESIAN_POINT('',(623.03256462127,-2.718715894107E-15,
    845.80277468603));
#3776 = SURFACE_CURVE('',#3777,(#3782,#3794),.PCURVE_S1.);
#3777 = CIRCLE('',#3778,11.1);
#3778 = AXIS2_PLACEMENT_3D('',#3779,#3780,#3781);
#3779 = CARTESIAN_POINT('',(612.60197653055,0.,842.00635109512));
#3780 = DIRECTION('',(-0.342020143326,0.,0.939692620786));
#3781 = DIRECTION('',(0.939692620786,0.,0.342020143326));
#3782 = PCURVE('',#3783,#3788);
#3783 = CYLINDRICAL_SURFACE('',#3784,11.1);
#3784 = AXIS2_PLACEMENT_3D('',#3785,#3786,#3787);
#3785 = CARTESIAN_POINT('',(692.97671021208,0.,621.17858521043));
#3786 = DIRECTION('',(-0.342020143326,0.,0.939692620786));
#3787 = DIRECTION('',(0.939692620786,0.,0.342020143326));
#3788 = DEFINITIONAL_REPRESENTATION('',(#3789),#3793);
#3789 = LINE('',#3790,#3791);
#3790 = CARTESIAN_POINT('',(0.,235.));
#3791 = VECTOR('',#3792,1.);
#3792 = DIRECTION('',(1.,0.));
#3793 = ( GEOMETRIC_REPRESENTATION_CONTEXT(2) 
PARAMETRIC_REPRESENTATION_CONTEXT() REPRESENTATION_CONTEXT('2D SPACE',''
  ) );
#3794 = PCURVE('',#3795,#3800);
#3795 = PLANE('',#3796);
#3796 = AXIS2_PLACEMENT_3D('',#3797,#3798,#3799);
#3797 = CARTESIAN_POINT('',(612.60197653055,0.,842.00635109512));
#3798 = DIRECTION('',(-0.342020143326,0.,0.939692620786));
#3799 = DIRECTION('',(0.939692620786,0.,0.342020143326));
#3800 = DEFINITIONAL_REPRESENTATION('',(#3801),#3805);
#3801 = CIRCLE('',#3802,11.1);
#3802 = AXIS2_PLACEMENT_2D('',#3803,#3804);
#3803 = CARTESIAN_POINT('',(0.,0.));
#3804 = DIRECTION('',(1.,0.));
#3805 = ( GEOMETRIC_REPRESENTATION_CONTEXT(2) 
PARAMETRIC_REPRESENTATION_CONTEXT() REPRESENTATION_CONTEXT('2D SPACE',''
  ) );
#3806 = ORIENTED_EDGE('',*,*,#3807,.F.);
#3807 = EDGE_CURVE('',#3808,#3774,#3810,.T.);
#3808 = VERTEX_POINT('',#3809);
#3809 = CARTESIAN_POINT('',(703.4072983028,-2.718715894107E-15,
    624.97500880134));
#3810 = SEAM_CURVE('',#3811,(#3815,#3822),.PCURVE_S1.);
#3811 = LINE('',#3812,#3813);
#3812 = CARTESIAN_POINT('',(703.4072983028,-2.718715894107E-15,
    624.97500880134));
#3813 = VECTOR('',#3814,1.);
#3814 = DIRECTION('',(-0.342020143326,-1.232595164408E-32,0.939692620786
    ));
#3815 = PCURVE('',#3783,#3816);
#3816 = DEFINITIONAL_REPRESENTATION('',(#3817),#3821);
#3817 = LINE('',#3818,#3819);
#3818 = CARTESIAN_POINT('',(6.28318530718,-0.));
#3819 = VECTOR('',#3820,1.);
#3820 = DIRECTION('',(0.,1.));
#3821 = ( GEOMETRIC_REPRESENTATION_CONTEXT(2) 
PARAMETRIC_REPRESENTATION_CONTEXT() REPRESENTATION_CONTEXT('2D SPACE',''
  ) );
#3822 = PCURVE('',#3783,#3823);
#3823 = DEFINITIONAL_REPRESENTATION('',(#3824),#3828);
#3824 = LINE('',#3825,#3826);
#3825 = CARTESIAN_POINT('',(0.,-0.));
#3826 = VECTOR('',#3827,1.);
#3827 = DIRECTION('',(0.,1.));
#3828 = ( GEOMETRIC_REPRESENTATION_CONTEXT(2) 
PARAMETRIC_REPRESENTATION_CONTEXT() REPRESENTATION_CONTEXT('2D SPACE',''
  ) );
#3829 = ORIENTED_EDGE('',*,*,#3830,.T.);
#3830 = EDGE_CURVE('',#3808,#3808,#3831,.T.);
#3831 = SURFACE_CURVE('',#3832,(#3837,#3844),.PCURVE_S1.);
#3832 = CIRCLE('',#3833,11.1);
#3833 = AXIS2_PLACEMENT_3D('',#3834,#3835,#3836);
#3834 = CARTESIAN_POINT('',(692.97671021208,0.,621.17858521043));
#3835 = DIRECTION('',(-0.342020143326,0.,0.939692620786));
#3836 = DIRECTION('',(0.939692620786,0.,0.342020143326));
#3837 = PCURVE('',#3783,#3838);
#3838 = DEFINITIONAL_REPRESENTATION('',(#3839),#3843);
#3839 = LINE('',#3840,#3841);
#3840 = CARTESIAN_POINT('',(0.,0.));
#3841 = VECTOR('',#3842,1.);
#3842 = DIRECTION('',(1.,0.));
#3843 = ( GEOMETRIC_REPRESENTATION_CONTEXT(2) 
PARAMETRIC_REPRESENTATION_CONTEXT() REPRESENTATION_CONTEXT('2D SPACE',''
  ) );
#3844 = PCURVE('',#3845,#3850);
#3845 = PLANE('',#3846);
#3846 = AXIS2_PLACEMENT_3D('',#3847,#3848,#3849);
#3847 = CARTESIAN_POINT('',(692.97671021208,0.,621.17858521043));
#3848 = DIRECTION('',(-0.342020143326,0.,0.939692620786));
#3849 = DIRECTION('',(0.939692620786,0.,0.342020143326));
#3850 = DEFINITIONAL_REPRESENTATION('',(#3851),#3855);
#3851 = CIRCLE('',#3852,11.1);
#3852 = AXIS2_PLACEMENT_2D('',#3853,#3854);
#3853 = CARTESIAN_POINT('',(0.,0.));
#3854 = DIRECTION('',(1.,0.));
#3855 = ( GEOMETRIC_REPRESENTATION_CONTEXT(2) 
PARAMETRIC_REPRESENTATION_CONTEXT() REPRESENTATION_CONTEXT('2D SPACE',''
  ) );
#3856 = ORIENTED_EDGE('',*,*,#3807,.T.);
#3857 = ADVANCED_FACE('',(#3858),#3795,.T.);
#3858 = FACE_BOUND('',#3859,.T.);
#3859 = EDGE_LOOP('',(#3860));
#3860 = ORIENTED_EDGE('',*,*,#3773,.T.);
#3861 = ADVANCED_FACE('',(#3862),#3845,.F.);
#3862 = FACE_BOUND('',#3863,.T.);
#3863 = EDGE_LOOP('',(#3864));
#3864 = ORIENTED_EDGE('',*,*,#3830,.F.);
#3865 = ( GEOMETRIC_REPRESENTATION_CONTEXT(3) 
GLOBAL_UNCERTAINTY_ASSIGNED_CONTEXT((#3869)) 
GLOBAL_UNIT_ASSIGNED_CONTEXT((#3866,#3867,#3868)) REPRESENTATION_CONTEXT
('Context #1','3D Context with UNIT and UNCERTAINTY') );
#3866 = ( LENGTH_UNIT() NAMED_UNIT(*) SI_UNIT(.MILLI.,.METRE.) );
#3867 = ( NAMED_UNIT(*) PLANE_ANGLE_UNIT() SI_UNIT($,.RADIAN.) );
#3868 = ( NAMED_UNIT(*) SI_UNIT($,.STERADIAN.) SOLID_ANGLE_UNIT() );
#3869 = UNCERTAINTY_MEASURE_WITH_UNIT(LENGTH_MEASURE(1.E-07),#3866,
  'distance_accuracy_value','confusion accuracy');
#3870 = CONTEXT_DEPENDENT_SHAPE_REPRESENTATION(#3871,#3873);
#3871 = ( REPRESENTATION_RELATIONSHIP('','',#3766,#3739) 
REPRESENTATION_RELATIONSHIP_WITH_TRANSFORMATION(#3872) 
SHAPE_REPRESENTATION_RELATIONSHIP() );
#3872 = ITEM_DEFINED_TRANSFORMATION('','',#11,#3740);
#3873 = PRODUCT_DEFINITION_SHAPE('Placement','Placement of an item',
  #3874);
#3874 = NEXT_ASSEMBLY_USAGE_OCCURRENCE('148','=>[0:1:1:28]','',#3734,
  #3761,$);
#3875 = PRODUCT_RELATED_PRODUCT_CATEGORY('part',$,(#3763));
#3876 = SHAPE_DEFINITION_REPRESENTATION(#3877,#3883);
#3877 = PRODUCT_DEFINITION_SHAPE('','',#3878);
#3878 = PRODUCT_DEFINITION('design','',#3879,#3882);
#3879 = PRODUCT_DEFINITION_FORMATION('','',#3880);
#3880 = PRODUCT('SOLID','SOLID','',(#3881));
#3881 = PRODUCT_CONTEXT('',#2,'mechanical');
#3882 = PRODUCT_DEFINITION_CONTEXT('part definition',#2,'design');
#3883 = ADVANCED_BREP_SHAPE_REPRESENTATION('',(#11,#3884),#3982);
#3884 = MANIFOLD_SOLID_BREP('',#3885);
#3885 = CLOSED_SHELL('',(#3886,#3974,#3978));
#3886 = ADVANCED_FACE('',(#3887),#3900,.T.);
#3887 = FACE_BOUND('',#3888,.T.);
#3888 = EDGE_LOOP('',(#3889,#3923,#3946,#3973));
#3889 = ORIENTED_EDGE('',*,*,#3890,.F.);
#3890 = EDGE_CURVE('',#3891,#3891,#3893,.T.);
#3891 = VERTEX_POINT('',#3892);
#3892 = CARTESIAN_POINT('',(670.30039070827,3.429011037613E-15,
    865.81586602877));
#3893 = SURFACE_CURVE('',#3894,(#3899,#3911),.PCURVE_S1.);
#3894 = CIRCLE('',#3895,14.);
#3895 = AXIS2_PLACEMENT_3D('',#3896,#3897,#3898);
#3896 = CARTESIAN_POINT('',(672.60197653055,0.,852.00635109512));
#3897 = DIRECTION('',(0.986393923832,0.,0.164398987305));
#3898 = DIRECTION('',(-0.164398987305,0.,0.986393923832));
#3899 = PCURVE('',#3900,#3905);
#3900 = CYLINDRICAL_SURFACE('',#3901,14.);
#3901 = AXIS2_PLACEMENT_3D('',#3902,#3903,#3904);
#3902 = CARTESIAN_POINT('',(612.60197653055,0.,842.00635109512));
#3903 = DIRECTION('',(0.986393923832,0.,0.164398987305));
#3904 = DIRECTION('',(-0.164398987305,0.,0.986393923832));
#3905 = DEFINITIONAL_REPRESENTATION('',(#3906),#3910);
#3906 = LINE('',#3907,#3908);
#3907 = CARTESIAN_POINT('',(0.,60.827625302982));
#3908 = VECTOR('',#3909,1.);
#3909 = DIRECTION('',(1.,0.));
#3910 = ( GEOMETRIC_REPRESENTATION_CONTEXT(2) 
PARAMETRIC_REPRESENTATION_CONTEXT() REPRESENTATION_CONTEXT('2D SPACE',''
  ) );
#3911 = PCURVE('',#3912,#3917);
#3912 = PLANE('',#3913);
#3913 = AXIS2_PLACEMENT_3D('',#3914,#3915,#3916);
#3914 = CARTESIAN_POINT('',(672.60197653055,0.,852.00635109512));
#3915 = DIRECTION('',(0.986393923832,0.,0.164398987305));
#3916 = DIRECTION('',(-0.164398987305,0.,0.986393923832));
#3917 = DEFINITIONAL_REPRESENTATION('',(#3918),#3922);
#3918 = CIRCLE('',#3919,14.);
#3919 = AXIS2_PLACEMENT_2D('',#3920,#3921);
#3920 = CARTESIAN_POINT('',(0.,0.));
#3921 = DIRECTION('',(1.,0.));
#3922 = ( GEOMETRIC_REPRESENTATION_CONTEXT(2) 
PARAMETRIC_REPRESENTATION_CONTEXT() REPRESENTATION_CONTEXT('2D SPACE',''
  ) );
#3923 = ORIENTED_EDGE('',*,*,#3924,.F.);
#3924 = EDGE_CURVE('',#3925,#3891,#3927,.T.);
#3925 = VERTEX_POINT('',#3926);
#3926 = CARTESIAN_POINT('',(610.30039070827,3.429011037613E-15,
    855.81586602877));
#3927 = SEAM_CURVE('',#3928,(#3932,#3939),.PCURVE_S1.);
#3928 = LINE('',#3929,#3930);
#3929 = CARTESIAN_POINT('',(610.30039070827,3.429011037613E-15,
    855.81586602877));
#3930 = VECTOR('',#3931,1.);
#3931 = DIRECTION('',(0.986393923832,0.,0.164398987305));
#3932 = PCURVE('',#3900,#3933);
#3933 = DEFINITIONAL_REPRESENTATION('',(#3934),#3938);
#3934 = LINE('',#3935,#3936);
#3935 = CARTESIAN_POINT('',(6.28318530718,-0.));
#3936 = VECTOR('',#3937,1.);
#3937 = DIRECTION('',(0.,1.));
#3938 = ( GEOMETRIC_REPRESENTATION_CONTEXT(2) 
PARAMETRIC_REPRESENTATION_CONTEXT() REPRESENTATION_CONTEXT('2D SPACE',''
  ) );
#3939 = PCURVE('',#3900,#3940);
#3940 = DEFINITIONAL_REPRESENTATION('',(#3941),#3945);
#3941 = LINE('',#3942,#3943);
#3942 = CARTESIAN_POINT('',(0.,-0.));
#3943 = VECTOR('',#3944,1.);
#3944 = DIRECTION('',(0.,1.));
#3945 = ( GEOMETRIC_REPRESENTATION_CONTEXT(2) 
PARAMETRIC_REPRESENTATION_CONTEXT() REPRESENTATION_CONTEXT('2D SPACE',''
  ) );
#3946 = ORIENTED_EDGE('',*,*,#3947,.T.);
#3947 = EDGE_CURVE('',#3925,#3925,#3948,.T.);
#3948 = SURFACE_CURVE('',#3949,(#3954,#3961),.PCURVE_S1.);
#3949 = CIRCLE('',#3950,14.);
#3950 = AXIS2_PLACEMENT_3D('',#3951,#3952,#3953);
#3951 = CARTESIAN_POINT('',(612.60197653055,0.,842.00635109512));
#3952 = DIRECTION('',(0.986393923832,0.,0.164398987305));
#3953 = DIRECTION('',(-0.164398987305,0.,0.986393923832));
#3954 = PCURVE('',#3900,#3955);
#3955 = DEFINITIONAL_REPRESENTATION('',(#3956),#3960);
#3956 = LINE('',#3957,#3958);
#3957 = CARTESIAN_POINT('',(0.,0.));
#3958 = VECTOR('',#3959,1.);
#3959 = DIRECTION('',(1.,0.));
#3960 = ( GEOMETRIC_REPRESENTATION_CONTEXT(2) 
PARAMETRIC_REPRESENTATION_CONTEXT() REPRESENTATION_CONTEXT('2D SPACE',''
  ) );
#3961 = PCURVE('',#3962,#3967);
#3962 = PLANE('',#3963);
#3963 = AXIS2_PLACEMENT_3D('',#3964,#3965,#3966);
#3964 = CARTESIAN_POINT('',(612.60197653055,0.,842.00635109512));
#3965 = DIRECTION('',(0.986393923832,0.,0.164398987305));
#3966 = DIRECTION('',(-0.164398987305,0.,0.986393923832));
#3967 = DEFINITIONAL_REPRESENTATION('',(#3968),#3972);
#3968 = CIRCLE('',#3969,14.);
#3969 = AXIS2_PLACEMENT_2D('',#3970,#3971);
#3970 = CARTESIAN_POINT('',(0.,0.));
#3971 = DIRECTION('',(1.,0.));
#3972 = ( GEOMETRIC_REPRESENTATION_CONTEXT(2) 
PARAMETRIC_REPRESENTATION_CONTEXT() REPRESENTATION_CONTEXT('2D SPACE',''
  ) );
#3973 = ORIENTED_EDGE('',*,*,#3924,.T.);
#3974 = ADVANCED_FACE('',(#3975),#3912,.T.);
#3975 = FACE_BOUND('',#3976,.T.);
#3976 = EDGE_LOOP('',(#3977));
#3977 = ORIENTED_EDGE('',*,*,#3890,.T.);
#3978 = ADVANCED_FACE('',(#3979),#3962,.F.);
#3979 = FACE_BOUND('',#3980,.T.);
#3980 = EDGE_LOOP('',(#3981));
#3981 = ORIENTED_EDGE('',*,*,#3947,.F.);
#3982 = ( GEOMETRIC_REPRESENTATION_CONTEXT(3) 
GLOBAL_UNCERTAINTY_ASSIGNED_CONTEXT((#3986)) 
GLOBAL_UNIT_ASSIGNED_CONTEXT((#3983,#3984,#3985)) REPRESENTATION_CONTEXT
('Context #1','3D Context with UNIT and UNCERTAINTY') );
#3983 = ( LENGTH_UNIT() NAMED_UNIT(*) SI_UNIT(.MILLI.,.METRE.) );
#3984 = ( NAMED_UNIT(*) PLANE_ANGLE_UNIT() SI_UNIT($,.RADIAN.) );
#3985 = ( NAMED_UNIT(*) SI_UNIT($,.STERADIAN.) SOLID_ANGLE_UNIT() );
#3986 = UNCERTAINTY_MEASURE_WITH_UNIT(LENGTH_MEASURE(1.E-07),#3983,
  'distance_accuracy_value','confusion accuracy');
#3987 = CONTEXT_DEPENDENT_SHAPE_REPRESENTATION(#3988,#3990);
#3988 = ( REPRESENTATION_RELATIONSHIP('','',#3883,#3739) 
REPRESENTATION_RELATIONSHIP_WITH_TRANSFORMATION(#3989) 
SHAPE_REPRESENTATION_RELATIONSHIP() );
#3989 = ITEM_DEFINED_TRANSFORMATION('','',#11,#3744);
#3990 = PRODUCT_DEFINITION_SHAPE('Placement','Placement of an item',
  #3991);
#3991 = NEXT_ASSEMBLY_USAGE_OCCURRENCE('149','=>[0:1:1:29]','',#3734,
  #3878,$);
#3992 = PRODUCT_RELATED_PRODUCT_CATEGORY('part',$,(#3880));
#3993 = SHAPE_DEFINITION_REPRESENTATION(#3994,#4000);
#3994 = PRODUCT_DEFINITION_SHAPE('','',#3995);
#3995 = PRODUCT_DEFINITION('design','',#3996,#3999);
#3996 = PRODUCT_DEFINITION_FORMATION('','',#3997);
#3997 = PRODUCT('COMPOUND','COMPOUND','',(#3998));
#3998 = PRODUCT_CONTEXT('',#2,'mechanical');
#3999 = PRODUCT_DEFINITION_CONTEXT('part definition',#2,'design');
#4000 = SHAPE_REPRESENTATION('',(#11,#4001,#4005,#4009,#4013,#4017),
  #4021);
#4001 = AXIS2_PLACEMENT_3D('',#4002,#4003,#4004);
#4002 = CARTESIAN_POINT('',(0.,0.,0.));
#4003 = DIRECTION('',(0.,0.,1.));
#4004 = DIRECTION('',(1.,0.,-0.));
#4005 = AXIS2_PLACEMENT_3D('',#4006,#4007,#4008);
#4006 = CARTESIAN_POINT('',(0.,0.,0.));
#4007 = DIRECTION('',(0.,0.,1.));
#4008 = DIRECTION('',(1.,0.,-0.));
#4009 = AXIS2_PLACEMENT_3D('',#4010,#4011,#4012);
#4010 = CARTESIAN_POINT('',(0.,0.,0.));
#4011 = DIRECTION('',(0.,0.,1.));
#4012 = DIRECTION('',(1.,0.,-0.));
#4013 = AXIS2_PLACEMENT_3D('',#4014,#4015,#4016);
#4014 = CARTESIAN_POINT('',(0.,0.,0.));
#4015 = DIRECTION('',(0.,0.,1.));
#4016 = DIRECTION('',(1.,0.,-0.));
#4017 = AXIS2_PLACEMENT_3D('',#4018,#4019,#4020);
#4018 = CARTESIAN_POINT('',(0.,0.,0.));
#4019 = DIRECTION('',(0.,0.,1.));
#4020 = DIRECTION('',(1.,0.,-0.));
#4021 = ( GEOMETRIC_REPRESENTATION_CONTEXT(3) 
GLOBAL_UNCERTAINTY_ASSIGNED_CONTEXT((#4025)) 
GLOBAL_UNIT_ASSIGNED_CONTEXT((#4022,#4023,#4024)) REPRESENTATION_CONTEXT
('Context #1','3D Context with UNIT and UNCERTAINTY') );
#4022 = ( LENGTH_UNIT() NAMED_UNIT(*) SI_UNIT(.MILLI.,.METRE.) );
#4023 = ( NAMED_UNIT(*) PLANE_ANGLE_UNIT() SI_UNIT($,.RADIAN.) );
#4024 = ( NAMED_UNIT(*) SI_UNIT($,.STERADIAN.) SOLID_ANGLE_UNIT() );
#4025 = UNCERTAINTY_MEASURE_WITH_UNIT(LENGTH_MEASURE(1.E-07),#4022,
  'distance_accuracy_value','confusion accuracy');
#4026 = CONTEXT_DEPENDENT_SHAPE_REPRESENTATION(#4027,#4029);
#4027 = ( REPRESENTATION_RELATIONSHIP('','',#4000,#10) 
REPRESENTATION_RELATIONSHIP_WITH_TRANSFORMATION(#4028) 
SHAPE_REPRESENTATION_RELATIONSHIP() );
#4028 = ITEM_DEFINED_TRANSFORMATION('','',#11,#35);
#4029 = PRODUCT_DEFINITION_SHAPE('Placement','Placement of an item',
  #4030);
#4030 = NEXT_ASSEMBLY_USAGE_OCCURRENCE('156','=>[0:1:1:30]','',#5,#3995,
  $);
#4031 = PRODUCT_RELATED_PRODUCT_CATEGORY('part',$,(#3997));
#4032 = SHAPE_DEFINITION_REPRESENTATION(#4033,#4039);
#4033 = PRODUCT_DEFINITION_SHAPE('','',#4034);
#4034 = PRODUCT_DEFINITION('design','',#4035,#4038);
#4035 = PRODUCT_DEFINITION_FORMATION('','',#4036);
#4036 = PRODUCT('SOLID','SOLID','',(#4037));
#4037 = PRODUCT_CONTEXT('',#2,'mechanical');
#4038 = PRODUCT_DEFINITION_CONTEXT('part definition',#2,'design');
#4039 = ADVANCED_BREP_SHAPE_REPRESENTATION('',(#11,#4040),#4138);
#4040 = MANIFOLD_SOLID_BREP('',#4041);
#4041 = CLOSED_SHELL('',(#4042,#4130,#4134));
#4042 = ADVANCED_FACE('',(#4043),#4056,.T.);
#4043 = FACE_BOUND('',#4044,.T.);
#4044 = EDGE_LOOP('',(#4045,#4079,#4102,#4129));
#4045 = ORIENTED_EDGE('',*,*,#4046,.F.);
#4046 = EDGE_CURVE('',#4047,#4047,#4049,.T.);
#4047 = VERTEX_POINT('',#4048);
#4048 = CARTESIAN_POINT('',(672.60197653055,110.,863.10635109512));
#4049 = SURFACE_CURVE('',#4050,(#4055,#4067),.PCURVE_S1.);
#4050 = CIRCLE('',#4051,11.1);
#4051 = AXIS2_PLACEMENT_3D('',#4052,#4053,#4054);
#4052 = CARTESIAN_POINT('',(672.60197653055,110.,852.00635109512));
#4053 = DIRECTION('',(0.,1.,0.));
#4054 = DIRECTION('',(0.,-0.,1.));
#4055 = PCURVE('',#4056,#4061);
#4056 = CYLINDRICAL_SURFACE('',#4057,11.1);
#4057 = AXIS2_PLACEMENT_3D('',#4058,#4059,#4060);
#4058 = CARTESIAN_POINT('',(672.60197653055,-110.,852.00635109512));
#4059 = DIRECTION('',(0.,1.,0.));
#4060 = DIRECTION('',(0.,-0.,1.));
#4061 = DEFINITIONAL_REPRESENTATION('',(#4062),#4066);
#4062 = LINE('',#4063,#4064);
#4063 = CARTESIAN_POINT('',(0.,220.));
#4064 = VECTOR('',#4065,1.);
#4065 = DIRECTION('',(1.,0.));
#4066 = ( GEOMETRIC_REPRESENTATION_CONTEXT(2) 
PARAMETRIC_REPRESENTATION_CONTEXT() REPRESENTATION_CONTEXT('2D SPACE',''
  ) );
#4067 = PCURVE('',#4068,#4073);
#4068 = PLANE('',#4069);
#4069 = AXIS2_PLACEMENT_3D('',#4070,#4071,#4072);
#4070 = CARTESIAN_POINT('',(672.60197653055,110.,852.00635109512));
#4071 = DIRECTION('',(0.,1.,0.));
#4072 = DIRECTION('',(0.,-0.,1.));
#4073 = DEFINITIONAL_REPRESENTATION('',(#4074),#4078);
#4074 = CIRCLE('',#4075,11.1);
#4075 = AXIS2_PLACEMENT_2D('',#4076,#4077);
#4076 = CARTESIAN_POINT('',(0.,0.));
#4077 = DIRECTION('',(1.,0.));
#4078 = ( GEOMETRIC_REPRESENTATION_CONTEXT(2) 
PARAMETRIC_REPRESENTATION_CONTEXT() REPRESENTATION_CONTEXT('2D SPACE',''
  ) );
#4079 = ORIENTED_EDGE('',*,*,#4080,.F.);
#4080 = EDGE_CURVE('',#4081,#4047,#4083,.T.);
#4081 = VERTEX_POINT('',#4082);
#4082 = CARTESIAN_POINT('',(672.60197653055,-110.,863.10635109512));
#4083 = SEAM_CURVE('',#4084,(#4088,#4095),.PCURVE_S1.);
#4084 = LINE('',#4085,#4086);
#4085 = CARTESIAN_POINT('',(672.60197653055,-110.,863.10635109512));
#4086 = VECTOR('',#4087,1.);
#4087 = DIRECTION('',(0.,1.,0.));
#4088 = PCURVE('',#4056,#4089);
#4089 = DEFINITIONAL_REPRESENTATION('',(#4090),#4094);
#4090 = LINE('',#4091,#4092);
#4091 = CARTESIAN_POINT('',(6.28318530718,-0.));
#4092 = VECTOR('',#4093,1.);
#4093 = DIRECTION('',(0.,1.));
#4094 = ( GEOMETRIC_REPRESENTATION_CONTEXT(2) 
PARAMETRIC_REPRESENTATION_CONTEXT() REPRESENTATION_CONTEXT('2D SPACE',''
  ) );
#4095 = PCURVE('',#4056,#4096);
#4096 = DEFINITIONAL_REPRESENTATION('',(#4097),#4101);
#4097 = LINE('',#4098,#4099);
#4098 = CARTESIAN_POINT('',(0.,-0.));
#4099 = VECTOR('',#4100,1.);
#4100 = DIRECTION('',(0.,1.));
#4101 = ( GEOMETRIC_REPRESENTATION_CONTEXT(2) 
PARAMETRIC_REPRESENTATION_CONTEXT() REPRESENTATION_CONTEXT('2D SPACE',''
  ) );
#4102 = ORIENTED_EDGE('',*,*,#4103,.T.);
#4103 = EDGE_CURVE('',#4081,#4081,#4104,.T.);
#4104 = SURFACE_CURVE('',#4105,(#4110,#4117),.PCURVE_S1.);
#4105 = CIRCLE('',#4106,11.1);
#4106 = AXIS2_PLACEMENT_3D('',#4107,#4108,#4109);
#4107 = CARTESIAN_POINT('',(672.60197653055,-110.,852.00635109512));
#4108 = DIRECTION('',(0.,1.,0.));
#4109 = DIRECTION('',(0.,-0.,1.));
#4110 = PCURVE('',#4056,#4111);
#4111 = DEFINITIONAL_REPRESENTATION('',(#4112),#4116);
#4112 = LINE('',#4113,#4114);
#4113 = CARTESIAN_POINT('',(0.,0.));
#4114 = VECTOR('',#4115,1.);
#4115 = DIRECTION('',(1.,0.));
#4116 = ( GEOMETRIC_REPRESENTATION_CONTEXT(2) 
PARAMETRIC_REPRESENTATION_CONTEXT() REPRESENTATION_CONTEXT('2D SPACE',''
  ) );
#4117 = PCURVE('',#4118,#4123);
#4118 = PLANE('',#4119);
#4119 = AXIS2_PLACEMENT_3D('',#4120,#4121,#4122);
#4120 = CARTESIAN_POINT('',(672.60197653055,-110.,852.00635109512));
#4121 = DIRECTION('',(0.,1.,0.));
#4122 = DIRECTION('',(0.,-0.,1.));
#4123 = DEFINITIONAL_REPRESENTATION('',(#4124),#4128);
#4124 = CIRCLE('',#4125,11.1);
#4125 = AXIS2_PLACEMENT_2D('',#4126,#4127);
#4126 = CARTESIAN_POINT('',(0.,0.));
#4127 = DIRECTION('',(1.,0.));
#4128 = ( GEOMETRIC_REPRESENTATION_CONTEXT(2) 
PARAMETRIC_REPRESENTATION_CONTEXT() REPRESENTATION_CONTEXT('2D SPACE',''
  ) );
#4129 = ORIENTED_EDGE('',*,*,#4080,.T.);
#4130 = ADVANCED_FACE('',(#4131),#4068,.T.);
#4131 = FACE_BOUND('',#4132,.T.);
#4132 = EDGE_LOOP('',(#4133));
#4133 = ORIENTED_EDGE('',*,*,#4046,.T.);
#4134 = ADVANCED_FACE('',(#4135),#4118,.F.);
#4135 = FACE_BOUND('',#4136,.T.);
#4136 = EDGE_LOOP('',(#4137));
#4137 = ORIENTED_EDGE('',*,*,#4103,.F.);
#4138 = ( GEOMETRIC_REPRESENTATION_CONTEXT(3) 
GLOBAL_UNCERTAINTY_ASSIGNED_CONTEXT((#4142)) 
GLOBAL_UNIT_ASSIGNED_CONTEXT((#4139,#4140,#4141)) REPRESENTATION_CONTEXT
('Context #1','3D Context with UNIT and UNCERTAINTY') );
#4139 = ( LENGTH_UNIT() NAMED_UNIT(*) SI_UNIT(.MILLI.,.METRE.) );
#4140 = ( NAMED_UNIT(*) PLANE_ANGLE_UNIT() SI_UNIT($,.RADIAN.) );
#4141 = ( NAMED_UNIT(*) SI_UNIT($,.STERADIAN.) SOLID_ANGLE_UNIT() );
#4142 = UNCERTAINTY_MEASURE_WITH_UNIT(LENGTH_MEASURE(1.E-07),#4139,
  'distance_accuracy_value','confusion accuracy');
#4143 = CONTEXT_DEPENDENT_SHAPE_REPRESENTATION(#4144,#4146);
#4144 = ( REPRESENTATION_RELATIONSHIP('','',#4039,#4000) 
REPRESENTATION_RELATIONSHIP_WITH_TRANSFORMATION(#4145) 
SHAPE_REPRESENTATION_RELATIONSHIP() );
#4145 = ITEM_DEFINED_TRANSFORMATION('','',#11,#4001);
#4146 = PRODUCT_DEFINITION_SHAPE('Placement','Placement of an item',
  #4147);
#4147 = NEXT_ASSEMBLY_USAGE_OCCURRENCE('151','=>[0:1:1:31]','',#3995,
  #4034,$);
#4148 = PRODUCT_RELATED_PRODUCT_CATEGORY('part',$,(#4036));
#4149 = SHAPE_DEFINITION_REPRESENTATION(#4150,#4156);
#4150 = PRODUCT_DEFINITION_SHAPE('','',#4151);
#4151 = PRODUCT_DEFINITION('design','',#4152,#4155);
#4152 = PRODUCT_DEFINITION_FORMATION('','',#4153);
#4153 = PRODUCT('SOLID','SOLID','',(#4154));
#4154 = PRODUCT_CONTEXT('',#2,'mechanical');
#4155 = PRODUCT_DEFINITION_CONTEXT('part definition',#2,'design');
#4156 = ADVANCED_BREP_SHAPE_REPRESENTATION('',(#11,#4157),#4255);
#4157 = MANIFOLD_SOLID_BREP('',#4158);
#4158 = CLOSED_SHELL('',(#4159,#4247,#4251));
#4159 = ADVANCED_FACE('',(#4160),#4173,.T.);
#4160 = FACE_BOUND('',#4161,.T.);
#4161 = EDGE_LOOP('',(#4162,#4196,#4219,#4246));
#4162 = ORIENTED_EDGE('',*,*,#4163,.F.);
#4163 = EDGE_CURVE('',#4164,#4164,#4166,.T.);
#4164 = VERTEX_POINT('',#4165);
#4165 = CARTESIAN_POINT('',(556.11210473333,-160.5303846083,
    877.00635109512));
#4166 = SURFACE_CURVE('',#4167,(#4172,#4184),.PCURVE_S1.);
#4167 = CIRCLE('',#4168,11.1);
#4168 = AXIS2_PLACEMENT_3D('',#4169,#4170,#4171);
#4169 = CARTESIAN_POINT('',(552.60197653055,-150.,877.00635109512));
#4170 = DIRECTION('',(-0.930680081195,-0.310226693732,0.193891683582));
#4171 = DIRECTION('',(0.316227766017,-0.948683298051,0.));
#4172 = PCURVE('',#4173,#4178);
#4173 = CYLINDRICAL_SURFACE('',#4174,11.1);
#4174 = AXIS2_PLACEMENT_3D('',#4175,#4176,#4177);
#4175 = CARTESIAN_POINT('',(672.60197653055,-110.,852.00635109512));
#4176 = DIRECTION('',(-0.930680081195,-0.310226693732,0.193891683582));
#4177 = DIRECTION('',(0.316227766017,-0.948683298051,0.));
#4178 = DEFINITIONAL_REPRESENTATION('',(#4179),#4183);
#4179 = LINE('',#4180,#4181);
#4180 = CARTESIAN_POINT('',(0.,128.93796958227));
#4181 = VECTOR('',#4182,1.);
#4182 = DIRECTION('',(1.,0.));
#4183 = ( GEOMETRIC_REPRESENTATION_CONTEXT(2) 
PARAMETRIC_REPRESENTATION_CONTEXT() REPRESENTATION_CONTEXT('2D SPACE',''
  ) );
#4184 = PCURVE('',#4185,#4190);
#4185 = PLANE('',#4186);
#4186 = AXIS2_PLACEMENT_3D('',#4187,#4188,#4189);
#4187 = CARTESIAN_POINT('',(552.60197653055,-150.,877.00635109512));
#4188 = DIRECTION('',(-0.930680081195,-0.310226693732,0.193891683582));
#4189 = DIRECTION('',(0.316227766017,-0.948683298051,0.));
#4190 = DEFINITIONAL_REPRESENTATION('',(#4191),#4195);
#4191 = CIRCLE('',#4192,11.1);
#4192 = AXIS2_PLACEMENT_2D('',#4193,#4194);
#4193 = CARTESIAN_POINT('',(0.,0.));
#4194 = DIRECTION('',(1.,0.));
#4195 = ( GEOMETRIC_REPRESENTATION_CONTEXT(2) 
PARAMETRIC_REPRESENTATION_CONTEXT() REPRESENTATION_CONTEXT('2D SPACE',''
  ) );
#4196 = ORIENTED_EDGE('',*,*,#4197,.F.);
#4197 = EDGE_CURVE('',#4198,#4164,#4200,.T.);
#4198 = VERTEX_POINT('',#4199);
#4199 = CARTESIAN_POINT('',(676.11210473333,-120.5303846083,
    852.00635109512));
#4200 = SEAM_CURVE('',#4201,(#4205,#4212),.PCURVE_S1.);
#4201 = LINE('',#4202,#4203);
#4202 = CARTESIAN_POINT('',(676.11210473333,-120.5303846083,
    852.00635109512));
#4203 = VECTOR('',#4204,1.);
#4204 = DIRECTION('',(-0.930680081195,-0.310226693732,0.193891683582));
#4205 = PCURVE('',#4173,#4206);
#4206 = DEFINITIONAL_REPRESENTATION('',(#4207),#4211);
#4207 = LINE('',#4208,#4209);
#4208 = CARTESIAN_POINT('',(6.28318530718,-0.));
#4209 = VECTOR('',#4210,1.);
#4210 = DIRECTION('',(0.,1.));
#4211 = ( GEOMETRIC_REPRESENTATION_CONTEXT(2) 
PARAMETRIC_REPRESENTATION_CONTEXT() REPRESENTATION_CONTEXT('2D SPACE',''
  ) );
#4212 = PCURVE('',#4173,#4213);
#4213 = DEFINITIONAL_REPRESENTATION('',(#4214),#4218);
#4214 = LINE('',#4215,#4216);
#4215 = CARTESIAN_POINT('',(0.,-0.));
#4216 = VECTOR('',#4217,1.);
#4217 = DIRECTION('',(0.,1.));
#4218 = ( GEOMETRIC_REPRESENTATION_CONTEXT(2) 
PARAMETRIC_REPRESENTATION_CONTEXT() REPRESENTATION_CONTEXT('2D SPACE',''
  ) );
#4219 = ORIENTED_EDGE('',*,*,#4220,.T.);
#4220 = EDGE_CURVE('',#4198,#4198,#4221,.T.);
#4221 = SURFACE_CURVE('',#4222,(#4227,#4234),.PCURVE_S1.);
#4222 = CIRCLE('',#4223,11.1);
#4223 = AXIS2_PLACEMENT_3D('',#4224,#4225,#4226);
#4224 = CARTESIAN_POINT('',(672.60197653055,-110.,852.00635109512));
#4225 = DIRECTION('',(-0.930680081195,-0.310226693732,0.193891683582));
#4226 = DIRECTION('',(0.316227766017,-0.948683298051,0.));
#4227 = PCURVE('',#4173,#4228);
#4228 = DEFINITIONAL_REPRESENTATION('',(#4229),#4233);
#4229 = LINE('',#4230,#4231);
#4230 = CARTESIAN_POINT('',(0.,0.));
#4231 = VECTOR('',#4232,1.);
#4232 = DIRECTION('',(1.,0.));
#4233 = ( GEOMETRIC_REPRESENTATION_CONTEXT(2) 
PARAMETRIC_REPRESENTATION_CONTEXT() REPRESENTATION_CONTEXT('2D SPACE',''
  ) );
#4234 = PCURVE('',#4235,#4240);
#4235 = PLANE('',#4236);
#4236 = AXIS2_PLACEMENT_3D('',#4237,#4238,#4239);
#4237 = CARTESIAN_POINT('',(672.60197653055,-110.,852.00635109512));
#4238 = DIRECTION('',(-0.930680081195,-0.310226693732,0.193891683582));
#4239 = DIRECTION('',(0.316227766017,-0.948683298051,0.));
#4240 = DEFINITIONAL_REPRESENTATION('',(#4241),#4245);
#4241 = CIRCLE('',#4242,11.1);
#4242 = AXIS2_PLACEMENT_2D('',#4243,#4244);
#4243 = CARTESIAN_POINT('',(0.,0.));
#4244 = DIRECTION('',(1.,0.));
#4245 = ( GEOMETRIC_REPRESENTATION_CONTEXT(2) 
PARAMETRIC_REPRESENTATION_CONTEXT() REPRESENTATION_CONTEXT('2D SPACE',''
  ) );
#4246 = ORIENTED_EDGE('',*,*,#4197,.T.);
#4247 = ADVANCED_FACE('',(#4248),#4185,.T.);
#4248 = FACE_BOUND('',#4249,.T.);
#4249 = EDGE_LOOP('',(#4250));
#4250 = ORIENTED_EDGE('',*,*,#4163,.T.);
#4251 = ADVANCED_FACE('',(#4252),#4235,.F.);
#4252 = FACE_BOUND('',#4253,.T.);
#4253 = EDGE_LOOP('',(#4254));
#4254 = ORIENTED_EDGE('',*,*,#4220,.F.);
#4255 = ( GEOMETRIC_REPRESENTATION_CONTEXT(3) 
GLOBAL_UNCERTAINTY_ASSIGNED_CONTEXT((#4259)) 
GLOBAL_UNIT_ASSIGNED_CONTEXT((#4256,#4257,#4258)) REPRESENTATION_CONTEXT
('Context #1','3D Context with UNIT and UNCERTAINTY') );
#4256 = ( LENGTH_UNIT() NAMED_UNIT(*) SI_UNIT(.MILLI.,.METRE.) );
#4257 = ( NAMED_UNIT(*) PLANE_ANGLE_UNIT() SI_UNIT($,.RADIAN.) );
#4258 = ( NAMED_UNIT(*) SI_UNIT($,.STERADIAN.) SOLID_ANGLE_UNIT() );
#4259 = UNCERTAINTY_MEASURE_WITH_UNIT(LENGTH_MEASURE(1.E-07),#4256,
  'distance_accuracy_value','confusion accuracy');
#4260 = CONTEXT_DEPENDENT_SHAPE_REPRESENTATION(#4261,#4263);
#4261 = ( REPRESENTATION_RELATIONSHIP('','',#4156,#4000) 
REPRESENTATION_RELATIONSHIP_WITH_TRANSFORMATION(#4262) 
SHAPE_REPRESENTATION_RELATIONSHIP() );
#4262 = ITEM_DEFINED_TRANSFORMATION('','',#11,#4005);
#4263 = PRODUCT_DEFINITION_SHAPE('Placement','Placement of an item',
  #4264);
#4264 = NEXT_ASSEMBLY_USAGE_OCCURRENCE('152','=>[0:1:1:32]','',#3995,
  #4151,$);
#4265 = PRODUCT_RELATED_PRODUCT_CATEGORY('part',$,(#4153));
#4266 = SHAPE_DEFINITION_REPRESENTATION(#4267,#4273);
#4267 = PRODUCT_DEFINITION_SHAPE('','',#4268);
#4268 = PRODUCT_DEFINITION('design','',#4269,#4272);
#4269 = PRODUCT_DEFINITION_FORMATION('','',#4270);
#4270 = PRODUCT('SOLID','SOLID','',(#4271));
#4271 = PRODUCT_CONTEXT('',#2,'mechanical');
#4272 = PRODUCT_DEFINITION_CONTEXT('part definition',#2,'design');
#4273 = ADVANCED_BREP_SHAPE_REPRESENTATION('',(#11,#4274),#4372);
#4274 = MANIFOLD_SOLID_BREP('',#4275);
#4275 = CLOSED_SHELL('',(#4276,#4364,#4368));
#4276 = ADVANCED_FACE('',(#4277),#4290,.T.);
#4277 = FACE_BOUND('',#4278,.T.);
#4278 = EDGE_LOOP('',(#4279,#4313,#4336,#4363));
#4279 = ORIENTED_EDGE('',*,*,#4280,.F.);
#4280 = EDGE_CURVE('',#4281,#4281,#4283,.T.);
#4281 = VERTEX_POINT('',#4282);
#4282 = CARTESIAN_POINT('',(488.94647936861,-253.7929558354,
    877.00635109512));
#4283 = SURFACE_CURVE('',#4284,(#4289,#4301),.PCURVE_S1.);
#4284 = CIRCLE('',#4285,15.);
#4285 = AXIS2_PLACEMENT_3D('',#4286,#4287,#4288);
#4286 = CARTESIAN_POINT('',(502.60197653055,-260.,877.00635109512));
#4287 = DIRECTION('',(-0.413802944301,-0.910366477463,0.));
#4288 = DIRECTION('',(-0.910366477463,0.413802944301,0.));
#4289 = PCURVE('',#4290,#4295);
#4290 = CYLINDRICAL_SURFACE('',#4291,15.);
#4291 = AXIS2_PLACEMENT_3D('',#4292,#4293,#4294);
#4292 = CARTESIAN_POINT('',(552.60197653055,-150.,877.00635109512));
#4293 = DIRECTION('',(-0.413802944301,-0.910366477463,0.));
#4294 = DIRECTION('',(-0.910366477463,0.413802944301,0.));
#4295 = DEFINITIONAL_REPRESENTATION('',(#4296),#4300);
#4296 = LINE('',#4297,#4298);
#4297 = CARTESIAN_POINT('',(0.,120.83045973594));
#4298 = VECTOR('',#4299,1.);
#4299 = DIRECTION('',(1.,0.));
#4300 = ( GEOMETRIC_REPRESENTATION_CONTEXT(2) 
PARAMETRIC_REPRESENTATION_CONTEXT() REPRESENTATION_CONTEXT('2D SPACE',''
  ) );
#4301 = PCURVE('',#4302,#4307);
#4302 = PLANE('',#4303);
#4303 = AXIS2_PLACEMENT_3D('',#4304,#4305,#4306);
#4304 = CARTESIAN_POINT('',(502.60197653055,-260.,877.00635109512));
#4305 = DIRECTION('',(-0.413802944301,-0.910366477463,0.));
#4306 = DIRECTION('',(-0.910366477463,0.413802944301,0.));
#4307 = DEFINITIONAL_REPRESENTATION('',(#4308),#4312);
#4308 = CIRCLE('',#4309,15.);
#4309 = AXIS2_PLACEMENT_2D('',#4310,#4311);
#4310 = CARTESIAN_POINT('',(0.,0.));
#4311 = DIRECTION('',(1.,0.));
#4312 = ( GEOMETRIC_REPRESENTATION_CONTEXT(2) 
PARAMETRIC_REPRESENTATION_CONTEXT() REPRESENTATION_CONTEXT('2D SPACE',''
  ) );
#4313 = ORIENTED_EDGE('',*,*,#4314,.F.);
#4314 = EDGE_CURVE('',#4315,#4281,#4317,.T.);
#4315 = VERTEX_POINT('',#4316);
#4316 = CARTESIAN_POINT('',(538.94647936861,-143.7929558354,
    877.00635109512));
#4317 = SEAM_CURVE('',#4318,(#4322,#4329),.PCURVE_S1.);
#4318 = LINE('',#4319,#4320);
#4319 = CARTESIAN_POINT('',(538.94647936861,-143.7929558354,
    877.00635109512));
#4320 = VECTOR('',#4321,1.);
#4321 = DIRECTION('',(-0.413802944301,-0.910366477463,0.));
#4322 = PCURVE('',#4290,#4323);
#4323 = DEFINITIONAL_REPRESENTATION('',(#4324),#4328);
#4324 = LINE('',#4325,#4326);
#4325 = CARTESIAN_POINT('',(6.28318530718,-0.));
#4326 = VECTOR('',#4327,1.);
#4327 = DIRECTION('',(0.,1.));
#4328 = ( GEOMETRIC_REPRESENTATION_CONTEXT(2) 
PARAMETRIC_REPRESENTATION_CONTEXT() REPRESENTATION_CONTEXT('2D SPACE',''
  ) );
#4329 = PCURVE('',#4290,#4330);
#4330 = DEFINITIONAL_REPRESENTATION('',(#4331),#4335);
#4331 = LINE('',#4332,#4333);
#4332 = CARTESIAN_POINT('',(0.,-0.));
#4333 = VECTOR('',#4334,1.);
#4334 = DIRECTION('',(0.,1.));
#4335 = ( GEOMETRIC_REPRESENTATION_CONTEXT(2) 
PARAMETRIC_REPRESENTATION_CONTEXT() REPRESENTATION_CONTEXT('2D SPACE',''
  ) );
#4336 = ORIENTED_EDGE('',*,*,#4337,.T.);
#4337 = EDGE_CURVE('',#4315,#4315,#4338,.T.);
#4338 = SURFACE_CURVE('',#4339,(#4344,#4351),.PCURVE_S1.);
#4339 = CIRCLE('',#4340,15.);
#4340 = AXIS2_PLACEMENT_3D('',#4341,#4342,#4343);
#4341 = CARTESIAN_POINT('',(552.60197653055,-150.,877.00635109512));
#4342 = DIRECTION('',(-0.413802944301,-0.910366477463,0.));
#4343 = DIRECTION('',(-0.910366477463,0.413802944301,0.));
#4344 = PCURVE('',#4290,#4345);
#4345 = DEFINITIONAL_REPRESENTATION('',(#4346),#4350);
#4346 = LINE('',#4347,#4348);
#4347 = CARTESIAN_POINT('',(0.,0.));
#4348 = VECTOR('',#4349,1.);
#4349 = DIRECTION('',(1.,0.));
#4350 = ( GEOMETRIC_REPRESENTATION_CONTEXT(2) 
PARAMETRIC_REPRESENTATION_CONTEXT() REPRESENTATION_CONTEXT('2D SPACE',''
  ) );
#4351 = PCURVE('',#4352,#4357);
#4352 = PLANE('',#4353);
#4353 = AXIS2_PLACEMENT_3D('',#4354,#4355,#4356);
#4354 = CARTESIAN_POINT('',(552.60197653055,-150.,877.00635109512));
#4355 = DIRECTION('',(-0.413802944301,-0.910366477463,0.));
#4356 = DIRECTION('',(-0.910366477463,0.413802944301,0.));
#4357 = DEFINITIONAL_REPRESENTATION('',(#4358),#4362);
#4358 = CIRCLE('',#4359,15.);
#4359 = AXIS2_PLACEMENT_2D('',#4360,#4361);
#4360 = CARTESIAN_POINT('',(0.,0.));
#4361 = DIRECTION('',(1.,0.));
#4362 = ( GEOMETRIC_REPRESENTATION_CONTEXT(2) 
PARAMETRIC_REPRESENTATION_CONTEXT() REPRESENTATION_CONTEXT('2D SPACE',''
  ) );
#4363 = ORIENTED_EDGE('',*,*,#4314,.T.);
#4364 = ADVANCED_FACE('',(#4365),#4302,.T.);
#4365 = FACE_BOUND('',#4366,.T.);
#4366 = EDGE_LOOP('',(#4367));
#4367 = ORIENTED_EDGE('',*,*,#4280,.T.);
#4368 = ADVANCED_FACE('',(#4369),#4352,.F.);
#4369 = FACE_BOUND('',#4370,.T.);
#4370 = EDGE_LOOP('',(#4371));
#4371 = ORIENTED_EDGE('',*,*,#4337,.F.);
#4372 = ( GEOMETRIC_REPRESENTATION_CONTEXT(3) 
GLOBAL_UNCERTAINTY_ASSIGNED_CONTEXT((#4376)) 
GLOBAL_UNIT_ASSIGNED_CONTEXT((#4373,#4374,#4375)) REPRESENTATION_CONTEXT
('Context #1','3D Context with UNIT and UNCERTAINTY') );
#4373 = ( LENGTH_UNIT() NAMED_UNIT(*) SI_UNIT(.MILLI.,.METRE.) );
#4374 = ( NAMED_UNIT(*) PLANE_ANGLE_UNIT() SI_UNIT($,.RADIAN.) );
#4375 = ( NAMED_UNIT(*) SI_UNIT($,.STERADIAN.) SOLID_ANGLE_UNIT() );
#4376 = UNCERTAINTY_MEASURE_WITH_UNIT(LENGTH_MEASURE(1.E-07),#4373,
  'distance_accuracy_value','confusion accuracy');
#4377 = CONTEXT_DEPENDENT_SHAPE_REPRESENTATION(#4378,#4380);
#4378 = ( REPRESENTATION_RELATIONSHIP('','',#4273,#4000) 
REPRESENTATION_RELATIONSHIP_WITH_TRANSFORMATION(#4379) 
SHAPE_REPRESENTATION_RELATIONSHIP() );
#4379 = ITEM_DEFINED_TRANSFORMATION('','',#11,#4009);
#4380 = PRODUCT_DEFINITION_SHAPE('Placement','Placement of an item',
  #4381);
#4381 = NEXT_ASSEMBLY_USAGE_OCCURRENCE('153','=>[0:1:1:33]','',#3995,
  #4268,$);
#4382 = PRODUCT_RELATED_PRODUCT_CATEGORY('part',$,(#4270));
#4383 = SHAPE_DEFINITION_REPRESENTATION(#4384,#4390);
#4384 = PRODUCT_DEFINITION_SHAPE('','',#4385);
#4385 = PRODUCT_DEFINITION('design','',#4386,#4389);
#4386 = PRODUCT_DEFINITION_FORMATION('','',#4387);
#4387 = PRODUCT('SOLID','SOLID','',(#4388));
#4388 = PRODUCT_CONTEXT('',#2,'mechanical');
#4389 = PRODUCT_DEFINITION_CONTEXT('part definition',#2,'design');
#4390 = ADVANCED_BREP_SHAPE_REPRESENTATION('',(#11,#4391),#4489);
#4391 = MANIFOLD_SOLID_BREP('',#4392);
#4392 = CLOSED_SHELL('',(#4393,#4481,#4485));
#4393 = ADVANCED_FACE('',(#4394),#4407,.T.);
#4394 = FACE_BOUND('',#4395,.T.);
#4395 = EDGE_LOOP('',(#4396,#4430,#4453,#4480));
#4396 = ORIENTED_EDGE('',*,*,#4397,.F.);
#4397 = EDGE_CURVE('',#4398,#4398,#4400,.T.);
#4398 = VERTEX_POINT('',#4399);
#4399 = CARTESIAN_POINT('',(549.09184832776,139.46961539163,
    877.00635109512));
#4400 = SURFACE_CURVE('',#4401,(#4406,#4418),.PCURVE_S1.);
#4401 = CIRCLE('',#4402,11.1);
#4402 = AXIS2_PLACEMENT_3D('',#4403,#4404,#4405);
#4403 = CARTESIAN_POINT('',(552.60197653055,150.,877.00635109512));
#4404 = DIRECTION('',(-0.930680081195,0.310226693732,0.193891683582));
#4405 = DIRECTION('',(-0.316227766017,-0.948683298051,0.));
#4406 = PCURVE('',#4407,#4412);
#4407 = CYLINDRICAL_SURFACE('',#4408,11.1);
#4408 = AXIS2_PLACEMENT_3D('',#4409,#4410,#4411);
#4409 = CARTESIAN_POINT('',(672.60197653055,110.,852.00635109512));
#4410 = DIRECTION('',(-0.930680081195,0.310226693732,0.193891683582));
#4411 = DIRECTION('',(-0.316227766017,-0.948683298051,0.));
#4412 = DEFINITIONAL_REPRESENTATION('',(#4413),#4417);
#4413 = LINE('',#4414,#4415);
#4414 = CARTESIAN_POINT('',(0.,128.93796958227));
#4415 = VECTOR('',#4416,1.);
#4416 = DIRECTION('',(1.,0.));
#4417 = ( GEOMETRIC_REPRESENTATION_CONTEXT(2) 
PARAMETRIC_REPRESENTATION_CONTEXT() REPRESENTATION_CONTEXT('2D SPACE',''
  ) );
#4418 = PCURVE('',#4419,#4424);
#4419 = PLANE('',#4420);
#4420 = AXIS2_PLACEMENT_3D('',#4421,#4422,#4423);
#4421 = CARTESIAN_POINT('',(552.60197653055,150.,877.00635109512));
#4422 = DIRECTION('',(-0.930680081195,0.310226693732,0.193891683582));
#4423 = DIRECTION('',(-0.316227766017,-0.948683298051,0.));
#4424 = DEFINITIONAL_REPRESENTATION('',(#4425),#4429);
#4425 = CIRCLE('',#4426,11.1);
#4426 = AXIS2_PLACEMENT_2D('',#4427,#4428);
#4427 = CARTESIAN_POINT('',(0.,0.));
#4428 = DIRECTION('',(1.,0.));
#4429 = ( GEOMETRIC_REPRESENTATION_CONTEXT(2) 
PARAMETRIC_REPRESENTATION_CONTEXT() REPRESENTATION_CONTEXT('2D SPACE',''
  ) );
#4430 = ORIENTED_EDGE('',*,*,#4431,.F.);
#4431 = EDGE_CURVE('',#4432,#4398,#4434,.T.);
#4432 = VERTEX_POINT('',#4433);
#4433 = CARTESIAN_POINT('',(669.09184832776,99.469615391639,
    852.00635109512));
#4434 = SEAM_CURVE('',#4435,(#4439,#4446),.PCURVE_S1.);
#4435 = LINE('',#4436,#4437);
#4436 = CARTESIAN_POINT('',(669.09184832776,99.469615391639,
    852.00635109512));
#4437 = VECTOR('',#4438,1.);
#4438 = DIRECTION('',(-0.930680081195,0.310226693732,0.193891683582));
#4439 = PCURVE('',#4407,#4440);
#4440 = DEFINITIONAL_REPRESENTATION('',(#4441),#4445);
#4441 = LINE('',#4442,#4443);
#4442 = CARTESIAN_POINT('',(6.28318530718,-0.));
#4443 = VECTOR('',#4444,1.);
#4444 = DIRECTION('',(0.,1.));
#4445 = ( GEOMETRIC_REPRESENTATION_CONTEXT(2) 
PARAMETRIC_REPRESENTATION_CONTEXT() REPRESENTATION_CONTEXT('2D SPACE',''
  ) );
#4446 = PCURVE('',#4407,#4447);
#4447 = DEFINITIONAL_REPRESENTATION('',(#4448),#4452);
#4448 = LINE('',#4449,#4450);
#4449 = CARTESIAN_POINT('',(0.,-0.));
#4450 = VECTOR('',#4451,1.);
#4451 = DIRECTION('',(0.,1.));
#4452 = ( GEOMETRIC_REPRESENTATION_CONTEXT(2) 
PARAMETRIC_REPRESENTATION_CONTEXT() REPRESENTATION_CONTEXT('2D SPACE',''
  ) );
#4453 = ORIENTED_EDGE('',*,*,#4454,.T.);
#4454 = EDGE_CURVE('',#4432,#4432,#4455,.T.);
#4455 = SURFACE_CURVE('',#4456,(#4461,#4468),.PCURVE_S1.);
#4456 = CIRCLE('',#4457,11.1);
#4457 = AXIS2_PLACEMENT_3D('',#4458,#4459,#4460);
#4458 = CARTESIAN_POINT('',(672.60197653055,110.,852.00635109512));
#4459 = DIRECTION('',(-0.930680081195,0.310226693732,0.193891683582));
#4460 = DIRECTION('',(-0.316227766017,-0.948683298051,0.));
#4461 = PCURVE('',#4407,#4462);
#4462 = DEFINITIONAL_REPRESENTATION('',(#4463),#4467);
#4463 = LINE('',#4464,#4465);
#4464 = CARTESIAN_POINT('',(0.,0.));
#4465 = VECTOR('',#4466,1.);
#4466 = DIRECTION('',(1.,0.));
#4467 = ( GEOMETRIC_REPRESENTATION_CONTEXT(2) 
PARAMETRIC_REPRESENTATION_CONTEXT() REPRESENTATION_CONTEXT('2D SPACE',''
  ) );
#4468 = PCURVE('',#4469,#4474);
#4469 = PLANE('',#4470);
#4470 = AXIS2_PLACEMENT_3D('',#4471,#4472,#4473);
#4471 = CARTESIAN_POINT('',(672.60197653055,110.,852.00635109512));
#4472 = DIRECTION('',(-0.930680081195,0.310226693732,0.193891683582));
#4473 = DIRECTION('',(-0.316227766017,-0.948683298051,0.));
#4474 = DEFINITIONAL_REPRESENTATION('',(#4475),#4479);
#4475 = CIRCLE('',#4476,11.1);
#4476 = AXIS2_PLACEMENT_2D('',#4477,#4478);
#4477 = CARTESIAN_POINT('',(0.,0.));
#4478 = DIRECTION('',(1.,0.));
#4479 = ( GEOMETRIC_REPRESENTATION_CONTEXT(2) 
PARAMETRIC_REPRESENTATION_CONTEXT() REPRESENTATION_CONTEXT('2D SPACE',''
  ) );
#4480 = ORIENTED_EDGE('',*,*,#4431,.T.);
#4481 = ADVANCED_FACE('',(#4482),#4419,.T.);
#4482 = FACE_BOUND('',#4483,.T.);
#4483 = EDGE_LOOP('',(#4484));
#4484 = ORIENTED_EDGE('',*,*,#4397,.T.);
#4485 = ADVANCED_FACE('',(#4486),#4469,.F.);
#4486 = FACE_BOUND('',#4487,.T.);
#4487 = EDGE_LOOP('',(#4488));
#4488 = ORIENTED_EDGE('',*,*,#4454,.F.);
#4489 = ( GEOMETRIC_REPRESENTATION_CONTEXT(3) 
GLOBAL_UNCERTAINTY_ASSIGNED_CONTEXT((#4493)) 
GLOBAL_UNIT_ASSIGNED_CONTEXT((#4490,#4491,#4492)) REPRESENTATION_CONTEXT
('Context #1','3D Context with UNIT and UNCERTAINTY') );
#4490 = ( LENGTH_UNIT() NAMED_UNIT(*) SI_UNIT(.MILLI.,.METRE.) );
#4491 = ( NAMED_UNIT(*) PLANE_ANGLE_UNIT() SI_UNIT($,.RADIAN.) );
#4492 = ( NAMED_UNIT(*) SI_UNIT($,.STERADIAN.) SOLID_ANGLE_UNIT() );
#4493 = UNCERTAINTY_MEASURE_WITH_UNIT(LENGTH_MEASURE(1.E-07),#4490,
  'distance_accuracy_value','confusion accuracy');
#4494 = CONTEXT_DEPENDENT_SHAPE_REPRESENTATION(#4495,#4497);
#4495 = ( REPRESENTATION_RELATIONSHIP('','',#4390,#4000) 
REPRESENTATION_RELATIONSHIP_WITH_TRANSFORMATION(#4496) 
SHAPE_REPRESENTATION_RELATIONSHIP() );
#4496 = ITEM_DEFINED_TRANSFORMATION('','',#11,#4013);
#4497 = PRODUCT_DEFINITION_SHAPE('Placement','Placement of an item',
  #4498);
#4498 = NEXT_ASSEMBLY_USAGE_OCCURRENCE('154','=>[0:1:1:34]','',#3995,
  #4385,$);
#4499 = PRODUCT_RELATED_PRODUCT_CATEGORY('part',$,(#4387));
#4500 = SHAPE_DEFINITION_REPRESENTATION(#4501,#4507);
#4501 = PRODUCT_DEFINITION_SHAPE('','',#4502);
#4502 = PRODUCT_DEFINITION('design','',#4503,#4506);
#4503 = PRODUCT_DEFINITION_FORMATION('','',#4504);
#4504 = PRODUCT('SOLID','SOLID','',(#4505));
#4505 = PRODUCT_CONTEXT('',#2,'mechanical');
#4506 = PRODUCT_DEFINITION_CONTEXT('part definition',#2,'design');
#4507 = ADVANCED_BREP_SHAPE_REPRESENTATION('',(#11,#4508),#4606);
#4508 = MANIFOLD_SOLID_BREP('',#4509);
#4509 = CLOSED_SHELL('',(#4510,#4598,#4602));
#4510 = ADVANCED_FACE('',(#4511),#4524,.T.);
#4511 = FACE_BOUND('',#4512,.T.);
#4512 = EDGE_LOOP('',(#4513,#4547,#4570,#4597));
#4513 = ORIENTED_EDGE('',*,*,#4514,.F.);
#4514 = EDGE_CURVE('',#4515,#4515,#4517,.T.);
#4515 = VERTEX_POINT('',#4516);
#4516 = CARTESIAN_POINT('',(516.25747369249,266.20704416451,
    877.00635109512));
#4517 = SURFACE_CURVE('',#4518,(#4523,#4535),.PCURVE_S1.);
#4518 = CIRCLE('',#4519,15.);
#4519 = AXIS2_PLACEMENT_3D('',#4520,#4521,#4522);
#4520 = CARTESIAN_POINT('',(502.60197653055,260.,877.00635109512));
#4521 = DIRECTION('',(-0.413802944301,0.910366477463,0.));
#4522 = DIRECTION('',(0.910366477463,0.413802944301,0.));
#4523 = PCURVE('',#4524,#4529);
#4524 = CYLINDRICAL_SURFACE('',#4525,15.);
#4525 = AXIS2_PLACEMENT_3D('',#4526,#4527,#4528);
#4526 = CARTESIAN_POINT('',(552.60197653055,150.,877.00635109512));
#4527 = DIRECTION('',(-0.413802944301,0.910366477463,0.));
#4528 = DIRECTION('',(0.910366477463,0.413802944301,0.));
#4529 = DEFINITIONAL_REPRESENTATION('',(#4530),#4534);
#4530 = LINE('',#4531,#4532);
#4531 = CARTESIAN_POINT('',(0.,120.83045973594));
#4532 = VECTOR('',#4533,1.);
#4533 = DIRECTION('',(1.,0.));
#4534 = ( GEOMETRIC_REPRESENTATION_CONTEXT(2) 
PARAMETRIC_REPRESENTATION_CONTEXT() REPRESENTATION_CONTEXT('2D SPACE',''
  ) );
#4535 = PCURVE('',#4536,#4541);
#4536 = PLANE('',#4537);
#4537 = AXIS2_PLACEMENT_3D('',#4538,#4539,#4540);
#4538 = CARTESIAN_POINT('',(502.60197653055,260.,877.00635109512));
#4539 = DIRECTION('',(-0.413802944301,0.910366477463,0.));
#4540 = DIRECTION('',(0.910366477463,0.413802944301,0.));
#4541 = DEFINITIONAL_REPRESENTATION('',(#4542),#4546);
#4542 = CIRCLE('',#4543,15.);
#4543 = AXIS2_PLACEMENT_2D('',#4544,#4545);
#4544 = CARTESIAN_POINT('',(0.,0.));
#4545 = DIRECTION('',(1.,0.));
#4546 = ( GEOMETRIC_REPRESENTATION_CONTEXT(2) 
PARAMETRIC_REPRESENTATION_CONTEXT() REPRESENTATION_CONTEXT('2D SPACE',''
  ) );
#4547 = ORIENTED_EDGE('',*,*,#4548,.F.);
#4548 = EDGE_CURVE('',#4549,#4515,#4551,.T.);
#4549 = VERTEX_POINT('',#4550);
#4550 = CARTESIAN_POINT('',(566.25747369249,156.20704416451,
    877.00635109512));
#4551 = SEAM_CURVE('',#4552,(#4556,#4563),.PCURVE_S1.);
#4552 = LINE('',#4553,#4554);
#4553 = CARTESIAN_POINT('',(566.25747369249,156.20704416451,
    877.00635109512));
#4554 = VECTOR('',#4555,1.);
#4555 = DIRECTION('',(-0.413802944301,0.910366477463,0.));
#4556 = PCURVE('',#4524,#4557);
#4557 = DEFINITIONAL_REPRESENTATION('',(#4558),#4562);
#4558 = LINE('',#4559,#4560);
#4559 = CARTESIAN_POINT('',(6.28318530718,-0.));
#4560 = VECTOR('',#4561,1.);
#4561 = DIRECTION('',(0.,1.));
#4562 = ( GEOMETRIC_REPRESENTATION_CONTEXT(2) 
PARAMETRIC_REPRESENTATION_CONTEXT() REPRESENTATION_CONTEXT('2D SPACE',''
  ) );
#4563 = PCURVE('',#4524,#4564);
#4564 = DEFINITIONAL_REPRESENTATION('',(#4565),#4569);
#4565 = LINE('',#4566,#4567);
#4566 = CARTESIAN_POINT('',(0.,-0.));
#4567 = VECTOR('',#4568,1.);
#4568 = DIRECTION('',(0.,1.));
#4569 = ( GEOMETRIC_REPRESENTATION_CONTEXT(2) 
PARAMETRIC_REPRESENTATION_CONTEXT() REPRESENTATION_CONTEXT('2D SPACE',''
  ) );
#4570 = ORIENTED_EDGE('',*,*,#4571,.T.);
#4571 = EDGE_CURVE('',#4549,#4549,#4572,.T.);
#4572 = SURFACE_CURVE('',#4573,(#4578,#4585),.PCURVE_S1.);
#4573 = CIRCLE('',#4574,15.);
#4574 = AXIS2_PLACEMENT_3D('',#4575,#4576,#4577);
#4575 = CARTESIAN_POINT('',(552.60197653055,150.,877.00635109512));
#4576 = DIRECTION('',(-0.413802944301,0.910366477463,0.));
#4577 = DIRECTION('',(0.910366477463,0.413802944301,0.));
#4578 = PCURVE('',#4524,#4579);
#4579 = DEFINITIONAL_REPRESENTATION('',(#4580),#4584);
#4580 = LINE('',#4581,#4582);
#4581 = CARTESIAN_POINT('',(0.,0.));
#4582 = VECTOR('',#4583,1.);
#4583 = DIRECTION('',(1.,0.));
#4584 = ( GEOMETRIC_REPRESENTATION_CONTEXT(2) 
PARAMETRIC_REPRESENTATION_CONTEXT() REPRESENTATION_CONTEXT('2D SPACE',''
  ) );
#4585 = PCURVE('',#4586,#4591);
#4586 = PLANE('',#4587);
#4587 = AXIS2_PLACEMENT_3D('',#4588,#4589,#4590);
#4588 = CARTESIAN_POINT('',(552.60197653055,150.,877.00635109512));
#4589 = DIRECTION('',(-0.413802944301,0.910366477463,0.));
#4590 = DIRECTION('',(0.910366477463,0.413802944301,0.));
#4591 = DEFINITIONAL_REPRESENTATION('',(#4592),#4596);
#4592 = CIRCLE('',#4593,15.);
#4593 = AXIS2_PLACEMENT_2D('',#4594,#4595);
#4594 = CARTESIAN_POINT('',(0.,0.));
#4595 = DIRECTION('',(1.,0.));
#4596 = ( GEOMETRIC_REPRESENTATION_CONTEXT(2) 
PARAMETRIC_REPRESENTATION_CONTEXT() REPRESENTATION_CONTEXT('2D SPACE',''
  ) );
#4597 = ORIENTED_EDGE('',*,*,#4548,.T.);
#4598 = ADVANCED_FACE('',(#4599),#4536,.T.);
#4599 = FACE_BOUND('',#4600,.T.);
#4600 = EDGE_LOOP('',(#4601));
#4601 = ORIENTED_EDGE('',*,*,#4514,.T.);
#4602 = ADVANCED_FACE('',(#4603),#4586,.F.);
#4603 = FACE_BOUND('',#4604,.T.);
#4604 = EDGE_LOOP('',(#4605));
#4605 = ORIENTED_EDGE('',*,*,#4571,.F.);
#4606 = ( GEOMETRIC_REPRESENTATION_CONTEXT(3) 
GLOBAL_UNCERTAINTY_ASSIGNED_CONTEXT((#4610)) 
GLOBAL_UNIT_ASSIGNED_CONTEXT((#4607,#4608,#4609)) REPRESENTATION_CONTEXT
('Context #1','3D Context with UNIT and UNCERTAINTY') );
#4607 = ( LENGTH_UNIT() NAMED_UNIT(*) SI_UNIT(.MILLI.,.METRE.) );
#4608 = ( NAMED_UNIT(*) PLANE_ANGLE_UNIT() SI_UNIT($,.RADIAN.) );
#4609 = ( NAMED_UNIT(*) SI_UNIT($,.STERADIAN.) SOLID_ANGLE_UNIT() );
#4610 = UNCERTAINTY_MEASURE_WITH_UNIT(LENGTH_MEASURE(1.E-07),#4607,
  'distance_accuracy_value','confusion accuracy');
#4611 = CONTEXT_DEPENDENT_SHAPE_REPRESENTATION(#4612,#4614);
#4612 = ( REPRESENTATION_RELATIONSHIP('','',#4507,#4000) 
REPRESENTATION_RELATIONSHIP_WITH_TRANSFORMATION(#4613) 
SHAPE_REPRESENTATION_RELATIONSHIP() );
#4613 = ITEM_DEFINED_TRANSFORMATION('','',#11,#4017);
#4614 = PRODUCT_DEFINITION_SHAPE('Placement','Placement of an item',
  #4615);
#4615 = NEXT_ASSEMBLY_USAGE_OCCURRENCE('155','=>[0:1:1:35]','',#3995,
  #4502,$);
#4616 = PRODUCT_RELATED_PRODUCT_CATEGORY('part',$,(#4504));
#4617 = SHAPE_DEFINITION_REPRESENTATION(#4618,#4624);
#4618 = PRODUCT_DEFINITION_SHAPE('','',#4619);
#4619 = PRODUCT_DEFINITION('design','',#4620,#4623);
#4620 = PRODUCT_DEFINITION_FORMATION('','',#4621);
#4621 = PRODUCT('COMPOUND','COMPOUND','',(#4622));
#4622 = PRODUCT_CONTEXT('',#2,'mechanical');
#4623 = PRODUCT_DEFINITION_CONTEXT('part definition',#2,'design');
#4624 = SHAPE_REPRESENTATION('',(#11,#4625,#4629,#4633,#4637,#4641,#4645
    ,#4649,#4653,#4657,#4661,#4665,#4669,#4673,#4677,#4681,#4685,#4689,
    #4693,#4697,#4701,#4705),#4709);
#4625 = AXIS2_PLACEMENT_3D('',#4626,#4627,#4628);
#4626 = CARTESIAN_POINT('',(0.,0.,0.));
#4627 = DIRECTION('',(0.,0.,1.));
#4628 = DIRECTION('',(1.,0.,-0.));
#4629 = AXIS2_PLACEMENT_3D('',#4630,#4631,#4632);
#4630 = CARTESIAN_POINT('',(0.,0.,0.));
#4631 = DIRECTION('',(0.,0.,1.));
#4632 = DIRECTION('',(1.,0.,-0.));
#4633 = AXIS2_PLACEMENT_3D('',#4634,#4635,#4636);
#4634 = CARTESIAN_POINT('',(0.,0.,0.));
#4635 = DIRECTION('',(0.,0.,1.));
#4636 = DIRECTION('',(1.,0.,-0.));
#4637 = AXIS2_PLACEMENT_3D('',#4638,#4639,#4640);
#4638 = CARTESIAN_POINT('',(0.,0.,0.));
#4639 = DIRECTION('',(0.,0.,1.));
#4640 = DIRECTION('',(1.,0.,-0.));
#4641 = AXIS2_PLACEMENT_3D('',#4642,#4643,#4644);
#4642 = CARTESIAN_POINT('',(0.,0.,0.));
#4643 = DIRECTION('',(0.,0.,1.));
#4644 = DIRECTION('',(1.,0.,-0.));
#4645 = AXIS2_PLACEMENT_3D('',#4646,#4647,#4648);
#4646 = CARTESIAN_POINT('',(0.,0.,0.));
#4647 = DIRECTION('',(0.,0.,1.));
#4648 = DIRECTION('',(1.,0.,-0.));
#4649 = AXIS2_PLACEMENT_3D('',#4650,#4651,#4652);
#4650 = CARTESIAN_POINT('',(0.,0.,0.));
#4651 = DIRECTION('',(0.,0.,1.));
#4652 = DIRECTION('',(1.,0.,-0.));
#4653 = AXIS2_PLACEMENT_3D('',#4654,#4655,#4656);
#4654 = CARTESIAN_POINT('',(0.,0.,0.));
#4655 = DIRECTION('',(0.,0.,1.));
#4656 = DIRECTION('',(1.,0.,-0.));
#4657 = AXIS2_PLACEMENT_3D('',#4658,#4659,#4660);
#4658 = CARTESIAN_POINT('',(0.,0.,0.));
#4659 = DIRECTION('',(0.,0.,1.));
#4660 = DIRECTION('',(1.,0.,-0.));
#4661 = AXIS2_PLACEMENT_3D('',#4662,#4663,#4664);
#4662 = CARTESIAN_POINT('',(0.,0.,0.));
#4663 = DIRECTION('',(0.,0.,1.));
#4664 = DIRECTION('',(1.,0.,-0.));
#4665 = AXIS2_PLACEMENT_3D('',#4666,#4667,#4668);
#4666 = CARTESIAN_POINT('',(0.,0.,0.));
#4667 = DIRECTION('',(0.,0.,1.));
#4668 = DIRECTION('',(1.,0.,-0.));
#4669 = AXIS2_PLACEMENT_3D('',#4670,#4671,#4672);
#4670 = CARTESIAN_POINT('',(0.,0.,0.));
#4671 = DIRECTION('',(0.,0.,1.));
#4672 = DIRECTION('',(1.,0.,-0.));
#4673 = AXIS2_PLACEMENT_3D('',#4674,#4675,#4676);
#4674 = CARTESIAN_POINT('',(0.,0.,0.));
#4675 = DIRECTION('',(0.,0.,1.));
#4676 = DIRECTION('',(1.,0.,-0.));
#4677 = AXIS2_PLACEMENT_3D('',#4678,#4679,#4680);
#4678 = CARTESIAN_POINT('',(0.,0.,0.));
#4679 = DIRECTION('',(0.,0.,1.));
#4680 = DIRECTION('',(1.,0.,-0.));
#4681 = AXIS2_PLACEMENT_3D('',#4682,#4683,#4684);
#4682 = CARTESIAN_POINT('',(0.,0.,0.));
#4683 = DIRECTION('',(0.,0.,1.));
#4684 = DIRECTION('',(1.,0.,-0.));
#4685 = AXIS2_PLACEMENT_3D('',#4686,#4687,#4688);
#4686 = CARTESIAN_POINT('',(0.,0.,0.));
#4687 = DIRECTION('',(0.,0.,1.));
#4688 = DIRECTION('',(1.,0.,-0.));
#4689 = AXIS2_PLACEMENT_3D('',#4690,#4691,#4692);
#4690 = CARTESIAN_POINT('',(0.,0.,0.));
#4691 = DIRECTION('',(0.,0.,1.));
#4692 = DIRECTION('',(1.,0.,-0.));
#4693 = AXIS2_PLACEMENT_3D('',#4694,#4695,#4696);
#4694 = CARTESIAN_POINT('',(0.,0.,0.));
#4695 = DIRECTION('',(0.,0.,1.));
#4696 = DIRECTION('',(1.,0.,-0.));
#4697 = AXIS2_PLACEMENT_3D('',#4698,#4699,#4700);
#4698 = CARTESIAN_POINT('',(0.,0.,0.));
#4699 = DIRECTION('',(0.,0.,1.));
#4700 = DIRECTION('',(1.,0.,-0.));
#4701 = AXIS2_PLACEMENT_3D('',#4702,#4703,#4704);
#4702 = CARTESIAN_POINT('',(0.,0.,0.));
#4703 = DIRECTION('',(0.,0.,1.));
#4704 = DIRECTION('',(1.,0.,-0.));
#4705 = AXIS2_PLACEMENT_3D('',#4706,#4707,#4708);
#4706 = CARTESIAN_POINT('',(0.,0.,0.));
#4707 = DIRECTION('',(0.,0.,1.));
#4708 = DIRECTION('',(1.,0.,-0.));
#4709 = ( GEOMETRIC_REPRESENTATION_CONTEXT(3) 
GLOBAL_UNCERTAINTY_ASSIGNED_CONTEXT((#4713)) 
GLOBAL_UNIT_ASSIGNED_CONTEXT((#4710,#4711,#4712)) REPRESENTATION_CONTEXT
('Context #1','3D Context with UNIT and UNCERTAINTY') );
#4710 = ( LENGTH_UNIT() NAMED_UNIT(*) SI_UNIT(.MILLI.,.METRE.) );
#4711 = ( NAMED_UNIT(*) PLANE_ANGLE_UNIT() SI_UNIT($,.RADIAN.) );
#4712 = ( NAMED_UNIT(*) SI_UNIT($,.STERADIAN.) SOLID_ANGLE_UNIT() );
#4713 = UNCERTAINTY_MEASURE_WITH_UNIT(LENGTH_MEASURE(1.E-07),#4710,
  'distance_accuracy_value','confusion accuracy');
#4714 = CONTEXT_DEPENDENT_SHAPE_REPRESENTATION(#4715,#4717);
#4715 = ( REPRESENTATION_RELATIONSHIP('','',#4624,#10) 
REPRESENTATION_RELATIONSHIP_WITH_TRANSFORMATION(#4716) 
SHAPE_REPRESENTATION_RELATIONSHIP() );
#4716 = ITEM_DEFINED_TRANSFORMATION('','',#11,#39);
#4717 = PRODUCT_DEFINITION_SHAPE('Placement','Placement of an item',
  #4718);
#4718 = NEXT_ASSEMBLY_USAGE_OCCURRENCE('178','=>[0:1:1:36]','',#5,#4619,
  $);
#4719 = PRODUCT_RELATED_PRODUCT_CATEGORY('part',$,(#4621));
#4720 = SHAPE_DEFINITION_REPRESENTATION(#4721,#4727);
#4721 = PRODUCT_DEFINITION_SHAPE('','',#4722);
#4722 = PRODUCT_DEFINITION('design','',#4723,#4726);
#4723 = PRODUCT_DEFINITION_FORMATION('','',#4724);
#4724 = PRODUCT('SOLID','SOLID','',(#4725));
#4725 = PRODUCT_CONTEXT('',#2,'mechanical');
#4726 = PRODUCT_DEFINITION_CONTEXT('part definition',#2,'design');
#4727 = ADVANCED_BREP_SHAPE_REPRESENTATION('',(#11,#4728),#4910);
#4728 = MANIFOLD_SOLID_BREP('',#4729);
#4729 = CLOSED_SHELL('',(#4730,#4818,#4853,#4883));
#4730 = ADVANCED_FACE('',(#4731),#4744,.T.);
#4731 = FACE_BOUND('',#4732,.T.);
#4732 = EDGE_LOOP('',(#4733,#4767,#4790,#4817));
#4733 = ORIENTED_EDGE('',*,*,#4734,.F.);
#4734 = EDGE_CURVE('',#4735,#4735,#4737,.T.);
#4735 = VERTEX_POINT('',#4736);
#4736 = CARTESIAN_POINT('',(860.,13.,459.));
#4737 = SURFACE_CURVE('',#4738,(#4743,#4755),.PCURVE_S1.);
#4738 = CIRCLE('',#4739,209.);
#4739 = AXIS2_PLACEMENT_3D('',#4740,#4741,#4742);
#4740 = CARTESIAN_POINT('',(860.,13.,250.));
#4741 = DIRECTION('',(0.,1.,0.));
#4742 = DIRECTION('',(0.,-0.,1.));
#4743 = PCURVE('',#4744,#4749);
#4744 = CYLINDRICAL_SURFACE('',#4745,209.);
#4745 = AXIS2_PLACEMENT_3D('',#4746,#4747,#4748);
#4746 = CARTESIAN_POINT('',(860.,-13.,250.));
#4747 = DIRECTION('',(0.,1.,0.));
#4748 = DIRECTION('',(0.,-0.,1.));
#4749 = DEFINITIONAL_REPRESENTATION('',(#4750),#4754);
#4750 = LINE('',#4751,#4752);
#4751 = CARTESIAN_POINT('',(0.,26.));
#4752 = VECTOR('',#4753,1.);
#4753 = DIRECTION('',(1.,0.));
#4754 = ( GEOMETRIC_REPRESENTATION_CONTEXT(2) 
PARAMETRIC_REPRESENTATION_CONTEXT() REPRESENTATION_CONTEXT('2D SPACE',''
  ) );
#4755 = PCURVE('',#4756,#4761);
#4756 = PLANE('',#4757);
#4757 = AXIS2_PLACEMENT_3D('',#4758,#4759,#4760);
#4758 = CARTESIAN_POINT('',(860.,13.,250.));
#4759 = DIRECTION('',(0.,1.,0.));
#4760 = DIRECTION('',(0.,-0.,1.));
#4761 = DEFINITIONAL_REPRESENTATION('',(#4762),#4766);
#4762 = CIRCLE('',#4763,209.);
#4763 = AXIS2_PLACEMENT_2D('',#4764,#4765);
#4764 = CARTESIAN_POINT('',(0.,0.));
#4765 = DIRECTION('',(1.,0.));
#4766 = ( GEOMETRIC_REPRESENTATION_CONTEXT(2) 
PARAMETRIC_REPRESENTATION_CONTEXT() REPRESENTATION_CONTEXT('2D SPACE',''
  ) );
#4767 = ORIENTED_EDGE('',*,*,#4768,.F.);
#4768 = EDGE_CURVE('',#4769,#4735,#4771,.T.);
#4769 = VERTEX_POINT('',#4770);
#4770 = CARTESIAN_POINT('',(860.,-13.,459.));
#4771 = SEAM_CURVE('',#4772,(#4776,#4783),.PCURVE_S1.);
#4772 = LINE('',#4773,#4774);
#4773 = CARTESIAN_POINT('',(860.,-13.,459.));
#4774 = VECTOR('',#4775,1.);
#4775 = DIRECTION('',(0.,1.,0.));
#4776 = PCURVE('',#4744,#4777);
#4777 = DEFINITIONAL_REPRESENTATION('',(#4778),#4782);
#4778 = LINE('',#4779,#4780);
#4779 = CARTESIAN_POINT('',(6.28318530718,-0.));
#4780 = VECTOR('',#4781,1.);
#4781 = DIRECTION('',(0.,1.));
#4782 = ( GEOMETRIC_REPRESENTATION_CONTEXT(2) 
PARAMETRIC_REPRESENTATION_CONTEXT() REPRESENTATION_CONTEXT('2D SPACE',''
  ) );
#4783 = PCURVE('',#4744,#4784);
#4784 = DEFINITIONAL_REPRESENTATION('',(#4785),#4789);
#4785 = LINE('',#4786,#4787);
#4786 = CARTESIAN_POINT('',(0.,-0.));
#4787 = VECTOR('',#4788,1.);
#4788 = DIRECTION('',(0.,1.));
#4789 = ( GEOMETRIC_REPRESENTATION_CONTEXT(2) 
PARAMETRIC_REPRESENTATION_CONTEXT() REPRESENTATION_CONTEXT('2D SPACE',''
  ) );
#4790 = ORIENTED_EDGE('',*,*,#4791,.T.);
#4791 = EDGE_CURVE('',#4769,#4769,#4792,.T.);
#4792 = SURFACE_CURVE('',#4793,(#4798,#4805),.PCURVE_S1.);
#4793 = CIRCLE('',#4794,209.);
#4794 = AXIS2_PLACEMENT_3D('',#4795,#4796,#4797);
#4795 = CARTESIAN_POINT('',(860.,-13.,250.));
#4796 = DIRECTION('',(0.,1.,0.));
#4797 = DIRECTION('',(0.,-0.,1.));
#4798 = PCURVE('',#4744,#4799);
#4799 = DEFINITIONAL_REPRESENTATION('',(#4800),#4804);
#4800 = LINE('',#4801,#4802);
#4801 = CARTESIAN_POINT('',(0.,0.));
#4802 = VECTOR('',#4803,1.);
#4803 = DIRECTION('',(1.,0.));
#4804 = ( GEOMETRIC_REPRESENTATION_CONTEXT(2) 
PARAMETRIC_REPRESENTATION_CONTEXT() REPRESENTATION_CONTEXT('2D SPACE',''
  ) );
#4805 = PCURVE('',#4806,#4811);
#4806 = PLANE('',#4807);
#4807 = AXIS2_PLACEMENT_3D('',#4808,#4809,#4810);
#4808 = CARTESIAN_POINT('',(860.,-13.,250.));
#4809 = DIRECTION('',(0.,1.,0.));
#4810 = DIRECTION('',(0.,-0.,1.));
#4811 = DEFINITIONAL_REPRESENTATION('',(#4812),#4816);
#4812 = CIRCLE('',#4813,209.);
#4813 = AXIS2_PLACEMENT_2D('',#4814,#4815);
#4814 = CARTESIAN_POINT('',(0.,0.));
#4815 = DIRECTION('',(1.,0.));
#4816 = ( GEOMETRIC_REPRESENTATION_CONTEXT(2) 
PARAMETRIC_REPRESENTATION_CONTEXT() REPRESENTATION_CONTEXT('2D SPACE',''
  ) );
#4817 = ORIENTED_EDGE('',*,*,#4768,.T.);
#4818 = ADVANCED_FACE('',(#4819,#4822),#4756,.T.);
#4819 = FACE_BOUND('',#4820,.T.);
#4820 = EDGE_LOOP('',(#4821));
#4821 = ORIENTED_EDGE('',*,*,#4734,.T.);
#4822 = FACE_BOUND('',#4823,.T.);
#4823 = EDGE_LOOP('',(#4824));
#4824 = ORIENTED_EDGE('',*,*,#4825,.F.);
#4825 = EDGE_CURVE('',#4826,#4826,#4828,.T.);
#4826 = VERTEX_POINT('',#4827);
#4827 = CARTESIAN_POINT('',(860.,13.,439.));
#4828 = SURFACE_CURVE('',#4829,(#4834,#4841),.PCURVE_S1.);
#4829 = CIRCLE('',#4830,189.);
#4830 = AXIS2_PLACEMENT_3D('',#4831,#4832,#4833);
#4831 = CARTESIAN_POINT('',(860.,13.,250.));
#4832 = DIRECTION('',(0.,1.,0.));
#4833 = DIRECTION('',(0.,-0.,1.));
#4834 = PCURVE('',#4756,#4835);
#4835 = DEFINITIONAL_REPRESENTATION('',(#4836),#4840);
#4836 = CIRCLE('',#4837,189.);
#4837 = AXIS2_PLACEMENT_2D('',#4838,#4839);
#4838 = CARTESIAN_POINT('',(0.,0.));
#4839 = DIRECTION('',(1.,0.));
#4840 = ( GEOMETRIC_REPRESENTATION_CONTEXT(2) 
PARAMETRIC_REPRESENTATION_CONTEXT() REPRESENTATION_CONTEXT('2D SPACE',''
  ) );
#4841 = PCURVE('',#4842,#4847);
#4842 = CYLINDRICAL_SURFACE('',#4843,189.);
#4843 = AXIS2_PLACEMENT_3D('',#4844,#4845,#4846);
#4844 = CARTESIAN_POINT('',(860.,-13.,250.));
#4845 = DIRECTION('',(0.,1.,0.));
#4846 = DIRECTION('',(0.,-0.,1.));
#4847 = DEFINITIONAL_REPRESENTATION('',(#4848),#4852);
#4848 = LINE('',#4849,#4850);
#4849 = CARTESIAN_POINT('',(0.,26.));
#4850 = VECTOR('',#4851,1.);
#4851 = DIRECTION('',(1.,0.));
#4852 = ( GEOMETRIC_REPRESENTATION_CONTEXT(2) 
PARAMETRIC_REPRESENTATION_CONTEXT() REPRESENTATION_CONTEXT('2D SPACE',''
  ) );
#4853 = ADVANCED_FACE('',(#4854,#4857),#4806,.F.);
#4854 = FACE_BOUND('',#4855,.F.);
#4855 = EDGE_LOOP('',(#4856));
#4856 = ORIENTED_EDGE('',*,*,#4791,.T.);
#4857 = FACE_BOUND('',#4858,.F.);
#4858 = EDGE_LOOP('',(#4859));
#4859 = ORIENTED_EDGE('',*,*,#4860,.F.);
#4860 = EDGE_CURVE('',#4861,#4861,#4863,.T.);
#4861 = VERTEX_POINT('',#4862);
#4862 = CARTESIAN_POINT('',(860.,-13.,439.));
#4863 = SURFACE_CURVE('',#4864,(#4869,#4876),.PCURVE_S1.);
#4864 = CIRCLE('',#4865,189.);
#4865 = AXIS2_PLACEMENT_3D('',#4866,#4867,#4868);
#4866 = CARTESIAN_POINT('',(860.,-13.,250.));
#4867 = DIRECTION('',(0.,1.,0.));
#4868 = DIRECTION('',(0.,-0.,1.));
#4869 = PCURVE('',#4806,#4870);
#4870 = DEFINITIONAL_REPRESENTATION('',(#4871),#4875);
#4871 = CIRCLE('',#4872,189.);
#4872 = AXIS2_PLACEMENT_2D('',#4873,#4874);
#4873 = CARTESIAN_POINT('',(0.,0.));
#4874 = DIRECTION('',(1.,0.));
#4875 = ( GEOMETRIC_REPRESENTATION_CONTEXT(2) 
PARAMETRIC_REPRESENTATION_CONTEXT() REPRESENTATION_CONTEXT('2D SPACE',''
  ) );
#4876 = PCURVE('',#4842,#4877);
#4877 = DEFINITIONAL_REPRESENTATION('',(#4878),#4882);
#4878 = LINE('',#4879,#4880);
#4879 = CARTESIAN_POINT('',(0.,0.));
#4880 = VECTOR('',#4881,1.);
#4881 = DIRECTION('',(1.,0.));
#4882 = ( GEOMETRIC_REPRESENTATION_CONTEXT(2) 
PARAMETRIC_REPRESENTATION_CONTEXT() REPRESENTATION_CONTEXT('2D SPACE',''
  ) );
#4883 = ADVANCED_FACE('',(#4884),#4842,.F.);
#4884 = FACE_BOUND('',#4885,.F.);
#4885 = EDGE_LOOP('',(#4886,#4887,#4908,#4909));
#4886 = ORIENTED_EDGE('',*,*,#4825,.F.);
#4887 = ORIENTED_EDGE('',*,*,#4888,.F.);
#4888 = EDGE_CURVE('',#4861,#4826,#4889,.T.);
#4889 = SEAM_CURVE('',#4890,(#4894,#4901),.PCURVE_S1.);
#4890 = LINE('',#4891,#4892);
#4891 = CARTESIAN_POINT('',(860.,-13.,439.));
#4892 = VECTOR('',#4893,1.);
#4893 = DIRECTION('',(0.,1.,0.));
#4894 = PCURVE('',#4842,#4895);
#4895 = DEFINITIONAL_REPRESENTATION('',(#4896),#4900);
#4896 = LINE('',#4897,#4898);
#4897 = CARTESIAN_POINT('',(6.28318530718,-0.));
#4898 = VECTOR('',#4899,1.);
#4899 = DIRECTION('',(0.,1.));
#4900 = ( GEOMETRIC_REPRESENTATION_CONTEXT(2) 
PARAMETRIC_REPRESENTATION_CONTEXT() REPRESENTATION_CONTEXT('2D SPACE',''
  ) );
#4901 = PCURVE('',#4842,#4902);
#4902 = DEFINITIONAL_REPRESENTATION('',(#4903),#4907);
#4903 = LINE('',#4904,#4905);
#4904 = CARTESIAN_POINT('',(0.,-0.));
#4905 = VECTOR('',#4906,1.);
#4906 = DIRECTION('',(0.,1.));
#4907 = ( GEOMETRIC_REPRESENTATION_CONTEXT(2) 
PARAMETRIC_REPRESENTATION_CONTEXT() REPRESENTATION_CONTEXT('2D SPACE',''
  ) );
#4908 = ORIENTED_EDGE('',*,*,#4860,.T.);
#4909 = ORIENTED_EDGE('',*,*,#4888,.T.);
#4910 = ( GEOMETRIC_REPRESENTATION_CONTEXT(3) 
GLOBAL_UNCERTAINTY_ASSIGNED_CONTEXT((#4914)) 
GLOBAL_UNIT_ASSIGNED_CONTEXT((#4911,#4912,#4913)) REPRESENTATION_CONTEXT
('Context #1','3D Context with UNIT and UNCERTAINTY') );
#4911 = ( LENGTH_UNIT() NAMED_UNIT(*) SI_UNIT(.MILLI.,.METRE.) );
#4912 = ( NAMED_UNIT(*) PLANE_ANGLE_UNIT() SI_UNIT($,.RADIAN.) );
#4913 = ( NAMED_UNIT(*) SI_UNIT($,.STERADIAN.) SOLID_ANGLE_UNIT() );
#4914 = UNCERTAINTY_MEASURE_WITH_UNIT(LENGTH_MEASURE(1.E-07),#4911,
  'distance_accuracy_value','confusion accuracy');
#4915 = CONTEXT_DEPENDENT_SHAPE_REPRESENTATION(#4916,#4918);
#4916 = ( REPRESENTATION_RELATIONSHIP('','',#4727,#4624) 
REPRESENTATION_RELATIONSHIP_WITH_TRANSFORMATION(#4917) 
SHAPE_REPRESENTATION_RELATIONSHIP() );
#4917 = ITEM_DEFINED_TRANSFORMATION('','',#11,#4625);
#4918 = PRODUCT_DEFINITION_SHAPE('Placement','Placement of an item',
  #4919);
#4919 = NEXT_ASSEMBLY_USAGE_OCCURRENCE('157','=>[0:1:1:37]','',#4619,
  #4722,$);
#4920 = PRODUCT_RELATED_PRODUCT_CATEGORY('part',$,(#4724));
#4921 = SHAPE_DEFINITION_REPRESENTATION(#4922,#4928);
#4922 = PRODUCT_DEFINITION_SHAPE('','',#4923);
#4923 = PRODUCT_DEFINITION('design','',#4924,#4927);
#4924 = PRODUCT_DEFINITION_FORMATION('','',#4925);
#4925 = PRODUCT('SOLID','SOLID','',(#4926));
#4926 = PRODUCT_CONTEXT('',#2,'mechanical');
#4927 = PRODUCT_DEFINITION_CONTEXT('part definition',#2,'design');
#4928 = ADVANCED_BREP_SHAPE_REPRESENTATION('',(#11,#4929),#5027);
#4929 = MANIFOLD_SOLID_BREP('',#4930);
#4930 = CLOSED_SHELL('',(#4931,#5019,#5023));
#4931 = ADVANCED_FACE('',(#4932),#4945,.T.);
#4932 = FACE_BOUND('',#4933,.T.);
#4933 = EDGE_LOOP('',(#4934,#4968,#4991,#5018));
#4934 = ORIENTED_EDGE('',*,*,#4935,.F.);
#4935 = EDGE_CURVE('',#4936,#4936,#4938,.T.);
#4936 = VERTEX_POINT('',#4937);
#4937 = CARTESIAN_POINT('',(860.,40.,272.));
#4938 = SURFACE_CURVE('',#4939,(#4944,#4956),.PCURVE_S1.);
#4939 = CIRCLE('',#4940,22.);
#4940 = AXIS2_PLACEMENT_3D('',#4941,#4942,#4943);
#4941 = CARTESIAN_POINT('',(860.,40.,250.));
#4942 = DIRECTION('',(0.,1.,0.));
#4943 = DIRECTION('',(0.,-0.,1.));
#4944 = PCURVE('',#4945,#4950);
#4945 = CYLINDRICAL_SURFACE('',#4946,22.);
#4946 = AXIS2_PLACEMENT_3D('',#4947,#4948,#4949);
#4947 = CARTESIAN_POINT('',(860.,-40.,250.));
#4948 = DIRECTION('',(0.,1.,0.));
#4949 = DIRECTION('',(0.,-0.,1.));
#4950 = DEFINITIONAL_REPRESENTATION('',(#4951),#4955);
#4951 = LINE('',#4952,#4953);
#4952 = CARTESIAN_POINT('',(0.,80.));
#4953 = VECTOR('',#4954,1.);
#4954 = DIRECTION('',(1.,0.));
#4955 = ( GEOMETRIC_REPRESENTATION_CONTEXT(2) 
PARAMETRIC_REPRESENTATION_CONTEXT() REPRESENTATION_CONTEXT('2D SPACE',''
  ) );
#4956 = PCURVE('',#4957,#4962);
#4957 = PLANE('',#4958);
#4958 = AXIS2_PLACEMENT_3D('',#4959,#4960,#4961);
#4959 = CARTESIAN_POINT('',(860.,40.,250.));
#4960 = DIRECTION('',(0.,1.,0.));
#4961 = DIRECTION('',(0.,-0.,1.));
#4962 = DEFINITIONAL_REPRESENTATION('',(#4963),#4967);
#4963 = CIRCLE('',#4964,22.);
#4964 = AXIS2_PLACEMENT_2D('',#4965,#4966);
#4965 = CARTESIAN_POINT('',(0.,0.));
#4966 = DIRECTION('',(1.,0.));
#4967 = ( GEOMETRIC_REPRESENTATION_CONTEXT(2) 
PARAMETRIC_REPRESENTATION_CONTEXT() REPRESENTATION_CONTEXT('2D SPACE',''
  ) );
#4968 = ORIENTED_EDGE('',*,*,#4969,.F.);
#4969 = EDGE_CURVE('',#4970,#4936,#4972,.T.);
#4970 = VERTEX_POINT('',#4971);
#4971 = CARTESIAN_POINT('',(860.,-40.,272.));
#4972 = SEAM_CURVE('',#4973,(#4977,#4984),.PCURVE_S1.);
#4973 = LINE('',#4974,#4975);
#4974 = CARTESIAN_POINT('',(860.,-40.,272.));
#4975 = VECTOR('',#4976,1.);
#4976 = DIRECTION('',(0.,1.,0.));
#4977 = PCURVE('',#4945,#4978);
#4978 = DEFINITIONAL_REPRESENTATION('',(#4979),#4983);
#4979 = LINE('',#4980,#4981);
#4980 = CARTESIAN_POINT('',(6.28318530718,-0.));
#4981 = VECTOR('',#4982,1.);
#4982 = DIRECTION('',(0.,1.));
#4983 = ( GEOMETRIC_REPRESENTATION_CONTEXT(2) 
PARAMETRIC_REPRESENTATION_CONTEXT() REPRESENTATION_CONTEXT('2D SPACE',''
  ) );
#4984 = PCURVE('',#4945,#4985);
#4985 = DEFINITIONAL_REPRESENTATION('',(#4986),#4990);
#4986 = LINE('',#4987,#4988);
#4987 = CARTESIAN_POINT('',(0.,-0.));
#4988 = VECTOR('',#4989,1.);
#4989 = DIRECTION('',(0.,1.));
#4990 = ( GEOMETRIC_REPRESENTATION_CONTEXT(2) 
PARAMETRIC_REPRESENTATION_CONTEXT() REPRESENTATION_CONTEXT('2D SPACE',''
  ) );
#4991 = ORIENTED_EDGE('',*,*,#4992,.T.);
#4992 = EDGE_CURVE('',#4970,#4970,#4993,.T.);
#4993 = SURFACE_CURVE('',#4994,(#4999,#5006),.PCURVE_S1.);
#4994 = CIRCLE('',#4995,22.);
#4995 = AXIS2_PLACEMENT_3D('',#4996,#4997,#4998);
#4996 = CARTESIAN_POINT('',(860.,-40.,250.));
#4997 = DIRECTION('',(0.,1.,0.));
#4998 = DIRECTION('',(0.,-0.,1.));
#4999 = PCURVE('',#4945,#5000);
#5000 = DEFINITIONAL_REPRESENTATION('',(#5001),#5005);
#5001 = LINE('',#5002,#5003);
#5002 = CARTESIAN_POINT('',(0.,0.));
#5003 = VECTOR('',#5004,1.);
#5004 = DIRECTION('',(1.,0.));
#5005 = ( GEOMETRIC_REPRESENTATION_CONTEXT(2) 
PARAMETRIC_REPRESENTATION_CONTEXT() REPRESENTATION_CONTEXT('2D SPACE',''
  ) );
#5006 = PCURVE('',#5007,#5012);
#5007 = PLANE('',#5008);
#5008 = AXIS2_PLACEMENT_3D('',#5009,#5010,#5011);
#5009 = CARTESIAN_POINT('',(860.,-40.,250.));
#5010 = DIRECTION('',(0.,1.,0.));
#5011 = DIRECTION('',(0.,-0.,1.));
#5012 = DEFINITIONAL_REPRESENTATION('',(#5013),#5017);
#5013 = CIRCLE('',#5014,22.);
#5014 = AXIS2_PLACEMENT_2D('',#5015,#5016);
#5015 = CARTESIAN_POINT('',(0.,0.));
#5016 = DIRECTION('',(1.,0.));
#5017 = ( GEOMETRIC_REPRESENTATION_CONTEXT(2) 
PARAMETRIC_REPRESENTATION_CONTEXT() REPRESENTATION_CONTEXT('2D SPACE',''
  ) );
#5018 = ORIENTED_EDGE('',*,*,#4969,.T.);
#5019 = ADVANCED_FACE('',(#5020),#4957,.T.);
#5020 = FACE_BOUND('',#5021,.T.);
#5021 = EDGE_LOOP('',(#5022));
#5022 = ORIENTED_EDGE('',*,*,#4935,.T.);
#5023 = ADVANCED_FACE('',(#5024),#5007,.F.);
#5024 = FACE_BOUND('',#5025,.T.);
#5025 = EDGE_LOOP('',(#5026));
#5026 = ORIENTED_EDGE('',*,*,#4992,.F.);
#5027 = ( GEOMETRIC_REPRESENTATION_CONTEXT(3) 
GLOBAL_UNCERTAINTY_ASSIGNED_CONTEXT((#5031)) 
GLOBAL_UNIT_ASSIGNED_CONTEXT((#5028,#5029,#5030)) REPRESENTATION_CONTEXT
('Context #1','3D Context with UNIT and UNCERTAINTY') );
#5028 = ( LENGTH_UNIT() NAMED_UNIT(*) SI_UNIT(.MILLI.,.METRE.) );
#5029 = ( NAMED_UNIT(*) PLANE_ANGLE_UNIT() SI_UNIT($,.RADIAN.) );
#5030 = ( NAMED_UNIT(*) SI_UNIT($,.STERADIAN.) SOLID_ANGLE_UNIT() );
#5031 = UNCERTAINTY_MEASURE_WITH_UNIT(LENGTH_MEASURE(1.E-07),#5028,
  'distance_accuracy_value','confusion accuracy');
#5032 = CONTEXT_DEPENDENT_SHAPE_REPRESENTATION(#5033,#5035);
#5033 = ( REPRESENTATION_RELATIONSHIP('','',#4928,#4624) 
REPRESENTATION_RELATIONSHIP_WITH_TRANSFORMATION(#5034) 
SHAPE_REPRESENTATION_RELATIONSHIP() );
#5034 = ITEM_DEFINED_TRANSFORMATION('','',#11,#4629);
#5035 = PRODUCT_DEFINITION_SHAPE('Placement','Placement of an item',
  #5036);
#5036 = NEXT_ASSEMBLY_USAGE_OCCURRENCE('158','=>[0:1:1:38]','',#4619,
  #4923,$);
#5037 = PRODUCT_RELATED_PRODUCT_CATEGORY('part',$,(#4925));
#5038 = SHAPE_DEFINITION_REPRESENTATION(#5039,#5045);
#5039 = PRODUCT_DEFINITION_SHAPE('','',#5040);
#5040 = PRODUCT_DEFINITION('design','',#5041,#5044);
#5041 = PRODUCT_DEFINITION_FORMATION('','',#5042);
#5042 = PRODUCT('SOLID','SOLID','',(#5043));
#5043 = PRODUCT_CONTEXT('',#2,'mechanical');
#5044 = PRODUCT_DEFINITION_CONTEXT('part definition',#2,'design');
#5045 = ADVANCED_BREP_SHAPE_REPRESENTATION('',(#11,#5046),#5144);
#5046 = MANIFOLD_SOLID_BREP('',#5047);
#5047 = CLOSED_SHELL('',(#5048,#5136,#5140));
#5048 = ADVANCED_FACE('',(#5049),#5062,.T.);
#5049 = FACE_BOUND('',#5050,.T.);
#5050 = EDGE_LOOP('',(#5051,#5085,#5108,#5135));
#5051 = ORIENTED_EDGE('',*,*,#5052,.F.);
#5052 = EDGE_CURVE('',#5053,#5053,#5055,.T.);
#5053 = VERTEX_POINT('',#5054);
#5054 = CARTESIAN_POINT('',(860.,70.,256.));
#5055 = SURFACE_CURVE('',#5056,(#5061,#5073),.PCURVE_S1.);
#5056 = CIRCLE('',#5057,6.);
#5057 = AXIS2_PLACEMENT_3D('',#5058,#5059,#5060);
#5058 = CARTESIAN_POINT('',(860.,70.,250.));
#5059 = DIRECTION('',(0.,1.,0.));
#5060 = DIRECTION('',(0.,-0.,1.));
#5061 = PCURVE('',#5062,#5067);
#5062 = CYLINDRICAL_SURFACE('',#5063,6.);
#5063 = AXIS2_PLACEMENT_3D('',#5064,#5065,#5066);
#5064 = CARTESIAN_POINT('',(860.,-70.,250.));
#5065 = DIRECTION('',(0.,1.,0.));
#5066 = DIRECTION('',(0.,-0.,1.));
#5067 = DEFINITIONAL_REPRESENTATION('',(#5068),#5072);
#5068 = LINE('',#5069,#5070);
#5069 = CARTESIAN_POINT('',(0.,140.));
#5070 = VECTOR('',#5071,1.);
#5071 = DIRECTION('',(1.,0.));
#5072 = ( GEOMETRIC_REPRESENTATION_CONTEXT(2) 
PARAMETRIC_REPRESENTATION_CONTEXT() REPRESENTATION_CONTEXT('2D SPACE',''
  ) );
#5073 = PCURVE('',#5074,#5079);
#5074 = PLANE('',#5075);
#5075 = AXIS2_PLACEMENT_3D('',#5076,#5077,#5078);
#5076 = CARTESIAN_POINT('',(860.,70.,250.));
#5077 = DIRECTION('',(0.,1.,0.));
#5078 = DIRECTION('',(0.,-0.,1.));
#5079 = DEFINITIONAL_REPRESENTATION('',(#5080),#5084);
#5080 = CIRCLE('',#5081,6.);
#5081 = AXIS2_PLACEMENT_2D('',#5082,#5083);
#5082 = CARTESIAN_POINT('',(0.,0.));
#5083 = DIRECTION('',(1.,0.));
#5084 = ( GEOMETRIC_REPRESENTATION_CONTEXT(2) 
PARAMETRIC_REPRESENTATION_CONTEXT() REPRESENTATION_CONTEXT('2D SPACE',''
  ) );
#5085 = ORIENTED_EDGE('',*,*,#5086,.F.);
#5086 = EDGE_CURVE('',#5087,#5053,#5089,.T.);
#5087 = VERTEX_POINT('',#5088);
#5088 = CARTESIAN_POINT('',(860.,-70.,256.));
#5089 = SEAM_CURVE('',#5090,(#5094,#5101),.PCURVE_S1.);
#5090 = LINE('',#5091,#5092);
#5091 = CARTESIAN_POINT('',(860.,-70.,256.));
#5092 = VECTOR('',#5093,1.);
#5093 = DIRECTION('',(0.,1.,0.));
#5094 = PCURVE('',#5062,#5095);
#5095 = DEFINITIONAL_REPRESENTATION('',(#5096),#5100);
#5096 = LINE('',#5097,#5098);
#5097 = CARTESIAN_POINT('',(6.28318530718,-0.));
#5098 = VECTOR('',#5099,1.);
#5099 = DIRECTION('',(0.,1.));
#5100 = ( GEOMETRIC_REPRESENTATION_CONTEXT(2) 
PARAMETRIC_REPRESENTATION_CONTEXT() REPRESENTATION_CONTEXT('2D SPACE',''
  ) );
#5101 = PCURVE('',#5062,#5102);
#5102 = DEFINITIONAL_REPRESENTATION('',(#5103),#5107);
#5103 = LINE('',#5104,#5105);
#5104 = CARTESIAN_POINT('',(0.,-0.));
#5105 = VECTOR('',#5106,1.);
#5106 = DIRECTION('',(0.,1.));
#5107 = ( GEOMETRIC_REPRESENTATION_CONTEXT(2) 
PARAMETRIC_REPRESENTATION_CONTEXT() REPRESENTATION_CONTEXT('2D SPACE',''
  ) );
#5108 = ORIENTED_EDGE('',*,*,#5109,.T.);
#5109 = EDGE_CURVE('',#5087,#5087,#5110,.T.);
#5110 = SURFACE_CURVE('',#5111,(#5116,#5123),.PCURVE_S1.);
#5111 = CIRCLE('',#5112,6.);
#5112 = AXIS2_PLACEMENT_3D('',#5113,#5114,#5115);
#5113 = CARTESIAN_POINT('',(860.,-70.,250.));
#5114 = DIRECTION('',(0.,1.,0.));
#5115 = DIRECTION('',(0.,-0.,1.));
#5116 = PCURVE('',#5062,#5117);
#5117 = DEFINITIONAL_REPRESENTATION('',(#5118),#5122);
#5118 = LINE('',#5119,#5120);
#5119 = CARTESIAN_POINT('',(0.,0.));
#5120 = VECTOR('',#5121,1.);
#5121 = DIRECTION('',(1.,0.));
#5122 = ( GEOMETRIC_REPRESENTATION_CONTEXT(2) 
PARAMETRIC_REPRESENTATION_CONTEXT() REPRESENTATION_CONTEXT('2D SPACE',''
  ) );
#5123 = PCURVE('',#5124,#5129);
#5124 = PLANE('',#5125);
#5125 = AXIS2_PLACEMENT_3D('',#5126,#5127,#5128);
#5126 = CARTESIAN_POINT('',(860.,-70.,250.));
#5127 = DIRECTION('',(0.,1.,0.));
#5128 = DIRECTION('',(0.,-0.,1.));
#5129 = DEFINITIONAL_REPRESENTATION('',(#5130),#5134);
#5130 = CIRCLE('',#5131,6.);
#5131 = AXIS2_PLACEMENT_2D('',#5132,#5133);
#5132 = CARTESIAN_POINT('',(0.,0.));
#5133 = DIRECTION('',(1.,0.));
#5134 = ( GEOMETRIC_REPRESENTATION_CONTEXT(2) 
PARAMETRIC_REPRESENTATION_CONTEXT() REPRESENTATION_CONTEXT('2D SPACE',''
  ) );
#5135 = ORIENTED_EDGE('',*,*,#5086,.T.);
#5136 = ADVANCED_FACE('',(#5137),#5074,.T.);
#5137 = FACE_BOUND('',#5138,.T.);
#5138 = EDGE_LOOP('',(#5139));
#5139 = ORIENTED_EDGE('',*,*,#5052,.T.);
#5140 = ADVANCED_FACE('',(#5141),#5124,.F.);
#5141 = FACE_BOUND('',#5142,.T.);
#5142 = EDGE_LOOP('',(#5143));
#5143 = ORIENTED_EDGE('',*,*,#5109,.F.);
#5144 = ( GEOMETRIC_REPRESENTATION_CONTEXT(3) 
GLOBAL_UNCERTAINTY_ASSIGNED_CONTEXT((#5148)) 
GLOBAL_UNIT_ASSIGNED_CONTEXT((#5145,#5146,#5147)) REPRESENTATION_CONTEXT
('Context #1','3D Context with UNIT and UNCERTAINTY') );
#5145 = ( LENGTH_UNIT() NAMED_UNIT(*) SI_UNIT(.MILLI.,.METRE.) );
#5146 = ( NAMED_UNIT(*) PLANE_ANGLE_UNIT() SI_UNIT($,.RADIAN.) );
#5147 = ( NAMED_UNIT(*) SI_UNIT($,.STERADIAN.) SOLID_ANGLE_UNIT() );
#5148 = UNCERTAINTY_MEASURE_WITH_UNIT(LENGTH_MEASURE(1.E-07),#5145,
  'distance_accuracy_value','confusion accuracy');
#5149 = CONTEXT_DEPENDENT_SHAPE_REPRESENTATION(#5150,#5152);
#5150 = ( REPRESENTATION_RELATIONSHIP('','',#5045,#4624) 
REPRESENTATION_RELATIONSHIP_WITH_TRANSFORMATION(#5151) 
SHAPE_REPRESENTATION_RELATIONSHIP() );
#5151 = ITEM_DEFINED_TRANSFORMATION('','',#11,#4633);
#5152 = PRODUCT_DEFINITION_SHAPE('Placement','Placement of an item',
  #5153);
#5153 = NEXT_ASSEMBLY_USAGE_OCCURRENCE('159','=>[0:1:1:39]','',#4619,
  #5040,$);
#5154 = PRODUCT_RELATED_PRODUCT_CATEGORY('part',$,(#5042));
#5155 = SHAPE_DEFINITION_REPRESENTATION(#5156,#5162);
#5156 = PRODUCT_DEFINITION_SHAPE('','',#5157);
#5157 = PRODUCT_DEFINITION('design','',#5158,#5161);
#5158 = PRODUCT_DEFINITION_FORMATION('','',#5159);
#5159 = PRODUCT('SOLID','SOLID','',(#5160));
#5160 = PRODUCT_CONTEXT('',#2,'mechanical');
#5161 = PRODUCT_DEFINITION_CONTEXT('part definition',#2,'design');
#5162 = ADVANCED_BREP_SHAPE_REPRESENTATION('',(#11,#5163),#5261);
#5163 = MANIFOLD_SOLID_BREP('',#5164);
#5164 = CLOSED_SHELL('',(#5165,#5253,#5257));
#5165 = ADVANCED_FACE('',(#5166),#5179,.T.);
#5166 = FACE_BOUND('',#5167,.T.);
#5167 = EDGE_LOOP('',(#5168,#5202,#5225,#5252));
#5168 = ORIENTED_EDGE('',*,*,#5169,.F.);
#5169 = EDGE_CURVE('',#5170,#5170,#5172,.T.);
#5170 = VERTEX_POINT('',#5171);
#5171 = CARTESIAN_POINT('',(1.036926068217E+03,2.709259636355E-15,
    316.28461289606));
#5172 = SURFACE_CURVE('',#5173,(#5178,#5190),.PCURVE_S1.);
#5173 = CIRCLE('',#5174,1.6);
#5174 = AXIS2_PLACEMENT_3D('',#5175,#5176,#5177);
#5175 = CARTESIAN_POINT('',(1.037541442728E+03,7.105427357601E-15,
    314.80768560908));
#5176 = DIRECTION('',(0.906871241125,0.186573296525,0.377855735757));
#5177 = DIRECTION('',(-0.384609069468,0.,0.923079554363));
#5178 = PCURVE('',#5179,#5184);
#5179 = CYLINDRICAL_SURFACE('',#5180,1.6);
#5180 = AXIS2_PLACEMENT_3D('',#5181,#5182,#5183);
#5181 = CARTESIAN_POINT('',(882.,-32.,250.));
#5182 = DIRECTION('',(0.906871241125,0.186573296525,0.377855735757));
#5183 = DIRECTION('',(-0.384609069468,0.,0.923079554363));
#5184 = DEFINITIONAL_REPRESENTATION('',(#5185),#5189);
#5185 = LINE('',#5186,#5187);
#5186 = CARTESIAN_POINT('',(0.,171.51436243055));
#5187 = VECTOR('',#5188,1.);
#5188 = DIRECTION('',(1.,0.));
#5189 = ( GEOMETRIC_REPRESENTATION_CONTEXT(2) 
PARAMETRIC_REPRESENTATION_CONTEXT() REPRESENTATION_CONTEXT('2D SPACE',''
  ) );
#5190 = PCURVE('',#5191,#5196);
#5191 = PLANE('',#5192);
#5192 = AXIS2_PLACEMENT_3D('',#5193,#5194,#5195);
#5193 = CARTESIAN_POINT('',(1.037541442728E+03,7.105427357601E-15,
    314.80768560908));
#5194 = DIRECTION('',(0.906871241125,0.186573296525,0.377855735757));
#5195 = DIRECTION('',(-0.384609069468,0.,0.923079554363));
#5196 = DEFINITIONAL_REPRESENTATION('',(#5197),#5201);
#5197 = CIRCLE('',#5198,1.6);
#5198 = AXIS2_PLACEMENT_2D('',#5199,#5200);
#5199 = CARTESIAN_POINT('',(0.,0.));
#5200 = DIRECTION('',(1.,0.));
#5201 = ( GEOMETRIC_REPRESENTATION_CONTEXT(2) 
PARAMETRIC_REPRESENTATION_CONTEXT() REPRESENTATION_CONTEXT('2D SPACE',''
  ) );
#5202 = ORIENTED_EDGE('',*,*,#5203,.F.);
#5203 = EDGE_CURVE('',#5204,#5170,#5206,.T.);
#5204 = VERTEX_POINT('',#5205);
#5205 = CARTESIAN_POINT('',(881.38462548885,-32.,251.47692728698));
#5206 = SEAM_CURVE('',#5207,(#5211,#5218),.PCURVE_S1.);
#5207 = LINE('',#5208,#5209);
#5208 = CARTESIAN_POINT('',(881.38462548885,-32.,251.47692728698));
#5209 = VECTOR('',#5210,1.);
#5210 = DIRECTION('',(0.906871241125,0.186573296525,0.377855735757));
#5211 = PCURVE('',#5179,#5212);
#5212 = DEFINITIONAL_REPRESENTATION('',(#5213),#5217);
#5213 = LINE('',#5214,#5215);
#5214 = CARTESIAN_POINT('',(6.28318530718,-0.));
#5215 = VECTOR('',#5216,1.);
#5216 = DIRECTION('',(0.,1.));
#5217 = ( GEOMETRIC_REPRESENTATION_CONTEXT(2) 
PARAMETRIC_REPRESENTATION_CONTEXT() REPRESENTATION_CONTEXT('2D SPACE',''
  ) );
#5218 = PCURVE('',#5179,#5219);
#5219 = DEFINITIONAL_REPRESENTATION('',(#5220),#5224);
#5220 = LINE('',#5221,#5222);
#5221 = CARTESIAN_POINT('',(0.,-0.));
#5222 = VECTOR('',#5223,1.);
#5223 = DIRECTION('',(0.,1.));
#5224 = ( GEOMETRIC_REPRESENTATION_CONTEXT(2) 
PARAMETRIC_REPRESENTATION_CONTEXT() REPRESENTATION_CONTEXT('2D SPACE',''
  ) );
#5225 = ORIENTED_EDGE('',*,*,#5226,.T.);
#5226 = EDGE_CURVE('',#5204,#5204,#5227,.T.);
#5227 = SURFACE_CURVE('',#5228,(#5233,#5240),.PCURVE_S1.);
#5228 = CIRCLE('',#5229,1.6);
#5229 = AXIS2_PLACEMENT_3D('',#5230,#5231,#5232);
#5230 = CARTESIAN_POINT('',(882.,-32.,250.));
#5231 = DIRECTION('',(0.906871241125,0.186573296525,0.377855735757));
#5232 = DIRECTION('',(-0.384609069468,0.,0.923079554363));
#5233 = PCURVE('',#5179,#5234);
#5234 = DEFINITIONAL_REPRESENTATION('',(#5235),#5239);
#5235 = LINE('',#5236,#5237);
#5236 = CARTESIAN_POINT('',(0.,0.));
#5237 = VECTOR('',#5238,1.);
#5238 = DIRECTION('',(1.,0.));
#5239 = ( GEOMETRIC_REPRESENTATION_CONTEXT(2) 
PARAMETRIC_REPRESENTATION_CONTEXT() REPRESENTATION_CONTEXT('2D SPACE',''
  ) );
#5240 = PCURVE('',#5241,#5246);
#5241 = PLANE('',#5242);
#5242 = AXIS2_PLACEMENT_3D('',#5243,#5244,#5245);
#5243 = CARTESIAN_POINT('',(882.,-32.,250.));
#5244 = DIRECTION('',(0.906871241125,0.186573296525,0.377855735757));
#5245 = DIRECTION('',(-0.384609069468,0.,0.923079554363));
#5246 = DEFINITIONAL_REPRESENTATION('',(#5247),#5251);
#5247 = CIRCLE('',#5248,1.6);
#5248 = AXIS2_PLACEMENT_2D('',#5249,#5250);
#5249 = CARTESIAN_POINT('',(0.,0.));
#5250 = DIRECTION('',(1.,0.));
#5251 = ( GEOMETRIC_REPRESENTATION_CONTEXT(2) 
PARAMETRIC_REPRESENTATION_CONTEXT() REPRESENTATION_CONTEXT('2D SPACE',''
  ) );
#5252 = ORIENTED_EDGE('',*,*,#5203,.T.);
#5253 = ADVANCED_FACE('',(#5254),#5191,.T.);
#5254 = FACE_BOUND('',#5255,.T.);
#5255 = EDGE_LOOP('',(#5256));
#5256 = ORIENTED_EDGE('',*,*,#5169,.T.);
#5257 = ADVANCED_FACE('',(#5258),#5241,.F.);
#5258 = FACE_BOUND('',#5259,.T.);
#5259 = EDGE_LOOP('',(#5260));
#5260 = ORIENTED_EDGE('',*,*,#5226,.F.);
#5261 = ( GEOMETRIC_REPRESENTATION_CONTEXT(3) 
GLOBAL_UNCERTAINTY_ASSIGNED_CONTEXT((#5265)) 
GLOBAL_UNIT_ASSIGNED_CONTEXT((#5262,#5263,#5264)) REPRESENTATION_CONTEXT
('Context #1','3D Context with UNIT and UNCERTAINTY') );
#5262 = ( LENGTH_UNIT() NAMED_UNIT(*) SI_UNIT(.MILLI.,.METRE.) );
#5263 = ( NAMED_UNIT(*) PLANE_ANGLE_UNIT() SI_UNIT($,.RADIAN.) );
#5264 = ( NAMED_UNIT(*) SI_UNIT($,.STERADIAN.) SOLID_ANGLE_UNIT() );
#5265 = UNCERTAINTY_MEASURE_WITH_UNIT(LENGTH_MEASURE(1.E-07),#5262,
  'distance_accuracy_value','confusion accuracy');
#5266 = CONTEXT_DEPENDENT_SHAPE_REPRESENTATION(#5267,#5269);
#5267 = ( REPRESENTATION_RELATIONSHIP('','',#5162,#4624) 
REPRESENTATION_RELATIONSHIP_WITH_TRANSFORMATION(#5268) 
SHAPE_REPRESENTATION_RELATIONSHIP() );
#5268 = ITEM_DEFINED_TRANSFORMATION('','',#11,#4637);
#5269 = PRODUCT_DEFINITION_SHAPE('Placement','Placement of an item',
  #5270);
#5270 = NEXT_ASSEMBLY_USAGE_OCCURRENCE('160','=>[0:1:1:40]','',#4619,
  #5157,$);
#5271 = PRODUCT_RELATED_PRODUCT_CATEGORY('part',$,(#5159));
#5272 = SHAPE_DEFINITION_REPRESENTATION(#5273,#5279);
#5273 = PRODUCT_DEFINITION_SHAPE('','',#5274);
#5274 = PRODUCT_DEFINITION('design','',#5275,#5278);
#5275 = PRODUCT_DEFINITION_FORMATION('','',#5276);
#5276 = PRODUCT('SOLID','SOLID','',(#5277));
#5277 = PRODUCT_CONTEXT('',#2,'mechanical');
#5278 = PRODUCT_DEFINITION_CONTEXT('part definition',#2,'design');
#5279 = ADVANCED_BREP_SHAPE_REPRESENTATION('',(#11,#5280),#5378);
#5280 = MANIFOLD_SOLID_BREP('',#5281);
#5281 = CLOSED_SHELL('',(#5282,#5370,#5374));
#5282 = ADVANCED_FACE('',(#5283),#5296,.T.);
#5283 = FACE_BOUND('',#5284,.T.);
#5284 = EDGE_LOOP('',(#5285,#5319,#5342,#5369));
#5285 = ORIENTED_EDGE('',*,*,#5286,.F.);
#5286 = EDGE_CURVE('',#5287,#5287,#5289,.T.);
#5287 = VERTEX_POINT('',#5288);
#5288 = CARTESIAN_POINT('',(1.003585447925E+03,-1.585020962428E-15,
    372.7994408197));
#5289 = SURFACE_CURVE('',#5290,(#5295,#5307),.PCURVE_S1.);
#5290 = CIRCLE('',#5291,1.6);
#5291 = AXIS2_PLACEMENT_3D('',#5292,#5293,#5294);
#5292 = CARTESIAN_POINT('',(1.004668849695E+03,0.,371.62205362519));
#5293 = DIRECTION('',(0.722945940388,-0.186573296525,0.66523647848));
#5294 = DIRECTION('',(-0.67712610595,0.,0.73586699657));
#5295 = PCURVE('',#5296,#5301);
#5296 = CYLINDRICAL_SURFACE('',#5297,1.6);
#5297 = AXIS2_PLACEMENT_3D('',#5298,#5299,#5300);
#5298 = CARTESIAN_POINT('',(880.67323765729,32.,257.52444315316));
#5299 = DIRECTION('',(0.722945940388,-0.186573296525,0.66523647848));
#5300 = DIRECTION('',(-0.67712610595,0.,0.73586699657));
#5301 = DEFINITIONAL_REPRESENTATION('',(#5302),#5306);
#5302 = LINE('',#5303,#5304);
#5303 = CARTESIAN_POINT('',(0.,171.51436243055));
#5304 = VECTOR('',#5305,1.);
#5305 = DIRECTION('',(1.,0.));
#5306 = ( GEOMETRIC_REPRESENTATION_CONTEXT(2) 
PARAMETRIC_REPRESENTATION_CONTEXT() REPRESENTATION_CONTEXT('2D SPACE',''
  ) );
#5307 = PCURVE('',#5308,#5313);
#5308 = PLANE('',#5309);
#5309 = AXIS2_PLACEMENT_3D('',#5310,#5311,#5312);
#5310 = CARTESIAN_POINT('',(1.004668849695E+03,0.,371.62205362519));
#5311 = DIRECTION('',(0.722945940388,-0.186573296525,0.66523647848));
#5312 = DIRECTION('',(-0.67712610595,0.,0.73586699657));
#5313 = DEFINITIONAL_REPRESENTATION('',(#5314),#5318);
#5314 = CIRCLE('',#5315,1.6);
#5315 = AXIS2_PLACEMENT_2D('',#5316,#5317);
#5316 = CARTESIAN_POINT('',(0.,0.));
#5317 = DIRECTION('',(1.,0.));
#5318 = ( GEOMETRIC_REPRESENTATION_CONTEXT(2) 
PARAMETRIC_REPRESENTATION_CONTEXT() REPRESENTATION_CONTEXT('2D SPACE',''
  ) );
#5319 = ORIENTED_EDGE('',*,*,#5320,.F.);
#5320 = EDGE_CURVE('',#5321,#5287,#5323,.T.);
#5321 = VERTEX_POINT('',#5322);
#5322 = CARTESIAN_POINT('',(879.58983588776,32.,258.70183034767));
#5323 = SEAM_CURVE('',#5324,(#5328,#5335),.PCURVE_S1.);
#5324 = LINE('',#5325,#5326);
#5325 = CARTESIAN_POINT('',(879.58983588776,32.,258.70183034767));
#5326 = VECTOR('',#5327,1.);
#5327 = DIRECTION('',(0.722945940388,-0.186573296525,0.66523647848));
#5328 = PCURVE('',#5296,#5329);
#5329 = DEFINITIONAL_REPRESENTATION('',(#5330),#5334);
#5330 = LINE('',#5331,#5332);
#5331 = CARTESIAN_POINT('',(6.28318530718,-0.));
#5332 = VECTOR('',#5333,1.);
#5333 = DIRECTION('',(0.,1.));
#5334 = ( GEOMETRIC_REPRESENTATION_CONTEXT(2) 
PARAMETRIC_REPRESENTATION_CONTEXT() REPRESENTATION_CONTEXT('2D SPACE',''
  ) );
#5335 = PCURVE('',#5296,#5336);
#5336 = DEFINITIONAL_REPRESENTATION('',(#5337),#5341);
#5337 = LINE('',#5338,#5339);
#5338 = CARTESIAN_POINT('',(0.,-0.));
#5339 = VECTOR('',#5340,1.);
#5340 = DIRECTION('',(0.,1.));
#5341 = ( GEOMETRIC_REPRESENTATION_CONTEXT(2) 
PARAMETRIC_REPRESENTATION_CONTEXT() REPRESENTATION_CONTEXT('2D SPACE',''
  ) );
#5342 = ORIENTED_EDGE('',*,*,#5343,.T.);
#5343 = EDGE_CURVE('',#5321,#5321,#5344,.T.);
#5344 = SURFACE_CURVE('',#5345,(#5350,#5357),.PCURVE_S1.);
#5345 = CIRCLE('',#5346,1.6);
#5346 = AXIS2_PLACEMENT_3D('',#5347,#5348,#5349);
#5347 = CARTESIAN_POINT('',(880.67323765729,32.,257.52444315316));
#5348 = DIRECTION('',(0.722945940388,-0.186573296525,0.66523647848));
#5349 = DIRECTION('',(-0.67712610595,0.,0.73586699657));
#5350 = PCURVE('',#5296,#5351);
#5351 = DEFINITIONAL_REPRESENTATION('',(#5352),#5356);
#5352 = LINE('',#5353,#5354);
#5353 = CARTESIAN_POINT('',(0.,0.));
#5354 = VECTOR('',#5355,1.);
#5355 = DIRECTION('',(1.,0.));
#5356 = ( GEOMETRIC_REPRESENTATION_CONTEXT(2) 
PARAMETRIC_REPRESENTATION_CONTEXT() REPRESENTATION_CONTEXT('2D SPACE',''
  ) );
#5357 = PCURVE('',#5358,#5363);
#5358 = PLANE('',#5359);
#5359 = AXIS2_PLACEMENT_3D('',#5360,#5361,#5362);
#5360 = CARTESIAN_POINT('',(880.67323765729,32.,257.52444315316));
#5361 = DIRECTION('',(0.722945940388,-0.186573296525,0.66523647848));
#5362 = DIRECTION('',(-0.67712610595,0.,0.73586699657));
#5363 = DEFINITIONAL_REPRESENTATION('',(#5364),#5368);
#5364 = CIRCLE('',#5365,1.6);
#5365 = AXIS2_PLACEMENT_2D('',#5366,#5367);
#5366 = CARTESIAN_POINT('',(0.,0.));
#5367 = DIRECTION('',(1.,0.));
#5368 = ( GEOMETRIC_REPRESENTATION_CONTEXT(2) 
PARAMETRIC_REPRESENTATION_CONTEXT() REPRESENTATION_CONTEXT('2D SPACE',''
  ) );
#5369 = ORIENTED_EDGE('',*,*,#5320,.T.);
#5370 = ADVANCED_FACE('',(#5371),#5308,.T.);
#5371 = FACE_BOUND('',#5372,.T.);
#5372 = EDGE_LOOP('',(#5373));
#5373 = ORIENTED_EDGE('',*,*,#5286,.T.);
#5374 = ADVANCED_FACE('',(#5375),#5358,.F.);
#5375 = FACE_BOUND('',#5376,.T.);
#5376 = EDGE_LOOP('',(#5377));
#5377 = ORIENTED_EDGE('',*,*,#5343,.F.);
#5378 = ( GEOMETRIC_REPRESENTATION_CONTEXT(3) 
GLOBAL_UNCERTAINTY_ASSIGNED_CONTEXT((#5382)) 
GLOBAL_UNIT_ASSIGNED_CONTEXT((#5379,#5380,#5381)) REPRESENTATION_CONTEXT
('Context #1','3D Context with UNIT and UNCERTAINTY') );
#5379 = ( LENGTH_UNIT() NAMED_UNIT(*) SI_UNIT(.MILLI.,.METRE.) );
#5380 = ( NAMED_UNIT(*) PLANE_ANGLE_UNIT() SI_UNIT($,.RADIAN.) );
#5381 = ( NAMED_UNIT(*) SI_UNIT($,.STERADIAN.) SOLID_ANGLE_UNIT() );
#5382 = UNCERTAINTY_MEASURE_WITH_UNIT(LENGTH_MEASURE(1.E-07),#5379,
  'distance_accuracy_value','confusion accuracy');
#5383 = CONTEXT_DEPENDENT_SHAPE_REPRESENTATION(#5384,#5386);
#5384 = ( REPRESENTATION_RELATIONSHIP('','',#5279,#4624) 
REPRESENTATION_RELATIONSHIP_WITH_TRANSFORMATION(#5385) 
SHAPE_REPRESENTATION_RELATIONSHIP() );
#5385 = ITEM_DEFINED_TRANSFORMATION('','',#11,#4641);
#5386 = PRODUCT_DEFINITION_SHAPE('Placement','Placement of an item',
  #5387);
#5387 = NEXT_ASSEMBLY_USAGE_OCCURRENCE('161','=>[0:1:1:41]','',#4619,
  #5274,$);
#5388 = PRODUCT_RELATED_PRODUCT_CATEGORY('part',$,(#5276));
#5389 = SHAPE_DEFINITION_REPRESENTATION(#5390,#5396);
#5390 = PRODUCT_DEFINITION_SHAPE('','',#5391);
#5391 = PRODUCT_DEFINITION('design','',#5392,#5395);
#5392 = PRODUCT_DEFINITION_FORMATION('','',#5393);
#5393 = PRODUCT('SOLID','SOLID','',(#5394));
#5394 = PRODUCT_CONTEXT('',#2,'mechanical');
#5395 = PRODUCT_DEFINITION_CONTEXT('part definition',#2,'design');
#5396 = ADVANCED_BREP_SHAPE_REPRESENTATION('',(#11,#5397),#5495);
#5397 = MANIFOLD_SOLID_BREP('',#5398);
#5398 = CLOSED_SHELL('',(#5399,#5487,#5491));
#5399 = ADVANCED_FACE('',(#5400),#5413,.T.);
#5400 = FACE_BOUND('',#5401,.T.);
#5401 = EDGE_LOOP('',(#5402,#5436,#5459,#5486));
#5402 = ORIENTED_EDGE('',*,*,#5403,.F.);
#5403 = EDGE_CURVE('',#5404,#5404,#5406,.T.);
#5404 = VERTEX_POINT('',#5405);
#5405 = CARTESIAN_POINT('',(955.76781308843,-2.192942658E-15,
    413.03117019376));
#5406 = SURFACE_CURVE('',#5407,(#5412,#5424),.PCURVE_S1.);
#5407 = CIRCLE('',#5408,1.6);
#5408 = AXIS2_PLACEMENT_3D('',#5409,#5410,#5411);
#5409 = CARTESIAN_POINT('',(954.34705830325,0.,413.76700702376));
#5410 = DIRECTION('',(0.451822689695,0.186573296525,0.872379884053));
#5411 = DIRECTION('',(0.887971740738,0.,-0.45989801875));
#5412 = PCURVE('',#5413,#5418);
#5413 = CYLINDRICAL_SURFACE('',#5414,1.6);
#5414 = AXIS2_PLACEMENT_3D('',#5415,#5416,#5417);
#5415 = CARTESIAN_POINT('',(876.85297774861,-32.,264.1413274131));
#5416 = DIRECTION('',(0.451822689695,0.186573296525,0.872379884053));
#5417 = DIRECTION('',(0.887971740738,0.,-0.45989801875));
#5418 = DEFINITIONAL_REPRESENTATION('',(#5419),#5423);
#5419 = LINE('',#5420,#5421);
#5420 = CARTESIAN_POINT('',(0.,171.51436243055));
#5421 = VECTOR('',#5422,1.);
#5422 = DIRECTION('',(1.,0.));
#5423 = ( GEOMETRIC_REPRESENTATION_CONTEXT(2) 
PARAMETRIC_REPRESENTATION_CONTEXT() REPRESENTATION_CONTEXT('2D SPACE',''
  ) );
#5424 = PCURVE('',#5425,#5430);
#5425 = PLANE('',#5426);
#5426 = AXIS2_PLACEMENT_3D('',#5427,#5428,#5429);
#5427 = CARTESIAN_POINT('',(954.34705830325,0.,413.76700702376));
#5428 = DIRECTION('',(0.451822689695,0.186573296525,0.872379884053));
#5429 = DIRECTION('',(0.887971740738,0.,-0.45989801875));
#5430 = DEFINITIONAL_REPRESENTATION('',(#5431),#5435);
#5431 = CIRCLE('',#5432,1.6);
#5432 = AXIS2_PLACEMENT_2D('',#5433,#5434);
#5433 = CARTESIAN_POINT('',(0.,0.));
#5434 = DIRECTION('',(1.,0.));
#5435 = ( GEOMETRIC_REPRESENTATION_CONTEXT(2) 
PARAMETRIC_REPRESENTATION_CONTEXT() REPRESENTATION_CONTEXT('2D SPACE',''
  ) );
#5436 = ORIENTED_EDGE('',*,*,#5437,.F.);
#5437 = EDGE_CURVE('',#5438,#5404,#5440,.T.);
#5438 = VERTEX_POINT('',#5439);
#5439 = CARTESIAN_POINT('',(878.27373253379,-32.,263.4054905831));
#5440 = SEAM_CURVE('',#5441,(#5445,#5452),.PCURVE_S1.);
#5441 = LINE('',#5442,#5443);
#5442 = CARTESIAN_POINT('',(878.27373253379,-32.,263.4054905831));
#5443 = VECTOR('',#5444,1.);
#5444 = DIRECTION('',(0.451822689695,0.186573296525,0.872379884053));
#5445 = PCURVE('',#5413,#5446);
#5446 = DEFINITIONAL_REPRESENTATION('',(#5447),#5451);
#5447 = LINE('',#5448,#5449);
#5448 = CARTESIAN_POINT('',(6.28318530718,-0.));
#5449 = VECTOR('',#5450,1.);
#5450 = DIRECTION('',(0.,1.));
#5451 = ( GEOMETRIC_REPRESENTATION_CONTEXT(2) 
PARAMETRIC_REPRESENTATION_CONTEXT() REPRESENTATION_CONTEXT('2D SPACE',''
  ) );
#5452 = PCURVE('',#5413,#5453);
#5453 = DEFINITIONAL_REPRESENTATION('',(#5454),#5458);
#5454 = LINE('',#5455,#5456);
#5455 = CARTESIAN_POINT('',(0.,-0.));
#5456 = VECTOR('',#5457,1.);
#5457 = DIRECTION('',(0.,1.));
#5458 = ( GEOMETRIC_REPRESENTATION_CONTEXT(2) 
PARAMETRIC_REPRESENTATION_CONTEXT() REPRESENTATION_CONTEXT('2D SPACE',''
  ) );
#5459 = ORIENTED_EDGE('',*,*,#5460,.T.);
#5460 = EDGE_CURVE('',#5438,#5438,#5461,.T.);
#5461 = SURFACE_CURVE('',#5462,(#5467,#5474),.PCURVE_S1.);
#5462 = CIRCLE('',#5463,1.6);
#5463 = AXIS2_PLACEMENT_3D('',#5464,#5465,#5466);
#5464 = CARTESIAN_POINT('',(876.85297774861,-32.,264.1413274131));
#5465 = DIRECTION('',(0.451822689695,0.186573296525,0.872379884053));
#5466 = DIRECTION('',(0.887971740738,0.,-0.45989801875));
#5467 = PCURVE('',#5413,#5468);
#5468 = DEFINITIONAL_REPRESENTATION('',(#5469),#5473);
#5469 = LINE('',#5470,#5471);
#5470 = CARTESIAN_POINT('',(0.,0.));
#5471 = VECTOR('',#5472,1.);
#5472 = DIRECTION('',(1.,0.));
#5473 = ( GEOMETRIC_REPRESENTATION_CONTEXT(2) 
PARAMETRIC_REPRESENTATION_CONTEXT() REPRESENTATION_CONTEXT('2D SPACE',''
  ) );
#5474 = PCURVE('',#5475,#5480);
#5475 = PLANE('',#5476);
#5476 = AXIS2_PLACEMENT_3D('',#5477,#5478,#5479);
#5477 = CARTESIAN_POINT('',(876.85297774861,-32.,264.1413274131));
#5478 = DIRECTION('',(0.451822689695,0.186573296525,0.872379884053));
#5479 = DIRECTION('',(0.887971740738,0.,-0.45989801875));
#5480 = DEFINITIONAL_REPRESENTATION('',(#5481),#5485);
#5481 = CIRCLE('',#5482,1.6);
#5482 = AXIS2_PLACEMENT_2D('',#5483,#5484);
#5483 = CARTESIAN_POINT('',(0.,0.));
#5484 = DIRECTION('',(1.,0.));
#5485 = ( GEOMETRIC_REPRESENTATION_CONTEXT(2) 
PARAMETRIC_REPRESENTATION_CONTEXT() REPRESENTATION_CONTEXT('2D SPACE',''
  ) );
#5486 = ORIENTED_EDGE('',*,*,#5437,.T.);
#5487 = ADVANCED_FACE('',(#5488),#5425,.T.);
#5488 = FACE_BOUND('',#5489,.T.);
#5489 = EDGE_LOOP('',(#5490));
#5490 = ORIENTED_EDGE('',*,*,#5403,.T.);
#5491 = ADVANCED_FACE('',(#5492),#5475,.F.);
#5492 = FACE_BOUND('',#5493,.T.);
#5493 = EDGE_LOOP('',(#5494));
#5494 = ORIENTED_EDGE('',*,*,#5460,.F.);
#5495 = ( GEOMETRIC_REPRESENTATION_CONTEXT(3) 
GLOBAL_UNCERTAINTY_ASSIGNED_CONTEXT((#5499)) 
GLOBAL_UNIT_ASSIGNED_CONTEXT((#5496,#5497,#5498)) REPRESENTATION_CONTEXT
('Context #1','3D Context with UNIT and UNCERTAINTY') );
#5496 = ( LENGTH_UNIT() NAMED_UNIT(*) SI_UNIT(.MILLI.,.METRE.) );
#5497 = ( NAMED_UNIT(*) PLANE_ANGLE_UNIT() SI_UNIT($,.RADIAN.) );
#5498 = ( NAMED_UNIT(*) SI_UNIT($,.STERADIAN.) SOLID_ANGLE_UNIT() );
#5499 = UNCERTAINTY_MEASURE_WITH_UNIT(LENGTH_MEASURE(1.E-07),#5496,
  'distance_accuracy_value','confusion accuracy');
#5500 = CONTEXT_DEPENDENT_SHAPE_REPRESENTATION(#5501,#5503);
#5501 = ( REPRESENTATION_RELATIONSHIP('','',#5396,#4624) 
REPRESENTATION_RELATIONSHIP_WITH_TRANSFORMATION(#5502) 
SHAPE_REPRESENTATION_RELATIONSHIP() );
#5502 = ITEM_DEFINED_TRANSFORMATION('','',#11,#4645);
#5503 = PRODUCT_DEFINITION_SHAPE('Placement','Placement of an item',
  #5504);
#5504 = NEXT_ASSEMBLY_USAGE_OCCURRENCE('162','=>[0:1:1:42]','',#4619,
  #5391,$);
#5505 = PRODUCT_RELATED_PRODUCT_CATEGORY('part',$,(#5393));
#5506 = SHAPE_DEFINITION_REPRESENTATION(#5507,#5513);
#5507 = PRODUCT_DEFINITION_SHAPE('','',#5508);
#5508 = PRODUCT_DEFINITION('design','',#5509,#5512);
#5509 = PRODUCT_DEFINITION_FORMATION('','',#5510);
#5510 = PRODUCT('SOLID','SOLID','',(#5511));
#5511 = PRODUCT_CONTEXT('',#2,'mechanical');
#5512 = PRODUCT_DEFINITION_CONTEXT('part definition',#2,'design');
#5513 = ADVANCED_BREP_SHAPE_REPRESENTATION('',(#11,#5514),#5612);
#5514 = MANIFOLD_SOLID_BREP('',#5515);
#5515 = CLOSED_SHELL('',(#5516,#5604,#5608));
#5516 = ADVANCED_FACE('',(#5517),#5530,.T.);
#5517 = FACE_BOUND('',#5518,.T.);
#5518 = EDGE_LOOP('',(#5519,#5553,#5576,#5603));
#5519 = ORIENTED_EDGE('',*,*,#5520,.F.);
#5520 = EDGE_CURVE('',#5521,#5521,#5523,.T.);
#5521 = VERTEX_POINT('',#5522);
#5522 = CARTESIAN_POINT('',(892.64561926613,1.571446834289,
    436.46016575578));
#5523 = SURFACE_CURVE('',#5524,(#5529,#5541),.PCURVE_S1.);
#5524 = CIRCLE('',#5525,1.6);
#5525 = AXIS2_PLACEMENT_3D('',#5526,#5527,#5528);
#5526 = CARTESIAN_POINT('',(892.64561926613,3.552713678801E-15,
    436.15924243166));
#5527 = DIRECTION('',(0.126202954431,-0.186573296525,0.974301400654));
#5528 = DIRECTION('',(-6.938893903907E-18,0.982154271431,0.188077077579)
  );
#5529 = PCURVE('',#5530,#5535);
#5530 = CYLINDRICAL_SURFACE('',#5531,1.6);
#5531 = AXIS2_PLACEMENT_3D('',#5532,#5533,#5534);
#5532 = CARTESIAN_POINT('',(871.,32.,269.05255888325));
#5533 = DIRECTION('',(0.126202954431,-0.186573296525,0.974301400654));
#5534 = DIRECTION('',(-3.469446951954E-18,0.982154271431,0.188077077579)
  );
#5535 = DEFINITIONAL_REPRESENTATION('',(#5536),#5540);
#5536 = LINE('',#5537,#5538);
#5537 = CARTESIAN_POINT('',(0.,171.51436243055));
#5538 = VECTOR('',#5539,1.);
#5539 = DIRECTION('',(1.,0.));
#5540 = ( GEOMETRIC_REPRESENTATION_CONTEXT(2) 
PARAMETRIC_REPRESENTATION_CONTEXT() REPRESENTATION_CONTEXT('2D SPACE',''
  ) );
#5541 = PCURVE('',#5542,#5547);
#5542 = PLANE('',#5543);
#5543 = AXIS2_PLACEMENT_3D('',#5544,#5545,#5546);
#5544 = CARTESIAN_POINT('',(892.64561926613,3.552713678801E-15,
    436.15924243166));
#5545 = DIRECTION('',(0.126202954431,-0.186573296525,0.974301400654));
#5546 = DIRECTION('',(-3.469446951954E-18,0.982154271431,0.188077077579)
  );
#5547 = DEFINITIONAL_REPRESENTATION('',(#5548),#5552);
#5548 = CIRCLE('',#5549,1.6);
#5549 = AXIS2_PLACEMENT_2D('',#5550,#5551);
#5550 = CARTESIAN_POINT('',(0.,0.));
#5551 = DIRECTION('',(1.,0.));
#5552 = ( GEOMETRIC_REPRESENTATION_CONTEXT(2) 
PARAMETRIC_REPRESENTATION_CONTEXT() REPRESENTATION_CONTEXT('2D SPACE',''
  ) );
#5553 = ORIENTED_EDGE('',*,*,#5554,.F.);
#5554 = EDGE_CURVE('',#5555,#5521,#5557,.T.);
#5555 = VERTEX_POINT('',#5556);
#5556 = CARTESIAN_POINT('',(871.,33.571446834289,269.35348220738));
#5557 = SEAM_CURVE('',#5558,(#5562,#5569),.PCURVE_S1.);
#5558 = LINE('',#5559,#5560);
#5559 = CARTESIAN_POINT('',(871.,33.571446834289,269.35348220738));
#5560 = VECTOR('',#5561,1.);
#5561 = DIRECTION('',(0.126202954431,-0.186573296525,0.974301400654));
#5562 = PCURVE('',#5530,#5563);
#5563 = DEFINITIONAL_REPRESENTATION('',(#5564),#5568);
#5564 = LINE('',#5565,#5566);
#5565 = CARTESIAN_POINT('',(6.28318530718,-0.));
#5566 = VECTOR('',#5567,1.);
#5567 = DIRECTION('',(0.,1.));
#5568 = ( GEOMETRIC_REPRESENTATION_CONTEXT(2) 
PARAMETRIC_REPRESENTATION_CONTEXT() REPRESENTATION_CONTEXT('2D SPACE',''
  ) );
#5569 = PCURVE('',#5530,#5570);
#5570 = DEFINITIONAL_REPRESENTATION('',(#5571),#5575);
#5571 = LINE('',#5572,#5573);
#5572 = CARTESIAN_POINT('',(0.,-0.));
#5573 = VECTOR('',#5574,1.);
#5574 = DIRECTION('',(0.,1.));
#5575 = ( GEOMETRIC_REPRESENTATION_CONTEXT(2) 
PARAMETRIC_REPRESENTATION_CONTEXT() REPRESENTATION_CONTEXT('2D SPACE',''
  ) );
#5576 = ORIENTED_EDGE('',*,*,#5577,.T.);
#5577 = EDGE_CURVE('',#5555,#5555,#5578,.T.);
#5578 = SURFACE_CURVE('',#5579,(#5584,#5591),.PCURVE_S1.);
#5579 = CIRCLE('',#5580,1.6);
#5580 = AXIS2_PLACEMENT_3D('',#5581,#5582,#5583);
#5581 = CARTESIAN_POINT('',(871.,32.,269.05255888325));
#5582 = DIRECTION('',(0.126202954431,-0.186573296525,0.974301400654));
#5583 = DIRECTION('',(-6.938893903907E-18,0.982154271431,0.188077077579)
  );
#5584 = PCURVE('',#5530,#5585);
#5585 = DEFINITIONAL_REPRESENTATION('',(#5586),#5590);
#5586 = LINE('',#5587,#5588);
#5587 = CARTESIAN_POINT('',(0.,0.));
#5588 = VECTOR('',#5589,1.);
#5589 = DIRECTION('',(1.,0.));
#5590 = ( GEOMETRIC_REPRESENTATION_CONTEXT(2) 
PARAMETRIC_REPRESENTATION_CONTEXT() REPRESENTATION_CONTEXT('2D SPACE',''
  ) );
#5591 = PCURVE('',#5592,#5597);
#5592 = PLANE('',#5593);
#5593 = AXIS2_PLACEMENT_3D('',#5594,#5595,#5596);
#5594 = CARTESIAN_POINT('',(871.,32.,269.05255888325));
#5595 = DIRECTION('',(0.126202954431,-0.186573296525,0.974301400654));
#5596 = DIRECTION('',(-3.469446951954E-18,0.982154271431,0.188077077579)
  );
#5597 = DEFINITIONAL_REPRESENTATION('',(#5598),#5602);
#5598 = CIRCLE('',#5599,1.6);
#5599 = AXIS2_PLACEMENT_2D('',#5600,#5601);
#5600 = CARTESIAN_POINT('',(0.,0.));
#5601 = DIRECTION('',(1.,0.));
#5602 = ( GEOMETRIC_REPRESENTATION_CONTEXT(2) 
PARAMETRIC_REPRESENTATION_CONTEXT() REPRESENTATION_CONTEXT('2D SPACE',''
  ) );
#5603 = ORIENTED_EDGE('',*,*,#5554,.T.);
#5604 = ADVANCED_FACE('',(#5605),#5542,.T.);
#5605 = FACE_BOUND('',#5606,.T.);
#5606 = EDGE_LOOP('',(#5607));
#5607 = ORIENTED_EDGE('',*,*,#5520,.T.);
#5608 = ADVANCED_FACE('',(#5609),#5592,.F.);
#5609 = FACE_BOUND('',#5610,.T.);
#5610 = EDGE_LOOP('',(#5611));
#5611 = ORIENTED_EDGE('',*,*,#5577,.F.);
#5612 = ( GEOMETRIC_REPRESENTATION_CONTEXT(3) 
GLOBAL_UNCERTAINTY_ASSIGNED_CONTEXT((#5616)) 
GLOBAL_UNIT_ASSIGNED_CONTEXT((#5613,#5614,#5615)) REPRESENTATION_CONTEXT
('Context #1','3D Context with UNIT and UNCERTAINTY') );
#5613 = ( LENGTH_UNIT() NAMED_UNIT(*) SI_UNIT(.MILLI.,.METRE.) );
#5614 = ( NAMED_UNIT(*) PLANE_ANGLE_UNIT() SI_UNIT($,.RADIAN.) );
#5615 = ( NAMED_UNIT(*) SI_UNIT($,.STERADIAN.) SOLID_ANGLE_UNIT() );
#5616 = UNCERTAINTY_MEASURE_WITH_UNIT(LENGTH_MEASURE(1.E-07),#5613,
  'distance_accuracy_value','confusion accuracy');
#5617 = CONTEXT_DEPENDENT_SHAPE_REPRESENTATION(#5618,#5620);
#5618 = ( REPRESENTATION_RELATIONSHIP('','',#5513,#4624) 
REPRESENTATION_RELATIONSHIP_WITH_TRANSFORMATION(#5619) 
SHAPE_REPRESENTATION_RELATIONSHIP() );
#5619 = ITEM_DEFINED_TRANSFORMATION('','',#11,#4649);
#5620 = PRODUCT_DEFINITION_SHAPE('Placement','Placement of an item',
  #5621);
#5621 = NEXT_ASSEMBLY_USAGE_OCCURRENCE('163','=>[0:1:1:43]','',#4619,
  #5508,$);
#5622 = PRODUCT_RELATED_PRODUCT_CATEGORY('part',$,(#5510));
#5623 = SHAPE_DEFINITION_REPRESENTATION(#5624,#5630);
#5624 = PRODUCT_DEFINITION_SHAPE('','',#5625);
#5625 = PRODUCT_DEFINITION('design','',#5626,#5629);
#5626 = PRODUCT_DEFINITION_FORMATION('','',#5627);
#5627 = PRODUCT('SOLID','SOLID','',(#5628));
#5628 = PRODUCT_CONTEXT('',#2,'mechanical');
#5629 = PRODUCT_DEFINITION_CONTEXT('part definition',#2,'design');
#5630 = ADVANCED_BREP_SHAPE_REPRESENTATION('',(#11,#5631),#5729);
#5631 = MANIFOLD_SOLID_BREP('',#5632);
#5632 = CLOSED_SHELL('',(#5633,#5721,#5725));
#5633 = ADVANCED_FACE('',(#5634),#5647,.T.);
#5634 = FACE_BOUND('',#5635,.T.);
#5635 = EDGE_LOOP('',(#5636,#5670,#5693,#5720));
#5636 = ORIENTED_EDGE('',*,*,#5637,.F.);
#5637 = EDGE_CURVE('',#5638,#5638,#5640,.T.);
#5638 = VERTEX_POINT('',#5639);
#5639 = CARTESIAN_POINT('',(828.5679848528,2.751764599531E-15,
    436.44748564214));
#5640 = SURFACE_CURVE('',#5641,(#5646,#5658),.PCURVE_S1.);
#5641 = CIRCLE('',#5642,1.6);
#5642 = AXIS2_PLACEMENT_3D('',#5643,#5644,#5645);
#5643 = CARTESIAN_POINT('',(827.0066367475,0.,436.09792578448));
#5644 = DIRECTION('',(-0.214638719694,0.186573296525,0.958707789179));
#5645 = DIRECTION('',(0.975842565811,-6.938893903907E-18,0.218474911034)
  );
#5646 = PCURVE('',#5647,#5652);
#5647 = CYLINDRICAL_SURFACE('',#5648,1.6);
#5648 = AXIS2_PLACEMENT_3D('',#5649,#5650,#5651);
#5649 = CARTESIAN_POINT('',(863.82025990867,-32.,271.66577056626));
#5650 = DIRECTION('',(-0.214638719694,0.186573296525,0.958707789179));
#5651 = DIRECTION('',(0.975842565811,-6.938893903907E-18,0.218474911034)
  );
#5652 = DEFINITIONAL_REPRESENTATION('',(#5653),#5657);
#5653 = LINE('',#5654,#5655);
#5654 = CARTESIAN_POINT('',(0.,171.51436243055));
#5655 = VECTOR('',#5656,1.);
#5656 = DIRECTION('',(1.,0.));
#5657 = ( GEOMETRIC_REPRESENTATION_CONTEXT(2) 
PARAMETRIC_REPRESENTATION_CONTEXT() REPRESENTATION_CONTEXT('2D SPACE',''
  ) );
#5658 = PCURVE('',#5659,#5664);
#5659 = PLANE('',#5660);
#5660 = AXIS2_PLACEMENT_3D('',#5661,#5662,#5663);
#5661 = CARTESIAN_POINT('',(827.0066367475,0.,436.09792578448));
#5662 = DIRECTION('',(-0.214638719694,0.186573296525,0.958707789179));
#5663 = DIRECTION('',(0.975842565811,-6.938893903907E-18,0.218474911034)
  );
#5664 = DEFINITIONAL_REPRESENTATION('',(#5665),#5669);
#5665 = CIRCLE('',#5666,1.6);
#5666 = AXIS2_PLACEMENT_2D('',#5667,#5668);
#5667 = CARTESIAN_POINT('',(0.,0.));
#5668 = DIRECTION('',(1.,0.));
#5669 = ( GEOMETRIC_REPRESENTATION_CONTEXT(2) 
PARAMETRIC_REPRESENTATION_CONTEXT() REPRESENTATION_CONTEXT('2D SPACE',''
  ) );
#5670 = ORIENTED_EDGE('',*,*,#5671,.F.);
#5671 = EDGE_CURVE('',#5672,#5638,#5674,.T.);
#5672 = VERTEX_POINT('',#5673);
#5673 = CARTESIAN_POINT('',(865.38160801397,-32.,272.01533042392));
#5674 = SEAM_CURVE('',#5675,(#5679,#5686),.PCURVE_S1.);
#5675 = LINE('',#5676,#5677);
#5676 = CARTESIAN_POINT('',(865.38160801397,-32.,272.01533042392));
#5677 = VECTOR('',#5678,1.);
#5678 = DIRECTION('',(-0.214638719694,0.186573296525,0.958707789179));
#5679 = PCURVE('',#5647,#5680);
#5680 = DEFINITIONAL_REPRESENTATION('',(#5681),#5685);
#5681 = LINE('',#5682,#5683);
#5682 = CARTESIAN_POINT('',(6.28318530718,-0.));
#5683 = VECTOR('',#5684,1.);
#5684 = DIRECTION('',(0.,1.));
#5685 = ( GEOMETRIC_REPRESENTATION_CONTEXT(2) 
PARAMETRIC_REPRESENTATION_CONTEXT() REPRESENTATION_CONTEXT('2D SPACE',''
  ) );
#5686 = PCURVE('',#5647,#5687);
#5687 = DEFINITIONAL_REPRESENTATION('',(#5688),#5692);
#5688 = LINE('',#5689,#5690);
#5689 = CARTESIAN_POINT('',(0.,-0.));
#5690 = VECTOR('',#5691,1.);
#5691 = DIRECTION('',(0.,1.));
#5692 = ( GEOMETRIC_REPRESENTATION_CONTEXT(2) 
PARAMETRIC_REPRESENTATION_CONTEXT() REPRESENTATION_CONTEXT('2D SPACE',''
  ) );
#5693 = ORIENTED_EDGE('',*,*,#5694,.T.);
#5694 = EDGE_CURVE('',#5672,#5672,#5695,.T.);
#5695 = SURFACE_CURVE('',#5696,(#5701,#5708),.PCURVE_S1.);
#5696 = CIRCLE('',#5697,1.6);
#5697 = AXIS2_PLACEMENT_3D('',#5698,#5699,#5700);
#5698 = CARTESIAN_POINT('',(863.82025990867,-32.,271.66577056626));
#5699 = DIRECTION('',(-0.214638719694,0.186573296525,0.958707789179));
#5700 = DIRECTION('',(0.975842565811,-6.938893903907E-18,0.218474911034)
  );
#5701 = PCURVE('',#5647,#5702);
#5702 = DEFINITIONAL_REPRESENTATION('',(#5703),#5707);
#5703 = LINE('',#5704,#5705);
#5704 = CARTESIAN_POINT('',(0.,0.));
#5705 = VECTOR('',#5706,1.);
#5706 = DIRECTION('',(1.,0.));
#5707 = ( GEOMETRIC_REPRESENTATION_CONTEXT(2) 
PARAMETRIC_REPRESENTATION_CONTEXT() REPRESENTATION_CONTEXT('2D SPACE',''
  ) );
#5708 = PCURVE('',#5709,#5714);
#5709 = PLANE('',#5710);
#5710 = AXIS2_PLACEMENT_3D('',#5711,#5712,#5713);
#5711 = CARTESIAN_POINT('',(863.82025990867,-32.,271.66577056626));
#5712 = DIRECTION('',(-0.214638719694,0.186573296525,0.958707789179));
#5713 = DIRECTION('',(0.975842565811,-6.938893903907E-18,0.218474911034)
  );
#5714 = DEFINITIONAL_REPRESENTATION('',(#5715),#5719);
#5715 = CIRCLE('',#5716,1.6);
#5716 = AXIS2_PLACEMENT_2D('',#5717,#5718);
#5717 = CARTESIAN_POINT('',(0.,0.));
#5718 = DIRECTION('',(1.,0.));
#5719 = ( GEOMETRIC_REPRESENTATION_CONTEXT(2) 
PARAMETRIC_REPRESENTATION_CONTEXT() REPRESENTATION_CONTEXT('2D SPACE',''
  ) );
#5720 = ORIENTED_EDGE('',*,*,#5671,.T.);
#5721 = ADVANCED_FACE('',(#5722),#5659,.T.);
#5722 = FACE_BOUND('',#5723,.T.);
#5723 = EDGE_LOOP('',(#5724));
#5724 = ORIENTED_EDGE('',*,*,#5637,.T.);
#5725 = ADVANCED_FACE('',(#5726),#5709,.F.);
#5726 = FACE_BOUND('',#5727,.T.);
#5727 = EDGE_LOOP('',(#5728));
#5728 = ORIENTED_EDGE('',*,*,#5694,.F.);
#5729 = ( GEOMETRIC_REPRESENTATION_CONTEXT(3) 
GLOBAL_UNCERTAINTY_ASSIGNED_CONTEXT((#5733)) 
GLOBAL_UNIT_ASSIGNED_CONTEXT((#5730,#5731,#5732)) REPRESENTATION_CONTEXT
('Context #1','3D Context with UNIT and UNCERTAINTY') );
#5730 = ( LENGTH_UNIT() NAMED_UNIT(*) SI_UNIT(.MILLI.,.METRE.) );
#5731 = ( NAMED_UNIT(*) PLANE_ANGLE_UNIT() SI_UNIT($,.RADIAN.) );
#5732 = ( NAMED_UNIT(*) SI_UNIT($,.STERADIAN.) SOLID_ANGLE_UNIT() );
#5733 = UNCERTAINTY_MEASURE_WITH_UNIT(LENGTH_MEASURE(1.E-07),#5730,
  'distance_accuracy_value','confusion accuracy');
#5734 = CONTEXT_DEPENDENT_SHAPE_REPRESENTATION(#5735,#5737);
#5735 = ( REPRESENTATION_RELATIONSHIP('','',#5630,#4624) 
REPRESENTATION_RELATIONSHIP_WITH_TRANSFORMATION(#5736) 
SHAPE_REPRESENTATION_RELATIONSHIP() );
#5736 = ITEM_DEFINED_TRANSFORMATION('','',#11,#4653);
#5737 = PRODUCT_DEFINITION_SHAPE('Placement','Placement of an item',
  #5738);
#5738 = NEXT_ASSEMBLY_USAGE_OCCURRENCE('164','=>[0:1:1:44]','',#4619,
  #5625,$);
#5739 = PRODUCT_RELATED_PRODUCT_CATEGORY('part',$,(#5627));
#5740 = SHAPE_DEFINITION_REPRESENTATION(#5741,#5747);
#5741 = PRODUCT_DEFINITION_SHAPE('','',#5742);
#5742 = PRODUCT_DEFINITION('design','',#5743,#5746);
#5743 = PRODUCT_DEFINITION_FORMATION('','',#5744);
#5744 = PRODUCT('SOLID','SOLID','',(#5745));
#5745 = PRODUCT_CONTEXT('',#2,'mechanical');
#5746 = PRODUCT_DEFINITION_CONTEXT('part definition',#2,'design');
#5747 = ADVANCED_BREP_SHAPE_REPRESENTATION('',(#11,#5748),#5846);
#5748 = MANIFOLD_SOLID_BREP('',#5749);
#5749 = CLOSED_SHELL('',(#5750,#5838,#5842));
#5750 = ADVANCED_FACE('',(#5751),#5764,.T.);
#5751 = FACE_BOUND('',#5752,.T.);
#5752 = EDGE_LOOP('',(#5753,#5787,#5810,#5837));
#5753 = ORIENTED_EDGE('',*,*,#5754,.F.);
#5754 = EDGE_CURVE('',#5755,#5755,#5757,.T.);
#5755 = VERTEX_POINT('',#5756);
#5756 = CARTESIAN_POINT('',(766.6947715477,5.277758544496E-16,
    414.45294409634));
#5757 = SURFACE_CURVE('',#5758,(#5763,#5775),.PCURVE_S1.);
#5758 = CIRCLE('',#5759,1.6);
#5759 = AXIS2_PLACEMENT_3D('',#5760,#5761,#5762);
#5760 = CARTESIAN_POINT('',(765.34714076729,0.,413.59045277483));
#5761 = DIRECTION('',(-0.529591796493,-0.186573296525,0.827479869308));
#5762 = DIRECTION('',(0.842269237757,5.551115123126E-17,0.539057075947)
  );
#5763 = PCURVE('',#5764,#5769);
#5764 = CYLINDRICAL_SURFACE('',#5765,1.6);
#5765 = AXIS2_PLACEMENT_3D('',#5766,#5767,#5768);
#5766 = CARTESIAN_POINT('',(856.17974009132,32.,271.66577056626));
#5767 = DIRECTION('',(-0.529591796493,-0.186573296525,0.827479869308));
#5768 = DIRECTION('',(0.842269237757,4.163336342344E-17,0.539057075947)
  );
#5769 = DEFINITIONAL_REPRESENTATION('',(#5770),#5774);
#5770 = LINE('',#5771,#5772);
#5771 = CARTESIAN_POINT('',(0.,171.51436243055));
#5772 = VECTOR('',#5773,1.);
#5773 = DIRECTION('',(1.,0.));
#5774 = ( GEOMETRIC_REPRESENTATION_CONTEXT(2) 
PARAMETRIC_REPRESENTATION_CONTEXT() REPRESENTATION_CONTEXT('2D SPACE',''
  ) );
#5775 = PCURVE('',#5776,#5781);
#5776 = PLANE('',#5777);
#5777 = AXIS2_PLACEMENT_3D('',#5778,#5779,#5780);
#5778 = CARTESIAN_POINT('',(765.34714076729,0.,413.59045277483));
#5779 = DIRECTION('',(-0.529591796493,-0.186573296525,0.827479869308));
#5780 = DIRECTION('',(0.842269237757,4.163336342344E-17,0.539057075947)
  );
#5781 = DEFINITIONAL_REPRESENTATION('',(#5782),#5786);
#5782 = CIRCLE('',#5783,1.6);
#5783 = AXIS2_PLACEMENT_2D('',#5784,#5785);
#5784 = CARTESIAN_POINT('',(0.,0.));
#5785 = DIRECTION('',(1.,0.));
#5786 = ( GEOMETRIC_REPRESENTATION_CONTEXT(2) 
PARAMETRIC_REPRESENTATION_CONTEXT() REPRESENTATION_CONTEXT('2D SPACE',''
  ) );
#5787 = ORIENTED_EDGE('',*,*,#5788,.F.);
#5788 = EDGE_CURVE('',#5789,#5755,#5791,.T.);
#5789 = VERTEX_POINT('',#5790);
#5790 = CARTESIAN_POINT('',(857.52737087173,32.,272.52826188778));
#5791 = SEAM_CURVE('',#5792,(#5796,#5803),.PCURVE_S1.);
#5792 = LINE('',#5793,#5794);
#5793 = CARTESIAN_POINT('',(857.52737087173,32.,272.52826188778));
#5794 = VECTOR('',#5795,1.);
#5795 = DIRECTION('',(-0.529591796493,-0.186573296525,0.827479869308));
#5796 = PCURVE('',#5764,#5797);
#5797 = DEFINITIONAL_REPRESENTATION('',(#5798),#5802);
#5798 = LINE('',#5799,#5800);
#5799 = CARTESIAN_POINT('',(6.28318530718,-0.));
#5800 = VECTOR('',#5801,1.);
#5801 = DIRECTION('',(0.,1.));
#5802 = ( GEOMETRIC_REPRESENTATION_CONTEXT(2) 
PARAMETRIC_REPRESENTATION_CONTEXT() REPRESENTATION_CONTEXT('2D SPACE',''
  ) );
#5803 = PCURVE('',#5764,#5804);
#5804 = DEFINITIONAL_REPRESENTATION('',(#5805),#5809);
#5805 = LINE('',#5806,#5807);
#5806 = CARTESIAN_POINT('',(0.,-0.));
#5807 = VECTOR('',#5808,1.);
#5808 = DIRECTION('',(0.,1.));
#5809 = ( GEOMETRIC_REPRESENTATION_CONTEXT(2) 
PARAMETRIC_REPRESENTATION_CONTEXT() REPRESENTATION_CONTEXT('2D SPACE',''
  ) );
#5810 = ORIENTED_EDGE('',*,*,#5811,.T.);
#5811 = EDGE_CURVE('',#5789,#5789,#5812,.T.);
#5812 = SURFACE_CURVE('',#5813,(#5818,#5825),.PCURVE_S1.);
#5813 = CIRCLE('',#5814,1.6);
#5814 = AXIS2_PLACEMENT_3D('',#5815,#5816,#5817);
#5815 = CARTESIAN_POINT('',(856.17974009132,32.,271.66577056626));
#5816 = DIRECTION('',(-0.529591796493,-0.186573296525,0.827479869308));
#5817 = DIRECTION('',(0.842269237757,5.551115123126E-17,0.539057075947)
  );
#5818 = PCURVE('',#5764,#5819);
#5819 = DEFINITIONAL_REPRESENTATION('',(#5820),#5824);
#5820 = LINE('',#5821,#5822);
#5821 = CARTESIAN_POINT('',(0.,0.));
#5822 = VECTOR('',#5823,1.);
#5823 = DIRECTION('',(1.,0.));
#5824 = ( GEOMETRIC_REPRESENTATION_CONTEXT(2) 
PARAMETRIC_REPRESENTATION_CONTEXT() REPRESENTATION_CONTEXT('2D SPACE',''
  ) );
#5825 = PCURVE('',#5826,#5831);
#5826 = PLANE('',#5827);
#5827 = AXIS2_PLACEMENT_3D('',#5828,#5829,#5830);
#5828 = CARTESIAN_POINT('',(856.17974009132,32.,271.66577056626));
#5829 = DIRECTION('',(-0.529591796493,-0.186573296525,0.827479869308));
#5830 = DIRECTION('',(0.842269237757,4.163336342344E-17,0.539057075947)
  );
#5831 = DEFINITIONAL_REPRESENTATION('',(#5832),#5836);
#5832 = CIRCLE('',#5833,1.6);
#5833 = AXIS2_PLACEMENT_2D('',#5834,#5835);
#5834 = CARTESIAN_POINT('',(0.,0.));
#5835 = DIRECTION('',(1.,0.));
#5836 = ( GEOMETRIC_REPRESENTATION_CONTEXT(2) 
PARAMETRIC_REPRESENTATION_CONTEXT() REPRESENTATION_CONTEXT('2D SPACE',''
  ) );
#5837 = ORIENTED_EDGE('',*,*,#5788,.T.);
#5838 = ADVANCED_FACE('',(#5839),#5776,.T.);
#5839 = FACE_BOUND('',#5840,.T.);
#5840 = EDGE_LOOP('',(#5841));
#5841 = ORIENTED_EDGE('',*,*,#5754,.T.);
#5842 = ADVANCED_FACE('',(#5843),#5826,.F.);
#5843 = FACE_BOUND('',#5844,.T.);
#5844 = EDGE_LOOP('',(#5845));
#5845 = ORIENTED_EDGE('',*,*,#5811,.F.);
#5846 = ( GEOMETRIC_REPRESENTATION_CONTEXT(3) 
GLOBAL_UNCERTAINTY_ASSIGNED_CONTEXT((#5850)) 
GLOBAL_UNIT_ASSIGNED_CONTEXT((#5847,#5848,#5849)) REPRESENTATION_CONTEXT
('Context #1','3D Context with UNIT and UNCERTAINTY') );
#5847 = ( LENGTH_UNIT() NAMED_UNIT(*) SI_UNIT(.MILLI.,.METRE.) );
#5848 = ( NAMED_UNIT(*) PLANE_ANGLE_UNIT() SI_UNIT($,.RADIAN.) );
#5849 = ( NAMED_UNIT(*) SI_UNIT($,.STERADIAN.) SOLID_ANGLE_UNIT() );
#5850 = UNCERTAINTY_MEASURE_WITH_UNIT(LENGTH_MEASURE(1.E-07),#5847,
  'distance_accuracy_value','confusion accuracy');
#5851 = CONTEXT_DEPENDENT_SHAPE_REPRESENTATION(#5852,#5854);
#5852 = ( REPRESENTATION_RELATIONSHIP('','',#5747,#4624) 
REPRESENTATION_RELATIONSHIP_WITH_TRANSFORMATION(#5853) 
SHAPE_REPRESENTATION_RELATIONSHIP() );
#5853 = ITEM_DEFINED_TRANSFORMATION('','',#11,#4657);
#5854 = PRODUCT_DEFINITION_SHAPE('Placement','Placement of an item',
  #5855);
#5855 = NEXT_ASSEMBLY_USAGE_OCCURRENCE('165','=>[0:1:1:45]','',#4619,
  #5742,$);
#5856 = PRODUCT_RELATED_PRODUCT_CATEGORY('part',$,(#5744));
#5857 = SHAPE_DEFINITION_REPRESENTATION(#5858,#5864);
#5858 = PRODUCT_DEFINITION_SHAPE('','',#5859);
#5859 = PRODUCT_DEFINITION('design','',#5860,#5863);
#5860 = PRODUCT_DEFINITION_FORMATION('','',#5861);
#5861 = PRODUCT('SOLID','SOLID','',(#5862));
#5862 = PRODUCT_CONTEXT('',#2,'mechanical');
#5863 = PRODUCT_DEFINITION_CONTEXT('part definition',#2,'design');
#5864 = ADVANCED_BREP_SHAPE_REPRESENTATION('',(#11,#5865),#5963);
#5865 = MANIFOLD_SOLID_BREP('',#5866);
#5866 = CLOSED_SHELL('',(#5867,#5955,#5959));
#5867 = ADVANCED_FACE('',(#5868),#5881,.T.);
#5868 = FACE_BOUND('',#5869,.T.);
#5869 = EDGE_LOOP('',(#5870,#5904,#5927,#5954));
#5870 = ORIENTED_EDGE('',*,*,#5871,.F.);
#5871 = EDGE_CURVE('',#5872,#5872,#5874,.T.);
#5872 = VERTEX_POINT('',#5873);
#5873 = CARTESIAN_POINT('',(714.13280724349,-4.513396961701E-15,
    370.08016321959));
#5874 = SURFACE_CURVE('',#5875,(#5880,#5892),.PCURVE_S1.);
#5875 = CIRCLE('',#5876,1.6);
#5876 = AXIS2_PLACEMENT_3D('',#5877,#5878,#5879);
#5877 = CARTESIAN_POINT('',(715.10417653798,0.,371.35155682258));
#5878 = DIRECTION('',(-0.780668286694,0.186573296525,0.596445664897));
#5879 = DIRECTION('',(-0.607105809059,4.163336342344E-17,-0.794621001866
    ));
#5880 = PCURVE('',#5881,#5886);
#5881 = CYLINDRICAL_SURFACE('',#5882,1.6);
#5882 = AXIS2_PLACEMENT_3D('',#5883,#5884,#5885);
#5883 = CARTESIAN_POINT('',(849.,-32.,269.05255888325));
#5884 = DIRECTION('',(-0.780668286694,0.186573296525,0.596445664897));
#5885 = DIRECTION('',(-0.607105809059,2.775557561563E-17,-0.794621001866
    ));
#5886 = DEFINITIONAL_REPRESENTATION('',(#5887),#5891);
#5887 = LINE('',#5888,#5889);
#5888 = CARTESIAN_POINT('',(0.,171.51436243055));
#5889 = VECTOR('',#5890,1.);
#5890 = DIRECTION('',(1.,0.));
#5891 = ( GEOMETRIC_REPRESENTATION_CONTEXT(2) 
PARAMETRIC_REPRESENTATION_CONTEXT() REPRESENTATION_CONTEXT('2D SPACE',''
  ) );
#5892 = PCURVE('',#5893,#5898);
#5893 = PLANE('',#5894);
#5894 = AXIS2_PLACEMENT_3D('',#5895,#5896,#5897);
#5895 = CARTESIAN_POINT('',(715.10417653798,0.,371.35155682258));
#5896 = DIRECTION('',(-0.780668286694,0.186573296525,0.596445664897));
#5897 = DIRECTION('',(-0.607105809059,2.775557561563E-17,-0.794621001866
    ));
#5898 = DEFINITIONAL_REPRESENTATION('',(#5899),#5903);
#5899 = CIRCLE('',#5900,1.6);
#5900 = AXIS2_PLACEMENT_2D('',#5901,#5902);
#5901 = CARTESIAN_POINT('',(0.,0.));
#5902 = DIRECTION('',(1.,0.));
#5903 = ( GEOMETRIC_REPRESENTATION_CONTEXT(2) 
PARAMETRIC_REPRESENTATION_CONTEXT() REPRESENTATION_CONTEXT('2D SPACE',''
  ) );
#5904 = ORIENTED_EDGE('',*,*,#5905,.F.);
#5905 = EDGE_CURVE('',#5906,#5872,#5908,.T.);
#5906 = VERTEX_POINT('',#5907);
#5907 = CARTESIAN_POINT('',(848.0286307055,-32.,267.78116528027));
#5908 = SEAM_CURVE('',#5909,(#5913,#5920),.PCURVE_S1.);
#5909 = LINE('',#5910,#5911);
#5910 = CARTESIAN_POINT('',(848.0286307055,-32.,267.78116528027));
#5911 = VECTOR('',#5912,1.);
#5912 = DIRECTION('',(-0.780668286694,0.186573296525,0.596445664897));
#5913 = PCURVE('',#5881,#5914);
#5914 = DEFINITIONAL_REPRESENTATION('',(#5915),#5919);
#5915 = LINE('',#5916,#5917);
#5916 = CARTESIAN_POINT('',(6.28318530718,-0.));
#5917 = VECTOR('',#5918,1.);
#5918 = DIRECTION('',(0.,1.));
#5919 = ( GEOMETRIC_REPRESENTATION_CONTEXT(2) 
PARAMETRIC_REPRESENTATION_CONTEXT() REPRESENTATION_CONTEXT('2D SPACE',''
  ) );
#5920 = PCURVE('',#5881,#5921);
#5921 = DEFINITIONAL_REPRESENTATION('',(#5922),#5926);
#5922 = LINE('',#5923,#5924);
#5923 = CARTESIAN_POINT('',(0.,-0.));
#5924 = VECTOR('',#5925,1.);
#5925 = DIRECTION('',(0.,1.));
#5926 = ( GEOMETRIC_REPRESENTATION_CONTEXT(2) 
PARAMETRIC_REPRESENTATION_CONTEXT() REPRESENTATION_CONTEXT('2D SPACE',''
  ) );
#5927 = ORIENTED_EDGE('',*,*,#5928,.T.);
#5928 = EDGE_CURVE('',#5906,#5906,#5929,.T.);
#5929 = SURFACE_CURVE('',#5930,(#5935,#5942),.PCURVE_S1.);
#5930 = CIRCLE('',#5931,1.6);
#5931 = AXIS2_PLACEMENT_3D('',#5932,#5933,#5934);
#5932 = CARTESIAN_POINT('',(849.,-32.,269.05255888325));
#5933 = DIRECTION('',(-0.780668286694,0.186573296525,0.596445664897));
#5934 = DIRECTION('',(-0.607105809059,4.163336342344E-17,-0.794621001866
    ));
#5935 = PCURVE('',#5881,#5936);
#5936 = DEFINITIONAL_REPRESENTATION('',(#5937),#5941);
#5937 = LINE('',#5938,#5939);
#5938 = CARTESIAN_POINT('',(0.,0.));
#5939 = VECTOR('',#5940,1.);
#5940 = DIRECTION('',(1.,0.));
#5941 = ( GEOMETRIC_REPRESENTATION_CONTEXT(2) 
PARAMETRIC_REPRESENTATION_CONTEXT() REPRESENTATION_CONTEXT('2D SPACE',''
  ) );
#5942 = PCURVE('',#5943,#5948);
#5943 = PLANE('',#5944);
#5944 = AXIS2_PLACEMENT_3D('',#5945,#5946,#5947);
#5945 = CARTESIAN_POINT('',(849.,-32.,269.05255888325));
#5946 = DIRECTION('',(-0.780668286694,0.186573296525,0.596445664897));
#5947 = DIRECTION('',(-0.607105809059,2.775557561563E-17,-0.794621001866
    ));
#5948 = DEFINITIONAL_REPRESENTATION('',(#5949),#5953);
#5949 = CIRCLE('',#5950,1.6);
#5950 = AXIS2_PLACEMENT_2D('',#5951,#5952);
#5951 = CARTESIAN_POINT('',(0.,0.));
#5952 = DIRECTION('',(1.,0.));
#5953 = ( GEOMETRIC_REPRESENTATION_CONTEXT(2) 
PARAMETRIC_REPRESENTATION_CONTEXT() REPRESENTATION_CONTEXT('2D SPACE',''
  ) );
#5954 = ORIENTED_EDGE('',*,*,#5905,.T.);
#5955 = ADVANCED_FACE('',(#5956),#5893,.T.);
#5956 = FACE_BOUND('',#5957,.T.);
#5957 = EDGE_LOOP('',(#5958));
#5958 = ORIENTED_EDGE('',*,*,#5871,.T.);
#5959 = ADVANCED_FACE('',(#5960),#5943,.F.);
#5960 = FACE_BOUND('',#5961,.T.);
#5961 = EDGE_LOOP('',(#5962));
#5962 = ORIENTED_EDGE('',*,*,#5928,.F.);
#5963 = ( GEOMETRIC_REPRESENTATION_CONTEXT(3) 
GLOBAL_UNCERTAINTY_ASSIGNED_CONTEXT((#5967)) 
GLOBAL_UNIT_ASSIGNED_CONTEXT((#5964,#5965,#5966)) REPRESENTATION_CONTEXT
('Context #1','3D Context with UNIT and UNCERTAINTY') );
#5964 = ( LENGTH_UNIT() NAMED_UNIT(*) SI_UNIT(.MILLI.,.METRE.) );
#5965 = ( NAMED_UNIT(*) PLANE_ANGLE_UNIT() SI_UNIT($,.RADIAN.) );
#5966 = ( NAMED_UNIT(*) SI_UNIT($,.STERADIAN.) SOLID_ANGLE_UNIT() );
#5967 = UNCERTAINTY_MEASURE_WITH_UNIT(LENGTH_MEASURE(1.E-07),#5964,
  'distance_accuracy_value','confusion accuracy');
#5968 = CONTEXT_DEPENDENT_SHAPE_REPRESENTATION(#5969,#5971);
#5969 = ( REPRESENTATION_RELATIONSHIP('','',#5864,#4624) 
REPRESENTATION_RELATIONSHIP_WITH_TRANSFORMATION(#5970) 
SHAPE_REPRESENTATION_RELATIONSHIP() );
#5970 = ITEM_DEFINED_TRANSFORMATION('','',#11,#4661);
#5971 = PRODUCT_DEFINITION_SHAPE('Placement','Placement of an item',
  #5972);
#5972 = NEXT_ASSEMBLY_USAGE_OCCURRENCE('166','=>[0:1:1:46]','',#4619,
  #5859,$);
#5973 = PRODUCT_RELATED_PRODUCT_CATEGORY('part',$,(#5861));
#5974 = SHAPE_DEFINITION_REPRESENTATION(#5975,#5981);
#5975 = PRODUCT_DEFINITION_SHAPE('','',#5976);
#5976 = PRODUCT_DEFINITION('design','',#5977,#5980);
#5977 = PRODUCT_DEFINITION_FORMATION('','',#5978);
#5978 = PRODUCT('SOLID','SOLID','',(#5979));
#5979 = PRODUCT_CONTEXT('',#2,'mechanical');
#5980 = PRODUCT_DEFINITION_CONTEXT('part definition',#2,'design');
#5981 = ADVANCED_BREP_SHAPE_REPRESENTATION('',(#11,#5982),#6080);
#5982 = MANIFOLD_SOLID_BREP('',#5983);
#5983 = CLOSED_SHELL('',(#5984,#6072,#6076));
#5984 = ADVANCED_FACE('',(#5985),#5998,.T.);
#5985 = FACE_BOUND('',#5986,.T.);
#5986 = EDGE_LOOP('',(#5987,#6021,#6044,#6071));
#5987 = ORIENTED_EDGE('',*,*,#5988,.F.);
#5988 = EDGE_CURVE('',#5989,#5989,#5991,.T.);
#5989 = VERTEX_POINT('',#5990);
#5990 = CARTESIAN_POINT('',(681.85984071701,-7.476130387645E-17,
    312.94892510712));
#5991 = SURFACE_CURVE('',#5992,(#5997,#6009),.PCURVE_S1.);
#5992 = CIRCLE('',#5993,1.6);
#5993 = AXIS2_PLACEMENT_3D('',#5994,#5995,#5996);
#5994 = CARTESIAN_POINT('',(682.33778705279,0.,314.47587215929));
#5995 = DIRECTION('',(-0.937584660082,-0.186573296525,0.293471310699));
#5996 = DIRECTION('',(-0.298716459861,1.387778780781E-17,-0.954341907603
    ));
#5997 = PCURVE('',#5998,#6003);
#5998 = CYLINDRICAL_SURFACE('',#5999,1.6);
#5999 = AXIS2_PLACEMENT_3D('',#6000,#6001,#6002);
#6000 = CARTESIAN_POINT('',(843.14702225138,32.,264.1413274131));
#6001 = DIRECTION('',(-0.937584660082,-0.186573296525,0.293471310699));
#6002 = DIRECTION('',(-0.298716459861,6.938893903907E-18,-0.954341907603
    ));
#6003 = DEFINITIONAL_REPRESENTATION('',(#6004),#6008);
#6004 = LINE('',#6005,#6006);
#6005 = CARTESIAN_POINT('',(0.,171.51436243055));
#6006 = VECTOR('',#6007,1.);
#6007 = DIRECTION('',(1.,0.));
#6008 = ( GEOMETRIC_REPRESENTATION_CONTEXT(2) 
PARAMETRIC_REPRESENTATION_CONTEXT() REPRESENTATION_CONTEXT('2D SPACE',''
  ) );
#6009 = PCURVE('',#6010,#6015);
#6010 = PLANE('',#6011);
#6011 = AXIS2_PLACEMENT_3D('',#6012,#6013,#6014);
#6012 = CARTESIAN_POINT('',(682.33778705279,0.,314.47587215929));
#6013 = DIRECTION('',(-0.937584660082,-0.186573296525,0.293471310699));
#6014 = DIRECTION('',(-0.298716459861,6.938893903907E-18,-0.954341907603
    ));
#6015 = DEFINITIONAL_REPRESENTATION('',(#6016),#6020);
#6016 = CIRCLE('',#6017,1.6);
#6017 = AXIS2_PLACEMENT_2D('',#6018,#6019);
#6018 = CARTESIAN_POINT('',(0.,0.));
#6019 = DIRECTION('',(1.,0.));
#6020 = ( GEOMETRIC_REPRESENTATION_CONTEXT(2) 
PARAMETRIC_REPRESENTATION_CONTEXT() REPRESENTATION_CONTEXT('2D SPACE',''
  ) );
#6021 = ORIENTED_EDGE('',*,*,#6022,.F.);
#6022 = EDGE_CURVE('',#6023,#5989,#6025,.T.);
#6023 = VERTEX_POINT('',#6024);
#6024 = CARTESIAN_POINT('',(842.6690759156,32.,262.61438036093));
#6025 = SEAM_CURVE('',#6026,(#6030,#6037),.PCURVE_S1.);
#6026 = LINE('',#6027,#6028);
#6027 = CARTESIAN_POINT('',(842.6690759156,32.,262.61438036093));
#6028 = VECTOR('',#6029,1.);
#6029 = DIRECTION('',(-0.937584660082,-0.186573296525,0.293471310699));
#6030 = PCURVE('',#5998,#6031);
#6031 = DEFINITIONAL_REPRESENTATION('',(#6032),#6036);
#6032 = LINE('',#6033,#6034);
#6033 = CARTESIAN_POINT('',(6.28318530718,-0.));
#6034 = VECTOR('',#6035,1.);
#6035 = DIRECTION('',(0.,1.));
#6036 = ( GEOMETRIC_REPRESENTATION_CONTEXT(2) 
PARAMETRIC_REPRESENTATION_CONTEXT() REPRESENTATION_CONTEXT('2D SPACE',''
  ) );
#6037 = PCURVE('',#5998,#6038);
#6038 = DEFINITIONAL_REPRESENTATION('',(#6039),#6043);
#6039 = LINE('',#6040,#6041);
#6040 = CARTESIAN_POINT('',(0.,-0.));
#6041 = VECTOR('',#6042,1.);
#6042 = DIRECTION('',(0.,1.));
#6043 = ( GEOMETRIC_REPRESENTATION_CONTEXT(2) 
PARAMETRIC_REPRESENTATION_CONTEXT() REPRESENTATION_CONTEXT('2D SPACE',''
  ) );
#6044 = ORIENTED_EDGE('',*,*,#6045,.T.);
#6045 = EDGE_CURVE('',#6023,#6023,#6046,.T.);
#6046 = SURFACE_CURVE('',#6047,(#6052,#6059),.PCURVE_S1.);
#6047 = CIRCLE('',#6048,1.6);
#6048 = AXIS2_PLACEMENT_3D('',#6049,#6050,#6051);
#6049 = CARTESIAN_POINT('',(843.14702225138,32.,264.1413274131));
#6050 = DIRECTION('',(-0.937584660082,-0.186573296525,0.293471310699));
#6051 = DIRECTION('',(-0.298716459861,1.387778780781E-17,-0.954341907603
    ));
#6052 = PCURVE('',#5998,#6053);
#6053 = DEFINITIONAL_REPRESENTATION('',(#6054),#6058);
#6054 = LINE('',#6055,#6056);
#6055 = CARTESIAN_POINT('',(0.,0.));
#6056 = VECTOR('',#6057,1.);
#6057 = DIRECTION('',(1.,0.));
#6058 = ( GEOMETRIC_REPRESENTATION_CONTEXT(2) 
PARAMETRIC_REPRESENTATION_CONTEXT() REPRESENTATION_CONTEXT('2D SPACE',''
  ) );
#6059 = PCURVE('',#6060,#6065);
#6060 = PLANE('',#6061);
#6061 = AXIS2_PLACEMENT_3D('',#6062,#6063,#6064);
#6062 = CARTESIAN_POINT('',(843.14702225138,32.,264.1413274131));
#6063 = DIRECTION('',(-0.937584660082,-0.186573296525,0.293471310699));
#6064 = DIRECTION('',(-0.298716459861,6.938893903907E-18,-0.954341907603
    ));
#6065 = DEFINITIONAL_REPRESENTATION('',(#6066),#6070);
#6066 = CIRCLE('',#6067,1.6);
#6067 = AXIS2_PLACEMENT_2D('',#6068,#6069);
#6068 = CARTESIAN_POINT('',(0.,0.));
#6069 = DIRECTION('',(1.,0.));
#6070 = ( GEOMETRIC_REPRESENTATION_CONTEXT(2) 
PARAMETRIC_REPRESENTATION_CONTEXT() REPRESENTATION_CONTEXT('2D SPACE',''
  ) );
#6071 = ORIENTED_EDGE('',*,*,#6022,.T.);
#6072 = ADVANCED_FACE('',(#6073),#6010,.T.);
#6073 = FACE_BOUND('',#6074,.T.);
#6074 = EDGE_LOOP('',(#6075));
#6075 = ORIENTED_EDGE('',*,*,#5988,.T.);
#6076 = ADVANCED_FACE('',(#6077),#6060,.F.);
#6077 = FACE_BOUND('',#6078,.T.);
#6078 = EDGE_LOOP('',(#6079));
#6079 = ORIENTED_EDGE('',*,*,#6045,.F.);
#6080 = ( GEOMETRIC_REPRESENTATION_CONTEXT(3) 
GLOBAL_UNCERTAINTY_ASSIGNED_CONTEXT((#6084)) 
GLOBAL_UNIT_ASSIGNED_CONTEXT((#6081,#6082,#6083)) REPRESENTATION_CONTEXT
('Context #1','3D Context with UNIT and UNCERTAINTY') );
#6081 = ( LENGTH_UNIT() NAMED_UNIT(*) SI_UNIT(.MILLI.,.METRE.) );
#6082 = ( NAMED_UNIT(*) PLANE_ANGLE_UNIT() SI_UNIT($,.RADIAN.) );
#6083 = ( NAMED_UNIT(*) SI_UNIT($,.STERADIAN.) SOLID_ANGLE_UNIT() );
#6084 = UNCERTAINTY_MEASURE_WITH_UNIT(LENGTH_MEASURE(1.E-07),#6081,
  'distance_accuracy_value','confusion accuracy');
#6085 = CONTEXT_DEPENDENT_SHAPE_REPRESENTATION(#6086,#6088);
#6086 = ( REPRESENTATION_RELATIONSHIP('','',#5981,#4624) 
REPRESENTATION_RELATIONSHIP_WITH_TRANSFORMATION(#6087) 
SHAPE_REPRESENTATION_RELATIONSHIP() );
#6087 = ITEM_DEFINED_TRANSFORMATION('','',#11,#4665);
#6088 = PRODUCT_DEFINITION_SHAPE('Placement','Placement of an item',
  #6089);
#6089 = NEXT_ASSEMBLY_USAGE_OCCURRENCE('167','=>[0:1:1:47]','',#4619,
  #5976,$);
#6090 = PRODUCT_RELATED_PRODUCT_CATEGORY('part',$,(#5978));
#6091 = SHAPE_DEFINITION_REPRESENTATION(#6092,#6098);
#6092 = PRODUCT_DEFINITION_SHAPE('','',#6093);
#6093 = PRODUCT_DEFINITION('design','',#6094,#6097);
#6094 = PRODUCT_DEFINITION_FORMATION('','',#6095);
#6095 = PRODUCT('SOLID','SOLID','',(#6096));
#6096 = PRODUCT_CONTEXT('',#2,'mechanical');
#6097 = PRODUCT_DEFINITION_CONTEXT('part definition',#2,'design');
#6098 = ADVANCED_BREP_SHAPE_REPRESENTATION('',(#11,#6099),#6197);
#6099 = MANIFOLD_SOLID_BREP('',#6100);
#6100 = CLOSED_SHELL('',(#6101,#6189,#6193));
#6101 = ADVANCED_FACE('',(#6102),#6115,.T.);
#6102 = FACE_BOUND('',#6103,.T.);
#6103 = EDGE_LOOP('',(#6104,#6138,#6161,#6188));
#6104 = ORIENTED_EDGE('',*,*,#6105,.F.);
#6105 = EDGE_CURVE('',#6106,#6106,#6108,.T.);
#6106 = VERTEX_POINT('',#6107);
#6107 = CARTESIAN_POINT('',(670.70126382676,-1.571848409362,
    249.82344575106));
#6108 = SURFACE_CURVE('',#6109,(#6114,#6126),.PCURVE_S1.);
#6109 = CIRCLE('',#6110,1.6);
#6110 = AXIS2_PLACEMENT_3D('',#6111,#6112,#6113);
#6111 = CARTESIAN_POINT('',(671.00008246404,0.,249.82344575106));
#6112 = DIRECTION('',(-0.981414486188,0.186573296525,-4.490001474494E-02
    ));
#6113 = DIRECTION('',(-0.186761648301,-0.982405255851,5.20417042793E-18)
  );
#6114 = PCURVE('',#6115,#6120);
#6115 = CYLINDRICAL_SURFACE('',#6116,1.6);
#6116 = AXIS2_PLACEMENT_3D('',#6117,#6118,#6119);
#6117 = CARTESIAN_POINT('',(839.32676234271,-32.,257.52444315316));
#6118 = DIRECTION('',(-0.981414486188,0.186573296525,-4.490001474494E-02
    ));
#6119 = DIRECTION('',(-0.186761648301,-0.982405255851,3.469446951954E-18
    ));
#6120 = DEFINITIONAL_REPRESENTATION('',(#6121),#6125);
#6121 = LINE('',#6122,#6123);
#6122 = CARTESIAN_POINT('',(0.,171.51436243055));
#6123 = VECTOR('',#6124,1.);
#6124 = DIRECTION('',(1.,0.));
#6125 = ( GEOMETRIC_REPRESENTATION_CONTEXT(2) 
PARAMETRIC_REPRESENTATION_CONTEXT() REPRESENTATION_CONTEXT('2D SPACE',''
  ) );
#6126 = PCURVE('',#6127,#6132);
#6127 = PLANE('',#6128);
#6128 = AXIS2_PLACEMENT_3D('',#6129,#6130,#6131);
#6129 = CARTESIAN_POINT('',(671.00008246404,0.,249.82344575106));
#6130 = DIRECTION('',(-0.981414486188,0.186573296525,-4.490001474494E-02
    ));
#6131 = DIRECTION('',(-0.186761648301,-0.982405255851,3.469446951954E-18
    ));
#6132 = DEFINITIONAL_REPRESENTATION('',(#6133),#6137);
#6133 = CIRCLE('',#6134,1.6);
#6134 = AXIS2_PLACEMENT_2D('',#6135,#6136);
#6135 = CARTESIAN_POINT('',(0.,0.));
#6136 = DIRECTION('',(1.,0.));
#6137 = ( GEOMETRIC_REPRESENTATION_CONTEXT(2) 
PARAMETRIC_REPRESENTATION_CONTEXT() REPRESENTATION_CONTEXT('2D SPACE',''
  ) );
#6138 = ORIENTED_EDGE('',*,*,#6139,.F.);
#6139 = EDGE_CURVE('',#6140,#6106,#6142,.T.);
#6140 = VERTEX_POINT('',#6141);
#6141 = CARTESIAN_POINT('',(839.02794370542,-33.57184840936,
    257.52444315316));
#6142 = SEAM_CURVE('',#6143,(#6147,#6154),.PCURVE_S1.);
#6143 = LINE('',#6144,#6145);
#6144 = CARTESIAN_POINT('',(839.02794370542,-33.57184840936,
    257.52444315316));
#6145 = VECTOR('',#6146,1.);
#6146 = DIRECTION('',(-0.981414486188,0.186573296525,-4.490001474494E-02
    ));
#6147 = PCURVE('',#6115,#6148);
#6148 = DEFINITIONAL_REPRESENTATION('',(#6149),#6153);
#6149 = LINE('',#6150,#6151);
#6150 = CARTESIAN_POINT('',(6.28318530718,-0.));
#6151 = VECTOR('',#6152,1.);
#6152 = DIRECTION('',(0.,1.));
#6153 = ( GEOMETRIC_REPRESENTATION_CONTEXT(2) 
PARAMETRIC_REPRESENTATION_CONTEXT() REPRESENTATION_CONTEXT('2D SPACE',''
  ) );
#6154 = PCURVE('',#6115,#6155);
#6155 = DEFINITIONAL_REPRESENTATION('',(#6156),#6160);
#6156 = LINE('',#6157,#6158);
#6157 = CARTESIAN_POINT('',(0.,-0.));
#6158 = VECTOR('',#6159,1.);
#6159 = DIRECTION('',(0.,1.));
#6160 = ( GEOMETRIC_REPRESENTATION_CONTEXT(2) 
PARAMETRIC_REPRESENTATION_CONTEXT() REPRESENTATION_CONTEXT('2D SPACE',''
  ) );
#6161 = ORIENTED_EDGE('',*,*,#6162,.T.);
#6162 = EDGE_CURVE('',#6140,#6140,#6163,.T.);
#6163 = SURFACE_CURVE('',#6164,(#6169,#6176),.PCURVE_S1.);
#6164 = CIRCLE('',#6165,1.6);
#6165 = AXIS2_PLACEMENT_3D('',#6166,#6167,#6168);
#6166 = CARTESIAN_POINT('',(839.32676234271,-32.,257.52444315316));
#6167 = DIRECTION('',(-0.981414486188,0.186573296525,-4.490001474494E-02
    ));
#6168 = DIRECTION('',(-0.186761648301,-0.982405255851,5.20417042793E-18)
  );
#6169 = PCURVE('',#6115,#6170);
#6170 = DEFINITIONAL_REPRESENTATION('',(#6171),#6175);
#6171 = LINE('',#6172,#6173);
#6172 = CARTESIAN_POINT('',(0.,0.));
#6173 = VECTOR('',#6174,1.);
#6174 = DIRECTION('',(1.,0.));
#6175 = ( GEOMETRIC_REPRESENTATION_CONTEXT(2) 
PARAMETRIC_REPRESENTATION_CONTEXT() REPRESENTATION_CONTEXT('2D SPACE',''
  ) );
#6176 = PCURVE('',#6177,#6182);
#6177 = PLANE('',#6178);
#6178 = AXIS2_PLACEMENT_3D('',#6179,#6180,#6181);
#6179 = CARTESIAN_POINT('',(839.32676234271,-32.,257.52444315316));
#6180 = DIRECTION('',(-0.981414486188,0.186573296525,-4.490001474494E-02
    ));
#6181 = DIRECTION('',(-0.186761648301,-0.982405255851,3.469446951954E-18
    ));
#6182 = DEFINITIONAL_REPRESENTATION('',(#6183),#6187);
#6183 = CIRCLE('',#6184,1.6);
#6184 = AXIS2_PLACEMENT_2D('',#6185,#6186);
#6185 = CARTESIAN_POINT('',(0.,0.));
#6186 = DIRECTION('',(1.,0.));
#6187 = ( GEOMETRIC_REPRESENTATION_CONTEXT(2) 
PARAMETRIC_REPRESENTATION_CONTEXT() REPRESENTATION_CONTEXT('2D SPACE',''
  ) );
#6188 = ORIENTED_EDGE('',*,*,#6139,.T.);
#6189 = ADVANCED_FACE('',(#6190),#6127,.T.);
#6190 = FACE_BOUND('',#6191,.T.);
#6191 = EDGE_LOOP('',(#6192));
#6192 = ORIENTED_EDGE('',*,*,#6105,.T.);
#6193 = ADVANCED_FACE('',(#6194),#6177,.F.);
#6194 = FACE_BOUND('',#6195,.T.);
#6195 = EDGE_LOOP('',(#6196));
#6196 = ORIENTED_EDGE('',*,*,#6162,.F.);
#6197 = ( GEOMETRIC_REPRESENTATION_CONTEXT(3) 
GLOBAL_UNCERTAINTY_ASSIGNED_CONTEXT((#6201)) 
GLOBAL_UNIT_ASSIGNED_CONTEXT((#6198,#6199,#6200)) REPRESENTATION_CONTEXT
('Context #1','3D Context with UNIT and UNCERTAINTY') );
#6198 = ( LENGTH_UNIT() NAMED_UNIT(*) SI_UNIT(.MILLI.,.METRE.) );
#6199 = ( NAMED_UNIT(*) PLANE_ANGLE_UNIT() SI_UNIT($,.RADIAN.) );
#6200 = ( NAMED_UNIT(*) SI_UNIT($,.STERADIAN.) SOLID_ANGLE_UNIT() );
#6201 = UNCERTAINTY_MEASURE_WITH_UNIT(LENGTH_MEASURE(1.E-07),#6198,
  'distance_accuracy_value','confusion accuracy');
#6202 = CONTEXT_DEPENDENT_SHAPE_REPRESENTATION(#6203,#6205);
#6203 = ( REPRESENTATION_RELATIONSHIP('','',#6098,#4624) 
REPRESENTATION_RELATIONSHIP_WITH_TRANSFORMATION(#6204) 
SHAPE_REPRESENTATION_RELATIONSHIP() );
#6204 = ITEM_DEFINED_TRANSFORMATION('','',#11,#4669);
#6205 = PRODUCT_DEFINITION_SHAPE('Placement','Placement of an item',
  #6206);
#6206 = NEXT_ASSEMBLY_USAGE_OCCURRENCE('168','=>[0:1:1:48]','',#4619,
  #6093,$);
#6207 = PRODUCT_RELATED_PRODUCT_CATEGORY('part',$,(#6095));
#6208 = SHAPE_DEFINITION_REPRESENTATION(#6209,#6215);
#6209 = PRODUCT_DEFINITION_SHAPE('','',#6210);
#6210 = PRODUCT_DEFINITION('design','',#6211,#6214);
#6211 = PRODUCT_DEFINITION_FORMATION('','',#6212);
#6212 = PRODUCT('SOLID','SOLID','',(#6213));
#6213 = PRODUCT_CONTEXT('',#2,'mechanical');
#6214 = PRODUCT_DEFINITION_CONTEXT('part definition',#2,'design');
#6215 = ADVANCED_BREP_SHAPE_REPRESENTATION('',(#11,#6216),#6314);
#6216 = MANIFOLD_SOLID_BREP('',#6217);
#6217 = CLOSED_SHELL('',(#6218,#6306,#6310));
#6218 = ADVANCED_FACE('',(#6219),#6232,.T.);
#6219 = FACE_BOUND('',#6220,.T.);
#6220 = EDGE_LOOP('',(#6221,#6255,#6278,#6305));
#6221 = ORIENTED_EDGE('',*,*,#6222,.F.);
#6222 = EDGE_CURVE('',#6223,#6223,#6225,.T.);
#6223 = VERTEX_POINT('',#6224);
#6224 = CARTESIAN_POINT('',(683.07393178299,-6.011358329734E-15,
    183.71538710393));
#6225 = SURFACE_CURVE('',#6226,(#6231,#6243),.PCURVE_S1.);
#6226 = CIRCLE('',#6227,1.6);
#6227 = AXIS2_PLACEMENT_3D('',#6228,#6229,#6230);
#6228 = CARTESIAN_POINT('',(682.45855727184,-7.105427357601E-15,
    185.19231439092));
#6229 = DIRECTION('',(-0.906871241125,-0.186573296525,-0.377855735757));
#6230 = DIRECTION('',(0.384609069468,0.,-0.923079554363));
#6231 = PCURVE('',#6232,#6237);
#6232 = CYLINDRICAL_SURFACE('',#6233,1.6);
#6233 = AXIS2_PLACEMENT_3D('',#6234,#6235,#6236);
#6234 = CARTESIAN_POINT('',(838.,32.,250.));
#6235 = DIRECTION('',(-0.906871241125,-0.186573296525,-0.377855735757));
#6236 = DIRECTION('',(0.384609069468,0.,-0.923079554363));
#6237 = DEFINITIONAL_REPRESENTATION('',(#6238),#6242);
#6238 = LINE('',#6239,#6240);
#6239 = CARTESIAN_POINT('',(0.,171.51436243055));
#6240 = VECTOR('',#6241,1.);
#6241 = DIRECTION('',(1.,0.));
#6242 = ( GEOMETRIC_REPRESENTATION_CONTEXT(2) 
PARAMETRIC_REPRESENTATION_CONTEXT() REPRESENTATION_CONTEXT('2D SPACE',''
  ) );
#6243 = PCURVE('',#6244,#6249);
#6244 = PLANE('',#6245);
#6245 = AXIS2_PLACEMENT_3D('',#6246,#6247,#6248);
#6246 = CARTESIAN_POINT('',(682.45855727184,-7.105427357601E-15,
    185.19231439092));
#6247 = DIRECTION('',(-0.906871241125,-0.186573296525,-0.377855735757));
#6248 = DIRECTION('',(0.384609069468,0.,-0.923079554363));
#6249 = DEFINITIONAL_REPRESENTATION('',(#6250),#6254);
#6250 = CIRCLE('',#6251,1.6);
#6251 = AXIS2_PLACEMENT_2D('',#6252,#6253);
#6252 = CARTESIAN_POINT('',(0.,0.));
#6253 = DIRECTION('',(1.,0.));
#6254 = ( GEOMETRIC_REPRESENTATION_CONTEXT(2) 
PARAMETRIC_REPRESENTATION_CONTEXT() REPRESENTATION_CONTEXT('2D SPACE',''
  ) );
#6255 = ORIENTED_EDGE('',*,*,#6256,.F.);
#6256 = EDGE_CURVE('',#6257,#6223,#6259,.T.);
#6257 = VERTEX_POINT('',#6258);
#6258 = CARTESIAN_POINT('',(838.61537451114,32.,248.52307271301));
#6259 = SEAM_CURVE('',#6260,(#6264,#6271),.PCURVE_S1.);
#6260 = LINE('',#6261,#6262);
#6261 = CARTESIAN_POINT('',(838.61537451114,32.,248.52307271301));
#6262 = VECTOR('',#6263,1.);
#6263 = DIRECTION('',(-0.906871241125,-0.186573296525,-0.377855735757));
#6264 = PCURVE('',#6232,#6265);
#6265 = DEFINITIONAL_REPRESENTATION('',(#6266),#6270);
#6266 = LINE('',#6267,#6268);
#6267 = CARTESIAN_POINT('',(6.28318530718,-0.));
#6268 = VECTOR('',#6269,1.);
#6269 = DIRECTION('',(0.,1.));
#6270 = ( GEOMETRIC_REPRESENTATION_CONTEXT(2) 
PARAMETRIC_REPRESENTATION_CONTEXT() REPRESENTATION_CONTEXT('2D SPACE',''
  ) );
#6271 = PCURVE('',#6232,#6272);
#6272 = DEFINITIONAL_REPRESENTATION('',(#6273),#6277);
#6273 = LINE('',#6274,#6275);
#6274 = CARTESIAN_POINT('',(0.,-0.));
#6275 = VECTOR('',#6276,1.);
#6276 = DIRECTION('',(0.,1.));
#6277 = ( GEOMETRIC_REPRESENTATION_CONTEXT(2) 
PARAMETRIC_REPRESENTATION_CONTEXT() REPRESENTATION_CONTEXT('2D SPACE',''
  ) );
#6278 = ORIENTED_EDGE('',*,*,#6279,.T.);
#6279 = EDGE_CURVE('',#6257,#6257,#6280,.T.);
#6280 = SURFACE_CURVE('',#6281,(#6286,#6293),.PCURVE_S1.);
#6281 = CIRCLE('',#6282,1.6);
#6282 = AXIS2_PLACEMENT_3D('',#6283,#6284,#6285);
#6283 = CARTESIAN_POINT('',(838.,32.,250.));
#6284 = DIRECTION('',(-0.906871241125,-0.186573296525,-0.377855735757));
#6285 = DIRECTION('',(0.384609069468,0.,-0.923079554363));
#6286 = PCURVE('',#6232,#6287);
#6287 = DEFINITIONAL_REPRESENTATION('',(#6288),#6292);
#6288 = LINE('',#6289,#6290);
#6289 = CARTESIAN_POINT('',(0.,0.));
#6290 = VECTOR('',#6291,1.);
#6291 = DIRECTION('',(1.,0.));
#6292 = ( GEOMETRIC_REPRESENTATION_CONTEXT(2) 
PARAMETRIC_REPRESENTATION_CONTEXT() REPRESENTATION_CONTEXT('2D SPACE',''
  ) );
#6293 = PCURVE('',#6294,#6299);
#6294 = PLANE('',#6295);
#6295 = AXIS2_PLACEMENT_3D('',#6296,#6297,#6298);
#6296 = CARTESIAN_POINT('',(838.,32.,250.));
#6297 = DIRECTION('',(-0.906871241125,-0.186573296525,-0.377855735757));
#6298 = DIRECTION('',(0.384609069468,0.,-0.923079554363));
#6299 = DEFINITIONAL_REPRESENTATION('',(#6300),#6304);
#6300 = CIRCLE('',#6301,1.6);
#6301 = AXIS2_PLACEMENT_2D('',#6302,#6303);
#6302 = CARTESIAN_POINT('',(0.,0.));
#6303 = DIRECTION('',(1.,0.));
#6304 = ( GEOMETRIC_REPRESENTATION_CONTEXT(2) 
PARAMETRIC_REPRESENTATION_CONTEXT() REPRESENTATION_CONTEXT('2D SPACE',''
  ) );
#6305 = ORIENTED_EDGE('',*,*,#6256,.T.);
#6306 = ADVANCED_FACE('',(#6307),#6244,.T.);
#6307 = FACE_BOUND('',#6308,.T.);
#6308 = EDGE_LOOP('',(#6309));
#6309 = ORIENTED_EDGE('',*,*,#6222,.T.);
#6310 = ADVANCED_FACE('',(#6311),#6294,.F.);
#6311 = FACE_BOUND('',#6312,.T.);
#6312 = EDGE_LOOP('',(#6313));
#6313 = ORIENTED_EDGE('',*,*,#6279,.F.);
#6314 = ( GEOMETRIC_REPRESENTATION_CONTEXT(3) 
GLOBAL_UNCERTAINTY_ASSIGNED_CONTEXT((#6318)) 
GLOBAL_UNIT_ASSIGNED_CONTEXT((#6315,#6316,#6317)) REPRESENTATION_CONTEXT
('Context #1','3D Context with UNIT and UNCERTAINTY') );
#6315 = ( LENGTH_UNIT() NAMED_UNIT(*) SI_UNIT(.MILLI.,.METRE.) );
#6316 = ( NAMED_UNIT(*) PLANE_ANGLE_UNIT() SI_UNIT($,.RADIAN.) );
#6317 = ( NAMED_UNIT(*) SI_UNIT($,.STERADIAN.) SOLID_ANGLE_UNIT() );
#6318 = UNCERTAINTY_MEASURE_WITH_UNIT(LENGTH_MEASURE(1.E-07),#6315,
  'distance_accuracy_value','confusion accuracy');
#6319 = CONTEXT_DEPENDENT_SHAPE_REPRESENTATION(#6320,#6322);
#6320 = ( REPRESENTATION_RELATIONSHIP('','',#6215,#4624) 
REPRESENTATION_RELATIONSHIP_WITH_TRANSFORMATION(#6321) 
SHAPE_REPRESENTATION_RELATIONSHIP() );
#6321 = ITEM_DEFINED_TRANSFORMATION('','',#11,#4673);
#6322 = PRODUCT_DEFINITION_SHAPE('Placement','Placement of an item',
  #6323);
#6323 = NEXT_ASSEMBLY_USAGE_OCCURRENCE('169','=>[0:1:1:49]','',#4619,
  #6210,$);
#6324 = PRODUCT_RELATED_PRODUCT_CATEGORY('part',$,(#6212));
#6325 = SHAPE_DEFINITION_REPRESENTATION(#6326,#6332);
#6326 = PRODUCT_DEFINITION_SHAPE('','',#6327);
#6327 = PRODUCT_DEFINITION('design','',#6328,#6331);
#6328 = PRODUCT_DEFINITION_FORMATION('','',#6329);
#6329 = PRODUCT('SOLID','SOLID','',(#6330));
#6330 = PRODUCT_CONTEXT('',#2,'mechanical');
#6331 = PRODUCT_DEFINITION_CONTEXT('part definition',#2,'design');
#6332 = ADVANCED_BREP_SHAPE_REPRESENTATION('',(#11,#6333),#6431);
#6333 = MANIFOLD_SOLID_BREP('',#6334);
#6334 = CLOSED_SHELL('',(#6335,#6423,#6427));
#6335 = ADVANCED_FACE('',(#6336),#6349,.T.);
#6336 = FACE_BOUND('',#6337,.T.);
#6337 = EDGE_LOOP('',(#6338,#6372,#6395,#6422));
#6338 = ORIENTED_EDGE('',*,*,#6339,.F.);
#6339 = EDGE_CURVE('',#6340,#6340,#6342,.T.);
#6340 = VERTEX_POINT('',#6341);
#6341 = CARTESIAN_POINT('',(716.41455207481,1.857840408342E-15,
    127.20055918029));
#6342 = SURFACE_CURVE('',#6343,(#6348,#6360),.PCURVE_S1.);
#6343 = CIRCLE('',#6344,1.6);
#6344 = AXIS2_PLACEMENT_3D('',#6345,#6346,#6347);
#6345 = CARTESIAN_POINT('',(715.33115030529,0.,128.3779463748));
#6346 = DIRECTION('',(-0.722945940388,0.186573296525,-0.66523647848));
#6347 = DIRECTION('',(0.67712610595,1.387778780781E-17,-0.73586699657));
#6348 = PCURVE('',#6349,#6354);
#6349 = CYLINDRICAL_SURFACE('',#6350,1.6);
#6350 = AXIS2_PLACEMENT_3D('',#6351,#6352,#6353);
#6351 = CARTESIAN_POINT('',(839.32676234271,-32.,242.47555684683));
#6352 = DIRECTION('',(-0.722945940388,0.186573296525,-0.66523647848));
#6353 = DIRECTION('',(0.67712610595,1.387778780781E-17,-0.73586699657));
#6354 = DEFINITIONAL_REPRESENTATION('',(#6355),#6359);
#6355 = LINE('',#6356,#6357);
#6356 = CARTESIAN_POINT('',(0.,171.51436243055));
#6357 = VECTOR('',#6358,1.);
#6358 = DIRECTION('',(1.,0.));
#6359 = ( GEOMETRIC_REPRESENTATION_CONTEXT(2) 
PARAMETRIC_REPRESENTATION_CONTEXT() REPRESENTATION_CONTEXT('2D SPACE',''
  ) );
#6360 = PCURVE('',#6361,#6366);
#6361 = PLANE('',#6362);
#6362 = AXIS2_PLACEMENT_3D('',#6363,#6364,#6365);
#6363 = CARTESIAN_POINT('',(715.33115030529,0.,128.3779463748));
#6364 = DIRECTION('',(-0.722945940388,0.186573296525,-0.66523647848));
#6365 = DIRECTION('',(0.67712610595,1.387778780781E-17,-0.73586699657));
#6366 = DEFINITIONAL_REPRESENTATION('',(#6367),#6371);
#6367 = CIRCLE('',#6368,1.6);
#6368 = AXIS2_PLACEMENT_2D('',#6369,#6370);
#6369 = CARTESIAN_POINT('',(0.,0.));
#6370 = DIRECTION('',(1.,0.));
#6371 = ( GEOMETRIC_REPRESENTATION_CONTEXT(2) 
PARAMETRIC_REPRESENTATION_CONTEXT() REPRESENTATION_CONTEXT('2D SPACE',''
  ) );
#6372 = ORIENTED_EDGE('',*,*,#6373,.F.);
#6373 = EDGE_CURVE('',#6374,#6340,#6376,.T.);
#6374 = VERTEX_POINT('',#6375);
#6375 = CARTESIAN_POINT('',(840.41016411223,-32.,241.29816965232));
#6376 = SEAM_CURVE('',#6377,(#6381,#6388),.PCURVE_S1.);
#6377 = LINE('',#6378,#6379);
#6378 = CARTESIAN_POINT('',(840.41016411223,-32.,241.29816965232));
#6379 = VECTOR('',#6380,1.);
#6380 = DIRECTION('',(-0.722945940388,0.186573296525,-0.66523647848));
#6381 = PCURVE('',#6349,#6382);
#6382 = DEFINITIONAL_REPRESENTATION('',(#6383),#6387);
#6383 = LINE('',#6384,#6385);
#6384 = CARTESIAN_POINT('',(6.28318530718,-0.));
#6385 = VECTOR('',#6386,1.);
#6386 = DIRECTION('',(0.,1.));
#6387 = ( GEOMETRIC_REPRESENTATION_CONTEXT(2) 
PARAMETRIC_REPRESENTATION_CONTEXT() REPRESENTATION_CONTEXT('2D SPACE',''
  ) );
#6388 = PCURVE('',#6349,#6389);
#6389 = DEFINITIONAL_REPRESENTATION('',(#6390),#6394);
#6390 = LINE('',#6391,#6392);
#6391 = CARTESIAN_POINT('',(0.,-0.));
#6392 = VECTOR('',#6393,1.);
#6393 = DIRECTION('',(0.,1.));
#6394 = ( GEOMETRIC_REPRESENTATION_CONTEXT(2) 
PARAMETRIC_REPRESENTATION_CONTEXT() REPRESENTATION_CONTEXT('2D SPACE',''
  ) );
#6395 = ORIENTED_EDGE('',*,*,#6396,.T.);
#6396 = EDGE_CURVE('',#6374,#6374,#6397,.T.);
#6397 = SURFACE_CURVE('',#6398,(#6403,#6410),.PCURVE_S1.);
#6398 = CIRCLE('',#6399,1.6);
#6399 = AXIS2_PLACEMENT_3D('',#6400,#6401,#6402);
#6400 = CARTESIAN_POINT('',(839.32676234271,-32.,242.47555684683));
#6401 = DIRECTION('',(-0.722945940388,0.186573296525,-0.66523647848));
#6402 = DIRECTION('',(0.67712610595,1.387778780781E-17,-0.73586699657));
#6403 = PCURVE('',#6349,#6404);
#6404 = DEFINITIONAL_REPRESENTATION('',(#6405),#6409);
#6405 = LINE('',#6406,#6407);
#6406 = CARTESIAN_POINT('',(0.,0.));
#6407 = VECTOR('',#6408,1.);
#6408 = DIRECTION('',(1.,0.));
#6409 = ( GEOMETRIC_REPRESENTATION_CONTEXT(2) 
PARAMETRIC_REPRESENTATION_CONTEXT() REPRESENTATION_CONTEXT('2D SPACE',''
  ) );
#6410 = PCURVE('',#6411,#6416);
#6411 = PLANE('',#6412);
#6412 = AXIS2_PLACEMENT_3D('',#6413,#6414,#6415);
#6413 = CARTESIAN_POINT('',(839.32676234271,-32.,242.47555684683));
#6414 = DIRECTION('',(-0.722945940388,0.186573296525,-0.66523647848));
#6415 = DIRECTION('',(0.67712610595,1.387778780781E-17,-0.73586699657));
#6416 = DEFINITIONAL_REPRESENTATION('',(#6417),#6421);
#6417 = CIRCLE('',#6418,1.6);
#6418 = AXIS2_PLACEMENT_2D('',#6419,#6420);
#6419 = CARTESIAN_POINT('',(0.,0.));
#6420 = DIRECTION('',(1.,0.));
#6421 = ( GEOMETRIC_REPRESENTATION_CONTEXT(2) 
PARAMETRIC_REPRESENTATION_CONTEXT() REPRESENTATION_CONTEXT('2D SPACE',''
  ) );
#6422 = ORIENTED_EDGE('',*,*,#6373,.T.);
#6423 = ADVANCED_FACE('',(#6424),#6361,.T.);
#6424 = FACE_BOUND('',#6425,.T.);
#6425 = EDGE_LOOP('',(#6426));
#6426 = ORIENTED_EDGE('',*,*,#6339,.T.);
#6427 = ADVANCED_FACE('',(#6428),#6411,.F.);
#6428 = FACE_BOUND('',#6429,.T.);
#6429 = EDGE_LOOP('',(#6430));
#6430 = ORIENTED_EDGE('',*,*,#6396,.F.);
#6431 = ( GEOMETRIC_REPRESENTATION_CONTEXT(3) 
GLOBAL_UNCERTAINTY_ASSIGNED_CONTEXT((#6435)) 
GLOBAL_UNIT_ASSIGNED_CONTEXT((#6432,#6433,#6434)) REPRESENTATION_CONTEXT
('Context #1','3D Context with UNIT and UNCERTAINTY') );
#6432 = ( LENGTH_UNIT() NAMED_UNIT(*) SI_UNIT(.MILLI.,.METRE.) );
#6433 = ( NAMED_UNIT(*) PLANE_ANGLE_UNIT() SI_UNIT($,.RADIAN.) );
#6434 = ( NAMED_UNIT(*) SI_UNIT($,.STERADIAN.) SOLID_ANGLE_UNIT() );
#6435 = UNCERTAINTY_MEASURE_WITH_UNIT(LENGTH_MEASURE(1.E-07),#6432,
  'distance_accuracy_value','confusion accuracy');
#6436 = CONTEXT_DEPENDENT_SHAPE_REPRESENTATION(#6437,#6439);
#6437 = ( REPRESENTATION_RELATIONSHIP('','',#6332,#4624) 
REPRESENTATION_RELATIONSHIP_WITH_TRANSFORMATION(#6438) 
SHAPE_REPRESENTATION_RELATIONSHIP() );
#6438 = ITEM_DEFINED_TRANSFORMATION('','',#11,#4677);
#6439 = PRODUCT_DEFINITION_SHAPE('Placement','Placement of an item',
  #6440);
#6440 = NEXT_ASSEMBLY_USAGE_OCCURRENCE('170','=>[0:1:1:50]','',#4619,
  #6327,$);
#6441 = PRODUCT_RELATED_PRODUCT_CATEGORY('part',$,(#6329));
#6442 = SHAPE_DEFINITION_REPRESENTATION(#6443,#6449);
#6443 = PRODUCT_DEFINITION_SHAPE('','',#6444);
#6444 = PRODUCT_DEFINITION('design','',#6445,#6448);
#6445 = PRODUCT_DEFINITION_FORMATION('','',#6446);
#6446 = PRODUCT('SOLID','SOLID','',(#6447));
#6447 = PRODUCT_CONTEXT('',#2,'mechanical');
#6448 = PRODUCT_DEFINITION_CONTEXT('part definition',#2,'design');
#6449 = ADVANCED_BREP_SHAPE_REPRESENTATION('',(#11,#6450),#6548);
#6450 = MANIFOLD_SOLID_BREP('',#6451);
#6451 = CLOSED_SHELL('',(#6452,#6540,#6544));
#6452 = ADVANCED_FACE('',(#6453),#6466,.T.);
#6453 = FACE_BOUND('',#6454,.T.);
#6454 = EDGE_LOOP('',(#6455,#6489,#6512,#6539));
#6455 = ORIENTED_EDGE('',*,*,#6456,.F.);
#6456 = EDGE_CURVE('',#6457,#6457,#6459,.T.);
#6457 = VERTEX_POINT('',#6458);
#6458 = CARTESIAN_POINT('',(764.23218691156,4.456247923898E-15,
    86.968829806232));
#6459 = SURFACE_CURVE('',#6460,(#6465,#6477),.PCURVE_S1.);
#6460 = CIRCLE('',#6461,1.6);
#6461 = AXIS2_PLACEMENT_3D('',#6462,#6463,#6464);
#6462 = CARTESIAN_POINT('',(765.65294169674,0.,86.232992976232));
#6463 = DIRECTION('',(-0.451822689695,-0.186573296525,-0.872379884053));
#6464 = DIRECTION('',(-0.887971740738,0.,0.45989801875));
#6465 = PCURVE('',#6466,#6471);
#6466 = CYLINDRICAL_SURFACE('',#6467,1.6);
#6467 = AXIS2_PLACEMENT_3D('',#6468,#6469,#6470);
#6468 = CARTESIAN_POINT('',(843.14702225138,32.,235.85867258689));
#6469 = DIRECTION('',(-0.451822689695,-0.186573296525,-0.872379884053));
#6470 = DIRECTION('',(-0.887971740738,0.,0.45989801875));
#6471 = DEFINITIONAL_REPRESENTATION('',(#6472),#6476);
#6472 = LINE('',#6473,#6474);
#6473 = CARTESIAN_POINT('',(0.,171.51436243055));
#6474 = VECTOR('',#6475,1.);
#6475 = DIRECTION('',(1.,0.));
#6476 = ( GEOMETRIC_REPRESENTATION_CONTEXT(2) 
PARAMETRIC_REPRESENTATION_CONTEXT() REPRESENTATION_CONTEXT('2D SPACE',''
  ) );
#6477 = PCURVE('',#6478,#6483);
#6478 = PLANE('',#6479);
#6479 = AXIS2_PLACEMENT_3D('',#6480,#6481,#6482);
#6480 = CARTESIAN_POINT('',(765.65294169674,0.,86.232992976232));
#6481 = DIRECTION('',(-0.451822689695,-0.186573296525,-0.872379884053));
#6482 = DIRECTION('',(-0.887971740738,0.,0.45989801875));
#6483 = DEFINITIONAL_REPRESENTATION('',(#6484),#6488);
#6484 = CIRCLE('',#6485,1.6);
#6485 = AXIS2_PLACEMENT_2D('',#6486,#6487);
#6486 = CARTESIAN_POINT('',(0.,0.));
#6487 = DIRECTION('',(1.,0.));
#6488 = ( GEOMETRIC_REPRESENTATION_CONTEXT(2) 
PARAMETRIC_REPRESENTATION_CONTEXT() REPRESENTATION_CONTEXT('2D SPACE',''
  ) );
#6489 = ORIENTED_EDGE('',*,*,#6490,.F.);
#6490 = EDGE_CURVE('',#6491,#6457,#6493,.T.);
#6491 = VERTEX_POINT('',#6492);
#6492 = CARTESIAN_POINT('',(841.7262674662,32.,236.59450941689));
#6493 = SEAM_CURVE('',#6494,(#6498,#6505),.PCURVE_S1.);
#6494 = LINE('',#6495,#6496);
#6495 = CARTESIAN_POINT('',(841.7262674662,32.,236.59450941689));
#6496 = VECTOR('',#6497,1.);
#6497 = DIRECTION('',(-0.451822689695,-0.186573296525,-0.872379884053));
#6498 = PCURVE('',#6466,#6499);
#6499 = DEFINITIONAL_REPRESENTATION('',(#6500),#6504);
#6500 = LINE('',#6501,#6502);
#6501 = CARTESIAN_POINT('',(6.28318530718,-0.));
#6502 = VECTOR('',#6503,1.);
#6503 = DIRECTION('',(0.,1.));
#6504 = ( GEOMETRIC_REPRESENTATION_CONTEXT(2) 
PARAMETRIC_REPRESENTATION_CONTEXT() REPRESENTATION_CONTEXT('2D SPACE',''
  ) );
#6505 = PCURVE('',#6466,#6506);
#6506 = DEFINITIONAL_REPRESENTATION('',(#6507),#6511);
#6507 = LINE('',#6508,#6509);
#6508 = CARTESIAN_POINT('',(0.,-0.));
#6509 = VECTOR('',#6510,1.);
#6510 = DIRECTION('',(0.,1.));
#6511 = ( GEOMETRIC_REPRESENTATION_CONTEXT(2) 
PARAMETRIC_REPRESENTATION_CONTEXT() REPRESENTATION_CONTEXT('2D SPACE',''
  ) );
#6512 = ORIENTED_EDGE('',*,*,#6513,.T.);
#6513 = EDGE_CURVE('',#6491,#6491,#6514,.T.);
#6514 = SURFACE_CURVE('',#6515,(#6520,#6527),.PCURVE_S1.);
#6515 = CIRCLE('',#6516,1.6);
#6516 = AXIS2_PLACEMENT_3D('',#6517,#6518,#6519);
#6517 = CARTESIAN_POINT('',(843.14702225138,32.,235.85867258689));
#6518 = DIRECTION('',(-0.451822689695,-0.186573296525,-0.872379884053));
#6519 = DIRECTION('',(-0.887971740738,0.,0.45989801875));
#6520 = PCURVE('',#6466,#6521);
#6521 = DEFINITIONAL_REPRESENTATION('',(#6522),#6526);
#6522 = LINE('',#6523,#6524);
#6523 = CARTESIAN_POINT('',(0.,0.));
#6524 = VECTOR('',#6525,1.);
#6525 = DIRECTION('',(1.,0.));
#6526 = ( GEOMETRIC_REPRESENTATION_CONTEXT(2) 
PARAMETRIC_REPRESENTATION_CONTEXT() REPRESENTATION_CONTEXT('2D SPACE',''
  ) );
#6527 = PCURVE('',#6528,#6533);
#6528 = PLANE('',#6529);
#6529 = AXIS2_PLACEMENT_3D('',#6530,#6531,#6532);
#6530 = CARTESIAN_POINT('',(843.14702225138,32.,235.85867258689));
#6531 = DIRECTION('',(-0.451822689695,-0.186573296525,-0.872379884053));
#6532 = DIRECTION('',(-0.887971740738,0.,0.45989801875));
#6533 = DEFINITIONAL_REPRESENTATION('',(#6534),#6538);
#6534 = CIRCLE('',#6535,1.6);
#6535 = AXIS2_PLACEMENT_2D('',#6536,#6537);
#6536 = CARTESIAN_POINT('',(0.,0.));
#6537 = DIRECTION('',(1.,0.));
#6538 = ( GEOMETRIC_REPRESENTATION_CONTEXT(2) 
PARAMETRIC_REPRESENTATION_CONTEXT() REPRESENTATION_CONTEXT('2D SPACE',''
  ) );
#6539 = ORIENTED_EDGE('',*,*,#6490,.T.);
#6540 = ADVANCED_FACE('',(#6541),#6478,.T.);
#6541 = FACE_BOUND('',#6542,.T.);
#6542 = EDGE_LOOP('',(#6543));
#6543 = ORIENTED_EDGE('',*,*,#6456,.T.);
#6544 = ADVANCED_FACE('',(#6545),#6528,.F.);
#6545 = FACE_BOUND('',#6546,.T.);
#6546 = EDGE_LOOP('',(#6547));
#6547 = ORIENTED_EDGE('',*,*,#6513,.F.);
#6548 = ( GEOMETRIC_REPRESENTATION_CONTEXT(3) 
GLOBAL_UNCERTAINTY_ASSIGNED_CONTEXT((#6552)) 
GLOBAL_UNIT_ASSIGNED_CONTEXT((#6549,#6550,#6551)) REPRESENTATION_CONTEXT
('Context #1','3D Context with UNIT and UNCERTAINTY') );
#6549 = ( LENGTH_UNIT() NAMED_UNIT(*) SI_UNIT(.MILLI.,.METRE.) );
#6550 = ( NAMED_UNIT(*) PLANE_ANGLE_UNIT() SI_UNIT($,.RADIAN.) );
#6551 = ( NAMED_UNIT(*) SI_UNIT($,.STERADIAN.) SOLID_ANGLE_UNIT() );
#6552 = UNCERTAINTY_MEASURE_WITH_UNIT(LENGTH_MEASURE(1.E-07),#6549,
  'distance_accuracy_value','confusion accuracy');
#6553 = CONTEXT_DEPENDENT_SHAPE_REPRESENTATION(#6554,#6556);
#6554 = ( REPRESENTATION_RELATIONSHIP('','',#6449,#4624) 
REPRESENTATION_RELATIONSHIP_WITH_TRANSFORMATION(#6555) 
SHAPE_REPRESENTATION_RELATIONSHIP() );
#6555 = ITEM_DEFINED_TRANSFORMATION('','',#11,#4681);
#6556 = PRODUCT_DEFINITION_SHAPE('Placement','Placement of an item',
  #6557);
#6557 = NEXT_ASSEMBLY_USAGE_OCCURRENCE('171','=>[0:1:1:51]','',#4619,
  #6444,$);
#6558 = PRODUCT_RELATED_PRODUCT_CATEGORY('part',$,(#6446));
#6559 = SHAPE_DEFINITION_REPRESENTATION(#6560,#6566);
#6560 = PRODUCT_DEFINITION_SHAPE('','',#6561);
#6561 = PRODUCT_DEFINITION('design','',#6562,#6565);
#6562 = PRODUCT_DEFINITION_FORMATION('','',#6563);
#6563 = PRODUCT('SOLID','SOLID','',(#6564));
#6564 = PRODUCT_CONTEXT('',#2,'mechanical');
#6565 = PRODUCT_DEFINITION_CONTEXT('part definition',#2,'design');
#6566 = ADVANCED_BREP_SHAPE_REPRESENTATION('',(#11,#6567),#6665);
#6567 = MANIFOLD_SOLID_BREP('',#6568);
#6568 = CLOSED_SHELL('',(#6569,#6657,#6661));
#6569 = ADVANCED_FACE('',(#6570),#6583,.T.);
#6570 = FACE_BOUND('',#6571,.T.);
#6571 = EDGE_LOOP('',(#6572,#6606,#6629,#6656));
#6572 = ORIENTED_EDGE('',*,*,#6573,.F.);
#6573 = EDGE_CURVE('',#6574,#6574,#6576,.T.);
#6574 = VERTEX_POINT('',#6575);
#6575 = CARTESIAN_POINT('',(827.35438073386,-1.571446834289,
    63.539834244211));
#6576 = SURFACE_CURVE('',#6577,(#6582,#6594),.PCURVE_S1.);
#6577 = CIRCLE('',#6578,1.6);
#6578 = AXIS2_PLACEMENT_3D('',#6579,#6580,#6581);
#6579 = CARTESIAN_POINT('',(827.35438073386,0.,63.840757568338));
#6580 = DIRECTION('',(-0.126202954431,0.186573296525,-0.974301400654));
#6581 = DIRECTION('',(-6.938893903907E-18,-0.982154271431,
    -0.188077077579));
#6582 = PCURVE('',#6583,#6588);
#6583 = CYLINDRICAL_SURFACE('',#6584,1.6);
#6584 = AXIS2_PLACEMENT_3D('',#6585,#6586,#6587);
#6585 = CARTESIAN_POINT('',(849.,-32.,230.94744111674));
#6586 = DIRECTION('',(-0.126202954431,0.186573296525,-0.974301400654));
#6587 = DIRECTION('',(-3.469446951954E-18,-0.982154271431,
    -0.188077077579));
#6588 = DEFINITIONAL_REPRESENTATION('',(#6589),#6593);
#6589 = LINE('',#6590,#6591);
#6590 = CARTESIAN_POINT('',(0.,171.51436243055));
#6591 = VECTOR('',#6592,1.);
#6592 = DIRECTION('',(1.,0.));
#6593 = ( GEOMETRIC_REPRESENTATION_CONTEXT(2) 
PARAMETRIC_REPRESENTATION_CONTEXT() REPRESENTATION_CONTEXT('2D SPACE',''
  ) );
#6594 = PCURVE('',#6595,#6600);
#6595 = PLANE('',#6596);
#6596 = AXIS2_PLACEMENT_3D('',#6597,#6598,#6599);
#6597 = CARTESIAN_POINT('',(827.35438073386,0.,63.840757568338));
#6598 = DIRECTION('',(-0.126202954431,0.186573296525,-0.974301400654));
#6599 = DIRECTION('',(-3.469446951954E-18,-0.982154271431,
    -0.188077077579));
#6600 = DEFINITIONAL_REPRESENTATION('',(#6601),#6605);
#6601 = CIRCLE('',#6602,1.6);
#6602 = AXIS2_PLACEMENT_2D('',#6603,#6604);
#6603 = CARTESIAN_POINT('',(0.,0.));
#6604 = DIRECTION('',(1.,0.));
#6605 = ( GEOMETRIC_REPRESENTATION_CONTEXT(2) 
PARAMETRIC_REPRESENTATION_CONTEXT() REPRESENTATION_CONTEXT('2D SPACE',''
  ) );
#6606 = ORIENTED_EDGE('',*,*,#6607,.F.);
#6607 = EDGE_CURVE('',#6608,#6574,#6610,.T.);
#6608 = VERTEX_POINT('',#6609);
#6609 = CARTESIAN_POINT('',(849.,-33.57144683428,230.64651779261));
#6610 = SEAM_CURVE('',#6611,(#6615,#6622),.PCURVE_S1.);
#6611 = LINE('',#6612,#6613);
#6612 = CARTESIAN_POINT('',(849.,-33.57144683428,230.64651779261));
#6613 = VECTOR('',#6614,1.);
#6614 = DIRECTION('',(-0.126202954431,0.186573296525,-0.974301400654));
#6615 = PCURVE('',#6583,#6616);
#6616 = DEFINITIONAL_REPRESENTATION('',(#6617),#6621);
#6617 = LINE('',#6618,#6619);
#6618 = CARTESIAN_POINT('',(6.28318530718,-0.));
#6619 = VECTOR('',#6620,1.);
#6620 = DIRECTION('',(0.,1.));
#6621 = ( GEOMETRIC_REPRESENTATION_CONTEXT(2) 
PARAMETRIC_REPRESENTATION_CONTEXT() REPRESENTATION_CONTEXT('2D SPACE',''
  ) );
#6622 = PCURVE('',#6583,#6623);
#6623 = DEFINITIONAL_REPRESENTATION('',(#6624),#6628);
#6624 = LINE('',#6625,#6626);
#6625 = CARTESIAN_POINT('',(0.,-0.));
#6626 = VECTOR('',#6627,1.);
#6627 = DIRECTION('',(0.,1.));
#6628 = ( GEOMETRIC_REPRESENTATION_CONTEXT(2) 
PARAMETRIC_REPRESENTATION_CONTEXT() REPRESENTATION_CONTEXT('2D SPACE',''
  ) );
#6629 = ORIENTED_EDGE('',*,*,#6630,.T.);
#6630 = EDGE_CURVE('',#6608,#6608,#6631,.T.);
#6631 = SURFACE_CURVE('',#6632,(#6637,#6644),.PCURVE_S1.);
#6632 = CIRCLE('',#6633,1.6);
#6633 = AXIS2_PLACEMENT_3D('',#6634,#6635,#6636);
#6634 = CARTESIAN_POINT('',(849.,-32.,230.94744111674));
#6635 = DIRECTION('',(-0.126202954431,0.186573296525,-0.974301400654));
#6636 = DIRECTION('',(-6.938893903907E-18,-0.982154271431,
    -0.188077077579));
#6637 = PCURVE('',#6583,#6638);
#6638 = DEFINITIONAL_REPRESENTATION('',(#6639),#6643);
#6639 = LINE('',#6640,#6641);
#6640 = CARTESIAN_POINT('',(0.,0.));
#6641 = VECTOR('',#6642,1.);
#6642 = DIRECTION('',(1.,0.));
#6643 = ( GEOMETRIC_REPRESENTATION_CONTEXT(2) 
PARAMETRIC_REPRESENTATION_CONTEXT() REPRESENTATION_CONTEXT('2D SPACE',''
  ) );
#6644 = PCURVE('',#6645,#6650);
#6645 = PLANE('',#6646);
#6646 = AXIS2_PLACEMENT_3D('',#6647,#6648,#6649);
#6647 = CARTESIAN_POINT('',(849.,-32.,230.94744111674));
#6648 = DIRECTION('',(-0.126202954431,0.186573296525,-0.974301400654));
#6649 = DIRECTION('',(-3.469446951954E-18,-0.982154271431,
    -0.188077077579));
#6650 = DEFINITIONAL_REPRESENTATION('',(#6651),#6655);
#6651 = CIRCLE('',#6652,1.6);
#6652 = AXIS2_PLACEMENT_2D('',#6653,#6654);
#6653 = CARTESIAN_POINT('',(0.,0.));
#6654 = DIRECTION('',(1.,0.));
#6655 = ( GEOMETRIC_REPRESENTATION_CONTEXT(2) 
PARAMETRIC_REPRESENTATION_CONTEXT() REPRESENTATION_CONTEXT('2D SPACE',''
  ) );
#6656 = ORIENTED_EDGE('',*,*,#6607,.T.);
#6657 = ADVANCED_FACE('',(#6658),#6595,.T.);
#6658 = FACE_BOUND('',#6659,.T.);
#6659 = EDGE_LOOP('',(#6660));
#6660 = ORIENTED_EDGE('',*,*,#6573,.T.);
#6661 = ADVANCED_FACE('',(#6662),#6645,.F.);
#6662 = FACE_BOUND('',#6663,.T.);
#6663 = EDGE_LOOP('',(#6664));
#6664 = ORIENTED_EDGE('',*,*,#6630,.F.);
#6665 = ( GEOMETRIC_REPRESENTATION_CONTEXT(3) 
GLOBAL_UNCERTAINTY_ASSIGNED_CONTEXT((#6669)) 
GLOBAL_UNIT_ASSIGNED_CONTEXT((#6666,#6667,#6668)) REPRESENTATION_CONTEXT
('Context #1','3D Context with UNIT and UNCERTAINTY') );
#6666 = ( LENGTH_UNIT() NAMED_UNIT(*) SI_UNIT(.MILLI.,.METRE.) );
#6667 = ( NAMED_UNIT(*) PLANE_ANGLE_UNIT() SI_UNIT($,.RADIAN.) );
#6668 = ( NAMED_UNIT(*) SI_UNIT($,.STERADIAN.) SOLID_ANGLE_UNIT() );
#6669 = UNCERTAINTY_MEASURE_WITH_UNIT(LENGTH_MEASURE(1.E-07),#6666,
  'distance_accuracy_value','confusion accuracy');
#6670 = CONTEXT_DEPENDENT_SHAPE_REPRESENTATION(#6671,#6673);
#6671 = ( REPRESENTATION_RELATIONSHIP('','',#6566,#4624) 
REPRESENTATION_RELATIONSHIP_WITH_TRANSFORMATION(#6672) 
SHAPE_REPRESENTATION_RELATIONSHIP() );
#6672 = ITEM_DEFINED_TRANSFORMATION('','',#11,#4685);
#6673 = PRODUCT_DEFINITION_SHAPE('Placement','Placement of an item',
  #6674);
#6674 = NEXT_ASSEMBLY_USAGE_OCCURRENCE('172','=>[0:1:1:52]','',#4619,
  #6561,$);
#6675 = PRODUCT_RELATED_PRODUCT_CATEGORY('part',$,(#6563));
#6676 = SHAPE_DEFINITION_REPRESENTATION(#6677,#6683);
#6677 = PRODUCT_DEFINITION_SHAPE('','',#6678);
#6678 = PRODUCT_DEFINITION('design','',#6679,#6682);
#6679 = PRODUCT_DEFINITION_FORMATION('','',#6680);
#6680 = PRODUCT('SOLID','SOLID','',(#6681));
#6681 = PRODUCT_CONTEXT('',#2,'mechanical');
#6682 = PRODUCT_DEFINITION_CONTEXT('part definition',#2,'design');
#6683 = ADVANCED_BREP_SHAPE_REPRESENTATION('',(#11,#6684),#6782);
#6684 = MANIFOLD_SOLID_BREP('',#6685);
#6685 = CLOSED_SHELL('',(#6686,#6774,#6778));
#6686 = ADVANCED_FACE('',(#6687),#6700,.T.);
#6687 = FACE_BOUND('',#6688,.T.);
#6688 = EDGE_LOOP('',(#6689,#6723,#6746,#6773));
#6689 = ORIENTED_EDGE('',*,*,#6690,.F.);
#6690 = EDGE_CURVE('',#6691,#6691,#6693,.T.);
#6691 = VERTEX_POINT('',#6692);
#6692 = CARTESIAN_POINT('',(891.4320151472,-7.60498892148E-15,
    63.552514357858));
#6693 = SURFACE_CURVE('',#6694,(#6699,#6711),.PCURVE_S1.);
#6694 = CIRCLE('',#6695,1.6);
#6695 = AXIS2_PLACEMENT_3D('',#6696,#6697,#6698);
#6696 = CARTESIAN_POINT('',(892.99336325249,-7.105427357601E-15,
    63.902074215512));
#6697 = DIRECTION('',(0.214638719694,-0.186573296525,-0.958707789179));
#6698 = DIRECTION('',(-0.975842565811,0.,-0.218474911034));
#6699 = PCURVE('',#6700,#6705);
#6700 = CYLINDRICAL_SURFACE('',#6701,1.6);
#6701 = AXIS2_PLACEMENT_3D('',#6702,#6703,#6704);
#6702 = CARTESIAN_POINT('',(856.17974009132,32.,228.33422943373));
#6703 = DIRECTION('',(0.214638719694,-0.186573296525,-0.958707789179));
#6704 = DIRECTION('',(-0.975842565811,0.,-0.218474911034));
#6705 = DEFINITIONAL_REPRESENTATION('',(#6706),#6710);
#6706 = LINE('',#6707,#6708);
#6707 = CARTESIAN_POINT('',(0.,171.51436243055));
#6708 = VECTOR('',#6709,1.);
#6709 = DIRECTION('',(1.,0.));
#6710 = ( GEOMETRIC_REPRESENTATION_CONTEXT(2) 
PARAMETRIC_REPRESENTATION_CONTEXT() REPRESENTATION_CONTEXT('2D SPACE',''
  ) );
#6711 = PCURVE('',#6712,#6717);
#6712 = PLANE('',#6713);
#6713 = AXIS2_PLACEMENT_3D('',#6714,#6715,#6716);
#6714 = CARTESIAN_POINT('',(892.99336325249,-7.105427357601E-15,
    63.902074215512));
#6715 = DIRECTION('',(0.214638719694,-0.186573296525,-0.958707789179));
#6716 = DIRECTION('',(-0.975842565811,0.,-0.218474911034));
#6717 = DEFINITIONAL_REPRESENTATION('',(#6718),#6722);
#6718 = CIRCLE('',#6719,1.6);
#6719 = AXIS2_PLACEMENT_2D('',#6720,#6721);
#6720 = CARTESIAN_POINT('',(0.,0.));
#6721 = DIRECTION('',(1.,0.));
#6722 = ( GEOMETRIC_REPRESENTATION_CONTEXT(2) 
PARAMETRIC_REPRESENTATION_CONTEXT() REPRESENTATION_CONTEXT('2D SPACE',''
  ) );
#6723 = ORIENTED_EDGE('',*,*,#6724,.F.);
#6724 = EDGE_CURVE('',#6725,#6691,#6727,.T.);
#6725 = VERTEX_POINT('',#6726);
#6726 = CARTESIAN_POINT('',(854.61839198603,32.,227.98466957607));
#6727 = SEAM_CURVE('',#6728,(#6732,#6739),.PCURVE_S1.);
#6728 = LINE('',#6729,#6730);
#6729 = CARTESIAN_POINT('',(854.61839198603,32.,227.98466957607));
#6730 = VECTOR('',#6731,1.);
#6731 = DIRECTION('',(0.214638719694,-0.186573296525,-0.958707789179));
#6732 = PCURVE('',#6700,#6733);
#6733 = DEFINITIONAL_REPRESENTATION('',(#6734),#6738);
#6734 = LINE('',#6735,#6736);
#6735 = CARTESIAN_POINT('',(6.28318530718,-0.));
#6736 = VECTOR('',#6737,1.);
#6737 = DIRECTION('',(0.,1.));
#6738 = ( GEOMETRIC_REPRESENTATION_CONTEXT(2) 
PARAMETRIC_REPRESENTATION_CONTEXT() REPRESENTATION_CONTEXT('2D SPACE',''
  ) );
#6739 = PCURVE('',#6700,#6740);
#6740 = DEFINITIONAL_REPRESENTATION('',(#6741),#6745);
#6741 = LINE('',#6742,#6743);
#6742 = CARTESIAN_POINT('',(0.,-0.));
#6743 = VECTOR('',#6744,1.);
#6744 = DIRECTION('',(0.,1.));
#6745 = ( GEOMETRIC_REPRESENTATION_CONTEXT(2) 
PARAMETRIC_REPRESENTATION_CONTEXT() REPRESENTATION_CONTEXT('2D SPACE',''
  ) );
#6746 = ORIENTED_EDGE('',*,*,#6747,.T.);
#6747 = EDGE_CURVE('',#6725,#6725,#6748,.T.);
#6748 = SURFACE_CURVE('',#6749,(#6754,#6761),.PCURVE_S1.);
#6749 = CIRCLE('',#6750,1.6);
#6750 = AXIS2_PLACEMENT_3D('',#6751,#6752,#6753);
#6751 = CARTESIAN_POINT('',(856.17974009132,32.,228.33422943373));
#6752 = DIRECTION('',(0.214638719694,-0.186573296525,-0.958707789179));
#6753 = DIRECTION('',(-0.975842565811,0.,-0.218474911034));
#6754 = PCURVE('',#6700,#6755);
#6755 = DEFINITIONAL_REPRESENTATION('',(#6756),#6760);
#6756 = LINE('',#6757,#6758);
#6757 = CARTESIAN_POINT('',(0.,0.));
#6758 = VECTOR('',#6759,1.);
#6759 = DIRECTION('',(1.,0.));
#6760 = ( GEOMETRIC_REPRESENTATION_CONTEXT(2) 
PARAMETRIC_REPRESENTATION_CONTEXT() REPRESENTATION_CONTEXT('2D SPACE',''
  ) );
#6761 = PCURVE('',#6762,#6767);
#6762 = PLANE('',#6763);
#6763 = AXIS2_PLACEMENT_3D('',#6764,#6765,#6766);
#6764 = CARTESIAN_POINT('',(856.17974009132,32.,228.33422943373));
#6765 = DIRECTION('',(0.214638719694,-0.186573296525,-0.958707789179));
#6766 = DIRECTION('',(-0.975842565811,0.,-0.218474911034));
#6767 = DEFINITIONAL_REPRESENTATION('',(#6768),#6772);
#6768 = CIRCLE('',#6769,1.6);
#6769 = AXIS2_PLACEMENT_2D('',#6770,#6771);
#6770 = CARTESIAN_POINT('',(0.,0.));
#6771 = DIRECTION('',(1.,0.));
#6772 = ( GEOMETRIC_REPRESENTATION_CONTEXT(2) 
PARAMETRIC_REPRESENTATION_CONTEXT() REPRESENTATION_CONTEXT('2D SPACE',''
  ) );
#6773 = ORIENTED_EDGE('',*,*,#6724,.T.);
#6774 = ADVANCED_FACE('',(#6775),#6712,.T.);
#6775 = FACE_BOUND('',#6776,.T.);
#6776 = EDGE_LOOP('',(#6777));
#6777 = ORIENTED_EDGE('',*,*,#6690,.T.);
#6778 = ADVANCED_FACE('',(#6779),#6762,.F.);
#6779 = FACE_BOUND('',#6780,.T.);
#6780 = EDGE_LOOP('',(#6781));
#6781 = ORIENTED_EDGE('',*,*,#6747,.F.);
#6782 = ( GEOMETRIC_REPRESENTATION_CONTEXT(3) 
GLOBAL_UNCERTAINTY_ASSIGNED_CONTEXT((#6786)) 
GLOBAL_UNIT_ASSIGNED_CONTEXT((#6783,#6784,#6785)) REPRESENTATION_CONTEXT
('Context #1','3D Context with UNIT and UNCERTAINTY') );
#6783 = ( LENGTH_UNIT() NAMED_UNIT(*) SI_UNIT(.MILLI.,.METRE.) );
#6784 = ( NAMED_UNIT(*) PLANE_ANGLE_UNIT() SI_UNIT($,.RADIAN.) );
#6785 = ( NAMED_UNIT(*) SI_UNIT($,.STERADIAN.) SOLID_ANGLE_UNIT() );
#6786 = UNCERTAINTY_MEASURE_WITH_UNIT(LENGTH_MEASURE(1.E-07),#6783,
  'distance_accuracy_value','confusion accuracy');
#6787 = CONTEXT_DEPENDENT_SHAPE_REPRESENTATION(#6788,#6790);
#6788 = ( REPRESENTATION_RELATIONSHIP('','',#6683,#4624) 
REPRESENTATION_RELATIONSHIP_WITH_TRANSFORMATION(#6789) 
SHAPE_REPRESENTATION_RELATIONSHIP() );
#6789 = ITEM_DEFINED_TRANSFORMATION('','',#11,#4689);
#6790 = PRODUCT_DEFINITION_SHAPE('Placement','Placement of an item',
  #6791);
#6791 = NEXT_ASSEMBLY_USAGE_OCCURRENCE('173','=>[0:1:1:53]','',#4619,
  #6678,$);
#6792 = PRODUCT_RELATED_PRODUCT_CATEGORY('part',$,(#6680));
#6793 = SHAPE_DEFINITION_REPRESENTATION(#6794,#6800);
#6794 = PRODUCT_DEFINITION_SHAPE('','',#6795);
#6795 = PRODUCT_DEFINITION('design','',#6796,#6799);
#6796 = PRODUCT_DEFINITION_FORMATION('','',#6797);
#6797 = PRODUCT('SOLID','SOLID','',(#6798));
#6798 = PRODUCT_CONTEXT('',#2,'mechanical');
#6799 = PRODUCT_DEFINITION_CONTEXT('part definition',#2,'design');
#6800 = ADVANCED_BREP_SHAPE_REPRESENTATION('',(#11,#6801),#6899);
#6801 = MANIFOLD_SOLID_BREP('',#6802);
#6802 = CLOSED_SHELL('',(#6803,#6891,#6895));
#6803 = ADVANCED_FACE('',(#6804),#6817,.T.);
#6804 = FACE_BOUND('',#6805,.T.);
#6805 = EDGE_LOOP('',(#6806,#6840,#6863,#6890));
#6806 = ORIENTED_EDGE('',*,*,#6807,.F.);
#6807 = EDGE_CURVE('',#6808,#6808,#6810,.T.);
#6808 = VERTEX_POINT('',#6809);
#6809 = CARTESIAN_POINT('',(953.30522845229,1.846551713911E-15,
    85.547055903653));
#6810 = SURFACE_CURVE('',#6811,(#6816,#6828),.PCURVE_S1.);
#6811 = CIRCLE('',#6812,1.6);
#6812 = AXIS2_PLACEMENT_3D('',#6813,#6814,#6815);
#6813 = CARTESIAN_POINT('',(954.6528592327,0.,86.409547225168));
#6814 = DIRECTION('',(0.529591796493,0.186573296525,-0.827479869308));
#6815 = DIRECTION('',(-0.842269237757,4.163336342344E-17,-0.539057075947
    ));
#6816 = PCURVE('',#6817,#6822);
#6817 = CYLINDRICAL_SURFACE('',#6818,1.6);
#6818 = AXIS2_PLACEMENT_3D('',#6819,#6820,#6821);
#6819 = CARTESIAN_POINT('',(863.82025990867,-32.,228.33422943373));
#6820 = DIRECTION('',(0.529591796493,0.186573296525,-0.827479869308));
#6821 = DIRECTION('',(-0.842269237757,2.775557561563E-17,-0.539057075947
    ));
#6822 = DEFINITIONAL_REPRESENTATION('',(#6823),#6827);
#6823 = LINE('',#6824,#6825);
#6824 = CARTESIAN_POINT('',(0.,171.51436243055));
#6825 = VECTOR('',#6826,1.);
#6826 = DIRECTION('',(1.,0.));
#6827 = ( GEOMETRIC_REPRESENTATION_CONTEXT(2) 
PARAMETRIC_REPRESENTATION_CONTEXT() REPRESENTATION_CONTEXT('2D SPACE',''
  ) );
#6828 = PCURVE('',#6829,#6834);
#6829 = PLANE('',#6830);
#6830 = AXIS2_PLACEMENT_3D('',#6831,#6832,#6833);
#6831 = CARTESIAN_POINT('',(954.6528592327,0.,86.409547225168));
#6832 = DIRECTION('',(0.529591796493,0.186573296525,-0.827479869308));
#6833 = DIRECTION('',(-0.842269237757,2.775557561563E-17,-0.539057075947
    ));
#6834 = DEFINITIONAL_REPRESENTATION('',(#6835),#6839);
#6835 = CIRCLE('',#6836,1.6);
#6836 = AXIS2_PLACEMENT_2D('',#6837,#6838);
#6837 = CARTESIAN_POINT('',(0.,0.));
#6838 = DIRECTION('',(1.,0.));
#6839 = ( GEOMETRIC_REPRESENTATION_CONTEXT(2) 
PARAMETRIC_REPRESENTATION_CONTEXT() REPRESENTATION_CONTEXT('2D SPACE',''
  ) );
#6840 = ORIENTED_EDGE('',*,*,#6841,.F.);
#6841 = EDGE_CURVE('',#6842,#6808,#6844,.T.);
#6842 = VERTEX_POINT('',#6843);
#6843 = CARTESIAN_POINT('',(862.47262912826,-32.,227.47173811221));
#6844 = SEAM_CURVE('',#6845,(#6849,#6856),.PCURVE_S1.);
#6845 = LINE('',#6846,#6847);
#6846 = CARTESIAN_POINT('',(862.47262912826,-32.,227.47173811221));
#6847 = VECTOR('',#6848,1.);
#6848 = DIRECTION('',(0.529591796493,0.186573296525,-0.827479869308));
#6849 = PCURVE('',#6817,#6850);
#6850 = DEFINITIONAL_REPRESENTATION('',(#6851),#6855);
#6851 = LINE('',#6852,#6853);
#6852 = CARTESIAN_POINT('',(6.28318530718,-0.));
#6853 = VECTOR('',#6854,1.);
#6854 = DIRECTION('',(0.,1.));
#6855 = ( GEOMETRIC_REPRESENTATION_CONTEXT(2) 
PARAMETRIC_REPRESENTATION_CONTEXT() REPRESENTATION_CONTEXT('2D SPACE',''
  ) );
#6856 = PCURVE('',#6817,#6857);
#6857 = DEFINITIONAL_REPRESENTATION('',(#6858),#6862);
#6858 = LINE('',#6859,#6860);
#6859 = CARTESIAN_POINT('',(0.,-0.));
#6860 = VECTOR('',#6861,1.);
#6861 = DIRECTION('',(0.,1.));
#6862 = ( GEOMETRIC_REPRESENTATION_CONTEXT(2) 
PARAMETRIC_REPRESENTATION_CONTEXT() REPRESENTATION_CONTEXT('2D SPACE',''
  ) );
#6863 = ORIENTED_EDGE('',*,*,#6864,.T.);
#6864 = EDGE_CURVE('',#6842,#6842,#6865,.T.);
#6865 = SURFACE_CURVE('',#6866,(#6871,#6878),.PCURVE_S1.);
#6866 = CIRCLE('',#6867,1.6);
#6867 = AXIS2_PLACEMENT_3D('',#6868,#6869,#6870);
#6868 = CARTESIAN_POINT('',(863.82025990867,-32.,228.33422943373));
#6869 = DIRECTION('',(0.529591796493,0.186573296525,-0.827479869308));
#6870 = DIRECTION('',(-0.842269237757,4.163336342344E-17,-0.539057075947
    ));
#6871 = PCURVE('',#6817,#6872);
#6872 = DEFINITIONAL_REPRESENTATION('',(#6873),#6877);
#6873 = LINE('',#6874,#6875);
#6874 = CARTESIAN_POINT('',(0.,0.));
#6875 = VECTOR('',#6876,1.);
#6876 = DIRECTION('',(1.,0.));
#6877 = ( GEOMETRIC_REPRESENTATION_CONTEXT(2) 
PARAMETRIC_REPRESENTATION_CONTEXT() REPRESENTATION_CONTEXT('2D SPACE',''
  ) );
#6878 = PCURVE('',#6879,#6884);
#6879 = PLANE('',#6880);
#6880 = AXIS2_PLACEMENT_3D('',#6881,#6882,#6883);
#6881 = CARTESIAN_POINT('',(863.82025990867,-32.,228.33422943373));
#6882 = DIRECTION('',(0.529591796493,0.186573296525,-0.827479869308));
#6883 = DIRECTION('',(-0.842269237757,2.775557561563E-17,-0.539057075947
    ));
#6884 = DEFINITIONAL_REPRESENTATION('',(#6885),#6889);
#6885 = CIRCLE('',#6886,1.6);
#6886 = AXIS2_PLACEMENT_2D('',#6887,#6888);
#6887 = CARTESIAN_POINT('',(0.,0.));
#6888 = DIRECTION('',(1.,0.));
#6889 = ( GEOMETRIC_REPRESENTATION_CONTEXT(2) 
PARAMETRIC_REPRESENTATION_CONTEXT() REPRESENTATION_CONTEXT('2D SPACE',''
  ) );
#6890 = ORIENTED_EDGE('',*,*,#6841,.T.);
#6891 = ADVANCED_FACE('',(#6892),#6829,.T.);
#6892 = FACE_BOUND('',#6893,.T.);
#6893 = EDGE_LOOP('',(#6894));
#6894 = ORIENTED_EDGE('',*,*,#6807,.T.);
#6895 = ADVANCED_FACE('',(#6896),#6879,.F.);
#6896 = FACE_BOUND('',#6897,.T.);
#6897 = EDGE_LOOP('',(#6898));
#6898 = ORIENTED_EDGE('',*,*,#6864,.F.);
#6899 = ( GEOMETRIC_REPRESENTATION_CONTEXT(3) 
GLOBAL_UNCERTAINTY_ASSIGNED_CONTEXT((#6903)) 
GLOBAL_UNIT_ASSIGNED_CONTEXT((#6900,#6901,#6902)) REPRESENTATION_CONTEXT
('Context #1','3D Context with UNIT and UNCERTAINTY') );
#6900 = ( LENGTH_UNIT() NAMED_UNIT(*) SI_UNIT(.MILLI.,.METRE.) );
#6901 = ( NAMED_UNIT(*) PLANE_ANGLE_UNIT() SI_UNIT($,.RADIAN.) );
#6902 = ( NAMED_UNIT(*) SI_UNIT($,.STERADIAN.) SOLID_ANGLE_UNIT() );
#6903 = UNCERTAINTY_MEASURE_WITH_UNIT(LENGTH_MEASURE(1.E-07),#6900,
  'distance_accuracy_value','confusion accuracy');
#6904 = CONTEXT_DEPENDENT_SHAPE_REPRESENTATION(#6905,#6907);
#6905 = ( REPRESENTATION_RELATIONSHIP('','',#6800,#4624) 
REPRESENTATION_RELATIONSHIP_WITH_TRANSFORMATION(#6906) 
SHAPE_REPRESENTATION_RELATIONSHIP() );
#6906 = ITEM_DEFINED_TRANSFORMATION('','',#11,#4693);
#6907 = PRODUCT_DEFINITION_SHAPE('Placement','Placement of an item',
  #6908);
#6908 = NEXT_ASSEMBLY_USAGE_OCCURRENCE('174','=>[0:1:1:54]','',#4619,
  #6795,$);
#6909 = PRODUCT_RELATED_PRODUCT_CATEGORY('part',$,(#6797));
#6910 = SHAPE_DEFINITION_REPRESENTATION(#6911,#6917);
#6911 = PRODUCT_DEFINITION_SHAPE('','',#6912);
#6912 = PRODUCT_DEFINITION('design','',#6913,#6916);
#6913 = PRODUCT_DEFINITION_FORMATION('','',#6914);
#6914 = PRODUCT('SOLID','SOLID','',(#6915));
#6915 = PRODUCT_CONTEXT('',#2,'mechanical');
#6916 = PRODUCT_DEFINITION_CONTEXT('part definition',#2,'design');
#6917 = ADVANCED_BREP_SHAPE_REPRESENTATION('',(#11,#6918),#7016);
#6918 = MANIFOLD_SOLID_BREP('',#6919);
#6919 = CLOSED_SHELL('',(#6920,#7008,#7012));
#6920 = ADVANCED_FACE('',(#6921),#6934,.T.);
#6921 = FACE_BOUND('',#6922,.T.);
#6922 = EDGE_LOOP('',(#6923,#6957,#6980,#7007));
#6923 = ORIENTED_EDGE('',*,*,#6924,.F.);
#6924 = EDGE_CURVE('',#6925,#6925,#6927,.T.);
#6925 = VERTEX_POINT('',#6926);
#6926 = CARTESIAN_POINT('',(1.005867192757E+03,1.300116110292E-15,
    129.9198367804));
#6927 = SURFACE_CURVE('',#6928,(#6933,#6945),.PCURVE_S1.);
#6928 = CIRCLE('',#6929,1.6);
#6929 = AXIS2_PLACEMENT_3D('',#6930,#6931,#6932);
#6930 = CARTESIAN_POINT('',(1.004895823462E+03,0.,128.64844317741));
#6931 = DIRECTION('',(0.780668286694,-0.186573296525,-0.596445664897));
#6932 = DIRECTION('',(0.607105809059,4.163336342344E-17,0.794621001866)
  );
#6933 = PCURVE('',#6934,#6939);
#6934 = CYLINDRICAL_SURFACE('',#6935,1.6);
#6935 = AXIS2_PLACEMENT_3D('',#6936,#6937,#6938);
#6936 = CARTESIAN_POINT('',(871.,32.,230.94744111674));
#6937 = DIRECTION('',(0.780668286694,-0.186573296525,-0.596445664897));
#6938 = DIRECTION('',(0.607105809059,2.775557561563E-17,0.794621001866)
  );
#6939 = DEFINITIONAL_REPRESENTATION('',(#6940),#6944);
#6940 = LINE('',#6941,#6942);
#6941 = CARTESIAN_POINT('',(0.,171.51436243055));
#6942 = VECTOR('',#6943,1.);
#6943 = DIRECTION('',(1.,0.));
#6944 = ( GEOMETRIC_REPRESENTATION_CONTEXT(2) 
PARAMETRIC_REPRESENTATION_CONTEXT() REPRESENTATION_CONTEXT('2D SPACE',''
  ) );
#6945 = PCURVE('',#6946,#6951);
#6946 = PLANE('',#6947);
#6947 = AXIS2_PLACEMENT_3D('',#6948,#6949,#6950);
#6948 = CARTESIAN_POINT('',(1.004895823462E+03,0.,128.64844317741));
#6949 = DIRECTION('',(0.780668286694,-0.186573296525,-0.596445664897));
#6950 = DIRECTION('',(0.607105809059,2.775557561563E-17,0.794621001866)
  );
#6951 = DEFINITIONAL_REPRESENTATION('',(#6952),#6956);
#6952 = CIRCLE('',#6953,1.6);
#6953 = AXIS2_PLACEMENT_2D('',#6954,#6955);
#6954 = CARTESIAN_POINT('',(0.,0.));
#6955 = DIRECTION('',(1.,0.));
#6956 = ( GEOMETRIC_REPRESENTATION_CONTEXT(2) 
PARAMETRIC_REPRESENTATION_CONTEXT() REPRESENTATION_CONTEXT('2D SPACE',''
  ) );
#6957 = ORIENTED_EDGE('',*,*,#6958,.F.);
#6958 = EDGE_CURVE('',#6959,#6925,#6961,.T.);
#6959 = VERTEX_POINT('',#6960);
#6960 = CARTESIAN_POINT('',(871.97136929449,32.,232.21883471972));
#6961 = SEAM_CURVE('',#6962,(#6966,#6973),.PCURVE_S1.);
#6962 = LINE('',#6963,#6964);
#6963 = CARTESIAN_POINT('',(871.97136929449,32.,232.21883471972));
#6964 = VECTOR('',#6965,1.);
#6965 = DIRECTION('',(0.780668286694,-0.186573296525,-0.596445664897));
#6966 = PCURVE('',#6934,#6967);
#6967 = DEFINITIONAL_REPRESENTATION('',(#6968),#6972);
#6968 = LINE('',#6969,#6970);
#6969 = CARTESIAN_POINT('',(6.28318530718,-0.));
#6970 = VECTOR('',#6971,1.);
#6971 = DIRECTION('',(0.,1.));
#6972 = ( GEOMETRIC_REPRESENTATION_CONTEXT(2) 
PARAMETRIC_REPRESENTATION_CONTEXT() REPRESENTATION_CONTEXT('2D SPACE',''
  ) );
#6973 = PCURVE('',#6934,#6974);
#6974 = DEFINITIONAL_REPRESENTATION('',(#6975),#6979);
#6975 = LINE('',#6976,#6977);
#6976 = CARTESIAN_POINT('',(0.,-0.));
#6977 = VECTOR('',#6978,1.);
#6978 = DIRECTION('',(0.,1.));
#6979 = ( GEOMETRIC_REPRESENTATION_CONTEXT(2) 
PARAMETRIC_REPRESENTATION_CONTEXT() REPRESENTATION_CONTEXT('2D SPACE',''
  ) );
#6980 = ORIENTED_EDGE('',*,*,#6981,.T.);
#6981 = EDGE_CURVE('',#6959,#6959,#6982,.T.);
#6982 = SURFACE_CURVE('',#6983,(#6988,#6995),.PCURVE_S1.);
#6983 = CIRCLE('',#6984,1.6);
#6984 = AXIS2_PLACEMENT_3D('',#6985,#6986,#6987);
#6985 = CARTESIAN_POINT('',(871.,32.,230.94744111674));
#6986 = DIRECTION('',(0.780668286694,-0.186573296525,-0.596445664897));
#6987 = DIRECTION('',(0.607105809059,4.163336342344E-17,0.794621001866)
  );
#6988 = PCURVE('',#6934,#6989);
#6989 = DEFINITIONAL_REPRESENTATION('',(#6990),#6994);
#6990 = LINE('',#6991,#6992);
#6991 = CARTESIAN_POINT('',(0.,0.));
#6992 = VECTOR('',#6993,1.);
#6993 = DIRECTION('',(1.,0.));
#6994 = ( GEOMETRIC_REPRESENTATION_CONTEXT(2) 
PARAMETRIC_REPRESENTATION_CONTEXT() REPRESENTATION_CONTEXT('2D SPACE',''
  ) );
#6995 = PCURVE('',#6996,#7001);
#6996 = PLANE('',#6997);
#6997 = AXIS2_PLACEMENT_3D('',#6998,#6999,#7000);
#6998 = CARTESIAN_POINT('',(871.,32.,230.94744111674));
#6999 = DIRECTION('',(0.780668286694,-0.186573296525,-0.596445664897));
#7000 = DIRECTION('',(0.607105809059,2.775557561563E-17,0.794621001866)
  );
#7001 = DEFINITIONAL_REPRESENTATION('',(#7002),#7006);
#7002 = CIRCLE('',#7003,1.6);
#7003 = AXIS2_PLACEMENT_2D('',#7004,#7005);
#7004 = CARTESIAN_POINT('',(0.,0.));
#7005 = DIRECTION('',(1.,0.));
#7006 = ( GEOMETRIC_REPRESENTATION_CONTEXT(2) 
PARAMETRIC_REPRESENTATION_CONTEXT() REPRESENTATION_CONTEXT('2D SPACE',''
  ) );
#7007 = ORIENTED_EDGE('',*,*,#6958,.T.);
#7008 = ADVANCED_FACE('',(#7009),#6946,.T.);
#7009 = FACE_BOUND('',#7010,.T.);
#7010 = EDGE_LOOP('',(#7011));
#7011 = ORIENTED_EDGE('',*,*,#6924,.T.);
#7012 = ADVANCED_FACE('',(#7013),#6996,.F.);
#7013 = FACE_BOUND('',#7014,.T.);
#7014 = EDGE_LOOP('',(#7015));
#7015 = ORIENTED_EDGE('',*,*,#6981,.F.);
#7016 = ( GEOMETRIC_REPRESENTATION_CONTEXT(3) 
GLOBAL_UNCERTAINTY_ASSIGNED_CONTEXT((#7020)) 
GLOBAL_UNIT_ASSIGNED_CONTEXT((#7017,#7018,#7019)) REPRESENTATION_CONTEXT
('Context #1','3D Context with UNIT and UNCERTAINTY') );
#7017 = ( LENGTH_UNIT() NAMED_UNIT(*) SI_UNIT(.MILLI.,.METRE.) );
#7018 = ( NAMED_UNIT(*) PLANE_ANGLE_UNIT() SI_UNIT($,.RADIAN.) );
#7019 = ( NAMED_UNIT(*) SI_UNIT($,.STERADIAN.) SOLID_ANGLE_UNIT() );
#7020 = UNCERTAINTY_MEASURE_WITH_UNIT(LENGTH_MEASURE(1.E-07),#7017,
  'distance_accuracy_value','confusion accuracy');
#7021 = CONTEXT_DEPENDENT_SHAPE_REPRESENTATION(#7022,#7024);
#7022 = ( REPRESENTATION_RELATIONSHIP('','',#6917,#4624) 
REPRESENTATION_RELATIONSHIP_WITH_TRANSFORMATION(#7023) 
SHAPE_REPRESENTATION_RELATIONSHIP() );
#7023 = ITEM_DEFINED_TRANSFORMATION('','',#11,#4697);
#7024 = PRODUCT_DEFINITION_SHAPE('Placement','Placement of an item',
  #7025);
#7025 = NEXT_ASSEMBLY_USAGE_OCCURRENCE('175','=>[0:1:1:55]','',#4619,
  #6912,$);
#7026 = PRODUCT_RELATED_PRODUCT_CATEGORY('part',$,(#6914));
#7027 = SHAPE_DEFINITION_REPRESENTATION(#7028,#7034);
#7028 = PRODUCT_DEFINITION_SHAPE('','',#7029);
#7029 = PRODUCT_DEFINITION('design','',#7030,#7033);
#7030 = PRODUCT_DEFINITION_FORMATION('','',#7031);
#7031 = PRODUCT('SOLID','SOLID','',(#7032));
#7032 = PRODUCT_CONTEXT('',#2,'mechanical');
#7033 = PRODUCT_DEFINITION_CONTEXT('part definition',#2,'design');
#7034 = ADVANCED_BREP_SHAPE_REPRESENTATION('',(#11,#7035),#7133);
#7035 = MANIFOLD_SOLID_BREP('',#7036);
#7036 = CLOSED_SHELL('',(#7037,#7125,#7129));
#7037 = ADVANCED_FACE('',(#7038),#7051,.T.);
#7038 = FACE_BOUND('',#7039,.T.);
#7039 = EDGE_LOOP('',(#7040,#7074,#7097,#7124));
#7040 = ORIENTED_EDGE('',*,*,#7041,.F.);
#7041 = EDGE_CURVE('',#7042,#7042,#7044,.T.);
#7042 = VERTEX_POINT('',#7043);
#7043 = CARTESIAN_POINT('',(1.038140159283E+03,7.453008107392E-15,
    187.05107489287));
#7044 = SURFACE_CURVE('',#7045,(#7050,#7062),.PCURVE_S1.);
#7045 = CIRCLE('',#7046,1.6);
#7046 = AXIS2_PLACEMENT_3D('',#7047,#7048,#7049);
#7047 = CARTESIAN_POINT('',(1.037662212947E+03,7.105427357601E-15,
    185.5241278407));
#7048 = DIRECTION('',(0.937584660082,0.186573296525,-0.293471310699));
#7049 = DIRECTION('',(0.298716459861,0.,0.954341907603));
#7050 = PCURVE('',#7051,#7056);
#7051 = CYLINDRICAL_SURFACE('',#7052,1.6);
#7052 = AXIS2_PLACEMENT_3D('',#7053,#7054,#7055);
#7053 = CARTESIAN_POINT('',(876.85297774861,-32.,235.85867258689));
#7054 = DIRECTION('',(0.937584660082,0.186573296525,-0.293471310699));
#7055 = DIRECTION('',(0.298716459861,6.938893903907E-18,0.954341907603)
  );
#7056 = DEFINITIONAL_REPRESENTATION('',(#7057),#7061);
#7057 = LINE('',#7058,#7059);
#7058 = CARTESIAN_POINT('',(0.,171.51436243055));
#7059 = VECTOR('',#7060,1.);
#7060 = DIRECTION('',(1.,0.));
#7061 = ( GEOMETRIC_REPRESENTATION_CONTEXT(2) 
PARAMETRIC_REPRESENTATION_CONTEXT() REPRESENTATION_CONTEXT('2D SPACE',''
  ) );
#7062 = PCURVE('',#7063,#7068);
#7063 = PLANE('',#7064);
#7064 = AXIS2_PLACEMENT_3D('',#7065,#7066,#7067);
#7065 = CARTESIAN_POINT('',(1.037662212947E+03,7.105427357601E-15,
    185.5241278407));
#7066 = DIRECTION('',(0.937584660082,0.186573296525,-0.293471310699));
#7067 = DIRECTION('',(0.298716459861,6.938893903907E-18,0.954341907603)
  );
#7068 = DEFINITIONAL_REPRESENTATION('',(#7069),#7073);
#7069 = CIRCLE('',#7070,1.6);
#7070 = AXIS2_PLACEMENT_2D('',#7071,#7072);
#7071 = CARTESIAN_POINT('',(0.,0.));
#7072 = DIRECTION('',(1.,0.));
#7073 = ( GEOMETRIC_REPRESENTATION_CONTEXT(2) 
PARAMETRIC_REPRESENTATION_CONTEXT() REPRESENTATION_CONTEXT('2D SPACE',''
  ) );
#7074 = ORIENTED_EDGE('',*,*,#7075,.F.);
#7075 = EDGE_CURVE('',#7076,#7042,#7078,.T.);
#7076 = VERTEX_POINT('',#7077);
#7077 = CARTESIAN_POINT('',(877.33092408439,-32.,237.38561963906));
#7078 = SEAM_CURVE('',#7079,(#7083,#7090),.PCURVE_S1.);
#7079 = LINE('',#7080,#7081);
#7080 = CARTESIAN_POINT('',(877.33092408439,-32.,237.38561963906));
#7081 = VECTOR('',#7082,1.);
#7082 = DIRECTION('',(0.937584660082,0.186573296525,-0.293471310699));
#7083 = PCURVE('',#7051,#7084);
#7084 = DEFINITIONAL_REPRESENTATION('',(#7085),#7089);
#7085 = LINE('',#7086,#7087);
#7086 = CARTESIAN_POINT('',(6.28318530718,-0.));
#7087 = VECTOR('',#7088,1.);
#7088 = DIRECTION('',(0.,1.));
#7089 = ( GEOMETRIC_REPRESENTATION_CONTEXT(2) 
PARAMETRIC_REPRESENTATION_CONTEXT() REPRESENTATION_CONTEXT('2D SPACE',''
  ) );
#7090 = PCURVE('',#7051,#7091);
#7091 = DEFINITIONAL_REPRESENTATION('',(#7092),#7096);
#7092 = LINE('',#7093,#7094);
#7093 = CARTESIAN_POINT('',(0.,-0.));
#7094 = VECTOR('',#7095,1.);
#7095 = DIRECTION('',(0.,1.));
#7096 = ( GEOMETRIC_REPRESENTATION_CONTEXT(2) 
PARAMETRIC_REPRESENTATION_CONTEXT() REPRESENTATION_CONTEXT('2D SPACE',''
  ) );
#7097 = ORIENTED_EDGE('',*,*,#7098,.T.);
#7098 = EDGE_CURVE('',#7076,#7076,#7099,.T.);
#7099 = SURFACE_CURVE('',#7100,(#7105,#7112),.PCURVE_S1.);
#7100 = CIRCLE('',#7101,1.6);
#7101 = AXIS2_PLACEMENT_3D('',#7102,#7103,#7104);
#7102 = CARTESIAN_POINT('',(876.85297774861,-32.,235.85867258689));
#7103 = DIRECTION('',(0.937584660082,0.186573296525,-0.293471310699));
#7104 = DIRECTION('',(0.298716459861,0.,0.954341907603));
#7105 = PCURVE('',#7051,#7106);
#7106 = DEFINITIONAL_REPRESENTATION('',(#7107),#7111);
#7107 = LINE('',#7108,#7109);
#7108 = CARTESIAN_POINT('',(0.,0.));
#7109 = VECTOR('',#7110,1.);
#7110 = DIRECTION('',(1.,0.));
#7111 = ( GEOMETRIC_REPRESENTATION_CONTEXT(2) 
PARAMETRIC_REPRESENTATION_CONTEXT() REPRESENTATION_CONTEXT('2D SPACE',''
  ) );
#7112 = PCURVE('',#7113,#7118);
#7113 = PLANE('',#7114);
#7114 = AXIS2_PLACEMENT_3D('',#7115,#7116,#7117);
#7115 = CARTESIAN_POINT('',(876.85297774861,-32.,235.85867258689));
#7116 = DIRECTION('',(0.937584660082,0.186573296525,-0.293471310699));
#7117 = DIRECTION('',(0.298716459861,6.938893903907E-18,0.954341907603)
  );
#7118 = DEFINITIONAL_REPRESENTATION('',(#7119),#7123);
#7119 = CIRCLE('',#7120,1.6);
#7120 = AXIS2_PLACEMENT_2D('',#7121,#7122);
#7121 = CARTESIAN_POINT('',(0.,0.));
#7122 = DIRECTION('',(1.,0.));
#7123 = ( GEOMETRIC_REPRESENTATION_CONTEXT(2) 
PARAMETRIC_REPRESENTATION_CONTEXT() REPRESENTATION_CONTEXT('2D SPACE',''
  ) );
#7124 = ORIENTED_EDGE('',*,*,#7075,.T.);
#7125 = ADVANCED_FACE('',(#7126),#7063,.T.);
#7126 = FACE_BOUND('',#7127,.T.);
#7127 = EDGE_LOOP('',(#7128));
#7128 = ORIENTED_EDGE('',*,*,#7041,.T.);
#7129 = ADVANCED_FACE('',(#7130),#7113,.F.);
#7130 = FACE_BOUND('',#7131,.T.);
#7131 = EDGE_LOOP('',(#7132));
#7132 = ORIENTED_EDGE('',*,*,#7098,.F.);
#7133 = ( GEOMETRIC_REPRESENTATION_CONTEXT(3) 
GLOBAL_UNCERTAINTY_ASSIGNED_CONTEXT((#7137)) 
GLOBAL_UNIT_ASSIGNED_CONTEXT((#7134,#7135,#7136)) REPRESENTATION_CONTEXT
('Context #1','3D Context with UNIT and UNCERTAINTY') );
#7134 = ( LENGTH_UNIT() NAMED_UNIT(*) SI_UNIT(.MILLI.,.METRE.) );
#7135 = ( NAMED_UNIT(*) PLANE_ANGLE_UNIT() SI_UNIT($,.RADIAN.) );
#7136 = ( NAMED_UNIT(*) SI_UNIT($,.STERADIAN.) SOLID_ANGLE_UNIT() );
#7137 = UNCERTAINTY_MEASURE_WITH_UNIT(LENGTH_MEASURE(1.E-07),#7134,
  'distance_accuracy_value','confusion accuracy');
#7138 = CONTEXT_DEPENDENT_SHAPE_REPRESENTATION(#7139,#7141);
#7139 = ( REPRESENTATION_RELATIONSHIP('','',#7034,#4624) 
REPRESENTATION_RELATIONSHIP_WITH_TRANSFORMATION(#7140) 
SHAPE_REPRESENTATION_RELATIONSHIP() );
#7140 = ITEM_DEFINED_TRANSFORMATION('','',#11,#4701);
#7141 = PRODUCT_DEFINITION_SHAPE('Placement','Placement of an item',
  #7142);
#7142 = NEXT_ASSEMBLY_USAGE_OCCURRENCE('176','=>[0:1:1:56]','',#4619,
  #7029,$);
#7143 = PRODUCT_RELATED_PRODUCT_CATEGORY('part',$,(#7031));
#7144 = SHAPE_DEFINITION_REPRESENTATION(#7145,#7151);
#7145 = PRODUCT_DEFINITION_SHAPE('','',#7146);
#7146 = PRODUCT_DEFINITION('design','',#7147,#7150);
#7147 = PRODUCT_DEFINITION_FORMATION('','',#7148);
#7148 = PRODUCT('SOLID','SOLID','',(#7149));
#7149 = PRODUCT_CONTEXT('',#2,'mechanical');
#7150 = PRODUCT_DEFINITION_CONTEXT('part definition',#2,'design');
#7151 = ADVANCED_BREP_SHAPE_REPRESENTATION('',(#11,#7152),#7250);
#7152 = MANIFOLD_SOLID_BREP('',#7153);
#7153 = CLOSED_SHELL('',(#7154,#7242,#7246));
#7154 = ADVANCED_FACE('',(#7155),#7168,.T.);
#7155 = FACE_BOUND('',#7156,.T.);
#7156 = EDGE_LOOP('',(#7157,#7191,#7214,#7241));
#7157 = ORIENTED_EDGE('',*,*,#7158,.F.);
#7158 = EDGE_CURVE('',#7159,#7159,#7161,.T.);
#7159 = VERTEX_POINT('',#7160);
#7160 = CARTESIAN_POINT('',(1.049298736173E+03,1.571848409362,
    250.17655424893));
#7161 = SURFACE_CURVE('',#7162,(#7167,#7179),.PCURVE_S1.);
#7162 = CIRCLE('',#7163,1.6);
#7163 = AXIS2_PLACEMENT_3D('',#7164,#7165,#7166);
#7164 = CARTESIAN_POINT('',(1.048999917536E+03,-7.105427357601E-15,
    250.17655424893));
#7165 = DIRECTION('',(0.981414486188,-0.186573296525,4.490001474494E-02)
  );
#7166 = DIRECTION('',(0.186761648301,0.982405255851,0.));
#7167 = PCURVE('',#7168,#7173);
#7168 = CYLINDRICAL_SURFACE('',#7169,1.6);
#7169 = AXIS2_PLACEMENT_3D('',#7170,#7171,#7172);
#7170 = CARTESIAN_POINT('',(880.67323765729,32.,242.47555684683));
#7171 = DIRECTION('',(0.981414486188,-0.186573296525,4.490001474494E-02)
  );
#7172 = DIRECTION('',(0.186761648301,0.982405255851,0.));
#7173 = DEFINITIONAL_REPRESENTATION('',(#7174),#7178);
#7174 = LINE('',#7175,#7176);
#7175 = CARTESIAN_POINT('',(0.,171.51436243055));
#7176 = VECTOR('',#7177,1.);
#7177 = DIRECTION('',(1.,0.));
#7178 = ( GEOMETRIC_REPRESENTATION_CONTEXT(2) 
PARAMETRIC_REPRESENTATION_CONTEXT() REPRESENTATION_CONTEXT('2D SPACE',''
  ) );
#7179 = PCURVE('',#7180,#7185);
#7180 = PLANE('',#7181);
#7181 = AXIS2_PLACEMENT_3D('',#7182,#7183,#7184);
#7182 = CARTESIAN_POINT('',(1.048999917536E+03,-7.105427357601E-15,
    250.17655424893));
#7183 = DIRECTION('',(0.981414486188,-0.186573296525,4.490001474494E-02)
  );
#7184 = DIRECTION('',(0.186761648301,0.982405255851,0.));
#7185 = DEFINITIONAL_REPRESENTATION('',(#7186),#7190);
#7186 = CIRCLE('',#7187,1.6);
#7187 = AXIS2_PLACEMENT_2D('',#7188,#7189);
#7188 = CARTESIAN_POINT('',(0.,0.));
#7189 = DIRECTION('',(1.,0.));
#7190 = ( GEOMETRIC_REPRESENTATION_CONTEXT(2) 
PARAMETRIC_REPRESENTATION_CONTEXT() REPRESENTATION_CONTEXT('2D SPACE',''
  ) );
#7191 = ORIENTED_EDGE('',*,*,#7192,.F.);
#7192 = EDGE_CURVE('',#7193,#7159,#7195,.T.);
#7193 = VERTEX_POINT('',#7194);
#7194 = CARTESIAN_POINT('',(880.97205629457,33.571848409362,
    242.47555684683));
#7195 = SEAM_CURVE('',#7196,(#7200,#7207),.PCURVE_S1.);
#7196 = LINE('',#7197,#7198);
#7197 = CARTESIAN_POINT('',(880.97205629457,33.571848409362,
    242.47555684683));
#7198 = VECTOR('',#7199,1.);
#7199 = DIRECTION('',(0.981414486188,-0.186573296525,4.490001474494E-02)
  );
#7200 = PCURVE('',#7168,#7201);
#7201 = DEFINITIONAL_REPRESENTATION('',(#7202),#7206);
#7202 = LINE('',#7203,#7204);
#7203 = CARTESIAN_POINT('',(6.28318530718,-0.));
#7204 = VECTOR('',#7205,1.);
#7205 = DIRECTION('',(0.,1.));
#7206 = ( GEOMETRIC_REPRESENTATION_CONTEXT(2) 
PARAMETRIC_REPRESENTATION_CONTEXT() REPRESENTATION_CONTEXT('2D SPACE',''
  ) );
#7207 = PCURVE('',#7168,#7208);
#7208 = DEFINITIONAL_REPRESENTATION('',(#7209),#7213);
#7209 = LINE('',#7210,#7211);
#7210 = CARTESIAN_POINT('',(0.,-0.));
#7211 = VECTOR('',#7212,1.);
#7212 = DIRECTION('',(0.,1.));
#7213 = ( GEOMETRIC_REPRESENTATION_CONTEXT(2) 
PARAMETRIC_REPRESENTATION_CONTEXT() REPRESENTATION_CONTEXT('2D SPACE',''
  ) );
#7214 = ORIENTED_EDGE('',*,*,#7215,.T.);
#7215 = EDGE_CURVE('',#7193,#7193,#7216,.T.);
#7216 = SURFACE_CURVE('',#7217,(#7222,#7229),.PCURVE_S1.);
#7217 = CIRCLE('',#7218,1.6);
#7218 = AXIS2_PLACEMENT_3D('',#7219,#7220,#7221);
#7219 = CARTESIAN_POINT('',(880.67323765729,32.,242.47555684683));
#7220 = DIRECTION('',(0.981414486188,-0.186573296525,4.490001474494E-02)
  );
#7221 = DIRECTION('',(0.186761648301,0.982405255851,0.));
#7222 = PCURVE('',#7168,#7223);
#7223 = DEFINITIONAL_REPRESENTATION('',(#7224),#7228);
#7224 = LINE('',#7225,#7226);
#7225 = CARTESIAN_POINT('',(0.,0.));
#7226 = VECTOR('',#7227,1.);
#7227 = DIRECTION('',(1.,0.));
#7228 = ( GEOMETRIC_REPRESENTATION_CONTEXT(2) 
PARAMETRIC_REPRESENTATION_CONTEXT() REPRESENTATION_CONTEXT('2D SPACE',''
  ) );
#7229 = PCURVE('',#7230,#7235);
#7230 = PLANE('',#7231);
#7231 = AXIS2_PLACEMENT_3D('',#7232,#7233,#7234);
#7232 = CARTESIAN_POINT('',(880.67323765729,32.,242.47555684683));
#7233 = DIRECTION('',(0.981414486188,-0.186573296525,4.490001474494E-02)
  );
#7234 = DIRECTION('',(0.186761648301,0.982405255851,0.));
#7235 = DEFINITIONAL_REPRESENTATION('',(#7236),#7240);
#7236 = CIRCLE('',#7237,1.6);
#7237 = AXIS2_PLACEMENT_2D('',#7238,#7239);
#7238 = CARTESIAN_POINT('',(0.,0.));
#7239 = DIRECTION('',(1.,0.));
#7240 = ( GEOMETRIC_REPRESENTATION_CONTEXT(2) 
PARAMETRIC_REPRESENTATION_CONTEXT() REPRESENTATION_CONTEXT('2D SPACE',''
  ) );
#7241 = ORIENTED_EDGE('',*,*,#7192,.T.);
#7242 = ADVANCED_FACE('',(#7243),#7180,.T.);
#7243 = FACE_BOUND('',#7244,.T.);
#7244 = EDGE_LOOP('',(#7245));
#7245 = ORIENTED_EDGE('',*,*,#7158,.T.);
#7246 = ADVANCED_FACE('',(#7247),#7230,.F.);
#7247 = FACE_BOUND('',#7248,.T.);
#7248 = EDGE_LOOP('',(#7249));
#7249 = ORIENTED_EDGE('',*,*,#7215,.F.);
#7250 = ( GEOMETRIC_REPRESENTATION_CONTEXT(3) 
GLOBAL_UNCERTAINTY_ASSIGNED_CONTEXT((#7254)) 
GLOBAL_UNIT_ASSIGNED_CONTEXT((#7251,#7252,#7253)) REPRESENTATION_CONTEXT
('Context #1','3D Context with UNIT and UNCERTAINTY') );
#7251 = ( LENGTH_UNIT() NAMED_UNIT(*) SI_UNIT(.MILLI.,.METRE.) );
#7252 = ( NAMED_UNIT(*) PLANE_ANGLE_UNIT() SI_UNIT($,.RADIAN.) );
#7253 = ( NAMED_UNIT(*) SI_UNIT($,.STERADIAN.) SOLID_ANGLE_UNIT() );
#7254 = UNCERTAINTY_MEASURE_WITH_UNIT(LENGTH_MEASURE(1.E-07),#7251,
  'distance_accuracy_value','confusion accuracy');
#7255 = CONTEXT_DEPENDENT_SHAPE_REPRESENTATION(#7256,#7258);
#7256 = ( REPRESENTATION_RELATIONSHIP('','',#7151,#4624) 
REPRESENTATION_RELATIONSHIP_WITH_TRANSFORMATION(#7257) 
SHAPE_REPRESENTATION_RELATIONSHIP() );
#7257 = ITEM_DEFINED_TRANSFORMATION('','',#11,#4705);
#7258 = PRODUCT_DEFINITION_SHAPE('Placement','Placement of an item',
  #7259);
#7259 = NEXT_ASSEMBLY_USAGE_OCCURRENCE('177','=>[0:1:1:57]','',#4619,
  #7146,$);
#7260 = PRODUCT_RELATED_PRODUCT_CATEGORY('part',$,(#7148));
#7261 = SHAPE_DEFINITION_REPRESENTATION(#7262,#7268);
#7262 = PRODUCT_DEFINITION_SHAPE('','',#7263);
#7263 = PRODUCT_DEFINITION('design','',#7264,#7267);
#7264 = PRODUCT_DEFINITION_FORMATION('','',#7265);
#7265 = PRODUCT('COMPOUND','COMPOUND','',(#7266));
#7266 = PRODUCT_CONTEXT('',#2,'mechanical');
#7267 = PRODUCT_DEFINITION_CONTEXT('part definition',#2,'design');
#7268 = SHAPE_REPRESENTATION('',(#11,#7269,#7273),#7277);
#7269 = AXIS2_PLACEMENT_3D('',#7270,#7271,#7272);
#7270 = CARTESIAN_POINT('',(0.,0.,0.));
#7271 = DIRECTION('',(0.,0.,1.));
#7272 = DIRECTION('',(1.,0.,-0.));
#7273 = AXIS2_PLACEMENT_3D('',#7274,#7275,#7276);
#7274 = CARTESIAN_POINT('',(0.,0.,0.));
#7275 = DIRECTION('',(0.,0.,1.));
#7276 = DIRECTION('',(1.,0.,-0.));
#7277 = ( GEOMETRIC_REPRESENTATION_CONTEXT(3) 
GLOBAL_UNCERTAINTY_ASSIGNED_CONTEXT((#7281)) 
GLOBAL_UNIT_ASSIGNED_CONTEXT((#7278,#7279,#7280)) REPRESENTATION_CONTEXT
('Context #1','3D Context with UNIT and UNCERTAINTY') );
#7278 = ( LENGTH_UNIT() NAMED_UNIT(*) SI_UNIT(.MILLI.,.METRE.) );
#7279 = ( NAMED_UNIT(*) PLANE_ANGLE_UNIT() SI_UNIT($,.RADIAN.) );
#7280 = ( NAMED_UNIT(*) SI_UNIT($,.STERADIAN.) SOLID_ANGLE_UNIT() );
#7281 = UNCERTAINTY_MEASURE_WITH_UNIT(LENGTH_MEASURE(1.E-07),#7278,
  'distance_accuracy_value','confusion accuracy');
#7282 = CONTEXT_DEPENDENT_SHAPE_REPRESENTATION(#7283,#7285);
#7283 = ( REPRESENTATION_RELATIONSHIP('','',#7268,#10) 
REPRESENTATION_RELATIONSHIP_WITH_TRANSFORMATION(#7284) 
SHAPE_REPRESENTATION_RELATIONSHIP() );
#7284 = ITEM_DEFINED_TRANSFORMATION('','',#11,#43);
#7285 = PRODUCT_DEFINITION_SHAPE('Placement','Placement of an item',
  #7286);
#7286 = NEXT_ASSEMBLY_USAGE_OCCURRENCE('202','=>[0:1:1:58]','',#5,#7263,
  $);
#7287 = PRODUCT_RELATED_PRODUCT_CATEGORY('part',$,(#7265));
#7288 = SHAPE_DEFINITION_REPRESENTATION(#7289,#7295);
#7289 = PRODUCT_DEFINITION_SHAPE('','',#7290);
#7290 = PRODUCT_DEFINITION('design','',#7291,#7294);
#7291 = PRODUCT_DEFINITION_FORMATION('','',#7292);
#7292 = PRODUCT('COMPOUND','COMPOUND','',(#7293));
#7293 = PRODUCT_CONTEXT('',#2,'mechanical');
#7294 = PRODUCT_DEFINITION_CONTEXT('part definition',#2,'design');
#7295 = SHAPE_REPRESENTATION('',(#11,#7296,#7300,#7304,#7308,#7312,#7316
    ,#7320,#7324,#7328,#7332,#7336,#7340,#7344,#7348,#7352,#7356,#7360,
    #7364,#7368,#7372,#7376),#7380);
#7296 = AXIS2_PLACEMENT_3D('',#7297,#7298,#7299);
#7297 = CARTESIAN_POINT('',(0.,0.,0.));
#7298 = DIRECTION('',(0.,0.,1.));
#7299 = DIRECTION('',(1.,0.,-0.));
#7300 = AXIS2_PLACEMENT_3D('',#7301,#7302,#7303);
#7301 = CARTESIAN_POINT('',(0.,0.,0.));
#7302 = DIRECTION('',(0.,0.,1.));
#7303 = DIRECTION('',(1.,0.,-0.));
#7304 = AXIS2_PLACEMENT_3D('',#7305,#7306,#7307);
#7305 = CARTESIAN_POINT('',(0.,0.,0.));
#7306 = DIRECTION('',(0.,0.,1.));
#7307 = DIRECTION('',(1.,0.,-0.));
#7308 = AXIS2_PLACEMENT_3D('',#7309,#7310,#7311);
#7309 = CARTESIAN_POINT('',(0.,0.,0.));
#7310 = DIRECTION('',(0.,0.,1.));
#7311 = DIRECTION('',(1.,0.,-0.));
#7312 = AXIS2_PLACEMENT_3D('',#7313,#7314,#7315);
#7313 = CARTESIAN_POINT('',(0.,0.,0.));
#7314 = DIRECTION('',(0.,0.,1.));
#7315 = DIRECTION('',(1.,0.,-0.));
#7316 = AXIS2_PLACEMENT_3D('',#7317,#7318,#7319);
#7317 = CARTESIAN_POINT('',(0.,0.,0.));
#7318 = DIRECTION('',(0.,0.,1.));
#7319 = DIRECTION('',(1.,0.,-0.));
#7320 = AXIS2_PLACEMENT_3D('',#7321,#7322,#7323);
#7321 = CARTESIAN_POINT('',(0.,0.,0.));
#7322 = DIRECTION('',(0.,0.,1.));
#7323 = DIRECTION('',(1.,0.,-0.));
#7324 = AXIS2_PLACEMENT_3D('',#7325,#7326,#7327);
#7325 = CARTESIAN_POINT('',(0.,0.,0.));
#7326 = DIRECTION('',(0.,0.,1.));
#7327 = DIRECTION('',(1.,0.,-0.));
#7328 = AXIS2_PLACEMENT_3D('',#7329,#7330,#7331);
#7329 = CARTESIAN_POINT('',(0.,0.,0.));
#7330 = DIRECTION('',(0.,0.,1.));
#7331 = DIRECTION('',(1.,0.,-0.));
#7332 = AXIS2_PLACEMENT_3D('',#7333,#7334,#7335);
#7333 = CARTESIAN_POINT('',(0.,0.,0.));
#7334 = DIRECTION('',(0.,0.,1.));
#7335 = DIRECTION('',(1.,0.,-0.));
#7336 = AXIS2_PLACEMENT_3D('',#7337,#7338,#7339);
#7337 = CARTESIAN_POINT('',(0.,0.,0.));
#7338 = DIRECTION('',(0.,0.,1.));
#7339 = DIRECTION('',(1.,0.,-0.));
#7340 = AXIS2_PLACEMENT_3D('',#7341,#7342,#7343);
#7341 = CARTESIAN_POINT('',(0.,0.,0.));
#7342 = DIRECTION('',(0.,0.,1.));
#7343 = DIRECTION('',(1.,0.,-0.));
#7344 = AXIS2_PLACEMENT_3D('',#7345,#7346,#7347);
#7345 = CARTESIAN_POINT('',(0.,0.,0.));
#7346 = DIRECTION('',(0.,0.,1.));
#7347 = DIRECTION('',(1.,0.,-0.));
#7348 = AXIS2_PLACEMENT_3D('',#7349,#7350,#7351);
#7349 = CARTESIAN_POINT('',(0.,0.,0.));
#7350 = DIRECTION('',(0.,0.,1.));
#7351 = DIRECTION('',(1.,0.,-0.));
#7352 = AXIS2_PLACEMENT_3D('',#7353,#7354,#7355);
#7353 = CARTESIAN_POINT('',(0.,0.,0.));
#7354 = DIRECTION('',(0.,0.,1.));
#7355 = DIRECTION('',(1.,0.,-0.));
#7356 = AXIS2_PLACEMENT_3D('',#7357,#7358,#7359);
#7357 = CARTESIAN_POINT('',(0.,0.,0.));
#7358 = DIRECTION('',(0.,0.,1.));
#7359 = DIRECTION('',(1.,0.,-0.));
#7360 = AXIS2_PLACEMENT_3D('',#7361,#7362,#7363);
#7361 = CARTESIAN_POINT('',(0.,0.,0.));
#7362 = DIRECTION('',(0.,0.,1.));
#7363 = DIRECTION('',(1.,0.,-0.));
#7364 = AXIS2_PLACEMENT_3D('',#7365,#7366,#7367);
#7365 = CARTESIAN_POINT('',(0.,0.,0.));
#7366 = DIRECTION('',(0.,0.,1.));
#7367 = DIRECTION('',(1.,0.,-0.));
#7368 = AXIS2_PLACEMENT_3D('',#7369,#7370,#7371);
#7369 = CARTESIAN_POINT('',(0.,0.,0.));
#7370 = DIRECTION('',(0.,0.,1.));
#7371 = DIRECTION('',(1.,0.,-0.));
#7372 = AXIS2_PLACEMENT_3D('',#7373,#7374,#7375);
#7373 = CARTESIAN_POINT('',(0.,0.,0.));
#7374 = DIRECTION('',(0.,0.,1.));
#7375 = DIRECTION('',(1.,0.,-0.));
#7376 = AXIS2_PLACEMENT_3D('',#7377,#7378,#7379);
#7377 = CARTESIAN_POINT('',(0.,0.,0.));
#7378 = DIRECTION('',(0.,0.,1.));
#7379 = DIRECTION('',(1.,0.,-0.));
#7380 = ( GEOMETRIC_REPRESENTATION_CONTEXT(3) 
GLOBAL_UNCERTAINTY_ASSIGNED_CONTEXT((#7384)) 
GLOBAL_UNIT_ASSIGNED_CONTEXT((#7381,#7382,#7383)) REPRESENTATION_CONTEXT
('Context #1','3D Context with UNIT and UNCERTAINTY') );
#7381 = ( LENGTH_UNIT() NAMED_UNIT(*) SI_UNIT(.MILLI.,.METRE.) );
#7382 = ( NAMED_UNIT(*) PLANE_ANGLE_UNIT() SI_UNIT($,.RADIAN.) );
#7383 = ( NAMED_UNIT(*) SI_UNIT($,.STERADIAN.) SOLID_ANGLE_UNIT() );
#7384 = UNCERTAINTY_MEASURE_WITH_UNIT(LENGTH_MEASURE(1.E-07),#7381,
  'distance_accuracy_value','confusion accuracy');
#7385 = CONTEXT_DEPENDENT_SHAPE_REPRESENTATION(#7386,#7388);
#7386 = ( REPRESENTATION_RELATIONSHIP('','',#7295,#7268) 
REPRESENTATION_RELATIONSHIP_WITH_TRANSFORMATION(#7387) 
SHAPE_REPRESENTATION_RELATIONSHIP() );
#7387 = ITEM_DEFINED_TRANSFORMATION('','',#11,#7269);
#7388 = PRODUCT_DEFINITION_SHAPE('Placement','Placement of an item',
  #7389);
#7389 = NEXT_ASSEMBLY_USAGE_OCCURRENCE('200','=>[0:1:1:59]','',#7263,
  #7290,$);
#7390 = PRODUCT_RELATED_PRODUCT_CATEGORY('part',$,(#7292));
#7391 = SHAPE_DEFINITION_REPRESENTATION(#7392,#7398);
#7392 = PRODUCT_DEFINITION_SHAPE('','',#7393);
#7393 = PRODUCT_DEFINITION('design','',#7394,#7397);
#7394 = PRODUCT_DEFINITION_FORMATION('','',#7395);
#7395 = PRODUCT('SOLID','SOLID','',(#7396));
#7396 = PRODUCT_CONTEXT('',#2,'mechanical');
#7397 = PRODUCT_DEFINITION_CONTEXT('part definition',#2,'design');
#7398 = ADVANCED_BREP_SHAPE_REPRESENTATION('',(#11,#7399),#7581);
#7399 = MANIFOLD_SOLID_BREP('',#7400);
#7400 = CLOSED_SHELL('',(#7401,#7489,#7524,#7554));
#7401 = ADVANCED_FACE('',(#7402),#7415,.T.);
#7402 = FACE_BOUND('',#7403,.T.);
#7403 = EDGE_LOOP('',(#7404,#7438,#7461,#7488));
#7404 = ORIENTED_EDGE('',*,*,#7405,.F.);
#7405 = EDGE_CURVE('',#7406,#7406,#7408,.T.);
#7406 = VERTEX_POINT('',#7407);
#7407 = CARTESIAN_POINT('',(-5.119023620436E-14,13.,459.));
#7408 = SURFACE_CURVE('',#7409,(#7414,#7426),.PCURVE_S1.);
#7409 = CIRCLE('',#7410,209.);
#7410 = AXIS2_PLACEMENT_3D('',#7411,#7412,#7413);
#7411 = CARTESIAN_POINT('',(0.,13.,250.));
#7412 = DIRECTION('',(0.,1.,0.));
#7413 = DIRECTION('',(0.,-0.,1.));
#7414 = PCURVE('',#7415,#7420);
#7415 = CYLINDRICAL_SURFACE('',#7416,209.);
#7416 = AXIS2_PLACEMENT_3D('',#7417,#7418,#7419);
#7417 = CARTESIAN_POINT('',(0.,-13.,250.));
#7418 = DIRECTION('',(0.,1.,0.));
#7419 = DIRECTION('',(0.,-0.,1.));
#7420 = DEFINITIONAL_REPRESENTATION('',(#7421),#7425);
#7421 = LINE('',#7422,#7423);
#7422 = CARTESIAN_POINT('',(0.,26.));
#7423 = VECTOR('',#7424,1.);
#7424 = DIRECTION('',(1.,0.));
#7425 = ( GEOMETRIC_REPRESENTATION_CONTEXT(2) 
PARAMETRIC_REPRESENTATION_CONTEXT() REPRESENTATION_CONTEXT('2D SPACE',''
  ) );
#7426 = PCURVE('',#7427,#7432);
#7427 = PLANE('',#7428);
#7428 = AXIS2_PLACEMENT_3D('',#7429,#7430,#7431);
#7429 = CARTESIAN_POINT('',(0.,13.,250.));
#7430 = DIRECTION('',(0.,1.,0.));
#7431 = DIRECTION('',(0.,-0.,1.));
#7432 = DEFINITIONAL_REPRESENTATION('',(#7433),#7437);
#7433 = CIRCLE('',#7434,209.);
#7434 = AXIS2_PLACEMENT_2D('',#7435,#7436);
#7435 = CARTESIAN_POINT('',(0.,0.));
#7436 = DIRECTION('',(1.,0.));
#7437 = ( GEOMETRIC_REPRESENTATION_CONTEXT(2) 
PARAMETRIC_REPRESENTATION_CONTEXT() REPRESENTATION_CONTEXT('2D SPACE',''
  ) );
#7438 = ORIENTED_EDGE('',*,*,#7439,.F.);
#7439 = EDGE_CURVE('',#7440,#7406,#7442,.T.);
#7440 = VERTEX_POINT('',#7441);
#7441 = CARTESIAN_POINT('',(-5.119023620436E-14,-13.,459.));
#7442 = SEAM_CURVE('',#7443,(#7447,#7454),.PCURVE_S1.);
#7443 = LINE('',#7444,#7445);
#7444 = CARTESIAN_POINT('',(-5.119023620436E-14,-13.,459.));
#7445 = VECTOR('',#7446,1.);
#7446 = DIRECTION('',(0.,1.,0.));
#7447 = PCURVE('',#7415,#7448);
#7448 = DEFINITIONAL_REPRESENTATION('',(#7449),#7453);
#7449 = LINE('',#7450,#7451);
#7450 = CARTESIAN_POINT('',(6.28318530718,-0.));
#7451 = VECTOR('',#7452,1.);
#7452 = DIRECTION('',(0.,1.));
#7453 = ( GEOMETRIC_REPRESENTATION_CONTEXT(2) 
PARAMETRIC_REPRESENTATION_CONTEXT() REPRESENTATION_CONTEXT('2D SPACE',''
  ) );
#7454 = PCURVE('',#7415,#7455);
#7455 = DEFINITIONAL_REPRESENTATION('',(#7456),#7460);
#7456 = LINE('',#7457,#7458);
#7457 = CARTESIAN_POINT('',(0.,-0.));
#7458 = VECTOR('',#7459,1.);
#7459 = DIRECTION('',(0.,1.));
#7460 = ( GEOMETRIC_REPRESENTATION_CONTEXT(2) 
PARAMETRIC_REPRESENTATION_CONTEXT() REPRESENTATION_CONTEXT('2D SPACE',''
  ) );
#7461 = ORIENTED_EDGE('',*,*,#7462,.T.);
#7462 = EDGE_CURVE('',#7440,#7440,#7463,.T.);
#7463 = SURFACE_CURVE('',#7464,(#7469,#7476),.PCURVE_S1.);
#7464 = CIRCLE('',#7465,209.);
#7465 = AXIS2_PLACEMENT_3D('',#7466,#7467,#7468);
#7466 = CARTESIAN_POINT('',(0.,-13.,250.));
#7467 = DIRECTION('',(0.,1.,0.));
#7468 = DIRECTION('',(0.,-0.,1.));
#7469 = PCURVE('',#7415,#7470);
#7470 = DEFINITIONAL_REPRESENTATION('',(#7471),#7475);
#7471 = LINE('',#7472,#7473);
#7472 = CARTESIAN_POINT('',(0.,0.));
#7473 = VECTOR('',#7474,1.);
#7474 = DIRECTION('',(1.,0.));
#7475 = ( GEOMETRIC_REPRESENTATION_CONTEXT(2) 
PARAMETRIC_REPRESENTATION_CONTEXT() REPRESENTATION_CONTEXT('2D SPACE',''
  ) );
#7476 = PCURVE('',#7477,#7482);
#7477 = PLANE('',#7478);
#7478 = AXIS2_PLACEMENT_3D('',#7479,#7480,#7481);
#7479 = CARTESIAN_POINT('',(0.,-13.,250.));
#7480 = DIRECTION('',(0.,1.,0.));
#7481 = DIRECTION('',(0.,-0.,1.));
#7482 = DEFINITIONAL_REPRESENTATION('',(#7483),#7487);
#7483 = CIRCLE('',#7484,209.);
#7484 = AXIS2_PLACEMENT_2D('',#7485,#7486);
#7485 = CARTESIAN_POINT('',(0.,0.));
#7486 = DIRECTION('',(1.,0.));
#7487 = ( GEOMETRIC_REPRESENTATION_CONTEXT(2) 
PARAMETRIC_REPRESENTATION_CONTEXT() REPRESENTATION_CONTEXT('2D SPACE',''
  ) );
#7488 = ORIENTED_EDGE('',*,*,#7439,.T.);
#7489 = ADVANCED_FACE('',(#7490,#7493),#7427,.T.);
#7490 = FACE_BOUND('',#7491,.T.);
#7491 = EDGE_LOOP('',(#7492));
#7492 = ORIENTED_EDGE('',*,*,#7405,.T.);
#7493 = FACE_BOUND('',#7494,.T.);
#7494 = EDGE_LOOP('',(#7495));
#7495 = ORIENTED_EDGE('',*,*,#7496,.F.);
#7496 = EDGE_CURVE('',#7497,#7497,#7499,.T.);
#7497 = VERTEX_POINT('',#7498);
#7498 = CARTESIAN_POINT('',(-4.629164900777E-14,13.,439.));
#7499 = SURFACE_CURVE('',#7500,(#7505,#7512),.PCURVE_S1.);
#7500 = CIRCLE('',#7501,189.);
#7501 = AXIS2_PLACEMENT_3D('',#7502,#7503,#7504);
#7502 = CARTESIAN_POINT('',(0.,13.,250.));
#7503 = DIRECTION('',(0.,1.,0.));
#7504 = DIRECTION('',(0.,-0.,1.));
#7505 = PCURVE('',#7427,#7506);
#7506 = DEFINITIONAL_REPRESENTATION('',(#7507),#7511);
#7507 = CIRCLE('',#7508,189.);
#7508 = AXIS2_PLACEMENT_2D('',#7509,#7510);
#7509 = CARTESIAN_POINT('',(0.,0.));
#7510 = DIRECTION('',(1.,0.));
#7511 = ( GEOMETRIC_REPRESENTATION_CONTEXT(2) 
PARAMETRIC_REPRESENTATION_CONTEXT() REPRESENTATION_CONTEXT('2D SPACE',''
  ) );
#7512 = PCURVE('',#7513,#7518);
#7513 = CYLINDRICAL_SURFACE('',#7514,189.);
#7514 = AXIS2_PLACEMENT_3D('',#7515,#7516,#7517);
#7515 = CARTESIAN_POINT('',(0.,-13.,250.));
#7516 = DIRECTION('',(0.,1.,0.));
#7517 = DIRECTION('',(0.,-0.,1.));
#7518 = DEFINITIONAL_REPRESENTATION('',(#7519),#7523);
#7519 = LINE('',#7520,#7521);
#7520 = CARTESIAN_POINT('',(0.,26.));
#7521 = VECTOR('',#7522,1.);
#7522 = DIRECTION('',(1.,0.));
#7523 = ( GEOMETRIC_REPRESENTATION_CONTEXT(2) 
PARAMETRIC_REPRESENTATION_CONTEXT() REPRESENTATION_CONTEXT('2D SPACE',''
  ) );
#7524 = ADVANCED_FACE('',(#7525,#7528),#7477,.F.);
#7525 = FACE_BOUND('',#7526,.F.);
#7526 = EDGE_LOOP('',(#7527));
#7527 = ORIENTED_EDGE('',*,*,#7462,.T.);
#7528 = FACE_BOUND('',#7529,.F.);
#7529 = EDGE_LOOP('',(#7530));
#7530 = ORIENTED_EDGE('',*,*,#7531,.F.);
#7531 = EDGE_CURVE('',#7532,#7532,#7534,.T.);
#7532 = VERTEX_POINT('',#7533);
#7533 = CARTESIAN_POINT('',(-4.629164900777E-14,-13.,439.));
#7534 = SURFACE_CURVE('',#7535,(#7540,#7547),.PCURVE_S1.);
#7535 = CIRCLE('',#7536,189.);
#7536 = AXIS2_PLACEMENT_3D('',#7537,#7538,#7539);
#7537 = CARTESIAN_POINT('',(0.,-13.,250.));
#7538 = DIRECTION('',(0.,1.,0.));
#7539 = DIRECTION('',(0.,-0.,1.));
#7540 = PCURVE('',#7477,#7541);
#7541 = DEFINITIONAL_REPRESENTATION('',(#7542),#7546);
#7542 = CIRCLE('',#7543,189.);
#7543 = AXIS2_PLACEMENT_2D('',#7544,#7545);
#7544 = CARTESIAN_POINT('',(0.,0.));
#7545 = DIRECTION('',(1.,0.));
#7546 = ( GEOMETRIC_REPRESENTATION_CONTEXT(2) 
PARAMETRIC_REPRESENTATION_CONTEXT() REPRESENTATION_CONTEXT('2D SPACE',''
  ) );
#7547 = PCURVE('',#7513,#7548);
#7548 = DEFINITIONAL_REPRESENTATION('',(#7549),#7553);
#7549 = LINE('',#7550,#7551);
#7550 = CARTESIAN_POINT('',(0.,0.));
#7551 = VECTOR('',#7552,1.);
#7552 = DIRECTION('',(1.,0.));
#7553 = ( GEOMETRIC_REPRESENTATION_CONTEXT(2) 
PARAMETRIC_REPRESENTATION_CONTEXT() REPRESENTATION_CONTEXT('2D SPACE',''
  ) );
#7554 = ADVANCED_FACE('',(#7555),#7513,.F.);
#7555 = FACE_BOUND('',#7556,.F.);
#7556 = EDGE_LOOP('',(#7557,#7558,#7579,#7580));
#7557 = ORIENTED_EDGE('',*,*,#7496,.F.);
#7558 = ORIENTED_EDGE('',*,*,#7559,.F.);
#7559 = EDGE_CURVE('',#7532,#7497,#7560,.T.);
#7560 = SEAM_CURVE('',#7561,(#7565,#7572),.PCURVE_S1.);
#7561 = LINE('',#7562,#7563);
#7562 = CARTESIAN_POINT('',(-4.629164900777E-14,-13.,439.));
#7563 = VECTOR('',#7564,1.);
#7564 = DIRECTION('',(0.,1.,0.));
#7565 = PCURVE('',#7513,#7566);
#7566 = DEFINITIONAL_REPRESENTATION('',(#7567),#7571);
#7567 = LINE('',#7568,#7569);
#7568 = CARTESIAN_POINT('',(6.28318530718,-0.));
#7569 = VECTOR('',#7570,1.);
#7570 = DIRECTION('',(0.,1.));
#7571 = ( GEOMETRIC_REPRESENTATION_CONTEXT(2) 
PARAMETRIC_REPRESENTATION_CONTEXT() REPRESENTATION_CONTEXT('2D SPACE',''
  ) );
#7572 = PCURVE('',#7513,#7573);
#7573 = DEFINITIONAL_REPRESENTATION('',(#7574),#7578);
#7574 = LINE('',#7575,#7576);
#7575 = CARTESIAN_POINT('',(0.,-0.));
#7576 = VECTOR('',#7577,1.);
#7577 = DIRECTION('',(0.,1.));
#7578 = ( GEOMETRIC_REPRESENTATION_CONTEXT(2) 
PARAMETRIC_REPRESENTATION_CONTEXT() REPRESENTATION_CONTEXT('2D SPACE',''
  ) );
#7579 = ORIENTED_EDGE('',*,*,#7531,.T.);
#7580 = ORIENTED_EDGE('',*,*,#7559,.T.);
#7581 = ( GEOMETRIC_REPRESENTATION_CONTEXT(3) 
GLOBAL_UNCERTAINTY_ASSIGNED_CONTEXT((#7585)) 
GLOBAL_UNIT_ASSIGNED_CONTEXT((#7582,#7583,#7584)) REPRESENTATION_CONTEXT
('Context #1','3D Context with UNIT and UNCERTAINTY') );
#7582 = ( LENGTH_UNIT() NAMED_UNIT(*) SI_UNIT(.MILLI.,.METRE.) );
#7583 = ( NAMED_UNIT(*) PLANE_ANGLE_UNIT() SI_UNIT($,.RADIAN.) );
#7584 = ( NAMED_UNIT(*) SI_UNIT($,.STERADIAN.) SOLID_ANGLE_UNIT() );
#7585 = UNCERTAINTY_MEASURE_WITH_UNIT(LENGTH_MEASURE(1.E-07),#7582,
  'distance_accuracy_value','confusion accuracy');
#7586 = CONTEXT_DEPENDENT_SHAPE_REPRESENTATION(#7587,#7589);
#7587 = ( REPRESENTATION_RELATIONSHIP('','',#7398,#7295) 
REPRESENTATION_RELATIONSHIP_WITH_TRANSFORMATION(#7588) 
SHAPE_REPRESENTATION_RELATIONSHIP() );
#7588 = ITEM_DEFINED_TRANSFORMATION('','',#11,#7296);
#7589 = PRODUCT_DEFINITION_SHAPE('Placement','Placement of an item',
  #7590);
#7590 = NEXT_ASSEMBLY_USAGE_OCCURRENCE('179','=>[0:1:1:60]','',#7290,
  #7393,$);
#7591 = PRODUCT_RELATED_PRODUCT_CATEGORY('part',$,(#7395));
#7592 = SHAPE_DEFINITION_REPRESENTATION(#7593,#7599);
#7593 = PRODUCT_DEFINITION_SHAPE('','',#7594);
#7594 = PRODUCT_DEFINITION('design','',#7595,#7598);
#7595 = PRODUCT_DEFINITION_FORMATION('','',#7596);
#7596 = PRODUCT('SOLID','SOLID','',(#7597));
#7597 = PRODUCT_CONTEXT('',#2,'mechanical');
#7598 = PRODUCT_DEFINITION_CONTEXT('part definition',#2,'design');
#7599 = ADVANCED_BREP_SHAPE_REPRESENTATION('',(#11,#7600),#7698);
#7600 = MANIFOLD_SOLID_BREP('',#7601);
#7601 = CLOSED_SHELL('',(#7602,#7690,#7694));
#7602 = ADVANCED_FACE('',(#7603),#7616,.T.);
#7603 = FACE_BOUND('',#7604,.T.);
#7604 = EDGE_LOOP('',(#7605,#7639,#7662,#7689));
#7605 = ORIENTED_EDGE('',*,*,#7606,.F.);
#7606 = EDGE_CURVE('',#7607,#7607,#7609,.T.);
#7607 = VERTEX_POINT('',#7608);
#7608 = CARTESIAN_POINT('',(-7.837739514543E-15,55.,282.));
#7609 = SURFACE_CURVE('',#7610,(#7615,#7627),.PCURVE_S1.);
#7610 = CIRCLE('',#7611,32.);
#7611 = AXIS2_PLACEMENT_3D('',#7612,#7613,#7614);
#7612 = CARTESIAN_POINT('',(0.,55.,250.));
#7613 = DIRECTION('',(0.,1.,0.));
#7614 = DIRECTION('',(0.,-0.,1.));
#7615 = PCURVE('',#7616,#7621);
#7616 = CYLINDRICAL_SURFACE('',#7617,32.);
#7617 = AXIS2_PLACEMENT_3D('',#7618,#7619,#7620);
#7618 = CARTESIAN_POINT('',(0.,-55.,250.));
#7619 = DIRECTION('',(0.,1.,0.));
#7620 = DIRECTION('',(0.,-0.,1.));
#7621 = DEFINITIONAL_REPRESENTATION('',(#7622),#7626);
#7622 = LINE('',#7623,#7624);
#7623 = CARTESIAN_POINT('',(0.,110.));
#7624 = VECTOR('',#7625,1.);
#7625 = DIRECTION('',(1.,0.));
#7626 = ( GEOMETRIC_REPRESENTATION_CONTEXT(2) 
PARAMETRIC_REPRESENTATION_CONTEXT() REPRESENTATION_CONTEXT('2D SPACE',''
  ) );
#7627 = PCURVE('',#7628,#7633);
#7628 = PLANE('',#7629);
#7629 = AXIS2_PLACEMENT_3D('',#7630,#7631,#7632);
#7630 = CARTESIAN_POINT('',(0.,55.,250.));
#7631 = DIRECTION('',(0.,1.,0.));
#7632 = DIRECTION('',(0.,-0.,1.));
#7633 = DEFINITIONAL_REPRESENTATION('',(#7634),#7638);
#7634 = CIRCLE('',#7635,32.);
#7635 = AXIS2_PLACEMENT_2D('',#7636,#7637);
#7636 = CARTESIAN_POINT('',(0.,0.));
#7637 = DIRECTION('',(1.,0.));
#7638 = ( GEOMETRIC_REPRESENTATION_CONTEXT(2) 
PARAMETRIC_REPRESENTATION_CONTEXT() REPRESENTATION_CONTEXT('2D SPACE',''
  ) );
#7639 = ORIENTED_EDGE('',*,*,#7640,.F.);
#7640 = EDGE_CURVE('',#7641,#7607,#7643,.T.);
#7641 = VERTEX_POINT('',#7642);
#7642 = CARTESIAN_POINT('',(-7.837739514543E-15,-55.,282.));
#7643 = SEAM_CURVE('',#7644,(#7648,#7655),.PCURVE_S1.);
#7644 = LINE('',#7645,#7646);
#7645 = CARTESIAN_POINT('',(-7.837739514543E-15,-55.,282.));
#7646 = VECTOR('',#7647,1.);
#7647 = DIRECTION('',(0.,1.,0.));
#7648 = PCURVE('',#7616,#7649);
#7649 = DEFINITIONAL_REPRESENTATION('',(#7650),#7654);
#7650 = LINE('',#7651,#7652);
#7651 = CARTESIAN_POINT('',(6.28318530718,-0.));
#7652 = VECTOR('',#7653,1.);
#7653 = DIRECTION('',(0.,1.));
#7654 = ( GEOMETRIC_REPRESENTATION_CONTEXT(2) 
PARAMETRIC_REPRESENTATION_CONTEXT() REPRESENTATION_CONTEXT('2D SPACE',''
  ) );
#7655 = PCURVE('',#7616,#7656);
#7656 = DEFINITIONAL_REPRESENTATION('',(#7657),#7661);
#7657 = LINE('',#7658,#7659);
#7658 = CARTESIAN_POINT('',(0.,-0.));
#7659 = VECTOR('',#7660,1.);
#7660 = DIRECTION('',(0.,1.));
#7661 = ( GEOMETRIC_REPRESENTATION_CONTEXT(2) 
PARAMETRIC_REPRESENTATION_CONTEXT() REPRESENTATION_CONTEXT('2D SPACE',''
  ) );
#7662 = ORIENTED_EDGE('',*,*,#7663,.T.);
#7663 = EDGE_CURVE('',#7641,#7641,#7664,.T.);
#7664 = SURFACE_CURVE('',#7665,(#7670,#7677),.PCURVE_S1.);
#7665 = CIRCLE('',#7666,32.);
#7666 = AXIS2_PLACEMENT_3D('',#7667,#7668,#7669);
#7667 = CARTESIAN_POINT('',(0.,-55.,250.));
#7668 = DIRECTION('',(0.,1.,0.));
#7669 = DIRECTION('',(0.,-0.,1.));
#7670 = PCURVE('',#7616,#7671);
#7671 = DEFINITIONAL_REPRESENTATION('',(#7672),#7676);
#7672 = LINE('',#7673,#7674);
#7673 = CARTESIAN_POINT('',(0.,0.));
#7674 = VECTOR('',#7675,1.);
#7675 = DIRECTION('',(1.,0.));
#7676 = ( GEOMETRIC_REPRESENTATION_CONTEXT(2) 
PARAMETRIC_REPRESENTATION_CONTEXT() REPRESENTATION_CONTEXT('2D SPACE',''
  ) );
#7677 = PCURVE('',#7678,#7683);
#7678 = PLANE('',#7679);
#7679 = AXIS2_PLACEMENT_3D('',#7680,#7681,#7682);
#7680 = CARTESIAN_POINT('',(0.,-55.,250.));
#7681 = DIRECTION('',(0.,1.,0.));
#7682 = DIRECTION('',(0.,-0.,1.));
#7683 = DEFINITIONAL_REPRESENTATION('',(#7684),#7688);
#7684 = CIRCLE('',#7685,32.);
#7685 = AXIS2_PLACEMENT_2D('',#7686,#7687);
#7686 = CARTESIAN_POINT('',(0.,0.));
#7687 = DIRECTION('',(1.,0.));
#7688 = ( GEOMETRIC_REPRESENTATION_CONTEXT(2) 
PARAMETRIC_REPRESENTATION_CONTEXT() REPRESENTATION_CONTEXT('2D SPACE',''
  ) );
#7689 = ORIENTED_EDGE('',*,*,#7640,.T.);
#7690 = ADVANCED_FACE('',(#7691),#7628,.T.);
#7691 = FACE_BOUND('',#7692,.T.);
#7692 = EDGE_LOOP('',(#7693));
#7693 = ORIENTED_EDGE('',*,*,#7606,.T.);
#7694 = ADVANCED_FACE('',(#7695),#7678,.F.);
#7695 = FACE_BOUND('',#7696,.T.);
#7696 = EDGE_LOOP('',(#7697));
#7697 = ORIENTED_EDGE('',*,*,#7663,.F.);
#7698 = ( GEOMETRIC_REPRESENTATION_CONTEXT(3) 
GLOBAL_UNCERTAINTY_ASSIGNED_CONTEXT((#7702)) 
GLOBAL_UNIT_ASSIGNED_CONTEXT((#7699,#7700,#7701)) REPRESENTATION_CONTEXT
('Context #1','3D Context with UNIT and UNCERTAINTY') );
#7699 = ( LENGTH_UNIT() NAMED_UNIT(*) SI_UNIT(.MILLI.,.METRE.) );
#7700 = ( NAMED_UNIT(*) PLANE_ANGLE_UNIT() SI_UNIT($,.RADIAN.) );
#7701 = ( NAMED_UNIT(*) SI_UNIT($,.STERADIAN.) SOLID_ANGLE_UNIT() );
#7702 = UNCERTAINTY_MEASURE_WITH_UNIT(LENGTH_MEASURE(1.E-07),#7699,
  'distance_accuracy_value','confusion accuracy');
#7703 = CONTEXT_DEPENDENT_SHAPE_REPRESENTATION(#7704,#7706);
#7704 = ( REPRESENTATION_RELATIONSHIP('','',#7599,#7295) 
REPRESENTATION_RELATIONSHIP_WITH_TRANSFORMATION(#7705) 
SHAPE_REPRESENTATION_RELATIONSHIP() );
#7705 = ITEM_DEFINED_TRANSFORMATION('','',#11,#7300);
#7706 = PRODUCT_DEFINITION_SHAPE('Placement','Placement of an item',
  #7707);
#7707 = NEXT_ASSEMBLY_USAGE_OCCURRENCE('180','=>[0:1:1:61]','',#7290,
  #7594,$);
#7708 = PRODUCT_RELATED_PRODUCT_CATEGORY('part',$,(#7596));
#7709 = SHAPE_DEFINITION_REPRESENTATION(#7710,#7716);
#7710 = PRODUCT_DEFINITION_SHAPE('','',#7711);
#7711 = PRODUCT_DEFINITION('design','',#7712,#7715);
#7712 = PRODUCT_DEFINITION_FORMATION('','',#7713);
#7713 = PRODUCT('SOLID','SOLID','',(#7714));
#7714 = PRODUCT_CONTEXT('',#2,'mechanical');
#7715 = PRODUCT_DEFINITION_CONTEXT('part definition',#2,'design');
#7716 = ADVANCED_BREP_SHAPE_REPRESENTATION('',(#11,#7717),#7815);
#7717 = MANIFOLD_SOLID_BREP('',#7718);
#7718 = CLOSED_SHELL('',(#7719,#7807,#7811));
#7719 = ADVANCED_FACE('',(#7720),#7733,.T.);
#7720 = FACE_BOUND('',#7721,.T.);
#7721 = EDGE_LOOP('',(#7722,#7756,#7779,#7806));
#7722 = ORIENTED_EDGE('',*,*,#7723,.F.);
#7723 = EDGE_CURVE('',#7724,#7724,#7726,.T.);
#7724 = VERTEX_POINT('',#7725);
#7725 = CARTESIAN_POINT('',(-1.469576158977E-15,70.,256.));
#7726 = SURFACE_CURVE('',#7727,(#7732,#7744),.PCURVE_S1.);
#7727 = CIRCLE('',#7728,6.);
#7728 = AXIS2_PLACEMENT_3D('',#7729,#7730,#7731);
#7729 = CARTESIAN_POINT('',(0.,70.,250.));
#7730 = DIRECTION('',(0.,1.,0.));
#7731 = DIRECTION('',(0.,-0.,1.));
#7732 = PCURVE('',#7733,#7738);
#7733 = CYLINDRICAL_SURFACE('',#7734,6.);
#7734 = AXIS2_PLACEMENT_3D('',#7735,#7736,#7737);
#7735 = CARTESIAN_POINT('',(0.,-70.,250.));
#7736 = DIRECTION('',(0.,1.,0.));
#7737 = DIRECTION('',(0.,-0.,1.));
#7738 = DEFINITIONAL_REPRESENTATION('',(#7739),#7743);
#7739 = LINE('',#7740,#7741);
#7740 = CARTESIAN_POINT('',(0.,140.));
#7741 = VECTOR('',#7742,1.);
#7742 = DIRECTION('',(1.,0.));
#7743 = ( GEOMETRIC_REPRESENTATION_CONTEXT(2) 
PARAMETRIC_REPRESENTATION_CONTEXT() REPRESENTATION_CONTEXT('2D SPACE',''
  ) );
#7744 = PCURVE('',#7745,#7750);
#7745 = PLANE('',#7746);
#7746 = AXIS2_PLACEMENT_3D('',#7747,#7748,#7749);
#7747 = CARTESIAN_POINT('',(0.,70.,250.));
#7748 = DIRECTION('',(0.,1.,0.));
#7749 = DIRECTION('',(0.,-0.,1.));
#7750 = DEFINITIONAL_REPRESENTATION('',(#7751),#7755);
#7751 = CIRCLE('',#7752,6.);
#7752 = AXIS2_PLACEMENT_2D('',#7753,#7754);
#7753 = CARTESIAN_POINT('',(0.,0.));
#7754 = DIRECTION('',(1.,0.));
#7755 = ( GEOMETRIC_REPRESENTATION_CONTEXT(2) 
PARAMETRIC_REPRESENTATION_CONTEXT() REPRESENTATION_CONTEXT('2D SPACE',''
  ) );
#7756 = ORIENTED_EDGE('',*,*,#7757,.F.);
#7757 = EDGE_CURVE('',#7758,#7724,#7760,.T.);
#7758 = VERTEX_POINT('',#7759);
#7759 = CARTESIAN_POINT('',(-1.469576158977E-15,-70.,256.));
#7760 = SEAM_CURVE('',#7761,(#7765,#7772),.PCURVE_S1.);
#7761 = LINE('',#7762,#7763);
#7762 = CARTESIAN_POINT('',(-1.469576158977E-15,-70.,256.));
#7763 = VECTOR('',#7764,1.);
#7764 = DIRECTION('',(0.,1.,0.));
#7765 = PCURVE('',#7733,#7766);
#7766 = DEFINITIONAL_REPRESENTATION('',(#7767),#7771);
#7767 = LINE('',#7768,#7769);
#7768 = CARTESIAN_POINT('',(6.28318530718,-0.));
#7769 = VECTOR('',#7770,1.);
#7770 = DIRECTION('',(0.,1.));
#7771 = ( GEOMETRIC_REPRESENTATION_CONTEXT(2) 
PARAMETRIC_REPRESENTATION_CONTEXT() REPRESENTATION_CONTEXT('2D SPACE',''
  ) );
#7772 = PCURVE('',#7733,#7773);
#7773 = DEFINITIONAL_REPRESENTATION('',(#7774),#7778);
#7774 = LINE('',#7775,#7776);
#7775 = CARTESIAN_POINT('',(0.,-0.));
#7776 = VECTOR('',#7777,1.);
#7777 = DIRECTION('',(0.,1.));
#7778 = ( GEOMETRIC_REPRESENTATION_CONTEXT(2) 
PARAMETRIC_REPRESENTATION_CONTEXT() REPRESENTATION_CONTEXT('2D SPACE',''
  ) );
#7779 = ORIENTED_EDGE('',*,*,#7780,.T.);
#7780 = EDGE_CURVE('',#7758,#7758,#7781,.T.);
#7781 = SURFACE_CURVE('',#7782,(#7787,#7794),.PCURVE_S1.);
#7782 = CIRCLE('',#7783,6.);
#7783 = AXIS2_PLACEMENT_3D('',#7784,#7785,#7786);
#7784 = CARTESIAN_POINT('',(0.,-70.,250.));
#7785 = DIRECTION('',(0.,1.,0.));
#7786 = DIRECTION('',(0.,-0.,1.));
#7787 = PCURVE('',#7733,#7788);
#7788 = DEFINITIONAL_REPRESENTATION('',(#7789),#7793);
#7789 = LINE('',#7790,#7791);
#7790 = CARTESIAN_POINT('',(0.,0.));
#7791 = VECTOR('',#7792,1.);
#7792 = DIRECTION('',(1.,0.));
#7793 = ( GEOMETRIC_REPRESENTATION_CONTEXT(2) 
PARAMETRIC_REPRESENTATION_CONTEXT() REPRESENTATION_CONTEXT('2D SPACE',''
  ) );
#7794 = PCURVE('',#7795,#7800);
#7795 = PLANE('',#7796);
#7796 = AXIS2_PLACEMENT_3D('',#7797,#7798,#7799);
#7797 = CARTESIAN_POINT('',(0.,-70.,250.));
#7798 = DIRECTION('',(0.,1.,0.));
#7799 = DIRECTION('',(0.,-0.,1.));
#7800 = DEFINITIONAL_REPRESENTATION('',(#7801),#7805);
#7801 = CIRCLE('',#7802,6.);
#7802 = AXIS2_PLACEMENT_2D('',#7803,#7804);
#7803 = CARTESIAN_POINT('',(0.,0.));
#7804 = DIRECTION('',(1.,0.));
#7805 = ( GEOMETRIC_REPRESENTATION_CONTEXT(2) 
PARAMETRIC_REPRESENTATION_CONTEXT() REPRESENTATION_CONTEXT('2D SPACE',''
  ) );
#7806 = ORIENTED_EDGE('',*,*,#7757,.T.);
#7807 = ADVANCED_FACE('',(#7808),#7745,.T.);
#7808 = FACE_BOUND('',#7809,.T.);
#7809 = EDGE_LOOP('',(#7810));
#7810 = ORIENTED_EDGE('',*,*,#7723,.T.);
#7811 = ADVANCED_FACE('',(#7812),#7795,.F.);
#7812 = FACE_BOUND('',#7813,.T.);
#7813 = EDGE_LOOP('',(#7814));
#7814 = ORIENTED_EDGE('',*,*,#7780,.F.);
#7815 = ( GEOMETRIC_REPRESENTATION_CONTEXT(3) 
GLOBAL_UNCERTAINTY_ASSIGNED_CONTEXT((#7819)) 
GLOBAL_UNIT_ASSIGNED_CONTEXT((#7816,#7817,#7818)) REPRESENTATION_CONTEXT
('Context #1','3D Context with UNIT and UNCERTAINTY') );
#7816 = ( LENGTH_UNIT() NAMED_UNIT(*) SI_UNIT(.MILLI.,.METRE.) );
#7817 = ( NAMED_UNIT(*) PLANE_ANGLE_UNIT() SI_UNIT($,.RADIAN.) );
#7818 = ( NAMED_UNIT(*) SI_UNIT($,.STERADIAN.) SOLID_ANGLE_UNIT() );
#7819 = UNCERTAINTY_MEASURE_WITH_UNIT(LENGTH_MEASURE(1.E-07),#7816,
  'distance_accuracy_value','confusion accuracy');
#7820 = CONTEXT_DEPENDENT_SHAPE_REPRESENTATION(#7821,#7823);
#7821 = ( REPRESENTATION_RELATIONSHIP('','',#7716,#7295) 
REPRESENTATION_RELATIONSHIP_WITH_TRANSFORMATION(#7822) 
SHAPE_REPRESENTATION_RELATIONSHIP() );
#7822 = ITEM_DEFINED_TRANSFORMATION('','',#11,#7304);
#7823 = PRODUCT_DEFINITION_SHAPE('Placement','Placement of an item',
  #7824);
#7824 = NEXT_ASSEMBLY_USAGE_OCCURRENCE('181','=>[0:1:1:62]','',#7290,
  #7711,$);
#7825 = PRODUCT_RELATED_PRODUCT_CATEGORY('part',$,(#7713));
#7826 = SHAPE_DEFINITION_REPRESENTATION(#7827,#7833);
#7827 = PRODUCT_DEFINITION_SHAPE('','',#7828);
#7828 = PRODUCT_DEFINITION('design','',#7829,#7832);
#7829 = PRODUCT_DEFINITION_FORMATION('','',#7830);
#7830 = PRODUCT('SOLID','SOLID','',(#7831));
#7831 = PRODUCT_CONTEXT('',#2,'mechanical');
#7832 = PRODUCT_DEFINITION_CONTEXT('part definition',#2,'design');
#7833 = ADVANCED_BREP_SHAPE_REPRESENTATION('',(#11,#7834),#7932);
#7834 = MANIFOLD_SOLID_BREP('',#7835);
#7835 = CLOSED_SHELL('',(#7836,#7924,#7928));
#7836 = ADVANCED_FACE('',(#7837),#7850,.T.);
#7837 = FACE_BOUND('',#7838,.T.);
#7838 = EDGE_LOOP('',(#7839,#7873,#7896,#7923));
#7839 = ORIENTED_EDGE('',*,*,#7840,.F.);
#7840 = EDGE_CURVE('',#7841,#7841,#7843,.T.);
#7841 = VERTEX_POINT('',#7842);
#7842 = CARTESIAN_POINT('',(176.89059319031,-5.597851374828E-15,
    316.26932676856));
#7843 = SURFACE_CURVE('',#7844,(#7849,#7861),.PCURVE_S1.);
#7844 = CIRCLE('',#7845,1.6);
#7845 = AXIS2_PLACEMENT_3D('',#7846,#7847,#7848);
#7846 = CARTESIAN_POINT('',(177.54144272815,0.,314.80768560908));
#7847 = DIRECTION('',(0.880561030719,0.266210672544,0.392102217545));
#7848 = DIRECTION('',(-0.406780961153,1.387778780781E-17,0.913525724675)
  );
#7849 = PCURVE('',#7850,#7855);
#7850 = CYLINDRICAL_SURFACE('',#7851,1.6);
#7851 = AXIS2_PLACEMENT_3D('',#7852,#7853,#7854);
#7852 = CARTESIAN_POINT('',(32.,-44.,250.));
#7853 = DIRECTION('',(0.880561030719,0.266210672544,0.392102217545));
#7854 = DIRECTION('',(-0.406780961153,1.387778780781E-17,0.913525724675)
  );
#7855 = DEFINITIONAL_REPRESENTATION('',(#7856),#7860);
#7856 = LINE('',#7857,#7858);
#7857 = CARTESIAN_POINT('',(0.,165.28262965417));
#7858 = VECTOR('',#7859,1.);
#7859 = DIRECTION('',(1.,0.));
#7860 = ( GEOMETRIC_REPRESENTATION_CONTEXT(2) 
PARAMETRIC_REPRESENTATION_CONTEXT() REPRESENTATION_CONTEXT('2D SPACE',''
  ) );
#7861 = PCURVE('',#7862,#7867);
#7862 = PLANE('',#7863);
#7863 = AXIS2_PLACEMENT_3D('',#7864,#7865,#7866);
#7864 = CARTESIAN_POINT('',(177.54144272815,0.,314.80768560908));
#7865 = DIRECTION('',(0.880561030719,0.266210672544,0.392102217545));
#7866 = DIRECTION('',(-0.406780961153,1.387778780781E-17,0.913525724675)
  );
#7867 = DEFINITIONAL_REPRESENTATION('',(#7868),#7872);
#7868 = CIRCLE('',#7869,1.6);
#7869 = AXIS2_PLACEMENT_2D('',#7870,#7871);
#7870 = CARTESIAN_POINT('',(0.,0.));
#7871 = DIRECTION('',(1.,0.));
#7872 = ( GEOMETRIC_REPRESENTATION_CONTEXT(2) 
PARAMETRIC_REPRESENTATION_CONTEXT() REPRESENTATION_CONTEXT('2D SPACE',''
  ) );
#7873 = ORIENTED_EDGE('',*,*,#7874,.F.);
#7874 = EDGE_CURVE('',#7875,#7841,#7877,.T.);
#7875 = VERTEX_POINT('',#7876);
#7876 = CARTESIAN_POINT('',(31.349150462155,-44.,251.46164115948));
#7877 = SEAM_CURVE('',#7878,(#7882,#7889),.PCURVE_S1.);
#7878 = LINE('',#7879,#7880);
#7879 = CARTESIAN_POINT('',(31.349150462155,-44.,251.46164115948));
#7880 = VECTOR('',#7881,1.);
#7881 = DIRECTION('',(0.880561030719,0.266210672544,0.392102217545));
#7882 = PCURVE('',#7850,#7883);
#7883 = DEFINITIONAL_REPRESENTATION('',(#7884),#7888);
#7884 = LINE('',#7885,#7886);
#7885 = CARTESIAN_POINT('',(6.28318530718,-0.));
#7886 = VECTOR('',#7887,1.);
#7887 = DIRECTION('',(0.,1.));
#7888 = ( GEOMETRIC_REPRESENTATION_CONTEXT(2) 
PARAMETRIC_REPRESENTATION_CONTEXT() REPRESENTATION_CONTEXT('2D SPACE',''
  ) );
#7889 = PCURVE('',#7850,#7890);
#7890 = DEFINITIONAL_REPRESENTATION('',(#7891),#7895);
#7891 = LINE('',#7892,#7893);
#7892 = CARTESIAN_POINT('',(0.,-0.));
#7893 = VECTOR('',#7894,1.);
#7894 = DIRECTION('',(0.,1.));
#7895 = ( GEOMETRIC_REPRESENTATION_CONTEXT(2) 
PARAMETRIC_REPRESENTATION_CONTEXT() REPRESENTATION_CONTEXT('2D SPACE',''
  ) );
#7896 = ORIENTED_EDGE('',*,*,#7897,.T.);
#7897 = EDGE_CURVE('',#7875,#7875,#7898,.T.);
#7898 = SURFACE_CURVE('',#7899,(#7904,#7911),.PCURVE_S1.);
#7899 = CIRCLE('',#7900,1.6);
#7900 = AXIS2_PLACEMENT_3D('',#7901,#7902,#7903);
#7901 = CARTESIAN_POINT('',(32.,-44.,250.));
#7902 = DIRECTION('',(0.880561030719,0.266210672544,0.392102217545));
#7903 = DIRECTION('',(-0.406780961153,1.387778780781E-17,0.913525724675)
  );
#7904 = PCURVE('',#7850,#7905);
#7905 = DEFINITIONAL_REPRESENTATION('',(#7906),#7910);
#7906 = LINE('',#7907,#7908);
#7907 = CARTESIAN_POINT('',(0.,0.));
#7908 = VECTOR('',#7909,1.);
#7909 = DIRECTION('',(1.,0.));
#7910 = ( GEOMETRIC_REPRESENTATION_CONTEXT(2) 
PARAMETRIC_REPRESENTATION_CONTEXT() REPRESENTATION_CONTEXT('2D SPACE',''
  ) );
#7911 = PCURVE('',#7912,#7917);
#7912 = PLANE('',#7913);
#7913 = AXIS2_PLACEMENT_3D('',#7914,#7915,#7916);
#7914 = CARTESIAN_POINT('',(32.,-44.,250.));
#7915 = DIRECTION('',(0.880561030719,0.266210672544,0.392102217545));
#7916 = DIRECTION('',(-0.406780961153,1.387778780781E-17,0.913525724675)
  );
#7917 = DEFINITIONAL_REPRESENTATION('',(#7918),#7922);
#7918 = CIRCLE('',#7919,1.6);
#7919 = AXIS2_PLACEMENT_2D('',#7920,#7921);
#7920 = CARTESIAN_POINT('',(0.,0.));
#7921 = DIRECTION('',(1.,0.));
#7922 = ( GEOMETRIC_REPRESENTATION_CONTEXT(2) 
PARAMETRIC_REPRESENTATION_CONTEXT() REPRESENTATION_CONTEXT('2D SPACE',''
  ) );
#7923 = ORIENTED_EDGE('',*,*,#7874,.T.);
#7924 = ADVANCED_FACE('',(#7925),#7862,.T.);
#7925 = FACE_BOUND('',#7926,.T.);
#7926 = EDGE_LOOP('',(#7927));
#7927 = ORIENTED_EDGE('',*,*,#7840,.T.);
#7928 = ADVANCED_FACE('',(#7929),#7912,.F.);
#7929 = FACE_BOUND('',#7930,.T.);
#7930 = EDGE_LOOP('',(#7931));
#7931 = ORIENTED_EDGE('',*,*,#7897,.F.);
#7932 = ( GEOMETRIC_REPRESENTATION_CONTEXT(3) 
GLOBAL_UNCERTAINTY_ASSIGNED_CONTEXT((#7936)) 
GLOBAL_UNIT_ASSIGNED_CONTEXT((#7933,#7934,#7935)) REPRESENTATION_CONTEXT
('Context #1','3D Context with UNIT and UNCERTAINTY') );
#7933 = ( LENGTH_UNIT() NAMED_UNIT(*) SI_UNIT(.MILLI.,.METRE.) );
#7934 = ( NAMED_UNIT(*) PLANE_ANGLE_UNIT() SI_UNIT($,.RADIAN.) );
#7935 = ( NAMED_UNIT(*) SI_UNIT($,.STERADIAN.) SOLID_ANGLE_UNIT() );
#7936 = UNCERTAINTY_MEASURE_WITH_UNIT(LENGTH_MEASURE(1.E-07),#7933,
  'distance_accuracy_value','confusion accuracy');
#7937 = CONTEXT_DEPENDENT_SHAPE_REPRESENTATION(#7938,#7940);
#7938 = ( REPRESENTATION_RELATIONSHIP('','',#7833,#7295) 
REPRESENTATION_RELATIONSHIP_WITH_TRANSFORMATION(#7939) 
SHAPE_REPRESENTATION_RELATIONSHIP() );
#7939 = ITEM_DEFINED_TRANSFORMATION('','',#11,#7308);
#7940 = PRODUCT_DEFINITION_SHAPE('Placement','Placement of an item',
  #7941);
#7941 = NEXT_ASSEMBLY_USAGE_OCCURRENCE('182','=>[0:1:1:63]','',#7290,
  #7828,$);
#7942 = PRODUCT_RELATED_PRODUCT_CATEGORY('part',$,(#7830));
#7943 = SHAPE_DEFINITION_REPRESENTATION(#7944,#7950);
#7944 = PRODUCT_DEFINITION_SHAPE('','',#7945);
#7945 = PRODUCT_DEFINITION('design','',#7946,#7949);
#7946 = PRODUCT_DEFINITION_FORMATION('','',#7947);
#7947 = PRODUCT('SOLID','SOLID','',(#7948));
#7948 = PRODUCT_CONTEXT('',#2,'mechanical');
#7949 = PRODUCT_DEFINITION_CONTEXT('part definition',#2,'design');
#7950 = ADVANCED_BREP_SHAPE_REPRESENTATION('',(#11,#7951),#8049);
#7951 = MANIFOLD_SOLID_BREP('',#7952);
#7952 = CLOSED_SHELL('',(#7953,#8041,#8045));
#7953 = ADVANCED_FACE('',(#7954),#7967,.T.);
#7954 = FACE_BOUND('',#7955,.T.);
#7955 = EDGE_LOOP('',(#7956,#7990,#8013,#8040));
#7956 = ORIENTED_EDGE('',*,*,#7957,.F.);
#7957 = EDGE_CURVE('',#7958,#7958,#7960,.T.);
#7958 = VERTEX_POINT('',#7959);
#7959 = CARTESIAN_POINT('',(143.55734046789,-2.916988943033E-15,
    372.77294338477));
#7960 = SURFACE_CURVE('',#7961,(#7966,#7978),.PCURVE_S1.);
#7961 = CIRCLE('',#7962,1.6);
#7962 = AXIS2_PLACEMENT_3D('',#7963,#7964,#7965);
#7963 = CARTESIAN_POINT('',(144.6688496947,-7.105427357601E-15,
    371.62205362519));
#7964 = DIRECTION('',(0.693349846075,-0.266210672544,0.669625170354));
#7965 = DIRECTION('',(-0.694693266757,-2.775557561563E-17,0.71930609974)
  );
#7966 = PCURVE('',#7967,#7972);
#7967 = CYLINDRICAL_SURFACE('',#7968,1.6);
#7968 = AXIS2_PLACEMENT_3D('',#7969,#7970,#7971);
#7969 = CARTESIAN_POINT('',(30.070163865149,44.,260.94464458642));
#7970 = DIRECTION('',(0.693349846075,-0.266210672544,0.669625170354));
#7971 = DIRECTION('',(-0.694693266757,-2.775557561563E-17,0.71930609974)
  );
#7972 = DEFINITIONAL_REPRESENTATION('',(#7973),#7977);
#7973 = LINE('',#7974,#7975);
#7974 = CARTESIAN_POINT('',(0.,165.28262965417));
#7975 = VECTOR('',#7976,1.);
#7976 = DIRECTION('',(1.,0.));
#7977 = ( GEOMETRIC_REPRESENTATION_CONTEXT(2) 
PARAMETRIC_REPRESENTATION_CONTEXT() REPRESENTATION_CONTEXT('2D SPACE',''
  ) );
#7978 = PCURVE('',#7979,#7984);
#7979 = PLANE('',#7980);
#7980 = AXIS2_PLACEMENT_3D('',#7981,#7982,#7983);
#7981 = CARTESIAN_POINT('',(144.6688496947,-7.105427357601E-15,
    371.62205362519));
#7982 = DIRECTION('',(0.693349846075,-0.266210672544,0.669625170354));
#7983 = DIRECTION('',(-0.694693266757,-2.775557561563E-17,0.71930609974)
  );
#7984 = DEFINITIONAL_REPRESENTATION('',(#7985),#7989);
#7985 = CIRCLE('',#7986,1.6);
#7986 = AXIS2_PLACEMENT_2D('',#7987,#7988);
#7987 = CARTESIAN_POINT('',(0.,0.));
#7988 = DIRECTION('',(1.,0.));
#7989 = ( GEOMETRIC_REPRESENTATION_CONTEXT(2) 
PARAMETRIC_REPRESENTATION_CONTEXT() REPRESENTATION_CONTEXT('2D SPACE',''
  ) );
#7990 = ORIENTED_EDGE('',*,*,#7991,.F.);
#7991 = EDGE_CURVE('',#7992,#7958,#7994,.T.);
#7992 = VERTEX_POINT('',#7993);
#7993 = CARTESIAN_POINT('',(28.958654638338,44.,262.095534346));
#7994 = SEAM_CURVE('',#7995,(#7999,#8006),.PCURVE_S1.);
#7995 = LINE('',#7996,#7997);
#7996 = CARTESIAN_POINT('',(28.958654638338,44.,262.095534346));
#7997 = VECTOR('',#7998,1.);
#7998 = DIRECTION('',(0.693349846075,-0.266210672544,0.669625170354));
#7999 = PCURVE('',#7967,#8000);
#8000 = DEFINITIONAL_REPRESENTATION('',(#8001),#8005);
#8001 = LINE('',#8002,#8003);
#8002 = CARTESIAN_POINT('',(6.28318530718,-0.));
#8003 = VECTOR('',#8004,1.);
#8004 = DIRECTION('',(0.,1.));
#8005 = ( GEOMETRIC_REPRESENTATION_CONTEXT(2) 
PARAMETRIC_REPRESENTATION_CONTEXT() REPRESENTATION_CONTEXT('2D SPACE',''
  ) );
#8006 = PCURVE('',#7967,#8007);
#8007 = DEFINITIONAL_REPRESENTATION('',(#8008),#8012);
#8008 = LINE('',#8009,#8010);
#8009 = CARTESIAN_POINT('',(0.,-0.));
#8010 = VECTOR('',#8011,1.);
#8011 = DIRECTION('',(0.,1.));
#8012 = ( GEOMETRIC_REPRESENTATION_CONTEXT(2) 
PARAMETRIC_REPRESENTATION_CONTEXT() REPRESENTATION_CONTEXT('2D SPACE',''
  ) );
#8013 = ORIENTED_EDGE('',*,*,#8014,.T.);
#8014 = EDGE_CURVE('',#7992,#7992,#8015,.T.);
#8015 = SURFACE_CURVE('',#8016,(#8021,#8028),.PCURVE_S1.);
#8016 = CIRCLE('',#8017,1.6);
#8017 = AXIS2_PLACEMENT_3D('',#8018,#8019,#8020);
#8018 = CARTESIAN_POINT('',(30.070163865149,44.,260.94464458642));
#8019 = DIRECTION('',(0.693349846075,-0.266210672544,0.669625170354));
#8020 = DIRECTION('',(-0.694693266757,-2.775557561563E-17,0.71930609974)
  );
#8021 = PCURVE('',#7967,#8022);
#8022 = DEFINITIONAL_REPRESENTATION('',(#8023),#8027);
#8023 = LINE('',#8024,#8025);
#8024 = CARTESIAN_POINT('',(0.,0.));
#8025 = VECTOR('',#8026,1.);
#8026 = DIRECTION('',(1.,0.));
#8027 = ( GEOMETRIC_REPRESENTATION_CONTEXT(2) 
PARAMETRIC_REPRESENTATION_CONTEXT() REPRESENTATION_CONTEXT('2D SPACE',''
  ) );
#8028 = PCURVE('',#8029,#8034);
#8029 = PLANE('',#8030);
#8030 = AXIS2_PLACEMENT_3D('',#8031,#8032,#8033);
#8031 = CARTESIAN_POINT('',(30.070163865149,44.,260.94464458642));
#8032 = DIRECTION('',(0.693349846075,-0.266210672544,0.669625170354));
#8033 = DIRECTION('',(-0.694693266757,-2.775557561563E-17,0.71930609974)
  );
#8034 = DEFINITIONAL_REPRESENTATION('',(#8035),#8039);
#8035 = CIRCLE('',#8036,1.6);
#8036 = AXIS2_PLACEMENT_2D('',#8037,#8038);
#8037 = CARTESIAN_POINT('',(0.,0.));
#8038 = DIRECTION('',(1.,0.));
#8039 = ( GEOMETRIC_REPRESENTATION_CONTEXT(2) 
PARAMETRIC_REPRESENTATION_CONTEXT() REPRESENTATION_CONTEXT('2D SPACE',''
  ) );
#8040 = ORIENTED_EDGE('',*,*,#7991,.T.);
#8041 = ADVANCED_FACE('',(#8042),#7979,.T.);
#8042 = FACE_BOUND('',#8043,.T.);
#8043 = EDGE_LOOP('',(#8044));
#8044 = ORIENTED_EDGE('',*,*,#7957,.T.);
#8045 = ADVANCED_FACE('',(#8046),#8029,.F.);
#8046 = FACE_BOUND('',#8047,.T.);
#8047 = EDGE_LOOP('',(#8048));
#8048 = ORIENTED_EDGE('',*,*,#8014,.F.);
#8049 = ( GEOMETRIC_REPRESENTATION_CONTEXT(3) 
GLOBAL_UNCERTAINTY_ASSIGNED_CONTEXT((#8053)) 
GLOBAL_UNIT_ASSIGNED_CONTEXT((#8050,#8051,#8052)) REPRESENTATION_CONTEXT
('Context #1','3D Context with UNIT and UNCERTAINTY') );
#8050 = ( LENGTH_UNIT() NAMED_UNIT(*) SI_UNIT(.MILLI.,.METRE.) );
#8051 = ( NAMED_UNIT(*) PLANE_ANGLE_UNIT() SI_UNIT($,.RADIAN.) );
#8052 = ( NAMED_UNIT(*) SI_UNIT($,.STERADIAN.) SOLID_ANGLE_UNIT() );
#8053 = UNCERTAINTY_MEASURE_WITH_UNIT(LENGTH_MEASURE(1.E-07),#8050,
  'distance_accuracy_value','confusion accuracy');
#8054 = CONTEXT_DEPENDENT_SHAPE_REPRESENTATION(#8055,#8057);
#8055 = ( REPRESENTATION_RELATIONSHIP('','',#7950,#7295) 
REPRESENTATION_RELATIONSHIP_WITH_TRANSFORMATION(#8056) 
SHAPE_REPRESENTATION_RELATIONSHIP() );
#8056 = ITEM_DEFINED_TRANSFORMATION('','',#11,#7312);
#8057 = PRODUCT_DEFINITION_SHAPE('Placement','Placement of an item',
  #8058);
#8058 = NEXT_ASSEMBLY_USAGE_OCCURRENCE('183','=>[0:1:1:64]','',#7290,
  #7945,$);
#8059 = PRODUCT_RELATED_PRODUCT_CATEGORY('part',$,(#7947));
#8060 = SHAPE_DEFINITION_REPRESENTATION(#8061,#8067);
#8061 = PRODUCT_DEFINITION_SHAPE('','',#8062);
#8062 = PRODUCT_DEFINITION('design','',#8063,#8066);
#8063 = PRODUCT_DEFINITION_FORMATION('','',#8064);
#8064 = PRODUCT('SOLID','SOLID','',(#8065));
#8065 = PRODUCT_CONTEXT('',#2,'mechanical');
#8066 = PRODUCT_DEFINITION_CONTEXT('part definition',#2,'design');
#8067 = ADVANCED_BREP_SHAPE_REPRESENTATION('',(#11,#8068),#8166);
#8068 = MANIFOLD_SOLID_BREP('',#8069);
#8069 = CLOSED_SHELL('',(#8070,#8158,#8162));
#8070 = ADVANCED_FACE('',(#8071),#8084,.T.);
#8071 = FACE_BOUND('',#8072,.T.);
#8072 = EDGE_LOOP('',(#8073,#8107,#8130,#8157));
#8073 = ORIENTED_EDGE('',*,*,#8074,.F.);
#8074 = EDGE_CURVE('',#8075,#8075,#8077,.T.);
#8075 = VERTEX_POINT('',#8076);
#8076 = CARTESIAN_POINT('',(95.785162802146,1.059671007156E-15,
    413.06568295441));
#8077 = SURFACE_CURVE('',#8078,(#8083,#8095),.PCURVE_S1.);
#8078 = CIRCLE('',#8079,1.6);
#8079 = AXIS2_PLACEMENT_3D('',#8080,#8081,#8082);
#8080 = CARTESIAN_POINT('',(94.347058303252,0.,413.76700702376));
#8081 = DIRECTION('',(0.422510437241,0.266210672544,0.866381445004));
#8082 = DIRECTION('',(0.898815311809,-4.163336342344E-17,-0.438327543348
    ));
#8083 = PCURVE('',#8084,#8089);
#8084 = CYLINDRICAL_SURFACE('',#8085,1.6);
#8085 = AXIS2_PLACEMENT_3D('',#8086,#8087,#8088);
#8086 = CARTESIAN_POINT('',(24.513422179807,-44.,270.56920350996));
#8087 = DIRECTION('',(0.422510437241,0.266210672544,0.866381445004));
#8088 = DIRECTION('',(0.898815311809,-2.775557561563E-17,-0.438327543348
    ));
#8089 = DEFINITIONAL_REPRESENTATION('',(#8090),#8094);
#8090 = LINE('',#8091,#8092);
#8091 = CARTESIAN_POINT('',(0.,165.28262965417));
#8092 = VECTOR('',#8093,1.);
#8093 = DIRECTION('',(1.,0.));
#8094 = ( GEOMETRIC_REPRESENTATION_CONTEXT(2) 
PARAMETRIC_REPRESENTATION_CONTEXT() REPRESENTATION_CONTEXT('2D SPACE',''
  ) );
#8095 = PCURVE('',#8096,#8101);
#8096 = PLANE('',#8097);
#8097 = AXIS2_PLACEMENT_3D('',#8098,#8099,#8100);
#8098 = CARTESIAN_POINT('',(94.347058303252,0.,413.76700702376));
#8099 = DIRECTION('',(0.422510437241,0.266210672544,0.866381445004));
#8100 = DIRECTION('',(0.898815311809,-2.775557561563E-17,-0.438327543348
    ));
#8101 = DEFINITIONAL_REPRESENTATION('',(#8102),#8106);
#8102 = CIRCLE('',#8103,1.6);
#8103 = AXIS2_PLACEMENT_2D('',#8104,#8105);
#8104 = CARTESIAN_POINT('',(0.,0.));
#8105 = DIRECTION('',(1.,0.));
#8106 = ( GEOMETRIC_REPRESENTATION_CONTEXT(2) 
PARAMETRIC_REPRESENTATION_CONTEXT() REPRESENTATION_CONTEXT('2D SPACE',''
  ) );
#8107 = ORIENTED_EDGE('',*,*,#8108,.F.);
#8108 = EDGE_CURVE('',#8109,#8075,#8111,.T.);
#8109 = VERTEX_POINT('',#8110);
#8110 = CARTESIAN_POINT('',(25.951526678702,-44.,269.86787944061));
#8111 = SEAM_CURVE('',#8112,(#8116,#8123),.PCURVE_S1.);
#8112 = LINE('',#8113,#8114);
#8113 = CARTESIAN_POINT('',(25.951526678702,-44.,269.86787944061));
#8114 = VECTOR('',#8115,1.);
#8115 = DIRECTION('',(0.422510437241,0.266210672544,0.866381445004));
#8116 = PCURVE('',#8084,#8117);
#8117 = DEFINITIONAL_REPRESENTATION('',(#8118),#8122);
#8118 = LINE('',#8119,#8120);
#8119 = CARTESIAN_POINT('',(6.28318530718,-0.));
#8120 = VECTOR('',#8121,1.);
#8121 = DIRECTION('',(0.,1.));
#8122 = ( GEOMETRIC_REPRESENTATION_CONTEXT(2) 
PARAMETRIC_REPRESENTATION_CONTEXT() REPRESENTATION_CONTEXT('2D SPACE',''
  ) );
#8123 = PCURVE('',#8084,#8124);
#8124 = DEFINITIONAL_REPRESENTATION('',(#8125),#8129);
#8125 = LINE('',#8126,#8127);
#8126 = CARTESIAN_POINT('',(0.,-0.));
#8127 = VECTOR('',#8128,1.);
#8128 = DIRECTION('',(0.,1.));
#8129 = ( GEOMETRIC_REPRESENTATION_CONTEXT(2) 
PARAMETRIC_REPRESENTATION_CONTEXT() REPRESENTATION_CONTEXT('2D SPACE',''
  ) );
#8130 = ORIENTED_EDGE('',*,*,#8131,.T.);
#8131 = EDGE_CURVE('',#8109,#8109,#8132,.T.);
#8132 = SURFACE_CURVE('',#8133,(#8138,#8145),.PCURVE_S1.);
#8133 = CIRCLE('',#8134,1.6);
#8134 = AXIS2_PLACEMENT_3D('',#8135,#8136,#8137);
#8135 = CARTESIAN_POINT('',(24.513422179807,-44.,270.56920350996));
#8136 = DIRECTION('',(0.422510437241,0.266210672544,0.866381445004));
#8137 = DIRECTION('',(0.898815311809,-4.163336342344E-17,-0.438327543348
    ));
#8138 = PCURVE('',#8084,#8139);
#8139 = DEFINITIONAL_REPRESENTATION('',(#8140),#8144);
#8140 = LINE('',#8141,#8142);
#8141 = CARTESIAN_POINT('',(0.,0.));
#8142 = VECTOR('',#8143,1.);
#8143 = DIRECTION('',(1.,0.));
#8144 = ( GEOMETRIC_REPRESENTATION_CONTEXT(2) 
PARAMETRIC_REPRESENTATION_CONTEXT() REPRESENTATION_CONTEXT('2D SPACE',''
  ) );
#8145 = PCURVE('',#8146,#8151);
#8146 = PLANE('',#8147);
#8147 = AXIS2_PLACEMENT_3D('',#8148,#8149,#8150);
#8148 = CARTESIAN_POINT('',(24.513422179807,-44.,270.56920350996));
#8149 = DIRECTION('',(0.422510437241,0.266210672544,0.866381445004));
#8150 = DIRECTION('',(0.898815311809,-2.775557561563E-17,-0.438327543348
    ));
#8151 = DEFINITIONAL_REPRESENTATION('',(#8152),#8156);
#8152 = CIRCLE('',#8153,1.6);
#8153 = AXIS2_PLACEMENT_2D('',#8154,#8155);
#8154 = CARTESIAN_POINT('',(0.,0.));
#8155 = DIRECTION('',(1.,0.));
#8156 = ( GEOMETRIC_REPRESENTATION_CONTEXT(2) 
PARAMETRIC_REPRESENTATION_CONTEXT() REPRESENTATION_CONTEXT('2D SPACE',''
  ) );
#8157 = ORIENTED_EDGE('',*,*,#8108,.T.);
#8158 = ADVANCED_FACE('',(#8159),#8096,.T.);
#8159 = FACE_BOUND('',#8160,.T.);
#8160 = EDGE_LOOP('',(#8161));
#8161 = ORIENTED_EDGE('',*,*,#8074,.T.);
#8162 = ADVANCED_FACE('',(#8163),#8146,.F.);
#8163 = FACE_BOUND('',#8164,.T.);
#8164 = EDGE_LOOP('',(#8165));
#8165 = ORIENTED_EDGE('',*,*,#8131,.F.);
#8166 = ( GEOMETRIC_REPRESENTATION_CONTEXT(3) 
GLOBAL_UNCERTAINTY_ASSIGNED_CONTEXT((#8170)) 
GLOBAL_UNIT_ASSIGNED_CONTEXT((#8167,#8168,#8169)) REPRESENTATION_CONTEXT
('Context #1','3D Context with UNIT and UNCERTAINTY') );
#8167 = ( LENGTH_UNIT() NAMED_UNIT(*) SI_UNIT(.MILLI.,.METRE.) );
#8168 = ( NAMED_UNIT(*) PLANE_ANGLE_UNIT() SI_UNIT($,.RADIAN.) );
#8169 = ( NAMED_UNIT(*) SI_UNIT($,.STERADIAN.) SOLID_ANGLE_UNIT() );
#8170 = UNCERTAINTY_MEASURE_WITH_UNIT(LENGTH_MEASURE(1.E-07),#8167,
  'distance_accuracy_value','confusion accuracy');
#8171 = CONTEXT_DEPENDENT_SHAPE_REPRESENTATION(#8172,#8174);
#8172 = ( REPRESENTATION_RELATIONSHIP('','',#8067,#7295) 
REPRESENTATION_RELATIONSHIP_WITH_TRANSFORMATION(#8173) 
SHAPE_REPRESENTATION_RELATIONSHIP() );
#8173 = ITEM_DEFINED_TRANSFORMATION('','',#11,#7316);
#8174 = PRODUCT_DEFINITION_SHAPE('Placement','Placement of an item',
  #8175);
#8175 = NEXT_ASSEMBLY_USAGE_OCCURRENCE('184','=>[0:1:1:65]','',#7290,
  #8062,$);
#8176 = PRODUCT_RELATED_PRODUCT_CATEGORY('part',$,(#8064));
#8177 = SHAPE_DEFINITION_REPRESENTATION(#8178,#8184);
#8178 = PRODUCT_DEFINITION_SHAPE('','',#8179);
#8179 = PRODUCT_DEFINITION('design','',#8180,#8183);
#8180 = PRODUCT_DEFINITION_FORMATION('','',#8181);
#8181 = PRODUCT('SOLID','SOLID','',(#8182));
#8182 = PRODUCT_CONTEXT('',#2,'mechanical');
#8183 = PRODUCT_DEFINITION_CONTEXT('part definition',#2,'design');
#8184 = ADVANCED_BREP_SHAPE_REPRESENTATION('',(#11,#8185),#8283);
#8185 = MANIFOLD_SOLID_BREP('',#8186);
#8186 = CLOSED_SHELL('',(#8187,#8275,#8279));
#8187 = ADVANCED_FACE('',(#8188),#8201,.T.);
#8188 = FACE_BOUND('',#8189,.T.);
#8189 = EDGE_LOOP('',(#8190,#8224,#8247,#8274));
#8190 = ORIENTED_EDGE('',*,*,#8191,.F.);
#8191 = EDGE_CURVE('',#8192,#8192,#8194,.T.);
#8192 = VERTEX_POINT('',#8193);
#8193 = CARTESIAN_POINT('',(32.645619266139,1.541661011498,
    436.58735611472));
#8194 = SURFACE_CURVE('',#8195,(#8200,#8212),.PCURVE_S1.);
#8195 = CIRCLE('',#8196,1.6);
#8196 = AXIS2_PLACEMENT_3D('',#8197,#8198,#8199);
#8197 = CARTESIAN_POINT('',(32.645619266139,-7.105427357601E-15,
    436.15924243166));
#8198 = DIRECTION('',(0.100710034085,-0.266210672544,0.958639330957));
#8199 = DIRECTION('',(-6.938893903907E-18,0.963538132187,0.267571051914)
  );
#8200 = PCURVE('',#8201,#8206);
#8201 = CYLINDRICAL_SURFACE('',#8202,1.6);
#8202 = AXIS2_PLACEMENT_3D('',#8203,#8204,#8205);
#8203 = CARTESIAN_POINT('',(16.,44.,277.7128129211));
#8204 = DIRECTION('',(0.100710034085,-0.266210672544,0.958639330957));
#8205 = DIRECTION('',(-3.469446951954E-18,0.963538132187,0.267571051914)
  );
#8206 = DEFINITIONAL_REPRESENTATION('',(#8207),#8211);
#8207 = LINE('',#8208,#8209);
#8208 = CARTESIAN_POINT('',(0.,165.28262965417));
#8209 = VECTOR('',#8210,1.);
#8210 = DIRECTION('',(1.,0.));
#8211 = ( GEOMETRIC_REPRESENTATION_CONTEXT(2) 
PARAMETRIC_REPRESENTATION_CONTEXT() REPRESENTATION_CONTEXT('2D SPACE',''
  ) );
#8212 = PCURVE('',#8213,#8218);
#8213 = PLANE('',#8214);
#8214 = AXIS2_PLACEMENT_3D('',#8215,#8216,#8217);
#8215 = CARTESIAN_POINT('',(32.645619266139,-7.105427357601E-15,
    436.15924243166));
#8216 = DIRECTION('',(0.100710034085,-0.266210672544,0.958639330957));
#8217 = DIRECTION('',(-3.469446951954E-18,0.963538132187,0.267571051914)
  );
#8218 = DEFINITIONAL_REPRESENTATION('',(#8219),#8223);
#8219 = CIRCLE('',#8220,1.6);
#8220 = AXIS2_PLACEMENT_2D('',#8221,#8222);
#8221 = CARTESIAN_POINT('',(0.,0.));
#8222 = DIRECTION('',(1.,0.));
#8223 = ( GEOMETRIC_REPRESENTATION_CONTEXT(2) 
PARAMETRIC_REPRESENTATION_CONTEXT() REPRESENTATION_CONTEXT('2D SPACE',''
  ) );
#8224 = ORIENTED_EDGE('',*,*,#8225,.F.);
#8225 = EDGE_CURVE('',#8226,#8192,#8228,.T.);
#8226 = VERTEX_POINT('',#8227);
#8227 = CARTESIAN_POINT('',(16.,45.541661011498,278.14092660416));
#8228 = SEAM_CURVE('',#8229,(#8233,#8240),.PCURVE_S1.);
#8229 = LINE('',#8230,#8231);
#8230 = CARTESIAN_POINT('',(16.,45.541661011498,278.14092660416));
#8231 = VECTOR('',#8232,1.);
#8232 = DIRECTION('',(0.100710034085,-0.266210672544,0.958639330957));
#8233 = PCURVE('',#8201,#8234);
#8234 = DEFINITIONAL_REPRESENTATION('',(#8235),#8239);
#8235 = LINE('',#8236,#8237);
#8236 = CARTESIAN_POINT('',(6.28318530718,-0.));
#8237 = VECTOR('',#8238,1.);
#8238 = DIRECTION('',(0.,1.));
#8239 = ( GEOMETRIC_REPRESENTATION_CONTEXT(2) 
PARAMETRIC_REPRESENTATION_CONTEXT() REPRESENTATION_CONTEXT('2D SPACE',''
  ) );
#8240 = PCURVE('',#8201,#8241);
#8241 = DEFINITIONAL_REPRESENTATION('',(#8242),#8246);
#8242 = LINE('',#8243,#8244);
#8243 = CARTESIAN_POINT('',(0.,-0.));
#8244 = VECTOR('',#8245,1.);
#8245 = DIRECTION('',(0.,1.));
#8246 = ( GEOMETRIC_REPRESENTATION_CONTEXT(2) 
PARAMETRIC_REPRESENTATION_CONTEXT() REPRESENTATION_CONTEXT('2D SPACE',''
  ) );
#8247 = ORIENTED_EDGE('',*,*,#8248,.T.);
#8248 = EDGE_CURVE('',#8226,#8226,#8249,.T.);
#8249 = SURFACE_CURVE('',#8250,(#8255,#8262),.PCURVE_S1.);
#8250 = CIRCLE('',#8251,1.6);
#8251 = AXIS2_PLACEMENT_3D('',#8252,#8253,#8254);
#8252 = CARTESIAN_POINT('',(16.,44.,277.7128129211));
#8253 = DIRECTION('',(0.100710034085,-0.266210672544,0.958639330957));
#8254 = DIRECTION('',(-6.938893903907E-18,0.963538132187,0.267571051914)
  );
#8255 = PCURVE('',#8201,#8256);
#8256 = DEFINITIONAL_REPRESENTATION('',(#8257),#8261);
#8257 = LINE('',#8258,#8259);
#8258 = CARTESIAN_POINT('',(0.,0.));
#8259 = VECTOR('',#8260,1.);
#8260 = DIRECTION('',(1.,0.));
#8261 = ( GEOMETRIC_REPRESENTATION_CONTEXT(2) 
PARAMETRIC_REPRESENTATION_CONTEXT() REPRESENTATION_CONTEXT('2D SPACE',''
  ) );
#8262 = PCURVE('',#8263,#8268);
#8263 = PLANE('',#8264);
#8264 = AXIS2_PLACEMENT_3D('',#8265,#8266,#8267);
#8265 = CARTESIAN_POINT('',(16.,44.,277.7128129211));
#8266 = DIRECTION('',(0.100710034085,-0.266210672544,0.958639330957));
#8267 = DIRECTION('',(-3.469446951954E-18,0.963538132187,0.267571051914)
  );
#8268 = DEFINITIONAL_REPRESENTATION('',(#8269),#8273);
#8269 = CIRCLE('',#8270,1.6);
#8270 = AXIS2_PLACEMENT_2D('',#8271,#8272);
#8271 = CARTESIAN_POINT('',(0.,0.));
#8272 = DIRECTION('',(1.,0.));
#8273 = ( GEOMETRIC_REPRESENTATION_CONTEXT(2) 
PARAMETRIC_REPRESENTATION_CONTEXT() REPRESENTATION_CONTEXT('2D SPACE',''
  ) );
#8274 = ORIENTED_EDGE('',*,*,#8225,.T.);
#8275 = ADVANCED_FACE('',(#8276),#8213,.T.);
#8276 = FACE_BOUND('',#8277,.T.);
#8277 = EDGE_LOOP('',(#8278));
#8278 = ORIENTED_EDGE('',*,*,#8191,.T.);
#8279 = ADVANCED_FACE('',(#8280),#8263,.F.);
#8280 = FACE_BOUND('',#8281,.T.);
#8281 = EDGE_LOOP('',(#8282));
#8282 = ORIENTED_EDGE('',*,*,#8248,.F.);
#8283 = ( GEOMETRIC_REPRESENTATION_CONTEXT(3) 
GLOBAL_UNCERTAINTY_ASSIGNED_CONTEXT((#8287)) 
GLOBAL_UNIT_ASSIGNED_CONTEXT((#8284,#8285,#8286)) REPRESENTATION_CONTEXT
('Context #1','3D Context with UNIT and UNCERTAINTY') );
#8284 = ( LENGTH_UNIT() NAMED_UNIT(*) SI_UNIT(.MILLI.,.METRE.) );
#8285 = ( NAMED_UNIT(*) PLANE_ANGLE_UNIT() SI_UNIT($,.RADIAN.) );
#8286 = ( NAMED_UNIT(*) SI_UNIT($,.STERADIAN.) SOLID_ANGLE_UNIT() );
#8287 = UNCERTAINTY_MEASURE_WITH_UNIT(LENGTH_MEASURE(1.E-07),#8284,
  'distance_accuracy_value','confusion accuracy');
#8288 = CONTEXT_DEPENDENT_SHAPE_REPRESENTATION(#8289,#8291);
#8289 = ( REPRESENTATION_RELATIONSHIP('','',#8184,#7295) 
REPRESENTATION_RELATIONSHIP_WITH_TRANSFORMATION(#8290) 
SHAPE_REPRESENTATION_RELATIONSHIP() );
#8290 = ITEM_DEFINED_TRANSFORMATION('','',#11,#7320);
#8291 = PRODUCT_DEFINITION_SHAPE('Placement','Placement of an item',
  #8292);
#8292 = NEXT_ASSEMBLY_USAGE_OCCURRENCE('185','=>[0:1:1:66]','',#7290,
  #8179,$);
#8293 = PRODUCT_RELATED_PRODUCT_CATEGORY('part',$,(#8181));
#8294 = SHAPE_DEFINITION_REPRESENTATION(#8295,#8301);
#8295 = PRODUCT_DEFINITION_SHAPE('','',#8296);
#8296 = PRODUCT_DEFINITION('design','',#8297,#8300);
#8297 = PRODUCT_DEFINITION_FORMATION('','',#8298);
#8298 = PRODUCT('SOLID','SOLID','',(#8299));
#8299 = PRODUCT_CONTEXT('',#2,'mechanical');
#8300 = PRODUCT_DEFINITION_CONTEXT('part definition',#2,'design');
#8301 = ADVANCED_BREP_SHAPE_REPRESENTATION('',(#11,#8302),#8400);
#8302 = MANIFOLD_SOLID_BREP('',#8303);
#8303 = CLOSED_SHELL('',(#8304,#8392,#8396));
#8304 = ADVANCED_FACE('',(#8305),#8318,.T.);
#8305 = FACE_BOUND('',#8306,.T.);
#8306 = EDGE_LOOP('',(#8307,#8341,#8364,#8391));
#8307 = ORIENTED_EDGE('',*,*,#8308,.F.);
#8308 = EDGE_CURVE('',#8309,#8309,#8311,.T.);
#8309 = VERTEX_POINT('',#8310);
#8310 = CARTESIAN_POINT('',(-32.99336325249,1.538876376921,
    435.65990809471));
#8311 = SURFACE_CURVE('',#8312,(#8317,#8329),.PCURVE_S1.);
#8312 = CIRCLE('',#8313,1.6);
#8313 = AXIS2_PLACEMENT_3D('',#8314,#8315,#8316);
#8314 = CARTESIAN_POINT('',(-32.99336325249,0.,436.09792578448));
#8315 = DIRECTION('',(-0.233237485503,0.266210672544,0.935271165588));
#8316 = DIRECTION('',(6.938893903907E-18,0.961797735576,-0.273761056108)
  );
#8317 = PCURVE('',#8318,#8323);
#8318 = CYLINDRICAL_SURFACE('',#8319,1.6);
#8319 = AXIS2_PLACEMENT_3D('',#8320,#8321,#8322);
#8320 = CARTESIAN_POINT('',(5.556741685342,-44.,281.51384809639));
#8321 = DIRECTION('',(-0.233237485503,0.266210672544,0.935271165588));
#8322 = DIRECTION('',(6.938893903907E-18,0.961797735576,-0.273761056108)
  );
#8323 = DEFINITIONAL_REPRESENTATION('',(#8324),#8328);
#8324 = LINE('',#8325,#8326);
#8325 = CARTESIAN_POINT('',(0.,165.28262965417));
#8326 = VECTOR('',#8327,1.);
#8327 = DIRECTION('',(1.,0.));
#8328 = ( GEOMETRIC_REPRESENTATION_CONTEXT(2) 
PARAMETRIC_REPRESENTATION_CONTEXT() REPRESENTATION_CONTEXT('2D SPACE',''
  ) );
#8329 = PCURVE('',#8330,#8335);
#8330 = PLANE('',#8331);
#8331 = AXIS2_PLACEMENT_3D('',#8332,#8333,#8334);
#8332 = CARTESIAN_POINT('',(-32.99336325249,0.,436.09792578448));
#8333 = DIRECTION('',(-0.233237485503,0.266210672544,0.935271165588));
#8334 = DIRECTION('',(6.938893903907E-18,0.961797735576,-0.273761056108)
  );
#8335 = DEFINITIONAL_REPRESENTATION('',(#8336),#8340);
#8336 = CIRCLE('',#8337,1.6);
#8337 = AXIS2_PLACEMENT_2D('',#8338,#8339);
#8338 = CARTESIAN_POINT('',(0.,0.));
#8339 = DIRECTION('',(1.,0.));
#8340 = ( GEOMETRIC_REPRESENTATION_CONTEXT(2) 
PARAMETRIC_REPRESENTATION_CONTEXT() REPRESENTATION_CONTEXT('2D SPACE',''
  ) );
#8341 = ORIENTED_EDGE('',*,*,#8342,.F.);
#8342 = EDGE_CURVE('',#8343,#8309,#8345,.T.);
#8343 = VERTEX_POINT('',#8344);
#8344 = CARTESIAN_POINT('',(5.556741685342,-42.46112362307,
    281.07583040661));
#8345 = SEAM_CURVE('',#8346,(#8350,#8357),.PCURVE_S1.);
#8346 = LINE('',#8347,#8348);
#8347 = CARTESIAN_POINT('',(5.556741685342,-42.46112362307,
    281.07583040661));
#8348 = VECTOR('',#8349,1.);
#8349 = DIRECTION('',(-0.233237485503,0.266210672544,0.935271165588));
#8350 = PCURVE('',#8318,#8351);
#8351 = DEFINITIONAL_REPRESENTATION('',(#8352),#8356);
#8352 = LINE('',#8353,#8354);
#8353 = CARTESIAN_POINT('',(6.28318530718,-0.));
#8354 = VECTOR('',#8355,1.);
#8355 = DIRECTION('',(0.,1.));
#8356 = ( GEOMETRIC_REPRESENTATION_CONTEXT(2) 
PARAMETRIC_REPRESENTATION_CONTEXT() REPRESENTATION_CONTEXT('2D SPACE',''
  ) );
#8357 = PCURVE('',#8318,#8358);
#8358 = DEFINITIONAL_REPRESENTATION('',(#8359),#8363);
#8359 = LINE('',#8360,#8361);
#8360 = CARTESIAN_POINT('',(0.,-0.));
#8361 = VECTOR('',#8362,1.);
#8362 = DIRECTION('',(0.,1.));
#8363 = ( GEOMETRIC_REPRESENTATION_CONTEXT(2) 
PARAMETRIC_REPRESENTATION_CONTEXT() REPRESENTATION_CONTEXT('2D SPACE',''
  ) );
#8364 = ORIENTED_EDGE('',*,*,#8365,.T.);
#8365 = EDGE_CURVE('',#8343,#8343,#8366,.T.);
#8366 = SURFACE_CURVE('',#8367,(#8372,#8379),.PCURVE_S1.);
#8367 = CIRCLE('',#8368,1.6);
#8368 = AXIS2_PLACEMENT_3D('',#8369,#8370,#8371);
#8369 = CARTESIAN_POINT('',(5.556741685342,-44.,281.51384809639));
#8370 = DIRECTION('',(-0.233237485503,0.266210672544,0.935271165588));
#8371 = DIRECTION('',(6.938893903907E-18,0.961797735576,-0.273761056108)
  );
#8372 = PCURVE('',#8318,#8373);
#8373 = DEFINITIONAL_REPRESENTATION('',(#8374),#8378);
#8374 = LINE('',#8375,#8376);
#8375 = CARTESIAN_POINT('',(0.,0.));
#8376 = VECTOR('',#8377,1.);
#8377 = DIRECTION('',(1.,0.));
#8378 = ( GEOMETRIC_REPRESENTATION_CONTEXT(2) 
PARAMETRIC_REPRESENTATION_CONTEXT() REPRESENTATION_CONTEXT('2D SPACE',''
  ) );
#8379 = PCURVE('',#8380,#8385);
#8380 = PLANE('',#8381);
#8381 = AXIS2_PLACEMENT_3D('',#8382,#8383,#8384);
#8382 = CARTESIAN_POINT('',(5.556741685342,-44.,281.51384809639));
#8383 = DIRECTION('',(-0.233237485503,0.266210672544,0.935271165588));
#8384 = DIRECTION('',(6.938893903907E-18,0.961797735576,-0.273761056108)
  );
#8385 = DEFINITIONAL_REPRESENTATION('',(#8386),#8390);
#8386 = CIRCLE('',#8387,1.6);
#8387 = AXIS2_PLACEMENT_2D('',#8388,#8389);
#8388 = CARTESIAN_POINT('',(0.,0.));
#8389 = DIRECTION('',(1.,0.));
#8390 = ( GEOMETRIC_REPRESENTATION_CONTEXT(2) 
PARAMETRIC_REPRESENTATION_CONTEXT() REPRESENTATION_CONTEXT('2D SPACE',''
  ) );
#8391 = ORIENTED_EDGE('',*,*,#8342,.T.);
#8392 = ADVANCED_FACE('',(#8393),#8330,.T.);
#8393 = FACE_BOUND('',#8394,.T.);
#8394 = EDGE_LOOP('',(#8395));
#8395 = ORIENTED_EDGE('',*,*,#8308,.T.);
#8396 = ADVANCED_FACE('',(#8397),#8380,.F.);
#8397 = FACE_BOUND('',#8398,.T.);
#8398 = EDGE_LOOP('',(#8399));
#8399 = ORIENTED_EDGE('',*,*,#8365,.F.);
#8400 = ( GEOMETRIC_REPRESENTATION_CONTEXT(3) 
GLOBAL_UNCERTAINTY_ASSIGNED_CONTEXT((#8404)) 
GLOBAL_UNIT_ASSIGNED_CONTEXT((#8401,#8402,#8403)) REPRESENTATION_CONTEXT
('Context #1','3D Context with UNIT and UNCERTAINTY') );
#8401 = ( LENGTH_UNIT() NAMED_UNIT(*) SI_UNIT(.MILLI.,.METRE.) );
#8402 = ( NAMED_UNIT(*) PLANE_ANGLE_UNIT() SI_UNIT($,.RADIAN.) );
#8403 = ( NAMED_UNIT(*) SI_UNIT($,.STERADIAN.) SOLID_ANGLE_UNIT() );
#8404 = UNCERTAINTY_MEASURE_WITH_UNIT(LENGTH_MEASURE(1.E-07),#8401,
  'distance_accuracy_value','confusion accuracy');
#8405 = CONTEXT_DEPENDENT_SHAPE_REPRESENTATION(#8406,#8408);
#8406 = ( REPRESENTATION_RELATIONSHIP('','',#8301,#7295) 
REPRESENTATION_RELATIONSHIP_WITH_TRANSFORMATION(#8407) 
SHAPE_REPRESENTATION_RELATIONSHIP() );
#8407 = ITEM_DEFINED_TRANSFORMATION('','',#11,#7324);
#8408 = PRODUCT_DEFINITION_SHAPE('Placement','Placement of an item',
  #8409);
#8409 = NEXT_ASSEMBLY_USAGE_OCCURRENCE('186','=>[0:1:1:67]','',#7290,
  #8296,$);
#8410 = PRODUCT_RELATED_PRODUCT_CATEGORY('part',$,(#8298));
#8411 = SHAPE_DEFINITION_REPRESENTATION(#8412,#8418);
#8412 = PRODUCT_DEFINITION_SHAPE('','',#8413);
#8413 = PRODUCT_DEFINITION('design','',#8414,#8417);
#8414 = PRODUCT_DEFINITION_FORMATION('','',#8415);
#8415 = PRODUCT('SOLID','SOLID','',(#8416));
#8416 = PRODUCT_CONTEXT('',#2,'mechanical');
#8417 = PRODUCT_DEFINITION_CONTEXT('part definition',#2,'design');
#8418 = ADVANCED_BREP_SHAPE_REPRESENTATION('',(#11,#8419),#8517);
#8419 = MANIFOLD_SOLID_BREP('',#8420);
#8420 = CLOSED_SHELL('',(#8421,#8509,#8513));
#8421 = ADVANCED_FACE('',(#8422),#8435,.T.);
#8422 = FACE_BOUND('',#8423,.T.);
#8423 = EDGE_LOOP('',(#8424,#8458,#8481,#8508));
#8424 = ORIENTED_EDGE('',*,*,#8425,.F.);
#8425 = EDGE_CURVE('',#8426,#8426,#8428,.T.);
#8426 = VERTEX_POINT('',#8427);
#8427 = CARTESIAN_POINT('',(-93.3264425229,-9.534924289505E-16,
    414.48522576949));
#8428 = SURFACE_CURVE('',#8429,(#8434,#8446),.PCURVE_S1.);
#8429 = CIRCLE('',#8430,1.6);
#8430 = AXIS2_PLACEMENT_3D('',#8431,#8432,#8433);
#8431 = CARTESIAN_POINT('',(-94.6528592327,0.,413.59045277483));
#8432 = DIRECTION('',(-0.53905312212,-0.266210672544,0.799095494516));
#8433 = DIRECTION('',(0.829010443622,-1.387778780781E-17,0.559233121663)
  );
#8434 = PCURVE('',#8435,#8440);
#8435 = CYLINDRICAL_SURFACE('',#8436,1.6);
#8436 = AXIS2_PLACEMENT_3D('',#8437,#8438,#8439);
#8437 = CARTESIAN_POINT('',(-5.556741685342,44.,281.51384809639));
#8438 = DIRECTION('',(-0.53905312212,-0.266210672544,0.799095494516));
#8439 = DIRECTION('',(0.829010443622,-1.387778780781E-17,0.559233121663)
  );
#8440 = DEFINITIONAL_REPRESENTATION('',(#8441),#8445);
#8441 = LINE('',#8442,#8443);
#8442 = CARTESIAN_POINT('',(0.,165.28262965417));
#8443 = VECTOR('',#8444,1.);
#8444 = DIRECTION('',(1.,0.));
#8445 = ( GEOMETRIC_REPRESENTATION_CONTEXT(2) 
PARAMETRIC_REPRESENTATION_CONTEXT() REPRESENTATION_CONTEXT('2D SPACE',''
  ) );
#8446 = PCURVE('',#8447,#8452);
#8447 = PLANE('',#8448);
#8448 = AXIS2_PLACEMENT_3D('',#8449,#8450,#8451);
#8449 = CARTESIAN_POINT('',(-94.6528592327,0.,413.59045277483));
#8450 = DIRECTION('',(-0.53905312212,-0.266210672544,0.799095494516));
#8451 = DIRECTION('',(0.829010443622,-1.387778780781E-17,0.559233121663)
  );
#8452 = DEFINITIONAL_REPRESENTATION('',(#8453),#8457);
#8453 = CIRCLE('',#8454,1.6);
#8454 = AXIS2_PLACEMENT_2D('',#8455,#8456);
#8455 = CARTESIAN_POINT('',(0.,0.));
#8456 = DIRECTION('',(1.,0.));
#8457 = ( GEOMETRIC_REPRESENTATION_CONTEXT(2) 
PARAMETRIC_REPRESENTATION_CONTEXT() REPRESENTATION_CONTEXT('2D SPACE',''
  ) );
#8458 = ORIENTED_EDGE('',*,*,#8459,.F.);
#8459 = EDGE_CURVE('',#8460,#8426,#8462,.T.);
#8460 = VERTEX_POINT('',#8461);
#8461 = CARTESIAN_POINT('',(-4.230324975546,44.,282.40862109105));
#8462 = SEAM_CURVE('',#8463,(#8467,#8474),.PCURVE_S1.);
#8463 = LINE('',#8464,#8465);
#8464 = CARTESIAN_POINT('',(-4.230324975546,44.,282.40862109105));
#8465 = VECTOR('',#8466,1.);
#8466 = DIRECTION('',(-0.53905312212,-0.266210672544,0.799095494516));
#8467 = PCURVE('',#8435,#8468);
#8468 = DEFINITIONAL_REPRESENTATION('',(#8469),#8473);
#8469 = LINE('',#8470,#8471);
#8470 = CARTESIAN_POINT('',(6.28318530718,-0.));
#8471 = VECTOR('',#8472,1.);
#8472 = DIRECTION('',(0.,1.));
#8473 = ( GEOMETRIC_REPRESENTATION_CONTEXT(2) 
PARAMETRIC_REPRESENTATION_CONTEXT() REPRESENTATION_CONTEXT('2D SPACE',''
  ) );
#8474 = PCURVE('',#8435,#8475);
#8475 = DEFINITIONAL_REPRESENTATION('',(#8476),#8480);
#8476 = LINE('',#8477,#8478);
#8477 = CARTESIAN_POINT('',(0.,-0.));
#8478 = VECTOR('',#8479,1.);
#8479 = DIRECTION('',(0.,1.));
#8480 = ( GEOMETRIC_REPRESENTATION_CONTEXT(2) 
PARAMETRIC_REPRESENTATION_CONTEXT() REPRESENTATION_CONTEXT('2D SPACE',''
  ) );
#8481 = ORIENTED_EDGE('',*,*,#8482,.T.);
#8482 = EDGE_CURVE('',#8460,#8460,#8483,.T.);
#8483 = SURFACE_CURVE('',#8484,(#8489,#8496),.PCURVE_S1.);
#8484 = CIRCLE('',#8485,1.6);
#8485 = AXIS2_PLACEMENT_3D('',#8486,#8487,#8488);
#8486 = CARTESIAN_POINT('',(-5.556741685342,44.,281.51384809639));
#8487 = DIRECTION('',(-0.53905312212,-0.266210672544,0.799095494516));
#8488 = DIRECTION('',(0.829010443622,-1.387778780781E-17,0.559233121663)
  );
#8489 = PCURVE('',#8435,#8490);
#8490 = DEFINITIONAL_REPRESENTATION('',(#8491),#8495);
#8491 = LINE('',#8492,#8493);
#8492 = CARTESIAN_POINT('',(0.,0.));
#8493 = VECTOR('',#8494,1.);
#8494 = DIRECTION('',(1.,0.));
#8495 = ( GEOMETRIC_REPRESENTATION_CONTEXT(2) 
PARAMETRIC_REPRESENTATION_CONTEXT() REPRESENTATION_CONTEXT('2D SPACE',''
  ) );
#8496 = PCURVE('',#8497,#8502);
#8497 = PLANE('',#8498);
#8498 = AXIS2_PLACEMENT_3D('',#8499,#8500,#8501);
#8499 = CARTESIAN_POINT('',(-5.556741685342,44.,281.51384809639));
#8500 = DIRECTION('',(-0.53905312212,-0.266210672544,0.799095494516));
#8501 = DIRECTION('',(0.829010443622,-1.387778780781E-17,0.559233121663)
  );
#8502 = DEFINITIONAL_REPRESENTATION('',(#8503),#8507);
#8503 = CIRCLE('',#8504,1.6);
#8504 = AXIS2_PLACEMENT_2D('',#8505,#8506);
#8505 = CARTESIAN_POINT('',(0.,0.));
#8506 = DIRECTION('',(1.,0.));
#8507 = ( GEOMETRIC_REPRESENTATION_CONTEXT(2) 
PARAMETRIC_REPRESENTATION_CONTEXT() REPRESENTATION_CONTEXT('2D SPACE',''
  ) );
#8508 = ORIENTED_EDGE('',*,*,#8459,.T.);
#8509 = ADVANCED_FACE('',(#8510),#8447,.T.);
#8510 = FACE_BOUND('',#8511,.T.);
#8511 = EDGE_LOOP('',(#8512));
#8512 = ORIENTED_EDGE('',*,*,#8425,.T.);
#8513 = ADVANCED_FACE('',(#8514),#8497,.F.);
#8514 = FACE_BOUND('',#8515,.T.);
#8515 = EDGE_LOOP('',(#8516));
#8516 = ORIENTED_EDGE('',*,*,#8482,.F.);
#8517 = ( GEOMETRIC_REPRESENTATION_CONTEXT(3) 
GLOBAL_UNCERTAINTY_ASSIGNED_CONTEXT((#8521)) 
GLOBAL_UNIT_ASSIGNED_CONTEXT((#8518,#8519,#8520)) REPRESENTATION_CONTEXT
('Context #1','3D Context with UNIT and UNCERTAINTY') );
#8518 = ( LENGTH_UNIT() NAMED_UNIT(*) SI_UNIT(.MILLI.,.METRE.) );
#8519 = ( NAMED_UNIT(*) PLANE_ANGLE_UNIT() SI_UNIT($,.RADIAN.) );
#8520 = ( NAMED_UNIT(*) SI_UNIT($,.STERADIAN.) SOLID_ANGLE_UNIT() );
#8521 = UNCERTAINTY_MEASURE_WITH_UNIT(LENGTH_MEASURE(1.E-07),#8518,
  'distance_accuracy_value','confusion accuracy');
#8522 = CONTEXT_DEPENDENT_SHAPE_REPRESENTATION(#8523,#8525);
#8523 = ( REPRESENTATION_RELATIONSHIP('','',#8418,#7295) 
REPRESENTATION_RELATIONSHIP_WITH_TRANSFORMATION(#8524) 
SHAPE_REPRESENTATION_RELATIONSHIP() );
#8524 = ITEM_DEFINED_TRANSFORMATION('','',#11,#7328);
#8525 = PRODUCT_DEFINITION_SHAPE('Placement','Placement of an item',
  #8526);
#8526 = NEXT_ASSEMBLY_USAGE_OCCURRENCE('187','=>[0:1:1:68]','',#7290,
  #8413,$);
#8527 = PRODUCT_RELATED_PRODUCT_CATEGORY('part',$,(#8415));
#8528 = SHAPE_DEFINITION_REPRESENTATION(#8529,#8535);
#8529 = PRODUCT_DEFINITION_SHAPE('','',#8530);
#8530 = PRODUCT_DEFINITION('design','',#8531,#8534);
#8531 = PRODUCT_DEFINITION_FORMATION('','',#8532);
#8532 = PRODUCT('SOLID','SOLID','',(#8533));
#8533 = PRODUCT_CONTEXT('',#2,'mechanical');
#8534 = PRODUCT_DEFINITION_CONTEXT('part definition',#2,'design');
#8535 = ADVANCED_BREP_SHAPE_REPRESENTATION('',(#11,#8536),#8634);
#8536 = MANIFOLD_SOLID_BREP('',#8537);
#8537 = CLOSED_SHELL('',(#8538,#8626,#8630));
#8538 = ADVANCED_FACE('',(#8539),#8552,.T.);
#8539 = FACE_BOUND('',#8540,.T.);
#8540 = EDGE_LOOP('',(#8541,#8575,#8598,#8625));
#8541 = ORIENTED_EDGE('',*,*,#8542,.F.);
#8542 = EDGE_CURVE('',#8543,#8543,#8545,.T.);
#8543 = VERTEX_POINT('',#8544);
#8544 = CARTESIAN_POINT('',(-145.8362170684,-7.095591994319E-16,
    370.05708400902));
#8545 = SURFACE_CURVE('',#8546,(#8551,#8563),.PCURVE_S1.);
#8546 = CIRCLE('',#8547,1.6);
#8547 = AXIS2_PLACEMENT_3D('',#8548,#8549,#8550);
#8548 = CARTESIAN_POINT('',(-144.895823462,0.,371.35155682258));
#8549 = DIRECTION('',(-0.779850996634,0.266210672544,0.566537113412));
#8550 = DIRECTION('',(-0.587746004003,-1.387778780781E-17,
    -0.809045508472));
#8551 = PCURVE('',#8552,#8557);
#8552 = CYLINDRICAL_SURFACE('',#8553,1.6);
#8553 = AXIS2_PLACEMENT_3D('',#8554,#8555,#8556);
#8554 = CARTESIAN_POINT('',(-16.,-44.,277.7128129211));
#8555 = DIRECTION('',(-0.779850996634,0.266210672544,0.566537113412));
#8556 = DIRECTION('',(-0.587746004003,0.,-0.809045508472));
#8557 = DEFINITIONAL_REPRESENTATION('',(#8558),#8562);
#8558 = LINE('',#8559,#8560);
#8559 = CARTESIAN_POINT('',(0.,165.28262965417));
#8560 = VECTOR('',#8561,1.);
#8561 = DIRECTION('',(1.,0.));
#8562 = ( GEOMETRIC_REPRESENTATION_CONTEXT(2) 
PARAMETRIC_REPRESENTATION_CONTEXT() REPRESENTATION_CONTEXT('2D SPACE',''
  ) );
#8563 = PCURVE('',#8564,#8569);
#8564 = PLANE('',#8565);
#8565 = AXIS2_PLACEMENT_3D('',#8566,#8567,#8568);
#8566 = CARTESIAN_POINT('',(-144.895823462,0.,371.35155682258));
#8567 = DIRECTION('',(-0.779850996634,0.266210672544,0.566537113412));
#8568 = DIRECTION('',(-0.587746004003,0.,-0.809045508472));
#8569 = DEFINITIONAL_REPRESENTATION('',(#8570),#8574);
#8570 = CIRCLE('',#8571,1.6);
#8571 = AXIS2_PLACEMENT_2D('',#8572,#8573);
#8572 = CARTESIAN_POINT('',(0.,0.));
#8573 = DIRECTION('',(1.,0.));
#8574 = ( GEOMETRIC_REPRESENTATION_CONTEXT(2) 
PARAMETRIC_REPRESENTATION_CONTEXT() REPRESENTATION_CONTEXT('2D SPACE',''
  ) );
#8575 = ORIENTED_EDGE('',*,*,#8576,.F.);
#8576 = EDGE_CURVE('',#8577,#8543,#8579,.T.);
#8577 = VERTEX_POINT('',#8578);
#8578 = CARTESIAN_POINT('',(-16.9403936064,-44.,276.41834010754));
#8579 = SEAM_CURVE('',#8580,(#8584,#8591),.PCURVE_S1.);
#8580 = LINE('',#8581,#8582);
#8581 = CARTESIAN_POINT('',(-16.9403936064,-44.,276.41834010754));
#8582 = VECTOR('',#8583,1.);
#8583 = DIRECTION('',(-0.779850996634,0.266210672544,0.566537113412));
#8584 = PCURVE('',#8552,#8585);
#8585 = DEFINITIONAL_REPRESENTATION('',(#8586),#8590);
#8586 = LINE('',#8587,#8588);
#8587 = CARTESIAN_POINT('',(6.28318530718,-0.));
#8588 = VECTOR('',#8589,1.);
#8589 = DIRECTION('',(0.,1.));
#8590 = ( GEOMETRIC_REPRESENTATION_CONTEXT(2) 
PARAMETRIC_REPRESENTATION_CONTEXT() REPRESENTATION_CONTEXT('2D SPACE',''
  ) );
#8591 = PCURVE('',#8552,#8592);
#8592 = DEFINITIONAL_REPRESENTATION('',(#8593),#8597);
#8593 = LINE('',#8594,#8595);
#8594 = CARTESIAN_POINT('',(0.,-0.));
#8595 = VECTOR('',#8596,1.);
#8596 = DIRECTION('',(0.,1.));
#8597 = ( GEOMETRIC_REPRESENTATION_CONTEXT(2) 
PARAMETRIC_REPRESENTATION_CONTEXT() REPRESENTATION_CONTEXT('2D SPACE',''
  ) );
#8598 = ORIENTED_EDGE('',*,*,#8599,.T.);
#8599 = EDGE_CURVE('',#8577,#8577,#8600,.T.);
#8600 = SURFACE_CURVE('',#8601,(#8606,#8613),.PCURVE_S1.);
#8601 = CIRCLE('',#8602,1.6);
#8602 = AXIS2_PLACEMENT_3D('',#8603,#8604,#8605);
#8603 = CARTESIAN_POINT('',(-16.,-44.,277.7128129211));
#8604 = DIRECTION('',(-0.779850996634,0.266210672544,0.566537113412));
#8605 = DIRECTION('',(-0.587746004003,-1.387778780781E-17,
    -0.809045508472));
#8606 = PCURVE('',#8552,#8607);
#8607 = DEFINITIONAL_REPRESENTATION('',(#8608),#8612);
#8608 = LINE('',#8609,#8610);
#8609 = CARTESIAN_POINT('',(0.,0.));
#8610 = VECTOR('',#8611,1.);
#8611 = DIRECTION('',(1.,0.));
#8612 = ( GEOMETRIC_REPRESENTATION_CONTEXT(2) 
PARAMETRIC_REPRESENTATION_CONTEXT() REPRESENTATION_CONTEXT('2D SPACE',''
  ) );
#8613 = PCURVE('',#8614,#8619);
#8614 = PLANE('',#8615);
#8615 = AXIS2_PLACEMENT_3D('',#8616,#8617,#8618);
#8616 = CARTESIAN_POINT('',(-16.,-44.,277.7128129211));
#8617 = DIRECTION('',(-0.779850996634,0.266210672544,0.566537113412));
#8618 = DIRECTION('',(-0.587746004003,0.,-0.809045508472));
#8619 = DEFINITIONAL_REPRESENTATION('',(#8620),#8624);
#8620 = CIRCLE('',#8621,1.6);
#8621 = AXIS2_PLACEMENT_2D('',#8622,#8623);
#8622 = CARTESIAN_POINT('',(0.,0.));
#8623 = DIRECTION('',(1.,0.));
#8624 = ( GEOMETRIC_REPRESENTATION_CONTEXT(2) 
PARAMETRIC_REPRESENTATION_CONTEXT() REPRESENTATION_CONTEXT('2D SPACE',''
  ) );
#8625 = ORIENTED_EDGE('',*,*,#8576,.T.);
#8626 = ADVANCED_FACE('',(#8627),#8564,.T.);
#8627 = FACE_BOUND('',#8628,.T.);
#8628 = EDGE_LOOP('',(#8629));
#8629 = ORIENTED_EDGE('',*,*,#8542,.T.);
#8630 = ADVANCED_FACE('',(#8631),#8614,.F.);
#8631 = FACE_BOUND('',#8632,.T.);
#8632 = EDGE_LOOP('',(#8633));
#8633 = ORIENTED_EDGE('',*,*,#8599,.F.);
#8634 = ( GEOMETRIC_REPRESENTATION_CONTEXT(3) 
GLOBAL_UNCERTAINTY_ASSIGNED_CONTEXT((#8638)) 
GLOBAL_UNIT_ASSIGNED_CONTEXT((#8635,#8636,#8637)) REPRESENTATION_CONTEXT
('Context #1','3D Context with UNIT and UNCERTAINTY') );
#8635 = ( LENGTH_UNIT() NAMED_UNIT(*) SI_UNIT(.MILLI.,.METRE.) );
#8636 = ( NAMED_UNIT(*) PLANE_ANGLE_UNIT() SI_UNIT($,.RADIAN.) );
#8637 = ( NAMED_UNIT(*) SI_UNIT($,.STERADIAN.) SOLID_ANGLE_UNIT() );
#8638 = UNCERTAINTY_MEASURE_WITH_UNIT(LENGTH_MEASURE(1.E-07),#8635,
  'distance_accuracy_value','confusion accuracy');
#8639 = CONTEXT_DEPENDENT_SHAPE_REPRESENTATION(#8640,#8642);
#8640 = ( REPRESENTATION_RELATIONSHIP('','',#8535,#7295) 
REPRESENTATION_RELATIONSHIP_WITH_TRANSFORMATION(#8641) 
SHAPE_REPRESENTATION_RELATIONSHIP() );
#8641 = ITEM_DEFINED_TRANSFORMATION('','',#11,#7332);
#8642 = PRODUCT_DEFINITION_SHAPE('Placement','Placement of an item',
  #8643);
#8643 = NEXT_ASSEMBLY_USAGE_OCCURRENCE('188','=>[0:1:1:69]','',#7290,
  #8530,$);
#8644 = PRODUCT_RELATED_PRODUCT_CATEGORY('part',$,(#8532));
#8645 = SHAPE_DEFINITION_REPRESENTATION(#8646,#8652);
#8646 = PRODUCT_DEFINITION_SHAPE('','',#8647);
#8647 = PRODUCT_DEFINITION('design','',#8648,#8651);
#8648 = PRODUCT_DEFINITION_FORMATION('','',#8649);
#8649 = PRODUCT('SOLID','SOLID','',(#8650));
#8650 = PRODUCT_CONTEXT('',#2,'mechanical');
#8651 = PRODUCT_DEFINITION_CONTEXT('part definition',#2,'design');
#8652 = ADVANCED_BREP_SHAPE_REPRESENTATION('',(#11,#8653),#8751);
#8653 = MANIFOLD_SOLID_BREP('',#8654);
#8654 = CLOSED_SHELL('',(#8655,#8743,#8747));
#8655 = ADVANCED_FACE('',(#8656),#8669,.T.);
#8656 = FACE_BOUND('',#8657,.T.);
#8657 = EDGE_LOOP('',(#8658,#8692,#8715,#8742));
#8658 = ORIENTED_EDGE('',*,*,#8659,.F.);
#8659 = EDGE_CURVE('',#8660,#8660,#8662,.T.);
#8660 = VERTEX_POINT('',#8661);
#8661 = CARTESIAN_POINT('',(-177.2204018838,-1.537791593254,
    314.47587215929));
#8662 = SURFACE_CURVE('',#8663,(#8668,#8680),.PCURVE_S1.);
#8663 = CIRCLE('',#8664,1.6);
#8664 = AXIS2_PLACEMENT_3D('',#8665,#8666,#8667);
#8665 = CARTESIAN_POINT('',(-177.6622129472,0.,314.47587215929));
#8666 = DIRECTION('',(-0.926587331578,-0.266210672544,0.265645995234));
#8667 = DIRECTION('',(0.276131914608,-0.961119745784,0.));
#8668 = PCURVE('',#8669,#8674);
#8669 = CYLINDRICAL_SURFACE('',#8670,1.6);
#8670 = AXIS2_PLACEMENT_3D('',#8671,#8672,#8673);
#8671 = CARTESIAN_POINT('',(-24.5134221798,44.,270.56920350996));
#8672 = DIRECTION('',(-0.926587331578,-0.266210672544,0.265645995234));
#8673 = DIRECTION('',(0.276131914608,-0.961119745784,0.));
#8674 = DEFINITIONAL_REPRESENTATION('',(#8675),#8679);
#8675 = LINE('',#8676,#8677);
#8676 = CARTESIAN_POINT('',(0.,165.28262965417));
#8677 = VECTOR('',#8678,1.);
#8678 = DIRECTION('',(1.,0.));
#8679 = ( GEOMETRIC_REPRESENTATION_CONTEXT(2) 
PARAMETRIC_REPRESENTATION_CONTEXT() REPRESENTATION_CONTEXT('2D SPACE',''
  ) );
#8680 = PCURVE('',#8681,#8686);
#8681 = PLANE('',#8682);
#8682 = AXIS2_PLACEMENT_3D('',#8683,#8684,#8685);
#8683 = CARTESIAN_POINT('',(-177.6622129472,0.,314.47587215929));
#8684 = DIRECTION('',(-0.926587331578,-0.266210672544,0.265645995234));
#8685 = DIRECTION('',(0.276131914608,-0.961119745784,0.));
#8686 = DEFINITIONAL_REPRESENTATION('',(#8687),#8691);
#8687 = CIRCLE('',#8688,1.6);
#8688 = AXIS2_PLACEMENT_2D('',#8689,#8690);
#8689 = CARTESIAN_POINT('',(0.,0.));
#8690 = DIRECTION('',(1.,0.));
#8691 = ( GEOMETRIC_REPRESENTATION_CONTEXT(2) 
PARAMETRIC_REPRESENTATION_CONTEXT() REPRESENTATION_CONTEXT('2D SPACE',''
  ) );
#8692 = ORIENTED_EDGE('',*,*,#8693,.F.);
#8693 = EDGE_CURVE('',#8694,#8660,#8696,.T.);
#8694 = VERTEX_POINT('',#8695);
#8695 = CARTESIAN_POINT('',(-24.07161111643,42.462208406746,
    270.56920350996));
#8696 = SEAM_CURVE('',#8697,(#8701,#8708),.PCURVE_S1.);
#8697 = LINE('',#8698,#8699);
#8698 = CARTESIAN_POINT('',(-24.07161111643,42.462208406746,
    270.56920350996));
#8699 = VECTOR('',#8700,1.);
#8700 = DIRECTION('',(-0.926587331578,-0.266210672544,0.265645995234));
#8701 = PCURVE('',#8669,#8702);
#8702 = DEFINITIONAL_REPRESENTATION('',(#8703),#8707);
#8703 = LINE('',#8704,#8705);
#8704 = CARTESIAN_POINT('',(6.28318530718,-0.));
#8705 = VECTOR('',#8706,1.);
#8706 = DIRECTION('',(0.,1.));
#8707 = ( GEOMETRIC_REPRESENTATION_CONTEXT(2) 
PARAMETRIC_REPRESENTATION_CONTEXT() REPRESENTATION_CONTEXT('2D SPACE',''
  ) );
#8708 = PCURVE('',#8669,#8709);
#8709 = DEFINITIONAL_REPRESENTATION('',(#8710),#8714);
#8710 = LINE('',#8711,#8712);
#8711 = CARTESIAN_POINT('',(0.,-0.));
#8712 = VECTOR('',#8713,1.);
#8713 = DIRECTION('',(0.,1.));
#8714 = ( GEOMETRIC_REPRESENTATION_CONTEXT(2) 
PARAMETRIC_REPRESENTATION_CONTEXT() REPRESENTATION_CONTEXT('2D SPACE',''
  ) );
#8715 = ORIENTED_EDGE('',*,*,#8716,.T.);
#8716 = EDGE_CURVE('',#8694,#8694,#8717,.T.);
#8717 = SURFACE_CURVE('',#8718,(#8723,#8730),.PCURVE_S1.);
#8718 = CIRCLE('',#8719,1.6);
#8719 = AXIS2_PLACEMENT_3D('',#8720,#8721,#8722);
#8720 = CARTESIAN_POINT('',(-24.5134221798,44.,270.56920350996));
#8721 = DIRECTION('',(-0.926587331578,-0.266210672544,0.265645995234));
#8722 = DIRECTION('',(0.276131914608,-0.961119745784,0.));
#8723 = PCURVE('',#8669,#8724);
#8724 = DEFINITIONAL_REPRESENTATION('',(#8725),#8729);
#8725 = LINE('',#8726,#8727);
#8726 = CARTESIAN_POINT('',(0.,0.));
#8727 = VECTOR('',#8728,1.);
#8728 = DIRECTION('',(1.,0.));
#8729 = ( GEOMETRIC_REPRESENTATION_CONTEXT(2) 
PARAMETRIC_REPRESENTATION_CONTEXT() REPRESENTATION_CONTEXT('2D SPACE',''
  ) );
#8730 = PCURVE('',#8731,#8736);
#8731 = PLANE('',#8732);
#8732 = AXIS2_PLACEMENT_3D('',#8733,#8734,#8735);
#8733 = CARTESIAN_POINT('',(-24.5134221798,44.,270.56920350996));
#8734 = DIRECTION('',(-0.926587331578,-0.266210672544,0.265645995234));
#8735 = DIRECTION('',(0.276131914608,-0.961119745784,0.));
#8736 = DEFINITIONAL_REPRESENTATION('',(#8737),#8741);
#8737 = CIRCLE('',#8738,1.6);
#8738 = AXIS2_PLACEMENT_2D('',#8739,#8740);
#8739 = CARTESIAN_POINT('',(0.,0.));
#8740 = DIRECTION('',(1.,0.));
#8741 = ( GEOMETRIC_REPRESENTATION_CONTEXT(2) 
PARAMETRIC_REPRESENTATION_CONTEXT() REPRESENTATION_CONTEXT('2D SPACE',''
  ) );
#8742 = ORIENTED_EDGE('',*,*,#8693,.T.);
#8743 = ADVANCED_FACE('',(#8744),#8681,.T.);
#8744 = FACE_BOUND('',#8745,.T.);
#8745 = EDGE_LOOP('',(#8746));
#8746 = ORIENTED_EDGE('',*,*,#8659,.T.);
#8747 = ADVANCED_FACE('',(#8748),#8731,.F.);
#8748 = FACE_BOUND('',#8749,.T.);
#8749 = EDGE_LOOP('',(#8750));
#8750 = ORIENTED_EDGE('',*,*,#8716,.F.);
#8751 = ( GEOMETRIC_REPRESENTATION_CONTEXT(3) 
GLOBAL_UNCERTAINTY_ASSIGNED_CONTEXT((#8755)) 
GLOBAL_UNIT_ASSIGNED_CONTEXT((#8752,#8753,#8754)) REPRESENTATION_CONTEXT
('Context #1','3D Context with UNIT and UNCERTAINTY') );
#8752 = ( LENGTH_UNIT() NAMED_UNIT(*) SI_UNIT(.MILLI.,.METRE.) );
#8753 = ( NAMED_UNIT(*) PLANE_ANGLE_UNIT() SI_UNIT($,.RADIAN.) );
#8754 = ( NAMED_UNIT(*) SI_UNIT($,.STERADIAN.) SOLID_ANGLE_UNIT() );
#8755 = UNCERTAINTY_MEASURE_WITH_UNIT(LENGTH_MEASURE(1.E-07),#8752,
  'distance_accuracy_value','confusion accuracy');
#8756 = CONTEXT_DEPENDENT_SHAPE_REPRESENTATION(#8757,#8759);
#8757 = ( REPRESENTATION_RELATIONSHIP('','',#8652,#7295) 
REPRESENTATION_RELATIONSHIP_WITH_TRANSFORMATION(#8758) 
SHAPE_REPRESENTATION_RELATIONSHIP() );
#8758 = ITEM_DEFINED_TRANSFORMATION('','',#11,#7336);
#8759 = PRODUCT_DEFINITION_SHAPE('Placement','Placement of an item',
  #8760);
#8760 = NEXT_ASSEMBLY_USAGE_OCCURRENCE('189','=>[0:1:1:70]','',#7290,
  #8647,$);
#8761 = PRODUCT_RELATED_PRODUCT_CATEGORY('part',$,(#8649));
#8762 = SHAPE_DEFINITION_REPRESENTATION(#8763,#8769);
#8763 = PRODUCT_DEFINITION_SHAPE('','',#8764);
#8764 = PRODUCT_DEFINITION('design','',#8765,#8768);
#8765 = PRODUCT_DEFINITION_FORMATION('','',#8766);
#8766 = PRODUCT('SOLID','SOLID','',(#8767));
#8767 = PRODUCT_CONTEXT('',#2,'mechanical');
#8768 = PRODUCT_DEFINITION_CONTEXT('part definition',#2,'design');
#8769 = ADVANCED_BREP_SHAPE_REPRESENTATION('',(#11,#8770),#8868);
#8770 = MANIFOLD_SOLID_BREP('',#8771);
#8771 = CLOSED_SHELL('',(#8772,#8860,#8864));
#8772 = ADVANCED_FACE('',(#8773),#8786,.T.);
#8773 = FACE_BOUND('',#8774,.T.);
#8774 = EDGE_LOOP('',(#8775,#8809,#8832,#8859));
#8775 = ORIENTED_EDGE('',*,*,#8776,.F.);
#8776 = EDGE_CURVE('',#8777,#8777,#8779,.T.);
#8777 = VERTEX_POINT('',#8778);
#8778 = CARTESIAN_POINT('',(-189.4268220919,-1.54199627109,
    249.82344575106));
#8779 = SURFACE_CURVE('',#8780,(#8785,#8797),.PCURVE_S1.);
#8780 = CIRCLE('',#8781,1.6);
#8781 = AXIS2_PLACEMENT_3D('',#8782,#8783,#8784);
#8782 = CARTESIAN_POINT('',(-188.9999175359,0.,249.82344575106));
#8783 = DIRECTION('',(-0.961563559361,0.266210672544,-6.728595048752E-02
    ));
#8784 = DIRECTION('',(-0.266815347508,-0.963747669431,0.));
#8785 = PCURVE('',#8786,#8791);
#8786 = CYLINDRICAL_SURFACE('',#8787,1.6);
#8787 = AXIS2_PLACEMENT_3D('',#8788,#8789,#8790);
#8788 = CARTESIAN_POINT('',(-30.07016386514,-44.,260.94464458642));
#8789 = DIRECTION('',(-0.961563559361,0.266210672544,-6.728595048752E-02
    ));
#8790 = DIRECTION('',(-0.266815347508,-0.963747669431,0.));
#8791 = DEFINITIONAL_REPRESENTATION('',(#8792),#8796);
#8792 = LINE('',#8793,#8794);
#8793 = CARTESIAN_POINT('',(0.,165.28262965417));
#8794 = VECTOR('',#8795,1.);
#8795 = DIRECTION('',(1.,0.));
#8796 = ( GEOMETRIC_REPRESENTATION_CONTEXT(2) 
PARAMETRIC_REPRESENTATION_CONTEXT() REPRESENTATION_CONTEXT('2D SPACE',''
  ) );
#8797 = PCURVE('',#8798,#8803);
#8798 = PLANE('',#8799);
#8799 = AXIS2_PLACEMENT_3D('',#8800,#8801,#8802);
#8800 = CARTESIAN_POINT('',(-188.9999175359,0.,249.82344575106));
#8801 = DIRECTION('',(-0.961563559361,0.266210672544,-6.728595048752E-02
    ));
#8802 = DIRECTION('',(-0.266815347508,-0.963747669431,0.));
#8803 = DEFINITIONAL_REPRESENTATION('',(#8804),#8808);
#8804 = CIRCLE('',#8805,1.6);
#8805 = AXIS2_PLACEMENT_2D('',#8806,#8807);
#8806 = CARTESIAN_POINT('',(0.,0.));
#8807 = DIRECTION('',(1.,0.));
#8808 = ( GEOMETRIC_REPRESENTATION_CONTEXT(2) 
PARAMETRIC_REPRESENTATION_CONTEXT() REPRESENTATION_CONTEXT('2D SPACE',''
  ) );
#8809 = ORIENTED_EDGE('',*,*,#8810,.F.);
#8810 = EDGE_CURVE('',#8811,#8777,#8813,.T.);
#8811 = VERTEX_POINT('',#8812);
#8812 = CARTESIAN_POINT('',(-30.49706842116,-45.54199627109,
    260.94464458642));
#8813 = SEAM_CURVE('',#8814,(#8818,#8825),.PCURVE_S1.);
#8814 = LINE('',#8815,#8816);
#8815 = CARTESIAN_POINT('',(-30.49706842116,-45.54199627109,
    260.94464458642));
#8816 = VECTOR('',#8817,1.);
#8817 = DIRECTION('',(-0.961563559361,0.266210672544,-6.728595048752E-02
    ));
#8818 = PCURVE('',#8786,#8819);
#8819 = DEFINITIONAL_REPRESENTATION('',(#8820),#8824);
#8820 = LINE('',#8821,#8822);
#8821 = CARTESIAN_POINT('',(6.28318530718,-0.));
#8822 = VECTOR('',#8823,1.);
#8823 = DIRECTION('',(0.,1.));
#8824 = ( GEOMETRIC_REPRESENTATION_CONTEXT(2) 
PARAMETRIC_REPRESENTATION_CONTEXT() REPRESENTATION_CONTEXT('2D SPACE',''
  ) );
#8825 = PCURVE('',#8786,#8826);
#8826 = DEFINITIONAL_REPRESENTATION('',(#8827),#8831);
#8827 = LINE('',#8828,#8829);
#8828 = CARTESIAN_POINT('',(0.,-0.));
#8829 = VECTOR('',#8830,1.);
#8830 = DIRECTION('',(0.,1.));
#8831 = ( GEOMETRIC_REPRESENTATION_CONTEXT(2) 
PARAMETRIC_REPRESENTATION_CONTEXT() REPRESENTATION_CONTEXT('2D SPACE',''
  ) );
#8832 = ORIENTED_EDGE('',*,*,#8833,.T.);
#8833 = EDGE_CURVE('',#8811,#8811,#8834,.T.);
#8834 = SURFACE_CURVE('',#8835,(#8840,#8847),.PCURVE_S1.);
#8835 = CIRCLE('',#8836,1.6);
#8836 = AXIS2_PLACEMENT_3D('',#8837,#8838,#8839);
#8837 = CARTESIAN_POINT('',(-30.07016386514,-44.,260.94464458642));
#8838 = DIRECTION('',(-0.961563559361,0.266210672544,-6.728595048752E-02
    ));
#8839 = DIRECTION('',(-0.266815347508,-0.963747669431,0.));
#8840 = PCURVE('',#8786,#8841);
#8841 = DEFINITIONAL_REPRESENTATION('',(#8842),#8846);
#8842 = LINE('',#8843,#8844);
#8843 = CARTESIAN_POINT('',(0.,0.));
#8844 = VECTOR('',#8845,1.);
#8845 = DIRECTION('',(1.,0.));
#8846 = ( GEOMETRIC_REPRESENTATION_CONTEXT(2) 
PARAMETRIC_REPRESENTATION_CONTEXT() REPRESENTATION_CONTEXT('2D SPACE',''
  ) );
#8847 = PCURVE('',#8848,#8853);
#8848 = PLANE('',#8849);
#8849 = AXIS2_PLACEMENT_3D('',#8850,#8851,#8852);
#8850 = CARTESIAN_POINT('',(-30.07016386514,-44.,260.94464458642));
#8851 = DIRECTION('',(-0.961563559361,0.266210672544,-6.728595048752E-02
    ));
#8852 = DIRECTION('',(-0.266815347508,-0.963747669431,0.));
#8853 = DEFINITIONAL_REPRESENTATION('',(#8854),#8858);
#8854 = CIRCLE('',#8855,1.6);
#8855 = AXIS2_PLACEMENT_2D('',#8856,#8857);
#8856 = CARTESIAN_POINT('',(0.,0.));
#8857 = DIRECTION('',(1.,0.));
#8858 = ( GEOMETRIC_REPRESENTATION_CONTEXT(2) 
PARAMETRIC_REPRESENTATION_CONTEXT() REPRESENTATION_CONTEXT('2D SPACE',''
  ) );
#8859 = ORIENTED_EDGE('',*,*,#8810,.T.);
#8860 = ADVANCED_FACE('',(#8861),#8798,.T.);
#8861 = FACE_BOUND('',#8862,.T.);
#8862 = EDGE_LOOP('',(#8863));
#8863 = ORIENTED_EDGE('',*,*,#8776,.T.);
#8864 = ADVANCED_FACE('',(#8865),#8848,.F.);
#8865 = FACE_BOUND('',#8866,.T.);
#8866 = EDGE_LOOP('',(#8867));
#8867 = ORIENTED_EDGE('',*,*,#8833,.F.);
#8868 = ( GEOMETRIC_REPRESENTATION_CONTEXT(3) 
GLOBAL_UNCERTAINTY_ASSIGNED_CONTEXT((#8872)) 
GLOBAL_UNIT_ASSIGNED_CONTEXT((#8869,#8870,#8871)) REPRESENTATION_CONTEXT
('Context #1','3D Context with UNIT and UNCERTAINTY') );
#8869 = ( LENGTH_UNIT() NAMED_UNIT(*) SI_UNIT(.MILLI.,.METRE.) );
#8870 = ( NAMED_UNIT(*) PLANE_ANGLE_UNIT() SI_UNIT($,.RADIAN.) );
#8871 = ( NAMED_UNIT(*) SI_UNIT($,.STERADIAN.) SOLID_ANGLE_UNIT() );
#8872 = UNCERTAINTY_MEASURE_WITH_UNIT(LENGTH_MEASURE(1.E-07),#8869,
  'distance_accuracy_value','confusion accuracy');
#8873 = CONTEXT_DEPENDENT_SHAPE_REPRESENTATION(#8874,#8876);
#8874 = ( REPRESENTATION_RELATIONSHIP('','',#8769,#7295) 
REPRESENTATION_RELATIONSHIP_WITH_TRANSFORMATION(#8875) 
SHAPE_REPRESENTATION_RELATIONSHIP() );
#8875 = ITEM_DEFINED_TRANSFORMATION('','',#11,#7340);
#8876 = PRODUCT_DEFINITION_SHAPE('Placement','Placement of an item',
  #8877);
#8877 = NEXT_ASSEMBLY_USAGE_OCCURRENCE('190','=>[0:1:1:71]','',#7290,
  #8764,$);
#8878 = PRODUCT_RELATED_PRODUCT_CATEGORY('part',$,(#8766));
#8879 = SHAPE_DEFINITION_REPRESENTATION(#8880,#8886);
#8880 = PRODUCT_DEFINITION_SHAPE('','',#8881);
#8881 = PRODUCT_DEFINITION('design','',#8882,#8885);
#8882 = PRODUCT_DEFINITION_FORMATION('','',#8883);
#8883 = PRODUCT('SOLID','SOLID','',(#8884));
#8884 = PRODUCT_CONTEXT('',#2,'mechanical');
#8885 = PRODUCT_DEFINITION_CONTEXT('part definition',#2,'design');
#8886 = ADVANCED_BREP_SHAPE_REPRESENTATION('',(#11,#8887),#8985);
#8887 = MANIFOLD_SOLID_BREP('',#8888);
#8888 = CLOSED_SHELL('',(#8889,#8977,#8981));
#8889 = ADVANCED_FACE('',(#8890),#8903,.T.);
#8890 = FACE_BOUND('',#8891,.T.);
#8891 = EDGE_LOOP('',(#8892,#8926,#8949,#8976));
#8892 = ORIENTED_EDGE('',*,*,#8893,.F.);
#8893 = EDGE_CURVE('',#8894,#8894,#8896,.T.);
#8894 = VERTEX_POINT('',#8895);
#8895 = CARTESIAN_POINT('',(-176.8905931903,2.069526534626E-16,
    183.73067323143));
#8896 = SURFACE_CURVE('',#8897,(#8902,#8914),.PCURVE_S1.);
#8897 = CIRCLE('',#8898,1.6);
#8898 = AXIS2_PLACEMENT_3D('',#8899,#8900,#8901);
#8899 = CARTESIAN_POINT('',(-177.5414427281,0.,185.19231439092));
#8900 = DIRECTION('',(-0.880561030719,-0.266210672544,-0.392102217545));
#8901 = DIRECTION('',(0.406780961153,-1.387778780781E-17,-0.913525724675
    ));
#8902 = PCURVE('',#8903,#8908);
#8903 = CYLINDRICAL_SURFACE('',#8904,1.6);
#8904 = AXIS2_PLACEMENT_3D('',#8905,#8906,#8907);
#8905 = CARTESIAN_POINT('',(-32.,44.,250.));
#8906 = DIRECTION('',(-0.880561030719,-0.266210672544,-0.392102217545));
#8907 = DIRECTION('',(0.406780961153,-1.387778780781E-17,-0.913525724675
    ));
#8908 = DEFINITIONAL_REPRESENTATION('',(#8909),#8913);
#8909 = LINE('',#8910,#8911);
#8910 = CARTESIAN_POINT('',(0.,165.28262965417));
#8911 = VECTOR('',#8912,1.);
#8912 = DIRECTION('',(1.,0.));
#8913 = ( GEOMETRIC_REPRESENTATION_CONTEXT(2) 
PARAMETRIC_REPRESENTATION_CONTEXT() REPRESENTATION_CONTEXT('2D SPACE',''
  ) );
#8914 = PCURVE('',#8915,#8920);
#8915 = PLANE('',#8916);
#8916 = AXIS2_PLACEMENT_3D('',#8917,#8918,#8919);
#8917 = CARTESIAN_POINT('',(-177.5414427281,0.,185.19231439092));
#8918 = DIRECTION('',(-0.880561030719,-0.266210672544,-0.392102217545));
#8919 = DIRECTION('',(0.406780961153,-1.387778780781E-17,-0.913525724675
    ));
#8920 = DEFINITIONAL_REPRESENTATION('',(#8921),#8925);
#8921 = CIRCLE('',#8922,1.6);
#8922 = AXIS2_PLACEMENT_2D('',#8923,#8924);
#8923 = CARTESIAN_POINT('',(0.,0.));
#8924 = DIRECTION('',(1.,0.));
#8925 = ( GEOMETRIC_REPRESENTATION_CONTEXT(2) 
PARAMETRIC_REPRESENTATION_CONTEXT() REPRESENTATION_CONTEXT('2D SPACE',''
  ) );
#8926 = ORIENTED_EDGE('',*,*,#8927,.F.);
#8927 = EDGE_CURVE('',#8928,#8894,#8930,.T.);
#8928 = VERTEX_POINT('',#8929);
#8929 = CARTESIAN_POINT('',(-31.34915046215,44.,248.53835884052));
#8930 = SEAM_CURVE('',#8931,(#8935,#8942),.PCURVE_S1.);
#8931 = LINE('',#8932,#8933);
#8932 = CARTESIAN_POINT('',(-31.34915046215,44.,248.53835884052));
#8933 = VECTOR('',#8934,1.);
#8934 = DIRECTION('',(-0.880561030719,-0.266210672544,-0.392102217545));
#8935 = PCURVE('',#8903,#8936);
#8936 = DEFINITIONAL_REPRESENTATION('',(#8937),#8941);
#8937 = LINE('',#8938,#8939);
#8938 = CARTESIAN_POINT('',(6.28318530718,-0.));
#8939 = VECTOR('',#8940,1.);
#8940 = DIRECTION('',(0.,1.));
#8941 = ( GEOMETRIC_REPRESENTATION_CONTEXT(2) 
PARAMETRIC_REPRESENTATION_CONTEXT() REPRESENTATION_CONTEXT('2D SPACE',''
  ) );
#8942 = PCURVE('',#8903,#8943);
#8943 = DEFINITIONAL_REPRESENTATION('',(#8944),#8948);
#8944 = LINE('',#8945,#8946);
#8945 = CARTESIAN_POINT('',(0.,-0.));
#8946 = VECTOR('',#8947,1.);
#8947 = DIRECTION('',(0.,1.));
#8948 = ( GEOMETRIC_REPRESENTATION_CONTEXT(2) 
PARAMETRIC_REPRESENTATION_CONTEXT() REPRESENTATION_CONTEXT('2D SPACE',''
  ) );
#8949 = ORIENTED_EDGE('',*,*,#8950,.T.);
#8950 = EDGE_CURVE('',#8928,#8928,#8951,.T.);
#8951 = SURFACE_CURVE('',#8952,(#8957,#8964),.PCURVE_S1.);
#8952 = CIRCLE('',#8953,1.6);
#8953 = AXIS2_PLACEMENT_3D('',#8954,#8955,#8956);
#8954 = CARTESIAN_POINT('',(-32.,44.,250.));
#8955 = DIRECTION('',(-0.880561030719,-0.266210672544,-0.392102217545));
#8956 = DIRECTION('',(0.406780961153,-1.387778780781E-17,-0.913525724675
    ));
#8957 = PCURVE('',#8903,#8958);
#8958 = DEFINITIONAL_REPRESENTATION('',(#8959),#8963);
#8959 = LINE('',#8960,#8961);
#8960 = CARTESIAN_POINT('',(0.,0.));
#8961 = VECTOR('',#8962,1.);
#8962 = DIRECTION('',(1.,0.));
#8963 = ( GEOMETRIC_REPRESENTATION_CONTEXT(2) 
PARAMETRIC_REPRESENTATION_CONTEXT() REPRESENTATION_CONTEXT('2D SPACE',''
  ) );
#8964 = PCURVE('',#8965,#8970);
#8965 = PLANE('',#8966);
#8966 = AXIS2_PLACEMENT_3D('',#8967,#8968,#8969);
#8967 = CARTESIAN_POINT('',(-32.,44.,250.));
#8968 = DIRECTION('',(-0.880561030719,-0.266210672544,-0.392102217545));
#8969 = DIRECTION('',(0.406780961153,-1.387778780781E-17,-0.913525724675
    ));
#8970 = DEFINITIONAL_REPRESENTATION('',(#8971),#8975);
#8971 = CIRCLE('',#8972,1.6);
#8972 = AXIS2_PLACEMENT_2D('',#8973,#8974);
#8973 = CARTESIAN_POINT('',(0.,0.));
#8974 = DIRECTION('',(1.,0.));
#8975 = ( GEOMETRIC_REPRESENTATION_CONTEXT(2) 
PARAMETRIC_REPRESENTATION_CONTEXT() REPRESENTATION_CONTEXT('2D SPACE',''
  ) );
#8976 = ORIENTED_EDGE('',*,*,#8927,.T.);
#8977 = ADVANCED_FACE('',(#8978),#8915,.T.);
#8978 = FACE_BOUND('',#8979,.T.);
#8979 = EDGE_LOOP('',(#8980));
#8980 = ORIENTED_EDGE('',*,*,#8893,.T.);
#8981 = ADVANCED_FACE('',(#8982),#8965,.F.);
#8982 = FACE_BOUND('',#8983,.T.);
#8983 = EDGE_LOOP('',(#8984));
#8984 = ORIENTED_EDGE('',*,*,#8950,.F.);
#8985 = ( GEOMETRIC_REPRESENTATION_CONTEXT(3) 
GLOBAL_UNCERTAINTY_ASSIGNED_CONTEXT((#8989)) 
GLOBAL_UNIT_ASSIGNED_CONTEXT((#8986,#8987,#8988)) REPRESENTATION_CONTEXT
('Context #1','3D Context with UNIT and UNCERTAINTY') );
#8986 = ( LENGTH_UNIT() NAMED_UNIT(*) SI_UNIT(.MILLI.,.METRE.) );
#8987 = ( NAMED_UNIT(*) PLANE_ANGLE_UNIT() SI_UNIT($,.RADIAN.) );
#8988 = ( NAMED_UNIT(*) SI_UNIT($,.STERADIAN.) SOLID_ANGLE_UNIT() );
#8989 = UNCERTAINTY_MEASURE_WITH_UNIT(LENGTH_MEASURE(1.E-07),#8986,
  'distance_accuracy_value','confusion accuracy');
#8990 = CONTEXT_DEPENDENT_SHAPE_REPRESENTATION(#8991,#8993);
#8991 = ( REPRESENTATION_RELATIONSHIP('','',#8886,#7295) 
REPRESENTATION_RELATIONSHIP_WITH_TRANSFORMATION(#8992) 
SHAPE_REPRESENTATION_RELATIONSHIP() );
#8992 = ITEM_DEFINED_TRANSFORMATION('','',#11,#7344);
#8993 = PRODUCT_DEFINITION_SHAPE('Placement','Placement of an item',
  #8994);
#8994 = NEXT_ASSEMBLY_USAGE_OCCURRENCE('191','=>[0:1:1:72]','',#7290,
  #8881,$);
#8995 = PRODUCT_RELATED_PRODUCT_CATEGORY('part',$,(#8883));
#8996 = SHAPE_DEFINITION_REPRESENTATION(#8997,#9003);
#8997 = PRODUCT_DEFINITION_SHAPE('','',#8998);
#8998 = PRODUCT_DEFINITION('design','',#8999,#9002);
#8999 = PRODUCT_DEFINITION_FORMATION('','',#9000);
#9000 = PRODUCT('SOLID','SOLID','',(#9001));
#9001 = PRODUCT_CONTEXT('',#2,'mechanical');
#9002 = PRODUCT_DEFINITION_CONTEXT('part definition',#2,'design');
#9003 = ADVANCED_BREP_SHAPE_REPRESENTATION('',(#11,#9004),#9102);
#9004 = MANIFOLD_SOLID_BREP('',#9005);
#9005 = CLOSED_SHELL('',(#9006,#9094,#9098));
#9006 = ADVANCED_FACE('',(#9007),#9020,.T.);
#9007 = FACE_BOUND('',#9008,.T.);
#9008 = EDGE_LOOP('',(#9009,#9043,#9066,#9093));
#9009 = ORIENTED_EDGE('',*,*,#9010,.F.);
#9010 = EDGE_CURVE('',#9011,#9011,#9013,.T.);
#9011 = VERTEX_POINT('',#9012);
#9012 = CARTESIAN_POINT('',(-143.5573404678,4.631517579268E-15,
    127.22705661522));
#9013 = SURFACE_CURVE('',#9014,(#9019,#9031),.PCURVE_S1.);
#9014 = CIRCLE('',#9015,1.6);
#9015 = AXIS2_PLACEMENT_3D('',#9016,#9017,#9018);
#9016 = CARTESIAN_POINT('',(-144.6688496947,0.,128.3779463748));
#9017 = DIRECTION('',(-0.693349846075,0.266210672544,-0.669625170354));
#9018 = DIRECTION('',(0.694693266757,8.326672684689E-17,-0.71930609974)
  );
#9019 = PCURVE('',#9020,#9025);
#9020 = CYLINDRICAL_SURFACE('',#9021,1.6);
#9021 = AXIS2_PLACEMENT_3D('',#9022,#9023,#9024);
#9022 = CARTESIAN_POINT('',(-30.07016386514,-44.,239.05535541357));
#9023 = DIRECTION('',(-0.693349846075,0.266210672544,-0.669625170354));
#9024 = DIRECTION('',(0.694693266757,2.775557561563E-17,-0.71930609974)
  );
#9025 = DEFINITIONAL_REPRESENTATION('',(#9026),#9030);
#9026 = LINE('',#9027,#9028);
#9027 = CARTESIAN_POINT('',(0.,165.28262965417));
#9028 = VECTOR('',#9029,1.);
#9029 = DIRECTION('',(1.,0.));
#9030 = ( GEOMETRIC_REPRESENTATION_CONTEXT(2) 
PARAMETRIC_REPRESENTATION_CONTEXT() REPRESENTATION_CONTEXT('2D SPACE',''
  ) );
#9031 = PCURVE('',#9032,#9037);
#9032 = PLANE('',#9033);
#9033 = AXIS2_PLACEMENT_3D('',#9034,#9035,#9036);
#9034 = CARTESIAN_POINT('',(-144.6688496947,0.,128.3779463748));
#9035 = DIRECTION('',(-0.693349846075,0.266210672544,-0.669625170354));
#9036 = DIRECTION('',(0.694693266757,2.775557561563E-17,-0.71930609974)
  );
#9037 = DEFINITIONAL_REPRESENTATION('',(#9038),#9042);
#9038 = CIRCLE('',#9039,1.6);
#9039 = AXIS2_PLACEMENT_2D('',#9040,#9041);
#9040 = CARTESIAN_POINT('',(0.,0.));
#9041 = DIRECTION('',(1.,0.));
#9042 = ( GEOMETRIC_REPRESENTATION_CONTEXT(2) 
PARAMETRIC_REPRESENTATION_CONTEXT() REPRESENTATION_CONTEXT('2D SPACE',''
  ) );
#9043 = ORIENTED_EDGE('',*,*,#9044,.F.);
#9044 = EDGE_CURVE('',#9045,#9011,#9047,.T.);
#9045 = VERTEX_POINT('',#9046);
#9046 = CARTESIAN_POINT('',(-28.95865463833,-44.,237.90446565399));
#9047 = SEAM_CURVE('',#9048,(#9052,#9059),.PCURVE_S1.);
#9048 = LINE('',#9049,#9050);
#9049 = CARTESIAN_POINT('',(-28.95865463833,-44.,237.90446565399));
#9050 = VECTOR('',#9051,1.);
#9051 = DIRECTION('',(-0.693349846075,0.266210672544,-0.669625170354));
#9052 = PCURVE('',#9020,#9053);
#9053 = DEFINITIONAL_REPRESENTATION('',(#9054),#9058);
#9054 = LINE('',#9055,#9056);
#9055 = CARTESIAN_POINT('',(6.28318530718,-0.));
#9056 = VECTOR('',#9057,1.);
#9057 = DIRECTION('',(0.,1.));
#9058 = ( GEOMETRIC_REPRESENTATION_CONTEXT(2) 
PARAMETRIC_REPRESENTATION_CONTEXT() REPRESENTATION_CONTEXT('2D SPACE',''
  ) );
#9059 = PCURVE('',#9020,#9060);
#9060 = DEFINITIONAL_REPRESENTATION('',(#9061),#9065);
#9061 = LINE('',#9062,#9063);
#9062 = CARTESIAN_POINT('',(0.,-0.));
#9063 = VECTOR('',#9064,1.);
#9064 = DIRECTION('',(0.,1.));
#9065 = ( GEOMETRIC_REPRESENTATION_CONTEXT(2) 
PARAMETRIC_REPRESENTATION_CONTEXT() REPRESENTATION_CONTEXT('2D SPACE',''
  ) );
#9066 = ORIENTED_EDGE('',*,*,#9067,.T.);
#9067 = EDGE_CURVE('',#9045,#9045,#9068,.T.);
#9068 = SURFACE_CURVE('',#9069,(#9074,#9081),.PCURVE_S1.);
#9069 = CIRCLE('',#9070,1.6);
#9070 = AXIS2_PLACEMENT_3D('',#9071,#9072,#9073);
#9071 = CARTESIAN_POINT('',(-30.07016386514,-44.,239.05535541357));
#9072 = DIRECTION('',(-0.693349846075,0.266210672544,-0.669625170354));
#9073 = DIRECTION('',(0.694693266757,8.326672684689E-17,-0.71930609974)
  );
#9074 = PCURVE('',#9020,#9075);
#9075 = DEFINITIONAL_REPRESENTATION('',(#9076),#9080);
#9076 = LINE('',#9077,#9078);
#9077 = CARTESIAN_POINT('',(0.,0.));
#9078 = VECTOR('',#9079,1.);
#9079 = DIRECTION('',(1.,0.));
#9080 = ( GEOMETRIC_REPRESENTATION_CONTEXT(2) 
PARAMETRIC_REPRESENTATION_CONTEXT() REPRESENTATION_CONTEXT('2D SPACE',''
  ) );
#9081 = PCURVE('',#9082,#9087);
#9082 = PLANE('',#9083);
#9083 = AXIS2_PLACEMENT_3D('',#9084,#9085,#9086);
#9084 = CARTESIAN_POINT('',(-30.07016386514,-44.,239.05535541357));
#9085 = DIRECTION('',(-0.693349846075,0.266210672544,-0.669625170354));
#9086 = DIRECTION('',(0.694693266757,2.775557561563E-17,-0.71930609974)
  );
#9087 = DEFINITIONAL_REPRESENTATION('',(#9088),#9092);
#9088 = CIRCLE('',#9089,1.6);
#9089 = AXIS2_PLACEMENT_2D('',#9090,#9091);
#9090 = CARTESIAN_POINT('',(0.,0.));
#9091 = DIRECTION('',(1.,0.));
#9092 = ( GEOMETRIC_REPRESENTATION_CONTEXT(2) 
PARAMETRIC_REPRESENTATION_CONTEXT() REPRESENTATION_CONTEXT('2D SPACE',''
  ) );
#9093 = ORIENTED_EDGE('',*,*,#9044,.T.);
#9094 = ADVANCED_FACE('',(#9095),#9032,.T.);
#9095 = FACE_BOUND('',#9096,.T.);
#9096 = EDGE_LOOP('',(#9097));
#9097 = ORIENTED_EDGE('',*,*,#9010,.T.);
#9098 = ADVANCED_FACE('',(#9099),#9082,.F.);
#9099 = FACE_BOUND('',#9100,.T.);
#9100 = EDGE_LOOP('',(#9101));
#9101 = ORIENTED_EDGE('',*,*,#9067,.F.);
#9102 = ( GEOMETRIC_REPRESENTATION_CONTEXT(3) 
GLOBAL_UNCERTAINTY_ASSIGNED_CONTEXT((#9106)) 
GLOBAL_UNIT_ASSIGNED_CONTEXT((#9103,#9104,#9105)) REPRESENTATION_CONTEXT
('Context #1','3D Context with UNIT and UNCERTAINTY') );
#9103 = ( LENGTH_UNIT() NAMED_UNIT(*) SI_UNIT(.MILLI.,.METRE.) );
#9104 = ( NAMED_UNIT(*) PLANE_ANGLE_UNIT() SI_UNIT($,.RADIAN.) );
#9105 = ( NAMED_UNIT(*) SI_UNIT($,.STERADIAN.) SOLID_ANGLE_UNIT() );
#9106 = UNCERTAINTY_MEASURE_WITH_UNIT(LENGTH_MEASURE(1.E-07),#9103,
  'distance_accuracy_value','confusion accuracy');
#9107 = CONTEXT_DEPENDENT_SHAPE_REPRESENTATION(#9108,#9110);
#9108 = ( REPRESENTATION_RELATIONSHIP('','',#9003,#7295) 
REPRESENTATION_RELATIONSHIP_WITH_TRANSFORMATION(#9109) 
SHAPE_REPRESENTATION_RELATIONSHIP() );
#9109 = ITEM_DEFINED_TRANSFORMATION('','',#11,#7348);
#9110 = PRODUCT_DEFINITION_SHAPE('Placement','Placement of an item',
  #9111);
#9111 = NEXT_ASSEMBLY_USAGE_OCCURRENCE('192','=>[0:1:1:73]','',#7290,
  #8998,$);
#9112 = PRODUCT_RELATED_PRODUCT_CATEGORY('part',$,(#9000));
#9113 = SHAPE_DEFINITION_REPRESENTATION(#9114,#9120);
#9114 = PRODUCT_DEFINITION_SHAPE('','',#9115);
#9115 = PRODUCT_DEFINITION('design','',#9116,#9119);
#9116 = PRODUCT_DEFINITION_FORMATION('','',#9117);
#9117 = PRODUCT('SOLID','SOLID','',(#9118));
#9118 = PRODUCT_CONTEXT('',#2,'mechanical');
#9119 = PRODUCT_DEFINITION_CONTEXT('part definition',#2,'design');
#9120 = ADVANCED_BREP_SHAPE_REPRESENTATION('',(#11,#9121),#9219);
#9121 = MANIFOLD_SOLID_BREP('',#9122);
#9122 = CLOSED_SHELL('',(#9123,#9211,#9215));
#9123 = ADVANCED_FACE('',(#9124),#9137,.T.);
#9124 = FACE_BOUND('',#9125,.T.);
#9125 = EDGE_LOOP('',(#9126,#9160,#9183,#9210));
#9126 = ORIENTED_EDGE('',*,*,#9127,.F.);
#9127 = EDGE_CURVE('',#9128,#9128,#9130,.T.);
#9128 = VERTEX_POINT('',#9129);
#9129 = CARTESIAN_POINT('',(-95.78516280214,-7.983756923054E-15,
    86.934317045589));
#9130 = SURFACE_CURVE('',#9131,(#9136,#9148),.PCURVE_S1.);
#9131 = CIRCLE('',#9132,1.6);
#9132 = AXIS2_PLACEMENT_3D('',#9133,#9134,#9135);
#9133 = CARTESIAN_POINT('',(-94.34705830325,-7.105427357601E-15,
    86.232992976232));
#9134 = DIRECTION('',(-0.422510437241,-0.266210672544,-0.866381445004));
#9135 = DIRECTION('',(-0.898815311809,2.775557561563E-17,0.438327543348)
  );
#9136 = PCURVE('',#9137,#9142);
#9137 = CYLINDRICAL_SURFACE('',#9138,1.6);
#9138 = AXIS2_PLACEMENT_3D('',#9139,#9140,#9141);
#9139 = CARTESIAN_POINT('',(-24.5134221798,44.,229.43079649003));
#9140 = DIRECTION('',(-0.422510437241,-0.266210672544,-0.866381445004));
#9141 = DIRECTION('',(-0.898815311809,1.387778780781E-17,0.438327543348)
  );
#9142 = DEFINITIONAL_REPRESENTATION('',(#9143),#9147);
#9143 = LINE('',#9144,#9145);
#9144 = CARTESIAN_POINT('',(0.,165.28262965417));
#9145 = VECTOR('',#9146,1.);
#9146 = DIRECTION('',(1.,0.));
#9147 = ( GEOMETRIC_REPRESENTATION_CONTEXT(2) 
PARAMETRIC_REPRESENTATION_CONTEXT() REPRESENTATION_CONTEXT('2D SPACE',''
  ) );
#9148 = PCURVE('',#9149,#9154);
#9149 = PLANE('',#9150);
#9150 = AXIS2_PLACEMENT_3D('',#9151,#9152,#9153);
#9151 = CARTESIAN_POINT('',(-94.34705830325,-7.105427357601E-15,
    86.232992976232));
#9152 = DIRECTION('',(-0.422510437241,-0.266210672544,-0.866381445004));
#9153 = DIRECTION('',(-0.898815311809,1.387778780781E-17,0.438327543348)
  );
#9154 = DEFINITIONAL_REPRESENTATION('',(#9155),#9159);
#9155 = CIRCLE('',#9156,1.6);
#9156 = AXIS2_PLACEMENT_2D('',#9157,#9158);
#9157 = CARTESIAN_POINT('',(0.,0.));
#9158 = DIRECTION('',(1.,0.));
#9159 = ( GEOMETRIC_REPRESENTATION_CONTEXT(2) 
PARAMETRIC_REPRESENTATION_CONTEXT() REPRESENTATION_CONTEXT('2D SPACE',''
  ) );
#9160 = ORIENTED_EDGE('',*,*,#9161,.F.);
#9161 = EDGE_CURVE('',#9162,#9128,#9164,.T.);
#9162 = VERTEX_POINT('',#9163);
#9163 = CARTESIAN_POINT('',(-25.9515266787,44.,230.13212055938));
#9164 = SEAM_CURVE('',#9165,(#9169,#9176),.PCURVE_S1.);
#9165 = LINE('',#9166,#9167);
#9166 = CARTESIAN_POINT('',(-25.9515266787,44.,230.13212055938));
#9167 = VECTOR('',#9168,1.);
#9168 = DIRECTION('',(-0.422510437241,-0.266210672544,-0.866381445004));
#9169 = PCURVE('',#9137,#9170);
#9170 = DEFINITIONAL_REPRESENTATION('',(#9171),#9175);
#9171 = LINE('',#9172,#9173);
#9172 = CARTESIAN_POINT('',(6.28318530718,-0.));
#9173 = VECTOR('',#9174,1.);
#9174 = DIRECTION('',(0.,1.));
#9175 = ( GEOMETRIC_REPRESENTATION_CONTEXT(2) 
PARAMETRIC_REPRESENTATION_CONTEXT() REPRESENTATION_CONTEXT('2D SPACE',''
  ) );
#9176 = PCURVE('',#9137,#9177);
#9177 = DEFINITIONAL_REPRESENTATION('',(#9178),#9182);
#9178 = LINE('',#9179,#9180);
#9179 = CARTESIAN_POINT('',(0.,-0.));
#9180 = VECTOR('',#9181,1.);
#9181 = DIRECTION('',(0.,1.));
#9182 = ( GEOMETRIC_REPRESENTATION_CONTEXT(2) 
PARAMETRIC_REPRESENTATION_CONTEXT() REPRESENTATION_CONTEXT('2D SPACE',''
  ) );
#9183 = ORIENTED_EDGE('',*,*,#9184,.T.);
#9184 = EDGE_CURVE('',#9162,#9162,#9185,.T.);
#9185 = SURFACE_CURVE('',#9186,(#9191,#9198),.PCURVE_S1.);
#9186 = CIRCLE('',#9187,1.6);
#9187 = AXIS2_PLACEMENT_3D('',#9188,#9189,#9190);
#9188 = CARTESIAN_POINT('',(-24.5134221798,44.,229.43079649003));
#9189 = DIRECTION('',(-0.422510437241,-0.266210672544,-0.866381445004));
#9190 = DIRECTION('',(-0.898815311809,2.775557561563E-17,0.438327543348)
  );
#9191 = PCURVE('',#9137,#9192);
#9192 = DEFINITIONAL_REPRESENTATION('',(#9193),#9197);
#9193 = LINE('',#9194,#9195);
#9194 = CARTESIAN_POINT('',(0.,0.));
#9195 = VECTOR('',#9196,1.);
#9196 = DIRECTION('',(1.,0.));
#9197 = ( GEOMETRIC_REPRESENTATION_CONTEXT(2) 
PARAMETRIC_REPRESENTATION_CONTEXT() REPRESENTATION_CONTEXT('2D SPACE',''
  ) );
#9198 = PCURVE('',#9199,#9204);
#9199 = PLANE('',#9200);
#9200 = AXIS2_PLACEMENT_3D('',#9201,#9202,#9203);
#9201 = CARTESIAN_POINT('',(-24.5134221798,44.,229.43079649003));
#9202 = DIRECTION('',(-0.422510437241,-0.266210672544,-0.866381445004));
#9203 = DIRECTION('',(-0.898815311809,1.387778780781E-17,0.438327543348)
  );
#9204 = DEFINITIONAL_REPRESENTATION('',(#9205),#9209);
#9205 = CIRCLE('',#9206,1.6);
#9206 = AXIS2_PLACEMENT_2D('',#9207,#9208);
#9207 = CARTESIAN_POINT('',(0.,0.));
#9208 = DIRECTION('',(1.,0.));
#9209 = ( GEOMETRIC_REPRESENTATION_CONTEXT(2) 
PARAMETRIC_REPRESENTATION_CONTEXT() REPRESENTATION_CONTEXT('2D SPACE',''
  ) );
#9210 = ORIENTED_EDGE('',*,*,#9161,.T.);
#9211 = ADVANCED_FACE('',(#9212),#9149,.T.);
#9212 = FACE_BOUND('',#9213,.T.);
#9213 = EDGE_LOOP('',(#9214));
#9214 = ORIENTED_EDGE('',*,*,#9127,.T.);
#9215 = ADVANCED_FACE('',(#9216),#9199,.F.);
#9216 = FACE_BOUND('',#9217,.T.);
#9217 = EDGE_LOOP('',(#9218));
#9218 = ORIENTED_EDGE('',*,*,#9184,.F.);
#9219 = ( GEOMETRIC_REPRESENTATION_CONTEXT(3) 
GLOBAL_UNCERTAINTY_ASSIGNED_CONTEXT((#9223)) 
GLOBAL_UNIT_ASSIGNED_CONTEXT((#9220,#9221,#9222)) REPRESENTATION_CONTEXT
('Context #1','3D Context with UNIT and UNCERTAINTY') );
#9220 = ( LENGTH_UNIT() NAMED_UNIT(*) SI_UNIT(.MILLI.,.METRE.) );
#9221 = ( NAMED_UNIT(*) PLANE_ANGLE_UNIT() SI_UNIT($,.RADIAN.) );
#9222 = ( NAMED_UNIT(*) SI_UNIT($,.STERADIAN.) SOLID_ANGLE_UNIT() );
#9223 = UNCERTAINTY_MEASURE_WITH_UNIT(LENGTH_MEASURE(1.E-07),#9220,
  'distance_accuracy_value','confusion accuracy');
#9224 = CONTEXT_DEPENDENT_SHAPE_REPRESENTATION(#9225,#9227);
#9225 = ( REPRESENTATION_RELATIONSHIP('','',#9120,#7295) 
REPRESENTATION_RELATIONSHIP_WITH_TRANSFORMATION(#9226) 
SHAPE_REPRESENTATION_RELATIONSHIP() );
#9226 = ITEM_DEFINED_TRANSFORMATION('','',#11,#7352);
#9227 = PRODUCT_DEFINITION_SHAPE('Placement','Placement of an item',
  #9228);
#9228 = NEXT_ASSEMBLY_USAGE_OCCURRENCE('193','=>[0:1:1:74]','',#7290,
  #9115,$);
#9229 = PRODUCT_RELATED_PRODUCT_CATEGORY('part',$,(#9117));
#9230 = SHAPE_DEFINITION_REPRESENTATION(#9231,#9237);
#9231 = PRODUCT_DEFINITION_SHAPE('','',#9232);
#9232 = PRODUCT_DEFINITION('design','',#9233,#9236);
#9233 = PRODUCT_DEFINITION_FORMATION('','',#9234);
#9234 = PRODUCT('SOLID','SOLID','',(#9235));
#9235 = PRODUCT_CONTEXT('',#2,'mechanical');
#9236 = PRODUCT_DEFINITION_CONTEXT('part definition',#2,'design');
#9237 = ADVANCED_BREP_SHAPE_REPRESENTATION('',(#11,#9238),#9336);
#9238 = MANIFOLD_SOLID_BREP('',#9239);
#9239 = CLOSED_SHELL('',(#9240,#9328,#9332));
#9240 = ADVANCED_FACE('',(#9241),#9254,.T.);
#9241 = FACE_BOUND('',#9242,.T.);
#9242 = EDGE_LOOP('',(#9243,#9277,#9300,#9327));
#9243 = ORIENTED_EDGE('',*,*,#9244,.F.);
#9244 = EDGE_CURVE('',#9245,#9245,#9247,.T.);
#9245 = VERTEX_POINT('',#9246);
#9246 = CARTESIAN_POINT('',(-32.64561926613,-1.541661011498,
    63.412643885275));
#9247 = SURFACE_CURVE('',#9248,(#9253,#9265),.PCURVE_S1.);
#9248 = CIRCLE('',#9249,1.6);
#9249 = AXIS2_PLACEMENT_3D('',#9250,#9251,#9252);
#9250 = CARTESIAN_POINT('',(-32.64561926613,0.,63.840757568338));
#9251 = DIRECTION('',(-0.100710034085,0.266210672544,-0.958639330957));
#9252 = DIRECTION('',(-6.938893903907E-18,-0.963538132187,
    -0.267571051914));
#9253 = PCURVE('',#9254,#9259);
#9254 = CYLINDRICAL_SURFACE('',#9255,1.6);
#9255 = AXIS2_PLACEMENT_3D('',#9256,#9257,#9258);
#9256 = CARTESIAN_POINT('',(-16.,-44.,222.28718707889));
#9257 = DIRECTION('',(-0.100710034085,0.266210672544,-0.958639330957));
#9258 = DIRECTION('',(-3.469446951954E-18,-0.963538132187,
    -0.267571051914));
#9259 = DEFINITIONAL_REPRESENTATION('',(#9260),#9264);
#9260 = LINE('',#9261,#9262);
#9261 = CARTESIAN_POINT('',(0.,165.28262965417));
#9262 = VECTOR('',#9263,1.);
#9263 = DIRECTION('',(1.,0.));
#9264 = ( GEOMETRIC_REPRESENTATION_CONTEXT(2) 
PARAMETRIC_REPRESENTATION_CONTEXT() REPRESENTATION_CONTEXT('2D SPACE',''
  ) );
#9265 = PCURVE('',#9266,#9271);
#9266 = PLANE('',#9267);
#9267 = AXIS2_PLACEMENT_3D('',#9268,#9269,#9270);
#9268 = CARTESIAN_POINT('',(-32.64561926613,0.,63.840757568338));
#9269 = DIRECTION('',(-0.100710034085,0.266210672544,-0.958639330957));
#9270 = DIRECTION('',(-3.469446951954E-18,-0.963538132187,
    -0.267571051914));
#9271 = DEFINITIONAL_REPRESENTATION('',(#9272),#9276);
#9272 = CIRCLE('',#9273,1.6);
#9273 = AXIS2_PLACEMENT_2D('',#9274,#9275);
#9274 = CARTESIAN_POINT('',(0.,0.));
#9275 = DIRECTION('',(1.,0.));
#9276 = ( GEOMETRIC_REPRESENTATION_CONTEXT(2) 
PARAMETRIC_REPRESENTATION_CONTEXT() REPRESENTATION_CONTEXT('2D SPACE',''
  ) );
#9277 = ORIENTED_EDGE('',*,*,#9278,.F.);
#9278 = EDGE_CURVE('',#9279,#9245,#9281,.T.);
#9279 = VERTEX_POINT('',#9280);
#9280 = CARTESIAN_POINT('',(-16.,-45.54166101149,221.85907339583));
#9281 = SEAM_CURVE('',#9282,(#9286,#9293),.PCURVE_S1.);
#9282 = LINE('',#9283,#9284);
#9283 = CARTESIAN_POINT('',(-16.,-45.54166101149,221.85907339583));
#9284 = VECTOR('',#9285,1.);
#9285 = DIRECTION('',(-0.100710034085,0.266210672544,-0.958639330957));
#9286 = PCURVE('',#9254,#9287);
#9287 = DEFINITIONAL_REPRESENTATION('',(#9288),#9292);
#9288 = LINE('',#9289,#9290);
#9289 = CARTESIAN_POINT('',(6.28318530718,-0.));
#9290 = VECTOR('',#9291,1.);
#9291 = DIRECTION('',(0.,1.));
#9292 = ( GEOMETRIC_REPRESENTATION_CONTEXT(2) 
PARAMETRIC_REPRESENTATION_CONTEXT() REPRESENTATION_CONTEXT('2D SPACE',''
  ) );
#9293 = PCURVE('',#9254,#9294);
#9294 = DEFINITIONAL_REPRESENTATION('',(#9295),#9299);
#9295 = LINE('',#9296,#9297);
#9296 = CARTESIAN_POINT('',(0.,-0.));
#9297 = VECTOR('',#9298,1.);
#9298 = DIRECTION('',(0.,1.));
#9299 = ( GEOMETRIC_REPRESENTATION_CONTEXT(2) 
PARAMETRIC_REPRESENTATION_CONTEXT() REPRESENTATION_CONTEXT('2D SPACE',''
  ) );
#9300 = ORIENTED_EDGE('',*,*,#9301,.T.);
#9301 = EDGE_CURVE('',#9279,#9279,#9302,.T.);
#9302 = SURFACE_CURVE('',#9303,(#9308,#9315),.PCURVE_S1.);
#9303 = CIRCLE('',#9304,1.6);
#9304 = AXIS2_PLACEMENT_3D('',#9305,#9306,#9307);
#9305 = CARTESIAN_POINT('',(-16.,-44.,222.28718707889));
#9306 = DIRECTION('',(-0.100710034085,0.266210672544,-0.958639330957));
#9307 = DIRECTION('',(-6.938893903907E-18,-0.963538132187,
    -0.267571051914));
#9308 = PCURVE('',#9254,#9309);
#9309 = DEFINITIONAL_REPRESENTATION('',(#9310),#9314);
#9310 = LINE('',#9311,#9312);
#9311 = CARTESIAN_POINT('',(0.,0.));
#9312 = VECTOR('',#9313,1.);
#9313 = DIRECTION('',(1.,0.));
#9314 = ( GEOMETRIC_REPRESENTATION_CONTEXT(2) 
PARAMETRIC_REPRESENTATION_CONTEXT() REPRESENTATION_CONTEXT('2D SPACE',''
  ) );
#9315 = PCURVE('',#9316,#9321);
#9316 = PLANE('',#9317);
#9317 = AXIS2_PLACEMENT_3D('',#9318,#9319,#9320);
#9318 = CARTESIAN_POINT('',(-16.,-44.,222.28718707889));
#9319 = DIRECTION('',(-0.100710034085,0.266210672544,-0.958639330957));
#9320 = DIRECTION('',(-3.469446951954E-18,-0.963538132187,
    -0.267571051914));
#9321 = DEFINITIONAL_REPRESENTATION('',(#9322),#9326);
#9322 = CIRCLE('',#9323,1.6);
#9323 = AXIS2_PLACEMENT_2D('',#9324,#9325);
#9324 = CARTESIAN_POINT('',(0.,0.));
#9325 = DIRECTION('',(1.,0.));
#9326 = ( GEOMETRIC_REPRESENTATION_CONTEXT(2) 
PARAMETRIC_REPRESENTATION_CONTEXT() REPRESENTATION_CONTEXT('2D SPACE',''
  ) );
#9327 = ORIENTED_EDGE('',*,*,#9278,.T.);
#9328 = ADVANCED_FACE('',(#9329),#9266,.T.);
#9329 = FACE_BOUND('',#9330,.T.);
#9330 = EDGE_LOOP('',(#9331));
#9331 = ORIENTED_EDGE('',*,*,#9244,.T.);
#9332 = ADVANCED_FACE('',(#9333),#9316,.F.);
#9333 = FACE_BOUND('',#9334,.T.);
#9334 = EDGE_LOOP('',(#9335));
#9335 = ORIENTED_EDGE('',*,*,#9301,.F.);
#9336 = ( GEOMETRIC_REPRESENTATION_CONTEXT(3) 
GLOBAL_UNCERTAINTY_ASSIGNED_CONTEXT((#9340)) 
GLOBAL_UNIT_ASSIGNED_CONTEXT((#9337,#9338,#9339)) REPRESENTATION_CONTEXT
('Context #1','3D Context with UNIT and UNCERTAINTY') );
#9337 = ( LENGTH_UNIT() NAMED_UNIT(*) SI_UNIT(.MILLI.,.METRE.) );
#9338 = ( NAMED_UNIT(*) PLANE_ANGLE_UNIT() SI_UNIT($,.RADIAN.) );
#9339 = ( NAMED_UNIT(*) SI_UNIT($,.STERADIAN.) SOLID_ANGLE_UNIT() );
#9340 = UNCERTAINTY_MEASURE_WITH_UNIT(LENGTH_MEASURE(1.E-07),#9337,
  'distance_accuracy_value','confusion accuracy');
#9341 = CONTEXT_DEPENDENT_SHAPE_REPRESENTATION(#9342,#9344);
#9342 = ( REPRESENTATION_RELATIONSHIP('','',#9237,#7295) 
REPRESENTATION_RELATIONSHIP_WITH_TRANSFORMATION(#9343) 
SHAPE_REPRESENTATION_RELATIONSHIP() );
#9343 = ITEM_DEFINED_TRANSFORMATION('','',#11,#7356);
#9344 = PRODUCT_DEFINITION_SHAPE('Placement','Placement of an item',
  #9345);
#9345 = NEXT_ASSEMBLY_USAGE_OCCURRENCE('194','=>[0:1:1:75]','',#7290,
  #9232,$);
#9346 = PRODUCT_RELATED_PRODUCT_CATEGORY('part',$,(#9234));
#9347 = SHAPE_DEFINITION_REPRESENTATION(#9348,#9354);
#9348 = PRODUCT_DEFINITION_SHAPE('','',#9349);
#9349 = PRODUCT_DEFINITION('design','',#9350,#9353);
#9350 = PRODUCT_DEFINITION_FORMATION('','',#9351);
#9351 = PRODUCT('SOLID','SOLID','',(#9352));
#9352 = PRODUCT_CONTEXT('',#2,'mechanical');
#9353 = PRODUCT_DEFINITION_CONTEXT('part definition',#2,'design');
#9354 = ADVANCED_BREP_SHAPE_REPRESENTATION('',(#11,#9355),#9453);
#9355 = MANIFOLD_SOLID_BREP('',#9356);
#9356 = CLOSED_SHELL('',(#9357,#9445,#9449));
#9357 = ADVANCED_FACE('',(#9358),#9371,.T.);
#9358 = FACE_BOUND('',#9359,.T.);
#9359 = EDGE_LOOP('',(#9360,#9394,#9417,#9444));
#9360 = ORIENTED_EDGE('',*,*,#9361,.F.);
#9361 = EDGE_CURVE('',#9362,#9362,#9364,.T.);
#9362 = VERTEX_POINT('',#9363);
#9363 = CARTESIAN_POINT('',(32.993363252498,-1.538876376921,
    64.340091905285));
#9364 = SURFACE_CURVE('',#9365,(#9370,#9382),.PCURVE_S1.);
#9365 = CIRCLE('',#9366,1.6);
#9366 = AXIS2_PLACEMENT_3D('',#9367,#9368,#9369);
#9367 = CARTESIAN_POINT('',(32.993363252498,0.,63.902074215512));
#9368 = DIRECTION('',(0.233237485503,-0.266210672544,-0.935271165588));
#9369 = DIRECTION('',(0.,-0.961797735576,0.273761056108));
#9370 = PCURVE('',#9371,#9376);
#9371 = CYLINDRICAL_SURFACE('',#9372,1.6);
#9372 = AXIS2_PLACEMENT_3D('',#9373,#9374,#9375);
#9373 = CARTESIAN_POINT('',(-5.556741685342,44.,218.4861519036));
#9374 = DIRECTION('',(0.233237485503,-0.266210672544,-0.935271165588));
#9375 = DIRECTION('',(0.,-0.961797735576,0.273761056108));
#9376 = DEFINITIONAL_REPRESENTATION('',(#9377),#9381);
#9377 = LINE('',#9378,#9379);
#9378 = CARTESIAN_POINT('',(0.,165.28262965417));
#9379 = VECTOR('',#9380,1.);
#9380 = DIRECTION('',(1.,0.));
#9381 = ( GEOMETRIC_REPRESENTATION_CONTEXT(2) 
PARAMETRIC_REPRESENTATION_CONTEXT() REPRESENTATION_CONTEXT('2D SPACE',''
  ) );
#9382 = PCURVE('',#9383,#9388);
#9383 = PLANE('',#9384);
#9384 = AXIS2_PLACEMENT_3D('',#9385,#9386,#9387);
#9385 = CARTESIAN_POINT('',(32.993363252498,0.,63.902074215512));
#9386 = DIRECTION('',(0.233237485503,-0.266210672544,-0.935271165588));
#9387 = DIRECTION('',(0.,-0.961797735576,0.273761056108));
#9388 = DEFINITIONAL_REPRESENTATION('',(#9389),#9393);
#9389 = CIRCLE('',#9390,1.6);
#9390 = AXIS2_PLACEMENT_2D('',#9391,#9392);
#9391 = CARTESIAN_POINT('',(0.,0.));
#9392 = DIRECTION('',(1.,0.));
#9393 = ( GEOMETRIC_REPRESENTATION_CONTEXT(2) 
PARAMETRIC_REPRESENTATION_CONTEXT() REPRESENTATION_CONTEXT('2D SPACE',''
  ) );
#9394 = ORIENTED_EDGE('',*,*,#9395,.F.);
#9395 = EDGE_CURVE('',#9396,#9362,#9398,.T.);
#9396 = VERTEX_POINT('',#9397);
#9397 = CARTESIAN_POINT('',(-5.556741685342,42.461123623079,
    218.92416959338));
#9398 = SEAM_CURVE('',#9399,(#9403,#9410),.PCURVE_S1.);
#9399 = LINE('',#9400,#9401);
#9400 = CARTESIAN_POINT('',(-5.556741685342,42.461123623079,
    218.92416959338));
#9401 = VECTOR('',#9402,1.);
#9402 = DIRECTION('',(0.233237485503,-0.266210672544,-0.935271165588));
#9403 = PCURVE('',#9371,#9404);
#9404 = DEFINITIONAL_REPRESENTATION('',(#9405),#9409);
#9405 = LINE('',#9406,#9407);
#9406 = CARTESIAN_POINT('',(6.28318530718,-0.));
#9407 = VECTOR('',#9408,1.);
#9408 = DIRECTION('',(0.,1.));
#9409 = ( GEOMETRIC_REPRESENTATION_CONTEXT(2) 
PARAMETRIC_REPRESENTATION_CONTEXT() REPRESENTATION_CONTEXT('2D SPACE',''
  ) );
#9410 = PCURVE('',#9371,#9411);
#9411 = DEFINITIONAL_REPRESENTATION('',(#9412),#9416);
#9412 = LINE('',#9413,#9414);
#9413 = CARTESIAN_POINT('',(0.,-0.));
#9414 = VECTOR('',#9415,1.);
#9415 = DIRECTION('',(0.,1.));
#9416 = ( GEOMETRIC_REPRESENTATION_CONTEXT(2) 
PARAMETRIC_REPRESENTATION_CONTEXT() REPRESENTATION_CONTEXT('2D SPACE',''
  ) );
#9417 = ORIENTED_EDGE('',*,*,#9418,.T.);
#9418 = EDGE_CURVE('',#9396,#9396,#9419,.T.);
#9419 = SURFACE_CURVE('',#9420,(#9425,#9432),.PCURVE_S1.);
#9420 = CIRCLE('',#9421,1.6);
#9421 = AXIS2_PLACEMENT_3D('',#9422,#9423,#9424);
#9422 = CARTESIAN_POINT('',(-5.556741685342,44.,218.4861519036));
#9423 = DIRECTION('',(0.233237485503,-0.266210672544,-0.935271165588));
#9424 = DIRECTION('',(0.,-0.961797735576,0.273761056108));
#9425 = PCURVE('',#9371,#9426);
#9426 = DEFINITIONAL_REPRESENTATION('',(#9427),#9431);
#9427 = LINE('',#9428,#9429);
#9428 = CARTESIAN_POINT('',(0.,0.));
#9429 = VECTOR('',#9430,1.);
#9430 = DIRECTION('',(1.,0.));
#9431 = ( GEOMETRIC_REPRESENTATION_CONTEXT(2) 
PARAMETRIC_REPRESENTATION_CONTEXT() REPRESENTATION_CONTEXT('2D SPACE',''
  ) );
#9432 = PCURVE('',#9433,#9438);
#9433 = PLANE('',#9434);
#9434 = AXIS2_PLACEMENT_3D('',#9435,#9436,#9437);
#9435 = CARTESIAN_POINT('',(-5.556741685342,44.,218.4861519036));
#9436 = DIRECTION('',(0.233237485503,-0.266210672544,-0.935271165588));
#9437 = DIRECTION('',(0.,-0.961797735576,0.273761056108));
#9438 = DEFINITIONAL_REPRESENTATION('',(#9439),#9443);
#9439 = CIRCLE('',#9440,1.6);
#9440 = AXIS2_PLACEMENT_2D('',#9441,#9442);
#9441 = CARTESIAN_POINT('',(0.,0.));
#9442 = DIRECTION('',(1.,0.));
#9443 = ( GEOMETRIC_REPRESENTATION_CONTEXT(2) 
PARAMETRIC_REPRESENTATION_CONTEXT() REPRESENTATION_CONTEXT('2D SPACE',''
  ) );
#9444 = ORIENTED_EDGE('',*,*,#9395,.T.);
#9445 = ADVANCED_FACE('',(#9446),#9383,.T.);
#9446 = FACE_BOUND('',#9447,.T.);
#9447 = EDGE_LOOP('',(#9448));
#9448 = ORIENTED_EDGE('',*,*,#9361,.T.);
#9449 = ADVANCED_FACE('',(#9450),#9433,.F.);
#9450 = FACE_BOUND('',#9451,.T.);
#9451 = EDGE_LOOP('',(#9452));
#9452 = ORIENTED_EDGE('',*,*,#9418,.F.);
#9453 = ( GEOMETRIC_REPRESENTATION_CONTEXT(3) 
GLOBAL_UNCERTAINTY_ASSIGNED_CONTEXT((#9457)) 
GLOBAL_UNIT_ASSIGNED_CONTEXT((#9454,#9455,#9456)) REPRESENTATION_CONTEXT
('Context #1','3D Context with UNIT and UNCERTAINTY') );
#9454 = ( LENGTH_UNIT() NAMED_UNIT(*) SI_UNIT(.MILLI.,.METRE.) );
#9455 = ( NAMED_UNIT(*) PLANE_ANGLE_UNIT() SI_UNIT($,.RADIAN.) );
#9456 = ( NAMED_UNIT(*) SI_UNIT($,.STERADIAN.) SOLID_ANGLE_UNIT() );
#9457 = UNCERTAINTY_MEASURE_WITH_UNIT(LENGTH_MEASURE(1.E-07),#9454,
  'distance_accuracy_value','confusion accuracy');
#9458 = CONTEXT_DEPENDENT_SHAPE_REPRESENTATION(#9459,#9461);
#9459 = ( REPRESENTATION_RELATIONSHIP('','',#9354,#7295) 
REPRESENTATION_RELATIONSHIP_WITH_TRANSFORMATION(#9460) 
SHAPE_REPRESENTATION_RELATIONSHIP() );
#9460 = ITEM_DEFINED_TRANSFORMATION('','',#11,#7360);
#9461 = PRODUCT_DEFINITION_SHAPE('Placement','Placement of an item',
  #9462);
#9462 = NEXT_ASSEMBLY_USAGE_OCCURRENCE('195','=>[0:1:1:76]','',#7290,
  #9349,$);
#9463 = PRODUCT_RELATED_PRODUCT_CATEGORY('part',$,(#9351));
#9464 = SHAPE_DEFINITION_REPRESENTATION(#9465,#9471);
#9465 = PRODUCT_DEFINITION_SHAPE('','',#9466);
#9466 = PRODUCT_DEFINITION('design','',#9467,#9470);
#9467 = PRODUCT_DEFINITION_FORMATION('','',#9468);
#9468 = PRODUCT('SOLID','SOLID','',(#9469));
#9469 = PRODUCT_CONTEXT('',#2,'mechanical');
#9470 = PRODUCT_DEFINITION_CONTEXT('part definition',#2,'design');
#9471 = ADVANCED_BREP_SHAPE_REPRESENTATION('',(#11,#9472),#9570);
#9472 = MANIFOLD_SOLID_BREP('',#9473);
#9473 = CLOSED_SHELL('',(#9474,#9562,#9566));
#9474 = ADVANCED_FACE('',(#9475),#9488,.T.);
#9475 = FACE_BOUND('',#9476,.T.);
#9476 = EDGE_LOOP('',(#9477,#9511,#9534,#9561));
#9477 = ORIENTED_EDGE('',*,*,#9478,.F.);
#9478 = EDGE_CURVE('',#9479,#9479,#9481,.T.);
#9479 = VERTEX_POINT('',#9480);
#9480 = CARTESIAN_POINT('',(93.326442522906,1.090424949668E-15,
    85.514774230508));
#9481 = SURFACE_CURVE('',#9482,(#9487,#9499),.PCURVE_S1.);
#9482 = CIRCLE('',#9483,1.6);
#9483 = AXIS2_PLACEMENT_3D('',#9484,#9485,#9486);
#9484 = CARTESIAN_POINT('',(94.652859232702,0.,86.409547225168));
#9485 = DIRECTION('',(0.53905312212,0.266210672544,-0.799095494516));
#9486 = DIRECTION('',(-0.829010443622,-4.163336342344E-17,
    -0.559233121663));
#9487 = PCURVE('',#9488,#9493);
#9488 = CYLINDRICAL_SURFACE('',#9489,1.6);
#9489 = AXIS2_PLACEMENT_3D('',#9490,#9491,#9492);
#9490 = CARTESIAN_POINT('',(5.556741685342,-44.,218.4861519036));
#9491 = DIRECTION('',(0.53905312212,0.266210672544,-0.799095494516));
#9492 = DIRECTION('',(-0.829010443622,-2.775557561563E-17,
    -0.559233121663));
#9493 = DEFINITIONAL_REPRESENTATION('',(#9494),#9498);
#9494 = LINE('',#9495,#9496);
#9495 = CARTESIAN_POINT('',(0.,165.28262965417));
#9496 = VECTOR('',#9497,1.);
#9497 = DIRECTION('',(1.,0.));
#9498 = ( GEOMETRIC_REPRESENTATION_CONTEXT(2) 
PARAMETRIC_REPRESENTATION_CONTEXT() REPRESENTATION_CONTEXT('2D SPACE',''
  ) );
#9499 = PCURVE('',#9500,#9505);
#9500 = PLANE('',#9501);
#9501 = AXIS2_PLACEMENT_3D('',#9502,#9503,#9504);
#9502 = CARTESIAN_POINT('',(94.652859232702,0.,86.409547225168));
#9503 = DIRECTION('',(0.53905312212,0.266210672544,-0.799095494516));
#9504 = DIRECTION('',(-0.829010443622,-2.775557561563E-17,
    -0.559233121663));
#9505 = DEFINITIONAL_REPRESENTATION('',(#9506),#9510);
#9506 = CIRCLE('',#9507,1.6);
#9507 = AXIS2_PLACEMENT_2D('',#9508,#9509);
#9508 = CARTESIAN_POINT('',(0.,0.));
#9509 = DIRECTION('',(1.,0.));
#9510 = ( GEOMETRIC_REPRESENTATION_CONTEXT(2) 
PARAMETRIC_REPRESENTATION_CONTEXT() REPRESENTATION_CONTEXT('2D SPACE',''
  ) );
#9511 = ORIENTED_EDGE('',*,*,#9512,.F.);
#9512 = EDGE_CURVE('',#9513,#9479,#9515,.T.);
#9513 = VERTEX_POINT('',#9514);
#9514 = CARTESIAN_POINT('',(4.230324975546,-44.,217.59137890894));
#9515 = SEAM_CURVE('',#9516,(#9520,#9527),.PCURVE_S1.);
#9516 = LINE('',#9517,#9518);
#9517 = CARTESIAN_POINT('',(4.230324975546,-44.,217.59137890894));
#9518 = VECTOR('',#9519,1.);
#9519 = DIRECTION('',(0.53905312212,0.266210672544,-0.799095494516));
#9520 = PCURVE('',#9488,#9521);
#9521 = DEFINITIONAL_REPRESENTATION('',(#9522),#9526);
#9522 = LINE('',#9523,#9524);
#9523 = CARTESIAN_POINT('',(6.28318530718,-0.));
#9524 = VECTOR('',#9525,1.);
#9525 = DIRECTION('',(0.,1.));
#9526 = ( GEOMETRIC_REPRESENTATION_CONTEXT(2) 
PARAMETRIC_REPRESENTATION_CONTEXT() REPRESENTATION_CONTEXT('2D SPACE',''
  ) );
#9527 = PCURVE('',#9488,#9528);
#9528 = DEFINITIONAL_REPRESENTATION('',(#9529),#9533);
#9529 = LINE('',#9530,#9531);
#9530 = CARTESIAN_POINT('',(0.,-0.));
#9531 = VECTOR('',#9532,1.);
#9532 = DIRECTION('',(0.,1.));
#9533 = ( GEOMETRIC_REPRESENTATION_CONTEXT(2) 
PARAMETRIC_REPRESENTATION_CONTEXT() REPRESENTATION_CONTEXT('2D SPACE',''
  ) );
#9534 = ORIENTED_EDGE('',*,*,#9535,.T.);
#9535 = EDGE_CURVE('',#9513,#9513,#9536,.T.);
#9536 = SURFACE_CURVE('',#9537,(#9542,#9549),.PCURVE_S1.);
#9537 = CIRCLE('',#9538,1.6);
#9538 = AXIS2_PLACEMENT_3D('',#9539,#9540,#9541);
#9539 = CARTESIAN_POINT('',(5.556741685342,-44.,218.4861519036));
#9540 = DIRECTION('',(0.53905312212,0.266210672544,-0.799095494516));
#9541 = DIRECTION('',(-0.829010443622,-4.163336342344E-17,
    -0.559233121663));
#9542 = PCURVE('',#9488,#9543);
#9543 = DEFINITIONAL_REPRESENTATION('',(#9544),#9548);
#9544 = LINE('',#9545,#9546);
#9545 = CARTESIAN_POINT('',(0.,0.));
#9546 = VECTOR('',#9547,1.);
#9547 = DIRECTION('',(1.,0.));
#9548 = ( GEOMETRIC_REPRESENTATION_CONTEXT(2) 
PARAMETRIC_REPRESENTATION_CONTEXT() REPRESENTATION_CONTEXT('2D SPACE',''
  ) );
#9549 = PCURVE('',#9550,#9555);
#9550 = PLANE('',#9551);
#9551 = AXIS2_PLACEMENT_3D('',#9552,#9553,#9554);
#9552 = CARTESIAN_POINT('',(5.556741685342,-44.,218.4861519036));
#9553 = DIRECTION('',(0.53905312212,0.266210672544,-0.799095494516));
#9554 = DIRECTION('',(-0.829010443622,-2.775557561563E-17,
    -0.559233121663));
#9555 = DEFINITIONAL_REPRESENTATION('',(#9556),#9560);
#9556 = CIRCLE('',#9557,1.6);
#9557 = AXIS2_PLACEMENT_2D('',#9558,#9559);
#9558 = CARTESIAN_POINT('',(0.,0.));
#9559 = DIRECTION('',(1.,0.));
#9560 = ( GEOMETRIC_REPRESENTATION_CONTEXT(2) 
PARAMETRIC_REPRESENTATION_CONTEXT() REPRESENTATION_CONTEXT('2D SPACE',''
  ) );
#9561 = ORIENTED_EDGE('',*,*,#9512,.T.);
#9562 = ADVANCED_FACE('',(#9563),#9500,.T.);
#9563 = FACE_BOUND('',#9564,.T.);
#9564 = EDGE_LOOP('',(#9565));
#9565 = ORIENTED_EDGE('',*,*,#9478,.T.);
#9566 = ADVANCED_FACE('',(#9567),#9550,.F.);
#9567 = FACE_BOUND('',#9568,.T.);
#9568 = EDGE_LOOP('',(#9569));
#9569 = ORIENTED_EDGE('',*,*,#9535,.F.);
#9570 = ( GEOMETRIC_REPRESENTATION_CONTEXT(3) 
GLOBAL_UNCERTAINTY_ASSIGNED_CONTEXT((#9574)) 
GLOBAL_UNIT_ASSIGNED_CONTEXT((#9571,#9572,#9573)) REPRESENTATION_CONTEXT
('Context #1','3D Context with UNIT and UNCERTAINTY') );
#9571 = ( LENGTH_UNIT() NAMED_UNIT(*) SI_UNIT(.MILLI.,.METRE.) );
#9572 = ( NAMED_UNIT(*) PLANE_ANGLE_UNIT() SI_UNIT($,.RADIAN.) );
#9573 = ( NAMED_UNIT(*) SI_UNIT($,.STERADIAN.) SOLID_ANGLE_UNIT() );
#9574 = UNCERTAINTY_MEASURE_WITH_UNIT(LENGTH_MEASURE(1.E-07),#9571,
  'distance_accuracy_value','confusion accuracy');
#9575 = CONTEXT_DEPENDENT_SHAPE_REPRESENTATION(#9576,#9578);
#9576 = ( REPRESENTATION_RELATIONSHIP('','',#9471,#7295) 
REPRESENTATION_RELATIONSHIP_WITH_TRANSFORMATION(#9577) 
SHAPE_REPRESENTATION_RELATIONSHIP() );
#9577 = ITEM_DEFINED_TRANSFORMATION('','',#11,#7364);
#9578 = PRODUCT_DEFINITION_SHAPE('Placement','Placement of an item',
  #9579);
#9579 = NEXT_ASSEMBLY_USAGE_OCCURRENCE('196','=>[0:1:1:77]','',#7290,
  #9466,$);
#9580 = PRODUCT_RELATED_PRODUCT_CATEGORY('part',$,(#9468));
#9581 = SHAPE_DEFINITION_REPRESENTATION(#9582,#9588);
#9582 = PRODUCT_DEFINITION_SHAPE('','',#9583);
#9583 = PRODUCT_DEFINITION('design','',#9584,#9587);
#9584 = PRODUCT_DEFINITION_FORMATION('','',#9585);
#9585 = PRODUCT('SOLID','SOLID','',(#9586));
#9586 = PRODUCT_CONTEXT('',#2,'mechanical');
#9587 = PRODUCT_DEFINITION_CONTEXT('part definition',#2,'design');
#9588 = ADVANCED_BREP_SHAPE_REPRESENTATION('',(#11,#9589),#9687);
#9589 = MANIFOLD_SOLID_BREP('',#9590);
#9590 = CLOSED_SHELL('',(#9591,#9679,#9683));
#9591 = ADVANCED_FACE('',(#9592),#9605,.T.);
#9592 = FACE_BOUND('',#9593,.T.);
#9593 = EDGE_LOOP('',(#9594,#9628,#9651,#9678));
#9594 = ORIENTED_EDGE('',*,*,#9595,.F.);
#9595 = EDGE_CURVE('',#9596,#9596,#9598,.T.);
#9596 = VERTEX_POINT('',#9597);
#9597 = CARTESIAN_POINT('',(145.83621706842,2.424087835667E-15,
    129.94291599097));
#9598 = SURFACE_CURVE('',#9599,(#9604,#9616),.PCURVE_S1.);
#9599 = CIRCLE('',#9600,1.6);
#9600 = AXIS2_PLACEMENT_3D('',#9601,#9602,#9603);
#9601 = CARTESIAN_POINT('',(144.89582346201,0.,128.64844317741));
#9602 = DIRECTION('',(0.779850996634,-0.266210672544,-0.566537113412));
#9603 = DIRECTION('',(0.587746004003,0.,0.809045508472));
#9604 = PCURVE('',#9605,#9610);
#9605 = CYLINDRICAL_SURFACE('',#9606,1.6);
#9606 = AXIS2_PLACEMENT_3D('',#9607,#9608,#9609);
#9607 = CARTESIAN_POINT('',(16.,44.,222.28718707889));
#9608 = DIRECTION('',(0.779850996634,-0.266210672544,-0.566537113412));
#9609 = DIRECTION('',(0.587746004003,0.,0.809045508472));
#9610 = DEFINITIONAL_REPRESENTATION('',(#9611),#9615);
#9611 = LINE('',#9612,#9613);
#9612 = CARTESIAN_POINT('',(0.,165.28262965417));
#9613 = VECTOR('',#9614,1.);
#9614 = DIRECTION('',(1.,0.));
#9615 = ( GEOMETRIC_REPRESENTATION_CONTEXT(2) 
PARAMETRIC_REPRESENTATION_CONTEXT() REPRESENTATION_CONTEXT('2D SPACE',''
  ) );
#9616 = PCURVE('',#9617,#9622);
#9617 = PLANE('',#9618);
#9618 = AXIS2_PLACEMENT_3D('',#9619,#9620,#9621);
#9619 = CARTESIAN_POINT('',(144.89582346201,0.,128.64844317741));
#9620 = DIRECTION('',(0.779850996634,-0.266210672544,-0.566537113412));
#9621 = DIRECTION('',(0.587746004003,0.,0.809045508472));
#9622 = DEFINITIONAL_REPRESENTATION('',(#9623),#9627);
#9623 = CIRCLE('',#9624,1.6);
#9624 = AXIS2_PLACEMENT_2D('',#9625,#9626);
#9625 = CARTESIAN_POINT('',(0.,0.));
#9626 = DIRECTION('',(1.,0.));
#9627 = ( GEOMETRIC_REPRESENTATION_CONTEXT(2) 
PARAMETRIC_REPRESENTATION_CONTEXT() REPRESENTATION_CONTEXT('2D SPACE',''
  ) );
#9628 = ORIENTED_EDGE('',*,*,#9629,.F.);
#9629 = EDGE_CURVE('',#9630,#9596,#9632,.T.);
#9630 = VERTEX_POINT('',#9631);
#9631 = CARTESIAN_POINT('',(16.940393606404,44.,223.58165989245));
#9632 = SEAM_CURVE('',#9633,(#9637,#9644),.PCURVE_S1.);
#9633 = LINE('',#9634,#9635);
#9634 = CARTESIAN_POINT('',(16.940393606404,44.,223.58165989245));
#9635 = VECTOR('',#9636,1.);
#9636 = DIRECTION('',(0.779850996634,-0.266210672544,-0.566537113412));
#9637 = PCURVE('',#9605,#9638);
#9638 = DEFINITIONAL_REPRESENTATION('',(#9639),#9643);
#9639 = LINE('',#9640,#9641);
#9640 = CARTESIAN_POINT('',(6.28318530718,-0.));
#9641 = VECTOR('',#9642,1.);
#9642 = DIRECTION('',(0.,1.));
#9643 = ( GEOMETRIC_REPRESENTATION_CONTEXT(2) 
PARAMETRIC_REPRESENTATION_CONTEXT() REPRESENTATION_CONTEXT('2D SPACE',''
  ) );
#9644 = PCURVE('',#9605,#9645);
#9645 = DEFINITIONAL_REPRESENTATION('',(#9646),#9650);
#9646 = LINE('',#9647,#9648);
#9647 = CARTESIAN_POINT('',(0.,-0.));
#9648 = VECTOR('',#9649,1.);
#9649 = DIRECTION('',(0.,1.));
#9650 = ( GEOMETRIC_REPRESENTATION_CONTEXT(2) 
PARAMETRIC_REPRESENTATION_CONTEXT() REPRESENTATION_CONTEXT('2D SPACE',''
  ) );
#9651 = ORIENTED_EDGE('',*,*,#9652,.T.);
#9652 = EDGE_CURVE('',#9630,#9630,#9653,.T.);
#9653 = SURFACE_CURVE('',#9654,(#9659,#9666),.PCURVE_S1.);
#9654 = CIRCLE('',#9655,1.6);
#9655 = AXIS2_PLACEMENT_3D('',#9656,#9657,#9658);
#9656 = CARTESIAN_POINT('',(16.,44.,222.28718707889));
#9657 = DIRECTION('',(0.779850996634,-0.266210672544,-0.566537113412));
#9658 = DIRECTION('',(0.587746004003,0.,0.809045508472));
#9659 = PCURVE('',#9605,#9660);
#9660 = DEFINITIONAL_REPRESENTATION('',(#9661),#9665);
#9661 = LINE('',#9662,#9663);
#9662 = CARTESIAN_POINT('',(0.,0.));
#9663 = VECTOR('',#9664,1.);
#9664 = DIRECTION('',(1.,0.));
#9665 = ( GEOMETRIC_REPRESENTATION_CONTEXT(2) 
PARAMETRIC_REPRESENTATION_CONTEXT() REPRESENTATION_CONTEXT('2D SPACE',''
  ) );
#9666 = PCURVE('',#9667,#9672);
#9667 = PLANE('',#9668);
#9668 = AXIS2_PLACEMENT_3D('',#9669,#9670,#9671);
#9669 = CARTESIAN_POINT('',(16.,44.,222.28718707889));
#9670 = DIRECTION('',(0.779850996634,-0.266210672544,-0.566537113412));
#9671 = DIRECTION('',(0.587746004003,0.,0.809045508472));
#9672 = DEFINITIONAL_REPRESENTATION('',(#9673),#9677);
#9673 = CIRCLE('',#9674,1.6);
#9674 = AXIS2_PLACEMENT_2D('',#9675,#9676);
#9675 = CARTESIAN_POINT('',(0.,0.));
#9676 = DIRECTION('',(1.,0.));
#9677 = ( GEOMETRIC_REPRESENTATION_CONTEXT(2) 
PARAMETRIC_REPRESENTATION_CONTEXT() REPRESENTATION_CONTEXT('2D SPACE',''
  ) );
#9678 = ORIENTED_EDGE('',*,*,#9629,.T.);
#9679 = ADVANCED_FACE('',(#9680),#9617,.T.);
#9680 = FACE_BOUND('',#9681,.T.);
#9681 = EDGE_LOOP('',(#9682));
#9682 = ORIENTED_EDGE('',*,*,#9595,.T.);
#9683 = ADVANCED_FACE('',(#9684),#9667,.F.);
#9684 = FACE_BOUND('',#9685,.T.);
#9685 = EDGE_LOOP('',(#9686));
#9686 = ORIENTED_EDGE('',*,*,#9652,.F.);
#9687 = ( GEOMETRIC_REPRESENTATION_CONTEXT(3) 
GLOBAL_UNCERTAINTY_ASSIGNED_CONTEXT((#9691)) 
GLOBAL_UNIT_ASSIGNED_CONTEXT((#9688,#9689,#9690)) REPRESENTATION_CONTEXT
('Context #1','3D Context with UNIT and UNCERTAINTY') );
#9688 = ( LENGTH_UNIT() NAMED_UNIT(*) SI_UNIT(.MILLI.,.METRE.) );
#9689 = ( NAMED_UNIT(*) PLANE_ANGLE_UNIT() SI_UNIT($,.RADIAN.) );
#9690 = ( NAMED_UNIT(*) SI_UNIT($,.STERADIAN.) SOLID_ANGLE_UNIT() );
#9691 = UNCERTAINTY_MEASURE_WITH_UNIT(LENGTH_MEASURE(1.E-07),#9688,
  'distance_accuracy_value','confusion accuracy');
#9692 = CONTEXT_DEPENDENT_SHAPE_REPRESENTATION(#9693,#9695);
#9693 = ( REPRESENTATION_RELATIONSHIP('','',#9588,#7295) 
REPRESENTATION_RELATIONSHIP_WITH_TRANSFORMATION(#9694) 
SHAPE_REPRESENTATION_RELATIONSHIP() );
#9694 = ITEM_DEFINED_TRANSFORMATION('','',#11,#7368);
#9695 = PRODUCT_DEFINITION_SHAPE('Placement','Placement of an item',
  #9696);
#9696 = NEXT_ASSEMBLY_USAGE_OCCURRENCE('197','=>[0:1:1:78]','',#7290,
  #9583,$);
#9697 = PRODUCT_RELATED_PRODUCT_CATEGORY('part',$,(#9585));
#9698 = SHAPE_DEFINITION_REPRESENTATION(#9699,#9705);
#9699 = PRODUCT_DEFINITION_SHAPE('','',#9700);
#9700 = PRODUCT_DEFINITION('design','',#9701,#9704);
#9701 = PRODUCT_DEFINITION_FORMATION('','',#9702);
#9702 = PRODUCT('SOLID','SOLID','',(#9703));
#9703 = PRODUCT_CONTEXT('',#2,'mechanical');
#9704 = PRODUCT_DEFINITION_CONTEXT('part definition',#2,'design');
#9705 = ADVANCED_BREP_SHAPE_REPRESENTATION('',(#11,#9706),#9804);
#9706 = MANIFOLD_SOLID_BREP('',#9707);
#9707 = CLOSED_SHELL('',(#9708,#9796,#9800));
#9708 = ADVANCED_FACE('',(#9709),#9722,.T.);
#9709 = FACE_BOUND('',#9710,.T.);
#9710 = EDGE_LOOP('',(#9711,#9745,#9768,#9795));
#9711 = ORIENTED_EDGE('',*,*,#9712,.F.);
#9712 = EDGE_CURVE('',#9713,#9713,#9715,.T.);
#9713 = VERTEX_POINT('',#9714);
#9714 = CARTESIAN_POINT('',(177.22040188383,1.537791593254,
    185.5241278407));
#9715 = SURFACE_CURVE('',#9716,(#9721,#9733),.PCURVE_S1.);
#9716 = CIRCLE('',#9717,1.6);
#9717 = AXIS2_PLACEMENT_3D('',#9718,#9719,#9720);
#9718 = CARTESIAN_POINT('',(177.6622129472,7.105427357601E-15,
    185.5241278407));
#9719 = DIRECTION('',(0.926587331578,0.266210672544,-0.265645995234));
#9720 = DIRECTION('',(-0.276131914608,0.961119745784,1.387778780781E-17)
  );
#9721 = PCURVE('',#9722,#9727);
#9722 = CYLINDRICAL_SURFACE('',#9723,1.6);
#9723 = AXIS2_PLACEMENT_3D('',#9724,#9725,#9726);
#9724 = CARTESIAN_POINT('',(24.513422179807,-44.,229.43079649003));
#9725 = DIRECTION('',(0.926587331578,0.266210672544,-0.265645995234));
#9726 = DIRECTION('',(-0.276131914608,0.961119745784,0.));
#9727 = DEFINITIONAL_REPRESENTATION('',(#9728),#9732);
#9728 = LINE('',#9729,#9730);
#9729 = CARTESIAN_POINT('',(0.,165.28262965417));
#9730 = VECTOR('',#9731,1.);
#9731 = DIRECTION('',(1.,0.));
#9732 = ( GEOMETRIC_REPRESENTATION_CONTEXT(2) 
PARAMETRIC_REPRESENTATION_CONTEXT() REPRESENTATION_CONTEXT('2D SPACE',''
  ) );
#9733 = PCURVE('',#9734,#9739);
#9734 = PLANE('',#9735);
#9735 = AXIS2_PLACEMENT_3D('',#9736,#9737,#9738);
#9736 = CARTESIAN_POINT('',(177.6622129472,7.105427357601E-15,
    185.5241278407));
#9737 = DIRECTION('',(0.926587331578,0.266210672544,-0.265645995234));
#9738 = DIRECTION('',(-0.276131914608,0.961119745784,0.));
#9739 = DEFINITIONAL_REPRESENTATION('',(#9740),#9744);
#9740 = CIRCLE('',#9741,1.6);
#9741 = AXIS2_PLACEMENT_2D('',#9742,#9743);
#9742 = CARTESIAN_POINT('',(0.,0.));
#9743 = DIRECTION('',(1.,0.));
#9744 = ( GEOMETRIC_REPRESENTATION_CONTEXT(2) 
PARAMETRIC_REPRESENTATION_CONTEXT() REPRESENTATION_CONTEXT('2D SPACE',''
  ) );
#9745 = ORIENTED_EDGE('',*,*,#9746,.F.);
#9746 = EDGE_CURVE('',#9747,#9713,#9749,.T.);
#9747 = VERTEX_POINT('',#9748);
#9748 = CARTESIAN_POINT('',(24.071611116435,-42.46220840674,
    229.43079649003));
#9749 = SEAM_CURVE('',#9750,(#9754,#9761),.PCURVE_S1.);
#9750 = LINE('',#9751,#9752);
#9751 = CARTESIAN_POINT('',(24.071611116435,-42.46220840674,
    229.43079649003));
#9752 = VECTOR('',#9753,1.);
#9753 = DIRECTION('',(0.926587331578,0.266210672544,-0.265645995234));
#9754 = PCURVE('',#9722,#9755);
#9755 = DEFINITIONAL_REPRESENTATION('',(#9756),#9760);
#9756 = LINE('',#9757,#9758);
#9757 = CARTESIAN_POINT('',(6.28318530718,-0.));
#9758 = VECTOR('',#9759,1.);
#9759 = DIRECTION('',(0.,1.));
#9760 = ( GEOMETRIC_REPRESENTATION_CONTEXT(2) 
PARAMETRIC_REPRESENTATION_CONTEXT() REPRESENTATION_CONTEXT('2D SPACE',''
  ) );
#9761 = PCURVE('',#9722,#9762);
#9762 = DEFINITIONAL_REPRESENTATION('',(#9763),#9767);
#9763 = LINE('',#9764,#9765);
#9764 = CARTESIAN_POINT('',(0.,-0.));
#9765 = VECTOR('',#9766,1.);
#9766 = DIRECTION('',(0.,1.));
#9767 = ( GEOMETRIC_REPRESENTATION_CONTEXT(2) 
PARAMETRIC_REPRESENTATION_CONTEXT() REPRESENTATION_CONTEXT('2D SPACE',''
  ) );
#9768 = ORIENTED_EDGE('',*,*,#9769,.T.);
#9769 = EDGE_CURVE('',#9747,#9747,#9770,.T.);
#9770 = SURFACE_CURVE('',#9771,(#9776,#9783),.PCURVE_S1.);
#9771 = CIRCLE('',#9772,1.6);
#9772 = AXIS2_PLACEMENT_3D('',#9773,#9774,#9775);
#9773 = CARTESIAN_POINT('',(24.513422179807,-44.,229.43079649003));
#9774 = DIRECTION('',(0.926587331578,0.266210672544,-0.265645995234));
#9775 = DIRECTION('',(-0.276131914608,0.961119745784,1.387778780781E-17)
  );
#9776 = PCURVE('',#9722,#9777);
#9777 = DEFINITIONAL_REPRESENTATION('',(#9778),#9782);
#9778 = LINE('',#9779,#9780);
#9779 = CARTESIAN_POINT('',(0.,0.));
#9780 = VECTOR('',#9781,1.);
#9781 = DIRECTION('',(1.,0.));
#9782 = ( GEOMETRIC_REPRESENTATION_CONTEXT(2) 
PARAMETRIC_REPRESENTATION_CONTEXT() REPRESENTATION_CONTEXT('2D SPACE',''
  ) );
#9783 = PCURVE('',#9784,#9789);
#9784 = PLANE('',#9785);
#9785 = AXIS2_PLACEMENT_3D('',#9786,#9787,#9788);
#9786 = CARTESIAN_POINT('',(24.513422179807,-44.,229.43079649003));
#9787 = DIRECTION('',(0.926587331578,0.266210672544,-0.265645995234));
#9788 = DIRECTION('',(-0.276131914608,0.961119745784,0.));
#9789 = DEFINITIONAL_REPRESENTATION('',(#9790),#9794);
#9790 = CIRCLE('',#9791,1.6);
#9791 = AXIS2_PLACEMENT_2D('',#9792,#9793);
#9792 = CARTESIAN_POINT('',(0.,0.));
#9793 = DIRECTION('',(1.,0.));
#9794 = ( GEOMETRIC_REPRESENTATION_CONTEXT(2) 
PARAMETRIC_REPRESENTATION_CONTEXT() REPRESENTATION_CONTEXT('2D SPACE',''
  ) );
#9795 = ORIENTED_EDGE('',*,*,#9746,.T.);
#9796 = ADVANCED_FACE('',(#9797),#9734,.T.);
#9797 = FACE_BOUND('',#9798,.T.);
#9798 = EDGE_LOOP('',(#9799));
#9799 = ORIENTED_EDGE('',*,*,#9712,.T.);
#9800 = ADVANCED_FACE('',(#9801),#9784,.F.);
#9801 = FACE_BOUND('',#9802,.T.);
#9802 = EDGE_LOOP('',(#9803));
#9803 = ORIENTED_EDGE('',*,*,#9769,.F.);
#9804 = ( GEOMETRIC_REPRESENTATION_CONTEXT(3) 
GLOBAL_UNCERTAINTY_ASSIGNED_CONTEXT((#9808)) 
GLOBAL_UNIT_ASSIGNED_CONTEXT((#9805,#9806,#9807)) REPRESENTATION_CONTEXT
('Context #1','3D Context with UNIT and UNCERTAINTY') );
#9805 = ( LENGTH_UNIT() NAMED_UNIT(*) SI_UNIT(.MILLI.,.METRE.) );
#9806 = ( NAMED_UNIT(*) PLANE_ANGLE_UNIT() SI_UNIT($,.RADIAN.) );
#9807 = ( NAMED_UNIT(*) SI_UNIT($,.STERADIAN.) SOLID_ANGLE_UNIT() );
#9808 = UNCERTAINTY_MEASURE_WITH_UNIT(LENGTH_MEASURE(1.E-07),#9805,
  'distance_accuracy_value','confusion accuracy');
#9809 = CONTEXT_DEPENDENT_SHAPE_REPRESENTATION(#9810,#9812);
#9810 = ( REPRESENTATION_RELATIONSHIP('','',#9705,#7295) 
REPRESENTATION_RELATIONSHIP_WITH_TRANSFORMATION(#9811) 
SHAPE_REPRESENTATION_RELATIONSHIP() );
#9811 = ITEM_DEFINED_TRANSFORMATION('','',#11,#7372);
#9812 = PRODUCT_DEFINITION_SHAPE('Placement','Placement of an item',
  #9813);
#9813 = NEXT_ASSEMBLY_USAGE_OCCURRENCE('198','=>[0:1:1:79]','',#7290,
  #9700,$);
#9814 = PRODUCT_RELATED_PRODUCT_CATEGORY('part',$,(#9702));
#9815 = SHAPE_DEFINITION_REPRESENTATION(#9816,#9822);
#9816 = PRODUCT_DEFINITION_SHAPE('','',#9817);
#9817 = PRODUCT_DEFINITION('design','',#9818,#9821);
#9818 = PRODUCT_DEFINITION_FORMATION('','',#9819);
#9819 = PRODUCT('SOLID','SOLID','',(#9820));
#9820 = PRODUCT_CONTEXT('',#2,'mechanical');
#9821 = PRODUCT_DEFINITION_CONTEXT('part definition',#2,'design');
#9822 = ADVANCED_BREP_SHAPE_REPRESENTATION('',(#11,#9823),#9921);
#9823 = MANIFOLD_SOLID_BREP('',#9824);
#9824 = CLOSED_SHELL('',(#9825,#9913,#9917));
#9825 = ADVANCED_FACE('',(#9826),#9839,.T.);
#9826 = FACE_BOUND('',#9827,.T.);
#9827 = EDGE_LOOP('',(#9828,#9862,#9885,#9912));
#9828 = ORIENTED_EDGE('',*,*,#9829,.F.);
#9829 = EDGE_CURVE('',#9830,#9830,#9832,.T.);
#9830 = VERTEX_POINT('',#9831);
#9831 = CARTESIAN_POINT('',(189.42682209196,1.54199627109,
    250.17655424893));
#9832 = SURFACE_CURVE('',#9833,(#9838,#9850),.PCURVE_S1.);
#9833 = CIRCLE('',#9834,1.6);
#9834 = AXIS2_PLACEMENT_3D('',#9835,#9836,#9837);
#9835 = CARTESIAN_POINT('',(188.99991753595,0.,250.17655424893));
#9836 = DIRECTION('',(0.961563559361,-0.266210672544,6.728595048752E-02)
  );
#9837 = DIRECTION('',(0.266815347508,0.963747669431,-1.040834085586E-17)
  );
#9838 = PCURVE('',#9839,#9844);
#9839 = CYLINDRICAL_SURFACE('',#9840,1.6);
#9840 = AXIS2_PLACEMENT_3D('',#9841,#9842,#9843);
#9841 = CARTESIAN_POINT('',(30.070163865149,44.,239.05535541357));
#9842 = DIRECTION('',(0.961563559361,-0.266210672544,6.728595048752E-02)
  );
#9843 = DIRECTION('',(0.266815347508,0.963747669431,-6.938893903907E-18)
  );
#9844 = DEFINITIONAL_REPRESENTATION('',(#9845),#9849);
#9845 = LINE('',#9846,#9847);
#9846 = CARTESIAN_POINT('',(0.,165.28262965417));
#9847 = VECTOR('',#9848,1.);
#9848 = DIRECTION('',(1.,0.));
#9849 = ( GEOMETRIC_REPRESENTATION_CONTEXT(2) 
PARAMETRIC_REPRESENTATION_CONTEXT() REPRESENTATION_CONTEXT('2D SPACE',''
  ) );
#9850 = PCURVE('',#9851,#9856);
#9851 = PLANE('',#9852);
#9852 = AXIS2_PLACEMENT_3D('',#9853,#9854,#9855);
#9853 = CARTESIAN_POINT('',(188.99991753595,0.,250.17655424893));
#9854 = DIRECTION('',(0.961563559361,-0.266210672544,6.728595048752E-02)
  );
#9855 = DIRECTION('',(0.266815347508,0.963747669431,-6.938893903907E-18)
  );
#9856 = DEFINITIONAL_REPRESENTATION('',(#9857),#9861);
#9857 = CIRCLE('',#9858,1.6);
#9858 = AXIS2_PLACEMENT_2D('',#9859,#9860);
#9859 = CARTESIAN_POINT('',(0.,0.));
#9860 = DIRECTION('',(1.,0.));
#9861 = ( GEOMETRIC_REPRESENTATION_CONTEXT(2) 
PARAMETRIC_REPRESENTATION_CONTEXT() REPRESENTATION_CONTEXT('2D SPACE',''
  ) );
#9862 = ORIENTED_EDGE('',*,*,#9863,.F.);
#9863 = EDGE_CURVE('',#9864,#9830,#9866,.T.);
#9864 = VERTEX_POINT('',#9865);
#9865 = CARTESIAN_POINT('',(30.497068421161,45.54199627109,
    239.05535541357));
#9866 = SEAM_CURVE('',#9867,(#9871,#9878),.PCURVE_S1.);
#9867 = LINE('',#9868,#9869);
#9868 = CARTESIAN_POINT('',(30.497068421161,45.54199627109,
    239.05535541357));
#9869 = VECTOR('',#9870,1.);
#9870 = DIRECTION('',(0.961563559361,-0.266210672544,6.728595048752E-02)
  );
#9871 = PCURVE('',#9839,#9872);
#9872 = DEFINITIONAL_REPRESENTATION('',(#9873),#9877);
#9873 = LINE('',#9874,#9875);
#9874 = CARTESIAN_POINT('',(6.28318530718,-0.));
#9875 = VECTOR('',#9876,1.);
#9876 = DIRECTION('',(0.,1.));
#9877 = ( GEOMETRIC_REPRESENTATION_CONTEXT(2) 
PARAMETRIC_REPRESENTATION_CONTEXT() REPRESENTATION_CONTEXT('2D SPACE',''
  ) );
#9878 = PCURVE('',#9839,#9879);
#9879 = DEFINITIONAL_REPRESENTATION('',(#9880),#9884);
#9880 = LINE('',#9881,#9882);
#9881 = CARTESIAN_POINT('',(0.,-0.));
#9882 = VECTOR('',#9883,1.);
#9883 = DIRECTION('',(0.,1.));
#9884 = ( GEOMETRIC_REPRESENTATION_CONTEXT(2) 
PARAMETRIC_REPRESENTATION_CONTEXT() REPRESENTATION_CONTEXT('2D SPACE',''
  ) );
#9885 = ORIENTED_EDGE('',*,*,#9886,.T.);
#9886 = EDGE_CURVE('',#9864,#9864,#9887,.T.);
#9887 = SURFACE_CURVE('',#9888,(#9893,#9900),.PCURVE_S1.);
#9888 = CIRCLE('',#9889,1.6);
#9889 = AXIS2_PLACEMENT_3D('',#9890,#9891,#9892);
#9890 = CARTESIAN_POINT('',(30.070163865149,44.,239.05535541357));
#9891 = DIRECTION('',(0.961563559361,-0.266210672544,6.728595048752E-02)
  );
#9892 = DIRECTION('',(0.266815347508,0.963747669431,-1.040834085586E-17)
  );
#9893 = PCURVE('',#9839,#9894);
#9894 = DEFINITIONAL_REPRESENTATION('',(#9895),#9899);
#9895 = LINE('',#9896,#9897);
#9896 = CARTESIAN_POINT('',(0.,0.));
#9897 = VECTOR('',#9898,1.);
#9898 = DIRECTION('',(1.,0.));
#9899 = ( GEOMETRIC_REPRESENTATION_CONTEXT(2) 
PARAMETRIC_REPRESENTATION_CONTEXT() REPRESENTATION_CONTEXT('2D SPACE',''
  ) );
#9900 = PCURVE('',#9901,#9906);
#9901 = PLANE('',#9902);
#9902 = AXIS2_PLACEMENT_3D('',#9903,#9904,#9905);
#9903 = CARTESIAN_POINT('',(30.070163865149,44.,239.05535541357));
#9904 = DIRECTION('',(0.961563559361,-0.266210672544,6.728595048752E-02)
  );
#9905 = DIRECTION('',(0.266815347508,0.963747669431,-6.938893903907E-18)
  );
#9906 = DEFINITIONAL_REPRESENTATION('',(#9907),#9911);
#9907 = CIRCLE('',#9908,1.6);
#9908 = AXIS2_PLACEMENT_2D('',#9909,#9910);
#9909 = CARTESIAN_POINT('',(0.,0.));
#9910 = DIRECTION('',(1.,0.));
#9911 = ( GEOMETRIC_REPRESENTATION_CONTEXT(2) 
PARAMETRIC_REPRESENTATION_CONTEXT() REPRESENTATION_CONTEXT('2D SPACE',''
  ) );
#9912 = ORIENTED_EDGE('',*,*,#9863,.T.);
#9913 = ADVANCED_FACE('',(#9914),#9851,.T.);
#9914 = FACE_BOUND('',#9915,.T.);
#9915 = EDGE_LOOP('',(#9916));
#9916 = ORIENTED_EDGE('',*,*,#9829,.T.);
#9917 = ADVANCED_FACE('',(#9918),#9901,.F.);
#9918 = FACE_BOUND('',#9919,.T.);
#9919 = EDGE_LOOP('',(#9920));
#9920 = ORIENTED_EDGE('',*,*,#9886,.F.);
#9921 = ( GEOMETRIC_REPRESENTATION_CONTEXT(3) 
GLOBAL_UNCERTAINTY_ASSIGNED_CONTEXT((#9925)) 
GLOBAL_UNIT_ASSIGNED_CONTEXT((#9922,#9923,#9924)) REPRESENTATION_CONTEXT
('Context #1','3D Context with UNIT and UNCERTAINTY') );
#9922 = ( LENGTH_UNIT() NAMED_UNIT(*) SI_UNIT(.MILLI.,.METRE.) );
#9923 = ( NAMED_UNIT(*) PLANE_ANGLE_UNIT() SI_UNIT($,.RADIAN.) );
#9924 = ( NAMED_UNIT(*) SI_UNIT($,.STERADIAN.) SOLID_ANGLE_UNIT() );
#9925 = UNCERTAINTY_MEASURE_WITH_UNIT(LENGTH_MEASURE(1.E-07),#9922,
  'distance_accuracy_value','confusion accuracy');
#9926 = CONTEXT_DEPENDENT_SHAPE_REPRESENTATION(#9927,#9929);
#9927 = ( REPRESENTATION_RELATIONSHIP('','',#9822,#7295) 
REPRESENTATION_RELATIONSHIP_WITH_TRANSFORMATION(#9928) 
SHAPE_REPRESENTATION_RELATIONSHIP() );
#9928 = ITEM_DEFINED_TRANSFORMATION('','',#11,#7376);
#9929 = PRODUCT_DEFINITION_SHAPE('Placement','Placement of an item',
  #9930);
#9930 = NEXT_ASSEMBLY_USAGE_OCCURRENCE('199','=>[0:1:1:80]','',#7290,
  #9817,$);
#9931 = PRODUCT_RELATED_PRODUCT_CATEGORY('part',$,(#9819));
#9932 = SHAPE_DEFINITION_REPRESENTATION(#9933,#9939);
#9933 = PRODUCT_DEFINITION_SHAPE('','',#9934);
#9934 = PRODUCT_DEFINITION('design','',#9935,#9938);
#9935 = PRODUCT_DEFINITION_FORMATION('','',#9936);
#9936 = PRODUCT('SOLID','SOLID','',(#9937));
#9937 = PRODUCT_CONTEXT('',#2,'mechanical');
#9938 = PRODUCT_DEFINITION_CONTEXT('part definition',#2,'design');
#9939 = ADVANCED_BREP_SHAPE_REPRESENTATION('',(#11,#9940),#10038);
#9940 = MANIFOLD_SOLID_BREP('',#9941);
#9941 = CLOSED_SHELL('',(#9942,#10030,#10034));
#9942 = ADVANCED_FACE('',(#9943),#9956,.T.);
#9943 = FACE_BOUND('',#9944,.T.);
#9944 = EDGE_LOOP('',(#9945,#9979,#10002,#10029));
#9945 = ORIENTED_EDGE('',*,*,#9946,.F.);
#9946 = EDGE_CURVE('',#9947,#9947,#9949,.T.);
#9947 = VERTEX_POINT('',#9948);
#9948 = CARTESIAN_POINT('',(139.78585081692,50.,260.99617712608));
#9949 = SURFACE_CURVE('',#9950,(#9955,#9967),.PCURVE_S1.);
#9950 = CIRCLE('',#9951,6.);
#9951 = AXIS2_PLACEMENT_3D('',#9952,#9953,#9954);
#9952 = CARTESIAN_POINT('',(140.,50.,255.));
#9953 = DIRECTION('',(0.999362854348,0.,3.569153051241E-02));
#9954 = DIRECTION('',(-3.569153051241E-02,0.,0.999362854348));
#9955 = PCURVE('',#9956,#9961);
#9956 = CYLINDRICAL_SURFACE('',#9957,6.);
#9957 = AXIS2_PLACEMENT_3D('',#9958,#9959,#9960);
#9958 = CARTESIAN_POINT('',(0.,50.,250.));
#9959 = DIRECTION('',(0.999362854348,0.,3.569153051241E-02));
#9960 = DIRECTION('',(-3.569153051241E-02,0.,0.999362854348));
#9961 = DEFINITIONAL_REPRESENTATION('',(#9962),#9966);
#9962 = LINE('',#9963,#9964);
#9963 = CARTESIAN_POINT('',(0.,140.08925726121));
#9964 = VECTOR('',#9965,1.);
#9965 = DIRECTION('',(1.,0.));
#9966 = ( GEOMETRIC_REPRESENTATION_CONTEXT(2) 
PARAMETRIC_REPRESENTATION_CONTEXT() REPRESENTATION_CONTEXT('2D SPACE',''
  ) );
#9967 = PCURVE('',#9968,#9973);
#9968 = PLANE('',#9969);
#9969 = AXIS2_PLACEMENT_3D('',#9970,#9971,#9972);
#9970 = CARTESIAN_POINT('',(140.,50.,255.));
#9971 = DIRECTION('',(0.999362854348,0.,3.569153051241E-02));
#9972 = DIRECTION('',(-3.569153051241E-02,0.,0.999362854348));
#9973 = DEFINITIONAL_REPRESENTATION('',(#9974),#9978);
#9974 = CIRCLE('',#9975,6.);
#9975 = AXIS2_PLACEMENT_2D('',#9976,#9977);
#9976 = CARTESIAN_POINT('',(0.,0.));
#9977 = DIRECTION('',(1.,0.));
#9978 = ( GEOMETRIC_REPRESENTATION_CONTEXT(2) 
PARAMETRIC_REPRESENTATION_CONTEXT() REPRESENTATION_CONTEXT('2D SPACE',''
  ) );
#9979 = ORIENTED_EDGE('',*,*,#9980,.F.);
#9980 = EDGE_CURVE('',#9981,#9947,#9983,.T.);
#9981 = VERTEX_POINT('',#9982);
#9982 = CARTESIAN_POINT('',(-0.214149183074,50.,255.99617712608));
#9983 = SEAM_CURVE('',#9984,(#9988,#9995),.PCURVE_S1.);
#9984 = LINE('',#9985,#9986);
#9985 = CARTESIAN_POINT('',(-0.214149183074,50.,255.99617712608));
#9986 = VECTOR('',#9987,1.);
#9987 = DIRECTION('',(0.999362854348,0.,3.569153051241E-02));
#9988 = PCURVE('',#9956,#9989);
#9989 = DEFINITIONAL_REPRESENTATION('',(#9990),#9994);
#9990 = LINE('',#9991,#9992);
#9991 = CARTESIAN_POINT('',(6.28318530718,-0.));
#9992 = VECTOR('',#9993,1.);
#9993 = DIRECTION('',(0.,1.));
#9994 = ( GEOMETRIC_REPRESENTATION_CONTEXT(2) 
PARAMETRIC_REPRESENTATION_CONTEXT() REPRESENTATION_CONTEXT('2D SPACE',''
  ) );
#9995 = PCURVE('',#9956,#9996);
#9996 = DEFINITIONAL_REPRESENTATION('',(#9997),#10001);
#9997 = LINE('',#9998,#9999);
#9998 = CARTESIAN_POINT('',(0.,-0.));
#9999 = VECTOR('',#10000,1.);
#10000 = DIRECTION('',(0.,1.));
#10001 = ( GEOMETRIC_REPRESENTATION_CONTEXT(2) 
PARAMETRIC_REPRESENTATION_CONTEXT() REPRESENTATION_CONTEXT('2D SPACE',''
  ) );
#10002 = ORIENTED_EDGE('',*,*,#10003,.T.);
#10003 = EDGE_CURVE('',#9981,#9981,#10004,.T.);
#10004 = SURFACE_CURVE('',#10005,(#10010,#10017),.PCURVE_S1.);
#10005 = CIRCLE('',#10006,6.);
#10006 = AXIS2_PLACEMENT_3D('',#10007,#10008,#10009);
#10007 = CARTESIAN_POINT('',(0.,50.,250.));
#10008 = DIRECTION('',(0.999362854348,0.,3.569153051241E-02));
#10009 = DIRECTION('',(-3.569153051241E-02,0.,0.999362854348));
#10010 = PCURVE('',#9956,#10011);
#10011 = DEFINITIONAL_REPRESENTATION('',(#10012),#10016);
#10012 = LINE('',#10013,#10014);
#10013 = CARTESIAN_POINT('',(0.,0.));
#10014 = VECTOR('',#10015,1.);
#10015 = DIRECTION('',(1.,0.));
#10016 = ( GEOMETRIC_REPRESENTATION_CONTEXT(2) 
PARAMETRIC_REPRESENTATION_CONTEXT() REPRESENTATION_CONTEXT('2D SPACE',''
  ) );
#10017 = PCURVE('',#10018,#10023);
#10018 = PLANE('',#10019);
#10019 = AXIS2_PLACEMENT_3D('',#10020,#10021,#10022);
#10020 = CARTESIAN_POINT('',(0.,50.,250.));
#10021 = DIRECTION('',(0.999362854348,0.,3.569153051241E-02));
#10022 = DIRECTION('',(-3.569153051241E-02,0.,0.999362854348));
#10023 = DEFINITIONAL_REPRESENTATION('',(#10024),#10028);
#10024 = CIRCLE('',#10025,6.);
#10025 = AXIS2_PLACEMENT_2D('',#10026,#10027);
#10026 = CARTESIAN_POINT('',(0.,0.));
#10027 = DIRECTION('',(1.,0.));
#10028 = ( GEOMETRIC_REPRESENTATION_CONTEXT(2) 
PARAMETRIC_REPRESENTATION_CONTEXT() REPRESENTATION_CONTEXT('2D SPACE',''
  ) );
#10029 = ORIENTED_EDGE('',*,*,#9980,.T.);
#10030 = ADVANCED_FACE('',(#10031),#9968,.T.);
#10031 = FACE_BOUND('',#10032,.T.);
#10032 = EDGE_LOOP('',(#10033));
#10033 = ORIENTED_EDGE('',*,*,#9946,.T.);
#10034 = ADVANCED_FACE('',(#10035),#10018,.F.);
#10035 = FACE_BOUND('',#10036,.T.);
#10036 = EDGE_LOOP('',(#10037));
#10037 = ORIENTED_EDGE('',*,*,#10003,.F.);
#10038 = ( GEOMETRIC_REPRESENTATION_CONTEXT(3) 
GLOBAL_UNCERTAINTY_ASSIGNED_CONTEXT((#10042)) 
GLOBAL_UNIT_ASSIGNED_CONTEXT((#10039,#10040,#10041)) 
REPRESENTATION_CONTEXT('Context #1',
  '3D Context with UNIT and UNCERTAINTY') );
#10039 = ( LENGTH_UNIT() NAMED_UNIT(*) SI_UNIT(.MILLI.,.METRE.) );
#10040 = ( NAMED_UNIT(*) PLANE_ANGLE_UNIT() SI_UNIT($,.RADIAN.) );
#10041 = ( NAMED_UNIT(*) SI_UNIT($,.STERADIAN.) SOLID_ANGLE_UNIT() );
#10042 = UNCERTAINTY_MEASURE_WITH_UNIT(LENGTH_MEASURE(1.E-07),#10039,
  'distance_accuracy_value','confusion accuracy');
#10043 = CONTEXT_DEPENDENT_SHAPE_REPRESENTATION(#10044,#10046);
#10044 = ( REPRESENTATION_RELATIONSHIP('','',#9939,#7268) 
REPRESENTATION_RELATIONSHIP_WITH_TRANSFORMATION(#10045) 
SHAPE_REPRESENTATION_RELATIONSHIP() );
#10045 = ITEM_DEFINED_TRANSFORMATION('','',#11,#7273);
#10046 = PRODUCT_DEFINITION_SHAPE('Placement','Placement of an item',
  #10047);
#10047 = NEXT_ASSEMBLY_USAGE_OCCURRENCE('201','=>[0:1:1:81]','',#7263,
  #9934,$);
#10048 = PRODUCT_RELATED_PRODUCT_CATEGORY('part',$,(#9936));
#10049 = SHAPE_DEFINITION_REPRESENTATION(#10050,#10056);
#10050 = PRODUCT_DEFINITION_SHAPE('','',#10051);
#10051 = PRODUCT_DEFINITION('design','',#10052,#10055);
#10052 = PRODUCT_DEFINITION_FORMATION('','',#10053);
#10053 = PRODUCT('COMPOUND','COMPOUND','',(#10054));
#10054 = PRODUCT_CONTEXT('',#2,'mechanical');
#10055 = PRODUCT_DEFINITION_CONTEXT('part definition',#2,'design');
#10056 = SHAPE_REPRESENTATION('',(#11,#10057,#10061),#10065);
#10057 = AXIS2_PLACEMENT_3D('',#10058,#10059,#10060);
#10058 = CARTESIAN_POINT('',(0.,0.,0.));
#10059 = DIRECTION('',(0.,0.,1.));
#10060 = DIRECTION('',(1.,0.,-0.));
#10061 = AXIS2_PLACEMENT_3D('',#10062,#10063,#10064);
#10062 = CARTESIAN_POINT('',(0.,0.,0.));
#10063 = DIRECTION('',(0.,0.,1.));
#10064 = DIRECTION('',(1.,0.,-0.));
#10065 = ( GEOMETRIC_REPRESENTATION_CONTEXT(3) 
GLOBAL_UNCERTAINTY_ASSIGNED_CONTEXT((#10069)) 
GLOBAL_UNIT_ASSIGNED_CONTEXT((#10066,#10067,#10068)) 
REPRESENTATION_CONTEXT('Context #1',
  '3D Context with UNIT and UNCERTAINTY') );
#10066 = ( LENGTH_UNIT() NAMED_UNIT(*) SI_UNIT(.MILLI.,.METRE.) );
#10067 = ( NAMED_UNIT(*) PLANE_ANGLE_UNIT() SI_UNIT($,.RADIAN.) );
#10068 = ( NAMED_UNIT(*) SI_UNIT($,.STERADIAN.) SOLID_ANGLE_UNIT() );
#10069 = UNCERTAINTY_MEASURE_WITH_UNIT(LENGTH_MEASURE(1.E-07),#10066,
  'distance_accuracy_value','confusion accuracy');
#10070 = CONTEXT_DEPENDENT_SHAPE_REPRESENTATION(#10071,#10073);
#10071 = ( REPRESENTATION_RELATIONSHIP('','',#10056,#10) 
REPRESENTATION_RELATIONSHIP_WITH_TRANSFORMATION(#10072) 
SHAPE_REPRESENTATION_RELATIONSHIP() );
#10072 = ITEM_DEFINED_TRANSFORMATION('','',#11,#47);
#10073 = PRODUCT_DEFINITION_SHAPE('Placement','Placement of an item',
  #10074);
#10074 = NEXT_ASSEMBLY_USAGE_OCCURRENCE('205','=>[0:1:1:82]','',#5,
  #10051,$);
#10075 = PRODUCT_RELATED_PRODUCT_CATEGORY('part',$,(#10053));
#10076 = SHAPE_DEFINITION_REPRESENTATION(#10077,#10083);
#10077 = PRODUCT_DEFINITION_SHAPE('','',#10078);
#10078 = PRODUCT_DEFINITION('design','',#10079,#10082);
#10079 = PRODUCT_DEFINITION_FORMATION('','',#10080);
#10080 = PRODUCT('SOLID','SOLID','',(#10081));
#10081 = PRODUCT_CONTEXT('',#2,'mechanical');
#10082 = PRODUCT_DEFINITION_CONTEXT('part definition',#2,'design');
#10083 = ADVANCED_BREP_SHAPE_REPRESENTATION('',(#11,#10084),#10142);
#10084 = MANIFOLD_SOLID_BREP('',#10085);
#10085 = CLOSED_SHELL('',(#10086));
#10086 = ADVANCED_FACE('',(#10087),#10100,.T.);
#10087 = FACE_BOUND('',#10088,.T.);
#10088 = EDGE_LOOP('',(#10089,#10118,#10140,#10141));
#10089 = ORIENTED_EDGE('',*,*,#10090,.F.);
#10090 = EDGE_CURVE('',#10091,#10091,#10093,.T.);
#10091 = VERTEX_POINT('',#10092);
#10092 = CARTESIAN_POINT('',(-6.123233995737E-14,-5.878304635907E-15,
    500.));
#10093 = SEAM_CURVE('',#10094,(#10099,#10111),.PCURVE_S1.);
#10094 = CIRCLE('',#10095,250.);
#10095 = AXIS2_PLACEMENT_3D('',#10096,#10097,#10098);
#10096 = CARTESIAN_POINT('',(0.,-5.878304635907E-15,250.));
#10097 = DIRECTION('',(0.,1.,0.));
#10098 = DIRECTION('',(0.,-0.,1.));
#10099 = PCURVE('',#10100,#10105);
#10100 = TOROIDAL_SURFACE('',#10101,226.,24.);
#10101 = AXIS2_PLACEMENT_3D('',#10102,#10103,#10104);
#10102 = CARTESIAN_POINT('',(0.,0.,250.));
#10103 = DIRECTION('',(0.,1.,0.));
#10104 = DIRECTION('',(0.,-0.,1.));
#10105 = DEFINITIONAL_REPRESENTATION('',(#10106),#10110);
#10106 = LINE('',#10107,#10108);
#10107 = CARTESIAN_POINT('',(0.,6.28318530718));
#10108 = VECTOR('',#10109,1.);
#10109 = DIRECTION('',(1.,0.));
#10110 = ( GEOMETRIC_REPRESENTATION_CONTEXT(2) 
PARAMETRIC_REPRESENTATION_CONTEXT() REPRESENTATION_CONTEXT('2D SPACE',''
  ) );
#10111 = PCURVE('',#10100,#10112);
#10112 = DEFINITIONAL_REPRESENTATION('',(#10113),#10117);
#10113 = LINE('',#10114,#10115);
#10114 = CARTESIAN_POINT('',(0.,0.));
#10115 = VECTOR('',#10116,1.);
#10116 = DIRECTION('',(1.,0.));
#10117 = ( GEOMETRIC_REPRESENTATION_CONTEXT(2) 
PARAMETRIC_REPRESENTATION_CONTEXT() REPRESENTATION_CONTEXT('2D SPACE',''
  ) );
#10118 = ORIENTED_EDGE('',*,*,#10119,.F.);
#10119 = EDGE_CURVE('',#10091,#10091,#10120,.T.);
#10120 = SEAM_CURVE('',#10121,(#10126,#10133),.PCURVE_S1.);
#10121 = CIRCLE('',#10122,24.);
#10122 = AXIS2_PLACEMENT_3D('',#10123,#10124,#10125);
#10123 = CARTESIAN_POINT('',(-5.535403532146E-14,0.,476.));
#10124 = DIRECTION('',(-1.,0.,-2.449293598295E-16));
#10125 = DIRECTION('',(-2.449293598295E-16,0.,1.));
#10126 = PCURVE('',#10100,#10127);
#10127 = DEFINITIONAL_REPRESENTATION('',(#10128),#10132);
#10128 = LINE('',#10129,#10130);
#10129 = CARTESIAN_POINT('',(6.28318530718,-0.));
#10130 = VECTOR('',#10131,1.);
#10131 = DIRECTION('',(0.,1.));
#10132 = ( GEOMETRIC_REPRESENTATION_CONTEXT(2) 
PARAMETRIC_REPRESENTATION_CONTEXT() REPRESENTATION_CONTEXT('2D SPACE',''
  ) );
#10133 = PCURVE('',#10100,#10134);
#10134 = DEFINITIONAL_REPRESENTATION('',(#10135),#10139);
#10135 = LINE('',#10136,#10137);
#10136 = CARTESIAN_POINT('',(0.,-0.));
#10137 = VECTOR('',#10138,1.);
#10138 = DIRECTION('',(0.,1.));
#10139 = ( GEOMETRIC_REPRESENTATION_CONTEXT(2) 
PARAMETRIC_REPRESENTATION_CONTEXT() REPRESENTATION_CONTEXT('2D SPACE',''
  ) );
#10140 = ORIENTED_EDGE('',*,*,#10090,.T.);
#10141 = ORIENTED_EDGE('',*,*,#10119,.T.);
#10142 = ( GEOMETRIC_REPRESENTATION_CONTEXT(3) 
GLOBAL_UNCERTAINTY_ASSIGNED_CONTEXT((#10146)) 
GLOBAL_UNIT_ASSIGNED_CONTEXT((#10143,#10144,#10145)) 
REPRESENTATION_CONTEXT('Context #1',
  '3D Context with UNIT and UNCERTAINTY') );
#10143 = ( LENGTH_UNIT() NAMED_UNIT(*) SI_UNIT(.MILLI.,.METRE.) );
#10144 = ( NAMED_UNIT(*) PLANE_ANGLE_UNIT() SI_UNIT($,.RADIAN.) );
#10145 = ( NAMED_UNIT(*) SI_UNIT($,.STERADIAN.) SOLID_ANGLE_UNIT() );
#10146 = UNCERTAINTY_MEASURE_WITH_UNIT(LENGTH_MEASURE(1.E-07),#10143,
  'distance_accuracy_value','confusion accuracy');
#10147 = CONTEXT_DEPENDENT_SHAPE_REPRESENTATION(#10148,#10150);
#10148 = ( REPRESENTATION_RELATIONSHIP('','',#10083,#10056) 
REPRESENTATION_RELATIONSHIP_WITH_TRANSFORMATION(#10149) 
SHAPE_REPRESENTATION_RELATIONSHIP() );
#10149 = ITEM_DEFINED_TRANSFORMATION('','',#11,#10057);
#10150 = PRODUCT_DEFINITION_SHAPE('Placement','Placement of an item',
  #10151);
#10151 = NEXT_ASSEMBLY_USAGE_OCCURRENCE('203','=>[0:1:1:83]','',#10051,
  #10078,$);
#10152 = PRODUCT_RELATED_PRODUCT_CATEGORY('part',$,(#10080));
#10153 = SHAPE_DEFINITION_REPRESENTATION(#10154,#10160);
#10154 = PRODUCT_DEFINITION_SHAPE('','',#10155);
#10155 = PRODUCT_DEFINITION('design','',#10156,#10159);
#10156 = PRODUCT_DEFINITION_FORMATION('','',#10157);
#10157 = PRODUCT('SOLID','SOLID','',(#10158));
#10158 = PRODUCT_CONTEXT('',#2,'mechanical');
#10159 = PRODUCT_DEFINITION_CONTEXT('part definition',#2,'design');
#10160 = ADVANCED_BREP_SHAPE_REPRESENTATION('',(#11,#10161),#10219);
#10161 = MANIFOLD_SOLID_BREP('',#10162);
#10162 = CLOSED_SHELL('',(#10163));
#10163 = ADVANCED_FACE('',(#10164),#10177,.T.);
#10164 = FACE_BOUND('',#10165,.T.);
#10165 = EDGE_LOOP('',(#10166,#10195,#10217,#10218));
#10166 = ORIENTED_EDGE('',*,*,#10167,.F.);
#10167 = EDGE_CURVE('',#10168,#10168,#10170,.T.);
#10168 = VERTEX_POINT('',#10169);
#10169 = CARTESIAN_POINT('',(860.,-5.878304635907E-15,500.));
#10170 = SEAM_CURVE('',#10171,(#10176,#10188),.PCURVE_S1.);
#10171 = CIRCLE('',#10172,250.);
#10172 = AXIS2_PLACEMENT_3D('',#10173,#10174,#10175);
#10173 = CARTESIAN_POINT('',(860.,-5.878304635907E-15,250.));
#10174 = DIRECTION('',(0.,1.,0.));
#10175 = DIRECTION('',(0.,-0.,1.));
#10176 = PCURVE('',#10177,#10182);
#10177 = TOROIDAL_SURFACE('',#10178,226.,24.);
#10178 = AXIS2_PLACEMENT_3D('',#10179,#10180,#10181);
#10179 = CARTESIAN_POINT('',(860.,0.,250.));
#10180 = DIRECTION('',(0.,1.,0.));
#10181 = DIRECTION('',(0.,-0.,1.));
#10182 = DEFINITIONAL_REPRESENTATION('',(#10183),#10187);
#10183 = LINE('',#10184,#10185);
#10184 = CARTESIAN_POINT('',(0.,6.28318530718));
#10185 = VECTOR('',#10186,1.);
#10186 = DIRECTION('',(1.,0.));
#10187 = ( GEOMETRIC_REPRESENTATION_CONTEXT(2) 
PARAMETRIC_REPRESENTATION_CONTEXT() REPRESENTATION_CONTEXT('2D SPACE',''
  ) );
#10188 = PCURVE('',#10177,#10189);
#10189 = DEFINITIONAL_REPRESENTATION('',(#10190),#10194);
#10190 = LINE('',#10191,#10192);
#10191 = CARTESIAN_POINT('',(0.,0.));
#10192 = VECTOR('',#10193,1.);
#10193 = DIRECTION('',(1.,0.));
#10194 = ( GEOMETRIC_REPRESENTATION_CONTEXT(2) 
PARAMETRIC_REPRESENTATION_CONTEXT() REPRESENTATION_CONTEXT('2D SPACE',''
  ) );
#10195 = ORIENTED_EDGE('',*,*,#10196,.F.);
#10196 = EDGE_CURVE('',#10168,#10168,#10197,.T.);
#10197 = SEAM_CURVE('',#10198,(#10203,#10210),.PCURVE_S1.);
#10198 = CIRCLE('',#10199,24.);
#10199 = AXIS2_PLACEMENT_3D('',#10200,#10201,#10202);
#10200 = CARTESIAN_POINT('',(860.,0.,476.));
#10201 = DIRECTION('',(-1.,0.,-2.449293598295E-16));
#10202 = DIRECTION('',(-2.449293598295E-16,0.,1.));
#10203 = PCURVE('',#10177,#10204);
#10204 = DEFINITIONAL_REPRESENTATION('',(#10205),#10209);
#10205 = LINE('',#10206,#10207);
#10206 = CARTESIAN_POINT('',(6.28318530718,-0.));
#10207 = VECTOR('',#10208,1.);
#10208 = DIRECTION('',(0.,1.));
#10209 = ( GEOMETRIC_REPRESENTATION_CONTEXT(2) 
PARAMETRIC_REPRESENTATION_CONTEXT() REPRESENTATION_CONTEXT('2D SPACE',''
  ) );
#10210 = PCURVE('',#10177,#10211);
#10211 = DEFINITIONAL_REPRESENTATION('',(#10212),#10216);
#10212 = LINE('',#10213,#10214);
#10213 = CARTESIAN_POINT('',(0.,-0.));
#10214 = VECTOR('',#10215,1.);
#10215 = DIRECTION('',(0.,1.));
#10216 = ( GEOMETRIC_REPRESENTATION_CONTEXT(2) 
PARAMETRIC_REPRESENTATION_CONTEXT() REPRESENTATION_CONTEXT('2D SPACE',''
  ) );
#10217 = ORIENTED_EDGE('',*,*,#10167,.T.);
#10218 = ORIENTED_EDGE('',*,*,#10196,.T.);
#10219 = ( GEOMETRIC_REPRESENTATION_CONTEXT(3) 
GLOBAL_UNCERTAINTY_ASSIGNED_CONTEXT((#10223)) 
GLOBAL_UNIT_ASSIGNED_CONTEXT((#10220,#10221,#10222)) 
REPRESENTATION_CONTEXT('Context #1',
  '3D Context with UNIT and UNCERTAINTY') );
#10220 = ( LENGTH_UNIT() NAMED_UNIT(*) SI_UNIT(.MILLI.,.METRE.) );
#10221 = ( NAMED_UNIT(*) PLANE_ANGLE_UNIT() SI_UNIT($,.RADIAN.) );
#10222 = ( NAMED_UNIT(*) SI_UNIT($,.STERADIAN.) SOLID_ANGLE_UNIT() );
#10223 = UNCERTAINTY_MEASURE_WITH_UNIT(LENGTH_MEASURE(1.E-07),#10220,
  'distance_accuracy_value','confusion accuracy');
#10224 = CONTEXT_DEPENDENT_SHAPE_REPRESENTATION(#10225,#10227);
#10225 = ( REPRESENTATION_RELATIONSHIP('','',#10160,#10056) 
REPRESENTATION_RELATIONSHIP_WITH_TRANSFORMATION(#10226) 
SHAPE_REPRESENTATION_RELATIONSHIP() );
#10226 = ITEM_DEFINED_TRANSFORMATION('','',#11,#10061);
#10227 = PRODUCT_DEFINITION_SHAPE('Placement','Placement of an item',
  #10228);
#10228 = NEXT_ASSEMBLY_USAGE_OCCURRENCE('204','=>[0:1:1:84]','',#10051,
  #10155,$);
#10229 = PRODUCT_RELATED_PRODUCT_CATEGORY('part',$,(#10157));
#10230 = SHAPE_DEFINITION_REPRESENTATION(#10231,#10237);
#10231 = PRODUCT_DEFINITION_SHAPE('','',#10232);
#10232 = PRODUCT_DEFINITION('design','',#10233,#10236);
#10233 = PRODUCT_DEFINITION_FORMATION('','',#10234);
#10234 = PRODUCT('COMPOUND','COMPOUND','',(#10235));
#10235 = PRODUCT_CONTEXT('',#2,'mechanical');
#10236 = PRODUCT_DEFINITION_CONTEXT('part definition',#2,'design');
#10237 = SHAPE_REPRESENTATION('',(#11,#10238,#10242,#10246,#10250,#10254
    ,#10258),#10262);
#10238 = AXIS2_PLACEMENT_3D('',#10239,#10240,#10241);
#10239 = CARTESIAN_POINT('',(0.,0.,0.));
#10240 = DIRECTION('',(0.,0.,1.));
#10241 = DIRECTION('',(1.,0.,-0.));
#10242 = AXIS2_PLACEMENT_3D('',#10243,#10244,#10245);
#10243 = CARTESIAN_POINT('',(0.,0.,0.));
#10244 = DIRECTION('',(0.,0.,1.));
#10245 = DIRECTION('',(1.,0.,-0.));
#10246 = AXIS2_PLACEMENT_3D('',#10247,#10248,#10249);
#10247 = CARTESIAN_POINT('',(0.,0.,0.));
#10248 = DIRECTION('',(0.,0.,1.));
#10249 = DIRECTION('',(1.,0.,-0.));
#10250 = AXIS2_PLACEMENT_3D('',#10251,#10252,#10253);
#10251 = CARTESIAN_POINT('',(0.,0.,0.));
#10252 = DIRECTION('',(0.,0.,1.));
#10253 = DIRECTION('',(1.,0.,-0.));
#10254 = AXIS2_PLACEMENT_3D('',#10255,#10256,#10257);
#10255 = CARTESIAN_POINT('',(511.42536517447,-108.,307.88282006559));
#10256 = DIRECTION('',(0.,0.,1.));
#10257 = DIRECTION('',(1.,0.,-0.));
#10258 = AXIS2_PLACEMENT_3D('',#10259,#10260,#10261);
#10259 = CARTESIAN_POINT('',(248.31143135442,110.,212.1171799344));
#10260 = DIRECTION('',(0.,0.,1.));
#10261 = DIRECTION('',(1.,0.,-0.));
#10262 = ( GEOMETRIC_REPRESENTATION_CONTEXT(3) 
GLOBAL_UNCERTAINTY_ASSIGNED_CONTEXT((#10266)) 
GLOBAL_UNIT_ASSIGNED_CONTEXT((#10263,#10264,#10265)) 
REPRESENTATION_CONTEXT('Context #1',
  '3D Context with UNIT and UNCERTAINTY') );
#10263 = ( LENGTH_UNIT() NAMED_UNIT(*) SI_UNIT(.MILLI.,.METRE.) );
#10264 = ( NAMED_UNIT(*) PLANE_ANGLE_UNIT() SI_UNIT($,.RADIAN.) );
#10265 = ( NAMED_UNIT(*) SI_UNIT($,.STERADIAN.) SOLID_ANGLE_UNIT() );
#10266 = UNCERTAINTY_MEASURE_WITH_UNIT(LENGTH_MEASURE(1.E-07),#10263,
  'distance_accuracy_value','confusion accuracy');
#10267 = CONTEXT_DEPENDENT_SHAPE_REPRESENTATION(#10268,#10270);
#10268 = ( REPRESENTATION_RELATIONSHIP('','',#10237,#10) 
REPRESENTATION_RELATIONSHIP_WITH_TRANSFORMATION(#10269) 
SHAPE_REPRESENTATION_RELATIONSHIP() );
#10269 = ITEM_DEFINED_TRANSFORMATION('','',#11,#51);
#10270 = PRODUCT_DEFINITION_SHAPE('Placement','Placement of an item',
  #10271);
#10271 = NEXT_ASSEMBLY_USAGE_OCCURRENCE('212','=>[0:1:1:85]','',#5,
  #10232,$);
#10272 = PRODUCT_RELATED_PRODUCT_CATEGORY('part',$,(#10234));
#10273 = SHAPE_DEFINITION_REPRESENTATION(#10274,#10280);
#10274 = PRODUCT_DEFINITION_SHAPE('','',#10275);
#10275 = PRODUCT_DEFINITION('design','',#10276,#10279);
#10276 = PRODUCT_DEFINITION_FORMATION('','',#10277);
#10277 = PRODUCT('SOLID','SOLID','',(#10278));
#10278 = PRODUCT_CONTEXT('',#2,'mechanical');
#10279 = PRODUCT_DEFINITION_CONTEXT('part definition',#2,'design');
#10280 = ADVANCED_BREP_SHAPE_REPRESENTATION('',(#11,#10281),#10463);
#10281 = MANIFOLD_SOLID_BREP('',#10282);
#10282 = CLOSED_SHELL('',(#10283,#10371,#10406,#10436));
#10283 = ADVANCED_FACE('',(#10284),#10297,.T.);
#10284 = FACE_BOUND('',#10285,.T.);
#10285 = EDGE_LOOP('',(#10286,#10320,#10343,#10370));
#10286 = ORIENTED_EDGE('',*,*,#10287,.F.);
#10287 = EDGE_CURVE('',#10288,#10288,#10290,.T.);
#10288 = VERTEX_POINT('',#10289);
#10289 = CARTESIAN_POINT('',(379.86839826445,-46.,328.78458745735));
#10290 = SURFACE_CURVE('',#10291,(#10296,#10308),.PCURVE_S1.);
#10291 = CIRCLE('',#10292,68.784587457352);
#10292 = AXIS2_PLACEMENT_3D('',#10293,#10294,#10295);
#10293 = CARTESIAN_POINT('',(379.86839826445,-46.,260.));
#10294 = DIRECTION('',(0.,1.,0.));
#10295 = DIRECTION('',(0.,-0.,1.));
#10296 = PCURVE('',#10297,#10302);
#10297 = CYLINDRICAL_SURFACE('',#10298,68.784587457352);
#10298 = AXIS2_PLACEMENT_3D('',#10299,#10300,#10301);
#10299 = CARTESIAN_POINT('',(379.86839826445,-50.,260.));
#10300 = DIRECTION('',(0.,1.,0.));
#10301 = DIRECTION('',(0.,-0.,1.));
#10302 = DEFINITIONAL_REPRESENTATION('',(#10303),#10307);
#10303 = LINE('',#10304,#10305);
#10304 = CARTESIAN_POINT('',(0.,4.));
#10305 = VECTOR('',#10306,1.);
#10306 = DIRECTION('',(1.,0.));
#10307 = ( GEOMETRIC_REPRESENTATION_CONTEXT(2) 
PARAMETRIC_REPRESENTATION_CONTEXT() REPRESENTATION_CONTEXT('2D SPACE',''
  ) );
#10308 = PCURVE('',#10309,#10314);
#10309 = PLANE('',#10310);
#10310 = AXIS2_PLACEMENT_3D('',#10311,#10312,#10313);
#10311 = CARTESIAN_POINT('',(379.86839826445,-46.,260.));
#10312 = DIRECTION('',(0.,1.,0.));
#10313 = DIRECTION('',(0.,-0.,1.));
#10314 = DEFINITIONAL_REPRESENTATION('',(#10315),#10319);
#10315 = CIRCLE('',#10316,68.784587457352);
#10316 = AXIS2_PLACEMENT_2D('',#10317,#10318);
#10317 = CARTESIAN_POINT('',(0.,0.));
#10318 = DIRECTION('',(1.,0.));
#10319 = ( GEOMETRIC_REPRESENTATION_CONTEXT(2) 
PARAMETRIC_REPRESENTATION_CONTEXT() REPRESENTATION_CONTEXT('2D SPACE',''
  ) );
#10320 = ORIENTED_EDGE('',*,*,#10321,.F.);
#10321 = EDGE_CURVE('',#10322,#10288,#10324,.T.);
#10322 = VERTEX_POINT('',#10323);
#10323 = CARTESIAN_POINT('',(379.86839826445,-50.,328.78458745735));
#10324 = SEAM_CURVE('',#10325,(#10329,#10336),.PCURVE_S1.);
#10325 = LINE('',#10326,#10327);
#10326 = CARTESIAN_POINT('',(379.86839826445,-50.,328.78458745735));
#10327 = VECTOR('',#10328,1.);
#10328 = DIRECTION('',(0.,1.,0.));
#10329 = PCURVE('',#10297,#10330);
#10330 = DEFINITIONAL_REPRESENTATION('',(#10331),#10335);
#10331 = LINE('',#10332,#10333);
#10332 = CARTESIAN_POINT('',(6.28318530718,-0.));
#10333 = VECTOR('',#10334,1.);
#10334 = DIRECTION('',(0.,1.));
#10335 = ( GEOMETRIC_REPRESENTATION_CONTEXT(2) 
PARAMETRIC_REPRESENTATION_CONTEXT() REPRESENTATION_CONTEXT('2D SPACE',''
  ) );
#10336 = PCURVE('',#10297,#10337);
#10337 = DEFINITIONAL_REPRESENTATION('',(#10338),#10342);
#10338 = LINE('',#10339,#10340);
#10339 = CARTESIAN_POINT('',(0.,-0.));
#10340 = VECTOR('',#10341,1.);
#10341 = DIRECTION('',(0.,1.));
#10342 = ( GEOMETRIC_REPRESENTATION_CONTEXT(2) 
PARAMETRIC_REPRESENTATION_CONTEXT() REPRESENTATION_CONTEXT('2D SPACE',''
  ) );
#10343 = ORIENTED_EDGE('',*,*,#10344,.T.);
#10344 = EDGE_CURVE('',#10322,#10322,#10345,.T.);
#10345 = SURFACE_CURVE('',#10346,(#10351,#10358),.PCURVE_S1.);
#10346 = CIRCLE('',#10347,68.784587457352);
#10347 = AXIS2_PLACEMENT_3D('',#10348,#10349,#10350);
#10348 = CARTESIAN_POINT('',(379.86839826445,-50.,260.));
#10349 = DIRECTION('',(0.,1.,0.));
#10350 = DIRECTION('',(0.,-0.,1.));
#10351 = PCURVE('',#10297,#10352);
#10352 = DEFINITIONAL_REPRESENTATION('',(#10353),#10357);
#10353 = LINE('',#10354,#10355);
#10354 = CARTESIAN_POINT('',(0.,0.));
#10355 = VECTOR('',#10356,1.);
#10356 = DIRECTION('',(1.,0.));
#10357 = ( GEOMETRIC_REPRESENTATION_CONTEXT(2) 
PARAMETRIC_REPRESENTATION_CONTEXT() REPRESENTATION_CONTEXT('2D SPACE',''
  ) );
#10358 = PCURVE('',#10359,#10364);
#10359 = PLANE('',#10360);
#10360 = AXIS2_PLACEMENT_3D('',#10361,#10362,#10363);
#10361 = CARTESIAN_POINT('',(379.86839826445,-50.,260.));
#10362 = DIRECTION('',(0.,1.,0.));
#10363 = DIRECTION('',(0.,-0.,1.));
#10364 = DEFINITIONAL_REPRESENTATION('',(#10365),#10369);
#10365 = CIRCLE('',#10366,68.784587457352);
#10366 = AXIS2_PLACEMENT_2D('',#10367,#10368);
#10367 = CARTESIAN_POINT('',(0.,0.));
#10368 = DIRECTION('',(1.,0.));
#10369 = ( GEOMETRIC_REPRESENTATION_CONTEXT(2) 
PARAMETRIC_REPRESENTATION_CONTEXT() REPRESENTATION_CONTEXT('2D SPACE',''
  ) );
#10370 = ORIENTED_EDGE('',*,*,#10321,.T.);
#10371 = ADVANCED_FACE('',(#10372,#10375),#10309,.T.);
#10372 = FACE_BOUND('',#10373,.T.);
#10373 = EDGE_LOOP('',(#10374));
#10374 = ORIENTED_EDGE('',*,*,#10287,.T.);
#10375 = FACE_BOUND('',#10376,.T.);
#10376 = EDGE_LOOP('',(#10377));
#10377 = ORIENTED_EDGE('',*,*,#10378,.F.);
#10378 = EDGE_CURVE('',#10379,#10379,#10381,.T.);
#10379 = VERTEX_POINT('',#10380);
#10380 = CARTESIAN_POINT('',(379.86839826445,-46.,306.78458745735));
#10381 = SURFACE_CURVE('',#10382,(#10387,#10394),.PCURVE_S1.);
#10382 = CIRCLE('',#10383,46.784587457352);
#10383 = AXIS2_PLACEMENT_3D('',#10384,#10385,#10386);
#10384 = CARTESIAN_POINT('',(379.86839826445,-46.,260.));
#10385 = DIRECTION('',(0.,1.,0.));
#10386 = DIRECTION('',(0.,-0.,1.));
#10387 = PCURVE('',#10309,#10388);
#10388 = DEFINITIONAL_REPRESENTATION('',(#10389),#10393);
#10389 = CIRCLE('',#10390,46.784587457352);
#10390 = AXIS2_PLACEMENT_2D('',#10391,#10392);
#10391 = CARTESIAN_POINT('',(0.,0.));
#10392 = DIRECTION('',(1.,0.));
#10393 = ( GEOMETRIC_REPRESENTATION_CONTEXT(2) 
PARAMETRIC_REPRESENTATION_CONTEXT() REPRESENTATION_CONTEXT('2D SPACE',''
  ) );
#10394 = PCURVE('',#10395,#10400);
#10395 = CYLINDRICAL_SURFACE('',#10396,46.784587457352);
#10396 = AXIS2_PLACEMENT_3D('',#10397,#10398,#10399);
#10397 = CARTESIAN_POINT('',(379.86839826445,-50.,260.));
#10398 = DIRECTION('',(0.,1.,0.));
#10399 = DIRECTION('',(0.,-0.,1.));
#10400 = DEFINITIONAL_REPRESENTATION('',(#10401),#10405);
#10401 = LINE('',#10402,#10403);
#10402 = CARTESIAN_POINT('',(0.,4.));
#10403 = VECTOR('',#10404,1.);
#10404 = DIRECTION('',(1.,0.));
#10405 = ( GEOMETRIC_REPRESENTATION_CONTEXT(2) 
PARAMETRIC_REPRESENTATION_CONTEXT() REPRESENTATION_CONTEXT('2D SPACE',''
  ) );
#10406 = ADVANCED_FACE('',(#10407,#10410),#10359,.F.);
#10407 = FACE_BOUND('',#10408,.F.);
#10408 = EDGE_LOOP('',(#10409));
#10409 = ORIENTED_EDGE('',*,*,#10344,.T.);
#10410 = FACE_BOUND('',#10411,.F.);
#10411 = EDGE_LOOP('',(#10412));
#10412 = ORIENTED_EDGE('',*,*,#10413,.F.);
#10413 = EDGE_CURVE('',#10414,#10414,#10416,.T.);
#10414 = VERTEX_POINT('',#10415);
#10415 = CARTESIAN_POINT('',(379.86839826445,-50.,306.78458745735));
#10416 = SURFACE_CURVE('',#10417,(#10422,#10429),.PCURVE_S1.);
#10417 = CIRCLE('',#10418,46.784587457352);
#10418 = AXIS2_PLACEMENT_3D('',#10419,#10420,#10421);
#10419 = CARTESIAN_POINT('',(379.86839826445,-50.,260.));
#10420 = DIRECTION('',(0.,1.,0.));
#10421 = DIRECTION('',(0.,-0.,1.));
#10422 = PCURVE('',#10359,#10423);
#10423 = DEFINITIONAL_REPRESENTATION('',(#10424),#10428);
#10424 = CIRCLE('',#10425,46.784587457352);
#10425 = AXIS2_PLACEMENT_2D('',#10426,#10427);
#10426 = CARTESIAN_POINT('',(0.,0.));
#10427 = DIRECTION('',(1.,0.));
#10428 = ( GEOMETRIC_REPRESENTATION_CONTEXT(2) 
PARAMETRIC_REPRESENTATION_CONTEXT() REPRESENTATION_CONTEXT('2D SPACE',''
  ) );
#10429 = PCURVE('',#10395,#10430);
#10430 = DEFINITIONAL_REPRESENTATION('',(#10431),#10435);
#10431 = LINE('',#10432,#10433);
#10432 = CARTESIAN_POINT('',(0.,0.));
#10433 = VECTOR('',#10434,1.);
#10434 = DIRECTION('',(1.,0.));
#10435 = ( GEOMETRIC_REPRESENTATION_CONTEXT(2) 
PARAMETRIC_REPRESENTATION_CONTEXT() REPRESENTATION_CONTEXT('2D SPACE',''
  ) );
#10436 = ADVANCED_FACE('',(#10437),#10395,.F.);
#10437 = FACE_BOUND('',#10438,.F.);
#10438 = EDGE_LOOP('',(#10439,#10440,#10461,#10462));
#10439 = ORIENTED_EDGE('',*,*,#10378,.F.);
#10440 = ORIENTED_EDGE('',*,*,#10441,.F.);
#10441 = EDGE_CURVE('',#10414,#10379,#10442,.T.);
#10442 = SEAM_CURVE('',#10443,(#10447,#10454),.PCURVE_S1.);
#10443 = LINE('',#10444,#10445);
#10444 = CARTESIAN_POINT('',(379.86839826445,-50.,306.78458745735));
#10445 = VECTOR('',#10446,1.);
#10446 = DIRECTION('',(0.,1.,0.));
#10447 = PCURVE('',#10395,#10448);
#10448 = DEFINITIONAL_REPRESENTATION('',(#10449),#10453);
#10449 = LINE('',#10450,#10451);
#10450 = CARTESIAN_POINT('',(6.28318530718,-0.));
#10451 = VECTOR('',#10452,1.);
#10452 = DIRECTION('',(0.,1.));
#10453 = ( GEOMETRIC_REPRESENTATION_CONTEXT(2) 
PARAMETRIC_REPRESENTATION_CONTEXT() REPRESENTATION_CONTEXT('2D SPACE',''
  ) );
#10454 = PCURVE('',#10395,#10455);
#10455 = DEFINITIONAL_REPRESENTATION('',(#10456),#10460);
#10456 = LINE('',#10457,#10458);
#10457 = CARTESIAN_POINT('',(0.,-0.));
#10458 = VECTOR('',#10459,1.);
#10459 = DIRECTION('',(0.,1.));
#10460 = ( GEOMETRIC_REPRESENTATION_CONTEXT(2) 
PARAMETRIC_REPRESENTATION_CONTEXT() REPRESENTATION_CONTEXT('2D SPACE',''
  ) );
#10461 = ORIENTED_EDGE('',*,*,#10413,.T.);
#10462 = ORIENTED_EDGE('',*,*,#10441,.T.);
#10463 = ( GEOMETRIC_REPRESENTATION_CONTEXT(3) 
GLOBAL_UNCERTAINTY_ASSIGNED_CONTEXT((#10467)) 
GLOBAL_UNIT_ASSIGNED_CONTEXT((#10464,#10465,#10466)) 
REPRESENTATION_CONTEXT('Context #1',
  '3D Context with UNIT and UNCERTAINTY') );
#10464 = ( LENGTH_UNIT() NAMED_UNIT(*) SI_UNIT(.MILLI.,.METRE.) );
#10465 = ( NAMED_UNIT(*) PLANE_ANGLE_UNIT() SI_UNIT($,.RADIAN.) );
#10466 = ( NAMED_UNIT(*) SI_UNIT($,.STERADIAN.) SOLID_ANGLE_UNIT() );
#10467 = UNCERTAINTY_MEASURE_WITH_UNIT(LENGTH_MEASURE(1.E-07),#10464,
  'distance_accuracy_value','confusion accuracy');
#10468 = CONTEXT_DEPENDENT_SHAPE_REPRESENTATION(#10469,#10471);
#10469 = ( REPRESENTATION_RELATIONSHIP('','',#10280,#10237) 
REPRESENTATION_RELATIONSHIP_WITH_TRANSFORMATION(#10470) 
SHAPE_REPRESENTATION_RELATIONSHIP() );
#10470 = ITEM_DEFINED_TRANSFORMATION('','',#11,#10238);
#10471 = PRODUCT_DEFINITION_SHAPE('Placement','Placement of an item',
  #10472);
#10472 = NEXT_ASSEMBLY_USAGE_OCCURRENCE('206','=>[0:1:1:86]','',#10232,
  #10275,$);
#10473 = PRODUCT_RELATED_PRODUCT_CATEGORY('part',$,(#10277));
#10474 = SHAPE_DEFINITION_REPRESENTATION(#10475,#10481);
#10475 = PRODUCT_DEFINITION_SHAPE('','',#10476);
#10476 = PRODUCT_DEFINITION('design','',#10477,#10480);
#10477 = PRODUCT_DEFINITION_FORMATION('','',#10478);
#10478 = PRODUCT('SOLID','SOLID','',(#10479));
#10479 = PRODUCT_CONTEXT('',#2,'mechanical');
#10480 = PRODUCT_DEFINITION_CONTEXT('part definition',#2,'design');
#10481 = ADVANCED_BREP_SHAPE_REPRESENTATION('',(#11,#10482),#10580);
#10482 = MANIFOLD_SOLID_BREP('',#10483);
#10483 = CLOSED_SHELL('',(#10484,#10572,#10576));
#10484 = ADVANCED_FACE('',(#10485),#10498,.T.);
#10485 = FACE_BOUND('',#10486,.T.);
#10486 = EDGE_LOOP('',(#10487,#10521,#10544,#10571));
#10487 = ORIENTED_EDGE('',*,*,#10488,.F.);
#10488 = EDGE_CURVE('',#10489,#10489,#10491,.T.);
#10489 = VERTEX_POINT('',#10490);
#10490 = CARTESIAN_POINT('',(508.68920402787,-56.,315.40036103188));
#10491 = SURFACE_CURVE('',#10492,(#10497,#10509),.PCURVE_S1.);
#10492 = CIRCLE('',#10493,8.);
#10493 = AXIS2_PLACEMENT_3D('',#10494,#10495,#10496);
#10494 = CARTESIAN_POINT('',(511.42536517447,-56.,307.88282006559));
#10495 = DIRECTION('',(0.939692620786,0.,0.342020143326));
#10496 = DIRECTION('',(-0.342020143326,0.,0.939692620786));
#10497 = PCURVE('',#10498,#10503);
#10498 = CYLINDRICAL_SURFACE('',#10499,8.);
#10499 = AXIS2_PLACEMENT_3D('',#10500,#10501,#10502);
#10500 = CARTESIAN_POINT('',(379.86839826445,-56.,260.));
#10501 = DIRECTION('',(0.939692620786,0.,0.342020143326));
#10502 = DIRECTION('',(-0.342020143326,0.,0.939692620786));
#10503 = DEFINITIONAL_REPRESENTATION('',(#10504),#10508);
#10504 = LINE('',#10505,#10506);
#10505 = CARTESIAN_POINT('',(0.,140.));
#10506 = VECTOR('',#10507,1.);
#10507 = DIRECTION('',(1.,0.));
#10508 = ( GEOMETRIC_REPRESENTATION_CONTEXT(2) 
PARAMETRIC_REPRESENTATION_CONTEXT() REPRESENTATION_CONTEXT('2D SPACE',''
  ) );
#10509 = PCURVE('',#10510,#10515);
#10510 = PLANE('',#10511);
#10511 = AXIS2_PLACEMENT_3D('',#10512,#10513,#10514);
#10512 = CARTESIAN_POINT('',(511.42536517447,-56.,307.88282006559));
#10513 = DIRECTION('',(0.939692620786,0.,0.342020143326));
#10514 = DIRECTION('',(-0.342020143326,0.,0.939692620786));
#10515 = DEFINITIONAL_REPRESENTATION('',(#10516),#10520);
#10516 = CIRCLE('',#10517,8.);
#10517 = AXIS2_PLACEMENT_2D('',#10518,#10519);
#10518 = CARTESIAN_POINT('',(0.,0.));
#10519 = DIRECTION('',(1.,0.));
#10520 = ( GEOMETRIC_REPRESENTATION_CONTEXT(2) 
PARAMETRIC_REPRESENTATION_CONTEXT() REPRESENTATION_CONTEXT('2D SPACE',''
  ) );
#10521 = ORIENTED_EDGE('',*,*,#10522,.F.);
#10522 = EDGE_CURVE('',#10523,#10489,#10525,.T.);
#10523 = VERTEX_POINT('',#10524);
#10524 = CARTESIAN_POINT('',(377.13223711784,-56.,267.51754096628));
#10525 = SEAM_CURVE('',#10526,(#10530,#10537),.PCURVE_S1.);
#10526 = LINE('',#10527,#10528);
#10527 = CARTESIAN_POINT('',(377.13223711784,-56.,267.51754096628));
#10528 = VECTOR('',#10529,1.);
#10529 = DIRECTION('',(0.939692620786,0.,0.342020143326));
#10530 = PCURVE('',#10498,#10531);
#10531 = DEFINITIONAL_REPRESENTATION('',(#10532),#10536);
#10532 = LINE('',#10533,#10534);
#10533 = CARTESIAN_POINT('',(6.28318530718,-0.));
#10534 = VECTOR('',#10535,1.);
#10535 = DIRECTION('',(0.,1.));
#10536 = ( GEOMETRIC_REPRESENTATION_CONTEXT(2) 
PARAMETRIC_REPRESENTATION_CONTEXT() REPRESENTATION_CONTEXT('2D SPACE',''
  ) );
#10537 = PCURVE('',#10498,#10538);
#10538 = DEFINITIONAL_REPRESENTATION('',(#10539),#10543);
#10539 = LINE('',#10540,#10541);
#10540 = CARTESIAN_POINT('',(0.,-0.));
#10541 = VECTOR('',#10542,1.);
#10542 = DIRECTION('',(0.,1.));
#10543 = ( GEOMETRIC_REPRESENTATION_CONTEXT(2) 
PARAMETRIC_REPRESENTATION_CONTEXT() REPRESENTATION_CONTEXT('2D SPACE',''
  ) );
#10544 = ORIENTED_EDGE('',*,*,#10545,.T.);
#10545 = EDGE_CURVE('',#10523,#10523,#10546,.T.);
#10546 = SURFACE_CURVE('',#10547,(#10552,#10559),.PCURVE_S1.);
#10547 = CIRCLE('',#10548,8.);
#10548 = AXIS2_PLACEMENT_3D('',#10549,#10550,#10551);
#10549 = CARTESIAN_POINT('',(379.86839826445,-56.,260.));
#10550 = DIRECTION('',(0.939692620786,0.,0.342020143326));
#10551 = DIRECTION('',(-0.342020143326,0.,0.939692620786));
#10552 = PCURVE('',#10498,#10553);
#10553 = DEFINITIONAL_REPRESENTATION('',(#10554),#10558);
#10554 = LINE('',#10555,#10556);
#10555 = CARTESIAN_POINT('',(0.,0.));
#10556 = VECTOR('',#10557,1.);
#10557 = DIRECTION('',(1.,0.));
#10558 = ( GEOMETRIC_REPRESENTATION_CONTEXT(2) 
PARAMETRIC_REPRESENTATION_CONTEXT() REPRESENTATION_CONTEXT('2D SPACE',''
  ) );
#10559 = PCURVE('',#10560,#10565);
#10560 = PLANE('',#10561);
#10561 = AXIS2_PLACEMENT_3D('',#10562,#10563,#10564);
#10562 = CARTESIAN_POINT('',(379.86839826445,-56.,260.));
#10563 = DIRECTION('',(0.939692620786,0.,0.342020143326));
#10564 = DIRECTION('',(-0.342020143326,0.,0.939692620786));
#10565 = DEFINITIONAL_REPRESENTATION('',(#10566),#10570);
#10566 = CIRCLE('',#10567,8.);
#10567 = AXIS2_PLACEMENT_2D('',#10568,#10569);
#10568 = CARTESIAN_POINT('',(0.,0.));
#10569 = DIRECTION('',(1.,0.));
#10570 = ( GEOMETRIC_REPRESENTATION_CONTEXT(2) 
PARAMETRIC_REPRESENTATION_CONTEXT() REPRESENTATION_CONTEXT('2D SPACE',''
  ) );
#10571 = ORIENTED_EDGE('',*,*,#10522,.T.);
#10572 = ADVANCED_FACE('',(#10573),#10510,.T.);
#10573 = FACE_BOUND('',#10574,.T.);
#10574 = EDGE_LOOP('',(#10575));
#10575 = ORIENTED_EDGE('',*,*,#10488,.T.);
#10576 = ADVANCED_FACE('',(#10577),#10560,.F.);
#10577 = FACE_BOUND('',#10578,.T.);
#10578 = EDGE_LOOP('',(#10579));
#10579 = ORIENTED_EDGE('',*,*,#10545,.F.);
#10580 = ( GEOMETRIC_REPRESENTATION_CONTEXT(3) 
GLOBAL_UNCERTAINTY_ASSIGNED_CONTEXT((#10584)) 
GLOBAL_UNIT_ASSIGNED_CONTEXT((#10581,#10582,#10583)) 
REPRESENTATION_CONTEXT('Context #1',
  '3D Context with UNIT and UNCERTAINTY') );
#10581 = ( LENGTH_UNIT() NAMED_UNIT(*) SI_UNIT(.MILLI.,.METRE.) );
#10582 = ( NAMED_UNIT(*) PLANE_ANGLE_UNIT() SI_UNIT($,.RADIAN.) );
#10583 = ( NAMED_UNIT(*) SI_UNIT($,.STERADIAN.) SOLID_ANGLE_UNIT() );
#10584 = UNCERTAINTY_MEASURE_WITH_UNIT(LENGTH_MEASURE(1.E-07),#10581,
  'distance_accuracy_value','confusion accuracy');
#10585 = CONTEXT_DEPENDENT_SHAPE_REPRESENTATION(#10586,#10588);
#10586 = ( REPRESENTATION_RELATIONSHIP('','',#10481,#10237) 
REPRESENTATION_RELATIONSHIP_WITH_TRANSFORMATION(#10587) 
SHAPE_REPRESENTATION_RELATIONSHIP() );
#10587 = ITEM_DEFINED_TRANSFORMATION('','',#11,#10242);
#10588 = PRODUCT_DEFINITION_SHAPE('Placement','Placement of an item',
  #10589);
#10589 = NEXT_ASSEMBLY_USAGE_OCCURRENCE('207','=>[0:1:1:87]','',#10232,
  #10476,$);
#10590 = PRODUCT_RELATED_PRODUCT_CATEGORY('part',$,(#10478));
#10591 = SHAPE_DEFINITION_REPRESENTATION(#10592,#10598);
#10592 = PRODUCT_DEFINITION_SHAPE('','',#10593);
#10593 = PRODUCT_DEFINITION('design','',#10594,#10597);
#10594 = PRODUCT_DEFINITION_FORMATION('','',#10595);
#10595 = PRODUCT('SOLID','SOLID','',(#10596));
#10596 = PRODUCT_CONTEXT('',#2,'mechanical');
#10597 = PRODUCT_DEFINITION_CONTEXT('part definition',#2,'design');
#10598 = ADVANCED_BREP_SHAPE_REPRESENTATION('',(#11,#10599),#10697);
#10599 = MANIFOLD_SOLID_BREP('',#10600);
#10600 = CLOSED_SHELL('',(#10601,#10689,#10693));
#10601 = ADVANCED_FACE('',(#10602),#10615,.T.);
#10602 = FACE_BOUND('',#10603,.T.);
#10603 = EDGE_LOOP('',(#10604,#10638,#10661,#10688));
#10604 = ORIENTED_EDGE('',*,*,#10605,.F.);
#10605 = EDGE_CURVE('',#10606,#10606,#10608,.T.);
#10606 = VERTEX_POINT('',#10607);
#10607 = CARTESIAN_POINT('',(251.04759250103,58.,204.59963896811));
#10608 = SURFACE_CURVE('',#10609,(#10614,#10626),.PCURVE_S1.);
#10609 = CIRCLE('',#10610,8.);
#10610 = AXIS2_PLACEMENT_3D('',#10611,#10612,#10613);
#10611 = CARTESIAN_POINT('',(248.31143135442,58.,212.1171799344));
#10612 = DIRECTION('',(-0.939692620786,0.,-0.342020143326));
#10613 = DIRECTION('',(0.342020143326,0.,-0.939692620786));
#10614 = PCURVE('',#10615,#10620);
#10615 = CYLINDRICAL_SURFACE('',#10616,8.);
#10616 = AXIS2_PLACEMENT_3D('',#10617,#10618,#10619);
#10617 = CARTESIAN_POINT('',(379.86839826445,58.,260.));
#10618 = DIRECTION('',(-0.939692620786,0.,-0.342020143326));
#10619 = DIRECTION('',(0.342020143326,0.,-0.939692620786));
#10620 = DEFINITIONAL_REPRESENTATION('',(#10621),#10625);
#10621 = LINE('',#10622,#10623);
#10622 = CARTESIAN_POINT('',(0.,140.));
#10623 = VECTOR('',#10624,1.);
#10624 = DIRECTION('',(1.,0.));
#10625 = ( GEOMETRIC_REPRESENTATION_CONTEXT(2) 
PARAMETRIC_REPRESENTATION_CONTEXT() REPRESENTATION_CONTEXT('2D SPACE',''
  ) );
#10626 = PCURVE('',#10627,#10632);
#10627 = PLANE('',#10628);
#10628 = AXIS2_PLACEMENT_3D('',#10629,#10630,#10631);
#10629 = CARTESIAN_POINT('',(248.31143135442,58.,212.1171799344));
#10630 = DIRECTION('',(-0.939692620786,0.,-0.342020143326));
#10631 = DIRECTION('',(0.342020143326,0.,-0.939692620786));
#10632 = DEFINITIONAL_REPRESENTATION('',(#10633),#10637);
#10633 = CIRCLE('',#10634,8.);
#10634 = AXIS2_PLACEMENT_2D('',#10635,#10636);
#10635 = CARTESIAN_POINT('',(0.,0.));
#10636 = DIRECTION('',(1.,0.));
#10637 = ( GEOMETRIC_REPRESENTATION_CONTEXT(2) 
PARAMETRIC_REPRESENTATION_CONTEXT() REPRESENTATION_CONTEXT('2D SPACE',''
  ) );
#10638 = ORIENTED_EDGE('',*,*,#10639,.F.);
#10639 = EDGE_CURVE('',#10640,#10606,#10642,.T.);
#10640 = VERTEX_POINT('',#10641);
#10641 = CARTESIAN_POINT('',(382.60455941105,58.,252.48245903371));
#10642 = SEAM_CURVE('',#10643,(#10647,#10654),.PCURVE_S1.);
#10643 = LINE('',#10644,#10645);
#10644 = CARTESIAN_POINT('',(382.60455941105,58.,252.48245903371));
#10645 = VECTOR('',#10646,1.);
#10646 = DIRECTION('',(-0.939692620786,-1.232595164408E-32,
    -0.342020143326));
#10647 = PCURVE('',#10615,#10648);
#10648 = DEFINITIONAL_REPRESENTATION('',(#10649),#10653);
#10649 = LINE('',#10650,#10651);
#10650 = CARTESIAN_POINT('',(6.28318530718,-0.));
#10651 = VECTOR('',#10652,1.);
#10652 = DIRECTION('',(0.,1.));
#10653 = ( GEOMETRIC_REPRESENTATION_CONTEXT(2) 
PARAMETRIC_REPRESENTATION_CONTEXT() REPRESENTATION_CONTEXT('2D SPACE',''
  ) );
#10654 = PCURVE('',#10615,#10655);
#10655 = DEFINITIONAL_REPRESENTATION('',(#10656),#10660);
#10656 = LINE('',#10657,#10658);
#10657 = CARTESIAN_POINT('',(0.,-0.));
#10658 = VECTOR('',#10659,1.);
#10659 = DIRECTION('',(0.,1.));
#10660 = ( GEOMETRIC_REPRESENTATION_CONTEXT(2) 
PARAMETRIC_REPRESENTATION_CONTEXT() REPRESENTATION_CONTEXT('2D SPACE',''
  ) );
#10661 = ORIENTED_EDGE('',*,*,#10662,.T.);
#10662 = EDGE_CURVE('',#10640,#10640,#10663,.T.);
#10663 = SURFACE_CURVE('',#10664,(#10669,#10676),.PCURVE_S1.);
#10664 = CIRCLE('',#10665,8.);
#10665 = AXIS2_PLACEMENT_3D('',#10666,#10667,#10668);
#10666 = CARTESIAN_POINT('',(379.86839826445,58.,260.));
#10667 = DIRECTION('',(-0.939692620786,0.,-0.342020143326));
#10668 = DIRECTION('',(0.342020143326,0.,-0.939692620786));
#10669 = PCURVE('',#10615,#10670);
#10670 = DEFINITIONAL_REPRESENTATION('',(#10671),#10675);
#10671 = LINE('',#10672,#10673);
#10672 = CARTESIAN_POINT('',(0.,0.));
#10673 = VECTOR('',#10674,1.);
#10674 = DIRECTION('',(1.,0.));
#10675 = ( GEOMETRIC_REPRESENTATION_CONTEXT(2) 
PARAMETRIC_REPRESENTATION_CONTEXT() REPRESENTATION_CONTEXT('2D SPACE',''
  ) );
#10676 = PCURVE('',#10677,#10682);
#10677 = PLANE('',#10678);
#10678 = AXIS2_PLACEMENT_3D('',#10679,#10680,#10681);
#10679 = CARTESIAN_POINT('',(379.86839826445,58.,260.));
#10680 = DIRECTION('',(-0.939692620786,0.,-0.342020143326));
#10681 = DIRECTION('',(0.342020143326,0.,-0.939692620786));
#10682 = DEFINITIONAL_REPRESENTATION('',(#10683),#10687);
#10683 = CIRCLE('',#10684,8.);
#10684 = AXIS2_PLACEMENT_2D('',#10685,#10686);
#10685 = CARTESIAN_POINT('',(0.,0.));
#10686 = DIRECTION('',(1.,0.));
#10687 = ( GEOMETRIC_REPRESENTATION_CONTEXT(2) 
PARAMETRIC_REPRESENTATION_CONTEXT() REPRESENTATION_CONTEXT('2D SPACE',''
  ) );
#10688 = ORIENTED_EDGE('',*,*,#10639,.T.);
#10689 = ADVANCED_FACE('',(#10690),#10627,.T.);
#10690 = FACE_BOUND('',#10691,.T.);
#10691 = EDGE_LOOP('',(#10692));
#10692 = ORIENTED_EDGE('',*,*,#10605,.T.);
#10693 = ADVANCED_FACE('',(#10694),#10677,.F.);
#10694 = FACE_BOUND('',#10695,.T.);
#10695 = EDGE_LOOP('',(#10696));
#10696 = ORIENTED_EDGE('',*,*,#10662,.F.);
#10697 = ( GEOMETRIC_REPRESENTATION_CONTEXT(3) 
GLOBAL_UNCERTAINTY_ASSIGNED_CONTEXT((#10701)) 
GLOBAL_UNIT_ASSIGNED_CONTEXT((#10698,#10699,#10700)) 
REPRESENTATION_CONTEXT('Context #1',
  '3D Context with UNIT and UNCERTAINTY') );
#10698 = ( LENGTH_UNIT() NAMED_UNIT(*) SI_UNIT(.MILLI.,.METRE.) );
#10699 = ( NAMED_UNIT(*) PLANE_ANGLE_UNIT() SI_UNIT($,.RADIAN.) );
#10700 = ( NAMED_UNIT(*) SI_UNIT($,.STERADIAN.) SOLID_ANGLE_UNIT() );
#10701 = UNCERTAINTY_MEASURE_WITH_UNIT(LENGTH_MEASURE(1.E-07),#10698,
  'distance_accuracy_value','confusion accuracy');
#10702 = CONTEXT_DEPENDENT_SHAPE_REPRESENTATION(#10703,#10705);
#10703 = ( REPRESENTATION_RELATIONSHIP('','',#10598,#10237) 
REPRESENTATION_RELATIONSHIP_WITH_TRANSFORMATION(#10704) 
SHAPE_REPRESENTATION_RELATIONSHIP() );
#10704 = ITEM_DEFINED_TRANSFORMATION('','',#11,#10246);
#10705 = PRODUCT_DEFINITION_SHAPE('Placement','Placement of an item',
  #10706);
#10706 = NEXT_ASSEMBLY_USAGE_OCCURRENCE('208','=>[0:1:1:88]','',#10232,
  #10593,$);
#10707 = PRODUCT_RELATED_PRODUCT_CATEGORY('part',$,(#10595));
#10708 = SHAPE_DEFINITION_REPRESENTATION(#10709,#10715);
#10709 = PRODUCT_DEFINITION_SHAPE('','',#10710);
#10710 = PRODUCT_DEFINITION('design','',#10711,#10714);
#10711 = PRODUCT_DEFINITION_FORMATION('','',#10712);
#10712 = PRODUCT('SOLID','SOLID','',(#10713));
#10713 = PRODUCT_CONTEXT('',#2,'mechanical');
#10714 = PRODUCT_DEFINITION_CONTEXT('part definition',#2,'design');
#10715 = ADVANCED_BREP_SHAPE_REPRESENTATION('',(#11,#10716),#10814);
#10716 = MANIFOLD_SOLID_BREP('',#10717);
#10717 = CLOSED_SHELL('',(#10718,#10806,#10810));
#10718 = ADVANCED_FACE('',(#10719),#10732,.T.);
#10719 = FACE_BOUND('',#10720,.T.);
#10720 = EDGE_LOOP('',(#10721,#10755,#10778,#10805));
#10721 = ORIENTED_EDGE('',*,*,#10722,.F.);
#10722 = EDGE_CURVE('',#10723,#10723,#10725,.T.);
#10723 = VERTEX_POINT('',#10724);
#10724 = CARTESIAN_POINT('',(379.86839826445,65.,268.));
#10725 = SURFACE_CURVE('',#10726,(#10731,#10743),.PCURVE_S1.);
#10726 = CIRCLE('',#10727,8.);
#10727 = AXIS2_PLACEMENT_3D('',#10728,#10729,#10730);
#10728 = CARTESIAN_POINT('',(379.86839826445,65.,260.));
#10729 = DIRECTION('',(0.,1.,0.));
#10730 = DIRECTION('',(0.,-0.,1.));
#10731 = PCURVE('',#10732,#10737);
#10732 = CYLINDRICAL_SURFACE('',#10733,8.);
#10733 = AXIS2_PLACEMENT_3D('',#10734,#10735,#10736);
#10734 = CARTESIAN_POINT('',(379.86839826445,-65.,260.));
#10735 = DIRECTION('',(0.,1.,0.));
#10736 = DIRECTION('',(0.,-0.,1.));
#10737 = DEFINITIONAL_REPRESENTATION('',(#10738),#10742);
#10738 = LINE('',#10739,#10740);
#10739 = CARTESIAN_POINT('',(0.,130.));
#10740 = VECTOR('',#10741,1.);
#10741 = DIRECTION('',(1.,0.));
#10742 = ( GEOMETRIC_REPRESENTATION_CONTEXT(2) 
PARAMETRIC_REPRESENTATION_CONTEXT() REPRESENTATION_CONTEXT('2D SPACE',''
  ) );
#10743 = PCURVE('',#10744,#10749);
#10744 = PLANE('',#10745);
#10745 = AXIS2_PLACEMENT_3D('',#10746,#10747,#10748);
#10746 = CARTESIAN_POINT('',(379.86839826445,65.,260.));
#10747 = DIRECTION('',(0.,1.,0.));
#10748 = DIRECTION('',(0.,-0.,1.));
#10749 = DEFINITIONAL_REPRESENTATION('',(#10750),#10754);
#10750 = CIRCLE('',#10751,8.);
#10751 = AXIS2_PLACEMENT_2D('',#10752,#10753);
#10752 = CARTESIAN_POINT('',(0.,0.));
#10753 = DIRECTION('',(1.,0.));
#10754 = ( GEOMETRIC_REPRESENTATION_CONTEXT(2) 
PARAMETRIC_REPRESENTATION_CONTEXT() REPRESENTATION_CONTEXT('2D SPACE',''
  ) );
#10755 = ORIENTED_EDGE('',*,*,#10756,.F.);
#10756 = EDGE_CURVE('',#10757,#10723,#10759,.T.);
#10757 = VERTEX_POINT('',#10758);
#10758 = CARTESIAN_POINT('',(379.86839826445,-65.,268.));
#10759 = SEAM_CURVE('',#10760,(#10764,#10771),.PCURVE_S1.);
#10760 = LINE('',#10761,#10762);
#10761 = CARTESIAN_POINT('',(379.86839826445,-65.,268.));
#10762 = VECTOR('',#10763,1.);
#10763 = DIRECTION('',(0.,1.,0.));
#10764 = PCURVE('',#10732,#10765);
#10765 = DEFINITIONAL_REPRESENTATION('',(#10766),#10770);
#10766 = LINE('',#10767,#10768);
#10767 = CARTESIAN_POINT('',(6.28318530718,-0.));
#10768 = VECTOR('',#10769,1.);
#10769 = DIRECTION('',(0.,1.));
#10770 = ( GEOMETRIC_REPRESENTATION_CONTEXT(2) 
PARAMETRIC_REPRESENTATION_CONTEXT() REPRESENTATION_CONTEXT('2D SPACE',''
  ) );
#10771 = PCURVE('',#10732,#10772);
#10772 = DEFINITIONAL_REPRESENTATION('',(#10773),#10777);
#10773 = LINE('',#10774,#10775);
#10774 = CARTESIAN_POINT('',(0.,-0.));
#10775 = VECTOR('',#10776,1.);
#10776 = DIRECTION('',(0.,1.));
#10777 = ( GEOMETRIC_REPRESENTATION_CONTEXT(2) 
PARAMETRIC_REPRESENTATION_CONTEXT() REPRESENTATION_CONTEXT('2D SPACE',''
  ) );
#10778 = ORIENTED_EDGE('',*,*,#10779,.T.);
#10779 = EDGE_CURVE('',#10757,#10757,#10780,.T.);
#10780 = SURFACE_CURVE('',#10781,(#10786,#10793),.PCURVE_S1.);
#10781 = CIRCLE('',#10782,8.);
#10782 = AXIS2_PLACEMENT_3D('',#10783,#10784,#10785);
#10783 = CARTESIAN_POINT('',(379.86839826445,-65.,260.));
#10784 = DIRECTION('',(0.,1.,0.));
#10785 = DIRECTION('',(0.,-0.,1.));
#10786 = PCURVE('',#10732,#10787);
#10787 = DEFINITIONAL_REPRESENTATION('',(#10788),#10792);
#10788 = LINE('',#10789,#10790);
#10789 = CARTESIAN_POINT('',(0.,0.));
#10790 = VECTOR('',#10791,1.);
#10791 = DIRECTION('',(1.,0.));
#10792 = ( GEOMETRIC_REPRESENTATION_CONTEXT(2) 
PARAMETRIC_REPRESENTATION_CONTEXT() REPRESENTATION_CONTEXT('2D SPACE',''
  ) );
#10793 = PCURVE('',#10794,#10799);
#10794 = PLANE('',#10795);
#10795 = AXIS2_PLACEMENT_3D('',#10796,#10797,#10798);
#10796 = CARTESIAN_POINT('',(379.86839826445,-65.,260.));
#10797 = DIRECTION('',(0.,1.,0.));
#10798 = DIRECTION('',(0.,-0.,1.));
#10799 = DEFINITIONAL_REPRESENTATION('',(#10800),#10804);
#10800 = CIRCLE('',#10801,8.);
#10801 = AXIS2_PLACEMENT_2D('',#10802,#10803);
#10802 = CARTESIAN_POINT('',(0.,0.));
#10803 = DIRECTION('',(1.,0.));
#10804 = ( GEOMETRIC_REPRESENTATION_CONTEXT(2) 
PARAMETRIC_REPRESENTATION_CONTEXT() REPRESENTATION_CONTEXT('2D SPACE',''
  ) );
#10805 = ORIENTED_EDGE('',*,*,#10756,.T.);
#10806 = ADVANCED_FACE('',(#10807),#10744,.T.);
#10807 = FACE_BOUND('',#10808,.T.);
#10808 = EDGE_LOOP('',(#10809));
#10809 = ORIENTED_EDGE('',*,*,#10722,.T.);
#10810 = ADVANCED_FACE('',(#10811),#10794,.F.);
#10811 = FACE_BOUND('',#10812,.T.);
#10812 = EDGE_LOOP('',(#10813));
#10813 = ORIENTED_EDGE('',*,*,#10779,.F.);
#10814 = ( GEOMETRIC_REPRESENTATION_CONTEXT(3) 
GLOBAL_UNCERTAINTY_ASSIGNED_CONTEXT((#10818)) 
GLOBAL_UNIT_ASSIGNED_CONTEXT((#10815,#10816,#10817)) 
REPRESENTATION_CONTEXT('Context #1',
  '3D Context with UNIT and UNCERTAINTY') );
#10815 = ( LENGTH_UNIT() NAMED_UNIT(*) SI_UNIT(.MILLI.,.METRE.) );
#10816 = ( NAMED_UNIT(*) PLANE_ANGLE_UNIT() SI_UNIT($,.RADIAN.) );
#10817 = ( NAMED_UNIT(*) SI_UNIT($,.STERADIAN.) SOLID_ANGLE_UNIT() );
#10818 = UNCERTAINTY_MEASURE_WITH_UNIT(LENGTH_MEASURE(1.E-07),#10815,
  'distance_accuracy_value','confusion accuracy');
#10819 = CONTEXT_DEPENDENT_SHAPE_REPRESENTATION(#10820,#10822);
#10820 = ( REPRESENTATION_RELATIONSHIP('','',#10715,#10237) 
REPRESENTATION_RELATIONSHIP_WITH_TRANSFORMATION(#10821) 
SHAPE_REPRESENTATION_RELATIONSHIP() );
#10821 = ITEM_DEFINED_TRANSFORMATION('','',#11,#10250);
#10822 = PRODUCT_DEFINITION_SHAPE('Placement','Placement of an item',
  #10823);
#10823 = NEXT_ASSEMBLY_USAGE_OCCURRENCE('209','=>[0:1:1:89]','',#10232,
  #10710,$);
#10824 = PRODUCT_RELATED_PRODUCT_CATEGORY('part',$,(#10712));
#10825 = SHAPE_DEFINITION_REPRESENTATION(#10826,#10832);
#10826 = PRODUCT_DEFINITION_SHAPE('','',#10827);
#10827 = PRODUCT_DEFINITION('design','',#10828,#10831);
#10828 = PRODUCT_DEFINITION_FORMATION('','',#10829);
#10829 = PRODUCT('COMPOUND','COMPOUND','',(#10830));
#10830 = PRODUCT_CONTEXT('',#2,'mechanical');
#10831 = PRODUCT_DEFINITION_CONTEXT('part definition',#2,'design');
#10832 = ADVANCED_BREP_SHAPE_REPRESENTATION('',(#11,#10833),#11163);
#10833 = MANIFOLD_SOLID_BREP('',#10834);
#10834 = CLOSED_SHELL('',(#10835,#10955,#11055,#11102,#11149,#11156));
#10835 = ADVANCED_FACE('',(#10836),#10850,.F.);
#10836 = FACE_BOUND('',#10837,.F.);
#10837 = EDGE_LOOP('',(#10838,#10873,#10901,#10929));
#10838 = ORIENTED_EDGE('',*,*,#10839,.F.);
#10839 = EDGE_CURVE('',#10840,#10842,#10844,.T.);
#10840 = VERTEX_POINT('',#10841);
#10841 = CARTESIAN_POINT('',(-40.,-45.,-11.));
#10842 = VERTEX_POINT('',#10843);
#10843 = CARTESIAN_POINT('',(-40.,-45.,11.));
#10844 = SURFACE_CURVE('',#10845,(#10849,#10861),.PCURVE_S1.);
#10845 = LINE('',#10846,#10847);
#10846 = CARTESIAN_POINT('',(-40.,-45.,-11.));
#10847 = VECTOR('',#10848,1.);
#10848 = DIRECTION('',(0.,0.,1.));
#10849 = PCURVE('',#10850,#10855);
#10850 = PLANE('',#10851);
#10851 = AXIS2_PLACEMENT_3D('',#10852,#10853,#10854);
#10852 = CARTESIAN_POINT('',(-40.,-45.,-11.));
#10853 = DIRECTION('',(1.,0.,-0.));
#10854 = DIRECTION('',(0.,0.,1.));
#10855 = DEFINITIONAL_REPRESENTATION('',(#10856),#10860);
#10856 = LINE('',#10857,#10858);
#10857 = CARTESIAN_POINT('',(0.,0.));
#10858 = VECTOR('',#10859,1.);
#10859 = DIRECTION('',(1.,0.));
#10860 = ( GEOMETRIC_REPRESENTATION_CONTEXT(2) 
PARAMETRIC_REPRESENTATION_CONTEXT() REPRESENTATION_CONTEXT('2D SPACE',''
  ) );
#10861 = PCURVE('',#10862,#10867);
#10862 = PLANE('',#10863);
#10863 = AXIS2_PLACEMENT_3D('',#10864,#10865,#10866);
#10864 = CARTESIAN_POINT('',(-40.,-45.,-11.));
#10865 = DIRECTION('',(-0.,1.,0.));
#10866 = DIRECTION('',(0.,0.,1.));
#10867 = DEFINITIONAL_REPRESENTATION('',(#10868),#10872);
#10868 = LINE('',#10869,#10870);
#10869 = CARTESIAN_POINT('',(0.,0.));
#10870 = VECTOR('',#10871,1.);
#10871 = DIRECTION('',(1.,0.));
#10872 = ( GEOMETRIC_REPRESENTATION_CONTEXT(2) 
PARAMETRIC_REPRESENTATION_CONTEXT() REPRESENTATION_CONTEXT('2D SPACE',''
  ) );
#10873 = ORIENTED_EDGE('',*,*,#10874,.T.);
#10874 = EDGE_CURVE('',#10840,#10875,#10877,.T.);
#10875 = VERTEX_POINT('',#10876);
#10876 = CARTESIAN_POINT('',(-40.,45.,-11.));
#10877 = SURFACE_CURVE('',#10878,(#10882,#10889),.PCURVE_S1.);
#10878 = LINE('',#10879,#10880);
#10879 = CARTESIAN_POINT('',(-40.,-45.,-11.));
#10880 = VECTOR('',#10881,1.);
#10881 = DIRECTION('',(-0.,1.,0.));
#10882 = PCURVE('',#10850,#10883);
#10883 = DEFINITIONAL_REPRESENTATION('',(#10884),#10888);
#10884 = LINE('',#10885,#10886);
#10885 = CARTESIAN_POINT('',(0.,0.));
#10886 = VECTOR('',#10887,1.);
#10887 = DIRECTION('',(0.,-1.));
#10888 = ( GEOMETRIC_REPRESENTATION_CONTEXT(2) 
PARAMETRIC_REPRESENTATION_CONTEXT() REPRESENTATION_CONTEXT('2D SPACE',''
  ) );
#10889 = PCURVE('',#10890,#10895);
#10890 = PLANE('',#10891);
#10891 = AXIS2_PLACEMENT_3D('',#10892,#10893,#10894);
#10892 = CARTESIAN_POINT('',(-40.,-45.,-11.));
#10893 = DIRECTION('',(0.,0.,1.));
#10894 = DIRECTION('',(1.,0.,-0.));
#10895 = DEFINITIONAL_REPRESENTATION('',(#10896),#10900);
#10896 = LINE('',#10897,#10898);
#10897 = CARTESIAN_POINT('',(0.,0.));
#10898 = VECTOR('',#10899,1.);
#10899 = DIRECTION('',(0.,1.));
#10900 = ( GEOMETRIC_REPRESENTATION_CONTEXT(2) 
PARAMETRIC_REPRESENTATION_CONTEXT() REPRESENTATION_CONTEXT('2D SPACE',''
  ) );
#10901 = ORIENTED_EDGE('',*,*,#10902,.T.);
#10902 = EDGE_CURVE('',#10875,#10903,#10905,.T.);
#10903 = VERTEX_POINT('',#10904);
#10904 = CARTESIAN_POINT('',(-40.,45.,11.));
#10905 = SURFACE_CURVE('',#10906,(#10910,#10917),.PCURVE_S1.);
#10906 = LINE('',#10907,#10908);
#10907 = CARTESIAN_POINT('',(-40.,45.,-11.));
#10908 = VECTOR('',#10909,1.);
#10909 = DIRECTION('',(0.,0.,1.));
#10910 = PCURVE('',#10850,#10911);
#10911 = DEFINITIONAL_REPRESENTATION('',(#10912),#10916);
#10912 = LINE('',#10913,#10914);
#10913 = CARTESIAN_POINT('',(0.,-90.));
#10914 = VECTOR('',#10915,1.);
#10915 = DIRECTION('',(1.,0.));
#10916 = ( GEOMETRIC_REPRESENTATION_CONTEXT(2) 
PARAMETRIC_REPRESENTATION_CONTEXT() REPRESENTATION_CONTEXT('2D SPACE',''
  ) );
#10917 = PCURVE('',#10918,#10923);
#10918 = PLANE('',#10919);
#10919 = AXIS2_PLACEMENT_3D('',#10920,#10921,#10922);
#10920 = CARTESIAN_POINT('',(-40.,45.,-11.));
#10921 = DIRECTION('',(-0.,1.,0.));
#10922 = DIRECTION('',(0.,0.,1.));
#10923 = DEFINITIONAL_REPRESENTATION('',(#10924),#10928);
#10924 = LINE('',#10925,#10926);
#10925 = CARTESIAN_POINT('',(0.,0.));
#10926 = VECTOR('',#10927,1.);
#10927 = DIRECTION('',(1.,0.));
#10928 = ( GEOMETRIC_REPRESENTATION_CONTEXT(2) 
PARAMETRIC_REPRESENTATION_CONTEXT() REPRESENTATION_CONTEXT('2D SPACE',''
  ) );
#10929 = ORIENTED_EDGE('',*,*,#10930,.F.);
#10930 = EDGE_CURVE('',#10842,#10903,#10931,.T.);
#10931 = SURFACE_CURVE('',#10932,(#10936,#10943),.PCURVE_S1.);
#10932 = LINE('',#10933,#10934);
#10933 = CARTESIAN_POINT('',(-40.,-45.,11.));
#10934 = VECTOR('',#10935,1.);
#10935 = DIRECTION('',(-0.,1.,0.));
#10936 = PCURVE('',#10850,#10937);
#10937 = DEFINITIONAL_REPRESENTATION('',(#10938),#10942);
#10938 = LINE('',#10939,#10940);
#10939 = CARTESIAN_POINT('',(22.,0.));
#10940 = VECTOR('',#10941,1.);
#10941 = DIRECTION('',(0.,-1.));
#10942 = ( GEOMETRIC_REPRESENTATION_CONTEXT(2) 
PARAMETRIC_REPRESENTATION_CONTEXT() REPRESENTATION_CONTEXT('2D SPACE',''
  ) );
#10943 = PCURVE('',#10944,#10949);
#10944 = PLANE('',#10945);
#10945 = AXIS2_PLACEMENT_3D('',#10946,#10947,#10948);
#10946 = CARTESIAN_POINT('',(-40.,-45.,11.));
#10947 = DIRECTION('',(0.,0.,1.));
#10948 = DIRECTION('',(1.,0.,-0.));
#10949 = DEFINITIONAL_REPRESENTATION('',(#10950),#10954);
#10950 = LINE('',#10951,#10952);
#10951 = CARTESIAN_POINT('',(0.,0.));
#10952 = VECTOR('',#10953,1.);
#10953 = DIRECTION('',(0.,1.));
#10954 = ( GEOMETRIC_REPRESENTATION_CONTEXT(2) 
PARAMETRIC_REPRESENTATION_CONTEXT() REPRESENTATION_CONTEXT('2D SPACE',''
  ) );
#10955 = ADVANCED_FACE('',(#10956),#10970,.T.);
#10956 = FACE_BOUND('',#10957,.T.);
#10957 = EDGE_LOOP('',(#10958,#10988,#11011,#11034));
#10958 = ORIENTED_EDGE('',*,*,#10959,.F.);
#10959 = EDGE_CURVE('',#10960,#10962,#10964,.T.);
#10960 = VERTEX_POINT('',#10961);
#10961 = CARTESIAN_POINT('',(40.,-45.,-11.));
#10962 = VERTEX_POINT('',#10963);
#10963 = CARTESIAN_POINT('',(40.,-45.,11.));
#10964 = SURFACE_CURVE('',#10965,(#10969,#10981),.PCURVE_S1.);
#10965 = LINE('',#10966,#10967);
#10966 = CARTESIAN_POINT('',(40.,-45.,-11.));
#10967 = VECTOR('',#10968,1.);
#10968 = DIRECTION('',(0.,0.,1.));
#10969 = PCURVE('',#10970,#10975);
#10970 = PLANE('',#10971);
#10971 = AXIS2_PLACEMENT_3D('',#10972,#10973,#10974);
#10972 = CARTESIAN_POINT('',(40.,-45.,-11.));
#10973 = DIRECTION('',(1.,0.,-0.));
#10974 = DIRECTION('',(0.,0.,1.));
#10975 = DEFINITIONAL_REPRESENTATION('',(#10976),#10980);
#10976 = LINE('',#10977,#10978);
#10977 = CARTESIAN_POINT('',(0.,0.));
#10978 = VECTOR('',#10979,1.);
#10979 = DIRECTION('',(1.,0.));
#10980 = ( GEOMETRIC_REPRESENTATION_CONTEXT(2) 
PARAMETRIC_REPRESENTATION_CONTEXT() REPRESENTATION_CONTEXT('2D SPACE',''
  ) );
#10981 = PCURVE('',#10862,#10982);
#10982 = DEFINITIONAL_REPRESENTATION('',(#10983),#10987);
#10983 = LINE('',#10984,#10985);
#10984 = CARTESIAN_POINT('',(0.,80.));
#10985 = VECTOR('',#10986,1.);
#10986 = DIRECTION('',(1.,0.));
#10987 = ( GEOMETRIC_REPRESENTATION_CONTEXT(2) 
PARAMETRIC_REPRESENTATION_CONTEXT() REPRESENTATION_CONTEXT('2D SPACE',''
  ) );
#10988 = ORIENTED_EDGE('',*,*,#10989,.T.);
#10989 = EDGE_CURVE('',#10960,#10990,#10992,.T.);
#10990 = VERTEX_POINT('',#10991);
#10991 = CARTESIAN_POINT('',(40.,45.,-11.));
#10992 = SURFACE_CURVE('',#10993,(#10997,#11004),.PCURVE_S1.);
#10993 = LINE('',#10994,#10995);
#10994 = CARTESIAN_POINT('',(40.,-45.,-11.));
#10995 = VECTOR('',#10996,1.);
#10996 = DIRECTION('',(-0.,1.,0.));
#10997 = PCURVE('',#10970,#10998);
#10998 = DEFINITIONAL_REPRESENTATION('',(#10999),#11003);
#10999 = LINE('',#11000,#11001);
#11000 = CARTESIAN_POINT('',(0.,0.));
#11001 = VECTOR('',#11002,1.);
#11002 = DIRECTION('',(0.,-1.));
#11003 = ( GEOMETRIC_REPRESENTATION_CONTEXT(2) 
PARAMETRIC_REPRESENTATION_CONTEXT() REPRESENTATION_CONTEXT('2D SPACE',''
  ) );
#11004 = PCURVE('',#10890,#11005);
#11005 = DEFINITIONAL_REPRESENTATION('',(#11006),#11010);
#11006 = LINE('',#11007,#11008);
#11007 = CARTESIAN_POINT('',(80.,0.));
#11008 = VECTOR('',#11009,1.);
#11009 = DIRECTION('',(0.,1.));
#11010 = ( GEOMETRIC_REPRESENTATION_CONTEXT(2) 
PARAMETRIC_REPRESENTATION_CONTEXT() REPRESENTATION_CONTEXT('2D SPACE',''
  ) );
#11011 = ORIENTED_EDGE('',*,*,#11012,.T.);
#11012 = EDGE_CURVE('',#10990,#11013,#11015,.T.);
#11013 = VERTEX_POINT('',#11014);
#11014 = CARTESIAN_POINT('',(40.,45.,11.));
#11015 = SURFACE_CURVE('',#11016,(#11020,#11027),.PCURVE_S1.);
#11016 = LINE('',#11017,#11018);
#11017 = CARTESIAN_POINT('',(40.,45.,-11.));
#11018 = VECTOR('',#11019,1.);
#11019 = DIRECTION('',(0.,0.,1.));
#11020 = PCURVE('',#10970,#11021);
#11021 = DEFINITIONAL_REPRESENTATION('',(#11022),#11026);
#11022 = LINE('',#11023,#11024);
#11023 = CARTESIAN_POINT('',(0.,-90.));
#11024 = VECTOR('',#11025,1.);
#11025 = DIRECTION('',(1.,0.));
#11026 = ( GEOMETRIC_REPRESENTATION_CONTEXT(2) 
PARAMETRIC_REPRESENTATION_CONTEXT() REPRESENTATION_CONTEXT('2D SPACE',''
  ) );
#11027 = PCURVE('',#10918,#11028);
#11028 = DEFINITIONAL_REPRESENTATION('',(#11029),#11033);
#11029 = LINE('',#11030,#11031);
#11030 = CARTESIAN_POINT('',(0.,80.));
#11031 = VECTOR('',#11032,1.);
#11032 = DIRECTION('',(1.,0.));
#11033 = ( GEOMETRIC_REPRESENTATION_CONTEXT(2) 
PARAMETRIC_REPRESENTATION_CONTEXT() REPRESENTATION_CONTEXT('2D SPACE',''
  ) );
#11034 = ORIENTED_EDGE('',*,*,#11035,.F.);
#11035 = EDGE_CURVE('',#10962,#11013,#11036,.T.);
#11036 = SURFACE_CURVE('',#11037,(#11041,#11048),.PCURVE_S1.);
#11037 = LINE('',#11038,#11039);
#11038 = CARTESIAN_POINT('',(40.,-45.,11.));
#11039 = VECTOR('',#11040,1.);
#11040 = DIRECTION('',(-0.,1.,0.));
#11041 = PCURVE('',#10970,#11042);
#11042 = DEFINITIONAL_REPRESENTATION('',(#11043),#11047);
#11043 = LINE('',#11044,#11045);
#11044 = CARTESIAN_POINT('',(22.,0.));
#11045 = VECTOR('',#11046,1.);
#11046 = DIRECTION('',(0.,-1.));
#11047 = ( GEOMETRIC_REPRESENTATION_CONTEXT(2) 
PARAMETRIC_REPRESENTATION_CONTEXT() REPRESENTATION_CONTEXT('2D SPACE',''
  ) );
#11048 = PCURVE('',#10944,#11049);
#11049 = DEFINITIONAL_REPRESENTATION('',(#11050),#11054);
#11050 = LINE('',#11051,#11052);
#11051 = CARTESIAN_POINT('',(80.,0.));
#11052 = VECTOR('',#11053,1.);
#11053 = DIRECTION('',(0.,1.));
#11054 = ( GEOMETRIC_REPRESENTATION_CONTEXT(2) 
PARAMETRIC_REPRESENTATION_CONTEXT() REPRESENTATION_CONTEXT('2D SPACE',''
  ) );
#11055 = ADVANCED_FACE('',(#11056),#10862,.F.);
#11056 = FACE_BOUND('',#11057,.F.);
#11057 = EDGE_LOOP('',(#11058,#11079,#11080,#11101));
#11058 = ORIENTED_EDGE('',*,*,#11059,.F.);
#11059 = EDGE_CURVE('',#10840,#10960,#11060,.T.);
#11060 = SURFACE_CURVE('',#11061,(#11065,#11072),.PCURVE_S1.);
#11061 = LINE('',#11062,#11063);
#11062 = CARTESIAN_POINT('',(-40.,-45.,-11.));
#11063 = VECTOR('',#11064,1.);
#11064 = DIRECTION('',(1.,0.,-0.));
#11065 = PCURVE('',#10862,#11066);
#11066 = DEFINITIONAL_REPRESENTATION('',(#11067),#11071);
#11067 = LINE('',#11068,#11069);
#11068 = CARTESIAN_POINT('',(0.,0.));
#11069 = VECTOR('',#11070,1.);
#11070 = DIRECTION('',(0.,1.));
#11071 = ( GEOMETRIC_REPRESENTATION_CONTEXT(2) 
PARAMETRIC_REPRESENTATION_CONTEXT() REPRESENTATION_CONTEXT('2D SPACE',''
  ) );
#11072 = PCURVE('',#10890,#11073);
#11073 = DEFINITIONAL_REPRESENTATION('',(#11074),#11078);
#11074 = LINE('',#11075,#11076);
#11075 = CARTESIAN_POINT('',(0.,0.));
#11076 = VECTOR('',#11077,1.);
#11077 = DIRECTION('',(1.,0.));
#11078 = ( GEOMETRIC_REPRESENTATION_CONTEXT(2) 
PARAMETRIC_REPRESENTATION_CONTEXT() REPRESENTATION_CONTEXT('2D SPACE',''
  ) );
#11079 = ORIENTED_EDGE('',*,*,#10839,.T.);
#11080 = ORIENTED_EDGE('',*,*,#11081,.T.);
#11081 = EDGE_CURVE('',#10842,#10962,#11082,.T.);
#11082 = SURFACE_CURVE('',#11083,(#11087,#11094),.PCURVE_S1.);
#11083 = LINE('',#11084,#11085);
#11084 = CARTESIAN_POINT('',(-40.,-45.,11.));
#11085 = VECTOR('',#11086,1.);
#11086 = DIRECTION('',(1.,0.,-0.));
#11087 = PCURVE('',#10862,#11088);
#11088 = DEFINITIONAL_REPRESENTATION('',(#11089),#11093);
#11089 = LINE('',#11090,#11091);
#11090 = CARTESIAN_POINT('',(22.,0.));
#11091 = VECTOR('',#11092,1.);
#11092 = DIRECTION('',(0.,1.));
#11093 = ( GEOMETRIC_REPRESENTATION_CONTEXT(2) 
PARAMETRIC_REPRESENTATION_CONTEXT() REPRESENTATION_CONTEXT('2D SPACE',''
  ) );
#11094 = PCURVE('',#10944,#11095);
#11095 = DEFINITIONAL_REPRESENTATION('',(#11096),#11100);
#11096 = LINE('',#11097,#11098);
#11097 = CARTESIAN_POINT('',(0.,0.));
#11098 = VECTOR('',#11099,1.);
#11099 = DIRECTION('',(1.,0.));
#11100 = ( GEOMETRIC_REPRESENTATION_CONTEXT(2) 
PARAMETRIC_REPRESENTATION_CONTEXT() REPRESENTATION_CONTEXT('2D SPACE',''
  ) );
#11101 = ORIENTED_EDGE('',*,*,#10959,.F.);
#11102 = ADVANCED_FACE('',(#11103),#10918,.T.);
#11103 = FACE_BOUND('',#11104,.T.);
#11104 = EDGE_LOOP('',(#11105,#11126,#11127,#11148));
#11105 = ORIENTED_EDGE('',*,*,#11106,.F.);
#11106 = EDGE_CURVE('',#10875,#10990,#11107,.T.);
#11107 = SURFACE_CURVE('',#11108,(#11112,#11119),.PCURVE_S1.);
#11108 = LINE('',#11109,#11110);
#11109 = CARTESIAN_POINT('',(-40.,45.,-11.));
#11110 = VECTOR('',#11111,1.);
#11111 = DIRECTION('',(1.,0.,-0.));
#11112 = PCURVE('',#10918,#11113);
#11113 = DEFINITIONAL_REPRESENTATION('',(#11114),#11118);
#11114 = LINE('',#11115,#11116);
#11115 = CARTESIAN_POINT('',(0.,0.));
#11116 = VECTOR('',#11117,1.);
#11117 = DIRECTION('',(0.,1.));
#11118 = ( GEOMETRIC_REPRESENTATION_CONTEXT(2) 
PARAMETRIC_REPRESENTATION_CONTEXT() REPRESENTATION_CONTEXT('2D SPACE',''
  ) );
#11119 = PCURVE('',#10890,#11120);
#11120 = DEFINITIONAL_REPRESENTATION('',(#11121),#11125);
#11121 = LINE('',#11122,#11123);
#11122 = CARTESIAN_POINT('',(0.,90.));
#11123 = VECTOR('',#11124,1.);
#11124 = DIRECTION('',(1.,0.));
#11125 = ( GEOMETRIC_REPRESENTATION_CONTEXT(2) 
PARAMETRIC_REPRESENTATION_CONTEXT() REPRESENTATION_CONTEXT('2D SPACE',''
  ) );
#11126 = ORIENTED_EDGE('',*,*,#10902,.T.);
#11127 = ORIENTED_EDGE('',*,*,#11128,.T.);
#11128 = EDGE_CURVE('',#10903,#11013,#11129,.T.);
#11129 = SURFACE_CURVE('',#11130,(#11134,#11141),.PCURVE_S1.);
#11130 = LINE('',#11131,#11132);
#11131 = CARTESIAN_POINT('',(-40.,45.,11.));
#11132 = VECTOR('',#11133,1.);
#11133 = DIRECTION('',(1.,0.,-0.));
#11134 = PCURVE('',#10918,#11135);
#11135 = DEFINITIONAL_REPRESENTATION('',(#11136),#11140);
#11136 = LINE('',#11137,#11138);
#11137 = CARTESIAN_POINT('',(22.,0.));
#11138 = VECTOR('',#11139,1.);
#11139 = DIRECTION('',(0.,1.));
#11140 = ( GEOMETRIC_REPRESENTATION_CONTEXT(2) 
PARAMETRIC_REPRESENTATION_CONTEXT() REPRESENTATION_CONTEXT('2D SPACE',''
  ) );
#11141 = PCURVE('',#10944,#11142);
#11142 = DEFINITIONAL_REPRESENTATION('',(#11143),#11147);
#11143 = LINE('',#11144,#11145);
#11144 = CARTESIAN_POINT('',(0.,90.));
#11145 = VECTOR('',#11146,1.);
#11146 = DIRECTION('',(1.,0.));
#11147 = ( GEOMETRIC_REPRESENTATION_CONTEXT(2) 
PARAMETRIC_REPRESENTATION_CONTEXT() REPRESENTATION_CONTEXT('2D SPACE',''
  ) );
#11148 = ORIENTED_EDGE('',*,*,#11012,.F.);
#11149 = ADVANCED_FACE('',(#11150),#10890,.F.);
#11150 = FACE_BOUND('',#11151,.F.);
#11151 = EDGE_LOOP('',(#11152,#11153,#11154,#11155));
#11152 = ORIENTED_EDGE('',*,*,#10874,.F.);
#11153 = ORIENTED_EDGE('',*,*,#11059,.T.);
#11154 = ORIENTED_EDGE('',*,*,#10989,.T.);
#11155 = ORIENTED_EDGE('',*,*,#11106,.F.);
#11156 = ADVANCED_FACE('',(#11157),#10944,.T.);
#11157 = FACE_BOUND('',#11158,.T.);
#11158 = EDGE_LOOP('',(#11159,#11160,#11161,#11162));
#11159 = ORIENTED_EDGE('',*,*,#10930,.F.);
#11160 = ORIENTED_EDGE('',*,*,#11081,.T.);
#11161 = ORIENTED_EDGE('',*,*,#11035,.T.);
#11162 = ORIENTED_EDGE('',*,*,#11128,.F.);
#11163 = ( GEOMETRIC_REPRESENTATION_CONTEXT(3) 
GLOBAL_UNCERTAINTY_ASSIGNED_CONTEXT((#11167)) 
GLOBAL_UNIT_ASSIGNED_CONTEXT((#11164,#11165,#11166)) 
REPRESENTATION_CONTEXT('Context #1',
  '3D Context with UNIT and UNCERTAINTY') );
#11164 = ( LENGTH_UNIT() NAMED_UNIT(*) SI_UNIT(.MILLI.,.METRE.) );
#11165 = ( NAMED_UNIT(*) PLANE_ANGLE_UNIT() SI_UNIT($,.RADIAN.) );
#11166 = ( NAMED_UNIT(*) SI_UNIT($,.STERADIAN.) SOLID_ANGLE_UNIT() );
#11167 = UNCERTAINTY_MEASURE_WITH_UNIT(LENGTH_MEASURE(1.E-07),#11164,
  'distance_accuracy_value','confusion accuracy');
#11168 = CONTEXT_DEPENDENT_SHAPE_REPRESENTATION(#11169,#11171);
#11169 = ( REPRESENTATION_RELATIONSHIP('','',#10832,#10237) 
REPRESENTATION_RELATIONSHIP_WITH_TRANSFORMATION(#11170) 
SHAPE_REPRESENTATION_RELATIONSHIP() );
#11170 = ITEM_DEFINED_TRANSFORMATION('','',#11,#10254);
#11171 = PRODUCT_DEFINITION_SHAPE('Placement','Placement of an item',
  #11172);
#11172 = NEXT_ASSEMBLY_USAGE_OCCURRENCE('210','=>[0:1:1:90]','',#10232,
  #10827,$);
#11173 = PRODUCT_RELATED_PRODUCT_CATEGORY('part',$,(#10829));
#11174 = SHAPE_DEFINITION_REPRESENTATION(#11175,#11181);
#11175 = PRODUCT_DEFINITION_SHAPE('','',#11176);
#11176 = PRODUCT_DEFINITION('design','',#11177,#11180);
#11177 = PRODUCT_DEFINITION_FORMATION('','',#11178);
#11178 = PRODUCT('COMPOUND','COMPOUND','',(#11179));
#11179 = PRODUCT_CONTEXT('',#2,'mechanical');
#11180 = PRODUCT_DEFINITION_CONTEXT('part definition',#2,'design');
#11181 = ADVANCED_BREP_SHAPE_REPRESENTATION('',(#11,#11182),#11512);
#11182 = MANIFOLD_SOLID_BREP('',#11183);
#11183 = CLOSED_SHELL('',(#11184,#11304,#11404,#11451,#11498,#11505));
#11184 = ADVANCED_FACE('',(#11185),#11199,.F.);
#11185 = FACE_BOUND('',#11186,.F.);
#11186 = EDGE_LOOP('',(#11187,#11222,#11250,#11278));
#11187 = ORIENTED_EDGE('',*,*,#11188,.F.);
#11188 = EDGE_CURVE('',#11189,#11191,#11193,.T.);
#11189 = VERTEX_POINT('',#11190);
#11190 = CARTESIAN_POINT('',(-40.,-45.,-11.));
#11191 = VERTEX_POINT('',#11192);
#11192 = CARTESIAN_POINT('',(-40.,-45.,11.));
#11193 = SURFACE_CURVE('',#11194,(#11198,#11210),.PCURVE_S1.);
#11194 = LINE('',#11195,#11196);
#11195 = CARTESIAN_POINT('',(-40.,-45.,-11.));
#11196 = VECTOR('',#11197,1.);
#11197 = DIRECTION('',(0.,0.,1.));
#11198 = PCURVE('',#11199,#11204);
#11199 = PLANE('',#11200);
#11200 = AXIS2_PLACEMENT_3D('',#11201,#11202,#11203);
#11201 = CARTESIAN_POINT('',(-40.,-45.,-11.));
#11202 = DIRECTION('',(1.,0.,-0.));
#11203 = DIRECTION('',(0.,0.,1.));
#11204 = DEFINITIONAL_REPRESENTATION('',(#11205),#11209);
#11205 = LINE('',#11206,#11207);
#11206 = CARTESIAN_POINT('',(0.,0.));
#11207 = VECTOR('',#11208,1.);
#11208 = DIRECTION('',(1.,0.));
#11209 = ( GEOMETRIC_REPRESENTATION_CONTEXT(2) 
PARAMETRIC_REPRESENTATION_CONTEXT() REPRESENTATION_CONTEXT('2D SPACE',''
  ) );
#11210 = PCURVE('',#11211,#11216);
#11211 = PLANE('',#11212);
#11212 = AXIS2_PLACEMENT_3D('',#11213,#11214,#11215);
#11213 = CARTESIAN_POINT('',(-40.,-45.,-11.));
#11214 = DIRECTION('',(-0.,1.,0.));
#11215 = DIRECTION('',(0.,0.,1.));
#11216 = DEFINITIONAL_REPRESENTATION('',(#11217),#11221);
#11217 = LINE('',#11218,#11219);
#11218 = CARTESIAN_POINT('',(0.,0.));
#11219 = VECTOR('',#11220,1.);
#11220 = DIRECTION('',(1.,0.));
#11221 = ( GEOMETRIC_REPRESENTATION_CONTEXT(2) 
PARAMETRIC_REPRESENTATION_CONTEXT() REPRESENTATION_CONTEXT('2D SPACE',''
  ) );
#11222 = ORIENTED_EDGE('',*,*,#11223,.T.);
#11223 = EDGE_CURVE('',#11189,#11224,#11226,.T.);
#11224 = VERTEX_POINT('',#11225);
#11225 = CARTESIAN_POINT('',(-40.,45.,-11.));
#11226 = SURFACE_CURVE('',#11227,(#11231,#11238),.PCURVE_S1.);
#11227 = LINE('',#11228,#11229);
#11228 = CARTESIAN_POINT('',(-40.,-45.,-11.));
#11229 = VECTOR('',#11230,1.);
#11230 = DIRECTION('',(-0.,1.,0.));
#11231 = PCURVE('',#11199,#11232);
#11232 = DEFINITIONAL_REPRESENTATION('',(#11233),#11237);
#11233 = LINE('',#11234,#11235);
#11234 = CARTESIAN_POINT('',(0.,0.));
#11235 = VECTOR('',#11236,1.);
#11236 = DIRECTION('',(0.,-1.));
#11237 = ( GEOMETRIC_REPRESENTATION_CONTEXT(2) 
PARAMETRIC_REPRESENTATION_CONTEXT() REPRESENTATION_CONTEXT('2D SPACE',''
  ) );
#11238 = PCURVE('',#11239,#11244);
#11239 = PLANE('',#11240);
#11240 = AXIS2_PLACEMENT_3D('',#11241,#11242,#11243);
#11241 = CARTESIAN_POINT('',(-40.,-45.,-11.));
#11242 = DIRECTION('',(0.,0.,1.));
#11243 = DIRECTION('',(1.,0.,-0.));
#11244 = DEFINITIONAL_REPRESENTATION('',(#11245),#11249);
#11245 = LINE('',#11246,#11247);
#11246 = CARTESIAN_POINT('',(0.,0.));
#11247 = VECTOR('',#11248,1.);
#11248 = DIRECTION('',(0.,1.));
#11249 = ( GEOMETRIC_REPRESENTATION_CONTEXT(2) 
PARAMETRIC_REPRESENTATION_CONTEXT() REPRESENTATION_CONTEXT('2D SPACE',''
  ) );
#11250 = ORIENTED_EDGE('',*,*,#11251,.T.);
#11251 = EDGE_CURVE('',#11224,#11252,#11254,.T.);
#11252 = VERTEX_POINT('',#11253);
#11253 = CARTESIAN_POINT('',(-40.,45.,11.));
#11254 = SURFACE_CURVE('',#11255,(#11259,#11266),.PCURVE_S1.);
#11255 = LINE('',#11256,#11257);
#11256 = CARTESIAN_POINT('',(-40.,45.,-11.));
#11257 = VECTOR('',#11258,1.);
#11258 = DIRECTION('',(0.,0.,1.));
#11259 = PCURVE('',#11199,#11260);
#11260 = DEFINITIONAL_REPRESENTATION('',(#11261),#11265);
#11261 = LINE('',#11262,#11263);
#11262 = CARTESIAN_POINT('',(0.,-90.));
#11263 = VECTOR('',#11264,1.);
#11264 = DIRECTION('',(1.,0.));
#11265 = ( GEOMETRIC_REPRESENTATION_CONTEXT(2) 
PARAMETRIC_REPRESENTATION_CONTEXT() REPRESENTATION_CONTEXT('2D SPACE',''
  ) );
#11266 = PCURVE('',#11267,#11272);
#11267 = PLANE('',#11268);
#11268 = AXIS2_PLACEMENT_3D('',#11269,#11270,#11271);
#11269 = CARTESIAN_POINT('',(-40.,45.,-11.));
#11270 = DIRECTION('',(-0.,1.,0.));
#11271 = DIRECTION('',(0.,0.,1.));
#11272 = DEFINITIONAL_REPRESENTATION('',(#11273),#11277);
#11273 = LINE('',#11274,#11275);
#11274 = CARTESIAN_POINT('',(0.,0.));
#11275 = VECTOR('',#11276,1.);
#11276 = DIRECTION('',(1.,0.));
#11277 = ( GEOMETRIC_REPRESENTATION_CONTEXT(2) 
PARAMETRIC_REPRESENTATION_CONTEXT() REPRESENTATION_CONTEXT('2D SPACE',''
  ) );
#11278 = ORIENTED_EDGE('',*,*,#11279,.F.);
#11279 = EDGE_CURVE('',#11191,#11252,#11280,.T.);
#11280 = SURFACE_CURVE('',#11281,(#11285,#11292),.PCURVE_S1.);
#11281 = LINE('',#11282,#11283);
#11282 = CARTESIAN_POINT('',(-40.,-45.,11.));
#11283 = VECTOR('',#11284,1.);
#11284 = DIRECTION('',(-0.,1.,0.));
#11285 = PCURVE('',#11199,#11286);
#11286 = DEFINITIONAL_REPRESENTATION('',(#11287),#11291);
#11287 = LINE('',#11288,#11289);
#11288 = CARTESIAN_POINT('',(22.,0.));
#11289 = VECTOR('',#11290,1.);
#11290 = DIRECTION('',(0.,-1.));
#11291 = ( GEOMETRIC_REPRESENTATION_CONTEXT(2) 
PARAMETRIC_REPRESENTATION_CONTEXT() REPRESENTATION_CONTEXT('2D SPACE',''
  ) );
#11292 = PCURVE('',#11293,#11298);
#11293 = PLANE('',#11294);
#11294 = AXIS2_PLACEMENT_3D('',#11295,#11296,#11297);
#11295 = CARTESIAN_POINT('',(-40.,-45.,11.));
#11296 = DIRECTION('',(0.,0.,1.));
#11297 = DIRECTION('',(1.,0.,-0.));
#11298 = DEFINITIONAL_REPRESENTATION('',(#11299),#11303);
#11299 = LINE('',#11300,#11301);
#11300 = CARTESIAN_POINT('',(0.,0.));
#11301 = VECTOR('',#11302,1.);
#11302 = DIRECTION('',(0.,1.));
#11303 = ( GEOMETRIC_REPRESENTATION_CONTEXT(2) 
PARAMETRIC_REPRESENTATION_CONTEXT() REPRESENTATION_CONTEXT('2D SPACE',''
  ) );
#11304 = ADVANCED_FACE('',(#11305),#11319,.T.);
#11305 = FACE_BOUND('',#11306,.T.);
#11306 = EDGE_LOOP('',(#11307,#11337,#11360,#11383));
#11307 = ORIENTED_EDGE('',*,*,#11308,.F.);
#11308 = EDGE_CURVE('',#11309,#11311,#11313,.T.);
#11309 = VERTEX_POINT('',#11310);
#11310 = CARTESIAN_POINT('',(40.,-45.,-11.));
#11311 = VERTEX_POINT('',#11312);
#11312 = CARTESIAN_POINT('',(40.,-45.,11.));
#11313 = SURFACE_CURVE('',#11314,(#11318,#11330),.PCURVE_S1.);
#11314 = LINE('',#11315,#11316);
#11315 = CARTESIAN_POINT('',(40.,-45.,-11.));
#11316 = VECTOR('',#11317,1.);
#11317 = DIRECTION('',(0.,0.,1.));
#11318 = PCURVE('',#11319,#11324);
#11319 = PLANE('',#11320);
#11320 = AXIS2_PLACEMENT_3D('',#11321,#11322,#11323);
#11321 = CARTESIAN_POINT('',(40.,-45.,-11.));
#11322 = DIRECTION('',(1.,0.,-0.));
#11323 = DIRECTION('',(0.,0.,1.));
#11324 = DEFINITIONAL_REPRESENTATION('',(#11325),#11329);
#11325 = LINE('',#11326,#11327);
#11326 = CARTESIAN_POINT('',(0.,0.));
#11327 = VECTOR('',#11328,1.);
#11328 = DIRECTION('',(1.,0.));
#11329 = ( GEOMETRIC_REPRESENTATION_CONTEXT(2) 
PARAMETRIC_REPRESENTATION_CONTEXT() REPRESENTATION_CONTEXT('2D SPACE',''
  ) );
#11330 = PCURVE('',#11211,#11331);
#11331 = DEFINITIONAL_REPRESENTATION('',(#11332),#11336);
#11332 = LINE('',#11333,#11334);
#11333 = CARTESIAN_POINT('',(0.,80.));
#11334 = VECTOR('',#11335,1.);
#11335 = DIRECTION('',(1.,0.));
#11336 = ( GEOMETRIC_REPRESENTATION_CONTEXT(2) 
PARAMETRIC_REPRESENTATION_CONTEXT() REPRESENTATION_CONTEXT('2D SPACE',''
  ) );
#11337 = ORIENTED_EDGE('',*,*,#11338,.T.);
#11338 = EDGE_CURVE('',#11309,#11339,#11341,.T.);
#11339 = VERTEX_POINT('',#11340);
#11340 = CARTESIAN_POINT('',(40.,45.,-11.));
#11341 = SURFACE_CURVE('',#11342,(#11346,#11353),.PCURVE_S1.);
#11342 = LINE('',#11343,#11344);
#11343 = CARTESIAN_POINT('',(40.,-45.,-11.));
#11344 = VECTOR('',#11345,1.);
#11345 = DIRECTION('',(-0.,1.,0.));
#11346 = PCURVE('',#11319,#11347);
#11347 = DEFINITIONAL_REPRESENTATION('',(#11348),#11352);
#11348 = LINE('',#11349,#11350);
#11349 = CARTESIAN_POINT('',(0.,0.));
#11350 = VECTOR('',#11351,1.);
#11351 = DIRECTION('',(0.,-1.));
#11352 = ( GEOMETRIC_REPRESENTATION_CONTEXT(2) 
PARAMETRIC_REPRESENTATION_CONTEXT() REPRESENTATION_CONTEXT('2D SPACE',''
  ) );
#11353 = PCURVE('',#11239,#11354);
#11354 = DEFINITIONAL_REPRESENTATION('',(#11355),#11359);
#11355 = LINE('',#11356,#11357);
#11356 = CARTESIAN_POINT('',(80.,0.));
#11357 = VECTOR('',#11358,1.);
#11358 = DIRECTION('',(0.,1.));
#11359 = ( GEOMETRIC_REPRESENTATION_CONTEXT(2) 
PARAMETRIC_REPRESENTATION_CONTEXT() REPRESENTATION_CONTEXT('2D SPACE',''
  ) );
#11360 = ORIENTED_EDGE('',*,*,#11361,.T.);
#11361 = EDGE_CURVE('',#11339,#11362,#11364,.T.);
#11362 = VERTEX_POINT('',#11363);
#11363 = CARTESIAN_POINT('',(40.,45.,11.));
#11364 = SURFACE_CURVE('',#11365,(#11369,#11376),.PCURVE_S1.);
#11365 = LINE('',#11366,#11367);
#11366 = CARTESIAN_POINT('',(40.,45.,-11.));
#11367 = VECTOR('',#11368,1.);
#11368 = DIRECTION('',(0.,0.,1.));
#11369 = PCURVE('',#11319,#11370);
#11370 = DEFINITIONAL_REPRESENTATION('',(#11371),#11375);
#11371 = LINE('',#11372,#11373);
#11372 = CARTESIAN_POINT('',(0.,-90.));
#11373 = VECTOR('',#11374,1.);
#11374 = DIRECTION('',(1.,0.));
#11375 = ( GEOMETRIC_REPRESENTATION_CONTEXT(2) 
PARAMETRIC_REPRESENTATION_CONTEXT() REPRESENTATION_CONTEXT('2D SPACE',''
  ) );
#11376 = PCURVE('',#11267,#11377);
#11377 = DEFINITIONAL_REPRESENTATION('',(#11378),#11382);
#11378 = LINE('',#11379,#11380);
#11379 = CARTESIAN_POINT('',(0.,80.));
#11380 = VECTOR('',#11381,1.);
#11381 = DIRECTION('',(1.,0.));
#11382 = ( GEOMETRIC_REPRESENTATION_CONTEXT(2) 
PARAMETRIC_REPRESENTATION_CONTEXT() REPRESENTATION_CONTEXT('2D SPACE',''
  ) );
#11383 = ORIENTED_EDGE('',*,*,#11384,.F.);
#11384 = EDGE_CURVE('',#11311,#11362,#11385,.T.);
#11385 = SURFACE_CURVE('',#11386,(#11390,#11397),.PCURVE_S1.);
#11386 = LINE('',#11387,#11388);
#11387 = CARTESIAN_POINT('',(40.,-45.,11.));
#11388 = VECTOR('',#11389,1.);
#11389 = DIRECTION('',(-0.,1.,0.));
#11390 = PCURVE('',#11319,#11391);
#11391 = DEFINITIONAL_REPRESENTATION('',(#11392),#11396);
#11392 = LINE('',#11393,#11394);
#11393 = CARTESIAN_POINT('',(22.,0.));
#11394 = VECTOR('',#11395,1.);
#11395 = DIRECTION('',(0.,-1.));
#11396 = ( GEOMETRIC_REPRESENTATION_CONTEXT(2) 
PARAMETRIC_REPRESENTATION_CONTEXT() REPRESENTATION_CONTEXT('2D SPACE',''
  ) );
#11397 = PCURVE('',#11293,#11398);
#11398 = DEFINITIONAL_REPRESENTATION('',(#11399),#11403);
#11399 = LINE('',#11400,#11401);
#11400 = CARTESIAN_POINT('',(80.,0.));
#11401 = VECTOR('',#11402,1.);
#11402 = DIRECTION('',(0.,1.));
#11403 = ( GEOMETRIC_REPRESENTATION_CONTEXT(2) 
PARAMETRIC_REPRESENTATION_CONTEXT() REPRESENTATION_CONTEXT('2D SPACE',''
  ) );
#11404 = ADVANCED_FACE('',(#11405),#11211,.F.);
#11405 = FACE_BOUND('',#11406,.F.);
#11406 = EDGE_LOOP('',(#11407,#11428,#11429,#11450));
#11407 = ORIENTED_EDGE('',*,*,#11408,.F.);
#11408 = EDGE_CURVE('',#11189,#11309,#11409,.T.);
#11409 = SURFACE_CURVE('',#11410,(#11414,#11421),.PCURVE_S1.);
#11410 = LINE('',#11411,#11412);
#11411 = CARTESIAN_POINT('',(-40.,-45.,-11.));
#11412 = VECTOR('',#11413,1.);
#11413 = DIRECTION('',(1.,0.,-0.));
#11414 = PCURVE('',#11211,#11415);
#11415 = DEFINITIONAL_REPRESENTATION('',(#11416),#11420);
#11416 = LINE('',#11417,#11418);
#11417 = CARTESIAN_POINT('',(0.,0.));
#11418 = VECTOR('',#11419,1.);
#11419 = DIRECTION('',(0.,1.));
#11420 = ( GEOMETRIC_REPRESENTATION_CONTEXT(2) 
PARAMETRIC_REPRESENTATION_CONTEXT() REPRESENTATION_CONTEXT('2D SPACE',''
  ) );
#11421 = PCURVE('',#11239,#11422);
#11422 = DEFINITIONAL_REPRESENTATION('',(#11423),#11427);
#11423 = LINE('',#11424,#11425);
#11424 = CARTESIAN_POINT('',(0.,0.));
#11425 = VECTOR('',#11426,1.);
#11426 = DIRECTION('',(1.,0.));
#11427 = ( GEOMETRIC_REPRESENTATION_CONTEXT(2) 
PARAMETRIC_REPRESENTATION_CONTEXT() REPRESENTATION_CONTEXT('2D SPACE',''
  ) );
#11428 = ORIENTED_EDGE('',*,*,#11188,.T.);
#11429 = ORIENTED_EDGE('',*,*,#11430,.T.);
#11430 = EDGE_CURVE('',#11191,#11311,#11431,.T.);
#11431 = SURFACE_CURVE('',#11432,(#11436,#11443),.PCURVE_S1.);
#11432 = LINE('',#11433,#11434);
#11433 = CARTESIAN_POINT('',(-40.,-45.,11.));
#11434 = VECTOR('',#11435,1.);
#11435 = DIRECTION('',(1.,0.,-0.));
#11436 = PCURVE('',#11211,#11437);
#11437 = DEFINITIONAL_REPRESENTATION('',(#11438),#11442);
#11438 = LINE('',#11439,#11440);
#11439 = CARTESIAN_POINT('',(22.,0.));
#11440 = VECTOR('',#11441,1.);
#11441 = DIRECTION('',(0.,1.));
#11442 = ( GEOMETRIC_REPRESENTATION_CONTEXT(2) 
PARAMETRIC_REPRESENTATION_CONTEXT() REPRESENTATION_CONTEXT('2D SPACE',''
  ) );
#11443 = PCURVE('',#11293,#11444);
#11444 = DEFINITIONAL_REPRESENTATION('',(#11445),#11449);
#11445 = LINE('',#11446,#11447);
#11446 = CARTESIAN_POINT('',(0.,0.));
#11447 = VECTOR('',#11448,1.);
#11448 = DIRECTION('',(1.,0.));
#11449 = ( GEOMETRIC_REPRESENTATION_CONTEXT(2) 
PARAMETRIC_REPRESENTATION_CONTEXT() REPRESENTATION_CONTEXT('2D SPACE',''
  ) );
#11450 = ORIENTED_EDGE('',*,*,#11308,.F.);
#11451 = ADVANCED_FACE('',(#11452),#11267,.T.);
#11452 = FACE_BOUND('',#11453,.T.);
#11453 = EDGE_LOOP('',(#11454,#11475,#11476,#11497));
#11454 = ORIENTED_EDGE('',*,*,#11455,.F.);
#11455 = EDGE_CURVE('',#11224,#11339,#11456,.T.);
#11456 = SURFACE_CURVE('',#11457,(#11461,#11468),.PCURVE_S1.);
#11457 = LINE('',#11458,#11459);
#11458 = CARTESIAN_POINT('',(-40.,45.,-11.));
#11459 = VECTOR('',#11460,1.);
#11460 = DIRECTION('',(1.,0.,-0.));
#11461 = PCURVE('',#11267,#11462);
#11462 = DEFINITIONAL_REPRESENTATION('',(#11463),#11467);
#11463 = LINE('',#11464,#11465);
#11464 = CARTESIAN_POINT('',(0.,0.));
#11465 = VECTOR('',#11466,1.);
#11466 = DIRECTION('',(0.,1.));
#11467 = ( GEOMETRIC_REPRESENTATION_CONTEXT(2) 
PARAMETRIC_REPRESENTATION_CONTEXT() REPRESENTATION_CONTEXT('2D SPACE',''
  ) );
#11468 = PCURVE('',#11239,#11469);
#11469 = DEFINITIONAL_REPRESENTATION('',(#11470),#11474);
#11470 = LINE('',#11471,#11472);
#11471 = CARTESIAN_POINT('',(0.,90.));
#11472 = VECTOR('',#11473,1.);
#11473 = DIRECTION('',(1.,0.));
#11474 = ( GEOMETRIC_REPRESENTATION_CONTEXT(2) 
PARAMETRIC_REPRESENTATION_CONTEXT() REPRESENTATION_CONTEXT('2D SPACE',''
  ) );
#11475 = ORIENTED_EDGE('',*,*,#11251,.T.);
#11476 = ORIENTED_EDGE('',*,*,#11477,.T.);
#11477 = EDGE_CURVE('',#11252,#11362,#11478,.T.);
#11478 = SURFACE_CURVE('',#11479,(#11483,#11490),.PCURVE_S1.);
#11479 = LINE('',#11480,#11481);
#11480 = CARTESIAN_POINT('',(-40.,45.,11.));
#11481 = VECTOR('',#11482,1.);
#11482 = DIRECTION('',(1.,0.,-0.));
#11483 = PCURVE('',#11267,#11484);
#11484 = DEFINITIONAL_REPRESENTATION('',(#11485),#11489);
#11485 = LINE('',#11486,#11487);
#11486 = CARTESIAN_POINT('',(22.,0.));
#11487 = VECTOR('',#11488,1.);
#11488 = DIRECTION('',(0.,1.));
#11489 = ( GEOMETRIC_REPRESENTATION_CONTEXT(2) 
PARAMETRIC_REPRESENTATION_CONTEXT() REPRESENTATION_CONTEXT('2D SPACE',''
  ) );
#11490 = PCURVE('',#11293,#11491);
#11491 = DEFINITIONAL_REPRESENTATION('',(#11492),#11496);
#11492 = LINE('',#11493,#11494);
#11493 = CARTESIAN_POINT('',(0.,90.));
#11494 = VECTOR('',#11495,1.);
#11495 = DIRECTION('',(1.,0.));
#11496 = ( GEOMETRIC_REPRESENTATION_CONTEXT(2) 
PARAMETRIC_REPRESENTATION_CONTEXT() REPRESENTATION_CONTEXT('2D SPACE',''
  ) );
#11497 = ORIENTED_EDGE('',*,*,#11361,.F.);
#11498 = ADVANCED_FACE('',(#11499),#11239,.F.);
#11499 = FACE_BOUND('',#11500,.F.);
#11500 = EDGE_LOOP('',(#11501,#11502,#11503,#11504));
#11501 = ORIENTED_EDGE('',*,*,#11223,.F.);
#11502 = ORIENTED_EDGE('',*,*,#11408,.T.);
#11503 = ORIENTED_EDGE('',*,*,#11338,.T.);
#11504 = ORIENTED_EDGE('',*,*,#11455,.F.);
#11505 = ADVANCED_FACE('',(#11506),#11293,.T.);
#11506 = FACE_BOUND('',#11507,.T.);
#11507 = EDGE_LOOP('',(#11508,#11509,#11510,#11511));
#11508 = ORIENTED_EDGE('',*,*,#11279,.F.);
#11509 = ORIENTED_EDGE('',*,*,#11430,.T.);
#11510 = ORIENTED_EDGE('',*,*,#11384,.T.);
#11511 = ORIENTED_EDGE('',*,*,#11477,.F.);
#11512 = ( GEOMETRIC_REPRESENTATION_CONTEXT(3) 
GLOBAL_UNCERTAINTY_ASSIGNED_CONTEXT((#11516)) 
GLOBAL_UNIT_ASSIGNED_CONTEXT((#11513,#11514,#11515)) 
REPRESENTATION_CONTEXT('Context #1',
  '3D Context with UNIT and UNCERTAINTY') );
#11513 = ( LENGTH_UNIT() NAMED_UNIT(*) SI_UNIT(.MILLI.,.METRE.) );
#11514 = ( NAMED_UNIT(*) PLANE_ANGLE_UNIT() SI_UNIT($,.RADIAN.) );
#11515 = ( NAMED_UNIT(*) SI_UNIT($,.STERADIAN.) SOLID_ANGLE_UNIT() );
#11516 = UNCERTAINTY_MEASURE_WITH_UNIT(LENGTH_MEASURE(1.E-07),#11513,
  'distance_accuracy_value','confusion accuracy');
#11517 = CONTEXT_DEPENDENT_SHAPE_REPRESENTATION(#11518,#11520);
#11518 = ( REPRESENTATION_RELATIONSHIP('','',#11181,#10237) 
REPRESENTATION_RELATIONSHIP_WITH_TRANSFORMATION(#11519) 
SHAPE_REPRESENTATION_RELATIONSHIP() );
#11519 = ITEM_DEFINED_TRANSFORMATION('','',#11,#10258);
#11520 = PRODUCT_DEFINITION_SHAPE('Placement','Placement of an item',
  #11521);
#11521 = NEXT_ASSEMBLY_USAGE_OCCURRENCE('211','=>[0:1:1:91]','',#10232,
  #11176,$);
#11522 = PRODUCT_RELATED_PRODUCT_CATEGORY('part',$,(#11178));
#11523 = SHAPE_DEFINITION_REPRESENTATION(#11524,#11530);
#11524 = PRODUCT_DEFINITION_SHAPE('','',#11525);
#11525 = PRODUCT_DEFINITION('design','',#11526,#11529);
#11526 = PRODUCT_DEFINITION_FORMATION('','',#11527);
#11527 = PRODUCT('COMPOUND','COMPOUND','',(#11528));
#11528 = PRODUCT_CONTEXT('',#2,'mechanical');
#11529 = PRODUCT_DEFINITION_CONTEXT('part definition',#2,'design');
#11530 = SHAPE_REPRESENTATION('',(#11,#11531,#11535,#11539),#11543);
#11531 = AXIS2_PLACEMENT_3D('',#11532,#11533,#11534);
#11532 = CARTESIAN_POINT('',(0.,0.,0.));
#11533 = DIRECTION('',(0.,0.,1.));
#11534 = DIRECTION('',(1.,0.,-0.));
#11535 = AXIS2_PLACEMENT_3D('',#11536,#11537,#11538);
#11536 = CARTESIAN_POINT('',(0.,0.,0.));
#11537 = DIRECTION('',(0.,0.,1.));
#11538 = DIRECTION('',(1.,0.,-0.));
#11539 = AXIS2_PLACEMENT_3D('',#11540,#11541,#11542);
#11540 = CARTESIAN_POINT('',(0.,0.,0.));
#11541 = DIRECTION('',(0.,0.,1.));
#11542 = DIRECTION('',(1.,0.,-0.));
#11543 = ( GEOMETRIC_REPRESENTATION_CONTEXT(3) 
GLOBAL_UNCERTAINTY_ASSIGNED_CONTEXT((#11547)) 
GLOBAL_UNIT_ASSIGNED_CONTEXT((#11544,#11545,#11546)) 
REPRESENTATION_CONTEXT('Context #1',
  '3D Context with UNIT and UNCERTAINTY') );
#11544 = ( LENGTH_UNIT() NAMED_UNIT(*) SI_UNIT(.MILLI.,.METRE.) );
#11545 = ( NAMED_UNIT(*) PLANE_ANGLE_UNIT() SI_UNIT($,.RADIAN.) );
#11546 = ( NAMED_UNIT(*) SI_UNIT($,.STERADIAN.) SOLID_ANGLE_UNIT() );
#11547 = UNCERTAINTY_MEASURE_WITH_UNIT(LENGTH_MEASURE(1.E-07),#11544,
  'distance_accuracy_value','confusion accuracy');
#11548 = CONTEXT_DEPENDENT_SHAPE_REPRESENTATION(#11549,#11551);
#11549 = ( REPRESENTATION_RELATIONSHIP('','',#11530,#10) 
REPRESENTATION_RELATIONSHIP_WITH_TRANSFORMATION(#11550) 
SHAPE_REPRESENTATION_RELATIONSHIP() );
#11550 = ITEM_DEFINED_TRANSFORMATION('','',#11,#55);
#11551 = PRODUCT_DEFINITION_SHAPE('Placement','Placement of an item',
  #11552);
#11552 = NEXT_ASSEMBLY_USAGE_OCCURRENCE('216','=>[0:1:1:92]','',#5,
  #11525,$);
#11553 = PRODUCT_RELATED_PRODUCT_CATEGORY('part',$,(#11527));
#11554 = SHAPE_DEFINITION_REPRESENTATION(#11555,#11561);
#11555 = PRODUCT_DEFINITION_SHAPE('','',#11556);
#11556 = PRODUCT_DEFINITION('design','',#11557,#11560);
#11557 = PRODUCT_DEFINITION_FORMATION('','',#11558);
#11558 = PRODUCT('SOLID','SOLID','',(#11559));
#11559 = PRODUCT_CONTEXT('',#2,'mechanical');
#11560 = PRODUCT_DEFINITION_CONTEXT('part definition',#2,'design');
#11561 = ADVANCED_BREP_SHAPE_REPRESENTATION('',(#11,#11562),#11744);
#11562 = MANIFOLD_SOLID_BREP('',#11563);
#11563 = CLOSED_SHELL('',(#11564,#11652,#11687,#11717));
#11564 = ADVANCED_FACE('',(#11565),#11578,.T.);
#11565 = FACE_BOUND('',#11566,.T.);
#11566 = EDGE_LOOP('',(#11567,#11601,#11624,#11651));
#11567 = ORIENTED_EDGE('',*,*,#11568,.F.);
#11568 = EDGE_CURVE('',#11569,#11569,#11571,.T.);
#11569 = VERTEX_POINT('',#11570);
#11570 = CARTESIAN_POINT('',(-9.69141207528E-15,-46.,289.56819256796));
#11571 = SURFACE_CURVE('',#11572,(#11577,#11589),.PCURVE_S1.);
#11572 = CIRCLE('',#11573,39.568192567962);
#11573 = AXIS2_PLACEMENT_3D('',#11574,#11575,#11576);
#11574 = CARTESIAN_POINT('',(0.,-46.,250.));
#11575 = DIRECTION('',(0.,1.,0.));
#11576 = DIRECTION('',(0.,-0.,1.));
#11577 = PCURVE('',#11578,#11583);
#11578 = CYLINDRICAL_SURFACE('',#11579,39.568192567962);
#11579 = AXIS2_PLACEMENT_3D('',#11580,#11581,#11582);
#11580 = CARTESIAN_POINT('',(0.,-50.,250.));
#11581 = DIRECTION('',(0.,1.,0.));
#11582 = DIRECTION('',(0.,-0.,1.));
#11583 = DEFINITIONAL_REPRESENTATION('',(#11584),#11588);
#11584 = LINE('',#11585,#11586);
#11585 = CARTESIAN_POINT('',(0.,4.));
#11586 = VECTOR('',#11587,1.);
#11587 = DIRECTION('',(1.,0.));
#11588 = ( GEOMETRIC_REPRESENTATION_CONTEXT(2) 
PARAMETRIC_REPRESENTATION_CONTEXT() REPRESENTATION_CONTEXT('2D SPACE',''
  ) );
#11589 = PCURVE('',#11590,#11595);
#11590 = PLANE('',#11591);
#11591 = AXIS2_PLACEMENT_3D('',#11592,#11593,#11594);
#11592 = CARTESIAN_POINT('',(0.,-46.,250.));
#11593 = DIRECTION('',(0.,1.,0.));
#11594 = DIRECTION('',(0.,-0.,1.));
#11595 = DEFINITIONAL_REPRESENTATION('',(#11596),#11600);
#11596 = CIRCLE('',#11597,39.568192567962);
#11597 = AXIS2_PLACEMENT_2D('',#11598,#11599);
#11598 = CARTESIAN_POINT('',(0.,0.));
#11599 = DIRECTION('',(1.,0.));
#11600 = ( GEOMETRIC_REPRESENTATION_CONTEXT(2) 
PARAMETRIC_REPRESENTATION_CONTEXT() REPRESENTATION_CONTEXT('2D SPACE',''
  ) );
#11601 = ORIENTED_EDGE('',*,*,#11602,.F.);
#11602 = EDGE_CURVE('',#11603,#11569,#11605,.T.);
#11603 = VERTEX_POINT('',#11604);
#11604 = CARTESIAN_POINT('',(-9.69141207528E-15,-50.,289.56819256796));
#11605 = SEAM_CURVE('',#11606,(#11610,#11617),.PCURVE_S1.);
#11606 = LINE('',#11607,#11608);
#11607 = CARTESIAN_POINT('',(-9.69141207528E-15,-50.,289.56819256796));
#11608 = VECTOR('',#11609,1.);
#11609 = DIRECTION('',(0.,1.,0.));
#11610 = PCURVE('',#11578,#11611);
#11611 = DEFINITIONAL_REPRESENTATION('',(#11612),#11616);
#11612 = LINE('',#11613,#11614);
#11613 = CARTESIAN_POINT('',(6.28318530718,-0.));
#11614 = VECTOR('',#11615,1.);
#11615 = DIRECTION('',(0.,1.));
#11616 = ( GEOMETRIC_REPRESENTATION_CONTEXT(2) 
PARAMETRIC_REPRESENTATION_CONTEXT() REPRESENTATION_CONTEXT('2D SPACE',''
  ) );
#11617 = PCURVE('',#11578,#11618);
#11618 = DEFINITIONAL_REPRESENTATION('',(#11619),#11623);
#11619 = LINE('',#11620,#11621);
#11620 = CARTESIAN_POINT('',(0.,-0.));
#11621 = VECTOR('',#11622,1.);
#11622 = DIRECTION('',(0.,1.));
#11623 = ( GEOMETRIC_REPRESENTATION_CONTEXT(2) 
PARAMETRIC_REPRESENTATION_CONTEXT() REPRESENTATION_CONTEXT('2D SPACE',''
  ) );
#11624 = ORIENTED_EDGE('',*,*,#11625,.T.);
#11625 = EDGE_CURVE('',#11603,#11603,#11626,.T.);
#11626 = SURFACE_CURVE('',#11627,(#11632,#11639),.PCURVE_S1.);
#11627 = CIRCLE('',#11628,39.568192567962);
#11628 = AXIS2_PLACEMENT_3D('',#11629,#11630,#11631);
#11629 = CARTESIAN_POINT('',(0.,-50.,250.));
#11630 = DIRECTION('',(0.,1.,0.));
#11631 = DIRECTION('',(0.,-0.,1.));
#11632 = PCURVE('',#11578,#11633);
#11633 = DEFINITIONAL_REPRESENTATION('',(#11634),#11638);
#11634 = LINE('',#11635,#11636);
#11635 = CARTESIAN_POINT('',(0.,0.));
#11636 = VECTOR('',#11637,1.);
#11637 = DIRECTION('',(1.,0.));
#11638 = ( GEOMETRIC_REPRESENTATION_CONTEXT(2) 
PARAMETRIC_REPRESENTATION_CONTEXT() REPRESENTATION_CONTEXT('2D SPACE',''
  ) );
#11639 = PCURVE('',#11640,#11645);
#11640 = PLANE('',#11641);
#11641 = AXIS2_PLACEMENT_3D('',#11642,#11643,#11644);
#11642 = CARTESIAN_POINT('',(0.,-50.,250.));
#11643 = DIRECTION('',(0.,1.,0.));
#11644 = DIRECTION('',(0.,-0.,1.));
#11645 = DEFINITIONAL_REPRESENTATION('',(#11646),#11650);
#11646 = CIRCLE('',#11647,39.568192567962);
#11647 = AXIS2_PLACEMENT_2D('',#11648,#11649);
#11648 = CARTESIAN_POINT('',(0.,0.));
#11649 = DIRECTION('',(1.,0.));
#11650 = ( GEOMETRIC_REPRESENTATION_CONTEXT(2) 
PARAMETRIC_REPRESENTATION_CONTEXT() REPRESENTATION_CONTEXT('2D SPACE',''
  ) );
#11651 = ORIENTED_EDGE('',*,*,#11602,.T.);
#11652 = ADVANCED_FACE('',(#11653,#11656),#11590,.T.);
#11653 = FACE_BOUND('',#11654,.T.);
#11654 = EDGE_LOOP('',(#11655));
#11655 = ORIENTED_EDGE('',*,*,#11568,.T.);
#11656 = FACE_BOUND('',#11657,.T.);
#11657 = EDGE_LOOP('',(#11658));
#11658 = ORIENTED_EDGE('',*,*,#11659,.F.);
#11659 = EDGE_CURVE('',#11660,#11660,#11662,.T.);
#11660 = VERTEX_POINT('',#11661);
#11661 = CARTESIAN_POINT('',(-4.40872847693E-15,-46.,268.));
#11662 = SURFACE_CURVE('',#11663,(#11668,#11675),.PCURVE_S1.);
#11663 = CIRCLE('',#11664,18.);
#11664 = AXIS2_PLACEMENT_3D('',#11665,#11666,#11667);
#11665 = CARTESIAN_POINT('',(0.,-46.,250.));
#11666 = DIRECTION('',(0.,1.,0.));
#11667 = DIRECTION('',(0.,-0.,1.));
#11668 = PCURVE('',#11590,#11669);
#11669 = DEFINITIONAL_REPRESENTATION('',(#11670),#11674);
#11670 = CIRCLE('',#11671,18.);
#11671 = AXIS2_PLACEMENT_2D('',#11672,#11673);
#11672 = CARTESIAN_POINT('',(0.,0.));
#11673 = DIRECTION('',(1.,0.));
#11674 = ( GEOMETRIC_REPRESENTATION_CONTEXT(2) 
PARAMETRIC_REPRESENTATION_CONTEXT() REPRESENTATION_CONTEXT('2D SPACE',''
  ) );
#11675 = PCURVE('',#11676,#11681);
#11676 = CYLINDRICAL_SURFACE('',#11677,18.);
#11677 = AXIS2_PLACEMENT_3D('',#11678,#11679,#11680);
#11678 = CARTESIAN_POINT('',(0.,-50.,250.));
#11679 = DIRECTION('',(0.,1.,0.));
#11680 = DIRECTION('',(0.,-0.,1.));
#11681 = DEFINITIONAL_REPRESENTATION('',(#11682),#11686);
#11682 = LINE('',#11683,#11684);
#11683 = CARTESIAN_POINT('',(0.,4.));
#11684 = VECTOR('',#11685,1.);
#11685 = DIRECTION('',(1.,0.));
#11686 = ( GEOMETRIC_REPRESENTATION_CONTEXT(2) 
PARAMETRIC_REPRESENTATION_CONTEXT() REPRESENTATION_CONTEXT('2D SPACE',''
  ) );
#11687 = ADVANCED_FACE('',(#11688,#11691),#11640,.F.);
#11688 = FACE_BOUND('',#11689,.F.);
#11689 = EDGE_LOOP('',(#11690));
#11690 = ORIENTED_EDGE('',*,*,#11625,.T.);
#11691 = FACE_BOUND('',#11692,.F.);
#11692 = EDGE_LOOP('',(#11693));
#11693 = ORIENTED_EDGE('',*,*,#11694,.F.);
#11694 = EDGE_CURVE('',#11695,#11695,#11697,.T.);
#11695 = VERTEX_POINT('',#11696);
#11696 = CARTESIAN_POINT('',(-4.40872847693E-15,-50.,268.));
#11697 = SURFACE_CURVE('',#11698,(#11703,#11710),.PCURVE_S1.);
#11698 = CIRCLE('',#11699,18.);
#11699 = AXIS2_PLACEMENT_3D('',#11700,#11701,#11702);
#11700 = CARTESIAN_POINT('',(0.,-50.,250.));
#11701 = DIRECTION('',(0.,1.,0.));
#11702 = DIRECTION('',(0.,-0.,1.));
#11703 = PCURVE('',#11640,#11704);
#11704 = DEFINITIONAL_REPRESENTATION('',(#11705),#11709);
#11705 = CIRCLE('',#11706,18.);
#11706 = AXIS2_PLACEMENT_2D('',#11707,#11708);
#11707 = CARTESIAN_POINT('',(0.,0.));
#11708 = DIRECTION('',(1.,0.));
#11709 = ( GEOMETRIC_REPRESENTATION_CONTEXT(2) 
PARAMETRIC_REPRESENTATION_CONTEXT() REPRESENTATION_CONTEXT('2D SPACE',''
  ) );
#11710 = PCURVE('',#11676,#11711);
#11711 = DEFINITIONAL_REPRESENTATION('',(#11712),#11716);
#11712 = LINE('',#11713,#11714);
#11713 = CARTESIAN_POINT('',(0.,0.));
#11714 = VECTOR('',#11715,1.);
#11715 = DIRECTION('',(1.,0.));
#11716 = ( GEOMETRIC_REPRESENTATION_CONTEXT(2) 
PARAMETRIC_REPRESENTATION_CONTEXT() REPRESENTATION_CONTEXT('2D SPACE',''
  ) );
#11717 = ADVANCED_FACE('',(#11718),#11676,.F.);
#11718 = FACE_BOUND('',#11719,.F.);
#11719 = EDGE_LOOP('',(#11720,#11721,#11742,#11743));
#11720 = ORIENTED_EDGE('',*,*,#11659,.F.);
#11721 = ORIENTED_EDGE('',*,*,#11722,.F.);
#11722 = EDGE_CURVE('',#11695,#11660,#11723,.T.);
#11723 = SEAM_CURVE('',#11724,(#11728,#11735),.PCURVE_S1.);
#11724 = LINE('',#11725,#11726);
#11725 = CARTESIAN_POINT('',(-4.40872847693E-15,-50.,268.));
#11726 = VECTOR('',#11727,1.);
#11727 = DIRECTION('',(0.,1.,0.));
#11728 = PCURVE('',#11676,#11729);
#11729 = DEFINITIONAL_REPRESENTATION('',(#11730),#11734);
#11730 = LINE('',#11731,#11732);
#11731 = CARTESIAN_POINT('',(6.28318530718,-0.));
#11732 = VECTOR('',#11733,1.);
#11733 = DIRECTION('',(0.,1.));
#11734 = ( GEOMETRIC_REPRESENTATION_CONTEXT(2) 
PARAMETRIC_REPRESENTATION_CONTEXT() REPRESENTATION_CONTEXT('2D SPACE',''
  ) );
#11735 = PCURVE('',#11676,#11736);
#11736 = DEFINITIONAL_REPRESENTATION('',(#11737),#11741);
#11737 = LINE('',#11738,#11739);
#11738 = CARTESIAN_POINT('',(0.,-0.));
#11739 = VECTOR('',#11740,1.);
#11740 = DIRECTION('',(0.,1.));
#11741 = ( GEOMETRIC_REPRESENTATION_CONTEXT(2) 
PARAMETRIC_REPRESENTATION_CONTEXT() REPRESENTATION_CONTEXT('2D SPACE',''
  ) );
#11742 = ORIENTED_EDGE('',*,*,#11694,.T.);
#11743 = ORIENTED_EDGE('',*,*,#11722,.T.);
#11744 = ( GEOMETRIC_REPRESENTATION_CONTEXT(3) 
GLOBAL_UNCERTAINTY_ASSIGNED_CONTEXT((#11748)) 
GLOBAL_UNIT_ASSIGNED_CONTEXT((#11745,#11746,#11747)) 
REPRESENTATION_CONTEXT('Context #1',
  '3D Context with UNIT and UNCERTAINTY') );
#11745 = ( LENGTH_UNIT() NAMED_UNIT(*) SI_UNIT(.MILLI.,.METRE.) );
#11746 = ( NAMED_UNIT(*) PLANE_ANGLE_UNIT() SI_UNIT($,.RADIAN.) );
#11747 = ( NAMED_UNIT(*) SI_UNIT($,.STERADIAN.) SOLID_ANGLE_UNIT() );
#11748 = UNCERTAINTY_MEASURE_WITH_UNIT(LENGTH_MEASURE(1.E-07),#11745,
  'distance_accuracy_value','confusion accuracy');
#11749 = CONTEXT_DEPENDENT_SHAPE_REPRESENTATION(#11750,#11752);
#11750 = ( REPRESENTATION_RELATIONSHIP('','',#11561,#11530) 
REPRESENTATION_RELATIONSHIP_WITH_TRANSFORMATION(#11751) 
SHAPE_REPRESENTATION_RELATIONSHIP() );
#11751 = ITEM_DEFINED_TRANSFORMATION('','',#11,#11531);
#11752 = PRODUCT_DEFINITION_SHAPE('Placement','Placement of an item',
  #11753);
#11753 = NEXT_ASSEMBLY_USAGE_OCCURRENCE('213','=>[0:1:1:93]','',#11525,
  #11556,$);
#11754 = PRODUCT_RELATED_PRODUCT_CATEGORY('part',$,(#11558));
#11755 = SHAPE_DEFINITION_REPRESENTATION(#11756,#11762);
#11756 = PRODUCT_DEFINITION_SHAPE('','',#11757);
#11757 = PRODUCT_DEFINITION('design','',#11758,#11761);
#11758 = PRODUCT_DEFINITION_FORMATION('','',#11759);
#11759 = PRODUCT('SOLID','SOLID','',(#11760));
#11760 = PRODUCT_CONTEXT('',#2,'mechanical');
#11761 = PRODUCT_DEFINITION_CONTEXT('part definition',#2,'design');
#11762 = ADVANCED_BREP_SHAPE_REPRESENTATION('',(#11,#11763),#11861);
#11763 = MANIFOLD_SOLID_BREP('',#11764);
#11764 = CLOSED_SHELL('',(#11765,#11853,#11857));
#11765 = ADVANCED_FACE('',(#11766),#11779,.T.);
#11766 = FACE_BOUND('',#11767,.T.);
#11767 = EDGE_LOOP('',(#11768,#11802,#11825,#11852));
#11768 = ORIENTED_EDGE('',*,*,#11769,.F.);
#11769 = EDGE_CURVE('',#11770,#11770,#11772,.T.);
#11770 = VERTEX_POINT('',#11771);
#11771 = CARTESIAN_POINT('',(-0.191597779833,-48.,209.43639878075));
#11772 = SURFACE_CURVE('',#11773,(#11778,#11790),.PCURVE_S1.);
#11773 = CIRCLE('',#11774,4.);
#11774 = AXIS2_PLACEMENT_3D('',#11775,#11776,#11777);
#11775 = CARTESIAN_POINT('',(-5.684341886081E-14,-48.,213.43180743203));
#11776 = DIRECTION('',(-0.998852162821,0.,4.789944495832E-02));
#11777 = DIRECTION('',(-4.789944495832E-02,0.,-0.998852162821));
#11778 = PCURVE('',#11779,#11784);
#11779 = CYLINDRICAL_SURFACE('',#11780,4.);
#11780 = AXIS2_PLACEMENT_3D('',#11781,#11782,#11783);
#11781 = CARTESIAN_POINT('',(379.86839826445,-48.,195.21541254264));
#11782 = DIRECTION('',(-0.998852162821,0.,4.789944495832E-02));
#11783 = DIRECTION('',(-4.789944495832E-02,0.,-0.998852162821));
#11784 = DEFINITIONAL_REPRESENTATION('',(#11785),#11789);
#11785 = LINE('',#11786,#11787);
#11786 = CARTESIAN_POINT('',(0.,380.30492639823));
#11787 = VECTOR('',#11788,1.);
#11788 = DIRECTION('',(1.,0.));
#11789 = ( GEOMETRIC_REPRESENTATION_CONTEXT(2) 
PARAMETRIC_REPRESENTATION_CONTEXT() REPRESENTATION_CONTEXT('2D SPACE',''
  ) );
#11790 = PCURVE('',#11791,#11796);
#11791 = PLANE('',#11792);
#11792 = AXIS2_PLACEMENT_3D('',#11793,#11794,#11795);
#11793 = CARTESIAN_POINT('',(-5.684341886081E-14,-48.,213.43180743203));
#11794 = DIRECTION('',(-0.998852162821,0.,4.789944495832E-02));
#11795 = DIRECTION('',(-4.789944495832E-02,0.,-0.998852162821));
#11796 = DEFINITIONAL_REPRESENTATION('',(#11797),#11801);
#11797 = CIRCLE('',#11798,4.);
#11798 = AXIS2_PLACEMENT_2D('',#11799,#11800);
#11799 = CARTESIAN_POINT('',(0.,0.));
#11800 = DIRECTION('',(1.,0.));
#11801 = ( GEOMETRIC_REPRESENTATION_CONTEXT(2) 
PARAMETRIC_REPRESENTATION_CONTEXT() REPRESENTATION_CONTEXT('2D SPACE',''
  ) );
#11802 = ORIENTED_EDGE('',*,*,#11803,.F.);
#11803 = EDGE_CURVE('',#11804,#11770,#11806,.T.);
#11804 = VERTEX_POINT('',#11805);
#11805 = CARTESIAN_POINT('',(379.67680048461,-48.,191.22000389136));
#11806 = SEAM_CURVE('',#11807,(#11811,#11818),.PCURVE_S1.);
#11807 = LINE('',#11808,#11809);
#11808 = CARTESIAN_POINT('',(379.67680048461,-48.,191.22000389136));
#11809 = VECTOR('',#11810,1.);
#11810 = DIRECTION('',(-0.998852162821,-1.54074395551E-33,
    4.789944495832E-02));
#11811 = PCURVE('',#11779,#11812);
#11812 = DEFINITIONAL_REPRESENTATION('',(#11813),#11817);
#11813 = LINE('',#11814,#11815);
#11814 = CARTESIAN_POINT('',(6.28318530718,-0.));
#11815 = VECTOR('',#11816,1.);
#11816 = DIRECTION('',(0.,1.));
#11817 = ( GEOMETRIC_REPRESENTATION_CONTEXT(2) 
PARAMETRIC_REPRESENTATION_CONTEXT() REPRESENTATION_CONTEXT('2D SPACE',''
  ) );
#11818 = PCURVE('',#11779,#11819);
#11819 = DEFINITIONAL_REPRESENTATION('',(#11820),#11824);
#11820 = LINE('',#11821,#11822);
#11821 = CARTESIAN_POINT('',(0.,-0.));
#11822 = VECTOR('',#11823,1.);
#11823 = DIRECTION('',(0.,1.));
#11824 = ( GEOMETRIC_REPRESENTATION_CONTEXT(2) 
PARAMETRIC_REPRESENTATION_CONTEXT() REPRESENTATION_CONTEXT('2D SPACE',''
  ) );
#11825 = ORIENTED_EDGE('',*,*,#11826,.T.);
#11826 = EDGE_CURVE('',#11804,#11804,#11827,.T.);
#11827 = SURFACE_CURVE('',#11828,(#11833,#11840),.PCURVE_S1.);
#11828 = CIRCLE('',#11829,4.);
#11829 = AXIS2_PLACEMENT_3D('',#11830,#11831,#11832);
#11830 = CARTESIAN_POINT('',(379.86839826445,-48.,195.21541254264));
#11831 = DIRECTION('',(-0.998852162821,0.,4.789944495832E-02));
#11832 = DIRECTION('',(-4.789944495832E-02,0.,-0.998852162821));
#11833 = PCURVE('',#11779,#11834);
#11834 = DEFINITIONAL_REPRESENTATION('',(#11835),#11839);
#11835 = LINE('',#11836,#11837);
#11836 = CARTESIAN_POINT('',(0.,0.));
#11837 = VECTOR('',#11838,1.);
#11838 = DIRECTION('',(1.,0.));
#11839 = ( GEOMETRIC_REPRESENTATION_CONTEXT(2) 
PARAMETRIC_REPRESENTATION_CONTEXT() REPRESENTATION_CONTEXT('2D SPACE',''
  ) );
#11840 = PCURVE('',#11841,#11846);
#11841 = PLANE('',#11842);
#11842 = AXIS2_PLACEMENT_3D('',#11843,#11844,#11845);
#11843 = CARTESIAN_POINT('',(379.86839826445,-48.,195.21541254264));
#11844 = DIRECTION('',(-0.998852162821,0.,4.789944495832E-02));
#11845 = DIRECTION('',(-4.789944495832E-02,0.,-0.998852162821));
#11846 = DEFINITIONAL_REPRESENTATION('',(#11847),#11851);
#11847 = CIRCLE('',#11848,4.);
#11848 = AXIS2_PLACEMENT_2D('',#11849,#11850);
#11849 = CARTESIAN_POINT('',(0.,0.));
#11850 = DIRECTION('',(1.,0.));
#11851 = ( GEOMETRIC_REPRESENTATION_CONTEXT(2) 
PARAMETRIC_REPRESENTATION_CONTEXT() REPRESENTATION_CONTEXT('2D SPACE',''
  ) );
#11852 = ORIENTED_EDGE('',*,*,#11803,.T.);
#11853 = ADVANCED_FACE('',(#11854),#11791,.T.);
#11854 = FACE_BOUND('',#11855,.T.);
#11855 = EDGE_LOOP('',(#11856));
#11856 = ORIENTED_EDGE('',*,*,#11769,.T.);
#11857 = ADVANCED_FACE('',(#11858),#11841,.F.);
#11858 = FACE_BOUND('',#11859,.T.);
#11859 = EDGE_LOOP('',(#11860));
#11860 = ORIENTED_EDGE('',*,*,#11826,.F.);
#11861 = ( GEOMETRIC_REPRESENTATION_CONTEXT(3) 
GLOBAL_UNCERTAINTY_ASSIGNED_CONTEXT((#11865)) 
GLOBAL_UNIT_ASSIGNED_CONTEXT((#11862,#11863,#11864)) 
REPRESENTATION_CONTEXT('Context #1',
  '3D Context with UNIT and UNCERTAINTY') );
#11862 = ( LENGTH_UNIT() NAMED_UNIT(*) SI_UNIT(.MILLI.,.METRE.) );
#11863 = ( NAMED_UNIT(*) PLANE_ANGLE_UNIT() SI_UNIT($,.RADIAN.) );
#11864 = ( NAMED_UNIT(*) SI_UNIT($,.STERADIAN.) SOLID_ANGLE_UNIT() );
#11865 = UNCERTAINTY_MEASURE_WITH_UNIT(LENGTH_MEASURE(1.E-07),#11862,
  'distance_accuracy_value','confusion accuracy');
#11866 = CONTEXT_DEPENDENT_SHAPE_REPRESENTATION(#11867,#11869);
#11867 = ( REPRESENTATION_RELATIONSHIP('','',#11762,#11530) 
REPRESENTATION_RELATIONSHIP_WITH_TRANSFORMATION(#11868) 
SHAPE_REPRESENTATION_RELATIONSHIP() );
#11868 = ITEM_DEFINED_TRANSFORMATION('','',#11,#11535);
#11869 = PRODUCT_DEFINITION_SHAPE('Placement','Placement of an item',
  #11870);
#11870 = NEXT_ASSEMBLY_USAGE_OCCURRENCE('214','=>[0:1:1:94]','',#11525,
  #11757,$);
#11871 = PRODUCT_RELATED_PRODUCT_CATEGORY('part',$,(#11759));
#11872 = SHAPE_DEFINITION_REPRESENTATION(#11873,#11879);
#11873 = PRODUCT_DEFINITION_SHAPE('','',#11874);
#11874 = PRODUCT_DEFINITION('design','',#11875,#11878);
#11875 = PRODUCT_DEFINITION_FORMATION('','',#11876);
#11876 = PRODUCT('SOLID','SOLID','',(#11877));
#11877 = PRODUCT_CONTEXT('',#2,'mechanical');
#11878 = PRODUCT_DEFINITION_CONTEXT('part definition',#2,'design');
#11879 = ADVANCED_BREP_SHAPE_REPRESENTATION('',(#11,#11880),#11978);
#11880 = MANIFOLD_SOLID_BREP('',#11881);
#11881 = CLOSED_SHELL('',(#11882,#11970,#11974));
#11882 = ADVANCED_FACE('',(#11883),#11896,.T.);
#11883 = FACE_BOUND('',#11884,.T.);
#11884 = EDGE_LOOP('',(#11885,#11919,#11942,#11969));
#11885 = ORIENTED_EDGE('',*,*,#11886,.F.);
#11886 = EDGE_CURVE('',#11887,#11887,#11889,.T.);
#11887 = VERTEX_POINT('',#11888);
#11888 = CARTESIAN_POINT('',(0.400396058065,-48.,282.58828264477));
#11889 = SURFACE_CURVE('',#11890,(#11895,#11907),.PCURVE_S1.);
#11890 = CIRCLE('',#11891,4.);
#11891 = AXIS2_PLACEMENT_3D('',#11892,#11893,#11894);
#11892 = CARTESIAN_POINT('',(-5.684341886081E-14,-48.,286.56819256796));
#11893 = DIRECTION('',(-0.994977480797,0.,-0.100099014516));
#11894 = DIRECTION('',(0.100099014516,0.,-0.994977480797));
#11895 = PCURVE('',#11896,#11901);
#11896 = CYLINDRICAL_SURFACE('',#11897,4.);
#11897 = AXIS2_PLACEMENT_3D('',#11898,#11899,#11900);
#11898 = CARTESIAN_POINT('',(379.86839826445,-48.,324.78458745735));
#11899 = DIRECTION('',(-0.994977480797,0.,-0.100099014516));
#11900 = DIRECTION('',(0.100099014516,0.,-0.994977480797));
#11901 = DEFINITIONAL_REPRESENTATION('',(#11902),#11906);
#11902 = LINE('',#11903,#11904);
#11903 = CARTESIAN_POINT('',(0.,381.78592540629));
#11904 = VECTOR('',#11905,1.);
#11905 = DIRECTION('',(1.,0.));
#11906 = ( GEOMETRIC_REPRESENTATION_CONTEXT(2) 
PARAMETRIC_REPRESENTATION_CONTEXT() REPRESENTATION_CONTEXT('2D SPACE',''
  ) );
#11907 = PCURVE('',#11908,#11913);
#11908 = PLANE('',#11909);
#11909 = AXIS2_PLACEMENT_3D('',#11910,#11911,#11912);
#11910 = CARTESIAN_POINT('',(-5.684341886081E-14,-48.,286.56819256796));
#11911 = DIRECTION('',(-0.994977480797,0.,-0.100099014516));
#11912 = DIRECTION('',(0.100099014516,0.,-0.994977480797));
#11913 = DEFINITIONAL_REPRESENTATION('',(#11914),#11918);
#11914 = CIRCLE('',#11915,4.);
#11915 = AXIS2_PLACEMENT_2D('',#11916,#11917);
#11916 = CARTESIAN_POINT('',(0.,0.));
#11917 = DIRECTION('',(1.,0.));
#11918 = ( GEOMETRIC_REPRESENTATION_CONTEXT(2) 
PARAMETRIC_REPRESENTATION_CONTEXT() REPRESENTATION_CONTEXT('2D SPACE',''
  ) );
#11919 = ORIENTED_EDGE('',*,*,#11920,.F.);
#11920 = EDGE_CURVE('',#11921,#11887,#11923,.T.);
#11921 = VERTEX_POINT('',#11922);
#11922 = CARTESIAN_POINT('',(380.26879432251,-48.,320.80467753416));
#11923 = SEAM_CURVE('',#11924,(#11928,#11935),.PCURVE_S1.);
#11924 = LINE('',#11925,#11926);
#11925 = CARTESIAN_POINT('',(380.26879432251,-48.,320.80467753416));
#11926 = VECTOR('',#11927,1.);
#11927 = DIRECTION('',(-0.994977480797,0.,-0.100099014516));
#11928 = PCURVE('',#11896,#11929);
#11929 = DEFINITIONAL_REPRESENTATION('',(#11930),#11934);
#11930 = LINE('',#11931,#11932);
#11931 = CARTESIAN_POINT('',(6.28318530718,-0.));
#11932 = VECTOR('',#11933,1.);
#11933 = DIRECTION('',(0.,1.));
#11934 = ( GEOMETRIC_REPRESENTATION_CONTEXT(2) 
PARAMETRIC_REPRESENTATION_CONTEXT() REPRESENTATION_CONTEXT('2D SPACE',''
  ) );
#11935 = PCURVE('',#11896,#11936);
#11936 = DEFINITIONAL_REPRESENTATION('',(#11937),#11941);
#11937 = LINE('',#11938,#11939);
#11938 = CARTESIAN_POINT('',(0.,-0.));
#11939 = VECTOR('',#11940,1.);
#11940 = DIRECTION('',(0.,1.));
#11941 = ( GEOMETRIC_REPRESENTATION_CONTEXT(2) 
PARAMETRIC_REPRESENTATION_CONTEXT() REPRESENTATION_CONTEXT('2D SPACE',''
  ) );
#11942 = ORIENTED_EDGE('',*,*,#11943,.T.);
#11943 = EDGE_CURVE('',#11921,#11921,#11944,.T.);
#11944 = SURFACE_CURVE('',#11945,(#11950,#11957),.PCURVE_S1.);
#11945 = CIRCLE('',#11946,4.);
#11946 = AXIS2_PLACEMENT_3D('',#11947,#11948,#11949);
#11947 = CARTESIAN_POINT('',(379.86839826445,-48.,324.78458745735));
#11948 = DIRECTION('',(-0.994977480797,0.,-0.100099014516));
#11949 = DIRECTION('',(0.100099014516,0.,-0.994977480797));
#11950 = PCURVE('',#11896,#11951);
#11951 = DEFINITIONAL_REPRESENTATION('',(#11952),#11956);
#11952 = LINE('',#11953,#11954);
#11953 = CARTESIAN_POINT('',(0.,0.));
#11954 = VECTOR('',#11955,1.);
#11955 = DIRECTION('',(1.,0.));
#11956 = ( GEOMETRIC_REPRESENTATION_CONTEXT(2) 
PARAMETRIC_REPRESENTATION_CONTEXT() REPRESENTATION_CONTEXT('2D SPACE',''
  ) );
#11957 = PCURVE('',#11958,#11963);
#11958 = PLANE('',#11959);
#11959 = AXIS2_PLACEMENT_3D('',#11960,#11961,#11962);
#11960 = CARTESIAN_POINT('',(379.86839826445,-48.,324.78458745735));
#11961 = DIRECTION('',(-0.994977480797,0.,-0.100099014516));
#11962 = DIRECTION('',(0.100099014516,0.,-0.994977480797));
#11963 = DEFINITIONAL_REPRESENTATION('',(#11964),#11968);
#11964 = CIRCLE('',#11965,4.);
#11965 = AXIS2_PLACEMENT_2D('',#11966,#11967);
#11966 = CARTESIAN_POINT('',(0.,0.));
#11967 = DIRECTION('',(1.,0.));
#11968 = ( GEOMETRIC_REPRESENTATION_CONTEXT(2) 
PARAMETRIC_REPRESENTATION_CONTEXT() REPRESENTATION_CONTEXT('2D SPACE',''
  ) );
#11969 = ORIENTED_EDGE('',*,*,#11920,.T.);
#11970 = ADVANCED_FACE('',(#11971),#11908,.T.);
#11971 = FACE_BOUND('',#11972,.T.);
#11972 = EDGE_LOOP('',(#11973));
#11973 = ORIENTED_EDGE('',*,*,#11886,.T.);
#11974 = ADVANCED_FACE('',(#11975),#11958,.F.);
#11975 = FACE_BOUND('',#11976,.T.);
#11976 = EDGE_LOOP('',(#11977));
#11977 = ORIENTED_EDGE('',*,*,#11943,.F.);
#11978 = ( GEOMETRIC_REPRESENTATION_CONTEXT(3) 
GLOBAL_UNCERTAINTY_ASSIGNED_CONTEXT((#11982)) 
GLOBAL_UNIT_ASSIGNED_CONTEXT((#11979,#11980,#11981)) 
REPRESENTATION_CONTEXT('Context #1',
  '3D Context with UNIT and UNCERTAINTY') );
#11979 = ( LENGTH_UNIT() NAMED_UNIT(*) SI_UNIT(.MILLI.,.METRE.) );
#11980 = ( NAMED_UNIT(*) PLANE_ANGLE_UNIT() SI_UNIT($,.RADIAN.) );
#11981 = ( NAMED_UNIT(*) SI_UNIT($,.STERADIAN.) SOLID_ANGLE_UNIT() );
#11982 = UNCERTAINTY_MEASURE_WITH_UNIT(LENGTH_MEASURE(1.E-07),#11979,
  'distance_accuracy_value','confusion accuracy');
#11983 = CONTEXT_DEPENDENT_SHAPE_REPRESENTATION(#11984,#11986);
#11984 = ( REPRESENTATION_RELATIONSHIP('','',#11879,#11530) 
REPRESENTATION_RELATIONSHIP_WITH_TRANSFORMATION(#11985) 
SHAPE_REPRESENTATION_RELATIONSHIP() );
#11985 = ITEM_DEFINED_TRANSFORMATION('','',#11,#11539);
#11986 = PRODUCT_DEFINITION_SHAPE('Placement','Placement of an item',
  #11987);
#11987 = NEXT_ASSEMBLY_USAGE_OCCURRENCE('215','=>[0:1:1:95]','',#11525,
  #11874,$);
#11988 = PRODUCT_RELATED_PRODUCT_CATEGORY('part',$,(#11876));
#11989 = SHAPE_DEFINITION_REPRESENTATION(#11990,#11996);
#11990 = PRODUCT_DEFINITION_SHAPE('','',#11991);
#11991 = PRODUCT_DEFINITION('design','',#11992,#11995);
#11992 = PRODUCT_DEFINITION_FORMATION('','',#11993);
#11993 = PRODUCT('COMPOUND','COMPOUND','',(#11994));
#11994 = PRODUCT_CONTEXT('',#2,'mechanical');
#11995 = PRODUCT_DEFINITION_CONTEXT('part definition',#2,'design');
#11996 = SHAPE_REPRESENTATION('',(#11,#11997,#12001),#12005);
#11997 = AXIS2_PLACEMENT_3D('',#11998,#11999,#12000);
#11998 = CARTESIAN_POINT('',(0.,0.,0.));
#11999 = DIRECTION('',(0.,0.,1.));
#12000 = DIRECTION('',(1.,0.,-0.));
#12001 = AXIS2_PLACEMENT_3D('',#12002,#12003,#12004);
#12002 = CARTESIAN_POINT('',(0.,0.,0.));
#12003 = DIRECTION('',(0.,0.,1.));
#12004 = DIRECTION('',(1.,0.,-0.));
#12005 = ( GEOMETRIC_REPRESENTATION_CONTEXT(3) 
GLOBAL_UNCERTAINTY_ASSIGNED_CONTEXT((#12009)) 
GLOBAL_UNIT_ASSIGNED_CONTEXT((#12006,#12007,#12008)) 
REPRESENTATION_CONTEXT('Context #1',
  '3D Context with UNIT and UNCERTAINTY') );
#12006 = ( LENGTH_UNIT() NAMED_UNIT(*) SI_UNIT(.MILLI.,.METRE.) );
#12007 = ( NAMED_UNIT(*) PLANE_ANGLE_UNIT() SI_UNIT($,.RADIAN.) );
#12008 = ( NAMED_UNIT(*) SI_UNIT($,.STERADIAN.) SOLID_ANGLE_UNIT() );
#12009 = UNCERTAINTY_MEASURE_WITH_UNIT(LENGTH_MEASURE(1.E-07),#12006,
  'distance_accuracy_value','confusion accuracy');
#12010 = CONTEXT_DEPENDENT_SHAPE_REPRESENTATION(#12011,#12013);
#12011 = ( REPRESENTATION_RELATIONSHIP('','',#11996,#10) 
REPRESENTATION_RELATIONSHIP_WITH_TRANSFORMATION(#12012) 
SHAPE_REPRESENTATION_RELATIONSHIP() );
#12012 = ITEM_DEFINED_TRANSFORMATION('','',#11,#59);
#12013 = PRODUCT_DEFINITION_SHAPE('Placement','Placement of an item',
  #12014);
#12014 = NEXT_ASSEMBLY_USAGE_OCCURRENCE('222','=>[0:1:1:96]','',#5,
  #11991,$);
#12015 = PRODUCT_RELATED_PRODUCT_CATEGORY('part',$,(#11993));
#12016 = SHAPE_DEFINITION_REPRESENTATION(#12017,#12023);
#12017 = PRODUCT_DEFINITION_SHAPE('','',#12018);
#12018 = PRODUCT_DEFINITION('design','',#12019,#12022);
#12019 = PRODUCT_DEFINITION_FORMATION('','',#12020);
#12020 = PRODUCT('COMPOUND','COMPOUND','',(#12021));
#12021 = PRODUCT_CONTEXT('',#2,'mechanical');
#12022 = PRODUCT_DEFINITION_CONTEXT('part definition',#2,'design');
#12023 = SHAPE_REPRESENTATION('',(#11,#12024,#12028,#12032),#12036);
#12024 = AXIS2_PLACEMENT_3D('',#12025,#12026,#12027);
#12025 = CARTESIAN_POINT('',(745.78134898774,0.,494.07885188748));
#12026 = DIRECTION('',(0.,0.,1.));
#12027 = DIRECTION('',(1.,0.,-0.));
#12028 = AXIS2_PLACEMENT_3D('',#12029,#12030,#12031);
#12029 = CARTESIAN_POINT('',(745.78134898774,-38.,458.07885188748));
#12030 = DIRECTION('',(0.,0.,1.));
#12031 = DIRECTION('',(1.,0.,-0.));
#12032 = AXIS2_PLACEMENT_3D('',#12033,#12034,#12035);
#12033 = CARTESIAN_POINT('',(745.78134898774,38.,458.07885188748));
#12034 = DIRECTION('',(0.,0.,1.));
#12035 = DIRECTION('',(1.,0.,-0.));
#12036 = ( GEOMETRIC_REPRESENTATION_CONTEXT(3) 
GLOBAL_UNCERTAINTY_ASSIGNED_CONTEXT((#12040)) 
GLOBAL_UNIT_ASSIGNED_CONTEXT((#12037,#12038,#12039)) 
REPRESENTATION_CONTEXT('Context #1',
  '3D Context with UNIT and UNCERTAINTY') );
#12037 = ( LENGTH_UNIT() NAMED_UNIT(*) SI_UNIT(.MILLI.,.METRE.) );
#12038 = ( NAMED_UNIT(*) PLANE_ANGLE_UNIT() SI_UNIT($,.RADIAN.) );
#12039 = ( NAMED_UNIT(*) SI_UNIT($,.STERADIAN.) SOLID_ANGLE_UNIT() );
#12040 = UNCERTAINTY_MEASURE_WITH_UNIT(LENGTH_MEASURE(1.E-07),#12037,
  'distance_accuracy_value','confusion accuracy');
#12041 = CONTEXT_DEPENDENT_SHAPE_REPRESENTATION(#12042,#12044);
#12042 = ( REPRESENTATION_RELATIONSHIP('','',#12023,#11996) 
REPRESENTATION_RELATIONSHIP_WITH_TRANSFORMATION(#12043) 
SHAPE_REPRESENTATION_RELATIONSHIP() );
#12043 = ITEM_DEFINED_TRANSFORMATION('','',#11,#11997);
#12044 = PRODUCT_DEFINITION_SHAPE('Placement','Placement of an item',
  #12045);
#12045 = NEXT_ASSEMBLY_USAGE_OCCURRENCE('220','=>[0:1:1:97]','',#11991,
  #12018,$);
#12046 = PRODUCT_RELATED_PRODUCT_CATEGORY('part',$,(#12020));
#12047 = SHAPE_DEFINITION_REPRESENTATION(#12048,#12054);
#12048 = PRODUCT_DEFINITION_SHAPE('','',#12049);
#12049 = PRODUCT_DEFINITION('design','',#12050,#12053);
#12050 = PRODUCT_DEFINITION_FORMATION('','',#12051);
#12051 = PRODUCT('COMPOUND','COMPOUND','',(#12052));
#12052 = PRODUCT_CONTEXT('',#2,'mechanical');
#12053 = PRODUCT_DEFINITION_CONTEXT('part definition',#2,'design');
#12054 = ADVANCED_BREP_SHAPE_REPRESENTATION('',(#11,#12055),#12385);
#12055 = MANIFOLD_SOLID_BREP('',#12056);
#12056 = CLOSED_SHELL('',(#12057,#12177,#12277,#12324,#12371,#12378));
#12057 = ADVANCED_FACE('',(#12058),#12072,.F.);
#12058 = FACE_BOUND('',#12059,.F.);
#12059 = EDGE_LOOP('',(#12060,#12095,#12123,#12151));
#12060 = ORIENTED_EDGE('',*,*,#12061,.F.);
#12061 = EDGE_CURVE('',#12062,#12064,#12066,.T.);
#12062 = VERTEX_POINT('',#12063);
#12063 = CARTESIAN_POINT('',(-15.,-45.,-5.));
#12064 = VERTEX_POINT('',#12065);
#12065 = CARTESIAN_POINT('',(-15.,-45.,5.));
#12066 = SURFACE_CURVE('',#12067,(#12071,#12083),.PCURVE_S1.);
#12067 = LINE('',#12068,#12069);
#12068 = CARTESIAN_POINT('',(-15.,-45.,-5.));
#12069 = VECTOR('',#12070,1.);
#12070 = DIRECTION('',(0.,0.,1.));
#12071 = PCURVE('',#12072,#12077);
#12072 = PLANE('',#12073);
#12073 = AXIS2_PLACEMENT_3D('',#12074,#12075,#12076);
#12074 = CARTESIAN_POINT('',(-15.,-45.,-5.));
#12075 = DIRECTION('',(1.,0.,-0.));
#12076 = DIRECTION('',(0.,0.,1.));
#12077 = DEFINITIONAL_REPRESENTATION('',(#12078),#12082);
#12078 = LINE('',#12079,#12080);
#12079 = CARTESIAN_POINT('',(0.,0.));
#12080 = VECTOR('',#12081,1.);
#12081 = DIRECTION('',(1.,0.));
#12082 = ( GEOMETRIC_REPRESENTATION_CONTEXT(2) 
PARAMETRIC_REPRESENTATION_CONTEXT() REPRESENTATION_CONTEXT('2D SPACE',''
  ) );
#12083 = PCURVE('',#12084,#12089);
#12084 = PLANE('',#12085);
#12085 = AXIS2_PLACEMENT_3D('',#12086,#12087,#12088);
#12086 = CARTESIAN_POINT('',(-15.,-45.,-5.));
#12087 = DIRECTION('',(-0.,1.,0.));
#12088 = DIRECTION('',(0.,0.,1.));
#12089 = DEFINITIONAL_REPRESENTATION('',(#12090),#12094);
#12090 = LINE('',#12091,#12092);
#12091 = CARTESIAN_POINT('',(0.,0.));
#12092 = VECTOR('',#12093,1.);
#12093 = DIRECTION('',(1.,0.));
#12094 = ( GEOMETRIC_REPRESENTATION_CONTEXT(2) 
PARAMETRIC_REPRESENTATION_CONTEXT() REPRESENTATION_CONTEXT('2D SPACE',''
  ) );
#12095 = ORIENTED_EDGE('',*,*,#12096,.T.);
#12096 = EDGE_CURVE('',#12062,#12097,#12099,.T.);
#12097 = VERTEX_POINT('',#12098);
#12098 = CARTESIAN_POINT('',(-15.,45.,-5.));
#12099 = SURFACE_CURVE('',#12100,(#12104,#12111),.PCURVE_S1.);
#12100 = LINE('',#12101,#12102);
#12101 = CARTESIAN_POINT('',(-15.,-45.,-5.));
#12102 = VECTOR('',#12103,1.);
#12103 = DIRECTION('',(-0.,1.,0.));
#12104 = PCURVE('',#12072,#12105);
#12105 = DEFINITIONAL_REPRESENTATION('',(#12106),#12110);
#12106 = LINE('',#12107,#12108);
#12107 = CARTESIAN_POINT('',(0.,0.));
#12108 = VECTOR('',#12109,1.);
#12109 = DIRECTION('',(0.,-1.));
#12110 = ( GEOMETRIC_REPRESENTATION_CONTEXT(2) 
PARAMETRIC_REPRESENTATION_CONTEXT() REPRESENTATION_CONTEXT('2D SPACE',''
  ) );
#12111 = PCURVE('',#12112,#12117);
#12112 = PLANE('',#12113);
#12113 = AXIS2_PLACEMENT_3D('',#12114,#12115,#12116);
#12114 = CARTESIAN_POINT('',(-15.,-45.,-5.));
#12115 = DIRECTION('',(0.,0.,1.));
#12116 = DIRECTION('',(1.,0.,-0.));
#12117 = DEFINITIONAL_REPRESENTATION('',(#12118),#12122);
#12118 = LINE('',#12119,#12120);
#12119 = CARTESIAN_POINT('',(0.,0.));
#12120 = VECTOR('',#12121,1.);
#12121 = DIRECTION('',(0.,1.));
#12122 = ( GEOMETRIC_REPRESENTATION_CONTEXT(2) 
PARAMETRIC_REPRESENTATION_CONTEXT() REPRESENTATION_CONTEXT('2D SPACE',''
  ) );
#12123 = ORIENTED_EDGE('',*,*,#12124,.T.);
#12124 = EDGE_CURVE('',#12097,#12125,#12127,.T.);
#12125 = VERTEX_POINT('',#12126);
#12126 = CARTESIAN_POINT('',(-15.,45.,5.));
#12127 = SURFACE_CURVE('',#12128,(#12132,#12139),.PCURVE_S1.);
#12128 = LINE('',#12129,#12130);
#12129 = CARTESIAN_POINT('',(-15.,45.,-5.));
#12130 = VECTOR('',#12131,1.);
#12131 = DIRECTION('',(0.,0.,1.));
#12132 = PCURVE('',#12072,#12133);
#12133 = DEFINITIONAL_REPRESENTATION('',(#12134),#12138);
#12134 = LINE('',#12135,#12136);
#12135 = CARTESIAN_POINT('',(0.,-90.));
#12136 = VECTOR('',#12137,1.);
#12137 = DIRECTION('',(1.,0.));
#12138 = ( GEOMETRIC_REPRESENTATION_CONTEXT(2) 
PARAMETRIC_REPRESENTATION_CONTEXT() REPRESENTATION_CONTEXT('2D SPACE',''
  ) );
#12139 = PCURVE('',#12140,#12145);
#12140 = PLANE('',#12141);
#12141 = AXIS2_PLACEMENT_3D('',#12142,#12143,#12144);
#12142 = CARTESIAN_POINT('',(-15.,45.,-5.));
#12143 = DIRECTION('',(-0.,1.,0.));
#12144 = DIRECTION('',(0.,0.,1.));
#12145 = DEFINITIONAL_REPRESENTATION('',(#12146),#12150);
#12146 = LINE('',#12147,#12148);
#12147 = CARTESIAN_POINT('',(0.,0.));
#12148 = VECTOR('',#12149,1.);
#12149 = DIRECTION('',(1.,0.));
#12150 = ( GEOMETRIC_REPRESENTATION_CONTEXT(2) 
PARAMETRIC_REPRESENTATION_CONTEXT() REPRESENTATION_CONTEXT('2D SPACE',''
  ) );
#12151 = ORIENTED_EDGE('',*,*,#12152,.F.);
#12152 = EDGE_CURVE('',#12064,#12125,#12153,.T.);
#12153 = SURFACE_CURVE('',#12154,(#12158,#12165),.PCURVE_S1.);
#12154 = LINE('',#12155,#12156);
#12155 = CARTESIAN_POINT('',(-15.,-45.,5.));
#12156 = VECTOR('',#12157,1.);
#12157 = DIRECTION('',(-0.,1.,0.));
#12158 = PCURVE('',#12072,#12159);
#12159 = DEFINITIONAL_REPRESENTATION('',(#12160),#12164);
#12160 = LINE('',#12161,#12162);
#12161 = CARTESIAN_POINT('',(10.,0.));
#12162 = VECTOR('',#12163,1.);
#12163 = DIRECTION('',(0.,-1.));
#12164 = ( GEOMETRIC_REPRESENTATION_CONTEXT(2) 
PARAMETRIC_REPRESENTATION_CONTEXT() REPRESENTATION_CONTEXT('2D SPACE',''
  ) );
#12165 = PCURVE('',#12166,#12171);
#12166 = PLANE('',#12167);
#12167 = AXIS2_PLACEMENT_3D('',#12168,#12169,#12170);
#12168 = CARTESIAN_POINT('',(-15.,-45.,5.));
#12169 = DIRECTION('',(0.,0.,1.));
#12170 = DIRECTION('',(1.,0.,-0.));
#12171 = DEFINITIONAL_REPRESENTATION('',(#12172),#12176);
#12172 = LINE('',#12173,#12174);
#12173 = CARTESIAN_POINT('',(0.,0.));
#12174 = VECTOR('',#12175,1.);
#12175 = DIRECTION('',(0.,1.));
#12176 = ( GEOMETRIC_REPRESENTATION_CONTEXT(2) 
PARAMETRIC_REPRESENTATION_CONTEXT() REPRESENTATION_CONTEXT('2D SPACE',''
  ) );
#12177 = ADVANCED_FACE('',(#12178),#12192,.T.);
#12178 = FACE_BOUND('',#12179,.T.);
#12179 = EDGE_LOOP('',(#12180,#12210,#12233,#12256));
#12180 = ORIENTED_EDGE('',*,*,#12181,.F.);
#12181 = EDGE_CURVE('',#12182,#12184,#12186,.T.);
#12182 = VERTEX_POINT('',#12183);
#12183 = CARTESIAN_POINT('',(15.,-45.,-5.));
#12184 = VERTEX_POINT('',#12185);
#12185 = CARTESIAN_POINT('',(15.,-45.,5.));
#12186 = SURFACE_CURVE('',#12187,(#12191,#12203),.PCURVE_S1.);
#12187 = LINE('',#12188,#12189);
#12188 = CARTESIAN_POINT('',(15.,-45.,-5.));
#12189 = VECTOR('',#12190,1.);
#12190 = DIRECTION('',(0.,0.,1.));
#12191 = PCURVE('',#12192,#12197);
#12192 = PLANE('',#12193);
#12193 = AXIS2_PLACEMENT_3D('',#12194,#12195,#12196);
#12194 = CARTESIAN_POINT('',(15.,-45.,-5.));
#12195 = DIRECTION('',(1.,0.,-0.));
#12196 = DIRECTION('',(0.,0.,1.));
#12197 = DEFINITIONAL_REPRESENTATION('',(#12198),#12202);
#12198 = LINE('',#12199,#12200);
#12199 = CARTESIAN_POINT('',(0.,0.));
#12200 = VECTOR('',#12201,1.);
#12201 = DIRECTION('',(1.,0.));
#12202 = ( GEOMETRIC_REPRESENTATION_CONTEXT(2) 
PARAMETRIC_REPRESENTATION_CONTEXT() REPRESENTATION_CONTEXT('2D SPACE',''
  ) );
#12203 = PCURVE('',#12084,#12204);
#12204 = DEFINITIONAL_REPRESENTATION('',(#12205),#12209);
#12205 = LINE('',#12206,#12207);
#12206 = CARTESIAN_POINT('',(0.,30.));
#12207 = VECTOR('',#12208,1.);
#12208 = DIRECTION('',(1.,0.));
#12209 = ( GEOMETRIC_REPRESENTATION_CONTEXT(2) 
PARAMETRIC_REPRESENTATION_CONTEXT() REPRESENTATION_CONTEXT('2D SPACE',''
  ) );
#12210 = ORIENTED_EDGE('',*,*,#12211,.T.);
#12211 = EDGE_CURVE('',#12182,#12212,#12214,.T.);
#12212 = VERTEX_POINT('',#12213);
#12213 = CARTESIAN_POINT('',(15.,45.,-5.));
#12214 = SURFACE_CURVE('',#12215,(#12219,#12226),.PCURVE_S1.);
#12215 = LINE('',#12216,#12217);
#12216 = CARTESIAN_POINT('',(15.,-45.,-5.));
#12217 = VECTOR('',#12218,1.);
#12218 = DIRECTION('',(-0.,1.,0.));
#12219 = PCURVE('',#12192,#12220);
#12220 = DEFINITIONAL_REPRESENTATION('',(#12221),#12225);
#12221 = LINE('',#12222,#12223);
#12222 = CARTESIAN_POINT('',(0.,0.));
#12223 = VECTOR('',#12224,1.);
#12224 = DIRECTION('',(0.,-1.));
#12225 = ( GEOMETRIC_REPRESENTATION_CONTEXT(2) 
PARAMETRIC_REPRESENTATION_CONTEXT() REPRESENTATION_CONTEXT('2D SPACE',''
  ) );
#12226 = PCURVE('',#12112,#12227);
#12227 = DEFINITIONAL_REPRESENTATION('',(#12228),#12232);
#12228 = LINE('',#12229,#12230);
#12229 = CARTESIAN_POINT('',(30.,0.));
#12230 = VECTOR('',#12231,1.);
#12231 = DIRECTION('',(0.,1.));
#12232 = ( GEOMETRIC_REPRESENTATION_CONTEXT(2) 
PARAMETRIC_REPRESENTATION_CONTEXT() REPRESENTATION_CONTEXT('2D SPACE',''
  ) );
#12233 = ORIENTED_EDGE('',*,*,#12234,.T.);
#12234 = EDGE_CURVE('',#12212,#12235,#12237,.T.);
#12235 = VERTEX_POINT('',#12236);
#12236 = CARTESIAN_POINT('',(15.,45.,5.));
#12237 = SURFACE_CURVE('',#12238,(#12242,#12249),.PCURVE_S1.);
#12238 = LINE('',#12239,#12240);
#12239 = CARTESIAN_POINT('',(15.,45.,-5.));
#12240 = VECTOR('',#12241,1.);
#12241 = DIRECTION('',(0.,0.,1.));
#12242 = PCURVE('',#12192,#12243);
#12243 = DEFINITIONAL_REPRESENTATION('',(#12244),#12248);
#12244 = LINE('',#12245,#12246);
#12245 = CARTESIAN_POINT('',(0.,-90.));
#12246 = VECTOR('',#12247,1.);
#12247 = DIRECTION('',(1.,0.));
#12248 = ( GEOMETRIC_REPRESENTATION_CONTEXT(2) 
PARAMETRIC_REPRESENTATION_CONTEXT() REPRESENTATION_CONTEXT('2D SPACE',''
  ) );
#12249 = PCURVE('',#12140,#12250);
#12250 = DEFINITIONAL_REPRESENTATION('',(#12251),#12255);
#12251 = LINE('',#12252,#12253);
#12252 = CARTESIAN_POINT('',(0.,30.));
#12253 = VECTOR('',#12254,1.);
#12254 = DIRECTION('',(1.,0.));
#12255 = ( GEOMETRIC_REPRESENTATION_CONTEXT(2) 
PARAMETRIC_REPRESENTATION_CONTEXT() REPRESENTATION_CONTEXT('2D SPACE',''
  ) );
#12256 = ORIENTED_EDGE('',*,*,#12257,.F.);
#12257 = EDGE_CURVE('',#12184,#12235,#12258,.T.);
#12258 = SURFACE_CURVE('',#12259,(#12263,#12270),.PCURVE_S1.);
#12259 = LINE('',#12260,#12261);
#12260 = CARTESIAN_POINT('',(15.,-45.,5.));
#12261 = VECTOR('',#12262,1.);
#12262 = DIRECTION('',(-0.,1.,0.));
#12263 = PCURVE('',#12192,#12264);
#12264 = DEFINITIONAL_REPRESENTATION('',(#12265),#12269);
#12265 = LINE('',#12266,#12267);
#12266 = CARTESIAN_POINT('',(10.,0.));
#12267 = VECTOR('',#12268,1.);
#12268 = DIRECTION('',(0.,-1.));
#12269 = ( GEOMETRIC_REPRESENTATION_CONTEXT(2) 
PARAMETRIC_REPRESENTATION_CONTEXT() REPRESENTATION_CONTEXT('2D SPACE',''
  ) );
#12270 = PCURVE('',#12166,#12271);
#12271 = DEFINITIONAL_REPRESENTATION('',(#12272),#12276);
#12272 = LINE('',#12273,#12274);
#12273 = CARTESIAN_POINT('',(30.,0.));
#12274 = VECTOR('',#12275,1.);
#12275 = DIRECTION('',(0.,1.));
#12276 = ( GEOMETRIC_REPRESENTATION_CONTEXT(2) 
PARAMETRIC_REPRESENTATION_CONTEXT() REPRESENTATION_CONTEXT('2D SPACE',''
  ) );
#12277 = ADVANCED_FACE('',(#12278),#12084,.F.);
#12278 = FACE_BOUND('',#12279,.F.);
#12279 = EDGE_LOOP('',(#12280,#12301,#12302,#12323));
#12280 = ORIENTED_EDGE('',*,*,#12281,.F.);
#12281 = EDGE_CURVE('',#12062,#12182,#12282,.T.);
#12282 = SURFACE_CURVE('',#12283,(#12287,#12294),.PCURVE_S1.);
#12283 = LINE('',#12284,#12285);
#12284 = CARTESIAN_POINT('',(-15.,-45.,-5.));
#12285 = VECTOR('',#12286,1.);
#12286 = DIRECTION('',(1.,0.,-0.));
#12287 = PCURVE('',#12084,#12288);
#12288 = DEFINITIONAL_REPRESENTATION('',(#12289),#12293);
#12289 = LINE('',#12290,#12291);
#12290 = CARTESIAN_POINT('',(0.,0.));
#12291 = VECTOR('',#12292,1.);
#12292 = DIRECTION('',(0.,1.));
#12293 = ( GEOMETRIC_REPRESENTATION_CONTEXT(2) 
PARAMETRIC_REPRESENTATION_CONTEXT() REPRESENTATION_CONTEXT('2D SPACE',''
  ) );
#12294 = PCURVE('',#12112,#12295);
#12295 = DEFINITIONAL_REPRESENTATION('',(#12296),#12300);
#12296 = LINE('',#12297,#12298);
#12297 = CARTESIAN_POINT('',(0.,0.));
#12298 = VECTOR('',#12299,1.);
#12299 = DIRECTION('',(1.,0.));
#12300 = ( GEOMETRIC_REPRESENTATION_CONTEXT(2) 
PARAMETRIC_REPRESENTATION_CONTEXT() REPRESENTATION_CONTEXT('2D SPACE',''
  ) );
#12301 = ORIENTED_EDGE('',*,*,#12061,.T.);
#12302 = ORIENTED_EDGE('',*,*,#12303,.T.);
#12303 = EDGE_CURVE('',#12064,#12184,#12304,.T.);
#12304 = SURFACE_CURVE('',#12305,(#12309,#12316),.PCURVE_S1.);
#12305 = LINE('',#12306,#12307);
#12306 = CARTESIAN_POINT('',(-15.,-45.,5.));
#12307 = VECTOR('',#12308,1.);
#12308 = DIRECTION('',(1.,0.,-0.));
#12309 = PCURVE('',#12084,#12310);
#12310 = DEFINITIONAL_REPRESENTATION('',(#12311),#12315);
#12311 = LINE('',#12312,#12313);
#12312 = CARTESIAN_POINT('',(10.,0.));
#12313 = VECTOR('',#12314,1.);
#12314 = DIRECTION('',(0.,1.));
#12315 = ( GEOMETRIC_REPRESENTATION_CONTEXT(2) 
PARAMETRIC_REPRESENTATION_CONTEXT() REPRESENTATION_CONTEXT('2D SPACE',''
  ) );
#12316 = PCURVE('',#12166,#12317);
#12317 = DEFINITIONAL_REPRESENTATION('',(#12318),#12322);
#12318 = LINE('',#12319,#12320);
#12319 = CARTESIAN_POINT('',(0.,0.));
#12320 = VECTOR('',#12321,1.);
#12321 = DIRECTION('',(1.,0.));
#12322 = ( GEOMETRIC_REPRESENTATION_CONTEXT(2) 
PARAMETRIC_REPRESENTATION_CONTEXT() REPRESENTATION_CONTEXT('2D SPACE',''
  ) );
#12323 = ORIENTED_EDGE('',*,*,#12181,.F.);
#12324 = ADVANCED_FACE('',(#12325),#12140,.T.);
#12325 = FACE_BOUND('',#12326,.T.);
#12326 = EDGE_LOOP('',(#12327,#12348,#12349,#12370));
#12327 = ORIENTED_EDGE('',*,*,#12328,.F.);
#12328 = EDGE_CURVE('',#12097,#12212,#12329,.T.);
#12329 = SURFACE_CURVE('',#12330,(#12334,#12341),.PCURVE_S1.);
#12330 = LINE('',#12331,#12332);
#12331 = CARTESIAN_POINT('',(-15.,45.,-5.));
#12332 = VECTOR('',#12333,1.);
#12333 = DIRECTION('',(1.,0.,-0.));
#12334 = PCURVE('',#12140,#12335);
#12335 = DEFINITIONAL_REPRESENTATION('',(#12336),#12340);
#12336 = LINE('',#12337,#12338);
#12337 = CARTESIAN_POINT('',(0.,0.));
#12338 = VECTOR('',#12339,1.);
#12339 = DIRECTION('',(0.,1.));
#12340 = ( GEOMETRIC_REPRESENTATION_CONTEXT(2) 
PARAMETRIC_REPRESENTATION_CONTEXT() REPRESENTATION_CONTEXT('2D SPACE',''
  ) );
#12341 = PCURVE('',#12112,#12342);
#12342 = DEFINITIONAL_REPRESENTATION('',(#12343),#12347);
#12343 = LINE('',#12344,#12345);
#12344 = CARTESIAN_POINT('',(0.,90.));
#12345 = VECTOR('',#12346,1.);
#12346 = DIRECTION('',(1.,0.));
#12347 = ( GEOMETRIC_REPRESENTATION_CONTEXT(2) 
PARAMETRIC_REPRESENTATION_CONTEXT() REPRESENTATION_CONTEXT('2D SPACE',''
  ) );
#12348 = ORIENTED_EDGE('',*,*,#12124,.T.);
#12349 = ORIENTED_EDGE('',*,*,#12350,.T.);
#12350 = EDGE_CURVE('',#12125,#12235,#12351,.T.);
#12351 = SURFACE_CURVE('',#12352,(#12356,#12363),.PCURVE_S1.);
#12352 = LINE('',#12353,#12354);
#12353 = CARTESIAN_POINT('',(-15.,45.,5.));
#12354 = VECTOR('',#12355,1.);
#12355 = DIRECTION('',(1.,0.,-0.));
#12356 = PCURVE('',#12140,#12357);
#12357 = DEFINITIONAL_REPRESENTATION('',(#12358),#12362);
#12358 = LINE('',#12359,#12360);
#12359 = CARTESIAN_POINT('',(10.,0.));
#12360 = VECTOR('',#12361,1.);
#12361 = DIRECTION('',(0.,1.));
#12362 = ( GEOMETRIC_REPRESENTATION_CONTEXT(2) 
PARAMETRIC_REPRESENTATION_CONTEXT() REPRESENTATION_CONTEXT('2D SPACE',''
  ) );
#12363 = PCURVE('',#12166,#12364);
#12364 = DEFINITIONAL_REPRESENTATION('',(#12365),#12369);
#12365 = LINE('',#12366,#12367);
#12366 = CARTESIAN_POINT('',(0.,90.));
#12367 = VECTOR('',#12368,1.);
#12368 = DIRECTION('',(1.,0.));
#12369 = ( GEOMETRIC_REPRESENTATION_CONTEXT(2) 
PARAMETRIC_REPRESENTATION_CONTEXT() REPRESENTATION_CONTEXT('2D SPACE',''
  ) );
#12370 = ORIENTED_EDGE('',*,*,#12234,.F.);
#12371 = ADVANCED_FACE('',(#12372),#12112,.F.);
#12372 = FACE_BOUND('',#12373,.F.);
#12373 = EDGE_LOOP('',(#12374,#12375,#12376,#12377));
#12374 = ORIENTED_EDGE('',*,*,#12096,.F.);
#12375 = ORIENTED_EDGE('',*,*,#12281,.T.);
#12376 = ORIENTED_EDGE('',*,*,#12211,.T.);
#12377 = ORIENTED_EDGE('',*,*,#12328,.F.);
#12378 = ADVANCED_FACE('',(#12379),#12166,.T.);
#12379 = FACE_BOUND('',#12380,.T.);
#12380 = EDGE_LOOP('',(#12381,#12382,#12383,#12384));
#12381 = ORIENTED_EDGE('',*,*,#12152,.F.);
#12382 = ORIENTED_EDGE('',*,*,#12303,.T.);
#12383 = ORIENTED_EDGE('',*,*,#12257,.T.);
#12384 = ORIENTED_EDGE('',*,*,#12350,.F.);
#12385 = ( GEOMETRIC_REPRESENTATION_CONTEXT(3) 
GLOBAL_UNCERTAINTY_ASSIGNED_CONTEXT((#12389)) 
GLOBAL_UNIT_ASSIGNED_CONTEXT((#12386,#12387,#12388)) 
REPRESENTATION_CONTEXT('Context #1',
  '3D Context with UNIT and UNCERTAINTY') );
#12386 = ( LENGTH_UNIT() NAMED_UNIT(*) SI_UNIT(.MILLI.,.METRE.) );
#12387 = ( NAMED_UNIT(*) PLANE_ANGLE_UNIT() SI_UNIT($,.RADIAN.) );
#12388 = ( NAMED_UNIT(*) SI_UNIT($,.STERADIAN.) SOLID_ANGLE_UNIT() );
#12389 = UNCERTAINTY_MEASURE_WITH_UNIT(LENGTH_MEASURE(1.E-07),#12386,
  'distance_accuracy_value','confusion accuracy');
#12390 = CONTEXT_DEPENDENT_SHAPE_REPRESENTATION(#12391,#12393);
#12391 = ( REPRESENTATION_RELATIONSHIP('','',#12054,#12023) 
REPRESENTATION_RELATIONSHIP_WITH_TRANSFORMATION(#12392) 
SHAPE_REPRESENTATION_RELATIONSHIP() );
#12392 = ITEM_DEFINED_TRANSFORMATION('','',#11,#12024);
#12393 = PRODUCT_DEFINITION_SHAPE('Placement','Placement of an item',
  #12394);
#12394 = NEXT_ASSEMBLY_USAGE_OCCURRENCE('217','=>[0:1:1:98]','',#12018,
  #12049,$);
#12395 = PRODUCT_RELATED_PRODUCT_CATEGORY('part',$,(#12051));
#12396 = SHAPE_DEFINITION_REPRESENTATION(#12397,#12403);
#12397 = PRODUCT_DEFINITION_SHAPE('','',#12398);
#12398 = PRODUCT_DEFINITION('design','',#12399,#12402);
#12399 = PRODUCT_DEFINITION_FORMATION('','',#12400);
#12400 = PRODUCT('COMPOUND','COMPOUND','',(#12401));
#12401 = PRODUCT_CONTEXT('',#2,'mechanical');
#12402 = PRODUCT_DEFINITION_CONTEXT('part definition',#2,'design');
#12403 = ADVANCED_BREP_SHAPE_REPRESENTATION('',(#11,#12404),#12734);
#12404 = MANIFOLD_SOLID_BREP('',#12405);
#12405 = CLOSED_SHELL('',(#12406,#12526,#12626,#12673,#12720,#12727));
#12406 = ADVANCED_FACE('',(#12407),#12421,.F.);
#12407 = FACE_BOUND('',#12408,.F.);
#12408 = EDGE_LOOP('',(#12409,#12444,#12472,#12500));
#12409 = ORIENTED_EDGE('',*,*,#12410,.F.);
#12410 = EDGE_CURVE('',#12411,#12413,#12415,.T.);
#12411 = VERTEX_POINT('',#12412);
#12412 = CARTESIAN_POINT('',(-11.,-4.,-32.));
#12413 = VERTEX_POINT('',#12414);
#12414 = CARTESIAN_POINT('',(-11.,-4.,32.));
#12415 = SURFACE_CURVE('',#12416,(#12420,#12432),.PCURVE_S1.);
#12416 = LINE('',#12417,#12418);
#12417 = CARTESIAN_POINT('',(-11.,-4.,-32.));
#12418 = VECTOR('',#12419,1.);
#12419 = DIRECTION('',(0.,0.,1.));
#12420 = PCURVE('',#12421,#12426);
#12421 = PLANE('',#12422);
#12422 = AXIS2_PLACEMENT_3D('',#12423,#12424,#12425);
#12423 = CARTESIAN_POINT('',(-11.,-4.,-32.));
#12424 = DIRECTION('',(1.,0.,-0.));
#12425 = DIRECTION('',(0.,0.,1.));
#12426 = DEFINITIONAL_REPRESENTATION('',(#12427),#12431);
#12427 = LINE('',#12428,#12429);
#12428 = CARTESIAN_POINT('',(0.,0.));
#12429 = VECTOR('',#12430,1.);
#12430 = DIRECTION('',(1.,0.));
#12431 = ( GEOMETRIC_REPRESENTATION_CONTEXT(2) 
PARAMETRIC_REPRESENTATION_CONTEXT() REPRESENTATION_CONTEXT('2D SPACE',''
  ) );
#12432 = PCURVE('',#12433,#12438);
#12433 = PLANE('',#12434);
#12434 = AXIS2_PLACEMENT_3D('',#12435,#12436,#12437);
#12435 = CARTESIAN_POINT('',(-11.,-4.,-32.));
#12436 = DIRECTION('',(-0.,1.,0.));
#12437 = DIRECTION('',(0.,0.,1.));
#12438 = DEFINITIONAL_REPRESENTATION('',(#12439),#12443);
#12439 = LINE('',#12440,#12441);
#12440 = CARTESIAN_POINT('',(0.,0.));
#12441 = VECTOR('',#12442,1.);
#12442 = DIRECTION('',(1.,0.));
#12443 = ( GEOMETRIC_REPRESENTATION_CONTEXT(2) 
PARAMETRIC_REPRESENTATION_CONTEXT() REPRESENTATION_CONTEXT('2D SPACE',''
  ) );
#12444 = ORIENTED_EDGE('',*,*,#12445,.T.);
#12445 = EDGE_CURVE('',#12411,#12446,#12448,.T.);
#12446 = VERTEX_POINT('',#12447);
#12447 = CARTESIAN_POINT('',(-11.,4.,-32.));
#12448 = SURFACE_CURVE('',#12449,(#12453,#12460),.PCURVE_S1.);
#12449 = LINE('',#12450,#12451);
#12450 = CARTESIAN_POINT('',(-11.,-4.,-32.));
#12451 = VECTOR('',#12452,1.);
#12452 = DIRECTION('',(-0.,1.,0.));
#12453 = PCURVE('',#12421,#12454);
#12454 = DEFINITIONAL_REPRESENTATION('',(#12455),#12459);
#12455 = LINE('',#12456,#12457);
#12456 = CARTESIAN_POINT('',(0.,0.));
#12457 = VECTOR('',#12458,1.);
#12458 = DIRECTION('',(0.,-1.));
#12459 = ( GEOMETRIC_REPRESENTATION_CONTEXT(2) 
PARAMETRIC_REPRESENTATION_CONTEXT() REPRESENTATION_CONTEXT('2D SPACE',''
  ) );
#12460 = PCURVE('',#12461,#12466);
#12461 = PLANE('',#12462);
#12462 = AXIS2_PLACEMENT_3D('',#12463,#12464,#12465);
#12463 = CARTESIAN_POINT('',(-11.,-4.,-32.));
#12464 = DIRECTION('',(0.,0.,1.));
#12465 = DIRECTION('',(1.,0.,-0.));
#12466 = DEFINITIONAL_REPRESENTATION('',(#12467),#12471);
#12467 = LINE('',#12468,#12469);
#12468 = CARTESIAN_POINT('',(0.,0.));
#12469 = VECTOR('',#12470,1.);
#12470 = DIRECTION('',(0.,1.));
#12471 = ( GEOMETRIC_REPRESENTATION_CONTEXT(2) 
PARAMETRIC_REPRESENTATION_CONTEXT() REPRESENTATION_CONTEXT('2D SPACE',''
  ) );
#12472 = ORIENTED_EDGE('',*,*,#12473,.T.);
#12473 = EDGE_CURVE('',#12446,#12474,#12476,.T.);
#12474 = VERTEX_POINT('',#12475);
#12475 = CARTESIAN_POINT('',(-11.,4.,32.));
#12476 = SURFACE_CURVE('',#12477,(#12481,#12488),.PCURVE_S1.);
#12477 = LINE('',#12478,#12479);
#12478 = CARTESIAN_POINT('',(-11.,4.,-32.));
#12479 = VECTOR('',#12480,1.);
#12480 = DIRECTION('',(0.,0.,1.));
#12481 = PCURVE('',#12421,#12482);
#12482 = DEFINITIONAL_REPRESENTATION('',(#12483),#12487);
#12483 = LINE('',#12484,#12485);
#12484 = CARTESIAN_POINT('',(0.,-8.));
#12485 = VECTOR('',#12486,1.);
#12486 = DIRECTION('',(1.,0.));
#12487 = ( GEOMETRIC_REPRESENTATION_CONTEXT(2) 
PARAMETRIC_REPRESENTATION_CONTEXT() REPRESENTATION_CONTEXT('2D SPACE',''
  ) );
#12488 = PCURVE('',#12489,#12494);
#12489 = PLANE('',#12490);
#12490 = AXIS2_PLACEMENT_3D('',#12491,#12492,#12493);
#12491 = CARTESIAN_POINT('',(-11.,4.,-32.));
#12492 = DIRECTION('',(-0.,1.,0.));
#12493 = DIRECTION('',(0.,0.,1.));
#12494 = DEFINITIONAL_REPRESENTATION('',(#12495),#12499);
#12495 = LINE('',#12496,#12497);
#12496 = CARTESIAN_POINT('',(0.,0.));
#12497 = VECTOR('',#12498,1.);
#12498 = DIRECTION('',(1.,0.));
#12499 = ( GEOMETRIC_REPRESENTATION_CONTEXT(2) 
PARAMETRIC_REPRESENTATION_CONTEXT() REPRESENTATION_CONTEXT('2D SPACE',''
  ) );
#12500 = ORIENTED_EDGE('',*,*,#12501,.F.);
#12501 = EDGE_CURVE('',#12413,#12474,#12502,.T.);
#12502 = SURFACE_CURVE('',#12503,(#12507,#12514),.PCURVE_S1.);
#12503 = LINE('',#12504,#12505);
#12504 = CARTESIAN_POINT('',(-11.,-4.,32.));
#12505 = VECTOR('',#12506,1.);
#12506 = DIRECTION('',(-0.,1.,0.));
#12507 = PCURVE('',#12421,#12508);
#12508 = DEFINITIONAL_REPRESENTATION('',(#12509),#12513);
#12509 = LINE('',#12510,#12511);
#12510 = CARTESIAN_POINT('',(64.,0.));
#12511 = VECTOR('',#12512,1.);
#12512 = DIRECTION('',(0.,-1.));
#12513 = ( GEOMETRIC_REPRESENTATION_CONTEXT(2) 
PARAMETRIC_REPRESENTATION_CONTEXT() REPRESENTATION_CONTEXT('2D SPACE',''
  ) );
#12514 = PCURVE('',#12515,#12520);
#12515 = PLANE('',#12516);
#12516 = AXIS2_PLACEMENT_3D('',#12517,#12518,#12519);
#12517 = CARTESIAN_POINT('',(-11.,-4.,32.));
#12518 = DIRECTION('',(0.,0.,1.));
#12519 = DIRECTION('',(1.,0.,-0.));
#12520 = DEFINITIONAL_REPRESENTATION('',(#12521),#12525);
#12521 = LINE('',#12522,#12523);
#12522 = CARTESIAN_POINT('',(0.,0.));
#12523 = VECTOR('',#12524,1.);
#12524 = DIRECTION('',(0.,1.));
#12525 = ( GEOMETRIC_REPRESENTATION_CONTEXT(2) 
PARAMETRIC_REPRESENTATION_CONTEXT() REPRESENTATION_CONTEXT('2D SPACE',''
  ) );
#12526 = ADVANCED_FACE('',(#12527),#12541,.T.);
#12527 = FACE_BOUND('',#12528,.T.);
#12528 = EDGE_LOOP('',(#12529,#12559,#12582,#12605));
#12529 = ORIENTED_EDGE('',*,*,#12530,.F.);
#12530 = EDGE_CURVE('',#12531,#12533,#12535,.T.);
#12531 = VERTEX_POINT('',#12532);
#12532 = CARTESIAN_POINT('',(11.,-4.,-32.));
#12533 = VERTEX_POINT('',#12534);
#12534 = CARTESIAN_POINT('',(11.,-4.,32.));
#12535 = SURFACE_CURVE('',#12536,(#12540,#12552),.PCURVE_S1.);
#12536 = LINE('',#12537,#12538);
#12537 = CARTESIAN_POINT('',(11.,-4.,-32.));
#12538 = VECTOR('',#12539,1.);
#12539 = DIRECTION('',(0.,0.,1.));
#12540 = PCURVE('',#12541,#12546);
#12541 = PLANE('',#12542);
#12542 = AXIS2_PLACEMENT_3D('',#12543,#12544,#12545);
#12543 = CARTESIAN_POINT('',(11.,-4.,-32.));
#12544 = DIRECTION('',(1.,0.,-0.));
#12545 = DIRECTION('',(0.,0.,1.));
#12546 = DEFINITIONAL_REPRESENTATION('',(#12547),#12551);
#12547 = LINE('',#12548,#12549);
#12548 = CARTESIAN_POINT('',(0.,0.));
#12549 = VECTOR('',#12550,1.);
#12550 = DIRECTION('',(1.,0.));
#12551 = ( GEOMETRIC_REPRESENTATION_CONTEXT(2) 
PARAMETRIC_REPRESENTATION_CONTEXT() REPRESENTATION_CONTEXT('2D SPACE',''
  ) );
#12552 = PCURVE('',#12433,#12553);
#12553 = DEFINITIONAL_REPRESENTATION('',(#12554),#12558);
#12554 = LINE('',#12555,#12556);
#12555 = CARTESIAN_POINT('',(0.,22.));
#12556 = VECTOR('',#12557,1.);
#12557 = DIRECTION('',(1.,0.));
#12558 = ( GEOMETRIC_REPRESENTATION_CONTEXT(2) 
PARAMETRIC_REPRESENTATION_CONTEXT() REPRESENTATION_CONTEXT('2D SPACE',''
  ) );
#12559 = ORIENTED_EDGE('',*,*,#12560,.T.);
#12560 = EDGE_CURVE('',#12531,#12561,#12563,.T.);
#12561 = VERTEX_POINT('',#12562);
#12562 = CARTESIAN_POINT('',(11.,4.,-32.));
#12563 = SURFACE_CURVE('',#12564,(#12568,#12575),.PCURVE_S1.);
#12564 = LINE('',#12565,#12566);
#12565 = CARTESIAN_POINT('',(11.,-4.,-32.));
#12566 = VECTOR('',#12567,1.);
#12567 = DIRECTION('',(-0.,1.,0.));
#12568 = PCURVE('',#12541,#12569);
#12569 = DEFINITIONAL_REPRESENTATION('',(#12570),#12574);
#12570 = LINE('',#12571,#12572);
#12571 = CARTESIAN_POINT('',(0.,0.));
#12572 = VECTOR('',#12573,1.);
#12573 = DIRECTION('',(0.,-1.));
#12574 = ( GEOMETRIC_REPRESENTATION_CONTEXT(2) 
PARAMETRIC_REPRESENTATION_CONTEXT() REPRESENTATION_CONTEXT('2D SPACE',''
  ) );
#12575 = PCURVE('',#12461,#12576);
#12576 = DEFINITIONAL_REPRESENTATION('',(#12577),#12581);
#12577 = LINE('',#12578,#12579);
#12578 = CARTESIAN_POINT('',(22.,0.));
#12579 = VECTOR('',#12580,1.);
#12580 = DIRECTION('',(0.,1.));
#12581 = ( GEOMETRIC_REPRESENTATION_CONTEXT(2) 
PARAMETRIC_REPRESENTATION_CONTEXT() REPRESENTATION_CONTEXT('2D SPACE',''
  ) );
#12582 = ORIENTED_EDGE('',*,*,#12583,.T.);
#12583 = EDGE_CURVE('',#12561,#12584,#12586,.T.);
#12584 = VERTEX_POINT('',#12585);
#12585 = CARTESIAN_POINT('',(11.,4.,32.));
#12586 = SURFACE_CURVE('',#12587,(#12591,#12598),.PCURVE_S1.);
#12587 = LINE('',#12588,#12589);
#12588 = CARTESIAN_POINT('',(11.,4.,-32.));
#12589 = VECTOR('',#12590,1.);
#12590 = DIRECTION('',(0.,0.,1.));
#12591 = PCURVE('',#12541,#12592);
#12592 = DEFINITIONAL_REPRESENTATION('',(#12593),#12597);
#12593 = LINE('',#12594,#12595);
#12594 = CARTESIAN_POINT('',(0.,-8.));
#12595 = VECTOR('',#12596,1.);
#12596 = DIRECTION('',(1.,0.));
#12597 = ( GEOMETRIC_REPRESENTATION_CONTEXT(2) 
PARAMETRIC_REPRESENTATION_CONTEXT() REPRESENTATION_CONTEXT('2D SPACE',''
  ) );
#12598 = PCURVE('',#12489,#12599);
#12599 = DEFINITIONAL_REPRESENTATION('',(#12600),#12604);
#12600 = LINE('',#12601,#12602);
#12601 = CARTESIAN_POINT('',(0.,22.));
#12602 = VECTOR('',#12603,1.);
#12603 = DIRECTION('',(1.,0.));
#12604 = ( GEOMETRIC_REPRESENTATION_CONTEXT(2) 
PARAMETRIC_REPRESENTATION_CONTEXT() REPRESENTATION_CONTEXT('2D SPACE',''
  ) );
#12605 = ORIENTED_EDGE('',*,*,#12606,.F.);
#12606 = EDGE_CURVE('',#12533,#12584,#12607,.T.);
#12607 = SURFACE_CURVE('',#12608,(#12612,#12619),.PCURVE_S1.);
#12608 = LINE('',#12609,#12610);
#12609 = CARTESIAN_POINT('',(11.,-4.,32.));
#12610 = VECTOR('',#12611,1.);
#12611 = DIRECTION('',(-0.,1.,0.));
#12612 = PCURVE('',#12541,#12613);
#12613 = DEFINITIONAL_REPRESENTATION('',(#12614),#12618);
#12614 = LINE('',#12615,#12616);
#12615 = CARTESIAN_POINT('',(64.,0.));
#12616 = VECTOR('',#12617,1.);
#12617 = DIRECTION('',(0.,-1.));
#12618 = ( GEOMETRIC_REPRESENTATION_CONTEXT(2) 
PARAMETRIC_REPRESENTATION_CONTEXT() REPRESENTATION_CONTEXT('2D SPACE',''
  ) );
#12619 = PCURVE('',#12515,#12620);
#12620 = DEFINITIONAL_REPRESENTATION('',(#12621),#12625);
#12621 = LINE('',#12622,#12623);
#12622 = CARTESIAN_POINT('',(22.,0.));
#12623 = VECTOR('',#12624,1.);
#12624 = DIRECTION('',(0.,1.));
#12625 = ( GEOMETRIC_REPRESENTATION_CONTEXT(2) 
PARAMETRIC_REPRESENTATION_CONTEXT() REPRESENTATION_CONTEXT('2D SPACE',''
  ) );
#12626 = ADVANCED_FACE('',(#12627),#12433,.F.);
#12627 = FACE_BOUND('',#12628,.F.);
#12628 = EDGE_LOOP('',(#12629,#12650,#12651,#12672));
#12629 = ORIENTED_EDGE('',*,*,#12630,.F.);
#12630 = EDGE_CURVE('',#12411,#12531,#12631,.T.);
#12631 = SURFACE_CURVE('',#12632,(#12636,#12643),.PCURVE_S1.);
#12632 = LINE('',#12633,#12634);
#12633 = CARTESIAN_POINT('',(-11.,-4.,-32.));
#12634 = VECTOR('',#12635,1.);
#12635 = DIRECTION('',(1.,0.,-0.));
#12636 = PCURVE('',#12433,#12637);
#12637 = DEFINITIONAL_REPRESENTATION('',(#12638),#12642);
#12638 = LINE('',#12639,#12640);
#12639 = CARTESIAN_POINT('',(0.,0.));
#12640 = VECTOR('',#12641,1.);
#12641 = DIRECTION('',(0.,1.));
#12642 = ( GEOMETRIC_REPRESENTATION_CONTEXT(2) 
PARAMETRIC_REPRESENTATION_CONTEXT() REPRESENTATION_CONTEXT('2D SPACE',''
  ) );
#12643 = PCURVE('',#12461,#12644);
#12644 = DEFINITIONAL_REPRESENTATION('',(#12645),#12649);
#12645 = LINE('',#12646,#12647);
#12646 = CARTESIAN_POINT('',(0.,0.));
#12647 = VECTOR('',#12648,1.);
#12648 = DIRECTION('',(1.,0.));
#12649 = ( GEOMETRIC_REPRESENTATION_CONTEXT(2) 
PARAMETRIC_REPRESENTATION_CONTEXT() REPRESENTATION_CONTEXT('2D SPACE',''
  ) );
#12650 = ORIENTED_EDGE('',*,*,#12410,.T.);
#12651 = ORIENTED_EDGE('',*,*,#12652,.T.);
#12652 = EDGE_CURVE('',#12413,#12533,#12653,.T.);
#12653 = SURFACE_CURVE('',#12654,(#12658,#12665),.PCURVE_S1.);
#12654 = LINE('',#12655,#12656);
#12655 = CARTESIAN_POINT('',(-11.,-4.,32.));
#12656 = VECTOR('',#12657,1.);
#12657 = DIRECTION('',(1.,0.,-0.));
#12658 = PCURVE('',#12433,#12659);
#12659 = DEFINITIONAL_REPRESENTATION('',(#12660),#12664);
#12660 = LINE('',#12661,#12662);
#12661 = CARTESIAN_POINT('',(64.,0.));
#12662 = VECTOR('',#12663,1.);
#12663 = DIRECTION('',(0.,1.));
#12664 = ( GEOMETRIC_REPRESENTATION_CONTEXT(2) 
PARAMETRIC_REPRESENTATION_CONTEXT() REPRESENTATION_CONTEXT('2D SPACE',''
  ) );
#12665 = PCURVE('',#12515,#12666);
#12666 = DEFINITIONAL_REPRESENTATION('',(#12667),#12671);
#12667 = LINE('',#12668,#12669);
#12668 = CARTESIAN_POINT('',(0.,0.));
#12669 = VECTOR('',#12670,1.);
#12670 = DIRECTION('',(1.,0.));
#12671 = ( GEOMETRIC_REPRESENTATION_CONTEXT(2) 
PARAMETRIC_REPRESENTATION_CONTEXT() REPRESENTATION_CONTEXT('2D SPACE',''
  ) );
#12672 = ORIENTED_EDGE('',*,*,#12530,.F.);
#12673 = ADVANCED_FACE('',(#12674),#12489,.T.);
#12674 = FACE_BOUND('',#12675,.T.);
#12675 = EDGE_LOOP('',(#12676,#12697,#12698,#12719));
#12676 = ORIENTED_EDGE('',*,*,#12677,.F.);
#12677 = EDGE_CURVE('',#12446,#12561,#12678,.T.);
#12678 = SURFACE_CURVE('',#12679,(#12683,#12690),.PCURVE_S1.);
#12679 = LINE('',#12680,#12681);
#12680 = CARTESIAN_POINT('',(-11.,4.,-32.));
#12681 = VECTOR('',#12682,1.);
#12682 = DIRECTION('',(1.,0.,-0.));
#12683 = PCURVE('',#12489,#12684);
#12684 = DEFINITIONAL_REPRESENTATION('',(#12685),#12689);
#12685 = LINE('',#12686,#12687);
#12686 = CARTESIAN_POINT('',(0.,0.));
#12687 = VECTOR('',#12688,1.);
#12688 = DIRECTION('',(0.,1.));
#12689 = ( GEOMETRIC_REPRESENTATION_CONTEXT(2) 
PARAMETRIC_REPRESENTATION_CONTEXT() REPRESENTATION_CONTEXT('2D SPACE',''
  ) );
#12690 = PCURVE('',#12461,#12691);
#12691 = DEFINITIONAL_REPRESENTATION('',(#12692),#12696);
#12692 = LINE('',#12693,#12694);
#12693 = CARTESIAN_POINT('',(0.,8.));
#12694 = VECTOR('',#12695,1.);
#12695 = DIRECTION('',(1.,0.));
#12696 = ( GEOMETRIC_REPRESENTATION_CONTEXT(2) 
PARAMETRIC_REPRESENTATION_CONTEXT() REPRESENTATION_CONTEXT('2D SPACE',''
  ) );
#12697 = ORIENTED_EDGE('',*,*,#12473,.T.);
#12698 = ORIENTED_EDGE('',*,*,#12699,.T.);
#12699 = EDGE_CURVE('',#12474,#12584,#12700,.T.);
#12700 = SURFACE_CURVE('',#12701,(#12705,#12712),.PCURVE_S1.);
#12701 = LINE('',#12702,#12703);
#12702 = CARTESIAN_POINT('',(-11.,4.,32.));
#12703 = VECTOR('',#12704,1.);
#12704 = DIRECTION('',(1.,0.,-0.));
#12705 = PCURVE('',#12489,#12706);
#12706 = DEFINITIONAL_REPRESENTATION('',(#12707),#12711);
#12707 = LINE('',#12708,#12709);
#12708 = CARTESIAN_POINT('',(64.,0.));
#12709 = VECTOR('',#12710,1.);
#12710 = DIRECTION('',(0.,1.));
#12711 = ( GEOMETRIC_REPRESENTATION_CONTEXT(2) 
PARAMETRIC_REPRESENTATION_CONTEXT() REPRESENTATION_CONTEXT('2D SPACE',''
  ) );
#12712 = PCURVE('',#12515,#12713);
#12713 = DEFINITIONAL_REPRESENTATION('',(#12714),#12718);
#12714 = LINE('',#12715,#12716);
#12715 = CARTESIAN_POINT('',(0.,8.));
#12716 = VECTOR('',#12717,1.);
#12717 = DIRECTION('',(1.,0.));
#12718 = ( GEOMETRIC_REPRESENTATION_CONTEXT(2) 
PARAMETRIC_REPRESENTATION_CONTEXT() REPRESENTATION_CONTEXT('2D SPACE',''
  ) );
#12719 = ORIENTED_EDGE('',*,*,#12583,.F.);
#12720 = ADVANCED_FACE('',(#12721),#12461,.F.);
#12721 = FACE_BOUND('',#12722,.F.);
#12722 = EDGE_LOOP('',(#12723,#12724,#12725,#12726));
#12723 = ORIENTED_EDGE('',*,*,#12445,.F.);
#12724 = ORIENTED_EDGE('',*,*,#12630,.T.);
#12725 = ORIENTED_EDGE('',*,*,#12560,.T.);
#12726 = ORIENTED_EDGE('',*,*,#12677,.F.);
#12727 = ADVANCED_FACE('',(#12728),#12515,.T.);
#12728 = FACE_BOUND('',#12729,.T.);
#12729 = EDGE_LOOP('',(#12730,#12731,#12732,#12733));
#12730 = ORIENTED_EDGE('',*,*,#12501,.F.);
#12731 = ORIENTED_EDGE('',*,*,#12652,.T.);
#12732 = ORIENTED_EDGE('',*,*,#12606,.T.);
#12733 = ORIENTED_EDGE('',*,*,#12699,.F.);
#12734 = ( GEOMETRIC_REPRESENTATION_CONTEXT(3) 
GLOBAL_UNCERTAINTY_ASSIGNED_CONTEXT((#12738)) 
GLOBAL_UNIT_ASSIGNED_CONTEXT((#12735,#12736,#12737)) 
REPRESENTATION_CONTEXT('Context #1',
  '3D Context with UNIT and UNCERTAINTY') );
#12735 = ( LENGTH_UNIT() NAMED_UNIT(*) SI_UNIT(.MILLI.,.METRE.) );
#12736 = ( NAMED_UNIT(*) PLANE_ANGLE_UNIT() SI_UNIT($,.RADIAN.) );
#12737 = ( NAMED_UNIT(*) SI_UNIT($,.STERADIAN.) SOLID_ANGLE_UNIT() );
#12738 = UNCERTAINTY_MEASURE_WITH_UNIT(LENGTH_MEASURE(1.E-07),#12735,
  'distance_accuracy_value','confusion accuracy');
#12739 = CONTEXT_DEPENDENT_SHAPE_REPRESENTATION(#12740,#12742);
#12740 = ( REPRESENTATION_RELATIONSHIP('','',#12403,#12023) 
REPRESENTATION_RELATIONSHIP_WITH_TRANSFORMATION(#12741) 
SHAPE_REPRESENTATION_RELATIONSHIP() );
#12741 = ITEM_DEFINED_TRANSFORMATION('','',#11,#12028);
#12742 = PRODUCT_DEFINITION_SHAPE('Placement','Placement of an item',
  #12743);
#12743 = NEXT_ASSEMBLY_USAGE_OCCURRENCE('218','=>[0:1:1:99]','',#12018,
  #12398,$);
#12744 = PRODUCT_RELATED_PRODUCT_CATEGORY('part',$,(#12400));
#12745 = SHAPE_DEFINITION_REPRESENTATION(#12746,#12752);
#12746 = PRODUCT_DEFINITION_SHAPE('','',#12747);
#12747 = PRODUCT_DEFINITION('design','',#12748,#12751);
#12748 = PRODUCT_DEFINITION_FORMATION('','',#12749);
#12749 = PRODUCT('COMPOUND','COMPOUND','',(#12750));
#12750 = PRODUCT_CONTEXT('',#2,'mechanical');
#12751 = PRODUCT_DEFINITION_CONTEXT('part definition',#2,'design');
#12752 = ADVANCED_BREP_SHAPE_REPRESENTATION('',(#11,#12753),#13083);
#12753 = MANIFOLD_SOLID_BREP('',#12754);
#12754 = CLOSED_SHELL('',(#12755,#12875,#12975,#13022,#13069,#13076));
#12755 = ADVANCED_FACE('',(#12756),#12770,.F.);
#12756 = FACE_BOUND('',#12757,.F.);
#12757 = EDGE_LOOP('',(#12758,#12793,#12821,#12849));
#12758 = ORIENTED_EDGE('',*,*,#12759,.F.);
#12759 = EDGE_CURVE('',#12760,#12762,#12764,.T.);
#12760 = VERTEX_POINT('',#12761);
#12761 = CARTESIAN_POINT('',(-11.,-4.,-32.));
#12762 = VERTEX_POINT('',#12763);
#12763 = CARTESIAN_POINT('',(-11.,-4.,32.));
#12764 = SURFACE_CURVE('',#12765,(#12769,#12781),.PCURVE_S1.);
#12765 = LINE('',#12766,#12767);
#12766 = CARTESIAN_POINT('',(-11.,-4.,-32.));
#12767 = VECTOR('',#12768,1.);
#12768 = DIRECTION('',(0.,0.,1.));
#12769 = PCURVE('',#12770,#12775);
#12770 = PLANE('',#12771);
#12771 = AXIS2_PLACEMENT_3D('',#12772,#12773,#12774);
#12772 = CARTESIAN_POINT('',(-11.,-4.,-32.));
#12773 = DIRECTION('',(1.,0.,-0.));
#12774 = DIRECTION('',(0.,0.,1.));
#12775 = DEFINITIONAL_REPRESENTATION('',(#12776),#12780);
#12776 = LINE('',#12777,#12778);
#12777 = CARTESIAN_POINT('',(0.,0.));
#12778 = VECTOR('',#12779,1.);
#12779 = DIRECTION('',(1.,0.));
#12780 = ( GEOMETRIC_REPRESENTATION_CONTEXT(2) 
PARAMETRIC_REPRESENTATION_CONTEXT() REPRESENTATION_CONTEXT('2D SPACE',''
  ) );
#12781 = PCURVE('',#12782,#12787);
#12782 = PLANE('',#12783);
#12783 = AXIS2_PLACEMENT_3D('',#12784,#12785,#12786);
#12784 = CARTESIAN_POINT('',(-11.,-4.,-32.));
#12785 = DIRECTION('',(-0.,1.,0.));
#12786 = DIRECTION('',(0.,0.,1.));
#12787 = DEFINITIONAL_REPRESENTATION('',(#12788),#12792);
#12788 = LINE('',#12789,#12790);
#12789 = CARTESIAN_POINT('',(0.,0.));
#12790 = VECTOR('',#12791,1.);
#12791 = DIRECTION('',(1.,0.));
#12792 = ( GEOMETRIC_REPRESENTATION_CONTEXT(2) 
PARAMETRIC_REPRESENTATION_CONTEXT() REPRESENTATION_CONTEXT('2D SPACE',''
  ) );
#12793 = ORIENTED_EDGE('',*,*,#12794,.T.);
#12794 = EDGE_CURVE('',#12760,#12795,#12797,.T.);
#12795 = VERTEX_POINT('',#12796);
#12796 = CARTESIAN_POINT('',(-11.,4.,-32.));
#12797 = SURFACE_CURVE('',#12798,(#12802,#12809),.PCURVE_S1.);
#12798 = LINE('',#12799,#12800);
#12799 = CARTESIAN_POINT('',(-11.,-4.,-32.));
#12800 = VECTOR('',#12801,1.);
#12801 = DIRECTION('',(-0.,1.,0.));
#12802 = PCURVE('',#12770,#12803);
#12803 = DEFINITIONAL_REPRESENTATION('',(#12804),#12808);
#12804 = LINE('',#12805,#12806);
#12805 = CARTESIAN_POINT('',(0.,0.));
#12806 = VECTOR('',#12807,1.);
#12807 = DIRECTION('',(0.,-1.));
#12808 = ( GEOMETRIC_REPRESENTATION_CONTEXT(2) 
PARAMETRIC_REPRESENTATION_CONTEXT() REPRESENTATION_CONTEXT('2D SPACE',''
  ) );
#12809 = PCURVE('',#12810,#12815);
#12810 = PLANE('',#12811);
#12811 = AXIS2_PLACEMENT_3D('',#12812,#12813,#12814);
#12812 = CARTESIAN_POINT('',(-11.,-4.,-32.));
#12813 = DIRECTION('',(0.,0.,1.));
#12814 = DIRECTION('',(1.,0.,-0.));
#12815 = DEFINITIONAL_REPRESENTATION('',(#12816),#12820);
#12816 = LINE('',#12817,#12818);
#12817 = CARTESIAN_POINT('',(0.,0.));
#12818 = VECTOR('',#12819,1.);
#12819 = DIRECTION('',(0.,1.));
#12820 = ( GEOMETRIC_REPRESENTATION_CONTEXT(2) 
PARAMETRIC_REPRESENTATION_CONTEXT() REPRESENTATION_CONTEXT('2D SPACE',''
  ) );
#12821 = ORIENTED_EDGE('',*,*,#12822,.T.);
#12822 = EDGE_CURVE('',#12795,#12823,#12825,.T.);
#12823 = VERTEX_POINT('',#12824);
#12824 = CARTESIAN_POINT('',(-11.,4.,32.));
#12825 = SURFACE_CURVE('',#12826,(#12830,#12837),.PCURVE_S1.);
#12826 = LINE('',#12827,#12828);
#12827 = CARTESIAN_POINT('',(-11.,4.,-32.));
#12828 = VECTOR('',#12829,1.);
#12829 = DIRECTION('',(0.,0.,1.));
#12830 = PCURVE('',#12770,#12831);
#12831 = DEFINITIONAL_REPRESENTATION('',(#12832),#12836);
#12832 = LINE('',#12833,#12834);
#12833 = CARTESIAN_POINT('',(0.,-8.));
#12834 = VECTOR('',#12835,1.);
#12835 = DIRECTION('',(1.,0.));
#12836 = ( GEOMETRIC_REPRESENTATION_CONTEXT(2) 
PARAMETRIC_REPRESENTATION_CONTEXT() REPRESENTATION_CONTEXT('2D SPACE',''
  ) );
#12837 = PCURVE('',#12838,#12843);
#12838 = PLANE('',#12839);
#12839 = AXIS2_PLACEMENT_3D('',#12840,#12841,#12842);
#12840 = CARTESIAN_POINT('',(-11.,4.,-32.));
#12841 = DIRECTION('',(-0.,1.,0.));
#12842 = DIRECTION('',(0.,0.,1.));
#12843 = DEFINITIONAL_REPRESENTATION('',(#12844),#12848);
#12844 = LINE('',#12845,#12846);
#12845 = CARTESIAN_POINT('',(0.,0.));
#12846 = VECTOR('',#12847,1.);
#12847 = DIRECTION('',(1.,0.));
#12848 = ( GEOMETRIC_REPRESENTATION_CONTEXT(2) 
PARAMETRIC_REPRESENTATION_CONTEXT() REPRESENTATION_CONTEXT('2D SPACE',''
  ) );
#12849 = ORIENTED_EDGE('',*,*,#12850,.F.);
#12850 = EDGE_CURVE('',#12762,#12823,#12851,.T.);
#12851 = SURFACE_CURVE('',#12852,(#12856,#12863),.PCURVE_S1.);
#12852 = LINE('',#12853,#12854);
#12853 = CARTESIAN_POINT('',(-11.,-4.,32.));
#12854 = VECTOR('',#12855,1.);
#12855 = DIRECTION('',(-0.,1.,0.));
#12856 = PCURVE('',#12770,#12857);
#12857 = DEFINITIONAL_REPRESENTATION('',(#12858),#12862);
#12858 = LINE('',#12859,#12860);
#12859 = CARTESIAN_POINT('',(64.,0.));
#12860 = VECTOR('',#12861,1.);
#12861 = DIRECTION('',(0.,-1.));
#12862 = ( GEOMETRIC_REPRESENTATION_CONTEXT(2) 
PARAMETRIC_REPRESENTATION_CONTEXT() REPRESENTATION_CONTEXT('2D SPACE',''
  ) );
#12863 = PCURVE('',#12864,#12869);
#12864 = PLANE('',#12865);
#12865 = AXIS2_PLACEMENT_3D('',#12866,#12867,#12868);
#12866 = CARTESIAN_POINT('',(-11.,-4.,32.));
#12867 = DIRECTION('',(0.,0.,1.));
#12868 = DIRECTION('',(1.,0.,-0.));
#12869 = DEFINITIONAL_REPRESENTATION('',(#12870),#12874);
#12870 = LINE('',#12871,#12872);
#12871 = CARTESIAN_POINT('',(0.,0.));
#12872 = VECTOR('',#12873,1.);
#12873 = DIRECTION('',(0.,1.));
#12874 = ( GEOMETRIC_REPRESENTATION_CONTEXT(2) 
PARAMETRIC_REPRESENTATION_CONTEXT() REPRESENTATION_CONTEXT('2D SPACE',''
  ) );
#12875 = ADVANCED_FACE('',(#12876),#12890,.T.);
#12876 = FACE_BOUND('',#12877,.T.);
#12877 = EDGE_LOOP('',(#12878,#12908,#12931,#12954));
#12878 = ORIENTED_EDGE('',*,*,#12879,.F.);
#12879 = EDGE_CURVE('',#12880,#12882,#12884,.T.);
#12880 = VERTEX_POINT('',#12881);
#12881 = CARTESIAN_POINT('',(11.,-4.,-32.));
#12882 = VERTEX_POINT('',#12883);
#12883 = CARTESIAN_POINT('',(11.,-4.,32.));
#12884 = SURFACE_CURVE('',#12885,(#12889,#12901),.PCURVE_S1.);
#12885 = LINE('',#12886,#12887);
#12886 = CARTESIAN_POINT('',(11.,-4.,-32.));
#12887 = VECTOR('',#12888,1.);
#12888 = DIRECTION('',(0.,0.,1.));
#12889 = PCURVE('',#12890,#12895);
#12890 = PLANE('',#12891);
#12891 = AXIS2_PLACEMENT_3D('',#12892,#12893,#12894);
#12892 = CARTESIAN_POINT('',(11.,-4.,-32.));
#12893 = DIRECTION('',(1.,0.,-0.));
#12894 = DIRECTION('',(0.,0.,1.));
#12895 = DEFINITIONAL_REPRESENTATION('',(#12896),#12900);
#12896 = LINE('',#12897,#12898);
#12897 = CARTESIAN_POINT('',(0.,0.));
#12898 = VECTOR('',#12899,1.);
#12899 = DIRECTION('',(1.,0.));
#12900 = ( GEOMETRIC_REPRESENTATION_CONTEXT(2) 
PARAMETRIC_REPRESENTATION_CONTEXT() REPRESENTATION_CONTEXT('2D SPACE',''
  ) );
#12901 = PCURVE('',#12782,#12902);
#12902 = DEFINITIONAL_REPRESENTATION('',(#12903),#12907);
#12903 = LINE('',#12904,#12905);
#12904 = CARTESIAN_POINT('',(0.,22.));
#12905 = VECTOR('',#12906,1.);
#12906 = DIRECTION('',(1.,0.));
#12907 = ( GEOMETRIC_REPRESENTATION_CONTEXT(2) 
PARAMETRIC_REPRESENTATION_CONTEXT() REPRESENTATION_CONTEXT('2D SPACE',''
  ) );
#12908 = ORIENTED_EDGE('',*,*,#12909,.T.);
#12909 = EDGE_CURVE('',#12880,#12910,#12912,.T.);
#12910 = VERTEX_POINT('',#12911);
#12911 = CARTESIAN_POINT('',(11.,4.,-32.));
#12912 = SURFACE_CURVE('',#12913,(#12917,#12924),.PCURVE_S1.);
#12913 = LINE('',#12914,#12915);
#12914 = CARTESIAN_POINT('',(11.,-4.,-32.));
#12915 = VECTOR('',#12916,1.);
#12916 = DIRECTION('',(-0.,1.,0.));
#12917 = PCURVE('',#12890,#12918);
#12918 = DEFINITIONAL_REPRESENTATION('',(#12919),#12923);
#12919 = LINE('',#12920,#12921);
#12920 = CARTESIAN_POINT('',(0.,0.));
#12921 = VECTOR('',#12922,1.);
#12922 = DIRECTION('',(0.,-1.));
#12923 = ( GEOMETRIC_REPRESENTATION_CONTEXT(2) 
PARAMETRIC_REPRESENTATION_CONTEXT() REPRESENTATION_CONTEXT('2D SPACE',''
  ) );
#12924 = PCURVE('',#12810,#12925);
#12925 = DEFINITIONAL_REPRESENTATION('',(#12926),#12930);
#12926 = LINE('',#12927,#12928);
#12927 = CARTESIAN_POINT('',(22.,0.));
#12928 = VECTOR('',#12929,1.);
#12929 = DIRECTION('',(0.,1.));
#12930 = ( GEOMETRIC_REPRESENTATION_CONTEXT(2) 
PARAMETRIC_REPRESENTATION_CONTEXT() REPRESENTATION_CONTEXT('2D SPACE',''
  ) );
#12931 = ORIENTED_EDGE('',*,*,#12932,.T.);
#12932 = EDGE_CURVE('',#12910,#12933,#12935,.T.);
#12933 = VERTEX_POINT('',#12934);
#12934 = CARTESIAN_POINT('',(11.,4.,32.));
#12935 = SURFACE_CURVE('',#12936,(#12940,#12947),.PCURVE_S1.);
#12936 = LINE('',#12937,#12938);
#12937 = CARTESIAN_POINT('',(11.,4.,-32.));
#12938 = VECTOR('',#12939,1.);
#12939 = DIRECTION('',(0.,0.,1.));
#12940 = PCURVE('',#12890,#12941);
#12941 = DEFINITIONAL_REPRESENTATION('',(#12942),#12946);
#12942 = LINE('',#12943,#12944);
#12943 = CARTESIAN_POINT('',(0.,-8.));
#12944 = VECTOR('',#12945,1.);
#12945 = DIRECTION('',(1.,0.));
#12946 = ( GEOMETRIC_REPRESENTATION_CONTEXT(2) 
PARAMETRIC_REPRESENTATION_CONTEXT() REPRESENTATION_CONTEXT('2D SPACE',''
  ) );
#12947 = PCURVE('',#12838,#12948);
#12948 = DEFINITIONAL_REPRESENTATION('',(#12949),#12953);
#12949 = LINE('',#12950,#12951);
#12950 = CARTESIAN_POINT('',(0.,22.));
#12951 = VECTOR('',#12952,1.);
#12952 = DIRECTION('',(1.,0.));
#12953 = ( GEOMETRIC_REPRESENTATION_CONTEXT(2) 
PARAMETRIC_REPRESENTATION_CONTEXT() REPRESENTATION_CONTEXT('2D SPACE',''
  ) );
#12954 = ORIENTED_EDGE('',*,*,#12955,.F.);
#12955 = EDGE_CURVE('',#12882,#12933,#12956,.T.);
#12956 = SURFACE_CURVE('',#12957,(#12961,#12968),.PCURVE_S1.);
#12957 = LINE('',#12958,#12959);
#12958 = CARTESIAN_POINT('',(11.,-4.,32.));
#12959 = VECTOR('',#12960,1.);
#12960 = DIRECTION('',(-0.,1.,0.));
#12961 = PCURVE('',#12890,#12962);
#12962 = DEFINITIONAL_REPRESENTATION('',(#12963),#12967);
#12963 = LINE('',#12964,#12965);
#12964 = CARTESIAN_POINT('',(64.,0.));
#12965 = VECTOR('',#12966,1.);
#12966 = DIRECTION('',(0.,-1.));
#12967 = ( GEOMETRIC_REPRESENTATION_CONTEXT(2) 
PARAMETRIC_REPRESENTATION_CONTEXT() REPRESENTATION_CONTEXT('2D SPACE',''
  ) );
#12968 = PCURVE('',#12864,#12969);
#12969 = DEFINITIONAL_REPRESENTATION('',(#12970),#12974);
#12970 = LINE('',#12971,#12972);
#12971 = CARTESIAN_POINT('',(22.,0.));
#12972 = VECTOR('',#12973,1.);
#12973 = DIRECTION('',(0.,1.));
#12974 = ( GEOMETRIC_REPRESENTATION_CONTEXT(2) 
PARAMETRIC_REPRESENTATION_CONTEXT() REPRESENTATION_CONTEXT('2D SPACE',''
  ) );
#12975 = ADVANCED_FACE('',(#12976),#12782,.F.);
#12976 = FACE_BOUND('',#12977,.F.);
#12977 = EDGE_LOOP('',(#12978,#12999,#13000,#13021));
#12978 = ORIENTED_EDGE('',*,*,#12979,.F.);
#12979 = EDGE_CURVE('',#12760,#12880,#12980,.T.);
#12980 = SURFACE_CURVE('',#12981,(#12985,#12992),.PCURVE_S1.);
#12981 = LINE('',#12982,#12983);
#12982 = CARTESIAN_POINT('',(-11.,-4.,-32.));
#12983 = VECTOR('',#12984,1.);
#12984 = DIRECTION('',(1.,0.,-0.));
#12985 = PCURVE('',#12782,#12986);
#12986 = DEFINITIONAL_REPRESENTATION('',(#12987),#12991);
#12987 = LINE('',#12988,#12989);
#12988 = CARTESIAN_POINT('',(0.,0.));
#12989 = VECTOR('',#12990,1.);
#12990 = DIRECTION('',(0.,1.));
#12991 = ( GEOMETRIC_REPRESENTATION_CONTEXT(2) 
PARAMETRIC_REPRESENTATION_CONTEXT() REPRESENTATION_CONTEXT('2D SPACE',''
  ) );
#12992 = PCURVE('',#12810,#12993);
#12993 = DEFINITIONAL_REPRESENTATION('',(#12994),#12998);
#12994 = LINE('',#12995,#12996);
#12995 = CARTESIAN_POINT('',(0.,0.));
#12996 = VECTOR('',#12997,1.);
#12997 = DIRECTION('',(1.,0.));
#12998 = ( GEOMETRIC_REPRESENTATION_CONTEXT(2) 
PARAMETRIC_REPRESENTATION_CONTEXT() REPRESENTATION_CONTEXT('2D SPACE',''
  ) );
#12999 = ORIENTED_EDGE('',*,*,#12759,.T.);
#13000 = ORIENTED_EDGE('',*,*,#13001,.T.);
#13001 = EDGE_CURVE('',#12762,#12882,#13002,.T.);
#13002 = SURFACE_CURVE('',#13003,(#13007,#13014),.PCURVE_S1.);
#13003 = LINE('',#13004,#13005);
#13004 = CARTESIAN_POINT('',(-11.,-4.,32.));
#13005 = VECTOR('',#13006,1.);
#13006 = DIRECTION('',(1.,0.,-0.));
#13007 = PCURVE('',#12782,#13008);
#13008 = DEFINITIONAL_REPRESENTATION('',(#13009),#13013);
#13009 = LINE('',#13010,#13011);
#13010 = CARTESIAN_POINT('',(64.,0.));
#13011 = VECTOR('',#13012,1.);
#13012 = DIRECTION('',(0.,1.));
#13013 = ( GEOMETRIC_REPRESENTATION_CONTEXT(2) 
PARAMETRIC_REPRESENTATION_CONTEXT() REPRESENTATION_CONTEXT('2D SPACE',''
  ) );
#13014 = PCURVE('',#12864,#13015);
#13015 = DEFINITIONAL_REPRESENTATION('',(#13016),#13020);
#13016 = LINE('',#13017,#13018);
#13017 = CARTESIAN_POINT('',(0.,0.));
#13018 = VECTOR('',#13019,1.);
#13019 = DIRECTION('',(1.,0.));
#13020 = ( GEOMETRIC_REPRESENTATION_CONTEXT(2) 
PARAMETRIC_REPRESENTATION_CONTEXT() REPRESENTATION_CONTEXT('2D SPACE',''
  ) );
#13021 = ORIENTED_EDGE('',*,*,#12879,.F.);
#13022 = ADVANCED_FACE('',(#13023),#12838,.T.);
#13023 = FACE_BOUND('',#13024,.T.);
#13024 = EDGE_LOOP('',(#13025,#13046,#13047,#13068));
#13025 = ORIENTED_EDGE('',*,*,#13026,.F.);
#13026 = EDGE_CURVE('',#12795,#12910,#13027,.T.);
#13027 = SURFACE_CURVE('',#13028,(#13032,#13039),.PCURVE_S1.);
#13028 = LINE('',#13029,#13030);
#13029 = CARTESIAN_POINT('',(-11.,4.,-32.));
#13030 = VECTOR('',#13031,1.);
#13031 = DIRECTION('',(1.,0.,-0.));
#13032 = PCURVE('',#12838,#13033);
#13033 = DEFINITIONAL_REPRESENTATION('',(#13034),#13038);
#13034 = LINE('',#13035,#13036);
#13035 = CARTESIAN_POINT('',(0.,0.));
#13036 = VECTOR('',#13037,1.);
#13037 = DIRECTION('',(0.,1.));
#13038 = ( GEOMETRIC_REPRESENTATION_CONTEXT(2) 
PARAMETRIC_REPRESENTATION_CONTEXT() REPRESENTATION_CONTEXT('2D SPACE',''
  ) );
#13039 = PCURVE('',#12810,#13040);
#13040 = DEFINITIONAL_REPRESENTATION('',(#13041),#13045);
#13041 = LINE('',#13042,#13043);
#13042 = CARTESIAN_POINT('',(0.,8.));
#13043 = VECTOR('',#13044,1.);
#13044 = DIRECTION('',(1.,0.));
#13045 = ( GEOMETRIC_REPRESENTATION_CONTEXT(2) 
PARAMETRIC_REPRESENTATION_CONTEXT() REPRESENTATION_CONTEXT('2D SPACE',''
  ) );
#13046 = ORIENTED_EDGE('',*,*,#12822,.T.);
#13047 = ORIENTED_EDGE('',*,*,#13048,.T.);
#13048 = EDGE_CURVE('',#12823,#12933,#13049,.T.);
#13049 = SURFACE_CURVE('',#13050,(#13054,#13061),.PCURVE_S1.);
#13050 = LINE('',#13051,#13052);
#13051 = CARTESIAN_POINT('',(-11.,4.,32.));
#13052 = VECTOR('',#13053,1.);
#13053 = DIRECTION('',(1.,0.,-0.));
#13054 = PCURVE('',#12838,#13055);
#13055 = DEFINITIONAL_REPRESENTATION('',(#13056),#13060);
#13056 = LINE('',#13057,#13058);
#13057 = CARTESIAN_POINT('',(64.,0.));
#13058 = VECTOR('',#13059,1.);
#13059 = DIRECTION('',(0.,1.));
#13060 = ( GEOMETRIC_REPRESENTATION_CONTEXT(2) 
PARAMETRIC_REPRESENTATION_CONTEXT() REPRESENTATION_CONTEXT('2D SPACE',''
  ) );
#13061 = PCURVE('',#12864,#13062);
#13062 = DEFINITIONAL_REPRESENTATION('',(#13063),#13067);
#13063 = LINE('',#13064,#13065);
#13064 = CARTESIAN_POINT('',(0.,8.));
#13065 = VECTOR('',#13066,1.);
#13066 = DIRECTION('',(1.,0.));
#13067 = ( GEOMETRIC_REPRESENTATION_CONTEXT(2) 
PARAMETRIC_REPRESENTATION_CONTEXT() REPRESENTATION_CONTEXT('2D SPACE',''
  ) );
#13068 = ORIENTED_EDGE('',*,*,#12932,.F.);
#13069 = ADVANCED_FACE('',(#13070),#12810,.F.);
#13070 = FACE_BOUND('',#13071,.F.);
#13071 = EDGE_LOOP('',(#13072,#13073,#13074,#13075));
#13072 = ORIENTED_EDGE('',*,*,#12794,.F.);
#13073 = ORIENTED_EDGE('',*,*,#12979,.T.);
#13074 = ORIENTED_EDGE('',*,*,#12909,.T.);
#13075 = ORIENTED_EDGE('',*,*,#13026,.F.);
#13076 = ADVANCED_FACE('',(#13077),#12864,.T.);
#13077 = FACE_BOUND('',#13078,.T.);
#13078 = EDGE_LOOP('',(#13079,#13080,#13081,#13082));
#13079 = ORIENTED_EDGE('',*,*,#12850,.F.);
#13080 = ORIENTED_EDGE('',*,*,#13001,.T.);
#13081 = ORIENTED_EDGE('',*,*,#12955,.T.);
#13082 = ORIENTED_EDGE('',*,*,#13048,.F.);
#13083 = ( GEOMETRIC_REPRESENTATION_CONTEXT(3) 
GLOBAL_UNCERTAINTY_ASSIGNED_CONTEXT((#13087)) 
GLOBAL_UNIT_ASSIGNED_CONTEXT((#13084,#13085,#13086)) 
REPRESENTATION_CONTEXT('Context #1',
  '3D Context with UNIT and UNCERTAINTY') );
#13084 = ( LENGTH_UNIT() NAMED_UNIT(*) SI_UNIT(.MILLI.,.METRE.) );
#13085 = ( NAMED_UNIT(*) PLANE_ANGLE_UNIT() SI_UNIT($,.RADIAN.) );
#13086 = ( NAMED_UNIT(*) SI_UNIT($,.STERADIAN.) SOLID_ANGLE_UNIT() );
#13087 = UNCERTAINTY_MEASURE_WITH_UNIT(LENGTH_MEASURE(1.E-07),#13084,
  'distance_accuracy_value','confusion accuracy');
#13088 = CONTEXT_DEPENDENT_SHAPE_REPRESENTATION(#13089,#13091);
#13089 = ( REPRESENTATION_RELATIONSHIP('','',#12752,#12023) 
REPRESENTATION_RELATIONSHIP_WITH_TRANSFORMATION(#13090) 
SHAPE_REPRESENTATION_RELATIONSHIP() );
#13090 = ITEM_DEFINED_TRANSFORMATION('','',#11,#12032);
#13091 = PRODUCT_DEFINITION_SHAPE('Placement','Placement of an item',
  #13092);
#13092 = NEXT_ASSEMBLY_USAGE_OCCURRENCE('219','=>[0:1:1:100]','',#12018,
  #12747,$);
#13093 = PRODUCT_RELATED_PRODUCT_CATEGORY('part',$,(#12749));
#13094 = SHAPE_DEFINITION_REPRESENTATION(#13095,#13101);
#13095 = PRODUCT_DEFINITION_SHAPE('','',#13096);
#13096 = PRODUCT_DEFINITION('design','',#13097,#13100);
#13097 = PRODUCT_DEFINITION_FORMATION('','',#13098);
#13098 = PRODUCT('SOLID','SOLID','',(#13099));
#13099 = PRODUCT_CONTEXT('',#2,'mechanical');
#13100 = PRODUCT_DEFINITION_CONTEXT('part definition',#2,'design');
#13101 = ADVANCED_BREP_SHAPE_REPRESENTATION('',(#11,#13102),#13200);
#13102 = MANIFOLD_SOLID_BREP('',#13103);
#13103 = CLOSED_SHELL('',(#13104,#13192,#13196));
#13104 = ADVANCED_FACE('',(#13105),#13118,.T.);
#13105 = FACE_BOUND('',#13106,.T.);
#13106 = EDGE_LOOP('',(#13107,#13141,#13164,#13191));
#13107 = ORIENTED_EDGE('',*,*,#13108,.F.);
#13108 = EDGE_CURVE('',#13109,#13109,#13111,.T.);
#13109 = VERTEX_POINT('',#13110);
#13110 = CARTESIAN_POINT('',(491.80786890743,-167.2962120434,
    867.00635109512));
#13111 = SURFACE_CURVE('',#13112,(#13117,#13129),.PCURVE_S1.);
#13112 = CIRCLE('',#13113,5.);
#13113 = AXIS2_PLACEMENT_3D('',#13114,#13115,#13116);
#13114 = CARTESIAN_POINT('',(487.60197653055,-170.,867.00635109512));
#13115 = DIRECTION('',(-0.536894987645,0.835169980781,-0.119309997254));
#13116 = DIRECTION('',(0.841178475377,0.540757591313,6.938893903907E-18)
  );
#13117 = PCURVE('',#13118,#13123);
#13118 = CYLINDRICAL_SURFACE('',#13119,5.);
#13119 = AXIS2_PLACEMENT_3D('',#13120,#13121,#13122);
#13120 = CARTESIAN_POINT('',(532.60197653055,-240.,877.00635109512));
#13121 = DIRECTION('',(-0.536894987645,0.835169980781,-0.119309997254));
#13122 = DIRECTION('',(0.841178475377,0.540757591313,0.));
#13123 = DEFINITIONAL_REPRESENTATION('',(#13124),#13128);
#13124 = LINE('',#13125,#13126);
#13125 = CARTESIAN_POINT('',(0.,83.815273071201));
#13126 = VECTOR('',#13127,1.);
#13127 = DIRECTION('',(1.,0.));
#13128 = ( GEOMETRIC_REPRESENTATION_CONTEXT(2) 
PARAMETRIC_REPRESENTATION_CONTEXT() REPRESENTATION_CONTEXT('2D SPACE',''
  ) );
#13129 = PCURVE('',#13130,#13135);
#13130 = PLANE('',#13131);
#13131 = AXIS2_PLACEMENT_3D('',#13132,#13133,#13134);
#13132 = CARTESIAN_POINT('',(487.60197653055,-170.,867.00635109512));
#13133 = DIRECTION('',(-0.536894987645,0.835169980781,-0.119309997254));
#13134 = DIRECTION('',(0.841178475377,0.540757591313,0.));
#13135 = DEFINITIONAL_REPRESENTATION('',(#13136),#13140);
#13136 = CIRCLE('',#13137,5.);
#13137 = AXIS2_PLACEMENT_2D('',#13138,#13139);
#13138 = CARTESIAN_POINT('',(0.,0.));
#13139 = DIRECTION('',(1.,0.));
#13140 = ( GEOMETRIC_REPRESENTATION_CONTEXT(2) 
PARAMETRIC_REPRESENTATION_CONTEXT() REPRESENTATION_CONTEXT('2D SPACE',''
  ) );
#13141 = ORIENTED_EDGE('',*,*,#13142,.F.);
#13142 = EDGE_CURVE('',#13143,#13109,#13145,.T.);
#13143 = VERTEX_POINT('',#13144);
#13144 = CARTESIAN_POINT('',(536.80786890743,-237.2962120434,
    877.00635109512));
#13145 = SEAM_CURVE('',#13146,(#13150,#13157),.PCURVE_S1.);
#13146 = LINE('',#13147,#13148);
#13147 = CARTESIAN_POINT('',(536.80786890743,-237.2962120434,
    877.00635109512));
#13148 = VECTOR('',#13149,1.);
#13149 = DIRECTION('',(-0.536894987645,0.835169980781,-0.119309997254));
#13150 = PCURVE('',#13118,#13151);
#13151 = DEFINITIONAL_REPRESENTATION('',(#13152),#13156);
#13152 = LINE('',#13153,#13154);
#13153 = CARTESIAN_POINT('',(6.28318530718,-0.));
#13154 = VECTOR('',#13155,1.);
#13155 = DIRECTION('',(0.,1.));
#13156 = ( GEOMETRIC_REPRESENTATION_CONTEXT(2) 
PARAMETRIC_REPRESENTATION_CONTEXT() REPRESENTATION_CONTEXT('2D SPACE',''
  ) );
#13157 = PCURVE('',#13118,#13158);
#13158 = DEFINITIONAL_REPRESENTATION('',(#13159),#13163);
#13159 = LINE('',#13160,#13161);
#13160 = CARTESIAN_POINT('',(0.,-0.));
#13161 = VECTOR('',#13162,1.);
#13162 = DIRECTION('',(0.,1.));
#13163 = ( GEOMETRIC_REPRESENTATION_CONTEXT(2) 
PARAMETRIC_REPRESENTATION_CONTEXT() REPRESENTATION_CONTEXT('2D SPACE',''
  ) );
#13164 = ORIENTED_EDGE('',*,*,#13165,.T.);
#13165 = EDGE_CURVE('',#13143,#13143,#13166,.T.);
#13166 = SURFACE_CURVE('',#13167,(#13172,#13179),.PCURVE_S1.);
#13167 = CIRCLE('',#13168,5.);
#13168 = AXIS2_PLACEMENT_3D('',#13169,#13170,#13171);
#13169 = CARTESIAN_POINT('',(532.60197653055,-240.,877.00635109512));
#13170 = DIRECTION('',(-0.536894987645,0.835169980781,-0.119309997254));
#13171 = DIRECTION('',(0.841178475377,0.540757591313,6.938893903907E-18)
  );
#13172 = PCURVE('',#13118,#13173);
#13173 = DEFINITIONAL_REPRESENTATION('',(#13174),#13178);
#13174 = LINE('',#13175,#13176);
#13175 = CARTESIAN_POINT('',(0.,0.));
#13176 = VECTOR('',#13177,1.);
#13177 = DIRECTION('',(1.,0.));
#13178 = ( GEOMETRIC_REPRESENTATION_CONTEXT(2) 
PARAMETRIC_REPRESENTATION_CONTEXT() REPRESENTATION_CONTEXT('2D SPACE',''
  ) );
#13179 = PCURVE('',#13180,#13185);
#13180 = PLANE('',#13181);
#13181 = AXIS2_PLACEMENT_3D('',#13182,#13183,#13184);
#13182 = CARTESIAN_POINT('',(532.60197653055,-240.,877.00635109512));
#13183 = DIRECTION('',(-0.536894987645,0.835169980781,-0.119309997254));
#13184 = DIRECTION('',(0.841178475377,0.540757591313,0.));
#13185 = DEFINITIONAL_REPRESENTATION('',(#13186),#13190);
#13186 = CIRCLE('',#13187,5.);
#13187 = AXIS2_PLACEMENT_2D('',#13188,#13189);
#13188 = CARTESIAN_POINT('',(0.,0.));
#13189 = DIRECTION('',(1.,0.));
#13190 = ( GEOMETRIC_REPRESENTATION_CONTEXT(2) 
PARAMETRIC_REPRESENTATION_CONTEXT() REPRESENTATION_CONTEXT('2D SPACE',''
  ) );
#13191 = ORIENTED_EDGE('',*,*,#13142,.T.);
#13192 = ADVANCED_FACE('',(#13193),#13130,.T.);
#13193 = FACE_BOUND('',#13194,.T.);
#13194 = EDGE_LOOP('',(#13195));
#13195 = ORIENTED_EDGE('',*,*,#13108,.T.);
#13196 = ADVANCED_FACE('',(#13197),#13180,.F.);
#13197 = FACE_BOUND('',#13198,.T.);
#13198 = EDGE_LOOP('',(#13199));
#13199 = ORIENTED_EDGE('',*,*,#13165,.F.);
#13200 = ( GEOMETRIC_REPRESENTATION_CONTEXT(3) 
GLOBAL_UNCERTAINTY_ASSIGNED_CONTEXT((#13204)) 
GLOBAL_UNIT_ASSIGNED_CONTEXT((#13201,#13202,#13203)) 
REPRESENTATION_CONTEXT('Context #1',
  '3D Context with UNIT and UNCERTAINTY') );
#13201 = ( LENGTH_UNIT() NAMED_UNIT(*) SI_UNIT(.MILLI.,.METRE.) );
#13202 = ( NAMED_UNIT(*) PLANE_ANGLE_UNIT() SI_UNIT($,.RADIAN.) );
#13203 = ( NAMED_UNIT(*) SI_UNIT($,.STERADIAN.) SOLID_ANGLE_UNIT() );
#13204 = UNCERTAINTY_MEASURE_WITH_UNIT(LENGTH_MEASURE(1.E-07),#13201,
  'distance_accuracy_value','confusion accuracy');
#13205 = CONTEXT_DEPENDENT_SHAPE_REPRESENTATION(#13206,#13208);
#13206 = ( REPRESENTATION_RELATIONSHIP('','',#13101,#11996) 
REPRESENTATION_RELATIONSHIP_WITH_TRANSFORMATION(#13207) 
SHAPE_REPRESENTATION_RELATIONSHIP() );
#13207 = ITEM_DEFINED_TRANSFORMATION('','',#11,#12001);
#13208 = PRODUCT_DEFINITION_SHAPE('Placement','Placement of an item',
  #13209);
#13209 = NEXT_ASSEMBLY_USAGE_OCCURRENCE('221','=>[0:1:1:101]','',#11991,
  #13096,$);
#13210 = PRODUCT_RELATED_PRODUCT_CATEGORY('part',$,(#13098));
#13211 = SHAPE_DEFINITION_REPRESENTATION(#13212,#13218);
#13212 = PRODUCT_DEFINITION_SHAPE('','',#13213);
#13213 = PRODUCT_DEFINITION('design','',#13214,#13217);
#13214 = PRODUCT_DEFINITION_FORMATION('','',#13215);
#13215 = PRODUCT('COMPOUND','COMPOUND','',(#13216));
#13216 = PRODUCT_CONTEXT('',#2,'mechanical');
#13217 = PRODUCT_DEFINITION_CONTEXT('part definition',#2,'design');
#13218 = SHAPE_REPRESENTATION('',(#11,#13219,#13223,#13227,#13231,#13235
    ,#13239,#13243,#13247,#13251,#13255),#13259);
#13219 = AXIS2_PLACEMENT_3D('',#13220,#13221,#13222);
#13220 = CARTESIAN_POINT('',(0.,0.,0.));
#13221 = DIRECTION('',(0.,0.,1.));
#13222 = DIRECTION('',(1.,0.,-0.));
#13223 = AXIS2_PLACEMENT_3D('',#13224,#13225,#13226);
#13224 = CARTESIAN_POINT('',(0.,0.,0.));
#13225 = DIRECTION('',(0.,0.,1.));
#13226 = DIRECTION('',(1.,0.,-0.));
#13227 = AXIS2_PLACEMENT_3D('',#13228,#13229,#13230);
#13228 = CARTESIAN_POINT('',(0.,0.,0.));
#13229 = DIRECTION('',(0.,0.,1.));
#13230 = DIRECTION('',(1.,0.,-0.));
#13231 = AXIS2_PLACEMENT_3D('',#13232,#13233,#13234);
#13232 = CARTESIAN_POINT('',(0.,0.,0.));
#13233 = DIRECTION('',(0.,0.,1.));
#13234 = DIRECTION('',(1.,0.,-0.));
#13235 = AXIS2_PLACEMENT_3D('',#13236,#13237,#13238);
#13236 = CARTESIAN_POINT('',(0.,0.,0.));
#13237 = DIRECTION('',(0.,0.,1.));
#13238 = DIRECTION('',(1.,0.,-0.));
#13239 = AXIS2_PLACEMENT_3D('',#13240,#13241,#13242);
#13240 = CARTESIAN_POINT('',(0.,0.,0.));
#13241 = DIRECTION('',(0.,0.,1.));
#13242 = DIRECTION('',(1.,0.,-0.));
#13243 = AXIS2_PLACEMENT_3D('',#13244,#13245,#13246);
#13244 = CARTESIAN_POINT('',(0.,0.,0.));
#13245 = DIRECTION('',(0.,0.,1.));
#13246 = DIRECTION('',(1.,0.,-0.));
#13247 = AXIS2_PLACEMENT_3D('',#13248,#13249,#13250);
#13248 = CARTESIAN_POINT('',(0.,0.,0.));
#13249 = DIRECTION('',(0.,0.,1.));
#13250 = DIRECTION('',(1.,0.,-0.));
#13251 = AXIS2_PLACEMENT_3D('',#13252,#13253,#13254);
#13252 = CARTESIAN_POINT('',(0.,0.,0.));
#13253 = DIRECTION('',(0.,0.,1.));
#13254 = DIRECTION('',(1.,0.,-0.));
#13255 = AXIS2_PLACEMENT_3D('',#13256,#13257,#13258);
#13256 = CARTESIAN_POINT('',(0.,0.,0.));
#13257 = DIRECTION('',(0.,0.,1.));
#13258 = DIRECTION('',(1.,0.,-0.));
#13259 = ( GEOMETRIC_REPRESENTATION_CONTEXT(3) 
GLOBAL_UNCERTAINTY_ASSIGNED_CONTEXT((#13263)) 
GLOBAL_UNIT_ASSIGNED_CONTEXT((#13260,#13261,#13262)) 
REPRESENTATION_CONTEXT('Context #1',
  '3D Context with UNIT and UNCERTAINTY') );
#13260 = ( LENGTH_UNIT() NAMED_UNIT(*) SI_UNIT(.MILLI.,.METRE.) );
#13261 = ( NAMED_UNIT(*) PLANE_ANGLE_UNIT() SI_UNIT($,.RADIAN.) );
#13262 = ( NAMED_UNIT(*) SI_UNIT($,.STERADIAN.) SOLID_ANGLE_UNIT() );
#13263 = UNCERTAINTY_MEASURE_WITH_UNIT(LENGTH_MEASURE(1.E-07),#13260,
  'distance_accuracy_value','confusion accuracy');
#13264 = CONTEXT_DEPENDENT_SHAPE_REPRESENTATION(#13265,#13267);
#13265 = ( REPRESENTATION_RELATIONSHIP('','',#13218,#10) 
REPRESENTATION_RELATIONSHIP_WITH_TRANSFORMATION(#13266) 
SHAPE_REPRESENTATION_RELATIONSHIP() );
#13266 = ITEM_DEFINED_TRANSFORMATION('','',#11,#63);
#13267 = PRODUCT_DEFINITION_SHAPE('Placement','Placement of an item',
  #13268);
#13268 = NEXT_ASSEMBLY_USAGE_OCCURRENCE('233','=>[0:1:1:102]','',#5,
  #13213,$);
#13269 = PRODUCT_RELATED_PRODUCT_CATEGORY('part',$,(#13215));
#13270 = SHAPE_DEFINITION_REPRESENTATION(#13271,#13277);
#13271 = PRODUCT_DEFINITION_SHAPE('','',#13272);
#13272 = PRODUCT_DEFINITION('design','',#13273,#13276);
#13273 = PRODUCT_DEFINITION_FORMATION('','',#13274);
#13274 = PRODUCT('SOLID','SOLID','',(#13275));
#13275 = PRODUCT_CONTEXT('',#2,'mechanical');
#13276 = PRODUCT_DEFINITION_CONTEXT('part definition',#2,'design');
#13277 = ADVANCED_BREP_SHAPE_REPRESENTATION('',(#11,#13278),#13376);
#13278 = MANIFOLD_SOLID_BREP('',#13279);
#13279 = CLOSED_SHELL('',(#13280,#13368,#13372));
#13280 = ADVANCED_FACE('',(#13281),#13294,.T.);
#13281 = FACE_BOUND('',#13282,.T.);
#13282 = EDGE_LOOP('',(#13283,#13317,#13340,#13367));
#13283 = ORIENTED_EDGE('',*,*,#13284,.F.);
#13284 = EDGE_CURVE('',#13285,#13285,#13287,.T.);
#13285 = VERTEX_POINT('',#13286);
#13286 = CARTESIAN_POINT('',(215.,-60.,581.));
#13287 = SURFACE_CURVE('',#13288,(#13293,#13305),.PCURVE_S1.);
#13288 = CIRCLE('',#13289,6.);
#13289 = AXIS2_PLACEMENT_3D('',#13290,#13291,#13292);
#13290 = CARTESIAN_POINT('',(215.,-60.,575.));
#13291 = DIRECTION('',(1.,0.,0.));
#13292 = DIRECTION('',(-0.,0.,1.));
#13293 = PCURVE('',#13294,#13299);
#13294 = CYLINDRICAL_SURFACE('',#13295,6.);
#13295 = AXIS2_PLACEMENT_3D('',#13296,#13297,#13298);
#13296 = CARTESIAN_POINT('',(-85.,-60.,575.));
#13297 = DIRECTION('',(1.,0.,0.));
#13298 = DIRECTION('',(-0.,0.,1.));
#13299 = DEFINITIONAL_REPRESENTATION('',(#13300),#13304);
#13300 = LINE('',#13301,#13302);
#13301 = CARTESIAN_POINT('',(0.,300.));
#13302 = VECTOR('',#13303,1.);
#13303 = DIRECTION('',(1.,0.));
#13304 = ( GEOMETRIC_REPRESENTATION_CONTEXT(2) 
PARAMETRIC_REPRESENTATION_CONTEXT() REPRESENTATION_CONTEXT('2D SPACE',''
  ) );
#13305 = PCURVE('',#13306,#13311);
#13306 = PLANE('',#13307);
#13307 = AXIS2_PLACEMENT_3D('',#13308,#13309,#13310);
#13308 = CARTESIAN_POINT('',(215.,-60.,575.));
#13309 = DIRECTION('',(1.,0.,0.));
#13310 = DIRECTION('',(-0.,0.,1.));
#13311 = DEFINITIONAL_REPRESENTATION('',(#13312),#13316);
#13312 = CIRCLE('',#13313,6.);
#13313 = AXIS2_PLACEMENT_2D('',#13314,#13315);
#13314 = CARTESIAN_POINT('',(0.,0.));
#13315 = DIRECTION('',(1.,0.));
#13316 = ( GEOMETRIC_REPRESENTATION_CONTEXT(2) 
PARAMETRIC_REPRESENTATION_CONTEXT() REPRESENTATION_CONTEXT('2D SPACE',''
  ) );
#13317 = ORIENTED_EDGE('',*,*,#13318,.F.);
#13318 = EDGE_CURVE('',#13319,#13285,#13321,.T.);
#13319 = VERTEX_POINT('',#13320);
#13320 = CARTESIAN_POINT('',(-85.,-60.,581.));
#13321 = SEAM_CURVE('',#13322,(#13326,#13333),.PCURVE_S1.);
#13322 = LINE('',#13323,#13324);
#13323 = CARTESIAN_POINT('',(-85.,-60.,581.));
#13324 = VECTOR('',#13325,1.);
#13325 = DIRECTION('',(1.,0.,0.));
#13326 = PCURVE('',#13294,#13327);
#13327 = DEFINITIONAL_REPRESENTATION('',(#13328),#13332);
#13328 = LINE('',#13329,#13330);
#13329 = CARTESIAN_POINT('',(6.28318530718,-0.));
#13330 = VECTOR('',#13331,1.);
#13331 = DIRECTION('',(0.,1.));
#13332 = ( GEOMETRIC_REPRESENTATION_CONTEXT(2) 
PARAMETRIC_REPRESENTATION_CONTEXT() REPRESENTATION_CONTEXT('2D SPACE',''
  ) );
#13333 = PCURVE('',#13294,#13334);
#13334 = DEFINITIONAL_REPRESENTATION('',(#13335),#13339);
#13335 = LINE('',#13336,#13337);
#13336 = CARTESIAN_POINT('',(0.,-0.));
#13337 = VECTOR('',#13338,1.);
#13338 = DIRECTION('',(0.,1.));
#13339 = ( GEOMETRIC_REPRESENTATION_CONTEXT(2) 
PARAMETRIC_REPRESENTATION_CONTEXT() REPRESENTATION_CONTEXT('2D SPACE',''
  ) );
#13340 = ORIENTED_EDGE('',*,*,#13341,.T.);
#13341 = EDGE_CURVE('',#13319,#13319,#13342,.T.);
#13342 = SURFACE_CURVE('',#13343,(#13348,#13355),.PCURVE_S1.);
#13343 = CIRCLE('',#13344,6.);
#13344 = AXIS2_PLACEMENT_3D('',#13345,#13346,#13347);
#13345 = CARTESIAN_POINT('',(-85.,-60.,575.));
#13346 = DIRECTION('',(1.,0.,0.));
#13347 = DIRECTION('',(-0.,0.,1.));
#13348 = PCURVE('',#13294,#13349);
#13349 = DEFINITIONAL_REPRESENTATION('',(#13350),#13354);
#13350 = LINE('',#13351,#13352);
#13351 = CARTESIAN_POINT('',(0.,0.));
#13352 = VECTOR('',#13353,1.);
#13353 = DIRECTION('',(1.,0.));
#13354 = ( GEOMETRIC_REPRESENTATION_CONTEXT(2) 
PARAMETRIC_REPRESENTATION_CONTEXT() REPRESENTATION_CONTEXT('2D SPACE',''
  ) );
#13355 = PCURVE('',#13356,#13361);
#13356 = PLANE('',#13357);
#13357 = AXIS2_PLACEMENT_3D('',#13358,#13359,#13360);
#13358 = CARTESIAN_POINT('',(-85.,-60.,575.));
#13359 = DIRECTION('',(1.,0.,0.));
#13360 = DIRECTION('',(-0.,0.,1.));
#13361 = DEFINITIONAL_REPRESENTATION('',(#13362),#13366);
#13362 = CIRCLE('',#13363,6.);
#13363 = AXIS2_PLACEMENT_2D('',#13364,#13365);
#13364 = CARTESIAN_POINT('',(0.,0.));
#13365 = DIRECTION('',(1.,0.));
#13366 = ( GEOMETRIC_REPRESENTATION_CONTEXT(2) 
PARAMETRIC_REPRESENTATION_CONTEXT() REPRESENTATION_CONTEXT('2D SPACE',''
  ) );
#13367 = ORIENTED_EDGE('',*,*,#13318,.T.);
#13368 = ADVANCED_FACE('',(#13369),#13306,.T.);
#13369 = FACE_BOUND('',#13370,.T.);
#13370 = EDGE_LOOP('',(#13371));
#13371 = ORIENTED_EDGE('',*,*,#13284,.T.);
#13372 = ADVANCED_FACE('',(#13373),#13356,.F.);
#13373 = FACE_BOUND('',#13374,.T.);
#13374 = EDGE_LOOP('',(#13375));
#13375 = ORIENTED_EDGE('',*,*,#13341,.F.);
#13376 = ( GEOMETRIC_REPRESENTATION_CONTEXT(3) 
GLOBAL_UNCERTAINTY_ASSIGNED_CONTEXT((#13380)) 
GLOBAL_UNIT_ASSIGNED_CONTEXT((#13377,#13378,#13379)) 
REPRESENTATION_CONTEXT('Context #1',
  '3D Context with UNIT and UNCERTAINTY') );
#13377 = ( LENGTH_UNIT() NAMED_UNIT(*) SI_UNIT(.MILLI.,.METRE.) );
#13378 = ( NAMED_UNIT(*) PLANE_ANGLE_UNIT() SI_UNIT($,.RADIAN.) );
#13379 = ( NAMED_UNIT(*) SI_UNIT($,.STERADIAN.) SOLID_ANGLE_UNIT() );
#13380 = UNCERTAINTY_MEASURE_WITH_UNIT(LENGTH_MEASURE(1.E-07),#13377,
  'distance_accuracy_value','confusion accuracy');
#13381 = CONTEXT_DEPENDENT_SHAPE_REPRESENTATION(#13382,#13384);
#13382 = ( REPRESENTATION_RELATIONSHIP('','',#13277,#13218) 
REPRESENTATION_RELATIONSHIP_WITH_TRANSFORMATION(#13383) 
SHAPE_REPRESENTATION_RELATIONSHIP() );
#13383 = ITEM_DEFINED_TRANSFORMATION('','',#11,#13219);
#13384 = PRODUCT_DEFINITION_SHAPE('Placement','Placement of an item',
  #13385);
#13385 = NEXT_ASSEMBLY_USAGE_OCCURRENCE('223','=>[0:1:1:103]','',#13213,
  #13272,$);
#13386 = PRODUCT_RELATED_PRODUCT_CATEGORY('part',$,(#13274));
#13387 = SHAPE_DEFINITION_REPRESENTATION(#13388,#13394);
#13388 = PRODUCT_DEFINITION_SHAPE('','',#13389);
#13389 = PRODUCT_DEFINITION('design','',#13390,#13393);
#13390 = PRODUCT_DEFINITION_FORMATION('','',#13391);
#13391 = PRODUCT('SOLID','SOLID','',(#13392));
#13392 = PRODUCT_CONTEXT('',#2,'mechanical');
#13393 = PRODUCT_DEFINITION_CONTEXT('part definition',#2,'design');
#13394 = ADVANCED_BREP_SHAPE_REPRESENTATION('',(#11,#13395),#13493);
#13395 = MANIFOLD_SOLID_BREP('',#13396);
#13396 = CLOSED_SHELL('',(#13397,#13485,#13489));
#13397 = ADVANCED_FACE('',(#13398),#13411,.T.);
#13398 = FACE_BOUND('',#13399,.T.);
#13399 = EDGE_LOOP('',(#13400,#13434,#13457,#13484));
#13400 = ORIENTED_EDGE('',*,*,#13401,.F.);
#13401 = EDGE_CURVE('',#13402,#13402,#13404,.T.);
#13402 = VERTEX_POINT('',#13403);
#13403 = CARTESIAN_POINT('',(215.,1.469576158977E-15,581.));
#13404 = SURFACE_CURVE('',#13405,(#13410,#13422),.PCURVE_S1.);
#13405 = CIRCLE('',#13406,6.);
#13406 = AXIS2_PLACEMENT_3D('',#13407,#13408,#13409);
#13407 = CARTESIAN_POINT('',(215.,0.,575.));
#13408 = DIRECTION('',(1.,0.,0.));
#13409 = DIRECTION('',(-0.,0.,1.));
#13410 = PCURVE('',#13411,#13416);
#13411 = CYLINDRICAL_SURFACE('',#13412,6.);
#13412 = AXIS2_PLACEMENT_3D('',#13413,#13414,#13415);
#13413 = CARTESIAN_POINT('',(-85.,0.,575.));
#13414 = DIRECTION('',(1.,0.,0.));
#13415 = DIRECTION('',(-0.,0.,1.));
#13416 = DEFINITIONAL_REPRESENTATION('',(#13417),#13421);
#13417 = LINE('',#13418,#13419);
#13418 = CARTESIAN_POINT('',(0.,300.));
#13419 = VECTOR('',#13420,1.);
#13420 = DIRECTION('',(1.,0.));
#13421 = ( GEOMETRIC_REPRESENTATION_CONTEXT(2) 
PARAMETRIC_REPRESENTATION_CONTEXT() REPRESENTATION_CONTEXT('2D SPACE',''
  ) );
#13422 = PCURVE('',#13423,#13428);
#13423 = PLANE('',#13424);
#13424 = AXIS2_PLACEMENT_3D('',#13425,#13426,#13427);
#13425 = CARTESIAN_POINT('',(215.,0.,575.));
#13426 = DIRECTION('',(1.,0.,0.));
#13427 = DIRECTION('',(-0.,0.,1.));
#13428 = DEFINITIONAL_REPRESENTATION('',(#13429),#13433);
#13429 = CIRCLE('',#13430,6.);
#13430 = AXIS2_PLACEMENT_2D('',#13431,#13432);
#13431 = CARTESIAN_POINT('',(0.,0.));
#13432 = DIRECTION('',(1.,0.));
#13433 = ( GEOMETRIC_REPRESENTATION_CONTEXT(2) 
PARAMETRIC_REPRESENTATION_CONTEXT() REPRESENTATION_CONTEXT('2D SPACE',''
  ) );
#13434 = ORIENTED_EDGE('',*,*,#13435,.F.);
#13435 = EDGE_CURVE('',#13436,#13402,#13438,.T.);
#13436 = VERTEX_POINT('',#13437);
#13437 = CARTESIAN_POINT('',(-85.,1.469576158977E-15,581.));
#13438 = SEAM_CURVE('',#13439,(#13443,#13450),.PCURVE_S1.);
#13439 = LINE('',#13440,#13441);
#13440 = CARTESIAN_POINT('',(-85.,1.469576158977E-15,581.));
#13441 = VECTOR('',#13442,1.);
#13442 = DIRECTION('',(1.,0.,0.));
#13443 = PCURVE('',#13411,#13444);
#13444 = DEFINITIONAL_REPRESENTATION('',(#13445),#13449);
#13445 = LINE('',#13446,#13447);
#13446 = CARTESIAN_POINT('',(6.28318530718,-0.));
#13447 = VECTOR('',#13448,1.);
#13448 = DIRECTION('',(0.,1.));
#13449 = ( GEOMETRIC_REPRESENTATION_CONTEXT(2) 
PARAMETRIC_REPRESENTATION_CONTEXT() REPRESENTATION_CONTEXT('2D SPACE',''
  ) );
#13450 = PCURVE('',#13411,#13451);
#13451 = DEFINITIONAL_REPRESENTATION('',(#13452),#13456);
#13452 = LINE('',#13453,#13454);
#13453 = CARTESIAN_POINT('',(0.,-0.));
#13454 = VECTOR('',#13455,1.);
#13455 = DIRECTION('',(0.,1.));
#13456 = ( GEOMETRIC_REPRESENTATION_CONTEXT(2) 
PARAMETRIC_REPRESENTATION_CONTEXT() REPRESENTATION_CONTEXT('2D SPACE',''
  ) );
#13457 = ORIENTED_EDGE('',*,*,#13458,.T.);
#13458 = EDGE_CURVE('',#13436,#13436,#13459,.T.);
#13459 = SURFACE_CURVE('',#13460,(#13465,#13472),.PCURVE_S1.);
#13460 = CIRCLE('',#13461,6.);
#13461 = AXIS2_PLACEMENT_3D('',#13462,#13463,#13464);
#13462 = CARTESIAN_POINT('',(-85.,0.,575.));
#13463 = DIRECTION('',(1.,0.,0.));
#13464 = DIRECTION('',(-0.,0.,1.));
#13465 = PCURVE('',#13411,#13466);
#13466 = DEFINITIONAL_REPRESENTATION('',(#13467),#13471);
#13467 = LINE('',#13468,#13469);
#13468 = CARTESIAN_POINT('',(0.,0.));
#13469 = VECTOR('',#13470,1.);
#13470 = DIRECTION('',(1.,0.));
#13471 = ( GEOMETRIC_REPRESENTATION_CONTEXT(2) 
PARAMETRIC_REPRESENTATION_CONTEXT() REPRESENTATION_CONTEXT('2D SPACE',''
  ) );
#13472 = PCURVE('',#13473,#13478);
#13473 = PLANE('',#13474);
#13474 = AXIS2_PLACEMENT_3D('',#13475,#13476,#13477);
#13475 = CARTESIAN_POINT('',(-85.,0.,575.));
#13476 = DIRECTION('',(1.,0.,0.));
#13477 = DIRECTION('',(-0.,0.,1.));
#13478 = DEFINITIONAL_REPRESENTATION('',(#13479),#13483);
#13479 = CIRCLE('',#13480,6.);
#13480 = AXIS2_PLACEMENT_2D('',#13481,#13482);
#13481 = CARTESIAN_POINT('',(0.,0.));
#13482 = DIRECTION('',(1.,0.));
#13483 = ( GEOMETRIC_REPRESENTATION_CONTEXT(2) 
PARAMETRIC_REPRESENTATION_CONTEXT() REPRESENTATION_CONTEXT('2D SPACE',''
  ) );
#13484 = ORIENTED_EDGE('',*,*,#13435,.T.);
#13485 = ADVANCED_FACE('',(#13486),#13423,.T.);
#13486 = FACE_BOUND('',#13487,.T.);
#13487 = EDGE_LOOP('',(#13488));
#13488 = ORIENTED_EDGE('',*,*,#13401,.T.);
#13489 = ADVANCED_FACE('',(#13490),#13473,.F.);
#13490 = FACE_BOUND('',#13491,.T.);
#13491 = EDGE_LOOP('',(#13492));
#13492 = ORIENTED_EDGE('',*,*,#13458,.F.);
#13493 = ( GEOMETRIC_REPRESENTATION_CONTEXT(3) 
GLOBAL_UNCERTAINTY_ASSIGNED_CONTEXT((#13497)) 
GLOBAL_UNIT_ASSIGNED_CONTEXT((#13494,#13495,#13496)) 
REPRESENTATION_CONTEXT('Context #1',
  '3D Context with UNIT and UNCERTAINTY') );
#13494 = ( LENGTH_UNIT() NAMED_UNIT(*) SI_UNIT(.MILLI.,.METRE.) );
#13495 = ( NAMED_UNIT(*) PLANE_ANGLE_UNIT() SI_UNIT($,.RADIAN.) );
#13496 = ( NAMED_UNIT(*) SI_UNIT($,.STERADIAN.) SOLID_ANGLE_UNIT() );
#13497 = UNCERTAINTY_MEASURE_WITH_UNIT(LENGTH_MEASURE(1.E-07),#13494,
  'distance_accuracy_value','confusion accuracy');
#13498 = CONTEXT_DEPENDENT_SHAPE_REPRESENTATION(#13499,#13501);
#13499 = ( REPRESENTATION_RELATIONSHIP('','',#13394,#13218) 
REPRESENTATION_RELATIONSHIP_WITH_TRANSFORMATION(#13500) 
SHAPE_REPRESENTATION_RELATIONSHIP() );
#13500 = ITEM_DEFINED_TRANSFORMATION('','',#11,#13223);
#13501 = PRODUCT_DEFINITION_SHAPE('Placement','Placement of an item',
  #13502);
#13502 = NEXT_ASSEMBLY_USAGE_OCCURRENCE('224','=>[0:1:1:104]','',#13213,
  #13389,$);
#13503 = PRODUCT_RELATED_PRODUCT_CATEGORY('part',$,(#13391));
#13504 = SHAPE_DEFINITION_REPRESENTATION(#13505,#13511);
#13505 = PRODUCT_DEFINITION_SHAPE('','',#13506);
#13506 = PRODUCT_DEFINITION('design','',#13507,#13510);
#13507 = PRODUCT_DEFINITION_FORMATION('','',#13508);
#13508 = PRODUCT('SOLID','SOLID','',(#13509));
#13509 = PRODUCT_CONTEXT('',#2,'mechanical');
#13510 = PRODUCT_DEFINITION_CONTEXT('part definition',#2,'design');
#13511 = ADVANCED_BREP_SHAPE_REPRESENTATION('',(#11,#13512),#13610);
#13512 = MANIFOLD_SOLID_BREP('',#13513);
#13513 = CLOSED_SHELL('',(#13514,#13602,#13606));
#13514 = ADVANCED_FACE('',(#13515),#13528,.T.);
#13515 = FACE_BOUND('',#13516,.T.);
#13516 = EDGE_LOOP('',(#13517,#13551,#13574,#13601));
#13517 = ORIENTED_EDGE('',*,*,#13518,.F.);
#13518 = EDGE_CURVE('',#13519,#13519,#13521,.T.);
#13519 = VERTEX_POINT('',#13520);
#13520 = CARTESIAN_POINT('',(215.,60.,581.));
#13521 = SURFACE_CURVE('',#13522,(#13527,#13539),.PCURVE_S1.);
#13522 = CIRCLE('',#13523,6.);
#13523 = AXIS2_PLACEMENT_3D('',#13524,#13525,#13526);
#13524 = CARTESIAN_POINT('',(215.,60.,575.));
#13525 = DIRECTION('',(1.,0.,0.));
#13526 = DIRECTION('',(-0.,0.,1.));
#13527 = PCURVE('',#13528,#13533);
#13528 = CYLINDRICAL_SURFACE('',#13529,6.);
#13529 = AXIS2_PLACEMENT_3D('',#13530,#13531,#13532);
#13530 = CARTESIAN_POINT('',(-85.,60.,575.));
#13531 = DIRECTION('',(1.,0.,0.));
#13532 = DIRECTION('',(-0.,0.,1.));
#13533 = DEFINITIONAL_REPRESENTATION('',(#13534),#13538);
#13534 = LINE('',#13535,#13536);
#13535 = CARTESIAN_POINT('',(0.,300.));
#13536 = VECTOR('',#13537,1.);
#13537 = DIRECTION('',(1.,0.));
#13538 = ( GEOMETRIC_REPRESENTATION_CONTEXT(2) 
PARAMETRIC_REPRESENTATION_CONTEXT() REPRESENTATION_CONTEXT('2D SPACE',''
  ) );
#13539 = PCURVE('',#13540,#13545);
#13540 = PLANE('',#13541);
#13541 = AXIS2_PLACEMENT_3D('',#13542,#13543,#13544);
#13542 = CARTESIAN_POINT('',(215.,60.,575.));
#13543 = DIRECTION('',(1.,0.,0.));
#13544 = DIRECTION('',(-0.,0.,1.));
#13545 = DEFINITIONAL_REPRESENTATION('',(#13546),#13550);
#13546 = CIRCLE('',#13547,6.);
#13547 = AXIS2_PLACEMENT_2D('',#13548,#13549);
#13548 = CARTESIAN_POINT('',(0.,0.));
#13549 = DIRECTION('',(1.,0.));
#13550 = ( GEOMETRIC_REPRESENTATION_CONTEXT(2) 
PARAMETRIC_REPRESENTATION_CONTEXT() REPRESENTATION_CONTEXT('2D SPACE',''
  ) );
#13551 = ORIENTED_EDGE('',*,*,#13552,.F.);
#13552 = EDGE_CURVE('',#13553,#13519,#13555,.T.);
#13553 = VERTEX_POINT('',#13554);
#13554 = CARTESIAN_POINT('',(-85.,60.,581.));
#13555 = SEAM_CURVE('',#13556,(#13560,#13567),.PCURVE_S1.);
#13556 = LINE('',#13557,#13558);
#13557 = CARTESIAN_POINT('',(-85.,60.,581.));
#13558 = VECTOR('',#13559,1.);
#13559 = DIRECTION('',(1.,0.,0.));
#13560 = PCURVE('',#13528,#13561);
#13561 = DEFINITIONAL_REPRESENTATION('',(#13562),#13566);
#13562 = LINE('',#13563,#13564);
#13563 = CARTESIAN_POINT('',(6.28318530718,-0.));
#13564 = VECTOR('',#13565,1.);
#13565 = DIRECTION('',(0.,1.));
#13566 = ( GEOMETRIC_REPRESENTATION_CONTEXT(2) 
PARAMETRIC_REPRESENTATION_CONTEXT() REPRESENTATION_CONTEXT('2D SPACE',''
  ) );
#13567 = PCURVE('',#13528,#13568);
#13568 = DEFINITIONAL_REPRESENTATION('',(#13569),#13573);
#13569 = LINE('',#13570,#13571);
#13570 = CARTESIAN_POINT('',(0.,-0.));
#13571 = VECTOR('',#13572,1.);
#13572 = DIRECTION('',(0.,1.));
#13573 = ( GEOMETRIC_REPRESENTATION_CONTEXT(2) 
PARAMETRIC_REPRESENTATION_CONTEXT() REPRESENTATION_CONTEXT('2D SPACE',''
  ) );
#13574 = ORIENTED_EDGE('',*,*,#13575,.T.);
#13575 = EDGE_CURVE('',#13553,#13553,#13576,.T.);
#13576 = SURFACE_CURVE('',#13577,(#13582,#13589),.PCURVE_S1.);
#13577 = CIRCLE('',#13578,6.);
#13578 = AXIS2_PLACEMENT_3D('',#13579,#13580,#13581);
#13579 = CARTESIAN_POINT('',(-85.,60.,575.));
#13580 = DIRECTION('',(1.,0.,0.));
#13581 = DIRECTION('',(-0.,0.,1.));
#13582 = PCURVE('',#13528,#13583);
#13583 = DEFINITIONAL_REPRESENTATION('',(#13584),#13588);
#13584 = LINE('',#13585,#13586);
#13585 = CARTESIAN_POINT('',(0.,0.));
#13586 = VECTOR('',#13587,1.);
#13587 = DIRECTION('',(1.,0.));
#13588 = ( GEOMETRIC_REPRESENTATION_CONTEXT(2) 
PARAMETRIC_REPRESENTATION_CONTEXT() REPRESENTATION_CONTEXT('2D SPACE',''
  ) );
#13589 = PCURVE('',#13590,#13595);
#13590 = PLANE('',#13591);
#13591 = AXIS2_PLACEMENT_3D('',#13592,#13593,#13594);
#13592 = CARTESIAN_POINT('',(-85.,60.,575.));
#13593 = DIRECTION('',(1.,0.,0.));
#13594 = DIRECTION('',(-0.,0.,1.));
#13595 = DEFINITIONAL_REPRESENTATION('',(#13596),#13600);
#13596 = CIRCLE('',#13597,6.);
#13597 = AXIS2_PLACEMENT_2D('',#13598,#13599);
#13598 = CARTESIAN_POINT('',(0.,0.));
#13599 = DIRECTION('',(1.,0.));
#13600 = ( GEOMETRIC_REPRESENTATION_CONTEXT(2) 
PARAMETRIC_REPRESENTATION_CONTEXT() REPRESENTATION_CONTEXT('2D SPACE',''
  ) );
#13601 = ORIENTED_EDGE('',*,*,#13552,.T.);
#13602 = ADVANCED_FACE('',(#13603),#13540,.T.);
#13603 = FACE_BOUND('',#13604,.T.);
#13604 = EDGE_LOOP('',(#13605));
#13605 = ORIENTED_EDGE('',*,*,#13518,.T.);
#13606 = ADVANCED_FACE('',(#13607),#13590,.F.);
#13607 = FACE_BOUND('',#13608,.T.);
#13608 = EDGE_LOOP('',(#13609));
#13609 = ORIENTED_EDGE('',*,*,#13575,.F.);
#13610 = ( GEOMETRIC_REPRESENTATION_CONTEXT(3) 
GLOBAL_UNCERTAINTY_ASSIGNED_CONTEXT((#13614)) 
GLOBAL_UNIT_ASSIGNED_CONTEXT((#13611,#13612,#13613)) 
REPRESENTATION_CONTEXT('Context #1',
  '3D Context with UNIT and UNCERTAINTY') );
#13611 = ( LENGTH_UNIT() NAMED_UNIT(*) SI_UNIT(.MILLI.,.METRE.) );
#13612 = ( NAMED_UNIT(*) PLANE_ANGLE_UNIT() SI_UNIT($,.RADIAN.) );
#13613 = ( NAMED_UNIT(*) SI_UNIT($,.STERADIAN.) SOLID_ANGLE_UNIT() );
#13614 = UNCERTAINTY_MEASURE_WITH_UNIT(LENGTH_MEASURE(1.E-07),#13611,
  'distance_accuracy_value','confusion accuracy');
#13615 = CONTEXT_DEPENDENT_SHAPE_REPRESENTATION(#13616,#13618);
#13616 = ( REPRESENTATION_RELATIONSHIP('','',#13511,#13218) 
REPRESENTATION_RELATIONSHIP_WITH_TRANSFORMATION(#13617) 
SHAPE_REPRESENTATION_RELATIONSHIP() );
#13617 = ITEM_DEFINED_TRANSFORMATION('','',#11,#13227);
#13618 = PRODUCT_DEFINITION_SHAPE('Placement','Placement of an item',
  #13619);
#13619 = NEXT_ASSEMBLY_USAGE_OCCURRENCE('225','=>[0:1:1:105]','',#13213,
  #13506,$);
#13620 = PRODUCT_RELATED_PRODUCT_CATEGORY('part',$,(#13508));
#13621 = SHAPE_DEFINITION_REPRESENTATION(#13622,#13628);
#13622 = PRODUCT_DEFINITION_SHAPE('','',#13623);
#13623 = PRODUCT_DEFINITION('design','',#13624,#13627);
#13624 = PRODUCT_DEFINITION_FORMATION('','',#13625);
#13625 = PRODUCT('SOLID','SOLID','',(#13626));
#13626 = PRODUCT_CONTEXT('',#2,'mechanical');
#13627 = PRODUCT_DEFINITION_CONTEXT('part definition',#2,'design');
#13628 = ADVANCED_BREP_SHAPE_REPRESENTATION('',(#11,#13629),#13727);
#13629 = MANIFOLD_SOLID_BREP('',#13630);
#13630 = CLOSED_SHELL('',(#13631,#13719,#13723));
#13631 = ADVANCED_FACE('',(#13632),#13645,.T.);
#13632 = FACE_BOUND('',#13633,.T.);
#13633 = EDGE_LOOP('',(#13634,#13668,#13691,#13718));
#13634 = ORIENTED_EDGE('',*,*,#13635,.F.);
#13635 = EDGE_CURVE('',#13636,#13636,#13638,.T.);
#13636 = VERTEX_POINT('',#13637);
#13637 = CARTESIAN_POINT('',(-85.,60.,580.));
#13638 = SURFACE_CURVE('',#13639,(#13644,#13656),.PCURVE_S1.);
#13639 = CIRCLE('',#13640,5.);
#13640 = AXIS2_PLACEMENT_3D('',#13641,#13642,#13643);
#13641 = CARTESIAN_POINT('',(-85.,60.,575.));
#13642 = DIRECTION('',(0.,1.,0.));
#13643 = DIRECTION('',(0.,-0.,1.));
#13644 = PCURVE('',#13645,#13650);
#13645 = CYLINDRICAL_SURFACE('',#13646,5.);
#13646 = AXIS2_PLACEMENT_3D('',#13647,#13648,#13649);
#13647 = CARTESIAN_POINT('',(-85.,-60.,575.));
#13648 = DIRECTION('',(0.,1.,0.));
#13649 = DIRECTION('',(0.,-0.,1.));
#13650 = DEFINITIONAL_REPRESENTATION('',(#13651),#13655);
#13651 = LINE('',#13652,#13653);
#13652 = CARTESIAN_POINT('',(0.,120.));
#13653 = VECTOR('',#13654,1.);
#13654 = DIRECTION('',(1.,0.));
#13655 = ( GEOMETRIC_REPRESENTATION_CONTEXT(2) 
PARAMETRIC_REPRESENTATION_CONTEXT() REPRESENTATION_CONTEXT('2D SPACE',''
  ) );
#13656 = PCURVE('',#13657,#13662);
#13657 = PLANE('',#13658);
#13658 = AXIS2_PLACEMENT_3D('',#13659,#13660,#13661);
#13659 = CARTESIAN_POINT('',(-85.,60.,575.));
#13660 = DIRECTION('',(0.,1.,0.));
#13661 = DIRECTION('',(0.,-0.,1.));
#13662 = DEFINITIONAL_REPRESENTATION('',(#13663),#13667);
#13663 = CIRCLE('',#13664,5.);
#13664 = AXIS2_PLACEMENT_2D('',#13665,#13666);
#13665 = CARTESIAN_POINT('',(0.,0.));
#13666 = DIRECTION('',(1.,0.));
#13667 = ( GEOMETRIC_REPRESENTATION_CONTEXT(2) 
PARAMETRIC_REPRESENTATION_CONTEXT() REPRESENTATION_CONTEXT('2D SPACE',''
  ) );
#13668 = ORIENTED_EDGE('',*,*,#13669,.F.);
#13669 = EDGE_CURVE('',#13670,#13636,#13672,.T.);
#13670 = VERTEX_POINT('',#13671);
#13671 = CARTESIAN_POINT('',(-85.,-60.,580.));
#13672 = SEAM_CURVE('',#13673,(#13677,#13684),.PCURVE_S1.);
#13673 = LINE('',#13674,#13675);
#13674 = CARTESIAN_POINT('',(-85.,-60.,580.));
#13675 = VECTOR('',#13676,1.);
#13676 = DIRECTION('',(0.,1.,0.));
#13677 = PCURVE('',#13645,#13678);
#13678 = DEFINITIONAL_REPRESENTATION('',(#13679),#13683);
#13679 = LINE('',#13680,#13681);
#13680 = CARTESIAN_POINT('',(6.28318530718,-0.));
#13681 = VECTOR('',#13682,1.);
#13682 = DIRECTION('',(0.,1.));
#13683 = ( GEOMETRIC_REPRESENTATION_CONTEXT(2) 
PARAMETRIC_REPRESENTATION_CONTEXT() REPRESENTATION_CONTEXT('2D SPACE',''
  ) );
#13684 = PCURVE('',#13645,#13685);
#13685 = DEFINITIONAL_REPRESENTATION('',(#13686),#13690);
#13686 = LINE('',#13687,#13688);
#13687 = CARTESIAN_POINT('',(0.,-0.));
#13688 = VECTOR('',#13689,1.);
#13689 = DIRECTION('',(0.,1.));
#13690 = ( GEOMETRIC_REPRESENTATION_CONTEXT(2) 
PARAMETRIC_REPRESENTATION_CONTEXT() REPRESENTATION_CONTEXT('2D SPACE',''
  ) );
#13691 = ORIENTED_EDGE('',*,*,#13692,.T.);
#13692 = EDGE_CURVE('',#13670,#13670,#13693,.T.);
#13693 = SURFACE_CURVE('',#13694,(#13699,#13706),.PCURVE_S1.);
#13694 = CIRCLE('',#13695,5.);
#13695 = AXIS2_PLACEMENT_3D('',#13696,#13697,#13698);
#13696 = CARTESIAN_POINT('',(-85.,-60.,575.));
#13697 = DIRECTION('',(0.,1.,0.));
#13698 = DIRECTION('',(0.,-0.,1.));
#13699 = PCURVE('',#13645,#13700);
#13700 = DEFINITIONAL_REPRESENTATION('',(#13701),#13705);
#13701 = LINE('',#13702,#13703);
#13702 = CARTESIAN_POINT('',(0.,0.));
#13703 = VECTOR('',#13704,1.);
#13704 = DIRECTION('',(1.,0.));
#13705 = ( GEOMETRIC_REPRESENTATION_CONTEXT(2) 
PARAMETRIC_REPRESENTATION_CONTEXT() REPRESENTATION_CONTEXT('2D SPACE',''
  ) );
#13706 = PCURVE('',#13707,#13712);
#13707 = PLANE('',#13708);
#13708 = AXIS2_PLACEMENT_3D('',#13709,#13710,#13711);
#13709 = CARTESIAN_POINT('',(-85.,-60.,575.));
#13710 = DIRECTION('',(0.,1.,0.));
#13711 = DIRECTION('',(0.,-0.,1.));
#13712 = DEFINITIONAL_REPRESENTATION('',(#13713),#13717);
#13713 = CIRCLE('',#13714,5.);
#13714 = AXIS2_PLACEMENT_2D('',#13715,#13716);
#13715 = CARTESIAN_POINT('',(0.,0.));
#13716 = DIRECTION('',(1.,0.));
#13717 = ( GEOMETRIC_REPRESENTATION_CONTEXT(2) 
PARAMETRIC_REPRESENTATION_CONTEXT() REPRESENTATION_CONTEXT('2D SPACE',''
  ) );
#13718 = ORIENTED_EDGE('',*,*,#13669,.T.);
#13719 = ADVANCED_FACE('',(#13720),#13657,.T.);
#13720 = FACE_BOUND('',#13721,.T.);
#13721 = EDGE_LOOP('',(#13722));
#13722 = ORIENTED_EDGE('',*,*,#13635,.T.);
#13723 = ADVANCED_FACE('',(#13724),#13707,.F.);
#13724 = FACE_BOUND('',#13725,.T.);
#13725 = EDGE_LOOP('',(#13726));
#13726 = ORIENTED_EDGE('',*,*,#13692,.F.);
#13727 = ( GEOMETRIC_REPRESENTATION_CONTEXT(3) 
GLOBAL_UNCERTAINTY_ASSIGNED_CONTEXT((#13731)) 
GLOBAL_UNIT_ASSIGNED_CONTEXT((#13728,#13729,#13730)) 
REPRESENTATION_CONTEXT('Context #1',
  '3D Context with UNIT and UNCERTAINTY') );
#13728 = ( LENGTH_UNIT() NAMED_UNIT(*) SI_UNIT(.MILLI.,.METRE.) );
#13729 = ( NAMED_UNIT(*) PLANE_ANGLE_UNIT() SI_UNIT($,.RADIAN.) );
#13730 = ( NAMED_UNIT(*) SI_UNIT($,.STERADIAN.) SOLID_ANGLE_UNIT() );
#13731 = UNCERTAINTY_MEASURE_WITH_UNIT(LENGTH_MEASURE(1.E-07),#13728,
  'distance_accuracy_value','confusion accuracy');
#13732 = CONTEXT_DEPENDENT_SHAPE_REPRESENTATION(#13733,#13735);
#13733 = ( REPRESENTATION_RELATIONSHIP('','',#13628,#13218) 
REPRESENTATION_RELATIONSHIP_WITH_TRANSFORMATION(#13734) 
SHAPE_REPRESENTATION_RELATIONSHIP() );
#13734 = ITEM_DEFINED_TRANSFORMATION('','',#11,#13231);
#13735 = PRODUCT_DEFINITION_SHAPE('Placement','Placement of an item',
  #13736);
#13736 = NEXT_ASSEMBLY_USAGE_OCCURRENCE('226','=>[0:1:1:106]','',#13213,
  #13623,$);
#13737 = PRODUCT_RELATED_PRODUCT_CATEGORY('part',$,(#13625));
#13738 = SHAPE_DEFINITION_REPRESENTATION(#13739,#13745);
#13739 = PRODUCT_DEFINITION_SHAPE('','',#13740);
#13740 = PRODUCT_DEFINITION('design','',#13741,#13744);
#13741 = PRODUCT_DEFINITION_FORMATION('','',#13742);
#13742 = PRODUCT('SOLID','SOLID','',(#13743));
#13743 = PRODUCT_CONTEXT('',#2,'mechanical');
#13744 = PRODUCT_DEFINITION_CONTEXT('part definition',#2,'design');
#13745 = ADVANCED_BREP_SHAPE_REPRESENTATION('',(#11,#13746),#13844);
#13746 = MANIFOLD_SOLID_BREP('',#13747);
#13747 = CLOSED_SHELL('',(#13748,#13836,#13840));
#13748 = ADVANCED_FACE('',(#13749),#13762,.T.);
#13749 = FACE_BOUND('',#13750,.T.);
#13750 = EDGE_LOOP('',(#13751,#13785,#13808,#13835));
#13751 = ORIENTED_EDGE('',*,*,#13752,.F.);
#13752 = EDGE_CURVE('',#13753,#13753,#13755,.T.);
#13753 = VERTEX_POINT('',#13754);
#13754 = CARTESIAN_POINT('',(65.,60.,580.));
#13755 = SURFACE_CURVE('',#13756,(#13761,#13773),.PCURVE_S1.);
#13756 = CIRCLE('',#13757,5.);
#13757 = AXIS2_PLACEMENT_3D('',#13758,#13759,#13760);
#13758 = CARTESIAN_POINT('',(65.,60.,575.));
#13759 = DIRECTION('',(0.,1.,0.));
#13760 = DIRECTION('',(0.,-0.,1.));
#13761 = PCURVE('',#13762,#13767);
#13762 = CYLINDRICAL_SURFACE('',#13763,5.);
#13763 = AXIS2_PLACEMENT_3D('',#13764,#13765,#13766);
#13764 = CARTESIAN_POINT('',(65.,-60.,575.));
#13765 = DIRECTION('',(0.,1.,0.));
#13766 = DIRECTION('',(0.,-0.,1.));
#13767 = DEFINITIONAL_REPRESENTATION('',(#13768),#13772);
#13768 = LINE('',#13769,#13770);
#13769 = CARTESIAN_POINT('',(0.,120.));
#13770 = VECTOR('',#13771,1.);
#13771 = DIRECTION('',(1.,0.));
#13772 = ( GEOMETRIC_REPRESENTATION_CONTEXT(2) 
PARAMETRIC_REPRESENTATION_CONTEXT() REPRESENTATION_CONTEXT('2D SPACE',''
  ) );
#13773 = PCURVE('',#13774,#13779);
#13774 = PLANE('',#13775);
#13775 = AXIS2_PLACEMENT_3D('',#13776,#13777,#13778);
#13776 = CARTESIAN_POINT('',(65.,60.,575.));
#13777 = DIRECTION('',(0.,1.,0.));
#13778 = DIRECTION('',(0.,-0.,1.));
#13779 = DEFINITIONAL_REPRESENTATION('',(#13780),#13784);
#13780 = CIRCLE('',#13781,5.);
#13781 = AXIS2_PLACEMENT_2D('',#13782,#13783);
#13782 = CARTESIAN_POINT('',(0.,0.));
#13783 = DIRECTION('',(1.,0.));
#13784 = ( GEOMETRIC_REPRESENTATION_CONTEXT(2) 
PARAMETRIC_REPRESENTATION_CONTEXT() REPRESENTATION_CONTEXT('2D SPACE',''
  ) );
#13785 = ORIENTED_EDGE('',*,*,#13786,.F.);
#13786 = EDGE_CURVE('',#13787,#13753,#13789,.T.);
#13787 = VERTEX_POINT('',#13788);
#13788 = CARTESIAN_POINT('',(65.,-60.,580.));
#13789 = SEAM_CURVE('',#13790,(#13794,#13801),.PCURVE_S1.);
#13790 = LINE('',#13791,#13792);
#13791 = CARTESIAN_POINT('',(65.,-60.,580.));
#13792 = VECTOR('',#13793,1.);
#13793 = DIRECTION('',(0.,1.,0.));
#13794 = PCURVE('',#13762,#13795);
#13795 = DEFINITIONAL_REPRESENTATION('',(#13796),#13800);
#13796 = LINE('',#13797,#13798);
#13797 = CARTESIAN_POINT('',(6.28318530718,-0.));
#13798 = VECTOR('',#13799,1.);
#13799 = DIRECTION('',(0.,1.));
#13800 = ( GEOMETRIC_REPRESENTATION_CONTEXT(2) 
PARAMETRIC_REPRESENTATION_CONTEXT() REPRESENTATION_CONTEXT('2D SPACE',''
  ) );
#13801 = PCURVE('',#13762,#13802);
#13802 = DEFINITIONAL_REPRESENTATION('',(#13803),#13807);
#13803 = LINE('',#13804,#13805);
#13804 = CARTESIAN_POINT('',(0.,-0.));
#13805 = VECTOR('',#13806,1.);
#13806 = DIRECTION('',(0.,1.));
#13807 = ( GEOMETRIC_REPRESENTATION_CONTEXT(2) 
PARAMETRIC_REPRESENTATION_CONTEXT() REPRESENTATION_CONTEXT('2D SPACE',''
  ) );
#13808 = ORIENTED_EDGE('',*,*,#13809,.T.);
#13809 = EDGE_CURVE('',#13787,#13787,#13810,.T.);
#13810 = SURFACE_CURVE('',#13811,(#13816,#13823),.PCURVE_S1.);
#13811 = CIRCLE('',#13812,5.);
#13812 = AXIS2_PLACEMENT_3D('',#13813,#13814,#13815);
#13813 = CARTESIAN_POINT('',(65.,-60.,575.));
#13814 = DIRECTION('',(0.,1.,0.));
#13815 = DIRECTION('',(0.,-0.,1.));
#13816 = PCURVE('',#13762,#13817);
#13817 = DEFINITIONAL_REPRESENTATION('',(#13818),#13822);
#13818 = LINE('',#13819,#13820);
#13819 = CARTESIAN_POINT('',(0.,0.));
#13820 = VECTOR('',#13821,1.);
#13821 = DIRECTION('',(1.,0.));
#13822 = ( GEOMETRIC_REPRESENTATION_CONTEXT(2) 
PARAMETRIC_REPRESENTATION_CONTEXT() REPRESENTATION_CONTEXT('2D SPACE',''
  ) );
#13823 = PCURVE('',#13824,#13829);
#13824 = PLANE('',#13825);
#13825 = AXIS2_PLACEMENT_3D('',#13826,#13827,#13828);
#13826 = CARTESIAN_POINT('',(65.,-60.,575.));
#13827 = DIRECTION('',(0.,1.,0.));
#13828 = DIRECTION('',(0.,-0.,1.));
#13829 = DEFINITIONAL_REPRESENTATION('',(#13830),#13834);
#13830 = CIRCLE('',#13831,5.);
#13831 = AXIS2_PLACEMENT_2D('',#13832,#13833);
#13832 = CARTESIAN_POINT('',(0.,0.));
#13833 = DIRECTION('',(1.,0.));
#13834 = ( GEOMETRIC_REPRESENTATION_CONTEXT(2) 
PARAMETRIC_REPRESENTATION_CONTEXT() REPRESENTATION_CONTEXT('2D SPACE',''
  ) );
#13835 = ORIENTED_EDGE('',*,*,#13786,.T.);
#13836 = ADVANCED_FACE('',(#13837),#13774,.T.);
#13837 = FACE_BOUND('',#13838,.T.);
#13838 = EDGE_LOOP('',(#13839));
#13839 = ORIENTED_EDGE('',*,*,#13752,.T.);
#13840 = ADVANCED_FACE('',(#13841),#13824,.F.);
#13841 = FACE_BOUND('',#13842,.T.);
#13842 = EDGE_LOOP('',(#13843));
#13843 = ORIENTED_EDGE('',*,*,#13809,.F.);
#13844 = ( GEOMETRIC_REPRESENTATION_CONTEXT(3) 
GLOBAL_UNCERTAINTY_ASSIGNED_CONTEXT((#13848)) 
GLOBAL_UNIT_ASSIGNED_CONTEXT((#13845,#13846,#13847)) 
REPRESENTATION_CONTEXT('Context #1',
  '3D Context with UNIT and UNCERTAINTY') );
#13845 = ( LENGTH_UNIT() NAMED_UNIT(*) SI_UNIT(.MILLI.,.METRE.) );
#13846 = ( NAMED_UNIT(*) PLANE_ANGLE_UNIT() SI_UNIT($,.RADIAN.) );
#13847 = ( NAMED_UNIT(*) SI_UNIT($,.STERADIAN.) SOLID_ANGLE_UNIT() );
#13848 = UNCERTAINTY_MEASURE_WITH_UNIT(LENGTH_MEASURE(1.E-07),#13845,
  'distance_accuracy_value','confusion accuracy');
#13849 = CONTEXT_DEPENDENT_SHAPE_REPRESENTATION(#13850,#13852);
#13850 = ( REPRESENTATION_RELATIONSHIP('','',#13745,#13218) 
REPRESENTATION_RELATIONSHIP_WITH_TRANSFORMATION(#13851) 
SHAPE_REPRESENTATION_RELATIONSHIP() );
#13851 = ITEM_DEFINED_TRANSFORMATION('','',#11,#13235);
#13852 = PRODUCT_DEFINITION_SHAPE('Placement','Placement of an item',
  #13853);
#13853 = NEXT_ASSEMBLY_USAGE_OCCURRENCE('227','=>[0:1:1:107]','',#13213,
  #13740,$);
#13854 = PRODUCT_RELATED_PRODUCT_CATEGORY('part',$,(#13742));
#13855 = SHAPE_DEFINITION_REPRESENTATION(#13856,#13862);
#13856 = PRODUCT_DEFINITION_SHAPE('','',#13857);
#13857 = PRODUCT_DEFINITION('design','',#13858,#13861);
#13858 = PRODUCT_DEFINITION_FORMATION('','',#13859);
#13859 = PRODUCT('SOLID','SOLID','',(#13860));
#13860 = PRODUCT_CONTEXT('',#2,'mechanical');
#13861 = PRODUCT_DEFINITION_CONTEXT('part definition',#2,'design');
#13862 = ADVANCED_BREP_SHAPE_REPRESENTATION('',(#11,#13863),#13961);
#13863 = MANIFOLD_SOLID_BREP('',#13864);
#13864 = CLOSED_SHELL('',(#13865,#13953,#13957));
#13865 = ADVANCED_FACE('',(#13866),#13879,.T.);
#13866 = FACE_BOUND('',#13867,.T.);
#13867 = EDGE_LOOP('',(#13868,#13902,#13925,#13952));
#13868 = ORIENTED_EDGE('',*,*,#13869,.F.);
#13869 = EDGE_CURVE('',#13870,#13870,#13872,.T.);
#13870 = VERTEX_POINT('',#13871);
#13871 = CARTESIAN_POINT('',(215.,60.,580.));
#13872 = SURFACE_CURVE('',#13873,(#13878,#13890),.PCURVE_S1.);
#13873 = CIRCLE('',#13874,5.);
#13874 = AXIS2_PLACEMENT_3D('',#13875,#13876,#13877);
#13875 = CARTESIAN_POINT('',(215.,60.,575.));
#13876 = DIRECTION('',(0.,1.,0.));
#13877 = DIRECTION('',(0.,-0.,1.));
#13878 = PCURVE('',#13879,#13884);
#13879 = CYLINDRICAL_SURFACE('',#13880,5.);
#13880 = AXIS2_PLACEMENT_3D('',#13881,#13882,#13883);
#13881 = CARTESIAN_POINT('',(215.,-60.,575.));
#13882 = DIRECTION('',(0.,1.,0.));
#13883 = DIRECTION('',(0.,-0.,1.));
#13884 = DEFINITIONAL_REPRESENTATION('',(#13885),#13889);
#13885 = LINE('',#13886,#13887);
#13886 = CARTESIAN_POINT('',(0.,120.));
#13887 = VECTOR('',#13888,1.);
#13888 = DIRECTION('',(1.,0.));
#13889 = ( GEOMETRIC_REPRESENTATION_CONTEXT(2) 
PARAMETRIC_REPRESENTATION_CONTEXT() REPRESENTATION_CONTEXT('2D SPACE',''
  ) );
#13890 = PCURVE('',#13891,#13896);
#13891 = PLANE('',#13892);
#13892 = AXIS2_PLACEMENT_3D('',#13893,#13894,#13895);
#13893 = CARTESIAN_POINT('',(215.,60.,575.));
#13894 = DIRECTION('',(0.,1.,0.));
#13895 = DIRECTION('',(0.,-0.,1.));
#13896 = DEFINITIONAL_REPRESENTATION('',(#13897),#13901);
#13897 = CIRCLE('',#13898,5.);
#13898 = AXIS2_PLACEMENT_2D('',#13899,#13900);
#13899 = CARTESIAN_POINT('',(0.,0.));
#13900 = DIRECTION('',(1.,0.));
#13901 = ( GEOMETRIC_REPRESENTATION_CONTEXT(2) 
PARAMETRIC_REPRESENTATION_CONTEXT() REPRESENTATION_CONTEXT('2D SPACE',''
  ) );
#13902 = ORIENTED_EDGE('',*,*,#13903,.F.);
#13903 = EDGE_CURVE('',#13904,#13870,#13906,.T.);
#13904 = VERTEX_POINT('',#13905);
#13905 = CARTESIAN_POINT('',(215.,-60.,580.));
#13906 = SEAM_CURVE('',#13907,(#13911,#13918),.PCURVE_S1.);
#13907 = LINE('',#13908,#13909);
#13908 = CARTESIAN_POINT('',(215.,-60.,580.));
#13909 = VECTOR('',#13910,1.);
#13910 = DIRECTION('',(0.,1.,0.));
#13911 = PCURVE('',#13879,#13912);
#13912 = DEFINITIONAL_REPRESENTATION('',(#13913),#13917);
#13913 = LINE('',#13914,#13915);
#13914 = CARTESIAN_POINT('',(6.28318530718,-0.));
#13915 = VECTOR('',#13916,1.);
#13916 = DIRECTION('',(0.,1.));
#13917 = ( GEOMETRIC_REPRESENTATION_CONTEXT(2) 
PARAMETRIC_REPRESENTATION_CONTEXT() REPRESENTATION_CONTEXT('2D SPACE',''
  ) );
#13918 = PCURVE('',#13879,#13919);
#13919 = DEFINITIONAL_REPRESENTATION('',(#13920),#13924);
#13920 = LINE('',#13921,#13922);
#13921 = CARTESIAN_POINT('',(0.,-0.));
#13922 = VECTOR('',#13923,1.);
#13923 = DIRECTION('',(0.,1.));
#13924 = ( GEOMETRIC_REPRESENTATION_CONTEXT(2) 
PARAMETRIC_REPRESENTATION_CONTEXT() REPRESENTATION_CONTEXT('2D SPACE',''
  ) );
#13925 = ORIENTED_EDGE('',*,*,#13926,.T.);
#13926 = EDGE_CURVE('',#13904,#13904,#13927,.T.);
#13927 = SURFACE_CURVE('',#13928,(#13933,#13940),.PCURVE_S1.);
#13928 = CIRCLE('',#13929,5.);
#13929 = AXIS2_PLACEMENT_3D('',#13930,#13931,#13932);
#13930 = CARTESIAN_POINT('',(215.,-60.,575.));
#13931 = DIRECTION('',(0.,1.,0.));
#13932 = DIRECTION('',(0.,-0.,1.));
#13933 = PCURVE('',#13879,#13934);
#13934 = DEFINITIONAL_REPRESENTATION('',(#13935),#13939);
#13935 = LINE('',#13936,#13937);
#13936 = CARTESIAN_POINT('',(0.,0.));
#13937 = VECTOR('',#13938,1.);
#13938 = DIRECTION('',(1.,0.));
#13939 = ( GEOMETRIC_REPRESENTATION_CONTEXT(2) 
PARAMETRIC_REPRESENTATION_CONTEXT() REPRESENTATION_CONTEXT('2D SPACE',''
  ) );
#13940 = PCURVE('',#13941,#13946);
#13941 = PLANE('',#13942);
#13942 = AXIS2_PLACEMENT_3D('',#13943,#13944,#13945);
#13943 = CARTESIAN_POINT('',(215.,-60.,575.));
#13944 = DIRECTION('',(0.,1.,0.));
#13945 = DIRECTION('',(0.,-0.,1.));
#13946 = DEFINITIONAL_REPRESENTATION('',(#13947),#13951);
#13947 = CIRCLE('',#13948,5.);
#13948 = AXIS2_PLACEMENT_2D('',#13949,#13950);
#13949 = CARTESIAN_POINT('',(0.,0.));
#13950 = DIRECTION('',(1.,0.));
#13951 = ( GEOMETRIC_REPRESENTATION_CONTEXT(2) 
PARAMETRIC_REPRESENTATION_CONTEXT() REPRESENTATION_CONTEXT('2D SPACE',''
  ) );
#13952 = ORIENTED_EDGE('',*,*,#13903,.T.);
#13953 = ADVANCED_FACE('',(#13954),#13891,.T.);
#13954 = FACE_BOUND('',#13955,.T.);
#13955 = EDGE_LOOP('',(#13956));
#13956 = ORIENTED_EDGE('',*,*,#13869,.T.);
#13957 = ADVANCED_FACE('',(#13958),#13941,.F.);
#13958 = FACE_BOUND('',#13959,.T.);
#13959 = EDGE_LOOP('',(#13960));
#13960 = ORIENTED_EDGE('',*,*,#13926,.F.);
#13961 = ( GEOMETRIC_REPRESENTATION_CONTEXT(3) 
GLOBAL_UNCERTAINTY_ASSIGNED_CONTEXT((#13965)) 
GLOBAL_UNIT_ASSIGNED_CONTEXT((#13962,#13963,#13964)) 
REPRESENTATION_CONTEXT('Context #1',
  '3D Context with UNIT and UNCERTAINTY') );
#13962 = ( LENGTH_UNIT() NAMED_UNIT(*) SI_UNIT(.MILLI.,.METRE.) );
#13963 = ( NAMED_UNIT(*) PLANE_ANGLE_UNIT() SI_UNIT($,.RADIAN.) );
#13964 = ( NAMED_UNIT(*) SI_UNIT($,.STERADIAN.) SOLID_ANGLE_UNIT() );
#13965 = UNCERTAINTY_MEASURE_WITH_UNIT(LENGTH_MEASURE(1.E-07),#13962,
  'distance_accuracy_value','confusion accuracy');
#13966 = CONTEXT_DEPENDENT_SHAPE_REPRESENTATION(#13967,#13969);
#13967 = ( REPRESENTATION_RELATIONSHIP('','',#13862,#13218) 
REPRESENTATION_RELATIONSHIP_WITH_TRANSFORMATION(#13968) 
SHAPE_REPRESENTATION_RELATIONSHIP() );
#13968 = ITEM_DEFINED_TRANSFORMATION('','',#11,#13239);
#13969 = PRODUCT_DEFINITION_SHAPE('Placement','Placement of an item',
  #13970);
#13970 = NEXT_ASSEMBLY_USAGE_OCCURRENCE('228','=>[0:1:1:108]','',#13213,
  #13857,$);
#13971 = PRODUCT_RELATED_PRODUCT_CATEGORY('part',$,(#13859));
#13972 = SHAPE_DEFINITION_REPRESENTATION(#13973,#13979);
#13973 = PRODUCT_DEFINITION_SHAPE('','',#13974);
#13974 = PRODUCT_DEFINITION('design','',#13975,#13978);
#13975 = PRODUCT_DEFINITION_FORMATION('','',#13976);
#13976 = PRODUCT('SOLID','SOLID','',(#13977));
#13977 = PRODUCT_CONTEXT('',#2,'mechanical');
#13978 = PRODUCT_DEFINITION_CONTEXT('part definition',#2,'design');
#13979 = ADVANCED_BREP_SHAPE_REPRESENTATION('',(#11,#13980),#14078);
#13980 = MANIFOLD_SOLID_BREP('',#13981);
#13981 = CLOSED_SHELL('',(#13982,#14070,#14074));
#13982 = ADVANCED_FACE('',(#13983),#13996,.T.);
#13983 = FACE_BOUND('',#13984,.T.);
#13984 = EDGE_LOOP('',(#13985,#14019,#14042,#14069));
#13985 = ORIENTED_EDGE('',*,*,#13986,.F.);
#13986 = EDGE_CURVE('',#13987,#13987,#13989,.T.);
#13987 = VERTEX_POINT('',#13988);
#13988 = CARTESIAN_POINT('',(-5.815384615385,-62.,258.52307692307));
#13989 = SURFACE_CURVE('',#13990,(#13995,#14007),.PCURVE_S1.);
#13990 = CIRCLE('',#13991,6.);
#13991 = AXIS2_PLACEMENT_3D('',#13992,#13993,#13994);
#13992 = CARTESIAN_POINT('',(1.42108547152E-14,-62.,260.));
#13993 = DIRECTION('',(0.246149185385,-6.153729634625E-03,
    -0.969212417453));
#13994 = DIRECTION('',(-0.969230769231,2.168404344971E-19,
    -0.246153846154));
#13995 = PCURVE('',#13996,#14001);
#13996 = CYLINDRICAL_SURFACE('',#13997,6.);
#13997 = AXIS2_PLACEMENT_3D('',#13998,#13999,#14000);
#13998 = CARTESIAN_POINT('',(-80.,-60.,575.));
#13999 = DIRECTION('',(0.246149185385,-6.153729634625E-03,
    -0.969212417453));
#14000 = DIRECTION('',(-0.969230769231,2.168404344971E-19,
    -0.246153846154));
#14001 = DEFINITIONAL_REPRESENTATION('',(#14002),#14006);
#14002 = LINE('',#14003,#14004);
#14003 = CARTESIAN_POINT('',(0.,325.00615378789));
#14004 = VECTOR('',#14005,1.);
#14005 = DIRECTION('',(1.,0.));
#14006 = ( GEOMETRIC_REPRESENTATION_CONTEXT(2) 
PARAMETRIC_REPRESENTATION_CONTEXT() REPRESENTATION_CONTEXT('2D SPACE',''
  ) );
#14007 = PCURVE('',#14008,#14013);
#14008 = PLANE('',#14009);
#14009 = AXIS2_PLACEMENT_3D('',#14010,#14011,#14012);
#14010 = CARTESIAN_POINT('',(1.42108547152E-14,-62.,260.));
#14011 = DIRECTION('',(0.246149185385,-6.153729634625E-03,
    -0.969212417453));
#14012 = DIRECTION('',(-0.969230769231,2.168404344971E-19,
    -0.246153846154));
#14013 = DEFINITIONAL_REPRESENTATION('',(#14014),#14018);
#14014 = CIRCLE('',#14015,6.);
#14015 = AXIS2_PLACEMENT_2D('',#14016,#14017);
#14016 = CARTESIAN_POINT('',(0.,0.));
#14017 = DIRECTION('',(1.,0.));
#14018 = ( GEOMETRIC_REPRESENTATION_CONTEXT(2) 
PARAMETRIC_REPRESENTATION_CONTEXT() REPRESENTATION_CONTEXT('2D SPACE',''
  ) );
#14019 = ORIENTED_EDGE('',*,*,#14020,.F.);
#14020 = EDGE_CURVE('',#14021,#13987,#14023,.T.);
#14021 = VERTEX_POINT('',#14022);
#14022 = CARTESIAN_POINT('',(-85.81538461538,-60.,573.52307692307));
#14023 = SEAM_CURVE('',#14024,(#14028,#14035),.PCURVE_S1.);
#14024 = LINE('',#14025,#14026);
#14025 = CARTESIAN_POINT('',(-85.81538461538,-60.,573.52307692307));
#14026 = VECTOR('',#14027,1.);
#14027 = DIRECTION('',(0.246149185385,-6.153729634625E-03,
    -0.969212417453));
#14028 = PCURVE('',#13996,#14029);
#14029 = DEFINITIONAL_REPRESENTATION('',(#14030),#14034);
#14030 = LINE('',#14031,#14032);
#14031 = CARTESIAN_POINT('',(6.28318530718,-0.));
#14032 = VECTOR('',#14033,1.);
#14033 = DIRECTION('',(0.,1.));
#14034 = ( GEOMETRIC_REPRESENTATION_CONTEXT(2) 
PARAMETRIC_REPRESENTATION_CONTEXT() REPRESENTATION_CONTEXT('2D SPACE',''
  ) );
#14035 = PCURVE('',#13996,#14036);
#14036 = DEFINITIONAL_REPRESENTATION('',(#14037),#14041);
#14037 = LINE('',#14038,#14039);
#14038 = CARTESIAN_POINT('',(0.,-0.));
#14039 = VECTOR('',#14040,1.);
#14040 = DIRECTION('',(0.,1.));
#14041 = ( GEOMETRIC_REPRESENTATION_CONTEXT(2) 
PARAMETRIC_REPRESENTATION_CONTEXT() REPRESENTATION_CONTEXT('2D SPACE',''
  ) );
#14042 = ORIENTED_EDGE('',*,*,#14043,.T.);
#14043 = EDGE_CURVE('',#14021,#14021,#14044,.T.);
#14044 = SURFACE_CURVE('',#14045,(#14050,#14057),.PCURVE_S1.);
#14045 = CIRCLE('',#14046,6.);
#14046 = AXIS2_PLACEMENT_3D('',#14047,#14048,#14049);
#14047 = CARTESIAN_POINT('',(-80.,-60.,575.));
#14048 = DIRECTION('',(0.246149185385,-6.153729634625E-03,
    -0.969212417453));
#14049 = DIRECTION('',(-0.969230769231,2.168404344971E-19,
    -0.246153846154));
#14050 = PCURVE('',#13996,#14051);
#14051 = DEFINITIONAL_REPRESENTATION('',(#14052),#14056);
#14052 = LINE('',#14053,#14054);
#14053 = CARTESIAN_POINT('',(0.,0.));
#14054 = VECTOR('',#14055,1.);
#14055 = DIRECTION('',(1.,0.));
#14056 = ( GEOMETRIC_REPRESENTATION_CONTEXT(2) 
PARAMETRIC_REPRESENTATION_CONTEXT() REPRESENTATION_CONTEXT('2D SPACE',''
  ) );
#14057 = PCURVE('',#14058,#14063);
#14058 = PLANE('',#14059);
#14059 = AXIS2_PLACEMENT_3D('',#14060,#14061,#14062);
#14060 = CARTESIAN_POINT('',(-80.,-60.,575.));
#14061 = DIRECTION('',(0.246149185385,-6.153729634625E-03,
    -0.969212417453));
#14062 = DIRECTION('',(-0.969230769231,2.168404344971E-19,
    -0.246153846154));
#14063 = DEFINITIONAL_REPRESENTATION('',(#14064),#14068);
#14064 = CIRCLE('',#14065,6.);
#14065 = AXIS2_PLACEMENT_2D('',#14066,#14067);
#14066 = CARTESIAN_POINT('',(0.,0.));
#14067 = DIRECTION('',(1.,0.));
#14068 = ( GEOMETRIC_REPRESENTATION_CONTEXT(2) 
PARAMETRIC_REPRESENTATION_CONTEXT() REPRESENTATION_CONTEXT('2D SPACE',''
  ) );
#14069 = ORIENTED_EDGE('',*,*,#14020,.T.);
#14070 = ADVANCED_FACE('',(#14071),#14008,.T.);
#14071 = FACE_BOUND('',#14072,.T.);
#14072 = EDGE_LOOP('',(#14073));
#14073 = ORIENTED_EDGE('',*,*,#13986,.T.);
#14074 = ADVANCED_FACE('',(#14075),#14058,.F.);
#14075 = FACE_BOUND('',#14076,.T.);
#14076 = EDGE_LOOP('',(#14077));
#14077 = ORIENTED_EDGE('',*,*,#14043,.F.);
#14078 = ( GEOMETRIC_REPRESENTATION_CONTEXT(3) 
GLOBAL_UNCERTAINTY_ASSIGNED_CONTEXT((#14082)) 
GLOBAL_UNIT_ASSIGNED_CONTEXT((#14079,#14080,#14081)) 
REPRESENTATION_CONTEXT('Context #1',
  '3D Context with UNIT and UNCERTAINTY') );
#14079 = ( LENGTH_UNIT() NAMED_UNIT(*) SI_UNIT(.MILLI.,.METRE.) );
#14080 = ( NAMED_UNIT(*) PLANE_ANGLE_UNIT() SI_UNIT($,.RADIAN.) );
#14081 = ( NAMED_UNIT(*) SI_UNIT($,.STERADIAN.) SOLID_ANGLE_UNIT() );
#14082 = UNCERTAINTY_MEASURE_WITH_UNIT(LENGTH_MEASURE(1.E-07),#14079,
  'distance_accuracy_value','confusion accuracy');
#14083 = CONTEXT_DEPENDENT_SHAPE_REPRESENTATION(#14084,#14086);
#14084 = ( REPRESENTATION_RELATIONSHIP('','',#13979,#13218) 
REPRESENTATION_RELATIONSHIP_WITH_TRANSFORMATION(#14085) 
SHAPE_REPRESENTATION_RELATIONSHIP() );
#14085 = ITEM_DEFINED_TRANSFORMATION('','',#11,#13243);
#14086 = PRODUCT_DEFINITION_SHAPE('Placement','Placement of an item',
  #14087);
#14087 = NEXT_ASSEMBLY_USAGE_OCCURRENCE('229','=>[0:1:1:109]','',#13213,
  #13974,$);
#14088 = PRODUCT_RELATED_PRODUCT_CATEGORY('part',$,(#13976));
#14089 = SHAPE_DEFINITION_REPRESENTATION(#14090,#14096);
#14090 = PRODUCT_DEFINITION_SHAPE('','',#14091);
#14091 = PRODUCT_DEFINITION('design','',#14092,#14095);
#14092 = PRODUCT_DEFINITION_FORMATION('','',#14093);
#14093 = PRODUCT('SOLID','SOLID','',(#14094));
#14094 = PRODUCT_CONTEXT('',#2,'mechanical');
#14095 = PRODUCT_DEFINITION_CONTEXT('part definition',#2,'design');
#14096 = ADVANCED_BREP_SHAPE_REPRESENTATION('',(#11,#14097),#14195);
#14097 = MANIFOLD_SOLID_BREP('',#14098);
#14098 = CLOSED_SHELL('',(#14099,#14187,#14191));
#14099 = ADVANCED_FACE('',(#14100),#14113,.T.);
#14100 = FACE_BOUND('',#14101,.T.);
#14101 = EDGE_LOOP('',(#14102,#14136,#14159,#14186));
#14102 = ORIENTED_EDGE('',*,*,#14103,.F.);
#14103 = EDGE_CURVE('',#14104,#14104,#14106,.T.);
#14104 = VERTEX_POINT('',#14105);
#14105 = CARTESIAN_POINT('',(-5.815384615385,62.,258.52307692307));
#14106 = SURFACE_CURVE('',#14107,(#14112,#14124),.PCURVE_S1.);
#14107 = CIRCLE('',#14108,6.);
#14108 = AXIS2_PLACEMENT_3D('',#14109,#14110,#14111);
#14109 = CARTESIAN_POINT('',(1.42108547152E-14,62.,260.));
#14110 = DIRECTION('',(0.246149185385,6.153729634625E-03,-0.969212417453
    ));
#14111 = DIRECTION('',(-0.969230769231,-2.168404344971E-19,
    -0.246153846154));
#14112 = PCURVE('',#14113,#14118);
#14113 = CYLINDRICAL_SURFACE('',#14114,6.);
#14114 = AXIS2_PLACEMENT_3D('',#14115,#14116,#14117);
#14115 = CARTESIAN_POINT('',(-80.,60.,575.));
#14116 = DIRECTION('',(0.246149185385,6.153729634625E-03,-0.969212417453
    ));
#14117 = DIRECTION('',(-0.969230769231,-2.168404344971E-19,
    -0.246153846154));
#14118 = DEFINITIONAL_REPRESENTATION('',(#14119),#14123);
#14119 = LINE('',#14120,#14121);
#14120 = CARTESIAN_POINT('',(0.,325.00615378789));
#14121 = VECTOR('',#14122,1.);
#14122 = DIRECTION('',(1.,0.));
#14123 = ( GEOMETRIC_REPRESENTATION_CONTEXT(2) 
PARAMETRIC_REPRESENTATION_CONTEXT() REPRESENTATION_CONTEXT('2D SPACE',''
  ) );
#14124 = PCURVE('',#14125,#14130);
#14125 = PLANE('',#14126);
#14126 = AXIS2_PLACEMENT_3D('',#14127,#14128,#14129);
#14127 = CARTESIAN_POINT('',(1.42108547152E-14,62.,260.));
#14128 = DIRECTION('',(0.246149185385,6.153729634625E-03,-0.969212417453
    ));
#14129 = DIRECTION('',(-0.969230769231,-2.168404344971E-19,
    -0.246153846154));
#14130 = DEFINITIONAL_REPRESENTATION('',(#14131),#14135);
#14131 = CIRCLE('',#14132,6.);
#14132 = AXIS2_PLACEMENT_2D('',#14133,#14134);
#14133 = CARTESIAN_POINT('',(0.,0.));
#14134 = DIRECTION('',(1.,0.));
#14135 = ( GEOMETRIC_REPRESENTATION_CONTEXT(2) 
PARAMETRIC_REPRESENTATION_CONTEXT() REPRESENTATION_CONTEXT('2D SPACE',''
  ) );
#14136 = ORIENTED_EDGE('',*,*,#14137,.F.);
#14137 = EDGE_CURVE('',#14138,#14104,#14140,.T.);
#14138 = VERTEX_POINT('',#14139);
#14139 = CARTESIAN_POINT('',(-85.81538461538,60.,573.52307692307));
#14140 = SEAM_CURVE('',#14141,(#14145,#14152),.PCURVE_S1.);
#14141 = LINE('',#14142,#14143);
#14142 = CARTESIAN_POINT('',(-85.81538461538,60.,573.52307692307));
#14143 = VECTOR('',#14144,1.);
#14144 = DIRECTION('',(0.246149185385,6.153729634625E-03,-0.969212417453
    ));
#14145 = PCURVE('',#14113,#14146);
#14146 = DEFINITIONAL_REPRESENTATION('',(#14147),#14151);
#14147 = LINE('',#14148,#14149);
#14148 = CARTESIAN_POINT('',(6.28318530718,-0.));
#14149 = VECTOR('',#14150,1.);
#14150 = DIRECTION('',(0.,1.));
#14151 = ( GEOMETRIC_REPRESENTATION_CONTEXT(2) 
PARAMETRIC_REPRESENTATION_CONTEXT() REPRESENTATION_CONTEXT('2D SPACE',''
  ) );
#14152 = PCURVE('',#14113,#14153);
#14153 = DEFINITIONAL_REPRESENTATION('',(#14154),#14158);
#14154 = LINE('',#14155,#14156);
#14155 = CARTESIAN_POINT('',(0.,-0.));
#14156 = VECTOR('',#14157,1.);
#14157 = DIRECTION('',(0.,1.));
#14158 = ( GEOMETRIC_REPRESENTATION_CONTEXT(2) 
PARAMETRIC_REPRESENTATION_CONTEXT() REPRESENTATION_CONTEXT('2D SPACE',''
  ) );
#14159 = ORIENTED_EDGE('',*,*,#14160,.T.);
#14160 = EDGE_CURVE('',#14138,#14138,#14161,.T.);
#14161 = SURFACE_CURVE('',#14162,(#14167,#14174),.PCURVE_S1.);
#14162 = CIRCLE('',#14163,6.);
#14163 = AXIS2_PLACEMENT_3D('',#14164,#14165,#14166);
#14164 = CARTESIAN_POINT('',(-80.,60.,575.));
#14165 = DIRECTION('',(0.246149185385,6.153729634625E-03,-0.969212417453
    ));
#14166 = DIRECTION('',(-0.969230769231,-2.168404344971E-19,
    -0.246153846154));
#14167 = PCURVE('',#14113,#14168);
#14168 = DEFINITIONAL_REPRESENTATION('',(#14169),#14173);
#14169 = LINE('',#14170,#14171);
#14170 = CARTESIAN_POINT('',(0.,0.));
#14171 = VECTOR('',#14172,1.);
#14172 = DIRECTION('',(1.,0.));
#14173 = ( GEOMETRIC_REPRESENTATION_CONTEXT(2) 
PARAMETRIC_REPRESENTATION_CONTEXT() REPRESENTATION_CONTEXT('2D SPACE',''
  ) );
#14174 = PCURVE('',#14175,#14180);
#14175 = PLANE('',#14176);
#14176 = AXIS2_PLACEMENT_3D('',#14177,#14178,#14179);
#14177 = CARTESIAN_POINT('',(-80.,60.,575.));
#14178 = DIRECTION('',(0.246149185385,6.153729634625E-03,-0.969212417453
    ));
#14179 = DIRECTION('',(-0.969230769231,-2.168404344971E-19,
    -0.246153846154));
#14180 = DEFINITIONAL_REPRESENTATION('',(#14181),#14185);
#14181 = CIRCLE('',#14182,6.);
#14182 = AXIS2_PLACEMENT_2D('',#14183,#14184);
#14183 = CARTESIAN_POINT('',(0.,0.));
#14184 = DIRECTION('',(1.,0.));
#14185 = ( GEOMETRIC_REPRESENTATION_CONTEXT(2) 
PARAMETRIC_REPRESENTATION_CONTEXT() REPRESENTATION_CONTEXT('2D SPACE',''
  ) );
#14186 = ORIENTED_EDGE('',*,*,#14137,.T.);
#14187 = ADVANCED_FACE('',(#14188),#14125,.T.);
#14188 = FACE_BOUND('',#14189,.T.);
#14189 = EDGE_LOOP('',(#14190));
#14190 = ORIENTED_EDGE('',*,*,#14103,.T.);
#14191 = ADVANCED_FACE('',(#14192),#14175,.F.);
#14192 = FACE_BOUND('',#14193,.T.);
#14193 = EDGE_LOOP('',(#14194));
#14194 = ORIENTED_EDGE('',*,*,#14160,.F.);
#14195 = ( GEOMETRIC_REPRESENTATION_CONTEXT(3) 
GLOBAL_UNCERTAINTY_ASSIGNED_CONTEXT((#14199)) 
GLOBAL_UNIT_ASSIGNED_CONTEXT((#14196,#14197,#14198)) 
REPRESENTATION_CONTEXT('Context #1',
  '3D Context with UNIT and UNCERTAINTY') );
#14196 = ( LENGTH_UNIT() NAMED_UNIT(*) SI_UNIT(.MILLI.,.METRE.) );
#14197 = ( NAMED_UNIT(*) PLANE_ANGLE_UNIT() SI_UNIT($,.RADIAN.) );
#14198 = ( NAMED_UNIT(*) SI_UNIT($,.STERADIAN.) SOLID_ANGLE_UNIT() );
#14199 = UNCERTAINTY_MEASURE_WITH_UNIT(LENGTH_MEASURE(1.E-07),#14196,
  'distance_accuracy_value','confusion accuracy');
#14200 = CONTEXT_DEPENDENT_SHAPE_REPRESENTATION(#14201,#14203);
#14201 = ( REPRESENTATION_RELATIONSHIP('','',#14096,#13218) 
REPRESENTATION_RELATIONSHIP_WITH_TRANSFORMATION(#14202) 
SHAPE_REPRESENTATION_RELATIONSHIP() );
#14202 = ITEM_DEFINED_TRANSFORMATION('','',#11,#13247);
#14203 = PRODUCT_DEFINITION_SHAPE('Placement','Placement of an item',
  #14204);
#14204 = NEXT_ASSEMBLY_USAGE_OCCURRENCE('230','=>[0:1:1:110]','',#13213,
  #14091,$);
#14205 = PRODUCT_RELATED_PRODUCT_CATEGORY('part',$,(#14093));
#14206 = SHAPE_DEFINITION_REPRESENTATION(#14207,#14213);
#14207 = PRODUCT_DEFINITION_SHAPE('','',#14208);
#14208 = PRODUCT_DEFINITION('design','',#14209,#14212);
#14209 = PRODUCT_DEFINITION_FORMATION('','',#14210);
#14210 = PRODUCT('SOLID','SOLID','',(#14211));
#14211 = PRODUCT_CONTEXT('',#2,'mechanical');
#14212 = PRODUCT_DEFINITION_CONTEXT('part definition',#2,'design');
#14213 = ADVANCED_BREP_SHAPE_REPRESENTATION('',(#11,#14214),#14312);
#14214 = MANIFOLD_SOLID_BREP('',#14215);
#14215 = CLOSED_SHELL('',(#14216,#14304,#14308));
#14216 = ADVANCED_FACE('',(#14217),#14230,.T.);
#14217 = FACE_BOUND('',#14218,.T.);
#14218 = EDGE_LOOP('',(#14219,#14253,#14276,#14303));
#14219 = ORIENTED_EDGE('',*,*,#14220,.F.);
#14220 = EDGE_CURVE('',#14221,#14221,#14223,.T.);
#14221 = VERTEX_POINT('',#14222);
#14222 = CARTESIAN_POINT('',(167.36800633424,-30.,359.57110338382));
#14223 = SURFACE_CURVE('',#14224,(#14229,#14241),.PCURVE_S1.);
#14224 = CIRCLE('',#14225,4.);
#14225 = AXIS2_PLACEMENT_3D('',#14226,#14227,#14228);
#14226 = CARTESIAN_POINT('',(171.30540327962,-30.,358.86618828645));
#14227 = DIRECTION('',(-0.174606541396,0.13537280876,-0.975288038658));
#14228 = DIRECTION('',(-0.984349236345,1.040834085586E-17,0.176228774343
    ));
#14229 = PCURVE('',#14230,#14235);
#14230 = CYLINDRICAL_SURFACE('',#14231,4.);
#14231 = AXIS2_PLACEMENT_3D('',#14232,#14233,#14234);
#14232 = CARTESIAN_POINT('',(210.,-60.,575.));
#14233 = DIRECTION('',(-0.174606541396,0.13537280876,-0.975288038658));
#14234 = DIRECTION('',(-0.984349236345,6.938893903907E-18,0.176228774343
    ));
#14235 = DEFINITIONAL_REPRESENTATION('',(#14236),#14240);
#14236 = LINE('',#14237,#14238);
#14237 = CARTESIAN_POINT('',(0.,221.61023528073));
#14238 = VECTOR('',#14239,1.);
#14239 = DIRECTION('',(1.,0.));
#14240 = ( GEOMETRIC_REPRESENTATION_CONTEXT(2) 
PARAMETRIC_REPRESENTATION_CONTEXT() REPRESENTATION_CONTEXT('2D SPACE',''
  ) );
#14241 = PCURVE('',#14242,#14247);
#14242 = PLANE('',#14243);
#14243 = AXIS2_PLACEMENT_3D('',#14244,#14245,#14246);
#14244 = CARTESIAN_POINT('',(171.30540327962,-30.,358.86618828645));
#14245 = DIRECTION('',(-0.174606541396,0.13537280876,-0.975288038658));
#14246 = DIRECTION('',(-0.984349236345,6.938893903907E-18,0.176228774343
    ));
#14247 = DEFINITIONAL_REPRESENTATION('',(#14248),#14252);
#14248 = CIRCLE('',#14249,4.);
#14249 = AXIS2_PLACEMENT_2D('',#14250,#14251);
#14250 = CARTESIAN_POINT('',(0.,0.));
#14251 = DIRECTION('',(1.,0.));
#14252 = ( GEOMETRIC_REPRESENTATION_CONTEXT(2) 
PARAMETRIC_REPRESENTATION_CONTEXT() REPRESENTATION_CONTEXT('2D SPACE',''
  ) );
#14253 = ORIENTED_EDGE('',*,*,#14254,.F.);
#14254 = EDGE_CURVE('',#14255,#14221,#14257,.T.);
#14255 = VERTEX_POINT('',#14256);
#14256 = CARTESIAN_POINT('',(206.06260305461,-60.,575.70491509737));
#14257 = SEAM_CURVE('',#14258,(#14262,#14269),.PCURVE_S1.);
#14258 = LINE('',#14259,#14260);
#14259 = CARTESIAN_POINT('',(206.06260305461,-60.,575.70491509737));
#14260 = VECTOR('',#14261,1.);
#14261 = DIRECTION('',(-0.174606541396,0.13537280876,-0.975288038658));
#14262 = PCURVE('',#14230,#14263);
#14263 = DEFINITIONAL_REPRESENTATION('',(#14264),#14268);
#14264 = LINE('',#14265,#14266);
#14265 = CARTESIAN_POINT('',(6.28318530718,-0.));
#14266 = VECTOR('',#14267,1.);
#14267 = DIRECTION('',(0.,1.));
#14268 = ( GEOMETRIC_REPRESENTATION_CONTEXT(2) 
PARAMETRIC_REPRESENTATION_CONTEXT() REPRESENTATION_CONTEXT('2D SPACE',''
  ) );
#14269 = PCURVE('',#14230,#14270);
#14270 = DEFINITIONAL_REPRESENTATION('',(#14271),#14275);
#14271 = LINE('',#14272,#14273);
#14272 = CARTESIAN_POINT('',(0.,-0.));
#14273 = VECTOR('',#14274,1.);
#14274 = DIRECTION('',(0.,1.));
#14275 = ( GEOMETRIC_REPRESENTATION_CONTEXT(2) 
PARAMETRIC_REPRESENTATION_CONTEXT() REPRESENTATION_CONTEXT('2D SPACE',''
  ) );
#14276 = ORIENTED_EDGE('',*,*,#14277,.T.);
#14277 = EDGE_CURVE('',#14255,#14255,#14278,.T.);
#14278 = SURFACE_CURVE('',#14279,(#14284,#14291),.PCURVE_S1.);
#14279 = CIRCLE('',#14280,4.);
#14280 = AXIS2_PLACEMENT_3D('',#14281,#14282,#14283);
#14281 = CARTESIAN_POINT('',(210.,-60.,575.));
#14282 = DIRECTION('',(-0.174606541396,0.13537280876,-0.975288038658));
#14283 = DIRECTION('',(-0.984349236345,1.040834085586E-17,0.176228774343
    ));
#14284 = PCURVE('',#14230,#14285);
#14285 = DEFINITIONAL_REPRESENTATION('',(#14286),#14290);
#14286 = LINE('',#14287,#14288);
#14287 = CARTESIAN_POINT('',(0.,0.));
#14288 = VECTOR('',#14289,1.);
#14289 = DIRECTION('',(1.,0.));
#14290 = ( GEOMETRIC_REPRESENTATION_CONTEXT(2) 
PARAMETRIC_REPRESENTATION_CONTEXT() REPRESENTATION_CONTEXT('2D SPACE',''
  ) );
#14291 = PCURVE('',#14292,#14297);
#14292 = PLANE('',#14293);
#14293 = AXIS2_PLACEMENT_3D('',#14294,#14295,#14296);
#14294 = CARTESIAN_POINT('',(210.,-60.,575.));
#14295 = DIRECTION('',(-0.174606541396,0.13537280876,-0.975288038658));
#14296 = DIRECTION('',(-0.984349236345,6.938893903907E-18,0.176228774343
    ));
#14297 = DEFINITIONAL_REPRESENTATION('',(#14298),#14302);
#14298 = CIRCLE('',#14299,4.);
#14299 = AXIS2_PLACEMENT_2D('',#14300,#14301);
#14300 = CARTESIAN_POINT('',(0.,0.));
#14301 = DIRECTION('',(1.,0.));
#14302 = ( GEOMETRIC_REPRESENTATION_CONTEXT(2) 
PARAMETRIC_REPRESENTATION_CONTEXT() REPRESENTATION_CONTEXT('2D SPACE',''
  ) );
#14303 = ORIENTED_EDGE('',*,*,#14254,.T.);
#14304 = ADVANCED_FACE('',(#14305),#14242,.T.);
#14305 = FACE_BOUND('',#14306,.T.);
#14306 = EDGE_LOOP('',(#14307));
#14307 = ORIENTED_EDGE('',*,*,#14220,.T.);
#14308 = ADVANCED_FACE('',(#14309),#14292,.F.);
#14309 = FACE_BOUND('',#14310,.T.);
#14310 = EDGE_LOOP('',(#14311));
#14311 = ORIENTED_EDGE('',*,*,#14277,.F.);
#14312 = ( GEOMETRIC_REPRESENTATION_CONTEXT(3) 
GLOBAL_UNCERTAINTY_ASSIGNED_CONTEXT((#14316)) 
GLOBAL_UNIT_ASSIGNED_CONTEXT((#14313,#14314,#14315)) 
REPRESENTATION_CONTEXT('Context #1',
  '3D Context with UNIT and UNCERTAINTY') );
#14313 = ( LENGTH_UNIT() NAMED_UNIT(*) SI_UNIT(.MILLI.,.METRE.) );
#14314 = ( NAMED_UNIT(*) PLANE_ANGLE_UNIT() SI_UNIT($,.RADIAN.) );
#14315 = ( NAMED_UNIT(*) SI_UNIT($,.STERADIAN.) SOLID_ANGLE_UNIT() );
#14316 = UNCERTAINTY_MEASURE_WITH_UNIT(LENGTH_MEASURE(1.E-07),#14313,
  'distance_accuracy_value','confusion accuracy');
#14317 = CONTEXT_DEPENDENT_SHAPE_REPRESENTATION(#14318,#14320);
#14318 = ( REPRESENTATION_RELATIONSHIP('','',#14213,#13218) 
REPRESENTATION_RELATIONSHIP_WITH_TRANSFORMATION(#14319) 
SHAPE_REPRESENTATION_RELATIONSHIP() );
#14319 = ITEM_DEFINED_TRANSFORMATION('','',#11,#13251);
#14320 = PRODUCT_DEFINITION_SHAPE('Placement','Placement of an item',
  #14321);
#14321 = NEXT_ASSEMBLY_USAGE_OCCURRENCE('231','=>[0:1:1:111]','',#13213,
  #14208,$);
#14322 = PRODUCT_RELATED_PRODUCT_CATEGORY('part',$,(#14210));
#14323 = SHAPE_DEFINITION_REPRESENTATION(#14324,#14330);
#14324 = PRODUCT_DEFINITION_SHAPE('','',#14325);
#14325 = PRODUCT_DEFINITION('design','',#14326,#14329);
#14326 = PRODUCT_DEFINITION_FORMATION('','',#14327);
#14327 = PRODUCT('SOLID','SOLID','',(#14328));
#14328 = PRODUCT_CONTEXT('',#2,'mechanical');
#14329 = PRODUCT_DEFINITION_CONTEXT('part definition',#2,'design');
#14330 = ADVANCED_BREP_SHAPE_REPRESENTATION('',(#11,#14331),#14429);
#14331 = MANIFOLD_SOLID_BREP('',#14332);
#14332 = CLOSED_SHELL('',(#14333,#14421,#14425));
#14333 = ADVANCED_FACE('',(#14334),#14347,.T.);
#14334 = FACE_BOUND('',#14335,.T.);
#14335 = EDGE_LOOP('',(#14336,#14370,#14393,#14420));
#14336 = ORIENTED_EDGE('',*,*,#14337,.F.);
#14337 = EDGE_CURVE('',#14338,#14338,#14340,.T.);
#14338 = VERTEX_POINT('',#14339);
#14339 = CARTESIAN_POINT('',(167.36800633424,30.,359.57110338382));
#14340 = SURFACE_CURVE('',#14341,(#14346,#14358),.PCURVE_S1.);
#14341 = CIRCLE('',#14342,4.);
#14342 = AXIS2_PLACEMENT_3D('',#14343,#14344,#14345);
#14343 = CARTESIAN_POINT('',(171.30540327962,30.,358.86618828645));
#14344 = DIRECTION('',(-0.174606541396,-0.13537280876,-0.975288038658));
#14345 = DIRECTION('',(-0.984349236345,-1.040834085586E-17,
    0.176228774343));
#14346 = PCURVE('',#14347,#14352);
#14347 = CYLINDRICAL_SURFACE('',#14348,4.);
#14348 = AXIS2_PLACEMENT_3D('',#14349,#14350,#14351);
#14349 = CARTESIAN_POINT('',(210.,60.,575.));
#14350 = DIRECTION('',(-0.174606541396,-0.13537280876,-0.975288038658));
#14351 = DIRECTION('',(-0.984349236345,-6.938893903907E-18,
    0.176228774343));
#14352 = DEFINITIONAL_REPRESENTATION('',(#14353),#14357);
#14353 = LINE('',#14354,#14355);
#14354 = CARTESIAN_POINT('',(0.,221.61023528073));
#14355 = VECTOR('',#14356,1.);
#14356 = DIRECTION('',(1.,0.));
#14357 = ( GEOMETRIC_REPRESENTATION_CONTEXT(2) 
PARAMETRIC_REPRESENTATION_CONTEXT() REPRESENTATION_CONTEXT('2D SPACE',''
  ) );
#14358 = PCURVE('',#14359,#14364);
#14359 = PLANE('',#14360);
#14360 = AXIS2_PLACEMENT_3D('',#14361,#14362,#14363);
#14361 = CARTESIAN_POINT('',(171.30540327962,30.,358.86618828645));
#14362 = DIRECTION('',(-0.174606541396,-0.13537280876,-0.975288038658));
#14363 = DIRECTION('',(-0.984349236345,-6.938893903907E-18,
    0.176228774343));
#14364 = DEFINITIONAL_REPRESENTATION('',(#14365),#14369);
#14365 = CIRCLE('',#14366,4.);
#14366 = AXIS2_PLACEMENT_2D('',#14367,#14368);
#14367 = CARTESIAN_POINT('',(0.,0.));
#14368 = DIRECTION('',(1.,0.));
#14369 = ( GEOMETRIC_REPRESENTATION_CONTEXT(2) 
PARAMETRIC_REPRESENTATION_CONTEXT() REPRESENTATION_CONTEXT('2D SPACE',''
  ) );
#14370 = ORIENTED_EDGE('',*,*,#14371,.F.);
#14371 = EDGE_CURVE('',#14372,#14338,#14374,.T.);
#14372 = VERTEX_POINT('',#14373);
#14373 = CARTESIAN_POINT('',(206.06260305461,60.,575.70491509737));
#14374 = SEAM_CURVE('',#14375,(#14379,#14386),.PCURVE_S1.);
#14375 = LINE('',#14376,#14377);
#14376 = CARTESIAN_POINT('',(206.06260305461,60.,575.70491509737));
#14377 = VECTOR('',#14378,1.);
#14378 = DIRECTION('',(-0.174606541396,-0.13537280876,-0.975288038658));
#14379 = PCURVE('',#14347,#14380);
#14380 = DEFINITIONAL_REPRESENTATION('',(#14381),#14385);
#14381 = LINE('',#14382,#14383);
#14382 = CARTESIAN_POINT('',(6.28318530718,-0.));
#14383 = VECTOR('',#14384,1.);
#14384 = DIRECTION('',(0.,1.));
#14385 = ( GEOMETRIC_REPRESENTATION_CONTEXT(2) 
PARAMETRIC_REPRESENTATION_CONTEXT() REPRESENTATION_CONTEXT('2D SPACE',''
  ) );
#14386 = PCURVE('',#14347,#14387);
#14387 = DEFINITIONAL_REPRESENTATION('',(#14388),#14392);
#14388 = LINE('',#14389,#14390);
#14389 = CARTESIAN_POINT('',(0.,-0.));
#14390 = VECTOR('',#14391,1.);
#14391 = DIRECTION('',(0.,1.));
#14392 = ( GEOMETRIC_REPRESENTATION_CONTEXT(2) 
PARAMETRIC_REPRESENTATION_CONTEXT() REPRESENTATION_CONTEXT('2D SPACE',''
  ) );
#14393 = ORIENTED_EDGE('',*,*,#14394,.T.);
#14394 = EDGE_CURVE('',#14372,#14372,#14395,.T.);
#14395 = SURFACE_CURVE('',#14396,(#14401,#14408),.PCURVE_S1.);
#14396 = CIRCLE('',#14397,4.);
#14397 = AXIS2_PLACEMENT_3D('',#14398,#14399,#14400);
#14398 = CARTESIAN_POINT('',(210.,60.,575.));
#14399 = DIRECTION('',(-0.174606541396,-0.13537280876,-0.975288038658));
#14400 = DIRECTION('',(-0.984349236345,-1.040834085586E-17,
    0.176228774343));
#14401 = PCURVE('',#14347,#14402);
#14402 = DEFINITIONAL_REPRESENTATION('',(#14403),#14407);
#14403 = LINE('',#14404,#14405);
#14404 = CARTESIAN_POINT('',(0.,0.));
#14405 = VECTOR('',#14406,1.);
#14406 = DIRECTION('',(1.,0.));
#14407 = ( GEOMETRIC_REPRESENTATION_CONTEXT(2) 
PARAMETRIC_REPRESENTATION_CONTEXT() REPRESENTATION_CONTEXT('2D SPACE',''
  ) );
#14408 = PCURVE('',#14409,#14414);
#14409 = PLANE('',#14410);
#14410 = AXIS2_PLACEMENT_3D('',#14411,#14412,#14413);
#14411 = CARTESIAN_POINT('',(210.,60.,575.));
#14412 = DIRECTION('',(-0.174606541396,-0.13537280876,-0.975288038658));
#14413 = DIRECTION('',(-0.984349236345,-6.938893903907E-18,
    0.176228774343));
#14414 = DEFINITIONAL_REPRESENTATION('',(#14415),#14419);
#14415 = CIRCLE('',#14416,4.);
#14416 = AXIS2_PLACEMENT_2D('',#14417,#14418);
#14417 = CARTESIAN_POINT('',(0.,0.));
#14418 = DIRECTION('',(1.,0.));
#14419 = ( GEOMETRIC_REPRESENTATION_CONTEXT(2) 
PARAMETRIC_REPRESENTATION_CONTEXT() REPRESENTATION_CONTEXT('2D SPACE',''
  ) );
#14420 = ORIENTED_EDGE('',*,*,#14371,.T.);
#14421 = ADVANCED_FACE('',(#14422),#14359,.T.);
#14422 = FACE_BOUND('',#14423,.T.);
#14423 = EDGE_LOOP('',(#14424));
#14424 = ORIENTED_EDGE('',*,*,#14337,.T.);
#14425 = ADVANCED_FACE('',(#14426),#14409,.F.);
#14426 = FACE_BOUND('',#14427,.T.);
#14427 = EDGE_LOOP('',(#14428));
#14428 = ORIENTED_EDGE('',*,*,#14394,.F.);
#14429 = ( GEOMETRIC_REPRESENTATION_CONTEXT(3) 
GLOBAL_UNCERTAINTY_ASSIGNED_CONTEXT((#14433)) 
GLOBAL_UNIT_ASSIGNED_CONTEXT((#14430,#14431,#14432)) 
REPRESENTATION_CONTEXT('Context #1',
  '3D Context with UNIT and UNCERTAINTY') );
#14430 = ( LENGTH_UNIT() NAMED_UNIT(*) SI_UNIT(.MILLI.,.METRE.) );
#14431 = ( NAMED_UNIT(*) PLANE_ANGLE_UNIT() SI_UNIT($,.RADIAN.) );
#14432 = ( NAMED_UNIT(*) SI_UNIT($,.STERADIAN.) SOLID_ANGLE_UNIT() );
#14433 = UNCERTAINTY_MEASURE_WITH_UNIT(LENGTH_MEASURE(1.E-07),#14430,
  'distance_accuracy_value','confusion accuracy');
#14434 = CONTEXT_DEPENDENT_SHAPE_REPRESENTATION(#14435,#14437);
#14435 = ( REPRESENTATION_RELATIONSHIP('','',#14330,#13218) 
REPRESENTATION_RELATIONSHIP_WITH_TRANSFORMATION(#14436) 
SHAPE_REPRESENTATION_RELATIONSHIP() );
#14436 = ITEM_DEFINED_TRANSFORMATION('','',#11,#13255);
#14437 = PRODUCT_DEFINITION_SHAPE('Placement','Placement of an item',
  #14438);
#14438 = NEXT_ASSEMBLY_USAGE_OCCURRENCE('232','=>[0:1:1:112]','',#13213,
  #14325,$);
#14439 = PRODUCT_RELATED_PRODUCT_CATEGORY('part',$,(#14327));
#14440 = SHAPE_DEFINITION_REPRESENTATION(#14441,#14447);
#14441 = PRODUCT_DEFINITION_SHAPE('','',#14442);
#14442 = PRODUCT_DEFINITION('design','',#14443,#14446);
#14443 = PRODUCT_DEFINITION_FORMATION('','',#14444);
#14444 = PRODUCT('COMPOUND','COMPOUND','',(#14445));
#14445 = PRODUCT_CONTEXT('',#2,'mechanical');
#14446 = PRODUCT_DEFINITION_CONTEXT('part definition',#2,'design');
#14447 = SHAPE_REPRESENTATION('',(#11,#14448,#14452),#14456);
#14448 = AXIS2_PLACEMENT_3D('',#14449,#14450,#14451);
#14449 = CARTESIAN_POINT('',(0.,0.,0.));
#14450 = DIRECTION('',(0.,0.,1.));
#14451 = DIRECTION('',(1.,0.,-0.));
#14452 = AXIS2_PLACEMENT_3D('',#14453,#14454,#14455);
#14453 = CARTESIAN_POINT('',(0.,0.,0.));
#14454 = DIRECTION('',(0.,0.,1.));
#14455 = DIRECTION('',(1.,0.,-0.));
#14456 = ( GEOMETRIC_REPRESENTATION_CONTEXT(3) 
GLOBAL_UNCERTAINTY_ASSIGNED_CONTEXT((#14460)) 
GLOBAL_UNIT_ASSIGNED_CONTEXT((#14457,#14458,#14459)) 
REPRESENTATION_CONTEXT('Context #1',
  '3D Context with UNIT and UNCERTAINTY') );
#14457 = ( LENGTH_UNIT() NAMED_UNIT(*) SI_UNIT(.MILLI.,.METRE.) );
#14458 = ( NAMED_UNIT(*) PLANE_ANGLE_UNIT() SI_UNIT($,.RADIAN.) );
#14459 = ( NAMED_UNIT(*) SI_UNIT($,.STERADIAN.) SOLID_ANGLE_UNIT() );
#14460 = UNCERTAINTY_MEASURE_WITH_UNIT(LENGTH_MEASURE(2.E-07),#14457,
  'distance_accuracy_value','confusion accuracy');
#14461 = CONTEXT_DEPENDENT_SHAPE_REPRESENTATION(#14462,#14464);
#14462 = ( REPRESENTATION_RELATIONSHIP('','',#14447,#10) 
REPRESENTATION_RELATIONSHIP_WITH_TRANSFORMATION(#14463) 
SHAPE_REPRESENTATION_RELATIONSHIP() );
#14463 = ITEM_DEFINED_TRANSFORMATION('','',#11,#67);
#14464 = PRODUCT_DEFINITION_SHAPE('Placement','Placement of an item',
  #14465);
#14465 = NEXT_ASSEMBLY_USAGE_OCCURRENCE('236','=>[0:1:1:113]','',#5,
  #14442,$);
#14466 = PRODUCT_RELATED_PRODUCT_CATEGORY('part',$,(#14444));
#14467 = SHAPE_DEFINITION_REPRESENTATION(#14468,#14474);
#14468 = PRODUCT_DEFINITION_SHAPE('','',#14469);
#14469 = PRODUCT_DEFINITION('design','',#14470,#14473);
#14470 = PRODUCT_DEFINITION_FORMATION('','',#14471);
#14471 = PRODUCT('SOLID','SOLID','',(#14472));
#14472 = PRODUCT_CONTEXT('',#2,'mechanical');
#14473 = PRODUCT_DEFINITION_CONTEXT('part definition',#2,'design');
#14474 = ADVANCED_BREP_SHAPE_REPRESENTATION('',(#11,#14475),#14805);
#14475 = MANIFOLD_SOLID_BREP('',#14476);
#14476 = CLOSED_SHELL('',(#14477,#14589,#14669,#14734,#14766,#14798));
#14477 = ADVANCED_FACE('',(#14478),#14492,.F.);
#14478 = FACE_BOUND('',#14479,.F.);
#14479 = EDGE_LOOP('',(#14480,#14513,#14539,#14565));
#14480 = ORIENTED_EDGE('',*,*,#14481,.F.);
#14481 = EDGE_CURVE('',#14482,#14484,#14486,.T.);
#14482 = VERTEX_POINT('',#14483);
#14483 = CARTESIAN_POINT('',(-270.,-32.,250.));
#14484 = VERTEX_POINT('',#14485);
#14485 = CARTESIAN_POINT('',(-270.,32.,250.));
#14486 = SURFACE_CURVE('',#14487,(#14491,#14502),.PCURVE_S1.);
#14487 = LINE('',#14488,#14489);
#14488 = CARTESIAN_POINT('',(-270.,-32.,250.));
#14489 = VECTOR('',#14490,1.);
#14490 = DIRECTION('',(0.,1.,0.));
#14491 = PCURVE('',#14492,#14497);
#14492 = PLANE('',#14493);
#14493 = AXIS2_PLACEMENT_3D('',#14494,#14495,#14496);
#14494 = CARTESIAN_POINT('',(-390.,-100.,250.));
#14495 = DIRECTION('',(0.,0.,1.));
#14496 = DIRECTION('',(1.,0.,-0.));
#14497 = DEFINITIONAL_REPRESENTATION('',(#14498),#14501);
#14498 = B_SPLINE_CURVE_WITH_KNOTS('',1,(#14499,#14500),.UNSPECIFIED.,
  .F.,.F.,(2,2),(-5.999999999062E-07,64.0000006),
  .PIECEWISE_BEZIER_KNOTS.);
#14499 = CARTESIAN_POINT('',(120.,67.9999994));
#14500 = CARTESIAN_POINT('',(120.,132.0000006));
#14501 = ( GEOMETRIC_REPRESENTATION_CONTEXT(2) 
PARAMETRIC_REPRESENTATION_CONTEXT() REPRESENTATION_CONTEXT('2D SPACE',''
  ) );
#14502 = PCURVE('',#14503,#14508);
#14503 = CYLINDRICAL_SURFACE('',#14504,270.);
#14504 = AXIS2_PLACEMENT_3D('',#14505,#14506,#14507);
#14505 = CARTESIAN_POINT('',(0.,-32.,250.));
#14506 = DIRECTION('',(0.,1.,0.));
#14507 = DIRECTION('',(0.,-0.,1.));
#14508 = DEFINITIONAL_REPRESENTATION('',(#14509),#14512);
#14509 = B_SPLINE_CURVE_WITH_KNOTS('',1,(#14510,#14511),.UNSPECIFIED.,
  .F.,.F.,(2,2),(0.,64.),.PIECEWISE_BEZIER_KNOTS.);
#14510 = CARTESIAN_POINT('',(4.712388980385,0.));
#14511 = CARTESIAN_POINT('',(4.712388980385,64.));
#14512 = ( GEOMETRIC_REPRESENTATION_CONTEXT(2) 
PARAMETRIC_REPRESENTATION_CONTEXT() REPRESENTATION_CONTEXT('2D SPACE',''
  ) );
#14513 = ORIENTED_EDGE('',*,*,#14514,.F.);
#14514 = EDGE_CURVE('',#14515,#14482,#14517,.T.);
#14515 = VERTEX_POINT('',#14516);
#14516 = CARTESIAN_POINT('',(-266.,-32.,250.));
#14517 = SURFACE_CURVE('',#14518,(#14522,#14528),.PCURVE_S1.);
#14518 = LINE('',#14519,#14520);
#14519 = CARTESIAN_POINT('',(-195.,-32.,250.));
#14520 = VECTOR('',#14521,1.);
#14521 = DIRECTION('',(-1.,0.,0.));
#14522 = PCURVE('',#14492,#14523);
#14523 = DEFINITIONAL_REPRESENTATION('',(#14524),#14527);
#14524 = B_SPLINE_CURVE_WITH_KNOTS('',1,(#14525,#14526),.UNSPECIFIED.,
  .F.,.F.,(2,2),(-465.,75.),.PIECEWISE_BEZIER_KNOTS.);
#14525 = CARTESIAN_POINT('',(660.,68.));
#14526 = CARTESIAN_POINT('',(120.,68.));
#14527 = ( GEOMETRIC_REPRESENTATION_CONTEXT(2) 
PARAMETRIC_REPRESENTATION_CONTEXT() REPRESENTATION_CONTEXT('2D SPACE',''
  ) );
#14528 = PCURVE('',#14529,#14534);
#14529 = PLANE('',#14530);
#14530 = AXIS2_PLACEMENT_3D('',#14531,#14532,#14533);
#14531 = CARTESIAN_POINT('',(0.,-32.,250.));
#14532 = DIRECTION('',(0.,1.,0.));
#14533 = DIRECTION('',(0.,-0.,1.));
#14534 = DEFINITIONAL_REPRESENTATION('',(#14535),#14538);
#14535 = B_SPLINE_CURVE_WITH_KNOTS('',1,(#14536,#14537),.UNSPECIFIED.,
  .F.,.F.,(2,2),(-465.,75.),.PIECEWISE_BEZIER_KNOTS.);
#14536 = CARTESIAN_POINT('',(0.,270.));
#14537 = CARTESIAN_POINT('',(0.,-270.));
#14538 = ( GEOMETRIC_REPRESENTATION_CONTEXT(2) 
PARAMETRIC_REPRESENTATION_CONTEXT() REPRESENTATION_CONTEXT('2D SPACE',''
  ) );
#14539 = ORIENTED_EDGE('',*,*,#14540,.T.);
#14540 = EDGE_CURVE('',#14515,#14541,#14543,.T.);
#14541 = VERTEX_POINT('',#14542);
#14542 = CARTESIAN_POINT('',(-266.,32.,250.));
#14543 = SURFACE_CURVE('',#14544,(#14548,#14554),.PCURVE_S1.);
#14544 = LINE('',#14545,#14546);
#14545 = CARTESIAN_POINT('',(-266.,-32.,250.));
#14546 = VECTOR('',#14547,1.);
#14547 = DIRECTION('',(0.,1.,0.));
#14548 = PCURVE('',#14492,#14549);
#14549 = DEFINITIONAL_REPRESENTATION('',(#14550),#14553);
#14550 = B_SPLINE_CURVE_WITH_KNOTS('',1,(#14551,#14552),.UNSPECIFIED.,
  .F.,.F.,(2,2),(-5.999999999062E-07,64.0000006),
  .PIECEWISE_BEZIER_KNOTS.);
#14551 = CARTESIAN_POINT('',(124.,67.9999994));
#14552 = CARTESIAN_POINT('',(124.,132.0000006));
#14553 = ( GEOMETRIC_REPRESENTATION_CONTEXT(2) 
PARAMETRIC_REPRESENTATION_CONTEXT() REPRESENTATION_CONTEXT('2D SPACE',''
  ) );
#14554 = PCURVE('',#14555,#14560);
#14555 = CYLINDRICAL_SURFACE('',#14556,266.);
#14556 = AXIS2_PLACEMENT_3D('',#14557,#14558,#14559);
#14557 = CARTESIAN_POINT('',(0.,-32.,250.));
#14558 = DIRECTION('',(0.,1.,0.));
#14559 = DIRECTION('',(0.,-0.,1.));
#14560 = DEFINITIONAL_REPRESENTATION('',(#14561),#14564);
#14561 = B_SPLINE_CURVE_WITH_KNOTS('',1,(#14562,#14563),.UNSPECIFIED.,
  .F.,.F.,(2,2),(0.,64.),.PIECEWISE_BEZIER_KNOTS.);
#14562 = CARTESIAN_POINT('',(4.712388980385,0.));
#14563 = CARTESIAN_POINT('',(4.712388980385,64.));
#14564 = ( GEOMETRIC_REPRESENTATION_CONTEXT(2) 
PARAMETRIC_REPRESENTATION_CONTEXT() REPRESENTATION_CONTEXT('2D SPACE',''
  ) );
#14565 = ORIENTED_EDGE('',*,*,#14566,.T.);
#14566 = EDGE_CURVE('',#14541,#14484,#14567,.T.);
#14567 = SURFACE_CURVE('',#14568,(#14572,#14578),.PCURVE_S1.);
#14568 = LINE('',#14569,#14570);
#14569 = CARTESIAN_POINT('',(-195.,32.,250.));
#14570 = VECTOR('',#14571,1.);
#14571 = DIRECTION('',(-1.,0.,0.));
#14572 = PCURVE('',#14492,#14573);
#14573 = DEFINITIONAL_REPRESENTATION('',(#14574),#14577);
#14574 = B_SPLINE_CURVE_WITH_KNOTS('',1,(#14575,#14576),.UNSPECIFIED.,
  .F.,.F.,(2,2),(-465.,75.),.PIECEWISE_BEZIER_KNOTS.);
#14575 = CARTESIAN_POINT('',(660.,132.));
#14576 = CARTESIAN_POINT('',(120.,132.));
#14577 = ( GEOMETRIC_REPRESENTATION_CONTEXT(2) 
PARAMETRIC_REPRESENTATION_CONTEXT() REPRESENTATION_CONTEXT('2D SPACE',''
  ) );
#14578 = PCURVE('',#14579,#14584);
#14579 = PLANE('',#14580);
#14580 = AXIS2_PLACEMENT_3D('',#14581,#14582,#14583);
#14581 = CARTESIAN_POINT('',(0.,32.,250.));
#14582 = DIRECTION('',(0.,1.,0.));
#14583 = DIRECTION('',(0.,-0.,1.));
#14584 = DEFINITIONAL_REPRESENTATION('',(#14585),#14588);
#14585 = B_SPLINE_CURVE_WITH_KNOTS('',1,(#14586,#14587),.UNSPECIFIED.,
  .F.,.F.,(2,2),(-465.,75.),.PIECEWISE_BEZIER_KNOTS.);
#14586 = CARTESIAN_POINT('',(0.,270.));
#14587 = CARTESIAN_POINT('',(0.,-270.));
#14588 = ( GEOMETRIC_REPRESENTATION_CONTEXT(2) 
PARAMETRIC_REPRESENTATION_CONTEXT() REPRESENTATION_CONTEXT('2D SPACE',''
  ) );
#14589 = ADVANCED_FACE('',(#14590),#14529,.F.);
#14590 = FACE_BOUND('',#14591,.F.);
#14591 = EDGE_LOOP('',(#14592,#14616,#14642,#14668));
#14592 = ORIENTED_EDGE('',*,*,#14593,.T.);
#14593 = EDGE_CURVE('',#14482,#14594,#14596,.T.);
#14594 = VERTEX_POINT('',#14595);
#14595 = CARTESIAN_POINT('',(270.,-32.,250.));
#14596 = SURFACE_CURVE('',#14597,(#14602,#14609),.PCURVE_S1.);
#14597 = CIRCLE('',#14598,270.);
#14598 = AXIS2_PLACEMENT_3D('',#14599,#14600,#14601);
#14599 = CARTESIAN_POINT('',(0.,-32.,250.));
#14600 = DIRECTION('',(0.,1.,0.));
#14601 = DIRECTION('',(-1.,0.,-2.10531180966E-16));
#14602 = PCURVE('',#14529,#14603);
#14603 = DEFINITIONAL_REPRESENTATION('',(#14604),#14608);
#14604 = CIRCLE('',#14605,270.);
#14605 = AXIS2_PLACEMENT_2D('',#14606,#14607);
#14606 = CARTESIAN_POINT('',(0.,0.));
#14607 = DIRECTION('',(-2.10531180966E-16,-1.));
#14608 = ( GEOMETRIC_REPRESENTATION_CONTEXT(2) 
PARAMETRIC_REPRESENTATION_CONTEXT() REPRESENTATION_CONTEXT('2D SPACE',''
  ) );
#14609 = PCURVE('',#14503,#14610);
#14610 = DEFINITIONAL_REPRESENTATION('',(#14611),#14615);
#14611 = LINE('',#14612,#14613);
#14612 = CARTESIAN_POINT('',(4.712388980385,0.));
#14613 = VECTOR('',#14614,1.);
#14614 = DIRECTION('',(1.,0.));
#14615 = ( GEOMETRIC_REPRESENTATION_CONTEXT(2) 
PARAMETRIC_REPRESENTATION_CONTEXT() REPRESENTATION_CONTEXT('2D SPACE',''
  ) );
#14616 = ORIENTED_EDGE('',*,*,#14617,.T.);
#14617 = EDGE_CURVE('',#14594,#14618,#14620,.T.);
#14618 = VERTEX_POINT('',#14619);
#14619 = CARTESIAN_POINT('',(266.,-32.,250.));
#14620 = SURFACE_CURVE('',#14621,(#14625,#14631),.PCURVE_S1.);
#14621 = LINE('',#14622,#14623);
#14622 = CARTESIAN_POINT('',(-195.,-32.,250.));
#14623 = VECTOR('',#14624,1.);
#14624 = DIRECTION('',(-1.,0.,0.));
#14625 = PCURVE('',#14529,#14626);
#14626 = DEFINITIONAL_REPRESENTATION('',(#14627),#14630);
#14627 = B_SPLINE_CURVE_WITH_KNOTS('',1,(#14628,#14629),.UNSPECIFIED.,
  .F.,.F.,(2,2),(-465.,75.),.PIECEWISE_BEZIER_KNOTS.);
#14628 = CARTESIAN_POINT('',(0.,270.));
#14629 = CARTESIAN_POINT('',(0.,-270.));
#14630 = ( GEOMETRIC_REPRESENTATION_CONTEXT(2) 
PARAMETRIC_REPRESENTATION_CONTEXT() REPRESENTATION_CONTEXT('2D SPACE',''
  ) );
#14631 = PCURVE('',#14632,#14637);
#14632 = PLANE('',#14633);
#14633 = AXIS2_PLACEMENT_3D('',#14634,#14635,#14636);
#14634 = CARTESIAN_POINT('',(-390.,-100.,250.));
#14635 = DIRECTION('',(0.,0.,1.));
#14636 = DIRECTION('',(1.,0.,-0.));
#14637 = DEFINITIONAL_REPRESENTATION('',(#14638),#14641);
#14638 = B_SPLINE_CURVE_WITH_KNOTS('',1,(#14639,#14640),.UNSPECIFIED.,
  .F.,.F.,(2,2),(-465.,75.),.PIECEWISE_BEZIER_KNOTS.);
#14639 = CARTESIAN_POINT('',(660.,68.));
#14640 = CARTESIAN_POINT('',(120.,68.));
#14641 = ( GEOMETRIC_REPRESENTATION_CONTEXT(2) 
PARAMETRIC_REPRESENTATION_CONTEXT() REPRESENTATION_CONTEXT('2D SPACE',''
  ) );
#14642 = ORIENTED_EDGE('',*,*,#14643,.T.);
#14643 = EDGE_CURVE('',#14618,#14515,#14644,.T.);
#14644 = SURFACE_CURVE('',#14645,(#14650,#14661),.PCURVE_S1.);
#14645 = CIRCLE('',#14646,266.);
#14646 = AXIS2_PLACEMENT_3D('',#14647,#14648,#14649);
#14647 = CARTESIAN_POINT('',(0.,-32.,250.));
#14648 = DIRECTION('',(0.,-1.,0.));
#14649 = DIRECTION('',(1.,0.,1.068485316932E-16));
#14650 = PCURVE('',#14529,#14651);
#14651 = DEFINITIONAL_REPRESENTATION('',(#14652),#14660);
#14652 = ( BOUNDED_CURVE() B_SPLINE_CURVE(2,(#14653,#14654,#14655,#14656
    ,#14657,#14658,#14659),.UNSPECIFIED.,.T.,.F.) 
B_SPLINE_CURVE_WITH_KNOTS((1,2,2,2,2,1),(-2.094395102393,0.,
    2.094395102393,4.188790204786,6.28318530718,8.377580409573),
.UNSPECIFIED.) CURVE() GEOMETRIC_REPRESENTATION_ITEM() 
RATIONAL_B_SPLINE_CURVE((1.,0.5,1.,0.5,1.,0.5,1.)) REPRESENTATION_ITEM(
  '') );
#14653 = CARTESIAN_POINT('',(2.84217094304E-14,266.));
#14654 = CARTESIAN_POINT('',(460.72551481332,266.));
#14655 = CARTESIAN_POINT('',(230.36275740666,-133.));
#14656 = CARTESIAN_POINT('',(8.307790853831E-15,-532.));
#14657 = CARTESIAN_POINT('',(-230.3627574066,-133.));
#14658 = CARTESIAN_POINT('',(-460.7255148133,266.));
#14659 = CARTESIAN_POINT('',(2.84217094304E-14,266.));
#14660 = ( GEOMETRIC_REPRESENTATION_CONTEXT(2) 
PARAMETRIC_REPRESENTATION_CONTEXT() REPRESENTATION_CONTEXT('2D SPACE',''
  ) );
#14661 = PCURVE('',#14555,#14662);
#14662 = DEFINITIONAL_REPRESENTATION('',(#14663),#14667);
#14663 = LINE('',#14664,#14665);
#14664 = CARTESIAN_POINT('',(7.853981633974,0.));
#14665 = VECTOR('',#14666,1.);
#14666 = DIRECTION('',(-1.,-0.));
#14667 = ( GEOMETRIC_REPRESENTATION_CONTEXT(2) 
PARAMETRIC_REPRESENTATION_CONTEXT() REPRESENTATION_CONTEXT('2D SPACE',''
  ) );
#14668 = ORIENTED_EDGE('',*,*,#14514,.T.);
#14669 = ADVANCED_FACE('',(#14670),#14632,.F.);
#14670 = FACE_BOUND('',#14671,.F.);
#14671 = EDGE_LOOP('',(#14672,#14673,#14694,#14715));
#14672 = ORIENTED_EDGE('',*,*,#14617,.F.);
#14673 = ORIENTED_EDGE('',*,*,#14674,.T.);
#14674 = EDGE_CURVE('',#14594,#14675,#14677,.T.);
#14675 = VERTEX_POINT('',#14676);
#14676 = CARTESIAN_POINT('',(270.,32.,250.));
#14677 = SURFACE_CURVE('',#14678,(#14682,#14688),.PCURVE_S1.);
#14678 = LINE('',#14679,#14680);
#14679 = CARTESIAN_POINT('',(270.,-32.,250.));
#14680 = VECTOR('',#14681,1.);
#14681 = DIRECTION('',(0.,1.,0.));
#14682 = PCURVE('',#14632,#14683);
#14683 = DEFINITIONAL_REPRESENTATION('',(#14684),#14687);
#14684 = B_SPLINE_CURVE_WITH_KNOTS('',1,(#14685,#14686),.UNSPECIFIED.,
  .F.,.F.,(2,2),(-5.999999999062E-07,64.0000006),
  .PIECEWISE_BEZIER_KNOTS.);
#14685 = CARTESIAN_POINT('',(660.,67.9999994));
#14686 = CARTESIAN_POINT('',(660.,132.0000006));
#14687 = ( GEOMETRIC_REPRESENTATION_CONTEXT(2) 
PARAMETRIC_REPRESENTATION_CONTEXT() REPRESENTATION_CONTEXT('2D SPACE',''
  ) );
#14688 = PCURVE('',#14503,#14689);
#14689 = DEFINITIONAL_REPRESENTATION('',(#14690),#14693);
#14690 = B_SPLINE_CURVE_WITH_KNOTS('',1,(#14691,#14692),.UNSPECIFIED.,
  .F.,.F.,(2,2),(0.,64.),.PIECEWISE_BEZIER_KNOTS.);
#14691 = CARTESIAN_POINT('',(7.853981633974,0.));
#14692 = CARTESIAN_POINT('',(7.853981633974,64.));
#14693 = ( GEOMETRIC_REPRESENTATION_CONTEXT(2) 
PARAMETRIC_REPRESENTATION_CONTEXT() REPRESENTATION_CONTEXT('2D SPACE',''
  ) );
#14694 = ORIENTED_EDGE('',*,*,#14695,.T.);
#14695 = EDGE_CURVE('',#14675,#14696,#14698,.T.);
#14696 = VERTEX_POINT('',#14697);
#14697 = CARTESIAN_POINT('',(266.,32.,250.));
#14698 = SURFACE_CURVE('',#14699,(#14703,#14709),.PCURVE_S1.);
#14699 = LINE('',#14700,#14701);
#14700 = CARTESIAN_POINT('',(-195.,32.,250.));
#14701 = VECTOR('',#14702,1.);
#14702 = DIRECTION('',(-1.,0.,0.));
#14703 = PCURVE('',#14632,#14704);
#14704 = DEFINITIONAL_REPRESENTATION('',(#14705),#14708);
#14705 = B_SPLINE_CURVE_WITH_KNOTS('',1,(#14706,#14707),.UNSPECIFIED.,
  .F.,.F.,(2,2),(-465.,75.),.PIECEWISE_BEZIER_KNOTS.);
#14706 = CARTESIAN_POINT('',(660.,132.));
#14707 = CARTESIAN_POINT('',(120.,132.));
#14708 = ( GEOMETRIC_REPRESENTATION_CONTEXT(2) 
PARAMETRIC_REPRESENTATION_CONTEXT() REPRESENTATION_CONTEXT('2D SPACE',''
  ) );
#14709 = PCURVE('',#14579,#14710);
#14710 = DEFINITIONAL_REPRESENTATION('',(#14711),#14714);
#14711 = B_SPLINE_CURVE_WITH_KNOTS('',1,(#14712,#14713),.UNSPECIFIED.,
  .F.,.F.,(2,2),(-465.,75.),.PIECEWISE_BEZIER_KNOTS.);
#14712 = CARTESIAN_POINT('',(0.,270.));
#14713 = CARTESIAN_POINT('',(0.,-270.));
#14714 = ( GEOMETRIC_REPRESENTATION_CONTEXT(2) 
PARAMETRIC_REPRESENTATION_CONTEXT() REPRESENTATION_CONTEXT('2D SPACE',''
  ) );
#14715 = ORIENTED_EDGE('',*,*,#14716,.F.);
#14716 = EDGE_CURVE('',#14618,#14696,#14717,.T.);
#14717 = SURFACE_CURVE('',#14718,(#14722,#14728),.PCURVE_S1.);
#14718 = LINE('',#14719,#14720);
#14719 = CARTESIAN_POINT('',(266.,-32.,250.));
#14720 = VECTOR('',#14721,1.);
#14721 = DIRECTION('',(0.,1.,0.));
#14722 = PCURVE('',#14632,#14723);
#14723 = DEFINITIONAL_REPRESENTATION('',(#14724),#14727);
#14724 = B_SPLINE_CURVE_WITH_KNOTS('',1,(#14725,#14726),.UNSPECIFIED.,
  .F.,.F.,(2,2),(-5.999999999062E-07,64.0000006),
  .PIECEWISE_BEZIER_KNOTS.);
#14725 = CARTESIAN_POINT('',(656.,67.9999994));
#14726 = CARTESIAN_POINT('',(656.,132.0000006));
#14727 = ( GEOMETRIC_REPRESENTATION_CONTEXT(2) 
PARAMETRIC_REPRESENTATION_CONTEXT() REPRESENTATION_CONTEXT('2D SPACE',''
  ) );
#14728 = PCURVE('',#14555,#14729);
#14729 = DEFINITIONAL_REPRESENTATION('',(#14730),#14733);
#14730 = B_SPLINE_CURVE_WITH_KNOTS('',1,(#14731,#14732),.UNSPECIFIED.,
  .F.,.F.,(2,2),(0.,64.),.PIECEWISE_BEZIER_KNOTS.);
#14731 = CARTESIAN_POINT('',(7.853981633974,0.));
#14732 = CARTESIAN_POINT('',(7.853981633974,64.));
#14733 = ( GEOMETRIC_REPRESENTATION_CONTEXT(2) 
PARAMETRIC_REPRESENTATION_CONTEXT() REPRESENTATION_CONTEXT('2D SPACE',''
  ) );
#14734 = ADVANCED_FACE('',(#14735),#14555,.F.);
#14735 = FACE_BOUND('',#14736,.F.);
#14736 = EDGE_LOOP('',(#14737,#14738,#14739,#14765));
#14737 = ORIENTED_EDGE('',*,*,#14643,.F.);
#14738 = ORIENTED_EDGE('',*,*,#14716,.T.);
#14739 = ORIENTED_EDGE('',*,*,#14740,.T.);
#14740 = EDGE_CURVE('',#14696,#14541,#14741,.T.);
#14741 = SURFACE_CURVE('',#14742,(#14747,#14754),.PCURVE_S1.);
#14742 = CIRCLE('',#14743,266.);
#14743 = AXIS2_PLACEMENT_3D('',#14744,#14745,#14746);
#14744 = CARTESIAN_POINT('',(0.,32.,250.));
#14745 = DIRECTION('',(0.,-1.,0.));
#14746 = DIRECTION('',(1.,0.,1.068485316932E-16));
#14747 = PCURVE('',#14555,#14748);
#14748 = DEFINITIONAL_REPRESENTATION('',(#14749),#14753);
#14749 = LINE('',#14750,#14751);
#14750 = CARTESIAN_POINT('',(7.853981633974,64.));
#14751 = VECTOR('',#14752,1.);
#14752 = DIRECTION('',(-1.,-0.));
#14753 = ( GEOMETRIC_REPRESENTATION_CONTEXT(2) 
PARAMETRIC_REPRESENTATION_CONTEXT() REPRESENTATION_CONTEXT('2D SPACE',''
  ) );
#14754 = PCURVE('',#14579,#14755);
#14755 = DEFINITIONAL_REPRESENTATION('',(#14756),#14764);
#14756 = ( BOUNDED_CURVE() B_SPLINE_CURVE(2,(#14757,#14758,#14759,#14760
    ,#14761,#14762,#14763),.UNSPECIFIED.,.T.,.F.) 
B_SPLINE_CURVE_WITH_KNOTS((1,2,2,2,2,1),(-2.094395102393,0.,
    2.094395102393,4.188790204786,6.28318530718,8.377580409573),
.UNSPECIFIED.) CURVE() GEOMETRIC_REPRESENTATION_ITEM() 
RATIONAL_B_SPLINE_CURVE((1.,0.5,1.,0.5,1.,0.5,1.)) REPRESENTATION_ITEM(
  '') );
#14757 = CARTESIAN_POINT('',(2.84217094304E-14,266.));
#14758 = CARTESIAN_POINT('',(460.72551481332,266.));
#14759 = CARTESIAN_POINT('',(230.36275740666,-133.));
#14760 = CARTESIAN_POINT('',(8.307790853831E-15,-532.));
#14761 = CARTESIAN_POINT('',(-230.3627574066,-133.));
#14762 = CARTESIAN_POINT('',(-460.7255148133,266.));
#14763 = CARTESIAN_POINT('',(2.84217094304E-14,266.));
#14764 = ( GEOMETRIC_REPRESENTATION_CONTEXT(2) 
PARAMETRIC_REPRESENTATION_CONTEXT() REPRESENTATION_CONTEXT('2D SPACE',''
  ) );
#14765 = ORIENTED_EDGE('',*,*,#14540,.F.);
#14766 = ADVANCED_FACE('',(#14767),#14579,.T.);
#14767 = FACE_BOUND('',#14768,.T.);
#14768 = EDGE_LOOP('',(#14769,#14770,#14796,#14797));
#14769 = ORIENTED_EDGE('',*,*,#14566,.T.);
#14770 = ORIENTED_EDGE('',*,*,#14771,.F.);
#14771 = EDGE_CURVE('',#14675,#14484,#14772,.T.);
#14772 = SURFACE_CURVE('',#14773,(#14778,#14789),.PCURVE_S1.);
#14773 = CIRCLE('',#14774,270.);
#14774 = AXIS2_PLACEMENT_3D('',#14775,#14776,#14777);
#14775 = CARTESIAN_POINT('',(0.,32.,250.));
#14776 = DIRECTION('',(0.,-1.,0.));
#14777 = DIRECTION('',(1.,0.,1.05265590483E-16));
#14778 = PCURVE('',#14579,#14779);
#14779 = DEFINITIONAL_REPRESENTATION('',(#14780),#14788);
#14780 = ( BOUNDED_CURVE() B_SPLINE_CURVE(2,(#14781,#14782,#14783,#14784
    ,#14785,#14786,#14787),.UNSPECIFIED.,.T.,.F.) 
B_SPLINE_CURVE_WITH_KNOTS((1,2,2,2,2,1),(-2.094395102393,0.,
    2.094395102393,4.188790204786,6.28318530718,8.377580409573),
.UNSPECIFIED.) CURVE() GEOMETRIC_REPRESENTATION_ITEM() 
RATIONAL_B_SPLINE_CURVE((1.,0.5,1.,0.5,1.,0.5,1.)) REPRESENTATION_ITEM(
  '') );
#14781 = CARTESIAN_POINT('',(2.84217094304E-14,270.));
#14782 = CARTESIAN_POINT('',(467.65371804359,270.));
#14783 = CARTESIAN_POINT('',(233.82685902179,-135.));
#14784 = CARTESIAN_POINT('',(9.287508293149E-15,-540.));
#14785 = CARTESIAN_POINT('',(-233.8268590217,-135.));
#14786 = CARTESIAN_POINT('',(-467.6537180435,270.));
#14787 = CARTESIAN_POINT('',(2.84217094304E-14,270.));
#14788 = ( GEOMETRIC_REPRESENTATION_CONTEXT(2) 
PARAMETRIC_REPRESENTATION_CONTEXT() REPRESENTATION_CONTEXT('2D SPACE',''
  ) );
#14789 = PCURVE('',#14503,#14790);
#14790 = DEFINITIONAL_REPRESENTATION('',(#14791),#14795);
#14791 = LINE('',#14792,#14793);
#14792 = CARTESIAN_POINT('',(7.853981633974,64.));
#14793 = VECTOR('',#14794,1.);
#14794 = DIRECTION('',(-1.,-0.));
#14795 = ( GEOMETRIC_REPRESENTATION_CONTEXT(2) 
PARAMETRIC_REPRESENTATION_CONTEXT() REPRESENTATION_CONTEXT('2D SPACE',''
  ) );
#14796 = ORIENTED_EDGE('',*,*,#14695,.T.);
#14797 = ORIENTED_EDGE('',*,*,#14740,.T.);
#14798 = ADVANCED_FACE('',(#14799),#14503,.T.);
#14799 = FACE_BOUND('',#14800,.T.);
#14800 = EDGE_LOOP('',(#14801,#14802,#14803,#14804));
#14801 = ORIENTED_EDGE('',*,*,#14593,.T.);
#14802 = ORIENTED_EDGE('',*,*,#14674,.T.);
#14803 = ORIENTED_EDGE('',*,*,#14771,.T.);
#14804 = ORIENTED_EDGE('',*,*,#14481,.F.);
#14805 = ( GEOMETRIC_REPRESENTATION_CONTEXT(3) 
GLOBAL_UNCERTAINTY_ASSIGNED_CONTEXT((#14809)) 
GLOBAL_UNIT_ASSIGNED_CONTEXT((#14806,#14807,#14808)) 
REPRESENTATION_CONTEXT('Context #1',
  '3D Context with UNIT and UNCERTAINTY') );
#14806 = ( LENGTH_UNIT() NAMED_UNIT(*) SI_UNIT(.MILLI.,.METRE.) );
#14807 = ( NAMED_UNIT(*) PLANE_ANGLE_UNIT() SI_UNIT($,.RADIAN.) );
#14808 = ( NAMED_UNIT(*) SI_UNIT($,.STERADIAN.) SOLID_ANGLE_UNIT() );
#14809 = UNCERTAINTY_MEASURE_WITH_UNIT(LENGTH_MEASURE(2.E-07),#14806,
  'distance_accuracy_value','confusion accuracy');
#14810 = CONTEXT_DEPENDENT_SHAPE_REPRESENTATION(#14811,#14813);
#14811 = ( REPRESENTATION_RELATIONSHIP('','',#14474,#14447) 
REPRESENTATION_RELATIONSHIP_WITH_TRANSFORMATION(#14812) 
SHAPE_REPRESENTATION_RELATIONSHIP() );
#14812 = ITEM_DEFINED_TRANSFORMATION('','',#11,#14448);
#14813 = PRODUCT_DEFINITION_SHAPE('Placement','Placement of an item',
  #14814);
#14814 = NEXT_ASSEMBLY_USAGE_OCCURRENCE('234','=>[0:1:1:114]','',#14442,
  #14469,$);
#14815 = PRODUCT_RELATED_PRODUCT_CATEGORY('part',$,(#14471));
#14816 = SHAPE_DEFINITION_REPRESENTATION(#14817,#14823);
#14817 = PRODUCT_DEFINITION_SHAPE('','',#14818);
#14818 = PRODUCT_DEFINITION('design','',#14819,#14822);
#14819 = PRODUCT_DEFINITION_FORMATION('','',#14820);
#14820 = PRODUCT('SOLID','SOLID','',(#14821));
#14821 = PRODUCT_CONTEXT('',#2,'mechanical');
#14822 = PRODUCT_DEFINITION_CONTEXT('part definition',#2,'design');
#14823 = ADVANCED_BREP_SHAPE_REPRESENTATION('',(#11,#14824),#15154);
#14824 = MANIFOLD_SOLID_BREP('',#14825);
#14825 = CLOSED_SHELL('',(#14826,#14938,#15018,#15083,#15115,#15147));
#14826 = ADVANCED_FACE('',(#14827),#14841,.F.);
#14827 = FACE_BOUND('',#14828,.F.);
#14828 = EDGE_LOOP('',(#14829,#14862,#14888,#14914));
#14829 = ORIENTED_EDGE('',*,*,#14830,.F.);
#14830 = EDGE_CURVE('',#14831,#14833,#14835,.T.);
#14831 = VERTEX_POINT('',#14832);
#14832 = CARTESIAN_POINT('',(590.,-32.,250.));
#14833 = VERTEX_POINT('',#14834);
#14834 = CARTESIAN_POINT('',(590.,32.,250.));
#14835 = SURFACE_CURVE('',#14836,(#14840,#14851),.PCURVE_S1.);
#14836 = LINE('',#14837,#14838);
#14837 = CARTESIAN_POINT('',(590.,-32.,250.));
#14838 = VECTOR('',#14839,1.);
#14839 = DIRECTION('',(0.,1.,0.));
#14840 = PCURVE('',#14841,#14846);
#14841 = PLANE('',#14842);
#14842 = AXIS2_PLACEMENT_3D('',#14843,#14844,#14845);
#14843 = CARTESIAN_POINT('',(570.,-100.,250.));
#14844 = DIRECTION('',(0.,0.,1.));
#14845 = DIRECTION('',(1.,0.,-0.));
#14846 = DEFINITIONAL_REPRESENTATION('',(#14847),#14850);
#14847 = B_SPLINE_CURVE_WITH_KNOTS('',1,(#14848,#14849),.UNSPECIFIED.,
  .F.,.F.,(2,2),(-5.999999999062E-07,64.0000006),
  .PIECEWISE_BEZIER_KNOTS.);
#14848 = CARTESIAN_POINT('',(20.,67.9999994));
#14849 = CARTESIAN_POINT('',(20.,132.0000006));
#14850 = ( GEOMETRIC_REPRESENTATION_CONTEXT(2) 
PARAMETRIC_REPRESENTATION_CONTEXT() REPRESENTATION_CONTEXT('2D SPACE',''
  ) );
#14851 = PCURVE('',#14852,#14857);
#14852 = CYLINDRICAL_SURFACE('',#14853,270.);
#14853 = AXIS2_PLACEMENT_3D('',#14854,#14855,#14856);
#14854 = CARTESIAN_POINT('',(860.,-32.,250.));
#14855 = DIRECTION('',(0.,1.,0.));
#14856 = DIRECTION('',(0.,-0.,1.));
#14857 = DEFINITIONAL_REPRESENTATION('',(#14858),#14861);
#14858 = B_SPLINE_CURVE_WITH_KNOTS('',1,(#14859,#14860),.UNSPECIFIED.,
  .F.,.F.,(2,2),(0.,64.),.PIECEWISE_BEZIER_KNOTS.);
#14859 = CARTESIAN_POINT('',(4.712388980385,0.));
#14860 = CARTESIAN_POINT('',(4.712388980385,64.));
#14861 = ( GEOMETRIC_REPRESENTATION_CONTEXT(2) 
PARAMETRIC_REPRESENTATION_CONTEXT() REPRESENTATION_CONTEXT('2D SPACE',''
  ) );
#14862 = ORIENTED_EDGE('',*,*,#14863,.F.);
#14863 = EDGE_CURVE('',#14864,#14831,#14866,.T.);
#14864 = VERTEX_POINT('',#14865);
#14865 = CARTESIAN_POINT('',(594.,-32.,250.));
#14866 = SURFACE_CURVE('',#14867,(#14871,#14877),.PCURVE_S1.);
#14867 = LINE('',#14868,#14869);
#14868 = CARTESIAN_POINT('',(715.,-32.,250.));
#14869 = VECTOR('',#14870,1.);
#14870 = DIRECTION('',(-1.,0.,0.));
#14871 = PCURVE('',#14841,#14872);
#14872 = DEFINITIONAL_REPRESENTATION('',(#14873),#14876);
#14873 = B_SPLINE_CURVE_WITH_KNOTS('',1,(#14874,#14875),.UNSPECIFIED.,
  .F.,.F.,(2,2),(-415.,125.),.PIECEWISE_BEZIER_KNOTS.);
#14874 = CARTESIAN_POINT('',(560.,68.));
#14875 = CARTESIAN_POINT('',(20.,68.));
#14876 = ( GEOMETRIC_REPRESENTATION_CONTEXT(2) 
PARAMETRIC_REPRESENTATION_CONTEXT() REPRESENTATION_CONTEXT('2D SPACE',''
  ) );
#14877 = PCURVE('',#14878,#14883);
#14878 = PLANE('',#14879);
#14879 = AXIS2_PLACEMENT_3D('',#14880,#14881,#14882);
#14880 = CARTESIAN_POINT('',(860.,-32.,250.));
#14881 = DIRECTION('',(0.,1.,0.));
#14882 = DIRECTION('',(0.,-0.,1.));
#14883 = DEFINITIONAL_REPRESENTATION('',(#14884),#14887);
#14884 = B_SPLINE_CURVE_WITH_KNOTS('',1,(#14885,#14886),.UNSPECIFIED.,
  .F.,.F.,(2,2),(-415.,125.),.PIECEWISE_BEZIER_KNOTS.);
#14885 = CARTESIAN_POINT('',(0.,270.));
#14886 = CARTESIAN_POINT('',(0.,-270.));
#14887 = ( GEOMETRIC_REPRESENTATION_CONTEXT(2) 
PARAMETRIC_REPRESENTATION_CONTEXT() REPRESENTATION_CONTEXT('2D SPACE',''
  ) );
#14888 = ORIENTED_EDGE('',*,*,#14889,.T.);
#14889 = EDGE_CURVE('',#14864,#14890,#14892,.T.);
#14890 = VERTEX_POINT('',#14891);
#14891 = CARTESIAN_POINT('',(594.,32.,250.));
#14892 = SURFACE_CURVE('',#14893,(#14897,#14903),.PCURVE_S1.);
#14893 = LINE('',#14894,#14895);
#14894 = CARTESIAN_POINT('',(594.,-32.,250.));
#14895 = VECTOR('',#14896,1.);
#14896 = DIRECTION('',(0.,1.,0.));
#14897 = PCURVE('',#14841,#14898);
#14898 = DEFINITIONAL_REPRESENTATION('',(#14899),#14902);
#14899 = B_SPLINE_CURVE_WITH_KNOTS('',1,(#14900,#14901),.UNSPECIFIED.,
  .F.,.F.,(2,2),(-5.999999999062E-07,64.0000006),
  .PIECEWISE_BEZIER_KNOTS.);
#14900 = CARTESIAN_POINT('',(24.,67.9999994));
#14901 = CARTESIAN_POINT('',(24.,132.0000006));
#14902 = ( GEOMETRIC_REPRESENTATION_CONTEXT(2) 
PARAMETRIC_REPRESENTATION_CONTEXT() REPRESENTATION_CONTEXT('2D SPACE',''
  ) );
#14903 = PCURVE('',#14904,#14909);
#14904 = CYLINDRICAL_SURFACE('',#14905,266.);
#14905 = AXIS2_PLACEMENT_3D('',#14906,#14907,#14908);
#14906 = CARTESIAN_POINT('',(860.,-32.,250.));
#14907 = DIRECTION('',(0.,1.,0.));
#14908 = DIRECTION('',(0.,-0.,1.));
#14909 = DEFINITIONAL_REPRESENTATION('',(#14910),#14913);
#14910 = B_SPLINE_CURVE_WITH_KNOTS('',1,(#14911,#14912),.UNSPECIFIED.,
  .F.,.F.,(2,2),(0.,64.),.PIECEWISE_BEZIER_KNOTS.);
#14911 = CARTESIAN_POINT('',(4.712388980385,0.));
#14912 = CARTESIAN_POINT('',(4.712388980385,64.));
#14913 = ( GEOMETRIC_REPRESENTATION_CONTEXT(2) 
PARAMETRIC_REPRESENTATION_CONTEXT() REPRESENTATION_CONTEXT('2D SPACE',''
  ) );
#14914 = ORIENTED_EDGE('',*,*,#14915,.T.);
#14915 = EDGE_CURVE('',#14890,#14833,#14916,.T.);
#14916 = SURFACE_CURVE('',#14917,(#14921,#14927),.PCURVE_S1.);
#14917 = LINE('',#14918,#14919);
#14918 = CARTESIAN_POINT('',(715.,32.,250.));
#14919 = VECTOR('',#14920,1.);
#14920 = DIRECTION('',(-1.,0.,0.));
#14921 = PCURVE('',#14841,#14922);
#14922 = DEFINITIONAL_REPRESENTATION('',(#14923),#14926);
#14923 = B_SPLINE_CURVE_WITH_KNOTS('',1,(#14924,#14925),.UNSPECIFIED.,
  .F.,.F.,(2,2),(-415.,125.),.PIECEWISE_BEZIER_KNOTS.);
#14924 = CARTESIAN_POINT('',(560.,132.));
#14925 = CARTESIAN_POINT('',(20.,132.));
#14926 = ( GEOMETRIC_REPRESENTATION_CONTEXT(2) 
PARAMETRIC_REPRESENTATION_CONTEXT() REPRESENTATION_CONTEXT('2D SPACE',''
  ) );
#14927 = PCURVE('',#14928,#14933);
#14928 = PLANE('',#14929);
#14929 = AXIS2_PLACEMENT_3D('',#14930,#14931,#14932);
#14930 = CARTESIAN_POINT('',(860.,32.,250.));
#14931 = DIRECTION('',(0.,1.,0.));
#14932 = DIRECTION('',(0.,-0.,1.));
#14933 = DEFINITIONAL_REPRESENTATION('',(#14934),#14937);
#14934 = B_SPLINE_CURVE_WITH_KNOTS('',1,(#14935,#14936),.UNSPECIFIED.,
  .F.,.F.,(2,2),(-415.,125.),.PIECEWISE_BEZIER_KNOTS.);
#14935 = CARTESIAN_POINT('',(0.,270.));
#14936 = CARTESIAN_POINT('',(0.,-270.));
#14937 = ( GEOMETRIC_REPRESENTATION_CONTEXT(2) 
PARAMETRIC_REPRESENTATION_CONTEXT() REPRESENTATION_CONTEXT('2D SPACE',''
  ) );
#14938 = ADVANCED_FACE('',(#14939),#14878,.F.);
#14939 = FACE_BOUND('',#14940,.F.);
#14940 = EDGE_LOOP('',(#14941,#14965,#14991,#15017));
#14941 = ORIENTED_EDGE('',*,*,#14942,.T.);
#14942 = EDGE_CURVE('',#14831,#14943,#14945,.T.);
#14943 = VERTEX_POINT('',#14944);
#14944 = CARTESIAN_POINT('',(1.13E+03,-32.,250.));
#14945 = SURFACE_CURVE('',#14946,(#14951,#14958),.PCURVE_S1.);
#14946 = CIRCLE('',#14947,270.);
#14947 = AXIS2_PLACEMENT_3D('',#14948,#14949,#14950);
#14948 = CARTESIAN_POINT('',(860.,-32.,250.));
#14949 = DIRECTION('',(0.,1.,0.));
#14950 = DIRECTION('',(-1.,0.,-2.10531180966E-16));
#14951 = PCURVE('',#14878,#14952);
#14952 = DEFINITIONAL_REPRESENTATION('',(#14953),#14957);
#14953 = CIRCLE('',#14954,270.);
#14954 = AXIS2_PLACEMENT_2D('',#14955,#14956);
#14955 = CARTESIAN_POINT('',(0.,0.));
#14956 = DIRECTION('',(-2.10531180966E-16,-1.));
#14957 = ( GEOMETRIC_REPRESENTATION_CONTEXT(2) 
PARAMETRIC_REPRESENTATION_CONTEXT() REPRESENTATION_CONTEXT('2D SPACE',''
  ) );
#14958 = PCURVE('',#14852,#14959);
#14959 = DEFINITIONAL_REPRESENTATION('',(#14960),#14964);
#14960 = LINE('',#14961,#14962);
#14961 = CARTESIAN_POINT('',(4.712388980385,0.));
#14962 = VECTOR('',#14963,1.);
#14963 = DIRECTION('',(1.,0.));
#14964 = ( GEOMETRIC_REPRESENTATION_CONTEXT(2) 
PARAMETRIC_REPRESENTATION_CONTEXT() REPRESENTATION_CONTEXT('2D SPACE',''
  ) );
#14965 = ORIENTED_EDGE('',*,*,#14966,.T.);
#14966 = EDGE_CURVE('',#14943,#14967,#14969,.T.);
#14967 = VERTEX_POINT('',#14968);
#14968 = CARTESIAN_POINT('',(1.126E+03,-32.,250.));
#14969 = SURFACE_CURVE('',#14970,(#14974,#14980),.PCURVE_S1.);
#14970 = LINE('',#14971,#14972);
#14971 = CARTESIAN_POINT('',(715.,-32.,250.));
#14972 = VECTOR('',#14973,1.);
#14973 = DIRECTION('',(-1.,0.,0.));
#14974 = PCURVE('',#14878,#14975);
#14975 = DEFINITIONAL_REPRESENTATION('',(#14976),#14979);
#14976 = B_SPLINE_CURVE_WITH_KNOTS('',1,(#14977,#14978),.UNSPECIFIED.,
  .F.,.F.,(2,2),(-415.,125.),.PIECEWISE_BEZIER_KNOTS.);
#14977 = CARTESIAN_POINT('',(0.,270.));
#14978 = CARTESIAN_POINT('',(0.,-270.));
#14979 = ( GEOMETRIC_REPRESENTATION_CONTEXT(2) 
PARAMETRIC_REPRESENTATION_CONTEXT() REPRESENTATION_CONTEXT('2D SPACE',''
  ) );
#14980 = PCURVE('',#14981,#14986);
#14981 = PLANE('',#14982);
#14982 = AXIS2_PLACEMENT_3D('',#14983,#14984,#14985);
#14983 = CARTESIAN_POINT('',(570.,-100.,250.));
#14984 = DIRECTION('',(0.,0.,1.));
#14985 = DIRECTION('',(1.,0.,-0.));
#14986 = DEFINITIONAL_REPRESENTATION('',(#14987),#14990);
#14987 = B_SPLINE_CURVE_WITH_KNOTS('',1,(#14988,#14989),.UNSPECIFIED.,
  .F.,.F.,(2,2),(-415.,125.),.PIECEWISE_BEZIER_KNOTS.);
#14988 = CARTESIAN_POINT('',(560.,68.));
#14989 = CARTESIAN_POINT('',(20.,68.));
#14990 = ( GEOMETRIC_REPRESENTATION_CONTEXT(2) 
PARAMETRIC_REPRESENTATION_CONTEXT() REPRESENTATION_CONTEXT('2D SPACE',''
  ) );
#14991 = ORIENTED_EDGE('',*,*,#14992,.T.);
#14992 = EDGE_CURVE('',#14967,#14864,#14993,.T.);
#14993 = SURFACE_CURVE('',#14994,(#14999,#15010),.PCURVE_S1.);
#14994 = CIRCLE('',#14995,266.);
#14995 = AXIS2_PLACEMENT_3D('',#14996,#14997,#14998);
#14996 = CARTESIAN_POINT('',(860.,-32.,250.));
#14997 = DIRECTION('',(0.,-1.,0.));
#14998 = DIRECTION('',(1.,0.,1.068485316932E-16));
#14999 = PCURVE('',#14878,#15000);
#15000 = DEFINITIONAL_REPRESENTATION('',(#15001),#15009);
#15001 = ( BOUNDED_CURVE() B_SPLINE_CURVE(2,(#15002,#15003,#15004,#15005
    ,#15006,#15007,#15008),.UNSPECIFIED.,.T.,.F.) 
B_SPLINE_CURVE_WITH_KNOTS((1,2,2,2,2,1),(-2.094395102393,0.,
    2.094395102393,4.188790204786,6.28318530718,8.377580409573),
.UNSPECIFIED.) CURVE() GEOMETRIC_REPRESENTATION_ITEM() 
RATIONAL_B_SPLINE_CURVE((1.,0.5,1.,0.5,1.,0.5,1.)) REPRESENTATION_ITEM(
  '') );
#15002 = CARTESIAN_POINT('',(2.84217094304E-14,266.));
#15003 = CARTESIAN_POINT('',(460.72551481332,266.));
#15004 = CARTESIAN_POINT('',(230.36275740666,-133.));
#15005 = CARTESIAN_POINT('',(8.307790853831E-15,-532.));
#15006 = CARTESIAN_POINT('',(-230.3627574066,-133.));
#15007 = CARTESIAN_POINT('',(-460.7255148133,266.));
#15008 = CARTESIAN_POINT('',(2.84217094304E-14,266.));
#15009 = ( GEOMETRIC_REPRESENTATION_CONTEXT(2) 
PARAMETRIC_REPRESENTATION_CONTEXT() REPRESENTATION_CONTEXT('2D SPACE',''
  ) );
#15010 = PCURVE('',#14904,#15011);
#15011 = DEFINITIONAL_REPRESENTATION('',(#15012),#15016);
#15012 = LINE('',#15013,#15014);
#15013 = CARTESIAN_POINT('',(7.853981633974,0.));
#15014 = VECTOR('',#15015,1.);
#15015 = DIRECTION('',(-1.,-0.));
#15016 = ( GEOMETRIC_REPRESENTATION_CONTEXT(2) 
PARAMETRIC_REPRESENTATION_CONTEXT() REPRESENTATION_CONTEXT('2D SPACE',''
  ) );
#15017 = ORIENTED_EDGE('',*,*,#14863,.T.);
#15018 = ADVANCED_FACE('',(#15019),#14981,.F.);
#15019 = FACE_BOUND('',#15020,.F.);
#15020 = EDGE_LOOP('',(#15021,#15022,#15043,#15064));
#15021 = ORIENTED_EDGE('',*,*,#14966,.F.);
#15022 = ORIENTED_EDGE('',*,*,#15023,.T.);
#15023 = EDGE_CURVE('',#14943,#15024,#15026,.T.);
#15024 = VERTEX_POINT('',#15025);
#15025 = CARTESIAN_POINT('',(1.13E+03,32.,250.));
#15026 = SURFACE_CURVE('',#15027,(#15031,#15037),.PCURVE_S1.);
#15027 = LINE('',#15028,#15029);
#15028 = CARTESIAN_POINT('',(1.13E+03,-32.,250.));
#15029 = VECTOR('',#15030,1.);
#15030 = DIRECTION('',(0.,1.,0.));
#15031 = PCURVE('',#14981,#15032);
#15032 = DEFINITIONAL_REPRESENTATION('',(#15033),#15036);
#15033 = B_SPLINE_CURVE_WITH_KNOTS('',1,(#15034,#15035),.UNSPECIFIED.,
  .F.,.F.,(2,2),(-5.999999999062E-07,64.0000006),
  .PIECEWISE_BEZIER_KNOTS.);
#15034 = CARTESIAN_POINT('',(560.,67.9999994));
#15035 = CARTESIAN_POINT('',(560.,132.0000006));
#15036 = ( GEOMETRIC_REPRESENTATION_CONTEXT(2) 
PARAMETRIC_REPRESENTATION_CONTEXT() REPRESENTATION_CONTEXT('2D SPACE',''
  ) );
#15037 = PCURVE('',#14852,#15038);
#15038 = DEFINITIONAL_REPRESENTATION('',(#15039),#15042);
#15039 = B_SPLINE_CURVE_WITH_KNOTS('',1,(#15040,#15041),.UNSPECIFIED.,
  .F.,.F.,(2,2),(0.,64.),.PIECEWISE_BEZIER_KNOTS.);
#15040 = CARTESIAN_POINT('',(7.853981633974,0.));
#15041 = CARTESIAN_POINT('',(7.853981633974,64.));
#15042 = ( GEOMETRIC_REPRESENTATION_CONTEXT(2) 
PARAMETRIC_REPRESENTATION_CONTEXT() REPRESENTATION_CONTEXT('2D SPACE',''
  ) );
#15043 = ORIENTED_EDGE('',*,*,#15044,.T.);
#15044 = EDGE_CURVE('',#15024,#15045,#15047,.T.);
#15045 = VERTEX_POINT('',#15046);
#15046 = CARTESIAN_POINT('',(1.126E+03,32.,250.));
#15047 = SURFACE_CURVE('',#15048,(#15052,#15058),.PCURVE_S1.);
#15048 = LINE('',#15049,#15050);
#15049 = CARTESIAN_POINT('',(715.,32.,250.));
#15050 = VECTOR('',#15051,1.);
#15051 = DIRECTION('',(-1.,0.,0.));
#15052 = PCURVE('',#14981,#15053);
#15053 = DEFINITIONAL_REPRESENTATION('',(#15054),#15057);
#15054 = B_SPLINE_CURVE_WITH_KNOTS('',1,(#15055,#15056),.UNSPECIFIED.,
  .F.,.F.,(2,2),(-415.,125.),.PIECEWISE_BEZIER_KNOTS.);
#15055 = CARTESIAN_POINT('',(560.,132.));
#15056 = CARTESIAN_POINT('',(20.,132.));
#15057 = ( GEOMETRIC_REPRESENTATION_CONTEXT(2) 
PARAMETRIC_REPRESENTATION_CONTEXT() REPRESENTATION_CONTEXT('2D SPACE',''
  ) );
#15058 = PCURVE('',#14928,#15059);
#15059 = DEFINITIONAL_REPRESENTATION('',(#15060),#15063);
#15060 = B_SPLINE_CURVE_WITH_KNOTS('',1,(#15061,#15062),.UNSPECIFIED.,
  .F.,.F.,(2,2),(-415.,125.),.PIECEWISE_BEZIER_KNOTS.);
#15061 = CARTESIAN_POINT('',(0.,270.));
#15062 = CARTESIAN_POINT('',(0.,-270.));
#15063 = ( GEOMETRIC_REPRESENTATION_CONTEXT(2) 
PARAMETRIC_REPRESENTATION_CONTEXT() REPRESENTATION_CONTEXT('2D SPACE',''
  ) );
#15064 = ORIENTED_EDGE('',*,*,#15065,.F.);
#15065 = EDGE_CURVE('',#14967,#15045,#15066,.T.);
#15066 = SURFACE_CURVE('',#15067,(#15071,#15077),.PCURVE_S1.);
#15067 = LINE('',#15068,#15069);
#15068 = CARTESIAN_POINT('',(1.126E+03,-32.,250.));
#15069 = VECTOR('',#15070,1.);
#15070 = DIRECTION('',(0.,1.,0.));
#15071 = PCURVE('',#14981,#15072);
#15072 = DEFINITIONAL_REPRESENTATION('',(#15073),#15076);
#15073 = B_SPLINE_CURVE_WITH_KNOTS('',1,(#15074,#15075),.UNSPECIFIED.,
  .F.,.F.,(2,2),(-5.999999999062E-07,64.0000006),
  .PIECEWISE_BEZIER_KNOTS.);
#15074 = CARTESIAN_POINT('',(556.,67.9999994));
#15075 = CARTESIAN_POINT('',(556.,132.0000006));
#15076 = ( GEOMETRIC_REPRESENTATION_CONTEXT(2) 
PARAMETRIC_REPRESENTATION_CONTEXT() REPRESENTATION_CONTEXT('2D SPACE',''
  ) );
#15077 = PCURVE('',#14904,#15078);
#15078 = DEFINITIONAL_REPRESENTATION('',(#15079),#15082);
#15079 = B_SPLINE_CURVE_WITH_KNOTS('',1,(#15080,#15081),.UNSPECIFIED.,
  .F.,.F.,(2,2),(0.,64.),.PIECEWISE_BEZIER_KNOTS.);
#15080 = CARTESIAN_POINT('',(7.853981633974,0.));
#15081 = CARTESIAN_POINT('',(7.853981633974,64.));
#15082 = ( GEOMETRIC_REPRESENTATION_CONTEXT(2) 
PARAMETRIC_REPRESENTATION_CONTEXT() REPRESENTATION_CONTEXT('2D SPACE',''
  ) );
#15083 = ADVANCED_FACE('',(#15084),#14904,.F.);
#15084 = FACE_BOUND('',#15085,.F.);
#15085 = EDGE_LOOP('',(#15086,#15087,#15088,#15114));
#15086 = ORIENTED_EDGE('',*,*,#14992,.F.);
#15087 = ORIENTED_EDGE('',*,*,#15065,.T.);
#15088 = ORIENTED_EDGE('',*,*,#15089,.T.);
#15089 = EDGE_CURVE('',#15045,#14890,#15090,.T.);
#15090 = SURFACE_CURVE('',#15091,(#15096,#15103),.PCURVE_S1.);
#15091 = CIRCLE('',#15092,266.);
#15092 = AXIS2_PLACEMENT_3D('',#15093,#15094,#15095);
#15093 = CARTESIAN_POINT('',(860.,32.,250.));
#15094 = DIRECTION('',(0.,-1.,0.));
#15095 = DIRECTION('',(1.,0.,1.068485316932E-16));
#15096 = PCURVE('',#14904,#15097);
#15097 = DEFINITIONAL_REPRESENTATION('',(#15098),#15102);
#15098 = LINE('',#15099,#15100);
#15099 = CARTESIAN_POINT('',(7.853981633974,64.));
#15100 = VECTOR('',#15101,1.);
#15101 = DIRECTION('',(-1.,-0.));
#15102 = ( GEOMETRIC_REPRESENTATION_CONTEXT(2) 
PARAMETRIC_REPRESENTATION_CONTEXT() REPRESENTATION_CONTEXT('2D SPACE',''
  ) );
#15103 = PCURVE('',#14928,#15104);
#15104 = DEFINITIONAL_REPRESENTATION('',(#15105),#15113);
#15105 = ( BOUNDED_CURVE() B_SPLINE_CURVE(2,(#15106,#15107,#15108,#15109
    ,#15110,#15111,#15112),.UNSPECIFIED.,.T.,.F.) 
B_SPLINE_CURVE_WITH_KNOTS((1,2,2,2,2,1),(-2.094395102393,0.,
    2.094395102393,4.188790204786,6.28318530718,8.377580409573),
.UNSPECIFIED.) CURVE() GEOMETRIC_REPRESENTATION_ITEM() 
RATIONAL_B_SPLINE_CURVE((1.,0.5,1.,0.5,1.,0.5,1.)) REPRESENTATION_ITEM(
  '') );
#15106 = CARTESIAN_POINT('',(2.84217094304E-14,266.));
#15107 = CARTESIAN_POINT('',(460.72551481332,266.));
#15108 = CARTESIAN_POINT('',(230.36275740666,-133.));
#15109 = CARTESIAN_POINT('',(8.307790853831E-15,-532.));
#15110 = CARTESIAN_POINT('',(-230.3627574066,-133.));
#15111 = CARTESIAN_POINT('',(-460.7255148133,266.));
#15112 = CARTESIAN_POINT('',(2.84217094304E-14,266.));
#15113 = ( GEOMETRIC_REPRESENTATION_CONTEXT(2) 
PARAMETRIC_REPRESENTATION_CONTEXT() REPRESENTATION_CONTEXT('2D SPACE',''
  ) );
#15114 = ORIENTED_EDGE('',*,*,#14889,.F.);
#15115 = ADVANCED_FACE('',(#15116),#14928,.T.);
#15116 = FACE_BOUND('',#15117,.T.);
#15117 = EDGE_LOOP('',(#15118,#15119,#15145,#15146));
#15118 = ORIENTED_EDGE('',*,*,#14915,.T.);
#15119 = ORIENTED_EDGE('',*,*,#15120,.F.);
#15120 = EDGE_CURVE('',#15024,#14833,#15121,.T.);
#15121 = SURFACE_CURVE('',#15122,(#15127,#15138),.PCURVE_S1.);
#15122 = CIRCLE('',#15123,270.);
#15123 = AXIS2_PLACEMENT_3D('',#15124,#15125,#15126);
#15124 = CARTESIAN_POINT('',(860.,32.,250.));
#15125 = DIRECTION('',(0.,-1.,0.));
#15126 = DIRECTION('',(1.,0.,1.05265590483E-16));
#15127 = PCURVE('',#14928,#15128);
#15128 = DEFINITIONAL_REPRESENTATION('',(#15129),#15137);
#15129 = ( BOUNDED_CURVE() B_SPLINE_CURVE(2,(#15130,#15131,#15132,#15133
    ,#15134,#15135,#15136),.UNSPECIFIED.,.T.,.F.) 
B_SPLINE_CURVE_WITH_KNOTS((1,2,2,2,2,1),(-2.094395102393,0.,
    2.094395102393,4.188790204786,6.28318530718,8.377580409573),
.UNSPECIFIED.) CURVE() GEOMETRIC_REPRESENTATION_ITEM() 
RATIONAL_B_SPLINE_CURVE((1.,0.5,1.,0.5,1.,0.5,1.)) REPRESENTATION_ITEM(
  '') );
#15130 = CARTESIAN_POINT('',(2.84217094304E-14,270.));
#15131 = CARTESIAN_POINT('',(467.65371804359,270.));
#15132 = CARTESIAN_POINT('',(233.82685902179,-135.));
#15133 = CARTESIAN_POINT('',(9.287508293149E-15,-540.));
#15134 = CARTESIAN_POINT('',(-233.8268590217,-135.));
#15135 = CARTESIAN_POINT('',(-467.6537180435,270.));
#15136 = CARTESIAN_POINT('',(2.84217094304E-14,270.));
#15137 = ( GEOMETRIC_REPRESENTATION_CONTEXT(2) 
PARAMETRIC_REPRESENTATION_CONTEXT() REPRESENTATION_CONTEXT('2D SPACE',''
  ) );
#15138 = PCURVE('',#14852,#15139);
#15139 = DEFINITIONAL_REPRESENTATION('',(#15140),#15144);
#15140 = LINE('',#15141,#15142);
#15141 = CARTESIAN_POINT('',(7.853981633974,64.));
#15142 = VECTOR('',#15143,1.);
#15143 = DIRECTION('',(-1.,-0.));
#15144 = ( GEOMETRIC_REPRESENTATION_CONTEXT(2) 
PARAMETRIC_REPRESENTATION_CONTEXT() REPRESENTATION_CONTEXT('2D SPACE',''
  ) );
#15145 = ORIENTED_EDGE('',*,*,#15044,.T.);
#15146 = ORIENTED_EDGE('',*,*,#15089,.T.);
#15147 = ADVANCED_FACE('',(#15148),#14852,.T.);
#15148 = FACE_BOUND('',#15149,.T.);
#15149 = EDGE_LOOP('',(#15150,#15151,#15152,#15153));
#15150 = ORIENTED_EDGE('',*,*,#14942,.T.);
#15151 = ORIENTED_EDGE('',*,*,#15023,.T.);
#15152 = ORIENTED_EDGE('',*,*,#15120,.T.);
#15153 = ORIENTED_EDGE('',*,*,#14830,.F.);
#15154 = ( GEOMETRIC_REPRESENTATION_CONTEXT(3) 
GLOBAL_UNCERTAINTY_ASSIGNED_CONTEXT((#15158)) 
GLOBAL_UNIT_ASSIGNED_CONTEXT((#15155,#15156,#15157)) 
REPRESENTATION_CONTEXT('Context #1',
  '3D Context with UNIT and UNCERTAINTY') );
#15155 = ( LENGTH_UNIT() NAMED_UNIT(*) SI_UNIT(.MILLI.,.METRE.) );
#15156 = ( NAMED_UNIT(*) PLANE_ANGLE_UNIT() SI_UNIT($,.RADIAN.) );
#15157 = ( NAMED_UNIT(*) SI_UNIT($,.STERADIAN.) SOLID_ANGLE_UNIT() );
#15158 = UNCERTAINTY_MEASURE_WITH_UNIT(LENGTH_MEASURE(2.E-07),#15155,
  'distance_accuracy_value','confusion accuracy');
#15159 = CONTEXT_DEPENDENT_SHAPE_REPRESENTATION(#15160,#15162);
#15160 = ( REPRESENTATION_RELATIONSHIP('','',#14823,#14447) 
REPRESENTATION_RELATIONSHIP_WITH_TRANSFORMATION(#15161) 
SHAPE_REPRESENTATION_RELATIONSHIP() );
#15161 = ITEM_DEFINED_TRANSFORMATION('','',#11,#14452);
#15162 = PRODUCT_DEFINITION_SHAPE('Placement','Placement of an item',
  #15163);
#15163 = NEXT_ASSEMBLY_USAGE_OCCURRENCE('235','=>[0:1:1:115]','',#14442,
  #14818,$);
#15164 = PRODUCT_RELATED_PRODUCT_CATEGORY('part',$,(#14820));
#15165 = SHAPE_DEFINITION_REPRESENTATION(#15166,#15172);
#15166 = PRODUCT_DEFINITION_SHAPE('','',#15167);
#15167 = PRODUCT_DEFINITION('design','',#15168,#15171);
#15168 = PRODUCT_DEFINITION_FORMATION('','',#15169);
#15169 = PRODUCT('COMPOUND','COMPOUND','',(#15170));
#15170 = PRODUCT_CONTEXT('',#2,'mechanical');
#15171 = PRODUCT_DEFINITION_CONTEXT('part definition',#2,'design');
#15172 = ADVANCED_BREP_SHAPE_REPRESENTATION('',(#11,#15173),#15503);
#15173 = MANIFOLD_SOLID_BREP('',#15174);
#15174 = CLOSED_SHELL('',(#15175,#15295,#15395,#15442,#15489,#15496));
#15175 = ADVANCED_FACE('',(#15176),#15190,.F.);
#15176 = FACE_BOUND('',#15177,.F.);
#15177 = EDGE_LOOP('',(#15178,#15213,#15241,#15269));
#15178 = ORIENTED_EDGE('',*,*,#15179,.F.);
#15179 = EDGE_CURVE('',#15180,#15182,#15184,.T.);
#15180 = VERTEX_POINT('',#15181);
#15181 = CARTESIAN_POINT('',(-220.,-1.5,-22.5));
#15182 = VERTEX_POINT('',#15183);
#15183 = CARTESIAN_POINT('',(-220.,-1.5,22.5));
#15184 = SURFACE_CURVE('',#15185,(#15189,#15201),.PCURVE_S1.);
#15185 = LINE('',#15186,#15187);
#15186 = CARTESIAN_POINT('',(-220.,-1.5,-22.5));
#15187 = VECTOR('',#15188,1.);
#15188 = DIRECTION('',(0.,0.,1.));
#15189 = PCURVE('',#15190,#15195);
#15190 = PLANE('',#15191);
#15191 = AXIS2_PLACEMENT_3D('',#15192,#15193,#15194);
#15192 = CARTESIAN_POINT('',(-220.,-1.5,-22.5));
#15193 = DIRECTION('',(1.,0.,-0.));
#15194 = DIRECTION('',(0.,0.,1.));
#15195 = DEFINITIONAL_REPRESENTATION('',(#15196),#15200);
#15196 = LINE('',#15197,#15198);
#15197 = CARTESIAN_POINT('',(0.,0.));
#15198 = VECTOR('',#15199,1.);
#15199 = DIRECTION('',(1.,0.));
#15200 = ( GEOMETRIC_REPRESENTATION_CONTEXT(2) 
PARAMETRIC_REPRESENTATION_CONTEXT() REPRESENTATION_CONTEXT('2D SPACE',''
  ) );
#15201 = PCURVE('',#15202,#15207);
#15202 = PLANE('',#15203);
#15203 = AXIS2_PLACEMENT_3D('',#15204,#15205,#15206);
#15204 = CARTESIAN_POINT('',(-220.,-1.5,-22.5));
#15205 = DIRECTION('',(-0.,1.,0.));
#15206 = DIRECTION('',(0.,0.,1.));
#15207 = DEFINITIONAL_REPRESENTATION('',(#15208),#15212);
#15208 = LINE('',#15209,#15210);
#15209 = CARTESIAN_POINT('',(0.,0.));
#15210 = VECTOR('',#15211,1.);
#15211 = DIRECTION('',(1.,0.));
#15212 = ( GEOMETRIC_REPRESENTATION_CONTEXT(2) 
PARAMETRIC_REPRESENTATION_CONTEXT() REPRESENTATION_CONTEXT('2D SPACE',''
  ) );
#15213 = ORIENTED_EDGE('',*,*,#15214,.T.);
#15214 = EDGE_CURVE('',#15180,#15215,#15217,.T.);
#15215 = VERTEX_POINT('',#15216);
#15216 = CARTESIAN_POINT('',(-220.,1.5,-22.5));
#15217 = SURFACE_CURVE('',#15218,(#15222,#15229),.PCURVE_S1.);
#15218 = LINE('',#15219,#15220);
#15219 = CARTESIAN_POINT('',(-220.,-1.5,-22.5));
#15220 = VECTOR('',#15221,1.);
#15221 = DIRECTION('',(-0.,1.,0.));
#15222 = PCURVE('',#15190,#15223);
#15223 = DEFINITIONAL_REPRESENTATION('',(#15224),#15228);
#15224 = LINE('',#15225,#15226);
#15225 = CARTESIAN_POINT('',(0.,0.));
#15226 = VECTOR('',#15227,1.);
#15227 = DIRECTION('',(0.,-1.));
#15228 = ( GEOMETRIC_REPRESENTATION_CONTEXT(2) 
PARAMETRIC_REPRESENTATION_CONTEXT() REPRESENTATION_CONTEXT('2D SPACE',''
  ) );
#15229 = PCURVE('',#15230,#15235);
#15230 = PLANE('',#15231);
#15231 = AXIS2_PLACEMENT_3D('',#15232,#15233,#15234);
#15232 = CARTESIAN_POINT('',(-220.,-1.5,-22.5));
#15233 = DIRECTION('',(0.,0.,1.));
#15234 = DIRECTION('',(1.,0.,-0.));
#15235 = DEFINITIONAL_REPRESENTATION('',(#15236),#15240);
#15236 = LINE('',#15237,#15238);
#15237 = CARTESIAN_POINT('',(0.,0.));
#15238 = VECTOR('',#15239,1.);
#15239 = DIRECTION('',(0.,1.));
#15240 = ( GEOMETRIC_REPRESENTATION_CONTEXT(2) 
PARAMETRIC_REPRESENTATION_CONTEXT() REPRESENTATION_CONTEXT('2D SPACE',''
  ) );
#15241 = ORIENTED_EDGE('',*,*,#15242,.T.);
#15242 = EDGE_CURVE('',#15215,#15243,#15245,.T.);
#15243 = VERTEX_POINT('',#15244);
#15244 = CARTESIAN_POINT('',(-220.,1.5,22.5));
#15245 = SURFACE_CURVE('',#15246,(#15250,#15257),.PCURVE_S1.);
#15246 = LINE('',#15247,#15248);
#15247 = CARTESIAN_POINT('',(-220.,1.5,-22.5));
#15248 = VECTOR('',#15249,1.);
#15249 = DIRECTION('',(0.,0.,1.));
#15250 = PCURVE('',#15190,#15251);
#15251 = DEFINITIONAL_REPRESENTATION('',(#15252),#15256);
#15252 = LINE('',#15253,#15254);
#15253 = CARTESIAN_POINT('',(0.,-3.));
#15254 = VECTOR('',#15255,1.);
#15255 = DIRECTION('',(1.,0.));
#15256 = ( GEOMETRIC_REPRESENTATION_CONTEXT(2) 
PARAMETRIC_REPRESENTATION_CONTEXT() REPRESENTATION_CONTEXT('2D SPACE',''
  ) );
#15257 = PCURVE('',#15258,#15263);
#15258 = PLANE('',#15259);
#15259 = AXIS2_PLACEMENT_3D('',#15260,#15261,#15262);
#15260 = CARTESIAN_POINT('',(-220.,1.5,-22.5));
#15261 = DIRECTION('',(-0.,1.,0.));
#15262 = DIRECTION('',(0.,0.,1.));
#15263 = DEFINITIONAL_REPRESENTATION('',(#15264),#15268);
#15264 = LINE('',#15265,#15266);
#15265 = CARTESIAN_POINT('',(0.,0.));
#15266 = VECTOR('',#15267,1.);
#15267 = DIRECTION('',(1.,0.));
#15268 = ( GEOMETRIC_REPRESENTATION_CONTEXT(2) 
PARAMETRIC_REPRESENTATION_CONTEXT() REPRESENTATION_CONTEXT('2D SPACE',''
  ) );
#15269 = ORIENTED_EDGE('',*,*,#15270,.F.);
#15270 = EDGE_CURVE('',#15182,#15243,#15271,.T.);
#15271 = SURFACE_CURVE('',#15272,(#15276,#15283),.PCURVE_S1.);
#15272 = LINE('',#15273,#15274);
#15273 = CARTESIAN_POINT('',(-220.,-1.5,22.5));
#15274 = VECTOR('',#15275,1.);
#15275 = DIRECTION('',(-0.,1.,0.));
#15276 = PCURVE('',#15190,#15277);
#15277 = DEFINITIONAL_REPRESENTATION('',(#15278),#15282);
#15278 = LINE('',#15279,#15280);
#15279 = CARTESIAN_POINT('',(45.,0.));
#15280 = VECTOR('',#15281,1.);
#15281 = DIRECTION('',(0.,-1.));
#15282 = ( GEOMETRIC_REPRESENTATION_CONTEXT(2) 
PARAMETRIC_REPRESENTATION_CONTEXT() REPRESENTATION_CONTEXT('2D SPACE',''
  ) );
#15283 = PCURVE('',#15284,#15289);
#15284 = PLANE('',#15285);
#15285 = AXIS2_PLACEMENT_3D('',#15286,#15287,#15288);
#15286 = CARTESIAN_POINT('',(-220.,-1.5,22.5));
#15287 = DIRECTION('',(0.,0.,1.));
#15288 = DIRECTION('',(1.,0.,-0.));
#15289 = DEFINITIONAL_REPRESENTATION('',(#15290),#15294);
#15290 = LINE('',#15291,#15292);
#15291 = CARTESIAN_POINT('',(0.,0.));
#15292 = VECTOR('',#15293,1.);
#15293 = DIRECTION('',(0.,1.));
#15294 = ( GEOMETRIC_REPRESENTATION_CONTEXT(2) 
PARAMETRIC_REPRESENTATION_CONTEXT() REPRESENTATION_CONTEXT('2D SPACE',''
  ) );
#15295 = ADVANCED_FACE('',(#15296),#15310,.T.);
#15296 = FACE_BOUND('',#15297,.T.);
#15297 = EDGE_LOOP('',(#15298,#15328,#15351,#15374));
#15298 = ORIENTED_EDGE('',*,*,#15299,.F.);
#15299 = EDGE_CURVE('',#15300,#15302,#15304,.T.);
#15300 = VERTEX_POINT('',#15301);
#15301 = CARTESIAN_POINT('',(220.,-1.5,-22.5));
#15302 = VERTEX_POINT('',#15303);
#15303 = CARTESIAN_POINT('',(220.,-1.5,22.5));
#15304 = SURFACE_CURVE('',#15305,(#15309,#15321),.PCURVE_S1.);
#15305 = LINE('',#15306,#15307);
#15306 = CARTESIAN_POINT('',(220.,-1.5,-22.5));
#15307 = VECTOR('',#15308,1.);
#15308 = DIRECTION('',(0.,0.,1.));
#15309 = PCURVE('',#15310,#15315);
#15310 = PLANE('',#15311);
#15311 = AXIS2_PLACEMENT_3D('',#15312,#15313,#15314);
#15312 = CARTESIAN_POINT('',(220.,-1.5,-22.5));
#15313 = DIRECTION('',(1.,0.,-0.));
#15314 = DIRECTION('',(0.,0.,1.));
#15315 = DEFINITIONAL_REPRESENTATION('',(#15316),#15320);
#15316 = LINE('',#15317,#15318);
#15317 = CARTESIAN_POINT('',(0.,0.));
#15318 = VECTOR('',#15319,1.);
#15319 = DIRECTION('',(1.,0.));
#15320 = ( GEOMETRIC_REPRESENTATION_CONTEXT(2) 
PARAMETRIC_REPRESENTATION_CONTEXT() REPRESENTATION_CONTEXT('2D SPACE',''
  ) );
#15321 = PCURVE('',#15202,#15322);
#15322 = DEFINITIONAL_REPRESENTATION('',(#15323),#15327);
#15323 = LINE('',#15324,#15325);
#15324 = CARTESIAN_POINT('',(0.,440.));
#15325 = VECTOR('',#15326,1.);
#15326 = DIRECTION('',(1.,0.));
#15327 = ( GEOMETRIC_REPRESENTATION_CONTEXT(2) 
PARAMETRIC_REPRESENTATION_CONTEXT() REPRESENTATION_CONTEXT('2D SPACE',''
  ) );
#15328 = ORIENTED_EDGE('',*,*,#15329,.T.);
#15329 = EDGE_CURVE('',#15300,#15330,#15332,.T.);
#15330 = VERTEX_POINT('',#15331);
#15331 = CARTESIAN_POINT('',(220.,1.5,-22.5));
#15332 = SURFACE_CURVE('',#15333,(#15337,#15344),.PCURVE_S1.);
#15333 = LINE('',#15334,#15335);
#15334 = CARTESIAN_POINT('',(220.,-1.5,-22.5));
#15335 = VECTOR('',#15336,1.);
#15336 = DIRECTION('',(-0.,1.,0.));
#15337 = PCURVE('',#15310,#15338);
#15338 = DEFINITIONAL_REPRESENTATION('',(#15339),#15343);
#15339 = LINE('',#15340,#15341);
#15340 = CARTESIAN_POINT('',(0.,0.));
#15341 = VECTOR('',#15342,1.);
#15342 = DIRECTION('',(0.,-1.));
#15343 = ( GEOMETRIC_REPRESENTATION_CONTEXT(2) 
PARAMETRIC_REPRESENTATION_CONTEXT() REPRESENTATION_CONTEXT('2D SPACE',''
  ) );
#15344 = PCURVE('',#15230,#15345);
#15345 = DEFINITIONAL_REPRESENTATION('',(#15346),#15350);
#15346 = LINE('',#15347,#15348);
#15347 = CARTESIAN_POINT('',(440.,0.));
#15348 = VECTOR('',#15349,1.);
#15349 = DIRECTION('',(0.,1.));
#15350 = ( GEOMETRIC_REPRESENTATION_CONTEXT(2) 
PARAMETRIC_REPRESENTATION_CONTEXT() REPRESENTATION_CONTEXT('2D SPACE',''
  ) );
#15351 = ORIENTED_EDGE('',*,*,#15352,.T.);
#15352 = EDGE_CURVE('',#15330,#15353,#15355,.T.);
#15353 = VERTEX_POINT('',#15354);
#15354 = CARTESIAN_POINT('',(220.,1.5,22.5));
#15355 = SURFACE_CURVE('',#15356,(#15360,#15367),.PCURVE_S1.);
#15356 = LINE('',#15357,#15358);
#15357 = CARTESIAN_POINT('',(220.,1.5,-22.5));
#15358 = VECTOR('',#15359,1.);
#15359 = DIRECTION('',(0.,0.,1.));
#15360 = PCURVE('',#15310,#15361);
#15361 = DEFINITIONAL_REPRESENTATION('',(#15362),#15366);
#15362 = LINE('',#15363,#15364);
#15363 = CARTESIAN_POINT('',(0.,-3.));
#15364 = VECTOR('',#15365,1.);
#15365 = DIRECTION('',(1.,0.));
#15366 = ( GEOMETRIC_REPRESENTATION_CONTEXT(2) 
PARAMETRIC_REPRESENTATION_CONTEXT() REPRESENTATION_CONTEXT('2D SPACE',''
  ) );
#15367 = PCURVE('',#15258,#15368);
#15368 = DEFINITIONAL_REPRESENTATION('',(#15369),#15373);
#15369 = LINE('',#15370,#15371);
#15370 = CARTESIAN_POINT('',(0.,440.));
#15371 = VECTOR('',#15372,1.);
#15372 = DIRECTION('',(1.,0.));
#15373 = ( GEOMETRIC_REPRESENTATION_CONTEXT(2) 
PARAMETRIC_REPRESENTATION_CONTEXT() REPRESENTATION_CONTEXT('2D SPACE',''
  ) );
#15374 = ORIENTED_EDGE('',*,*,#15375,.F.);
#15375 = EDGE_CURVE('',#15302,#15353,#15376,.T.);
#15376 = SURFACE_CURVE('',#15377,(#15381,#15388),.PCURVE_S1.);
#15377 = LINE('',#15378,#15379);
#15378 = CARTESIAN_POINT('',(220.,-1.5,22.5));
#15379 = VECTOR('',#15380,1.);
#15380 = DIRECTION('',(-0.,1.,0.));
#15381 = PCURVE('',#15310,#15382);
#15382 = DEFINITIONAL_REPRESENTATION('',(#15383),#15387);
#15383 = LINE('',#15384,#15385);
#15384 = CARTESIAN_POINT('',(45.,0.));
#15385 = VECTOR('',#15386,1.);
#15386 = DIRECTION('',(0.,-1.));
#15387 = ( GEOMETRIC_REPRESENTATION_CONTEXT(2) 
PARAMETRIC_REPRESENTATION_CONTEXT() REPRESENTATION_CONTEXT('2D SPACE',''
  ) );
#15388 = PCURVE('',#15284,#15389);
#15389 = DEFINITIONAL_REPRESENTATION('',(#15390),#15394);
#15390 = LINE('',#15391,#15392);
#15391 = CARTESIAN_POINT('',(440.,0.));
#15392 = VECTOR('',#15393,1.);
#15393 = DIRECTION('',(0.,1.));
#15394 = ( GEOMETRIC_REPRESENTATION_CONTEXT(2) 
PARAMETRIC_REPRESENTATION_CONTEXT() REPRESENTATION_CONTEXT('2D SPACE',''
  ) );
#15395 = ADVANCED_FACE('',(#15396),#15202,.F.);
#15396 = FACE_BOUND('',#15397,.F.);
#15397 = EDGE_LOOP('',(#15398,#15419,#15420,#15441));
#15398 = ORIENTED_EDGE('',*,*,#15399,.F.);
#15399 = EDGE_CURVE('',#15180,#15300,#15400,.T.);
#15400 = SURFACE_CURVE('',#15401,(#15405,#15412),.PCURVE_S1.);
#15401 = LINE('',#15402,#15403);
#15402 = CARTESIAN_POINT('',(-220.,-1.5,-22.5));
#15403 = VECTOR('',#15404,1.);
#15404 = DIRECTION('',(1.,0.,-0.));
#15405 = PCURVE('',#15202,#15406);
#15406 = DEFINITIONAL_REPRESENTATION('',(#15407),#15411);
#15407 = LINE('',#15408,#15409);
#15408 = CARTESIAN_POINT('',(0.,0.));
#15409 = VECTOR('',#15410,1.);
#15410 = DIRECTION('',(0.,1.));
#15411 = ( GEOMETRIC_REPRESENTATION_CONTEXT(2) 
PARAMETRIC_REPRESENTATION_CONTEXT() REPRESENTATION_CONTEXT('2D SPACE',''
  ) );
#15412 = PCURVE('',#15230,#15413);
#15413 = DEFINITIONAL_REPRESENTATION('',(#15414),#15418);
#15414 = LINE('',#15415,#15416);
#15415 = CARTESIAN_POINT('',(0.,0.));
#15416 = VECTOR('',#15417,1.);
#15417 = DIRECTION('',(1.,0.));
#15418 = ( GEOMETRIC_REPRESENTATION_CONTEXT(2) 
PARAMETRIC_REPRESENTATION_CONTEXT() REPRESENTATION_CONTEXT('2D SPACE',''
  ) );
#15419 = ORIENTED_EDGE('',*,*,#15179,.T.);
#15420 = ORIENTED_EDGE('',*,*,#15421,.T.);
#15421 = EDGE_CURVE('',#15182,#15302,#15422,.T.);
#15422 = SURFACE_CURVE('',#15423,(#15427,#15434),.PCURVE_S1.);
#15423 = LINE('',#15424,#15425);
#15424 = CARTESIAN_POINT('',(-220.,-1.5,22.5));
#15425 = VECTOR('',#15426,1.);
#15426 = DIRECTION('',(1.,0.,-0.));
#15427 = PCURVE('',#15202,#15428);
#15428 = DEFINITIONAL_REPRESENTATION('',(#15429),#15433);
#15429 = LINE('',#15430,#15431);
#15430 = CARTESIAN_POINT('',(45.,0.));
#15431 = VECTOR('',#15432,1.);
#15432 = DIRECTION('',(0.,1.));
#15433 = ( GEOMETRIC_REPRESENTATION_CONTEXT(2) 
PARAMETRIC_REPRESENTATION_CONTEXT() REPRESENTATION_CONTEXT('2D SPACE',''
  ) );
#15434 = PCURVE('',#15284,#15435);
#15435 = DEFINITIONAL_REPRESENTATION('',(#15436),#15440);
#15436 = LINE('',#15437,#15438);
#15437 = CARTESIAN_POINT('',(0.,0.));
#15438 = VECTOR('',#15439,1.);
#15439 = DIRECTION('',(1.,0.));
#15440 = ( GEOMETRIC_REPRESENTATION_CONTEXT(2) 
PARAMETRIC_REPRESENTATION_CONTEXT() REPRESENTATION_CONTEXT('2D SPACE',''
  ) );
#15441 = ORIENTED_EDGE('',*,*,#15299,.F.);
#15442 = ADVANCED_FACE('',(#15443),#15258,.T.);
#15443 = FACE_BOUND('',#15444,.T.);
#15444 = EDGE_LOOP('',(#15445,#15466,#15467,#15488));
#15445 = ORIENTED_EDGE('',*,*,#15446,.F.);
#15446 = EDGE_CURVE('',#15215,#15330,#15447,.T.);
#15447 = SURFACE_CURVE('',#15448,(#15452,#15459),.PCURVE_S1.);
#15448 = LINE('',#15449,#15450);
#15449 = CARTESIAN_POINT('',(-220.,1.5,-22.5));
#15450 = VECTOR('',#15451,1.);
#15451 = DIRECTION('',(1.,0.,-0.));
#15452 = PCURVE('',#15258,#15453);
#15453 = DEFINITIONAL_REPRESENTATION('',(#15454),#15458);
#15454 = LINE('',#15455,#15456);
#15455 = CARTESIAN_POINT('',(0.,0.));
#15456 = VECTOR('',#15457,1.);
#15457 = DIRECTION('',(0.,1.));
#15458 = ( GEOMETRIC_REPRESENTATION_CONTEXT(2) 
PARAMETRIC_REPRESENTATION_CONTEXT() REPRESENTATION_CONTEXT('2D SPACE',''
  ) );
#15459 = PCURVE('',#15230,#15460);
#15460 = DEFINITIONAL_REPRESENTATION('',(#15461),#15465);
#15461 = LINE('',#15462,#15463);
#15462 = CARTESIAN_POINT('',(0.,3.));
#15463 = VECTOR('',#15464,1.);
#15464 = DIRECTION('',(1.,0.));
#15465 = ( GEOMETRIC_REPRESENTATION_CONTEXT(2) 
PARAMETRIC_REPRESENTATION_CONTEXT() REPRESENTATION_CONTEXT('2D SPACE',''
  ) );
#15466 = ORIENTED_EDGE('',*,*,#15242,.T.);
#15467 = ORIENTED_EDGE('',*,*,#15468,.T.);
#15468 = EDGE_CURVE('',#15243,#15353,#15469,.T.);
#15469 = SURFACE_CURVE('',#15470,(#15474,#15481),.PCURVE_S1.);
#15470 = LINE('',#15471,#15472);
#15471 = CARTESIAN_POINT('',(-220.,1.5,22.5));
#15472 = VECTOR('',#15473,1.);
#15473 = DIRECTION('',(1.,0.,-0.));
#15474 = PCURVE('',#15258,#15475);
#15475 = DEFINITIONAL_REPRESENTATION('',(#15476),#15480);
#15476 = LINE('',#15477,#15478);
#15477 = CARTESIAN_POINT('',(45.,0.));
#15478 = VECTOR('',#15479,1.);
#15479 = DIRECTION('',(0.,1.));
#15480 = ( GEOMETRIC_REPRESENTATION_CONTEXT(2) 
PARAMETRIC_REPRESENTATION_CONTEXT() REPRESENTATION_CONTEXT('2D SPACE',''
  ) );
#15481 = PCURVE('',#15284,#15482);
#15482 = DEFINITIONAL_REPRESENTATION('',(#15483),#15487);
#15483 = LINE('',#15484,#15485);
#15484 = CARTESIAN_POINT('',(0.,3.));
#15485 = VECTOR('',#15486,1.);
#15486 = DIRECTION('',(1.,0.));
#15487 = ( GEOMETRIC_REPRESENTATION_CONTEXT(2) 
PARAMETRIC_REPRESENTATION_CONTEXT() REPRESENTATION_CONTEXT('2D SPACE',''
  ) );
#15488 = ORIENTED_EDGE('',*,*,#15352,.F.);
#15489 = ADVANCED_FACE('',(#15490),#15230,.F.);
#15490 = FACE_BOUND('',#15491,.F.);
#15491 = EDGE_LOOP('',(#15492,#15493,#15494,#15495));
#15492 = ORIENTED_EDGE('',*,*,#15214,.F.);
#15493 = ORIENTED_EDGE('',*,*,#15399,.T.);
#15494 = ORIENTED_EDGE('',*,*,#15329,.T.);
#15495 = ORIENTED_EDGE('',*,*,#15446,.F.);
#15496 = ADVANCED_FACE('',(#15497),#15284,.T.);
#15497 = FACE_BOUND('',#15498,.T.);
#15498 = EDGE_LOOP('',(#15499,#15500,#15501,#15502));
#15499 = ORIENTED_EDGE('',*,*,#15270,.F.);
#15500 = ORIENTED_EDGE('',*,*,#15421,.T.);
#15501 = ORIENTED_EDGE('',*,*,#15375,.T.);
#15502 = ORIENTED_EDGE('',*,*,#15468,.F.);
#15503 = ( GEOMETRIC_REPRESENTATION_CONTEXT(3) 
GLOBAL_UNCERTAINTY_ASSIGNED_CONTEXT((#15507)) 
GLOBAL_UNIT_ASSIGNED_CONTEXT((#15504,#15505,#15506)) 
REPRESENTATION_CONTEXT('Context #1',
  '3D Context with UNIT and UNCERTAINTY') );
#15504 = ( LENGTH_UNIT() NAMED_UNIT(*) SI_UNIT(.MILLI.,.METRE.) );
#15505 = ( NAMED_UNIT(*) PLANE_ANGLE_UNIT() SI_UNIT($,.RADIAN.) );
#15506 = ( NAMED_UNIT(*) SI_UNIT($,.STERADIAN.) SOLID_ANGLE_UNIT() );
#15507 = UNCERTAINTY_MEASURE_WITH_UNIT(LENGTH_MEASURE(1.E-07),#15504,
  'distance_accuracy_value','confusion accuracy');
#15508 = CONTEXT_DEPENDENT_SHAPE_REPRESENTATION(#15509,#15511);
#15509 = ( REPRESENTATION_RELATIONSHIP('','',#15172,#10) 
REPRESENTATION_RELATIONSHIP_WITH_TRANSFORMATION(#15510) 
SHAPE_REPRESENTATION_RELATIONSHIP() );
#15510 = ITEM_DEFINED_TRANSFORMATION('','',#11,#71);
#15511 = PRODUCT_DEFINITION_SHAPE('Placement','Placement of an item',
  #15512);
#15512 = NEXT_ASSEMBLY_USAGE_OCCURRENCE('237','=>[0:1:1:116]','',#5,
  #15167,$);
#15513 = PRODUCT_RELATED_PRODUCT_CATEGORY('part',$,(#15169));
#15514 = SHAPE_DEFINITION_REPRESENTATION(#15515,#15521);
#15515 = PRODUCT_DEFINITION_SHAPE('','',#15516);
#15516 = PRODUCT_DEFINITION('design','',#15517,#15520);
#15517 = PRODUCT_DEFINITION_FORMATION('','',#15518);
#15518 = PRODUCT('SOLID','SOLID','',(#15519));
#15519 = PRODUCT_CONTEXT('',#2,'mechanical');
#15520 = PRODUCT_DEFINITION_CONTEXT('part definition',#2,'design');
#15521 = ADVANCED_BREP_SHAPE_REPRESENTATION('',(#11,#15522),#15620);
#15522 = MANIFOLD_SOLID_BREP('',#15523);
#15523 = CLOSED_SHELL('',(#15524,#15612,#15616));
#15524 = ADVANCED_FACE('',(#15525),#15538,.T.);
#15525 = FACE_BOUND('',#15526,.T.);
#15526 = EDGE_LOOP('',(#15527,#15561,#15584,#15611));
#15527 = ORIENTED_EDGE('',*,*,#15528,.F.);
#15528 = EDGE_CURVE('',#15529,#15529,#15531,.T.);
#15529 = VERTEX_POINT('',#15530);
#15530 = CARTESIAN_POINT('',(190.,103.41378811691,5.628963722091));
#15531 = SURFACE_CURVE('',#15532,(#15537,#15549),.PCURVE_S1.);
#15532 = CIRCLE('',#15533,7.);
#15533 = AXIS2_PLACEMENT_3D('',#15534,#15535,#15536);
#15534 = CARTESIAN_POINT('',(190.,110.,8.));
#15535 = DIRECTION('',(0.254756083836,0.327543536361,-0.909843156559));
#15536 = DIRECTION('',(-1.387778780781E-17,-0.940887411869,
    -0.338719468273));
#15537 = PCURVE('',#15538,#15543);
#15538 = CYLINDRICAL_SURFACE('',#15539,7.);
#15539 = AXIS2_PLACEMENT_3D('',#15540,#15541,#15542);
#15540 = CARTESIAN_POINT('',(120.,20.,258.));
#15541 = DIRECTION('',(0.254756083836,0.327543536361,-0.909843156559));
#15542 = DIRECTION('',(-1.387778780781E-17,-0.940887411869,
    -0.338719468273));
#15543 = DEFINITIONAL_REPRESENTATION('',(#15544),#15548);
#15544 = LINE('',#15545,#15546);
#15545 = CARTESIAN_POINT('',(0.,274.77263328068));
#15546 = VECTOR('',#15547,1.);
#15547 = DIRECTION('',(1.,0.));
#15548 = ( GEOMETRIC_REPRESENTATION_CONTEXT(2) 
PARAMETRIC_REPRESENTATION_CONTEXT() REPRESENTATION_CONTEXT('2D SPACE',''
  ) );
#15549 = PCURVE('',#15550,#15555);
#15550 = PLANE('',#15551);
#15551 = AXIS2_PLACEMENT_3D('',#15552,#15553,#15554);
#15552 = CARTESIAN_POINT('',(190.,110.,8.));
#15553 = DIRECTION('',(0.254756083836,0.327543536361,-0.909843156559));
#15554 = DIRECTION('',(-1.387778780781E-17,-0.940887411869,
    -0.338719468273));
#15555 = DEFINITIONAL_REPRESENTATION('',(#15556),#15560);
#15556 = CIRCLE('',#15557,7.);
#15557 = AXIS2_PLACEMENT_2D('',#15558,#15559);
#15558 = CARTESIAN_POINT('',(0.,0.));
#15559 = DIRECTION('',(1.,0.));
#15560 = ( GEOMETRIC_REPRESENTATION_CONTEXT(2) 
PARAMETRIC_REPRESENTATION_CONTEXT() REPRESENTATION_CONTEXT('2D SPACE',''
  ) );
#15561 = ORIENTED_EDGE('',*,*,#15562,.F.);
#15562 = EDGE_CURVE('',#15563,#15529,#15565,.T.);
#15563 = VERTEX_POINT('',#15564);
#15564 = CARTESIAN_POINT('',(120.,13.413788116919,255.62896372209));
#15565 = SEAM_CURVE('',#15566,(#15570,#15577),.PCURVE_S1.);
#15566 = LINE('',#15567,#15568);
#15567 = CARTESIAN_POINT('',(120.,13.413788116919,255.62896372209));
#15568 = VECTOR('',#15569,1.);
#15569 = DIRECTION('',(0.254756083836,0.327543536361,-0.909843156559));
#15570 = PCURVE('',#15538,#15571);
#15571 = DEFINITIONAL_REPRESENTATION('',(#15572),#15576);
#15572 = LINE('',#15573,#15574);
#15573 = CARTESIAN_POINT('',(6.28318530718,-0.));
#15574 = VECTOR('',#15575,1.);
#15575 = DIRECTION('',(0.,1.));
#15576 = ( GEOMETRIC_REPRESENTATION_CONTEXT(2) 
PARAMETRIC_REPRESENTATION_CONTEXT() REPRESENTATION_CONTEXT('2D SPACE',''
  ) );
#15577 = PCURVE('',#15538,#15578);
#15578 = DEFINITIONAL_REPRESENTATION('',(#15579),#15583);
#15579 = LINE('',#15580,#15581);
#15580 = CARTESIAN_POINT('',(0.,-0.));
#15581 = VECTOR('',#15582,1.);
#15582 = DIRECTION('',(0.,1.));
#15583 = ( GEOMETRIC_REPRESENTATION_CONTEXT(2) 
PARAMETRIC_REPRESENTATION_CONTEXT() REPRESENTATION_CONTEXT('2D SPACE',''
  ) );
#15584 = ORIENTED_EDGE('',*,*,#15585,.T.);
#15585 = EDGE_CURVE('',#15563,#15563,#15586,.T.);
#15586 = SURFACE_CURVE('',#15587,(#15592,#15599),.PCURVE_S1.);
#15587 = CIRCLE('',#15588,7.);
#15588 = AXIS2_PLACEMENT_3D('',#15589,#15590,#15591);
#15589 = CARTESIAN_POINT('',(120.,20.,258.));
#15590 = DIRECTION('',(0.254756083836,0.327543536361,-0.909843156559));
#15591 = DIRECTION('',(-1.387778780781E-17,-0.940887411869,
    -0.338719468273));
#15592 = PCURVE('',#15538,#15593);
#15593 = DEFINITIONAL_REPRESENTATION('',(#15594),#15598);
#15594 = LINE('',#15595,#15596);
#15595 = CARTESIAN_POINT('',(0.,0.));
#15596 = VECTOR('',#15597,1.);
#15597 = DIRECTION('',(1.,0.));
#15598 = ( GEOMETRIC_REPRESENTATION_CONTEXT(2) 
PARAMETRIC_REPRESENTATION_CONTEXT() REPRESENTATION_CONTEXT('2D SPACE',''
  ) );
#15599 = PCURVE('',#15600,#15605);
#15600 = PLANE('',#15601);
#15601 = AXIS2_PLACEMENT_3D('',#15602,#15603,#15604);
#15602 = CARTESIAN_POINT('',(120.,20.,258.));
#15603 = DIRECTION('',(0.254756083836,0.327543536361,-0.909843156559));
#15604 = DIRECTION('',(-1.387778780781E-17,-0.940887411869,
    -0.338719468273));
#15605 = DEFINITIONAL_REPRESENTATION('',(#15606),#15610);
#15606 = CIRCLE('',#15607,7.);
#15607 = AXIS2_PLACEMENT_2D('',#15608,#15609);
#15608 = CARTESIAN_POINT('',(0.,0.));
#15609 = DIRECTION('',(1.,0.));
#15610 = ( GEOMETRIC_REPRESENTATION_CONTEXT(2) 
PARAMETRIC_REPRESENTATION_CONTEXT() REPRESENTATION_CONTEXT('2D SPACE',''
  ) );
#15611 = ORIENTED_EDGE('',*,*,#15562,.T.);
#15612 = ADVANCED_FACE('',(#15613),#15550,.T.);
#15613 = FACE_BOUND('',#15614,.T.);
#15614 = EDGE_LOOP('',(#15615));
#15615 = ORIENTED_EDGE('',*,*,#15528,.T.);
#15616 = ADVANCED_FACE('',(#15617),#15600,.F.);
#15617 = FACE_BOUND('',#15618,.T.);
#15618 = EDGE_LOOP('',(#15619));
#15619 = ORIENTED_EDGE('',*,*,#15585,.F.);
#15620 = ( GEOMETRIC_REPRESENTATION_CONTEXT(3) 
GLOBAL_UNCERTAINTY_ASSIGNED_CONTEXT((#15624)) 
GLOBAL_UNIT_ASSIGNED_CONTEXT((#15621,#15622,#15623)) 
REPRESENTATION_CONTEXT('Context #1',
  '3D Context with UNIT and UNCERTAINTY') );
#15621 = ( LENGTH_UNIT() NAMED_UNIT(*) SI_UNIT(.MILLI.,.METRE.) );
#15622 = ( NAMED_UNIT(*) PLANE_ANGLE_UNIT() SI_UNIT($,.RADIAN.) );
#15623 = ( NAMED_UNIT(*) SI_UNIT($,.STERADIAN.) SOLID_ANGLE_UNIT() );
#15624 = UNCERTAINTY_MEASURE_WITH_UNIT(LENGTH_MEASURE(1.E-07),#15621,
  'distance_accuracy_value','confusion accuracy');
#15625 = CONTEXT_DEPENDENT_SHAPE_REPRESENTATION(#15626,#15628);
#15626 = ( REPRESENTATION_RELATIONSHIP('','',#15521,#10) 
REPRESENTATION_RELATIONSHIP_WITH_TRANSFORMATION(#15627) 
SHAPE_REPRESENTATION_RELATIONSHIP() );
#15627 = ITEM_DEFINED_TRANSFORMATION('','',#11,#75);
#15628 = PRODUCT_DEFINITION_SHAPE('Placement','Placement of an item',
  #15629);
#15629 = NEXT_ASSEMBLY_USAGE_OCCURRENCE('238','=>[0:1:1:117]','',#5,
  #15516,$);
#15630 = PRODUCT_RELATED_PRODUCT_CATEGORY('part',$,(#15518));
#15631 = SHAPE_DEFINITION_REPRESENTATION(#15632,#15638);
#15632 = PRODUCT_DEFINITION_SHAPE('','',#15633);
#15633 = PRODUCT_DEFINITION('design','',#15634,#15637);
#15634 = PRODUCT_DEFINITION_FORMATION('','',#15635);
#15635 = PRODUCT('COMPOUND','COMPOUND','',(#15636));
#15636 = PRODUCT_CONTEXT('',#2,'mechanical');
#15637 = PRODUCT_DEFINITION_CONTEXT('part definition',#2,'design');
#15638 = SHAPE_REPRESENTATION('',(#11,#15639,#15643,#15647,#15651,#15655
    ),#15659);
#15639 = AXIS2_PLACEMENT_3D('',#15640,#15641,#15642);
#15640 = CARTESIAN_POINT('',(-97.,0.,535.));
#15641 = DIRECTION('',(0.,0.,1.));
#15642 = DIRECTION('',(1.,0.,-0.));
#15643 = AXIS2_PLACEMENT_3D('',#15644,#15645,#15646);
#15644 = CARTESIAN_POINT('',(697.60197653055,0.,827.00635109512));
#15645 = DIRECTION('',(0.,0.,1.));
#15646 = DIRECTION('',(1.,0.,-0.));
#15647 = AXIS2_PLACEMENT_3D('',#15648,#15649,#15650);
#15648 = CARTESIAN_POINT('',(652.60197653055,100.,872.00635109512));
#15649 = DIRECTION('',(0.,0.,1.));
#15650 = DIRECTION('',(1.,0.,-0.));
#15651 = AXIS2_PLACEMENT_3D('',#15652,#15653,#15654);
#15652 = CARTESIAN_POINT('',(120.,0.,310.));
#15653 = DIRECTION('',(0.,0.,1.));
#15654 = DIRECTION('',(1.,0.,-0.));
#15655 = AXIS2_PLACEMENT_3D('',#15656,#15657,#15658);
#15656 = CARTESIAN_POINT('',(980.,0.,310.));
#15657 = DIRECTION('',(0.,0.,1.));
#15658 = DIRECTION('',(1.,0.,-0.));
#15659 = ( GEOMETRIC_REPRESENTATION_CONTEXT(3) 
GLOBAL_UNCERTAINTY_ASSIGNED_CONTEXT((#15663)) 
GLOBAL_UNIT_ASSIGNED_CONTEXT((#15660,#15661,#15662)) 
REPRESENTATION_CONTEXT('Context #1',
  '3D Context with UNIT and UNCERTAINTY') );
#15660 = ( LENGTH_UNIT() NAMED_UNIT(*) SI_UNIT(.MILLI.,.METRE.) );
#15661 = ( NAMED_UNIT(*) PLANE_ANGLE_UNIT() SI_UNIT($,.RADIAN.) );
#15662 = ( NAMED_UNIT(*) SI_UNIT($,.STERADIAN.) SOLID_ANGLE_UNIT() );
#15663 = UNCERTAINTY_MEASURE_WITH_UNIT(LENGTH_MEASURE(1.E-07),#15660,
  'distance_accuracy_value','confusion accuracy');
#15664 = CONTEXT_DEPENDENT_SHAPE_REPRESENTATION(#15665,#15667);
#15665 = ( REPRESENTATION_RELATIONSHIP('','',#15638,#10) 
REPRESENTATION_RELATIONSHIP_WITH_TRANSFORMATION(#15666) 
SHAPE_REPRESENTATION_RELATIONSHIP() );
#15666 = ITEM_DEFINED_TRANSFORMATION('','',#11,#79);
#15667 = PRODUCT_DEFINITION_SHAPE('Placement','Placement of an item',
  #15668);
#15668 = NEXT_ASSEMBLY_USAGE_OCCURRENCE('244','=>[0:1:1:118]','',#5,
  #15633,$);
#15669 = PRODUCT_RELATED_PRODUCT_CATEGORY('part',$,(#15635));
#15670 = SHAPE_DEFINITION_REPRESENTATION(#15671,#15677);
#15671 = PRODUCT_DEFINITION_SHAPE('','',#15672);
#15672 = PRODUCT_DEFINITION('design','',#15673,#15676);
#15673 = PRODUCT_DEFINITION_FORMATION('','',#15674);
#15674 = PRODUCT('COMPOUND','COMPOUND','',(#15675));
#15675 = PRODUCT_CONTEXT('',#2,'mechanical');
#15676 = PRODUCT_DEFINITION_CONTEXT('part definition',#2,'design');
#15677 = ADVANCED_BREP_SHAPE_REPRESENTATION('',(#11,#15678),#16008);
#15678 = MANIFOLD_SOLID_BREP('',#15679);
#15679 = CLOSED_SHELL('',(#15680,#15800,#15900,#15947,#15994,#16001));
#15680 = ADVANCED_FACE('',(#15681),#15695,.F.);
#15681 = FACE_BOUND('',#15682,.F.);
#15682 = EDGE_LOOP('',(#15683,#15718,#15746,#15774));
#15683 = ORIENTED_EDGE('',*,*,#15684,.F.);
#15684 = EDGE_CURVE('',#15685,#15687,#15689,.T.);
#15685 = VERTEX_POINT('',#15686);
#15686 = CARTESIAN_POINT('',(-4.,-35.,-20.));
#15687 = VERTEX_POINT('',#15688);
#15688 = CARTESIAN_POINT('',(-4.,-35.,20.));
#15689 = SURFACE_CURVE('',#15690,(#15694,#15706),.PCURVE_S1.);
#15690 = LINE('',#15691,#15692);
#15691 = CARTESIAN_POINT('',(-4.,-35.,-20.));
#15692 = VECTOR('',#15693,1.);
#15693 = DIRECTION('',(0.,0.,1.));
#15694 = PCURVE('',#15695,#15700);
#15695 = PLANE('',#15696);
#15696 = AXIS2_PLACEMENT_3D('',#15697,#15698,#15699);
#15697 = CARTESIAN_POINT('',(-4.,-35.,-20.));
#15698 = DIRECTION('',(1.,0.,-0.));
#15699 = DIRECTION('',(0.,0.,1.));
#15700 = DEFINITIONAL_REPRESENTATION('',(#15701),#15705);
#15701 = LINE('',#15702,#15703);
#15702 = CARTESIAN_POINT('',(0.,0.));
#15703 = VECTOR('',#15704,1.);
#15704 = DIRECTION('',(1.,0.));
#15705 = ( GEOMETRIC_REPRESENTATION_CONTEXT(2) 
PARAMETRIC_REPRESENTATION_CONTEXT() REPRESENTATION_CONTEXT('2D SPACE',''
  ) );
#15706 = PCURVE('',#15707,#15712);
#15707 = PLANE('',#15708);
#15708 = AXIS2_PLACEMENT_3D('',#15709,#15710,#15711);
#15709 = CARTESIAN_POINT('',(-4.,-35.,-20.));
#15710 = DIRECTION('',(-0.,1.,0.));
#15711 = DIRECTION('',(0.,0.,1.));
#15712 = DEFINITIONAL_REPRESENTATION('',(#15713),#15717);
#15713 = LINE('',#15714,#15715);
#15714 = CARTESIAN_POINT('',(0.,0.));
#15715 = VECTOR('',#15716,1.);
#15716 = DIRECTION('',(1.,0.));
#15717 = ( GEOMETRIC_REPRESENTATION_CONTEXT(2) 
PARAMETRIC_REPRESENTATION_CONTEXT() REPRESENTATION_CONTEXT('2D SPACE',''
  ) );
#15718 = ORIENTED_EDGE('',*,*,#15719,.T.);
#15719 = EDGE_CURVE('',#15685,#15720,#15722,.T.);
#15720 = VERTEX_POINT('',#15721);
#15721 = CARTESIAN_POINT('',(-4.,35.,-20.));
#15722 = SURFACE_CURVE('',#15723,(#15727,#15734),.PCURVE_S1.);
#15723 = LINE('',#15724,#15725);
#15724 = CARTESIAN_POINT('',(-4.,-35.,-20.));
#15725 = VECTOR('',#15726,1.);
#15726 = DIRECTION('',(-0.,1.,0.));
#15727 = PCURVE('',#15695,#15728);
#15728 = DEFINITIONAL_REPRESENTATION('',(#15729),#15733);
#15729 = LINE('',#15730,#15731);
#15730 = CARTESIAN_POINT('',(0.,0.));
#15731 = VECTOR('',#15732,1.);
#15732 = DIRECTION('',(0.,-1.));
#15733 = ( GEOMETRIC_REPRESENTATION_CONTEXT(2) 
PARAMETRIC_REPRESENTATION_CONTEXT() REPRESENTATION_CONTEXT('2D SPACE',''
  ) );
#15734 = PCURVE('',#15735,#15740);
#15735 = PLANE('',#15736);
#15736 = AXIS2_PLACEMENT_3D('',#15737,#15738,#15739);
#15737 = CARTESIAN_POINT('',(-4.,-35.,-20.));
#15738 = DIRECTION('',(0.,0.,1.));
#15739 = DIRECTION('',(1.,0.,-0.));
#15740 = DEFINITIONAL_REPRESENTATION('',(#15741),#15745);
#15741 = LINE('',#15742,#15743);
#15742 = CARTESIAN_POINT('',(0.,0.));
#15743 = VECTOR('',#15744,1.);
#15744 = DIRECTION('',(0.,1.));
#15745 = ( GEOMETRIC_REPRESENTATION_CONTEXT(2) 
PARAMETRIC_REPRESENTATION_CONTEXT() REPRESENTATION_CONTEXT('2D SPACE',''
  ) );
#15746 = ORIENTED_EDGE('',*,*,#15747,.T.);
#15747 = EDGE_CURVE('',#15720,#15748,#15750,.T.);
#15748 = VERTEX_POINT('',#15749);
#15749 = CARTESIAN_POINT('',(-4.,35.,20.));
#15750 = SURFACE_CURVE('',#15751,(#15755,#15762),.PCURVE_S1.);
#15751 = LINE('',#15752,#15753);
#15752 = CARTESIAN_POINT('',(-4.,35.,-20.));
#15753 = VECTOR('',#15754,1.);
#15754 = DIRECTION('',(0.,0.,1.));
#15755 = PCURVE('',#15695,#15756);
#15756 = DEFINITIONAL_REPRESENTATION('',(#15757),#15761);
#15757 = LINE('',#15758,#15759);
#15758 = CARTESIAN_POINT('',(0.,-70.));
#15759 = VECTOR('',#15760,1.);
#15760 = DIRECTION('',(1.,0.));
#15761 = ( GEOMETRIC_REPRESENTATION_CONTEXT(2) 
PARAMETRIC_REPRESENTATION_CONTEXT() REPRESENTATION_CONTEXT('2D SPACE',''
  ) );
#15762 = PCURVE('',#15763,#15768);
#15763 = PLANE('',#15764);
#15764 = AXIS2_PLACEMENT_3D('',#15765,#15766,#15767);
#15765 = CARTESIAN_POINT('',(-4.,35.,-20.));
#15766 = DIRECTION('',(-0.,1.,0.));
#15767 = DIRECTION('',(0.,0.,1.));
#15768 = DEFINITIONAL_REPRESENTATION('',(#15769),#15773);
#15769 = LINE('',#15770,#15771);
#15770 = CARTESIAN_POINT('',(0.,0.));
#15771 = VECTOR('',#15772,1.);
#15772 = DIRECTION('',(1.,0.));
#15773 = ( GEOMETRIC_REPRESENTATION_CONTEXT(2) 
PARAMETRIC_REPRESENTATION_CONTEXT() REPRESENTATION_CONTEXT('2D SPACE',''
  ) );
#15774 = ORIENTED_EDGE('',*,*,#15775,.F.);
#15775 = EDGE_CURVE('',#15687,#15748,#15776,.T.);
#15776 = SURFACE_CURVE('',#15777,(#15781,#15788),.PCURVE_S1.);
#15777 = LINE('',#15778,#15779);
#15778 = CARTESIAN_POINT('',(-4.,-35.,20.));
#15779 = VECTOR('',#15780,1.);
#15780 = DIRECTION('',(-0.,1.,0.));
#15781 = PCURVE('',#15695,#15782);
#15782 = DEFINITIONAL_REPRESENTATION('',(#15783),#15787);
#15783 = LINE('',#15784,#15785);
#15784 = CARTESIAN_POINT('',(40.,0.));
#15785 = VECTOR('',#15786,1.);
#15786 = DIRECTION('',(0.,-1.));
#15787 = ( GEOMETRIC_REPRESENTATION_CONTEXT(2) 
PARAMETRIC_REPRESENTATION_CONTEXT() REPRESENTATION_CONTEXT('2D SPACE',''
  ) );
#15788 = PCURVE('',#15789,#15794);
#15789 = PLANE('',#15790);
#15790 = AXIS2_PLACEMENT_3D('',#15791,#15792,#15793);
#15791 = CARTESIAN_POINT('',(-4.,-35.,20.));
#15792 = DIRECTION('',(0.,0.,1.));
#15793 = DIRECTION('',(1.,0.,-0.));
#15794 = DEFINITIONAL_REPRESENTATION('',(#15795),#15799);
#15795 = LINE('',#15796,#15797);
#15796 = CARTESIAN_POINT('',(0.,0.));
#15797 = VECTOR('',#15798,1.);
#15798 = DIRECTION('',(0.,1.));
#15799 = ( GEOMETRIC_REPRESENTATION_CONTEXT(2) 
PARAMETRIC_REPRESENTATION_CONTEXT() REPRESENTATION_CONTEXT('2D SPACE',''
  ) );
#15800 = ADVANCED_FACE('',(#15801),#15815,.T.);
#15801 = FACE_BOUND('',#15802,.T.);
#15802 = EDGE_LOOP('',(#15803,#15833,#15856,#15879));
#15803 = ORIENTED_EDGE('',*,*,#15804,.F.);
#15804 = EDGE_CURVE('',#15805,#15807,#15809,.T.);
#15805 = VERTEX_POINT('',#15806);
#15806 = CARTESIAN_POINT('',(4.,-35.,-20.));
#15807 = VERTEX_POINT('',#15808);
#15808 = CARTESIAN_POINT('',(4.,-35.,20.));
#15809 = SURFACE_CURVE('',#15810,(#15814,#15826),.PCURVE_S1.);
#15810 = LINE('',#15811,#15812);
#15811 = CARTESIAN_POINT('',(4.,-35.,-20.));
#15812 = VECTOR('',#15813,1.);
#15813 = DIRECTION('',(0.,0.,1.));
#15814 = PCURVE('',#15815,#15820);
#15815 = PLANE('',#15816);
#15816 = AXIS2_PLACEMENT_3D('',#15817,#15818,#15819);
#15817 = CARTESIAN_POINT('',(4.,-35.,-20.));
#15818 = DIRECTION('',(1.,0.,-0.));
#15819 = DIRECTION('',(0.,0.,1.));
#15820 = DEFINITIONAL_REPRESENTATION('',(#15821),#15825);
#15821 = LINE('',#15822,#15823);
#15822 = CARTESIAN_POINT('',(0.,0.));
#15823 = VECTOR('',#15824,1.);
#15824 = DIRECTION('',(1.,0.));
#15825 = ( GEOMETRIC_REPRESENTATION_CONTEXT(2) 
PARAMETRIC_REPRESENTATION_CONTEXT() REPRESENTATION_CONTEXT('2D SPACE',''
  ) );
#15826 = PCURVE('',#15707,#15827);
#15827 = DEFINITIONAL_REPRESENTATION('',(#15828),#15832);
#15828 = LINE('',#15829,#15830);
#15829 = CARTESIAN_POINT('',(0.,8.));
#15830 = VECTOR('',#15831,1.);
#15831 = DIRECTION('',(1.,0.));
#15832 = ( GEOMETRIC_REPRESENTATION_CONTEXT(2) 
PARAMETRIC_REPRESENTATION_CONTEXT() REPRESENTATION_CONTEXT('2D SPACE',''
  ) );
#15833 = ORIENTED_EDGE('',*,*,#15834,.T.);
#15834 = EDGE_CURVE('',#15805,#15835,#15837,.T.);
#15835 = VERTEX_POINT('',#15836);
#15836 = CARTESIAN_POINT('',(4.,35.,-20.));
#15837 = SURFACE_CURVE('',#15838,(#15842,#15849),.PCURVE_S1.);
#15838 = LINE('',#15839,#15840);
#15839 = CARTESIAN_POINT('',(4.,-35.,-20.));
#15840 = VECTOR('',#15841,1.);
#15841 = DIRECTION('',(-0.,1.,0.));
#15842 = PCURVE('',#15815,#15843);
#15843 = DEFINITIONAL_REPRESENTATION('',(#15844),#15848);
#15844 = LINE('',#15845,#15846);
#15845 = CARTESIAN_POINT('',(0.,0.));
#15846 = VECTOR('',#15847,1.);
#15847 = DIRECTION('',(0.,-1.));
#15848 = ( GEOMETRIC_REPRESENTATION_CONTEXT(2) 
PARAMETRIC_REPRESENTATION_CONTEXT() REPRESENTATION_CONTEXT('2D SPACE',''
  ) );
#15849 = PCURVE('',#15735,#15850);
#15850 = DEFINITIONAL_REPRESENTATION('',(#15851),#15855);
#15851 = LINE('',#15852,#15853);
#15852 = CARTESIAN_POINT('',(8.,0.));
#15853 = VECTOR('',#15854,1.);
#15854 = DIRECTION('',(0.,1.));
#15855 = ( GEOMETRIC_REPRESENTATION_CONTEXT(2) 
PARAMETRIC_REPRESENTATION_CONTEXT() REPRESENTATION_CONTEXT('2D SPACE',''
  ) );
#15856 = ORIENTED_EDGE('',*,*,#15857,.T.);
#15857 = EDGE_CURVE('',#15835,#15858,#15860,.T.);
#15858 = VERTEX_POINT('',#15859);
#15859 = CARTESIAN_POINT('',(4.,35.,20.));
#15860 = SURFACE_CURVE('',#15861,(#15865,#15872),.PCURVE_S1.);
#15861 = LINE('',#15862,#15863);
#15862 = CARTESIAN_POINT('',(4.,35.,-20.));
#15863 = VECTOR('',#15864,1.);
#15864 = DIRECTION('',(0.,0.,1.));
#15865 = PCURVE('',#15815,#15866);
#15866 = DEFINITIONAL_REPRESENTATION('',(#15867),#15871);
#15867 = LINE('',#15868,#15869);
#15868 = CARTESIAN_POINT('',(0.,-70.));
#15869 = VECTOR('',#15870,1.);
#15870 = DIRECTION('',(1.,0.));
#15871 = ( GEOMETRIC_REPRESENTATION_CONTEXT(2) 
PARAMETRIC_REPRESENTATION_CONTEXT() REPRESENTATION_CONTEXT('2D SPACE',''
  ) );
#15872 = PCURVE('',#15763,#15873);
#15873 = DEFINITIONAL_REPRESENTATION('',(#15874),#15878);
#15874 = LINE('',#15875,#15876);
#15875 = CARTESIAN_POINT('',(0.,8.));
#15876 = VECTOR('',#15877,1.);
#15877 = DIRECTION('',(1.,0.));
#15878 = ( GEOMETRIC_REPRESENTATION_CONTEXT(2) 
PARAMETRIC_REPRESENTATION_CONTEXT() REPRESENTATION_CONTEXT('2D SPACE',''
  ) );
#15879 = ORIENTED_EDGE('',*,*,#15880,.F.);
#15880 = EDGE_CURVE('',#15807,#15858,#15881,.T.);
#15881 = SURFACE_CURVE('',#15882,(#15886,#15893),.PCURVE_S1.);
#15882 = LINE('',#15883,#15884);
#15883 = CARTESIAN_POINT('',(4.,-35.,20.));
#15884 = VECTOR('',#15885,1.);
#15885 = DIRECTION('',(-0.,1.,0.));
#15886 = PCURVE('',#15815,#15887);
#15887 = DEFINITIONAL_REPRESENTATION('',(#15888),#15892);
#15888 = LINE('',#15889,#15890);
#15889 = CARTESIAN_POINT('',(40.,0.));
#15890 = VECTOR('',#15891,1.);
#15891 = DIRECTION('',(0.,-1.));
#15892 = ( GEOMETRIC_REPRESENTATION_CONTEXT(2) 
PARAMETRIC_REPRESENTATION_CONTEXT() REPRESENTATION_CONTEXT('2D SPACE',''
  ) );
#15893 = PCURVE('',#15789,#15894);
#15894 = DEFINITIONAL_REPRESENTATION('',(#15895),#15899);
#15895 = LINE('',#15896,#15897);
#15896 = CARTESIAN_POINT('',(8.,0.));
#15897 = VECTOR('',#15898,1.);
#15898 = DIRECTION('',(0.,1.));
#15899 = ( GEOMETRIC_REPRESENTATION_CONTEXT(2) 
PARAMETRIC_REPRESENTATION_CONTEXT() REPRESENTATION_CONTEXT('2D SPACE',''
  ) );
#15900 = ADVANCED_FACE('',(#15901),#15707,.F.);
#15901 = FACE_BOUND('',#15902,.F.);
#15902 = EDGE_LOOP('',(#15903,#15924,#15925,#15946));
#15903 = ORIENTED_EDGE('',*,*,#15904,.F.);
#15904 = EDGE_CURVE('',#15685,#15805,#15905,.T.);
#15905 = SURFACE_CURVE('',#15906,(#15910,#15917),.PCURVE_S1.);
#15906 = LINE('',#15907,#15908);
#15907 = CARTESIAN_POINT('',(-4.,-35.,-20.));
#15908 = VECTOR('',#15909,1.);
#15909 = DIRECTION('',(1.,0.,-0.));
#15910 = PCURVE('',#15707,#15911);
#15911 = DEFINITIONAL_REPRESENTATION('',(#15912),#15916);
#15912 = LINE('',#15913,#15914);
#15913 = CARTESIAN_POINT('',(0.,0.));
#15914 = VECTOR('',#15915,1.);
#15915 = DIRECTION('',(0.,1.));
#15916 = ( GEOMETRIC_REPRESENTATION_CONTEXT(2) 
PARAMETRIC_REPRESENTATION_CONTEXT() REPRESENTATION_CONTEXT('2D SPACE',''
  ) );
#15917 = PCURVE('',#15735,#15918);
#15918 = DEFINITIONAL_REPRESENTATION('',(#15919),#15923);
#15919 = LINE('',#15920,#15921);
#15920 = CARTESIAN_POINT('',(0.,0.));
#15921 = VECTOR('',#15922,1.);
#15922 = DIRECTION('',(1.,0.));
#15923 = ( GEOMETRIC_REPRESENTATION_CONTEXT(2) 
PARAMETRIC_REPRESENTATION_CONTEXT() REPRESENTATION_CONTEXT('2D SPACE',''
  ) );
#15924 = ORIENTED_EDGE('',*,*,#15684,.T.);
#15925 = ORIENTED_EDGE('',*,*,#15926,.T.);
#15926 = EDGE_CURVE('',#15687,#15807,#15927,.T.);
#15927 = SURFACE_CURVE('',#15928,(#15932,#15939),.PCURVE_S1.);
#15928 = LINE('',#15929,#15930);
#15929 = CARTESIAN_POINT('',(-4.,-35.,20.));
#15930 = VECTOR('',#15931,1.);
#15931 = DIRECTION('',(1.,0.,-0.));
#15932 = PCURVE('',#15707,#15933);
#15933 = DEFINITIONAL_REPRESENTATION('',(#15934),#15938);
#15934 = LINE('',#15935,#15936);
#15935 = CARTESIAN_POINT('',(40.,0.));
#15936 = VECTOR('',#15937,1.);
#15937 = DIRECTION('',(0.,1.));
#15938 = ( GEOMETRIC_REPRESENTATION_CONTEXT(2) 
PARAMETRIC_REPRESENTATION_CONTEXT() REPRESENTATION_CONTEXT('2D SPACE',''
  ) );
#15939 = PCURVE('',#15789,#15940);
#15940 = DEFINITIONAL_REPRESENTATION('',(#15941),#15945);
#15941 = LINE('',#15942,#15943);
#15942 = CARTESIAN_POINT('',(0.,0.));
#15943 = VECTOR('',#15944,1.);
#15944 = DIRECTION('',(1.,0.));
#15945 = ( GEOMETRIC_REPRESENTATION_CONTEXT(2) 
PARAMETRIC_REPRESENTATION_CONTEXT() REPRESENTATION_CONTEXT('2D SPACE',''
  ) );
#15946 = ORIENTED_EDGE('',*,*,#15804,.F.);
#15947 = ADVANCED_FACE('',(#15948),#15763,.T.);
#15948 = FACE_BOUND('',#15949,.T.);
#15949 = EDGE_LOOP('',(#15950,#15971,#15972,#15993));
#15950 = ORIENTED_EDGE('',*,*,#15951,.F.);
#15951 = EDGE_CURVE('',#15720,#15835,#15952,.T.);
#15952 = SURFACE_CURVE('',#15953,(#15957,#15964),.PCURVE_S1.);
#15953 = LINE('',#15954,#15955);
#15954 = CARTESIAN_POINT('',(-4.,35.,-20.));
#15955 = VECTOR('',#15956,1.);
#15956 = DIRECTION('',(1.,0.,-0.));
#15957 = PCURVE('',#15763,#15958);
#15958 = DEFINITIONAL_REPRESENTATION('',(#15959),#15963);
#15959 = LINE('',#15960,#15961);
#15960 = CARTESIAN_POINT('',(0.,0.));
#15961 = VECTOR('',#15962,1.);
#15962 = DIRECTION('',(0.,1.));
#15963 = ( GEOMETRIC_REPRESENTATION_CONTEXT(2) 
PARAMETRIC_REPRESENTATION_CONTEXT() REPRESENTATION_CONTEXT('2D SPACE',''
  ) );
#15964 = PCURVE('',#15735,#15965);
#15965 = DEFINITIONAL_REPRESENTATION('',(#15966),#15970);
#15966 = LINE('',#15967,#15968);
#15967 = CARTESIAN_POINT('',(0.,70.));
#15968 = VECTOR('',#15969,1.);
#15969 = DIRECTION('',(1.,0.));
#15970 = ( GEOMETRIC_REPRESENTATION_CONTEXT(2) 
PARAMETRIC_REPRESENTATION_CONTEXT() REPRESENTATION_CONTEXT('2D SPACE',''
  ) );
#15971 = ORIENTED_EDGE('',*,*,#15747,.T.);
#15972 = ORIENTED_EDGE('',*,*,#15973,.T.);
#15973 = EDGE_CURVE('',#15748,#15858,#15974,.T.);
#15974 = SURFACE_CURVE('',#15975,(#15979,#15986),.PCURVE_S1.);
#15975 = LINE('',#15976,#15977);
#15976 = CARTESIAN_POINT('',(-4.,35.,20.));
#15977 = VECTOR('',#15978,1.);
#15978 = DIRECTION('',(1.,0.,-0.));
#15979 = PCURVE('',#15763,#15980);
#15980 = DEFINITIONAL_REPRESENTATION('',(#15981),#15985);
#15981 = LINE('',#15982,#15983);
#15982 = CARTESIAN_POINT('',(40.,0.));
#15983 = VECTOR('',#15984,1.);
#15984 = DIRECTION('',(0.,1.));
#15985 = ( GEOMETRIC_REPRESENTATION_CONTEXT(2) 
PARAMETRIC_REPRESENTATION_CONTEXT() REPRESENTATION_CONTEXT('2D SPACE',''
  ) );
#15986 = PCURVE('',#15789,#15987);
#15987 = DEFINITIONAL_REPRESENTATION('',(#15988),#15992);
#15988 = LINE('',#15989,#15990);
#15989 = CARTESIAN_POINT('',(0.,70.));
#15990 = VECTOR('',#15991,1.);
#15991 = DIRECTION('',(1.,0.));
#15992 = ( GEOMETRIC_REPRESENTATION_CONTEXT(2) 
PARAMETRIC_REPRESENTATION_CONTEXT() REPRESENTATION_CONTEXT('2D SPACE',''
  ) );
#15993 = ORIENTED_EDGE('',*,*,#15857,.F.);
#15994 = ADVANCED_FACE('',(#15995),#15735,.F.);
#15995 = FACE_BOUND('',#15996,.F.);
#15996 = EDGE_LOOP('',(#15997,#15998,#15999,#16000));
#15997 = ORIENTED_EDGE('',*,*,#15719,.F.);
#15998 = ORIENTED_EDGE('',*,*,#15904,.T.);
#15999 = ORIENTED_EDGE('',*,*,#15834,.T.);
#16000 = ORIENTED_EDGE('',*,*,#15951,.F.);
#16001 = ADVANCED_FACE('',(#16002),#15789,.T.);
#16002 = FACE_BOUND('',#16003,.T.);
#16003 = EDGE_LOOP('',(#16004,#16005,#16006,#16007));
#16004 = ORIENTED_EDGE('',*,*,#15775,.F.);
#16005 = ORIENTED_EDGE('',*,*,#15926,.T.);
#16006 = ORIENTED_EDGE('',*,*,#15880,.T.);
#16007 = ORIENTED_EDGE('',*,*,#15973,.F.);
#16008 = ( GEOMETRIC_REPRESENTATION_CONTEXT(3) 
GLOBAL_UNCERTAINTY_ASSIGNED_CONTEXT((#16012)) 
GLOBAL_UNIT_ASSIGNED_CONTEXT((#16009,#16010,#16011)) 
REPRESENTATION_CONTEXT('Context #1',
  '3D Context with UNIT and UNCERTAINTY') );
#16009 = ( LENGTH_UNIT() NAMED_UNIT(*) SI_UNIT(.MILLI.,.METRE.) );
#16010 = ( NAMED_UNIT(*) PLANE_ANGLE_UNIT() SI_UNIT($,.RADIAN.) );
#16011 = ( NAMED_UNIT(*) SI_UNIT($,.STERADIAN.) SOLID_ANGLE_UNIT() );
#16012 = UNCERTAINTY_MEASURE_WITH_UNIT(LENGTH_MEASURE(1.E-07),#16009,
  'distance_accuracy_value','confusion accuracy');
#16013 = CONTEXT_DEPENDENT_SHAPE_REPRESENTATION(#16014,#16016);
#16014 = ( REPRESENTATION_RELATIONSHIP('','',#15677,#15638) 
REPRESENTATION_RELATIONSHIP_WITH_TRANSFORMATION(#16015) 
SHAPE_REPRESENTATION_RELATIONSHIP() );
#16015 = ITEM_DEFINED_TRANSFORMATION('','',#11,#15639);
#16016 = PRODUCT_DEFINITION_SHAPE('Placement','Placement of an item',
  #16017);
#16017 = NEXT_ASSEMBLY_USAGE_OCCURRENCE('239','=>[0:1:1:119]','',#15633,
  #15672,$);
#16018 = PRODUCT_RELATED_PRODUCT_CATEGORY('part',$,(#15674));
#16019 = SHAPE_DEFINITION_REPRESENTATION(#16020,#16026);
#16020 = PRODUCT_DEFINITION_SHAPE('','',#16021);
#16021 = PRODUCT_DEFINITION('design','',#16022,#16025);
#16022 = PRODUCT_DEFINITION_FORMATION('','',#16023);
#16023 = PRODUCT('COMPOUND','COMPOUND','',(#16024));
#16024 = PRODUCT_CONTEXT('',#2,'mechanical');
#16025 = PRODUCT_DEFINITION_CONTEXT('part definition',#2,'design');
#16026 = ADVANCED_BREP_SHAPE_REPRESENTATION('',(#11,#16027),#16357);
#16027 = MANIFOLD_SOLID_BREP('',#16028);
#16028 = CLOSED_SHELL('',(#16029,#16149,#16249,#16296,#16343,#16350));
#16029 = ADVANCED_FACE('',(#16030),#16044,.F.);
#16030 = FACE_BOUND('',#16031,.F.);
#16031 = EDGE_LOOP('',(#16032,#16067,#16095,#16123));
#16032 = ORIENTED_EDGE('',*,*,#16033,.F.);
#16033 = EDGE_CURVE('',#16034,#16036,#16038,.T.);
#16034 = VERTEX_POINT('',#16035);
#16035 = CARTESIAN_POINT('',(-4.,-30.,-17.5));
#16036 = VERTEX_POINT('',#16037);
#16037 = CARTESIAN_POINT('',(-4.,-30.,17.5));
#16038 = SURFACE_CURVE('',#16039,(#16043,#16055),.PCURVE_S1.);
#16039 = LINE('',#16040,#16041);
#16040 = CARTESIAN_POINT('',(-4.,-30.,-17.5));
#16041 = VECTOR('',#16042,1.);
#16042 = DIRECTION('',(0.,0.,1.));
#16043 = PCURVE('',#16044,#16049);
#16044 = PLANE('',#16045);
#16045 = AXIS2_PLACEMENT_3D('',#16046,#16047,#16048);
#16046 = CARTESIAN_POINT('',(-4.,-30.,-17.5));
#16047 = DIRECTION('',(1.,0.,-0.));
#16048 = DIRECTION('',(0.,0.,1.));
#16049 = DEFINITIONAL_REPRESENTATION('',(#16050),#16054);
#16050 = LINE('',#16051,#16052);
#16051 = CARTESIAN_POINT('',(0.,0.));
#16052 = VECTOR('',#16053,1.);
#16053 = DIRECTION('',(1.,0.));
#16054 = ( GEOMETRIC_REPRESENTATION_CONTEXT(2) 
PARAMETRIC_REPRESENTATION_CONTEXT() REPRESENTATION_CONTEXT('2D SPACE',''
  ) );
#16055 = PCURVE('',#16056,#16061);
#16056 = PLANE('',#16057);
#16057 = AXIS2_PLACEMENT_3D('',#16058,#16059,#16060);
#16058 = CARTESIAN_POINT('',(-4.,-30.,-17.5));
#16059 = DIRECTION('',(-0.,1.,0.));
#16060 = DIRECTION('',(0.,0.,1.));
#16061 = DEFINITIONAL_REPRESENTATION('',(#16062),#16066);
#16062 = LINE('',#16063,#16064);
#16063 = CARTESIAN_POINT('',(0.,0.));
#16064 = VECTOR('',#16065,1.);
#16065 = DIRECTION('',(1.,0.));
#16066 = ( GEOMETRIC_REPRESENTATION_CONTEXT(2) 
PARAMETRIC_REPRESENTATION_CONTEXT() REPRESENTATION_CONTEXT('2D SPACE',''
  ) );
#16067 = ORIENTED_EDGE('',*,*,#16068,.T.);
#16068 = EDGE_CURVE('',#16034,#16069,#16071,.T.);
#16069 = VERTEX_POINT('',#16070);
#16070 = CARTESIAN_POINT('',(-4.,30.,-17.5));
#16071 = SURFACE_CURVE('',#16072,(#16076,#16083),.PCURVE_S1.);
#16072 = LINE('',#16073,#16074);
#16073 = CARTESIAN_POINT('',(-4.,-30.,-17.5));
#16074 = VECTOR('',#16075,1.);
#16075 = DIRECTION('',(-0.,1.,0.));
#16076 = PCURVE('',#16044,#16077);
#16077 = DEFINITIONAL_REPRESENTATION('',(#16078),#16082);
#16078 = LINE('',#16079,#16080);
#16079 = CARTESIAN_POINT('',(0.,0.));
#16080 = VECTOR('',#16081,1.);
#16081 = DIRECTION('',(0.,-1.));
#16082 = ( GEOMETRIC_REPRESENTATION_CONTEXT(2) 
PARAMETRIC_REPRESENTATION_CONTEXT() REPRESENTATION_CONTEXT('2D SPACE',''
  ) );
#16083 = PCURVE('',#16084,#16089);
#16084 = PLANE('',#16085);
#16085 = AXIS2_PLACEMENT_3D('',#16086,#16087,#16088);
#16086 = CARTESIAN_POINT('',(-4.,-30.,-17.5));
#16087 = DIRECTION('',(0.,0.,1.));
#16088 = DIRECTION('',(1.,0.,-0.));
#16089 = DEFINITIONAL_REPRESENTATION('',(#16090),#16094);
#16090 = LINE('',#16091,#16092);
#16091 = CARTESIAN_POINT('',(0.,0.));
#16092 = VECTOR('',#16093,1.);
#16093 = DIRECTION('',(0.,1.));
#16094 = ( GEOMETRIC_REPRESENTATION_CONTEXT(2) 
PARAMETRIC_REPRESENTATION_CONTEXT() REPRESENTATION_CONTEXT('2D SPACE',''
  ) );
#16095 = ORIENTED_EDGE('',*,*,#16096,.T.);
#16096 = EDGE_CURVE('',#16069,#16097,#16099,.T.);
#16097 = VERTEX_POINT('',#16098);
#16098 = CARTESIAN_POINT('',(-4.,30.,17.5));
#16099 = SURFACE_CURVE('',#16100,(#16104,#16111),.PCURVE_S1.);
#16100 = LINE('',#16101,#16102);
#16101 = CARTESIAN_POINT('',(-4.,30.,-17.5));
#16102 = VECTOR('',#16103,1.);
#16103 = DIRECTION('',(0.,0.,1.));
#16104 = PCURVE('',#16044,#16105);
#16105 = DEFINITIONAL_REPRESENTATION('',(#16106),#16110);
#16106 = LINE('',#16107,#16108);
#16107 = CARTESIAN_POINT('',(0.,-60.));
#16108 = VECTOR('',#16109,1.);
#16109 = DIRECTION('',(1.,0.));
#16110 = ( GEOMETRIC_REPRESENTATION_CONTEXT(2) 
PARAMETRIC_REPRESENTATION_CONTEXT() REPRESENTATION_CONTEXT('2D SPACE',''
  ) );
#16111 = PCURVE('',#16112,#16117);
#16112 = PLANE('',#16113);
#16113 = AXIS2_PLACEMENT_3D('',#16114,#16115,#16116);
#16114 = CARTESIAN_POINT('',(-4.,30.,-17.5));
#16115 = DIRECTION('',(-0.,1.,0.));
#16116 = DIRECTION('',(0.,0.,1.));
#16117 = DEFINITIONAL_REPRESENTATION('',(#16118),#16122);
#16118 = LINE('',#16119,#16120);
#16119 = CARTESIAN_POINT('',(0.,0.));
#16120 = VECTOR('',#16121,1.);
#16121 = DIRECTION('',(1.,0.));
#16122 = ( GEOMETRIC_REPRESENTATION_CONTEXT(2) 
PARAMETRIC_REPRESENTATION_CONTEXT() REPRESENTATION_CONTEXT('2D SPACE',''
  ) );
#16123 = ORIENTED_EDGE('',*,*,#16124,.F.);
#16124 = EDGE_CURVE('',#16036,#16097,#16125,.T.);
#16125 = SURFACE_CURVE('',#16126,(#16130,#16137),.PCURVE_S1.);
#16126 = LINE('',#16127,#16128);
#16127 = CARTESIAN_POINT('',(-4.,-30.,17.5));
#16128 = VECTOR('',#16129,1.);
#16129 = DIRECTION('',(-0.,1.,0.));
#16130 = PCURVE('',#16044,#16131);
#16131 = DEFINITIONAL_REPRESENTATION('',(#16132),#16136);
#16132 = LINE('',#16133,#16134);
#16133 = CARTESIAN_POINT('',(35.,0.));
#16134 = VECTOR('',#16135,1.);
#16135 = DIRECTION('',(0.,-1.));
#16136 = ( GEOMETRIC_REPRESENTATION_CONTEXT(2) 
PARAMETRIC_REPRESENTATION_CONTEXT() REPRESENTATION_CONTEXT('2D SPACE',''
  ) );
#16137 = PCURVE('',#16138,#16143);
#16138 = PLANE('',#16139);
#16139 = AXIS2_PLACEMENT_3D('',#16140,#16141,#16142);
#16140 = CARTESIAN_POINT('',(-4.,-30.,17.5));
#16141 = DIRECTION('',(0.,0.,1.));
#16142 = DIRECTION('',(1.,0.,-0.));
#16143 = DEFINITIONAL_REPRESENTATION('',(#16144),#16148);
#16144 = LINE('',#16145,#16146);
#16145 = CARTESIAN_POINT('',(0.,0.));
#16146 = VECTOR('',#16147,1.);
#16147 = DIRECTION('',(0.,1.));
#16148 = ( GEOMETRIC_REPRESENTATION_CONTEXT(2) 
PARAMETRIC_REPRESENTATION_CONTEXT() REPRESENTATION_CONTEXT('2D SPACE',''
  ) );
#16149 = ADVANCED_FACE('',(#16150),#16164,.T.);
#16150 = FACE_BOUND('',#16151,.T.);
#16151 = EDGE_LOOP('',(#16152,#16182,#16205,#16228));
#16152 = ORIENTED_EDGE('',*,*,#16153,.F.);
#16153 = EDGE_CURVE('',#16154,#16156,#16158,.T.);
#16154 = VERTEX_POINT('',#16155);
#16155 = CARTESIAN_POINT('',(4.,-30.,-17.5));
#16156 = VERTEX_POINT('',#16157);
#16157 = CARTESIAN_POINT('',(4.,-30.,17.5));
#16158 = SURFACE_CURVE('',#16159,(#16163,#16175),.PCURVE_S1.);
#16159 = LINE('',#16160,#16161);
#16160 = CARTESIAN_POINT('',(4.,-30.,-17.5));
#16161 = VECTOR('',#16162,1.);
#16162 = DIRECTION('',(0.,0.,1.));
#16163 = PCURVE('',#16164,#16169);
#16164 = PLANE('',#16165);
#16165 = AXIS2_PLACEMENT_3D('',#16166,#16167,#16168);
#16166 = CARTESIAN_POINT('',(4.,-30.,-17.5));
#16167 = DIRECTION('',(1.,0.,-0.));
#16168 = DIRECTION('',(0.,0.,1.));
#16169 = DEFINITIONAL_REPRESENTATION('',(#16170),#16174);
#16170 = LINE('',#16171,#16172);
#16171 = CARTESIAN_POINT('',(0.,0.));
#16172 = VECTOR('',#16173,1.);
#16173 = DIRECTION('',(1.,0.));
#16174 = ( GEOMETRIC_REPRESENTATION_CONTEXT(2) 
PARAMETRIC_REPRESENTATION_CONTEXT() REPRESENTATION_CONTEXT('2D SPACE',''
  ) );
#16175 = PCURVE('',#16056,#16176);
#16176 = DEFINITIONAL_REPRESENTATION('',(#16177),#16181);
#16177 = LINE('',#16178,#16179);
#16178 = CARTESIAN_POINT('',(0.,8.));
#16179 = VECTOR('',#16180,1.);
#16180 = DIRECTION('',(1.,0.));
#16181 = ( GEOMETRIC_REPRESENTATION_CONTEXT(2) 
PARAMETRIC_REPRESENTATION_CONTEXT() REPRESENTATION_CONTEXT('2D SPACE',''
  ) );
#16182 = ORIENTED_EDGE('',*,*,#16183,.T.);
#16183 = EDGE_CURVE('',#16154,#16184,#16186,.T.);
#16184 = VERTEX_POINT('',#16185);
#16185 = CARTESIAN_POINT('',(4.,30.,-17.5));
#16186 = SURFACE_CURVE('',#16187,(#16191,#16198),.PCURVE_S1.);
#16187 = LINE('',#16188,#16189);
#16188 = CARTESIAN_POINT('',(4.,-30.,-17.5));
#16189 = VECTOR('',#16190,1.);
#16190 = DIRECTION('',(-0.,1.,0.));
#16191 = PCURVE('',#16164,#16192);
#16192 = DEFINITIONAL_REPRESENTATION('',(#16193),#16197);
#16193 = LINE('',#16194,#16195);
#16194 = CARTESIAN_POINT('',(0.,0.));
#16195 = VECTOR('',#16196,1.);
#16196 = DIRECTION('',(0.,-1.));
#16197 = ( GEOMETRIC_REPRESENTATION_CONTEXT(2) 
PARAMETRIC_REPRESENTATION_CONTEXT() REPRESENTATION_CONTEXT('2D SPACE',''
  ) );
#16198 = PCURVE('',#16084,#16199);
#16199 = DEFINITIONAL_REPRESENTATION('',(#16200),#16204);
#16200 = LINE('',#16201,#16202);
#16201 = CARTESIAN_POINT('',(8.,0.));
#16202 = VECTOR('',#16203,1.);
#16203 = DIRECTION('',(0.,1.));
#16204 = ( GEOMETRIC_REPRESENTATION_CONTEXT(2) 
PARAMETRIC_REPRESENTATION_CONTEXT() REPRESENTATION_CONTEXT('2D SPACE',''
  ) );
#16205 = ORIENTED_EDGE('',*,*,#16206,.T.);
#16206 = EDGE_CURVE('',#16184,#16207,#16209,.T.);
#16207 = VERTEX_POINT('',#16208);
#16208 = CARTESIAN_POINT('',(4.,30.,17.5));
#16209 = SURFACE_CURVE('',#16210,(#16214,#16221),.PCURVE_S1.);
#16210 = LINE('',#16211,#16212);
#16211 = CARTESIAN_POINT('',(4.,30.,-17.5));
#16212 = VECTOR('',#16213,1.);
#16213 = DIRECTION('',(0.,0.,1.));
#16214 = PCURVE('',#16164,#16215);
#16215 = DEFINITIONAL_REPRESENTATION('',(#16216),#16220);
#16216 = LINE('',#16217,#16218);
#16217 = CARTESIAN_POINT('',(0.,-60.));
#16218 = VECTOR('',#16219,1.);
#16219 = DIRECTION('',(1.,0.));
#16220 = ( GEOMETRIC_REPRESENTATION_CONTEXT(2) 
PARAMETRIC_REPRESENTATION_CONTEXT() REPRESENTATION_CONTEXT('2D SPACE',''
  ) );
#16221 = PCURVE('',#16112,#16222);
#16222 = DEFINITIONAL_REPRESENTATION('',(#16223),#16227);
#16223 = LINE('',#16224,#16225);
#16224 = CARTESIAN_POINT('',(0.,8.));
#16225 = VECTOR('',#16226,1.);
#16226 = DIRECTION('',(1.,0.));
#16227 = ( GEOMETRIC_REPRESENTATION_CONTEXT(2) 
PARAMETRIC_REPRESENTATION_CONTEXT() REPRESENTATION_CONTEXT('2D SPACE',''
  ) );
#16228 = ORIENTED_EDGE('',*,*,#16229,.F.);
#16229 = EDGE_CURVE('',#16156,#16207,#16230,.T.);
#16230 = SURFACE_CURVE('',#16231,(#16235,#16242),.PCURVE_S1.);
#16231 = LINE('',#16232,#16233);
#16232 = CARTESIAN_POINT('',(4.,-30.,17.5));
#16233 = VECTOR('',#16234,1.);
#16234 = DIRECTION('',(-0.,1.,0.));
#16235 = PCURVE('',#16164,#16236);
#16236 = DEFINITIONAL_REPRESENTATION('',(#16237),#16241);
#16237 = LINE('',#16238,#16239);
#16238 = CARTESIAN_POINT('',(35.,0.));
#16239 = VECTOR('',#16240,1.);
#16240 = DIRECTION('',(0.,-1.));
#16241 = ( GEOMETRIC_REPRESENTATION_CONTEXT(2) 
PARAMETRIC_REPRESENTATION_CONTEXT() REPRESENTATION_CONTEXT('2D SPACE',''
  ) );
#16242 = PCURVE('',#16138,#16243);
#16243 = DEFINITIONAL_REPRESENTATION('',(#16244),#16248);
#16244 = LINE('',#16245,#16246);
#16245 = CARTESIAN_POINT('',(8.,0.));
#16246 = VECTOR('',#16247,1.);
#16247 = DIRECTION('',(0.,1.));
#16248 = ( GEOMETRIC_REPRESENTATION_CONTEXT(2) 
PARAMETRIC_REPRESENTATION_CONTEXT() REPRESENTATION_CONTEXT('2D SPACE',''
  ) );
#16249 = ADVANCED_FACE('',(#16250),#16056,.F.);
#16250 = FACE_BOUND('',#16251,.F.);
#16251 = EDGE_LOOP('',(#16252,#16273,#16274,#16295));
#16252 = ORIENTED_EDGE('',*,*,#16253,.F.);
#16253 = EDGE_CURVE('',#16034,#16154,#16254,.T.);
#16254 = SURFACE_CURVE('',#16255,(#16259,#16266),.PCURVE_S1.);
#16255 = LINE('',#16256,#16257);
#16256 = CARTESIAN_POINT('',(-4.,-30.,-17.5));
#16257 = VECTOR('',#16258,1.);
#16258 = DIRECTION('',(1.,0.,-0.));
#16259 = PCURVE('',#16056,#16260);
#16260 = DEFINITIONAL_REPRESENTATION('',(#16261),#16265);
#16261 = LINE('',#16262,#16263);
#16262 = CARTESIAN_POINT('',(0.,0.));
#16263 = VECTOR('',#16264,1.);
#16264 = DIRECTION('',(0.,1.));
#16265 = ( GEOMETRIC_REPRESENTATION_CONTEXT(2) 
PARAMETRIC_REPRESENTATION_CONTEXT() REPRESENTATION_CONTEXT('2D SPACE',''
  ) );
#16266 = PCURVE('',#16084,#16267);
#16267 = DEFINITIONAL_REPRESENTATION('',(#16268),#16272);
#16268 = LINE('',#16269,#16270);
#16269 = CARTESIAN_POINT('',(0.,0.));
#16270 = VECTOR('',#16271,1.);
#16271 = DIRECTION('',(1.,0.));
#16272 = ( GEOMETRIC_REPRESENTATION_CONTEXT(2) 
PARAMETRIC_REPRESENTATION_CONTEXT() REPRESENTATION_CONTEXT('2D SPACE',''
  ) );
#16273 = ORIENTED_EDGE('',*,*,#16033,.T.);
#16274 = ORIENTED_EDGE('',*,*,#16275,.T.);
#16275 = EDGE_CURVE('',#16036,#16156,#16276,.T.);
#16276 = SURFACE_CURVE('',#16277,(#16281,#16288),.PCURVE_S1.);
#16277 = LINE('',#16278,#16279);
#16278 = CARTESIAN_POINT('',(-4.,-30.,17.5));
#16279 = VECTOR('',#16280,1.);
#16280 = DIRECTION('',(1.,0.,-0.));
#16281 = PCURVE('',#16056,#16282);
#16282 = DEFINITIONAL_REPRESENTATION('',(#16283),#16287);
#16283 = LINE('',#16284,#16285);
#16284 = CARTESIAN_POINT('',(35.,0.));
#16285 = VECTOR('',#16286,1.);
#16286 = DIRECTION('',(0.,1.));
#16287 = ( GEOMETRIC_REPRESENTATION_CONTEXT(2) 
PARAMETRIC_REPRESENTATION_CONTEXT() REPRESENTATION_CONTEXT('2D SPACE',''
  ) );
#16288 = PCURVE('',#16138,#16289);
#16289 = DEFINITIONAL_REPRESENTATION('',(#16290),#16294);
#16290 = LINE('',#16291,#16292);
#16291 = CARTESIAN_POINT('',(0.,0.));
#16292 = VECTOR('',#16293,1.);
#16293 = DIRECTION('',(1.,0.));
#16294 = ( GEOMETRIC_REPRESENTATION_CONTEXT(2) 
PARAMETRIC_REPRESENTATION_CONTEXT() REPRESENTATION_CONTEXT('2D SPACE',''
  ) );
#16295 = ORIENTED_EDGE('',*,*,#16153,.F.);
#16296 = ADVANCED_FACE('',(#16297),#16112,.T.);
#16297 = FACE_BOUND('',#16298,.T.);
#16298 = EDGE_LOOP('',(#16299,#16320,#16321,#16342));
#16299 = ORIENTED_EDGE('',*,*,#16300,.F.);
#16300 = EDGE_CURVE('',#16069,#16184,#16301,.T.);
#16301 = SURFACE_CURVE('',#16302,(#16306,#16313),.PCURVE_S1.);
#16302 = LINE('',#16303,#16304);
#16303 = CARTESIAN_POINT('',(-4.,30.,-17.5));
#16304 = VECTOR('',#16305,1.);
#16305 = DIRECTION('',(1.,0.,-0.));
#16306 = PCURVE('',#16112,#16307);
#16307 = DEFINITIONAL_REPRESENTATION('',(#16308),#16312);
#16308 = LINE('',#16309,#16310);
#16309 = CARTESIAN_POINT('',(0.,0.));
#16310 = VECTOR('',#16311,1.);
#16311 = DIRECTION('',(0.,1.));
#16312 = ( GEOMETRIC_REPRESENTATION_CONTEXT(2) 
PARAMETRIC_REPRESENTATION_CONTEXT() REPRESENTATION_CONTEXT('2D SPACE',''
  ) );
#16313 = PCURVE('',#16084,#16314);
#16314 = DEFINITIONAL_REPRESENTATION('',(#16315),#16319);
#16315 = LINE('',#16316,#16317);
#16316 = CARTESIAN_POINT('',(0.,60.));
#16317 = VECTOR('',#16318,1.);
#16318 = DIRECTION('',(1.,0.));
#16319 = ( GEOMETRIC_REPRESENTATION_CONTEXT(2) 
PARAMETRIC_REPRESENTATION_CONTEXT() REPRESENTATION_CONTEXT('2D SPACE',''
  ) );
#16320 = ORIENTED_EDGE('',*,*,#16096,.T.);
#16321 = ORIENTED_EDGE('',*,*,#16322,.T.);
#16322 = EDGE_CURVE('',#16097,#16207,#16323,.T.);
#16323 = SURFACE_CURVE('',#16324,(#16328,#16335),.PCURVE_S1.);
#16324 = LINE('',#16325,#16326);
#16325 = CARTESIAN_POINT('',(-4.,30.,17.5));
#16326 = VECTOR('',#16327,1.);
#16327 = DIRECTION('',(1.,0.,-0.));
#16328 = PCURVE('',#16112,#16329);
#16329 = DEFINITIONAL_REPRESENTATION('',(#16330),#16334);
#16330 = LINE('',#16331,#16332);
#16331 = CARTESIAN_POINT('',(35.,0.));
#16332 = VECTOR('',#16333,1.);
#16333 = DIRECTION('',(0.,1.));
#16334 = ( GEOMETRIC_REPRESENTATION_CONTEXT(2) 
PARAMETRIC_REPRESENTATION_CONTEXT() REPRESENTATION_CONTEXT('2D SPACE',''
  ) );
#16335 = PCURVE('',#16138,#16336);
#16336 = DEFINITIONAL_REPRESENTATION('',(#16337),#16341);
#16337 = LINE('',#16338,#16339);
#16338 = CARTESIAN_POINT('',(0.,60.));
#16339 = VECTOR('',#16340,1.);
#16340 = DIRECTION('',(1.,0.));
#16341 = ( GEOMETRIC_REPRESENTATION_CONTEXT(2) 
PARAMETRIC_REPRESENTATION_CONTEXT() REPRESENTATION_CONTEXT('2D SPACE',''
  ) );
#16342 = ORIENTED_EDGE('',*,*,#16206,.F.);
#16343 = ADVANCED_FACE('',(#16344),#16084,.F.);
#16344 = FACE_BOUND('',#16345,.F.);
#16345 = EDGE_LOOP('',(#16346,#16347,#16348,#16349));
#16346 = ORIENTED_EDGE('',*,*,#16068,.F.);
#16347 = ORIENTED_EDGE('',*,*,#16253,.T.);
#16348 = ORIENTED_EDGE('',*,*,#16183,.T.);
#16349 = ORIENTED_EDGE('',*,*,#16300,.F.);
#16350 = ADVANCED_FACE('',(#16351),#16138,.T.);
#16351 = FACE_BOUND('',#16352,.T.);
#16352 = EDGE_LOOP('',(#16353,#16354,#16355,#16356));
#16353 = ORIENTED_EDGE('',*,*,#16124,.F.);
#16354 = ORIENTED_EDGE('',*,*,#16275,.T.);
#16355 = ORIENTED_EDGE('',*,*,#16229,.T.);
#16356 = ORIENTED_EDGE('',*,*,#16322,.F.);
#16357 = ( GEOMETRIC_REPRESENTATION_CONTEXT(3) 
GLOBAL_UNCERTAINTY_ASSIGNED_CONTEXT((#16361)) 
GLOBAL_UNIT_ASSIGNED_CONTEXT((#16358,#16359,#16360)) 
REPRESENTATION_CONTEXT('Context #1',
  '3D Context with UNIT and UNCERTAINTY') );
#16358 = ( LENGTH_UNIT() NAMED_UNIT(*) SI_UNIT(.MILLI.,.METRE.) );
#16359 = ( NAMED_UNIT(*) PLANE_ANGLE_UNIT() SI_UNIT($,.RADIAN.) );
#16360 = ( NAMED_UNIT(*) SI_UNIT($,.STERADIAN.) SOLID_ANGLE_UNIT() );
#16361 = UNCERTAINTY_MEASURE_WITH_UNIT(LENGTH_MEASURE(1.E-07),#16358,
  'distance_accuracy_value','confusion accuracy');
#16362 = CONTEXT_DEPENDENT_SHAPE_REPRESENTATION(#16363,#16365);
#16363 = ( REPRESENTATION_RELATIONSHIP('','',#16026,#15638) 
REPRESENTATION_RELATIONSHIP_WITH_TRANSFORMATION(#16364) 
SHAPE_REPRESENTATION_RELATIONSHIP() );
#16364 = ITEM_DEFINED_TRANSFORMATION('','',#11,#15643);
#16365 = PRODUCT_DEFINITION_SHAPE('Placement','Placement of an item',
  #16366);
#16366 = NEXT_ASSEMBLY_USAGE_OCCURRENCE('240','=>[0:1:1:120]','',#15633,
  #16021,$);
#16367 = PRODUCT_RELATED_PRODUCT_CATEGORY('part',$,(#16023));
#16368 = SHAPE_DEFINITION_REPRESENTATION(#16369,#16375);
#16369 = PRODUCT_DEFINITION_SHAPE('','',#16370);
#16370 = PRODUCT_DEFINITION('design','',#16371,#16374);
#16371 = PRODUCT_DEFINITION_FORMATION('','',#16372);
#16372 = PRODUCT('COMPOUND','COMPOUND','',(#16373));
#16373 = PRODUCT_CONTEXT('',#2,'mechanical');
#16374 = PRODUCT_DEFINITION_CONTEXT('part definition',#2,'design');
#16375 = ADVANCED_BREP_SHAPE_REPRESENTATION('',(#11,#16376),#16474);
#16376 = MANIFOLD_SOLID_BREP('',#16377);
#16377 = CLOSED_SHELL('',(#16378,#16466,#16470));
#16378 = ADVANCED_FACE('',(#16379),#16392,.T.);
#16379 = FACE_BOUND('',#16380,.T.);
#16380 = EDGE_LOOP('',(#16381,#16415,#16438,#16465));
#16381 = ORIENTED_EDGE('',*,*,#16382,.F.);
#16382 = EDGE_CURVE('',#16383,#16383,#16385,.T.);
#16383 = VERTEX_POINT('',#16384);
#16384 = CARTESIAN_POINT('',(22.,-5.388445916248E-15,8.));
#16385 = SURFACE_CURVE('',#16386,(#16391,#16403),.PCURVE_S1.);
#16386 = CIRCLE('',#16387,22.);
#16387 = AXIS2_PLACEMENT_3D('',#16388,#16389,#16390);
#16388 = CARTESIAN_POINT('',(0.,0.,8.));
#16389 = DIRECTION('',(0.,0.,1.));
#16390 = DIRECTION('',(1.,0.,-0.));
#16391 = PCURVE('',#16392,#16397);
#16392 = CYLINDRICAL_SURFACE('',#16393,22.);
#16393 = AXIS2_PLACEMENT_3D('',#16394,#16395,#16396);
#16394 = CARTESIAN_POINT('',(0.,0.,-8.));
#16395 = DIRECTION('',(0.,0.,1.));
#16396 = DIRECTION('',(1.,0.,-0.));
#16397 = DEFINITIONAL_REPRESENTATION('',(#16398),#16402);
#16398 = LINE('',#16399,#16400);
#16399 = CARTESIAN_POINT('',(0.,16.));
#16400 = VECTOR('',#16401,1.);
#16401 = DIRECTION('',(1.,0.));
#16402 = ( GEOMETRIC_REPRESENTATION_CONTEXT(2) 
PARAMETRIC_REPRESENTATION_CONTEXT() REPRESENTATION_CONTEXT('2D SPACE',''
  ) );
#16403 = PCURVE('',#16404,#16409);
#16404 = PLANE('',#16405);
#16405 = AXIS2_PLACEMENT_3D('',#16406,#16407,#16408);
#16406 = CARTESIAN_POINT('',(0.,0.,8.));
#16407 = DIRECTION('',(0.,0.,1.));
#16408 = DIRECTION('',(1.,0.,-0.));
#16409 = DEFINITIONAL_REPRESENTATION('',(#16410),#16414);
#16410 = CIRCLE('',#16411,22.);
#16411 = AXIS2_PLACEMENT_2D('',#16412,#16413);
#16412 = CARTESIAN_POINT('',(0.,0.));
#16413 = DIRECTION('',(1.,0.));
#16414 = ( GEOMETRIC_REPRESENTATION_CONTEXT(2) 
PARAMETRIC_REPRESENTATION_CONTEXT() REPRESENTATION_CONTEXT('2D SPACE',''
  ) );
#16415 = ORIENTED_EDGE('',*,*,#16416,.F.);
#16416 = EDGE_CURVE('',#16417,#16383,#16419,.T.);
#16417 = VERTEX_POINT('',#16418);
#16418 = CARTESIAN_POINT('',(22.,-5.388445916248E-15,-8.));
#16419 = SEAM_CURVE('',#16420,(#16424,#16431),.PCURVE_S1.);
#16420 = LINE('',#16421,#16422);
#16421 = CARTESIAN_POINT('',(22.,-5.388445916248E-15,-8.));
#16422 = VECTOR('',#16423,1.);
#16423 = DIRECTION('',(0.,0.,1.));
#16424 = PCURVE('',#16392,#16425);
#16425 = DEFINITIONAL_REPRESENTATION('',(#16426),#16430);
#16426 = LINE('',#16427,#16428);
#16427 = CARTESIAN_POINT('',(6.28318530718,-0.));
#16428 = VECTOR('',#16429,1.);
#16429 = DIRECTION('',(0.,1.));
#16430 = ( GEOMETRIC_REPRESENTATION_CONTEXT(2) 
PARAMETRIC_REPRESENTATION_CONTEXT() REPRESENTATION_CONTEXT('2D SPACE',''
  ) );
#16431 = PCURVE('',#16392,#16432);
#16432 = DEFINITIONAL_REPRESENTATION('',(#16433),#16437);
#16433 = LINE('',#16434,#16435);
#16434 = CARTESIAN_POINT('',(0.,-0.));
#16435 = VECTOR('',#16436,1.);
#16436 = DIRECTION('',(0.,1.));
#16437 = ( GEOMETRIC_REPRESENTATION_CONTEXT(2) 
PARAMETRIC_REPRESENTATION_CONTEXT() REPRESENTATION_CONTEXT('2D SPACE',''
  ) );
#16438 = ORIENTED_EDGE('',*,*,#16439,.T.);
#16439 = EDGE_CURVE('',#16417,#16417,#16440,.T.);
#16440 = SURFACE_CURVE('',#16441,(#16446,#16453),.PCURVE_S1.);
#16441 = CIRCLE('',#16442,22.);
#16442 = AXIS2_PLACEMENT_3D('',#16443,#16444,#16445);
#16443 = CARTESIAN_POINT('',(0.,0.,-8.));
#16444 = DIRECTION('',(0.,0.,1.));
#16445 = DIRECTION('',(1.,0.,-0.));
#16446 = PCURVE('',#16392,#16447);
#16447 = DEFINITIONAL_REPRESENTATION('',(#16448),#16452);
#16448 = LINE('',#16449,#16450);
#16449 = CARTESIAN_POINT('',(0.,0.));
#16450 = VECTOR('',#16451,1.);
#16451 = DIRECTION('',(1.,0.));
#16452 = ( GEOMETRIC_REPRESENTATION_CONTEXT(2) 
PARAMETRIC_REPRESENTATION_CONTEXT() REPRESENTATION_CONTEXT('2D SPACE',''
  ) );
#16453 = PCURVE('',#16454,#16459);
#16454 = PLANE('',#16455);
#16455 = AXIS2_PLACEMENT_3D('',#16456,#16457,#16458);
#16456 = CARTESIAN_POINT('',(0.,0.,-8.));
#16457 = DIRECTION('',(0.,0.,1.));
#16458 = DIRECTION('',(1.,0.,-0.));
#16459 = DEFINITIONAL_REPRESENTATION('',(#16460),#16464);
#16460 = CIRCLE('',#16461,22.);
#16461 = AXIS2_PLACEMENT_2D('',#16462,#16463);
#16462 = CARTESIAN_POINT('',(0.,0.));
#16463 = DIRECTION('',(1.,0.));
#16464 = ( GEOMETRIC_REPRESENTATION_CONTEXT(2) 
PARAMETRIC_REPRESENTATION_CONTEXT() REPRESENTATION_CONTEXT('2D SPACE',''
  ) );
#16465 = ORIENTED_EDGE('',*,*,#16416,.T.);
#16466 = ADVANCED_FACE('',(#16467),#16404,.T.);
#16467 = FACE_BOUND('',#16468,.T.);
#16468 = EDGE_LOOP('',(#16469));
#16469 = ORIENTED_EDGE('',*,*,#16382,.T.);
#16470 = ADVANCED_FACE('',(#16471),#16454,.F.);
#16471 = FACE_BOUND('',#16472,.T.);
#16472 = EDGE_LOOP('',(#16473));
#16473 = ORIENTED_EDGE('',*,*,#16439,.F.);
#16474 = ( GEOMETRIC_REPRESENTATION_CONTEXT(3) 
GLOBAL_UNCERTAINTY_ASSIGNED_CONTEXT((#16478)) 
GLOBAL_UNIT_ASSIGNED_CONTEXT((#16475,#16476,#16477)) 
REPRESENTATION_CONTEXT('Context #1',
  '3D Context with UNIT and UNCERTAINTY') );
#16475 = ( LENGTH_UNIT() NAMED_UNIT(*) SI_UNIT(.MILLI.,.METRE.) );
#16476 = ( NAMED_UNIT(*) PLANE_ANGLE_UNIT() SI_UNIT($,.RADIAN.) );
#16477 = ( NAMED_UNIT(*) SI_UNIT($,.STERADIAN.) SOLID_ANGLE_UNIT() );
#16478 = UNCERTAINTY_MEASURE_WITH_UNIT(LENGTH_MEASURE(1.E-07),#16475,
  'distance_accuracy_value','confusion accuracy');
#16479 = CONTEXT_DEPENDENT_SHAPE_REPRESENTATION(#16480,#16482);
#16480 = ( REPRESENTATION_RELATIONSHIP('','',#16375,#15638) 
REPRESENTATION_RELATIONSHIP_WITH_TRANSFORMATION(#16481) 
SHAPE_REPRESENTATION_RELATIONSHIP() );
#16481 = ITEM_DEFINED_TRANSFORMATION('','',#11,#15647);
#16482 = PRODUCT_DEFINITION_SHAPE('Placement','Placement of an item',
  #16483);
#16483 = NEXT_ASSEMBLY_USAGE_OCCURRENCE('241','=>[0:1:1:121]','',#15633,
  #16370,$);
#16484 = PRODUCT_RELATED_PRODUCT_CATEGORY('part',$,(#16372));
#16485 = SHAPE_DEFINITION_REPRESENTATION(#16486,#16492);
#16486 = PRODUCT_DEFINITION_SHAPE('','',#16487);
#16487 = PRODUCT_DEFINITION('design','',#16488,#16491);
#16488 = PRODUCT_DEFINITION_FORMATION('','',#16489);
#16489 = PRODUCT('COMPOUND','COMPOUND','',(#16490));
#16490 = PRODUCT_CONTEXT('',#2,'mechanical');
#16491 = PRODUCT_DEFINITION_CONTEXT('part definition',#2,'design');
#16492 = ADVANCED_BREP_SHAPE_REPRESENTATION('',(#11,#16493),#16823);
#16493 = MANIFOLD_SOLID_BREP('',#16494);
#16494 = CLOSED_SHELL('',(#16495,#16615,#16715,#16762,#16809,#16816));
#16495 = ADVANCED_FACE('',(#16496),#16510,.F.);
#16496 = FACE_BOUND('',#16497,.F.);
#16497 = EDGE_LOOP('',(#16498,#16533,#16561,#16589));
#16498 = ORIENTED_EDGE('',*,*,#16499,.F.);
#16499 = EDGE_CURVE('',#16500,#16502,#16504,.T.);
#16500 = VERTEX_POINT('',#16501);
#16501 = CARTESIAN_POINT('',(-25.,-5.,-10.));
#16502 = VERTEX_POINT('',#16503);
#16503 = CARTESIAN_POINT('',(-25.,-5.,10.));
#16504 = SURFACE_CURVE('',#16505,(#16509,#16521),.PCURVE_S1.);
#16505 = LINE('',#16506,#16507);
#16506 = CARTESIAN_POINT('',(-25.,-5.,-10.));
#16507 = VECTOR('',#16508,1.);
#16508 = DIRECTION('',(0.,0.,1.));
#16509 = PCURVE('',#16510,#16515);
#16510 = PLANE('',#16511);
#16511 = AXIS2_PLACEMENT_3D('',#16512,#16513,#16514);
#16512 = CARTESIAN_POINT('',(-25.,-5.,-10.));
#16513 = DIRECTION('',(1.,0.,-0.));
#16514 = DIRECTION('',(0.,0.,1.));
#16515 = DEFINITIONAL_REPRESENTATION('',(#16516),#16520);
#16516 = LINE('',#16517,#16518);
#16517 = CARTESIAN_POINT('',(0.,0.));
#16518 = VECTOR('',#16519,1.);
#16519 = DIRECTION('',(1.,0.));
#16520 = ( GEOMETRIC_REPRESENTATION_CONTEXT(2) 
PARAMETRIC_REPRESENTATION_CONTEXT() REPRESENTATION_CONTEXT('2D SPACE',''
  ) );
#16521 = PCURVE('',#16522,#16527);
#16522 = PLANE('',#16523);
#16523 = AXIS2_PLACEMENT_3D('',#16524,#16525,#16526);
#16524 = CARTESIAN_POINT('',(-25.,-5.,-10.));
#16525 = DIRECTION('',(-0.,1.,0.));
#16526 = DIRECTION('',(0.,0.,1.));
#16527 = DEFINITIONAL_REPRESENTATION('',(#16528),#16532);
#16528 = LINE('',#16529,#16530);
#16529 = CARTESIAN_POINT('',(0.,0.));
#16530 = VECTOR('',#16531,1.);
#16531 = DIRECTION('',(1.,0.));
#16532 = ( GEOMETRIC_REPRESENTATION_CONTEXT(2) 
PARAMETRIC_REPRESENTATION_CONTEXT() REPRESENTATION_CONTEXT('2D SPACE',''
  ) );
#16533 = ORIENTED_EDGE('',*,*,#16534,.T.);
#16534 = EDGE_CURVE('',#16500,#16535,#16537,.T.);
#16535 = VERTEX_POINT('',#16536);
#16536 = CARTESIAN_POINT('',(-25.,5.,-10.));
#16537 = SURFACE_CURVE('',#16538,(#16542,#16549),.PCURVE_S1.);
#16538 = LINE('',#16539,#16540);
#16539 = CARTESIAN_POINT('',(-25.,-5.,-10.));
#16540 = VECTOR('',#16541,1.);
#16541 = DIRECTION('',(-0.,1.,0.));
#16542 = PCURVE('',#16510,#16543);
#16543 = DEFINITIONAL_REPRESENTATION('',(#16544),#16548);
#16544 = LINE('',#16545,#16546);
#16545 = CARTESIAN_POINT('',(0.,0.));
#16546 = VECTOR('',#16547,1.);
#16547 = DIRECTION('',(0.,-1.));
#16548 = ( GEOMETRIC_REPRESENTATION_CONTEXT(2) 
PARAMETRIC_REPRESENTATION_CONTEXT() REPRESENTATION_CONTEXT('2D SPACE',''
  ) );
#16549 = PCURVE('',#16550,#16555);
#16550 = PLANE('',#16551);
#16551 = AXIS2_PLACEMENT_3D('',#16552,#16553,#16554);
#16552 = CARTESIAN_POINT('',(-25.,-5.,-10.));
#16553 = DIRECTION('',(0.,0.,1.));
#16554 = DIRECTION('',(1.,0.,-0.));
#16555 = DEFINITIONAL_REPRESENTATION('',(#16556),#16560);
#16556 = LINE('',#16557,#16558);
#16557 = CARTESIAN_POINT('',(0.,0.));
#16558 = VECTOR('',#16559,1.);
#16559 = DIRECTION('',(0.,1.));
#16560 = ( GEOMETRIC_REPRESENTATION_CONTEXT(2) 
PARAMETRIC_REPRESENTATION_CONTEXT() REPRESENTATION_CONTEXT('2D SPACE',''
  ) );
#16561 = ORIENTED_EDGE('',*,*,#16562,.T.);
#16562 = EDGE_CURVE('',#16535,#16563,#16565,.T.);
#16563 = VERTEX_POINT('',#16564);
#16564 = CARTESIAN_POINT('',(-25.,5.,10.));
#16565 = SURFACE_CURVE('',#16566,(#16570,#16577),.PCURVE_S1.);
#16566 = LINE('',#16567,#16568);
#16567 = CARTESIAN_POINT('',(-25.,5.,-10.));
#16568 = VECTOR('',#16569,1.);
#16569 = DIRECTION('',(0.,0.,1.));
#16570 = PCURVE('',#16510,#16571);
#16571 = DEFINITIONAL_REPRESENTATION('',(#16572),#16576);
#16572 = LINE('',#16573,#16574);
#16573 = CARTESIAN_POINT('',(0.,-10.));
#16574 = VECTOR('',#16575,1.);
#16575 = DIRECTION('',(1.,0.));
#16576 = ( GEOMETRIC_REPRESENTATION_CONTEXT(2) 
PARAMETRIC_REPRESENTATION_CONTEXT() REPRESENTATION_CONTEXT('2D SPACE',''
  ) );
#16577 = PCURVE('',#16578,#16583);
#16578 = PLANE('',#16579);
#16579 = AXIS2_PLACEMENT_3D('',#16580,#16581,#16582);
#16580 = CARTESIAN_POINT('',(-25.,5.,-10.));
#16581 = DIRECTION('',(-0.,1.,0.));
#16582 = DIRECTION('',(0.,0.,1.));
#16583 = DEFINITIONAL_REPRESENTATION('',(#16584),#16588);
#16584 = LINE('',#16585,#16586);
#16585 = CARTESIAN_POINT('',(0.,0.));
#16586 = VECTOR('',#16587,1.);
#16587 = DIRECTION('',(1.,0.));
#16588 = ( GEOMETRIC_REPRESENTATION_CONTEXT(2) 
PARAMETRIC_REPRESENTATION_CONTEXT() REPRESENTATION_CONTEXT('2D SPACE',''
  ) );
#16589 = ORIENTED_EDGE('',*,*,#16590,.F.);
#16590 = EDGE_CURVE('',#16502,#16563,#16591,.T.);
#16591 = SURFACE_CURVE('',#16592,(#16596,#16603),.PCURVE_S1.);
#16592 = LINE('',#16593,#16594);
#16593 = CARTESIAN_POINT('',(-25.,-5.,10.));
#16594 = VECTOR('',#16595,1.);
#16595 = DIRECTION('',(-0.,1.,0.));
#16596 = PCURVE('',#16510,#16597);
#16597 = DEFINITIONAL_REPRESENTATION('',(#16598),#16602);
#16598 = LINE('',#16599,#16600);
#16599 = CARTESIAN_POINT('',(20.,0.));
#16600 = VECTOR('',#16601,1.);
#16601 = DIRECTION('',(0.,-1.));
#16602 = ( GEOMETRIC_REPRESENTATION_CONTEXT(2) 
PARAMETRIC_REPRESENTATION_CONTEXT() REPRESENTATION_CONTEXT('2D SPACE',''
  ) );
#16603 = PCURVE('',#16604,#16609);
#16604 = PLANE('',#16605);
#16605 = AXIS2_PLACEMENT_3D('',#16606,#16607,#16608);
#16606 = CARTESIAN_POINT('',(-25.,-5.,10.));
#16607 = DIRECTION('',(0.,0.,1.));
#16608 = DIRECTION('',(1.,0.,-0.));
#16609 = DEFINITIONAL_REPRESENTATION('',(#16610),#16614);
#16610 = LINE('',#16611,#16612);
#16611 = CARTESIAN_POINT('',(0.,0.));
#16612 = VECTOR('',#16613,1.);
#16613 = DIRECTION('',(0.,1.));
#16614 = ( GEOMETRIC_REPRESENTATION_CONTEXT(2) 
PARAMETRIC_REPRESENTATION_CONTEXT() REPRESENTATION_CONTEXT('2D SPACE',''
  ) );
#16615 = ADVANCED_FACE('',(#16616),#16630,.T.);
#16616 = FACE_BOUND('',#16617,.T.);
#16617 = EDGE_LOOP('',(#16618,#16648,#16671,#16694));
#16618 = ORIENTED_EDGE('',*,*,#16619,.F.);
#16619 = EDGE_CURVE('',#16620,#16622,#16624,.T.);
#16620 = VERTEX_POINT('',#16621);
#16621 = CARTESIAN_POINT('',(25.,-5.,-10.));
#16622 = VERTEX_POINT('',#16623);
#16623 = CARTESIAN_POINT('',(25.,-5.,10.));
#16624 = SURFACE_CURVE('',#16625,(#16629,#16641),.PCURVE_S1.);
#16625 = LINE('',#16626,#16627);
#16626 = CARTESIAN_POINT('',(25.,-5.,-10.));
#16627 = VECTOR('',#16628,1.);
#16628 = DIRECTION('',(0.,0.,1.));
#16629 = PCURVE('',#16630,#16635);
#16630 = PLANE('',#16631);
#16631 = AXIS2_PLACEMENT_3D('',#16632,#16633,#16634);
#16632 = CARTESIAN_POINT('',(25.,-5.,-10.));
#16633 = DIRECTION('',(1.,0.,-0.));
#16634 = DIRECTION('',(0.,0.,1.));
#16635 = DEFINITIONAL_REPRESENTATION('',(#16636),#16640);
#16636 = LINE('',#16637,#16638);
#16637 = CARTESIAN_POINT('',(0.,0.));
#16638 = VECTOR('',#16639,1.);
#16639 = DIRECTION('',(1.,0.));
#16640 = ( GEOMETRIC_REPRESENTATION_CONTEXT(2) 
PARAMETRIC_REPRESENTATION_CONTEXT() REPRESENTATION_CONTEXT('2D SPACE',''
  ) );
#16641 = PCURVE('',#16522,#16642);
#16642 = DEFINITIONAL_REPRESENTATION('',(#16643),#16647);
#16643 = LINE('',#16644,#16645);
#16644 = CARTESIAN_POINT('',(0.,50.));
#16645 = VECTOR('',#16646,1.);
#16646 = DIRECTION('',(1.,0.));
#16647 = ( GEOMETRIC_REPRESENTATION_CONTEXT(2) 
PARAMETRIC_REPRESENTATION_CONTEXT() REPRESENTATION_CONTEXT('2D SPACE',''
  ) );
#16648 = ORIENTED_EDGE('',*,*,#16649,.T.);
#16649 = EDGE_CURVE('',#16620,#16650,#16652,.T.);
#16650 = VERTEX_POINT('',#16651);
#16651 = CARTESIAN_POINT('',(25.,5.,-10.));
#16652 = SURFACE_CURVE('',#16653,(#16657,#16664),.PCURVE_S1.);
#16653 = LINE('',#16654,#16655);
#16654 = CARTESIAN_POINT('',(25.,-5.,-10.));
#16655 = VECTOR('',#16656,1.);
#16656 = DIRECTION('',(-0.,1.,0.));
#16657 = PCURVE('',#16630,#16658);
#16658 = DEFINITIONAL_REPRESENTATION('',(#16659),#16663);
#16659 = LINE('',#16660,#16661);
#16660 = CARTESIAN_POINT('',(0.,0.));
#16661 = VECTOR('',#16662,1.);
#16662 = DIRECTION('',(0.,-1.));
#16663 = ( GEOMETRIC_REPRESENTATION_CONTEXT(2) 
PARAMETRIC_REPRESENTATION_CONTEXT() REPRESENTATION_CONTEXT('2D SPACE',''
  ) );
#16664 = PCURVE('',#16550,#16665);
#16665 = DEFINITIONAL_REPRESENTATION('',(#16666),#16670);
#16666 = LINE('',#16667,#16668);
#16667 = CARTESIAN_POINT('',(50.,0.));
#16668 = VECTOR('',#16669,1.);
#16669 = DIRECTION('',(0.,1.));
#16670 = ( GEOMETRIC_REPRESENTATION_CONTEXT(2) 
PARAMETRIC_REPRESENTATION_CONTEXT() REPRESENTATION_CONTEXT('2D SPACE',''
  ) );
#16671 = ORIENTED_EDGE('',*,*,#16672,.T.);
#16672 = EDGE_CURVE('',#16650,#16673,#16675,.T.);
#16673 = VERTEX_POINT('',#16674);
#16674 = CARTESIAN_POINT('',(25.,5.,10.));
#16675 = SURFACE_CURVE('',#16676,(#16680,#16687),.PCURVE_S1.);
#16676 = LINE('',#16677,#16678);
#16677 = CARTESIAN_POINT('',(25.,5.,-10.));
#16678 = VECTOR('',#16679,1.);
#16679 = DIRECTION('',(0.,0.,1.));
#16680 = PCURVE('',#16630,#16681);
#16681 = DEFINITIONAL_REPRESENTATION('',(#16682),#16686);
#16682 = LINE('',#16683,#16684);
#16683 = CARTESIAN_POINT('',(0.,-10.));
#16684 = VECTOR('',#16685,1.);
#16685 = DIRECTION('',(1.,0.));
#16686 = ( GEOMETRIC_REPRESENTATION_CONTEXT(2) 
PARAMETRIC_REPRESENTATION_CONTEXT() REPRESENTATION_CONTEXT('2D SPACE',''
  ) );
#16687 = PCURVE('',#16578,#16688);
#16688 = DEFINITIONAL_REPRESENTATION('',(#16689),#16693);
#16689 = LINE('',#16690,#16691);
#16690 = CARTESIAN_POINT('',(0.,50.));
#16691 = VECTOR('',#16692,1.);
#16692 = DIRECTION('',(1.,0.));
#16693 = ( GEOMETRIC_REPRESENTATION_CONTEXT(2) 
PARAMETRIC_REPRESENTATION_CONTEXT() REPRESENTATION_CONTEXT('2D SPACE',''
  ) );
#16694 = ORIENTED_EDGE('',*,*,#16695,.F.);
#16695 = EDGE_CURVE('',#16622,#16673,#16696,.T.);
#16696 = SURFACE_CURVE('',#16697,(#16701,#16708),.PCURVE_S1.);
#16697 = LINE('',#16698,#16699);
#16698 = CARTESIAN_POINT('',(25.,-5.,10.));
#16699 = VECTOR('',#16700,1.);
#16700 = DIRECTION('',(-0.,1.,0.));
#16701 = PCURVE('',#16630,#16702);
#16702 = DEFINITIONAL_REPRESENTATION('',(#16703),#16707);
#16703 = LINE('',#16704,#16705);
#16704 = CARTESIAN_POINT('',(20.,0.));
#16705 = VECTOR('',#16706,1.);
#16706 = DIRECTION('',(0.,-1.));
#16707 = ( GEOMETRIC_REPRESENTATION_CONTEXT(2) 
PARAMETRIC_REPRESENTATION_CONTEXT() REPRESENTATION_CONTEXT('2D SPACE',''
  ) );
#16708 = PCURVE('',#16604,#16709);
#16709 = DEFINITIONAL_REPRESENTATION('',(#16710),#16714);
#16710 = LINE('',#16711,#16712);
#16711 = CARTESIAN_POINT('',(50.,0.));
#16712 = VECTOR('',#16713,1.);
#16713 = DIRECTION('',(0.,1.));
#16714 = ( GEOMETRIC_REPRESENTATION_CONTEXT(2) 
PARAMETRIC_REPRESENTATION_CONTEXT() REPRESENTATION_CONTEXT('2D SPACE',''
  ) );
#16715 = ADVANCED_FACE('',(#16716),#16522,.F.);
#16716 = FACE_BOUND('',#16717,.F.);
#16717 = EDGE_LOOP('',(#16718,#16739,#16740,#16761));
#16718 = ORIENTED_EDGE('',*,*,#16719,.F.);
#16719 = EDGE_CURVE('',#16500,#16620,#16720,.T.);
#16720 = SURFACE_CURVE('',#16721,(#16725,#16732),.PCURVE_S1.);
#16721 = LINE('',#16722,#16723);
#16722 = CARTESIAN_POINT('',(-25.,-5.,-10.));
#16723 = VECTOR('',#16724,1.);
#16724 = DIRECTION('',(1.,0.,-0.));
#16725 = PCURVE('',#16522,#16726);
#16726 = DEFINITIONAL_REPRESENTATION('',(#16727),#16731);
#16727 = LINE('',#16728,#16729);
#16728 = CARTESIAN_POINT('',(0.,0.));
#16729 = VECTOR('',#16730,1.);
#16730 = DIRECTION('',(0.,1.));
#16731 = ( GEOMETRIC_REPRESENTATION_CONTEXT(2) 
PARAMETRIC_REPRESENTATION_CONTEXT() REPRESENTATION_CONTEXT('2D SPACE',''
  ) );
#16732 = PCURVE('',#16550,#16733);
#16733 = DEFINITIONAL_REPRESENTATION('',(#16734),#16738);
#16734 = LINE('',#16735,#16736);
#16735 = CARTESIAN_POINT('',(0.,0.));
#16736 = VECTOR('',#16737,1.);
#16737 = DIRECTION('',(1.,0.));
#16738 = ( GEOMETRIC_REPRESENTATION_CONTEXT(2) 
PARAMETRIC_REPRESENTATION_CONTEXT() REPRESENTATION_CONTEXT('2D SPACE',''
  ) );
#16739 = ORIENTED_EDGE('',*,*,#16499,.T.);
#16740 = ORIENTED_EDGE('',*,*,#16741,.T.);
#16741 = EDGE_CURVE('',#16502,#16622,#16742,.T.);
#16742 = SURFACE_CURVE('',#16743,(#16747,#16754),.PCURVE_S1.);
#16743 = LINE('',#16744,#16745);
#16744 = CARTESIAN_POINT('',(-25.,-5.,10.));
#16745 = VECTOR('',#16746,1.);
#16746 = DIRECTION('',(1.,0.,-0.));
#16747 = PCURVE('',#16522,#16748);
#16748 = DEFINITIONAL_REPRESENTATION('',(#16749),#16753);
#16749 = LINE('',#16750,#16751);
#16750 = CARTESIAN_POINT('',(20.,0.));
#16751 = VECTOR('',#16752,1.);
#16752 = DIRECTION('',(0.,1.));
#16753 = ( GEOMETRIC_REPRESENTATION_CONTEXT(2) 
PARAMETRIC_REPRESENTATION_CONTEXT() REPRESENTATION_CONTEXT('2D SPACE',''
  ) );
#16754 = PCURVE('',#16604,#16755);
#16755 = DEFINITIONAL_REPRESENTATION('',(#16756),#16760);
#16756 = LINE('',#16757,#16758);
#16757 = CARTESIAN_POINT('',(0.,0.));
#16758 = VECTOR('',#16759,1.);
#16759 = DIRECTION('',(1.,0.));
#16760 = ( GEOMETRIC_REPRESENTATION_CONTEXT(2) 
PARAMETRIC_REPRESENTATION_CONTEXT() REPRESENTATION_CONTEXT('2D SPACE',''
  ) );
#16761 = ORIENTED_EDGE('',*,*,#16619,.F.);
#16762 = ADVANCED_FACE('',(#16763),#16578,.T.);
#16763 = FACE_BOUND('',#16764,.T.);
#16764 = EDGE_LOOP('',(#16765,#16786,#16787,#16808));
#16765 = ORIENTED_EDGE('',*,*,#16766,.F.);
#16766 = EDGE_CURVE('',#16535,#16650,#16767,.T.);
#16767 = SURFACE_CURVE('',#16768,(#16772,#16779),.PCURVE_S1.);
#16768 = LINE('',#16769,#16770);
#16769 = CARTESIAN_POINT('',(-25.,5.,-10.));
#16770 = VECTOR('',#16771,1.);
#16771 = DIRECTION('',(1.,0.,-0.));
#16772 = PCURVE('',#16578,#16773);
#16773 = DEFINITIONAL_REPRESENTATION('',(#16774),#16778);
#16774 = LINE('',#16775,#16776);
#16775 = CARTESIAN_POINT('',(0.,0.));
#16776 = VECTOR('',#16777,1.);
#16777 = DIRECTION('',(0.,1.));
#16778 = ( GEOMETRIC_REPRESENTATION_CONTEXT(2) 
PARAMETRIC_REPRESENTATION_CONTEXT() REPRESENTATION_CONTEXT('2D SPACE',''
  ) );
#16779 = PCURVE('',#16550,#16780);
#16780 = DEFINITIONAL_REPRESENTATION('',(#16781),#16785);
#16781 = LINE('',#16782,#16783);
#16782 = CARTESIAN_POINT('',(0.,10.));
#16783 = VECTOR('',#16784,1.);
#16784 = DIRECTION('',(1.,0.));
#16785 = ( GEOMETRIC_REPRESENTATION_CONTEXT(2) 
PARAMETRIC_REPRESENTATION_CONTEXT() REPRESENTATION_CONTEXT('2D SPACE',''
  ) );
#16786 = ORIENTED_EDGE('',*,*,#16562,.T.);
#16787 = ORIENTED_EDGE('',*,*,#16788,.T.);
#16788 = EDGE_CURVE('',#16563,#16673,#16789,.T.);
#16789 = SURFACE_CURVE('',#16790,(#16794,#16801),.PCURVE_S1.);
#16790 = LINE('',#16791,#16792);
#16791 = CARTESIAN_POINT('',(-25.,5.,10.));
#16792 = VECTOR('',#16793,1.);
#16793 = DIRECTION('',(1.,0.,-0.));
#16794 = PCURVE('',#16578,#16795);
#16795 = DEFINITIONAL_REPRESENTATION('',(#16796),#16800);
#16796 = LINE('',#16797,#16798);
#16797 = CARTESIAN_POINT('',(20.,0.));
#16798 = VECTOR('',#16799,1.);
#16799 = DIRECTION('',(0.,1.));
#16800 = ( GEOMETRIC_REPRESENTATION_CONTEXT(2) 
PARAMETRIC_REPRESENTATION_CONTEXT() REPRESENTATION_CONTEXT('2D SPACE',''
  ) );
#16801 = PCURVE('',#16604,#16802);
#16802 = DEFINITIONAL_REPRESENTATION('',(#16803),#16807);
#16803 = LINE('',#16804,#16805);
#16804 = CARTESIAN_POINT('',(0.,10.));
#16805 = VECTOR('',#16806,1.);
#16806 = DIRECTION('',(1.,0.));
#16807 = ( GEOMETRIC_REPRESENTATION_CONTEXT(2) 
PARAMETRIC_REPRESENTATION_CONTEXT() REPRESENTATION_CONTEXT('2D SPACE',''
  ) );
#16808 = ORIENTED_EDGE('',*,*,#16672,.F.);
#16809 = ADVANCED_FACE('',(#16810),#16550,.F.);
#16810 = FACE_BOUND('',#16811,.F.);
#16811 = EDGE_LOOP('',(#16812,#16813,#16814,#16815));
#16812 = ORIENTED_EDGE('',*,*,#16534,.F.);
#16813 = ORIENTED_EDGE('',*,*,#16719,.T.);
#16814 = ORIENTED_EDGE('',*,*,#16649,.T.);
#16815 = ORIENTED_EDGE('',*,*,#16766,.F.);
#16816 = ADVANCED_FACE('',(#16817),#16604,.T.);
#16817 = FACE_BOUND('',#16818,.T.);
#16818 = EDGE_LOOP('',(#16819,#16820,#16821,#16822));
#16819 = ORIENTED_EDGE('',*,*,#16590,.F.);
#16820 = ORIENTED_EDGE('',*,*,#16741,.T.);
#16821 = ORIENTED_EDGE('',*,*,#16695,.T.);
#16822 = ORIENTED_EDGE('',*,*,#16788,.F.);
#16823 = ( GEOMETRIC_REPRESENTATION_CONTEXT(3) 
GLOBAL_UNCERTAINTY_ASSIGNED_CONTEXT((#16827)) 
GLOBAL_UNIT_ASSIGNED_CONTEXT((#16824,#16825,#16826)) 
REPRESENTATION_CONTEXT('Context #1',
  '3D Context with UNIT and UNCERTAINTY') );
#16824 = ( LENGTH_UNIT() NAMED_UNIT(*) SI_UNIT(.MILLI.,.METRE.) );
#16825 = ( NAMED_UNIT(*) PLANE_ANGLE_UNIT() SI_UNIT($,.RADIAN.) );
#16826 = ( NAMED_UNIT(*) SI_UNIT($,.STERADIAN.) SOLID_ANGLE_UNIT() );
#16827 = UNCERTAINTY_MEASURE_WITH_UNIT(LENGTH_MEASURE(1.E-07),#16824,
  'distance_accuracy_value','confusion accuracy');
#16828 = CONTEXT_DEPENDENT_SHAPE_REPRESENTATION(#16829,#16831);
#16829 = ( REPRESENTATION_RELATIONSHIP('','',#16492,#15638) 
REPRESENTATION_RELATIONSHIP_WITH_TRANSFORMATION(#16830) 
SHAPE_REPRESENTATION_RELATIONSHIP() );
#16830 = ITEM_DEFINED_TRANSFORMATION('','',#11,#15651);
#16831 = PRODUCT_DEFINITION_SHAPE('Placement','Placement of an item',
  #16832);
#16832 = NEXT_ASSEMBLY_USAGE_OCCURRENCE('242','=>[0:1:1:122]','',#15633,
  #16487,$);
#16833 = PRODUCT_RELATED_PRODUCT_CATEGORY('part',$,(#16489));
#16834 = SHAPE_DEFINITION_REPRESENTATION(#16835,#16841);
#16835 = PRODUCT_DEFINITION_SHAPE('','',#16836);
#16836 = PRODUCT_DEFINITION('design','',#16837,#16840);
#16837 = PRODUCT_DEFINITION_FORMATION('','',#16838);
#16838 = PRODUCT('COMPOUND','COMPOUND','',(#16839));
#16839 = PRODUCT_CONTEXT('',#2,'mechanical');
#16840 = PRODUCT_DEFINITION_CONTEXT('part definition',#2,'design');
#16841 = ADVANCED_BREP_SHAPE_REPRESENTATION('',(#11,#16842),#17172);
#16842 = MANIFOLD_SOLID_BREP('',#16843);
#16843 = CLOSED_SHELL('',(#16844,#16964,#17064,#17111,#17158,#17165));
#16844 = ADVANCED_FACE('',(#16845),#16859,.F.);
#16845 = FACE_BOUND('',#16846,.F.);
#16846 = EDGE_LOOP('',(#16847,#16882,#16910,#16938));
#16847 = ORIENTED_EDGE('',*,*,#16848,.F.);
#16848 = EDGE_CURVE('',#16849,#16851,#16853,.T.);
#16849 = VERTEX_POINT('',#16850);
#16850 = CARTESIAN_POINT('',(-25.,-5.,-10.));
#16851 = VERTEX_POINT('',#16852);
#16852 = CARTESIAN_POINT('',(-25.,-5.,10.));
#16853 = SURFACE_CURVE('',#16854,(#16858,#16870),.PCURVE_S1.);
#16854 = LINE('',#16855,#16856);
#16855 = CARTESIAN_POINT('',(-25.,-5.,-10.));
#16856 = VECTOR('',#16857,1.);
#16857 = DIRECTION('',(0.,0.,1.));
#16858 = PCURVE('',#16859,#16864);
#16859 = PLANE('',#16860);
#16860 = AXIS2_PLACEMENT_3D('',#16861,#16862,#16863);
#16861 = CARTESIAN_POINT('',(-25.,-5.,-10.));
#16862 = DIRECTION('',(1.,0.,-0.));
#16863 = DIRECTION('',(0.,0.,1.));
#16864 = DEFINITIONAL_REPRESENTATION('',(#16865),#16869);
#16865 = LINE('',#16866,#16867);
#16866 = CARTESIAN_POINT('',(0.,0.));
#16867 = VECTOR('',#16868,1.);
#16868 = DIRECTION('',(1.,0.));
#16869 = ( GEOMETRIC_REPRESENTATION_CONTEXT(2) 
PARAMETRIC_REPRESENTATION_CONTEXT() REPRESENTATION_CONTEXT('2D SPACE',''
  ) );
#16870 = PCURVE('',#16871,#16876);
#16871 = PLANE('',#16872);
#16872 = AXIS2_PLACEMENT_3D('',#16873,#16874,#16875);
#16873 = CARTESIAN_POINT('',(-25.,-5.,-10.));
#16874 = DIRECTION('',(-0.,1.,0.));
#16875 = DIRECTION('',(0.,0.,1.));
#16876 = DEFINITIONAL_REPRESENTATION('',(#16877),#16881);
#16877 = LINE('',#16878,#16879);
#16878 = CARTESIAN_POINT('',(0.,0.));
#16879 = VECTOR('',#16880,1.);
#16880 = DIRECTION('',(1.,0.));
#16881 = ( GEOMETRIC_REPRESENTATION_CONTEXT(2) 
PARAMETRIC_REPRESENTATION_CONTEXT() REPRESENTATION_CONTEXT('2D SPACE',''
  ) );
#16882 = ORIENTED_EDGE('',*,*,#16883,.T.);
#16883 = EDGE_CURVE('',#16849,#16884,#16886,.T.);
#16884 = VERTEX_POINT('',#16885);
#16885 = CARTESIAN_POINT('',(-25.,5.,-10.));
#16886 = SURFACE_CURVE('',#16887,(#16891,#16898),.PCURVE_S1.);
#16887 = LINE('',#16888,#16889);
#16888 = CARTESIAN_POINT('',(-25.,-5.,-10.));
#16889 = VECTOR('',#16890,1.);
#16890 = DIRECTION('',(-0.,1.,0.));
#16891 = PCURVE('',#16859,#16892);
#16892 = DEFINITIONAL_REPRESENTATION('',(#16893),#16897);
#16893 = LINE('',#16894,#16895);
#16894 = CARTESIAN_POINT('',(0.,0.));
#16895 = VECTOR('',#16896,1.);
#16896 = DIRECTION('',(0.,-1.));
#16897 = ( GEOMETRIC_REPRESENTATION_CONTEXT(2) 
PARAMETRIC_REPRESENTATION_CONTEXT() REPRESENTATION_CONTEXT('2D SPACE',''
  ) );
#16898 = PCURVE('',#16899,#16904);
#16899 = PLANE('',#16900);
#16900 = AXIS2_PLACEMENT_3D('',#16901,#16902,#16903);
#16901 = CARTESIAN_POINT('',(-25.,-5.,-10.));
#16902 = DIRECTION('',(0.,0.,1.));
#16903 = DIRECTION('',(1.,0.,-0.));
#16904 = DEFINITIONAL_REPRESENTATION('',(#16905),#16909);
#16905 = LINE('',#16906,#16907);
#16906 = CARTESIAN_POINT('',(0.,0.));
#16907 = VECTOR('',#16908,1.);
#16908 = DIRECTION('',(0.,1.));
#16909 = ( GEOMETRIC_REPRESENTATION_CONTEXT(2) 
PARAMETRIC_REPRESENTATION_CONTEXT() REPRESENTATION_CONTEXT('2D SPACE',''
  ) );
#16910 = ORIENTED_EDGE('',*,*,#16911,.T.);
#16911 = EDGE_CURVE('',#16884,#16912,#16914,.T.);
#16912 = VERTEX_POINT('',#16913);
#16913 = CARTESIAN_POINT('',(-25.,5.,10.));
#16914 = SURFACE_CURVE('',#16915,(#16919,#16926),.PCURVE_S1.);
#16915 = LINE('',#16916,#16917);
#16916 = CARTESIAN_POINT('',(-25.,5.,-10.));
#16917 = VECTOR('',#16918,1.);
#16918 = DIRECTION('',(0.,0.,1.));
#16919 = PCURVE('',#16859,#16920);
#16920 = DEFINITIONAL_REPRESENTATION('',(#16921),#16925);
#16921 = LINE('',#16922,#16923);
#16922 = CARTESIAN_POINT('',(0.,-10.));
#16923 = VECTOR('',#16924,1.);
#16924 = DIRECTION('',(1.,0.));
#16925 = ( GEOMETRIC_REPRESENTATION_CONTEXT(2) 
PARAMETRIC_REPRESENTATION_CONTEXT() REPRESENTATION_CONTEXT('2D SPACE',''
  ) );
#16926 = PCURVE('',#16927,#16932);
#16927 = PLANE('',#16928);
#16928 = AXIS2_PLACEMENT_3D('',#16929,#16930,#16931);
#16929 = CARTESIAN_POINT('',(-25.,5.,-10.));
#16930 = DIRECTION('',(-0.,1.,0.));
#16931 = DIRECTION('',(0.,0.,1.));
#16932 = DEFINITIONAL_REPRESENTATION('',(#16933),#16937);
#16933 = LINE('',#16934,#16935);
#16934 = CARTESIAN_POINT('',(0.,0.));
#16935 = VECTOR('',#16936,1.);
#16936 = DIRECTION('',(1.,0.));
#16937 = ( GEOMETRIC_REPRESENTATION_CONTEXT(2) 
PARAMETRIC_REPRESENTATION_CONTEXT() REPRESENTATION_CONTEXT('2D SPACE',''
  ) );
#16938 = ORIENTED_EDGE('',*,*,#16939,.F.);
#16939 = EDGE_CURVE('',#16851,#16912,#16940,.T.);
#16940 = SURFACE_CURVE('',#16941,(#16945,#16952),.PCURVE_S1.);
#16941 = LINE('',#16942,#16943);
#16942 = CARTESIAN_POINT('',(-25.,-5.,10.));
#16943 = VECTOR('',#16944,1.);
#16944 = DIRECTION('',(-0.,1.,0.));
#16945 = PCURVE('',#16859,#16946);
#16946 = DEFINITIONAL_REPRESENTATION('',(#16947),#16951);
#16947 = LINE('',#16948,#16949);
#16948 = CARTESIAN_POINT('',(20.,0.));
#16949 = VECTOR('',#16950,1.);
#16950 = DIRECTION('',(0.,-1.));
#16951 = ( GEOMETRIC_REPRESENTATION_CONTEXT(2) 
PARAMETRIC_REPRESENTATION_CONTEXT() REPRESENTATION_CONTEXT('2D SPACE',''
  ) );
#16952 = PCURVE('',#16953,#16958);
#16953 = PLANE('',#16954);
#16954 = AXIS2_PLACEMENT_3D('',#16955,#16956,#16957);
#16955 = CARTESIAN_POINT('',(-25.,-5.,10.));
#16956 = DIRECTION('',(0.,0.,1.));
#16957 = DIRECTION('',(1.,0.,-0.));
#16958 = DEFINITIONAL_REPRESENTATION('',(#16959),#16963);
#16959 = LINE('',#16960,#16961);
#16960 = CARTESIAN_POINT('',(0.,0.));
#16961 = VECTOR('',#16962,1.);
#16962 = DIRECTION('',(0.,1.));
#16963 = ( GEOMETRIC_REPRESENTATION_CONTEXT(2) 
PARAMETRIC_REPRESENTATION_CONTEXT() REPRESENTATION_CONTEXT('2D SPACE',''
  ) );
#16964 = ADVANCED_FACE('',(#16965),#16979,.T.);
#16965 = FACE_BOUND('',#16966,.T.);
#16966 = EDGE_LOOP('',(#16967,#16997,#17020,#17043));
#16967 = ORIENTED_EDGE('',*,*,#16968,.F.);
#16968 = EDGE_CURVE('',#16969,#16971,#16973,.T.);
#16969 = VERTEX_POINT('',#16970);
#16970 = CARTESIAN_POINT('',(25.,-5.,-10.));
#16971 = VERTEX_POINT('',#16972);
#16972 = CARTESIAN_POINT('',(25.,-5.,10.));
#16973 = SURFACE_CURVE('',#16974,(#16978,#16990),.PCURVE_S1.);
#16974 = LINE('',#16975,#16976);
#16975 = CARTESIAN_POINT('',(25.,-5.,-10.));
#16976 = VECTOR('',#16977,1.);
#16977 = DIRECTION('',(0.,0.,1.));
#16978 = PCURVE('',#16979,#16984);
#16979 = PLANE('',#16980);
#16980 = AXIS2_PLACEMENT_3D('',#16981,#16982,#16983);
#16981 = CARTESIAN_POINT('',(25.,-5.,-10.));
#16982 = DIRECTION('',(1.,0.,-0.));
#16983 = DIRECTION('',(0.,0.,1.));
#16984 = DEFINITIONAL_REPRESENTATION('',(#16985),#16989);
#16985 = LINE('',#16986,#16987);
#16986 = CARTESIAN_POINT('',(0.,0.));
#16987 = VECTOR('',#16988,1.);
#16988 = DIRECTION('',(1.,0.));
#16989 = ( GEOMETRIC_REPRESENTATION_CONTEXT(2) 
PARAMETRIC_REPRESENTATION_CONTEXT() REPRESENTATION_CONTEXT('2D SPACE',''
  ) );
#16990 = PCURVE('',#16871,#16991);
#16991 = DEFINITIONAL_REPRESENTATION('',(#16992),#16996);
#16992 = LINE('',#16993,#16994);
#16993 = CARTESIAN_POINT('',(0.,50.));
#16994 = VECTOR('',#16995,1.);
#16995 = DIRECTION('',(1.,0.));
#16996 = ( GEOMETRIC_REPRESENTATION_CONTEXT(2) 
PARAMETRIC_REPRESENTATION_CONTEXT() REPRESENTATION_CONTEXT('2D SPACE',''
  ) );
#16997 = ORIENTED_EDGE('',*,*,#16998,.T.);
#16998 = EDGE_CURVE('',#16969,#16999,#17001,.T.);
#16999 = VERTEX_POINT('',#17000);
#17000 = CARTESIAN_POINT('',(25.,5.,-10.));
#17001 = SURFACE_CURVE('',#17002,(#17006,#17013),.PCURVE_S1.);
#17002 = LINE('',#17003,#17004);
#17003 = CARTESIAN_POINT('',(25.,-5.,-10.));
#17004 = VECTOR('',#17005,1.);
#17005 = DIRECTION('',(-0.,1.,0.));
#17006 = PCURVE('',#16979,#17007);
#17007 = DEFINITIONAL_REPRESENTATION('',(#17008),#17012);
#17008 = LINE('',#17009,#17010);
#17009 = CARTESIAN_POINT('',(0.,0.));
#17010 = VECTOR('',#17011,1.);
#17011 = DIRECTION('',(0.,-1.));
#17012 = ( GEOMETRIC_REPRESENTATION_CONTEXT(2) 
PARAMETRIC_REPRESENTATION_CONTEXT() REPRESENTATION_CONTEXT('2D SPACE',''
  ) );
#17013 = PCURVE('',#16899,#17014);
#17014 = DEFINITIONAL_REPRESENTATION('',(#17015),#17019);
#17015 = LINE('',#17016,#17017);
#17016 = CARTESIAN_POINT('',(50.,0.));
#17017 = VECTOR('',#17018,1.);
#17018 = DIRECTION('',(0.,1.));
#17019 = ( GEOMETRIC_REPRESENTATION_CONTEXT(2) 
PARAMETRIC_REPRESENTATION_CONTEXT() REPRESENTATION_CONTEXT('2D SPACE',''
  ) );
#17020 = ORIENTED_EDGE('',*,*,#17021,.T.);
#17021 = EDGE_CURVE('',#16999,#17022,#17024,.T.);
#17022 = VERTEX_POINT('',#17023);
#17023 = CARTESIAN_POINT('',(25.,5.,10.));
#17024 = SURFACE_CURVE('',#17025,(#17029,#17036),.PCURVE_S1.);
#17025 = LINE('',#17026,#17027);
#17026 = CARTESIAN_POINT('',(25.,5.,-10.));
#17027 = VECTOR('',#17028,1.);
#17028 = DIRECTION('',(0.,0.,1.));
#17029 = PCURVE('',#16979,#17030);
#17030 = DEFINITIONAL_REPRESENTATION('',(#17031),#17035);
#17031 = LINE('',#17032,#17033);
#17032 = CARTESIAN_POINT('',(0.,-10.));
#17033 = VECTOR('',#17034,1.);
#17034 = DIRECTION('',(1.,0.));
#17035 = ( GEOMETRIC_REPRESENTATION_CONTEXT(2) 
PARAMETRIC_REPRESENTATION_CONTEXT() REPRESENTATION_CONTEXT('2D SPACE',''
  ) );
#17036 = PCURVE('',#16927,#17037);
#17037 = DEFINITIONAL_REPRESENTATION('',(#17038),#17042);
#17038 = LINE('',#17039,#17040);
#17039 = CARTESIAN_POINT('',(0.,50.));
#17040 = VECTOR('',#17041,1.);
#17041 = DIRECTION('',(1.,0.));
#17042 = ( GEOMETRIC_REPRESENTATION_CONTEXT(2) 
PARAMETRIC_REPRESENTATION_CONTEXT() REPRESENTATION_CONTEXT('2D SPACE',''
  ) );
#17043 = ORIENTED_EDGE('',*,*,#17044,.F.);
#17044 = EDGE_CURVE('',#16971,#17022,#17045,.T.);
#17045 = SURFACE_CURVE('',#17046,(#17050,#17057),.PCURVE_S1.);
#17046 = LINE('',#17047,#17048);
#17047 = CARTESIAN_POINT('',(25.,-5.,10.));
#17048 = VECTOR('',#17049,1.);
#17049 = DIRECTION('',(-0.,1.,0.));
#17050 = PCURVE('',#16979,#17051);
#17051 = DEFINITIONAL_REPRESENTATION('',(#17052),#17056);
#17052 = LINE('',#17053,#17054);
#17053 = CARTESIAN_POINT('',(20.,0.));
#17054 = VECTOR('',#17055,1.);
#17055 = DIRECTION('',(0.,-1.));
#17056 = ( GEOMETRIC_REPRESENTATION_CONTEXT(2) 
PARAMETRIC_REPRESENTATION_CONTEXT() REPRESENTATION_CONTEXT('2D SPACE',''
  ) );
#17057 = PCURVE('',#16953,#17058);
#17058 = DEFINITIONAL_REPRESENTATION('',(#17059),#17063);
#17059 = LINE('',#17060,#17061);
#17060 = CARTESIAN_POINT('',(50.,0.));
#17061 = VECTOR('',#17062,1.);
#17062 = DIRECTION('',(0.,1.));
#17063 = ( GEOMETRIC_REPRESENTATION_CONTEXT(2) 
PARAMETRIC_REPRESENTATION_CONTEXT() REPRESENTATION_CONTEXT('2D SPACE',''
  ) );
#17064 = ADVANCED_FACE('',(#17065),#16871,.F.);
#17065 = FACE_BOUND('',#17066,.F.);
#17066 = EDGE_LOOP('',(#17067,#17088,#17089,#17110));
#17067 = ORIENTED_EDGE('',*,*,#17068,.F.);
#17068 = EDGE_CURVE('',#16849,#16969,#17069,.T.);
#17069 = SURFACE_CURVE('',#17070,(#17074,#17081),.PCURVE_S1.);
#17070 = LINE('',#17071,#17072);
#17071 = CARTESIAN_POINT('',(-25.,-5.,-10.));
#17072 = VECTOR('',#17073,1.);
#17073 = DIRECTION('',(1.,0.,-0.));
#17074 = PCURVE('',#16871,#17075);
#17075 = DEFINITIONAL_REPRESENTATION('',(#17076),#17080);
#17076 = LINE('',#17077,#17078);
#17077 = CARTESIAN_POINT('',(0.,0.));
#17078 = VECTOR('',#17079,1.);
#17079 = DIRECTION('',(0.,1.));
#17080 = ( GEOMETRIC_REPRESENTATION_CONTEXT(2) 
PARAMETRIC_REPRESENTATION_CONTEXT() REPRESENTATION_CONTEXT('2D SPACE',''
  ) );
#17081 = PCURVE('',#16899,#17082);
#17082 = DEFINITIONAL_REPRESENTATION('',(#17083),#17087);
#17083 = LINE('',#17084,#17085);
#17084 = CARTESIAN_POINT('',(0.,0.));
#17085 = VECTOR('',#17086,1.);
#17086 = DIRECTION('',(1.,0.));
#17087 = ( GEOMETRIC_REPRESENTATION_CONTEXT(2) 
PARAMETRIC_REPRESENTATION_CONTEXT() REPRESENTATION_CONTEXT('2D SPACE',''
  ) );
#17088 = ORIENTED_EDGE('',*,*,#16848,.T.);
#17089 = ORIENTED_EDGE('',*,*,#17090,.T.);
#17090 = EDGE_CURVE('',#16851,#16971,#17091,.T.);
#17091 = SURFACE_CURVE('',#17092,(#17096,#17103),.PCURVE_S1.);
#17092 = LINE('',#17093,#17094);
#17093 = CARTESIAN_POINT('',(-25.,-5.,10.));
#17094 = VECTOR('',#17095,1.);
#17095 = DIRECTION('',(1.,0.,-0.));
#17096 = PCURVE('',#16871,#17097);
#17097 = DEFINITIONAL_REPRESENTATION('',(#17098),#17102);
#17098 = LINE('',#17099,#17100);
#17099 = CARTESIAN_POINT('',(20.,0.));
#17100 = VECTOR('',#17101,1.);
#17101 = DIRECTION('',(0.,1.));
#17102 = ( GEOMETRIC_REPRESENTATION_CONTEXT(2) 
PARAMETRIC_REPRESENTATION_CONTEXT() REPRESENTATION_CONTEXT('2D SPACE',''
  ) );
#17103 = PCURVE('',#16953,#17104);
#17104 = DEFINITIONAL_REPRESENTATION('',(#17105),#17109);
#17105 = LINE('',#17106,#17107);
#17106 = CARTESIAN_POINT('',(0.,0.));
#17107 = VECTOR('',#17108,1.);
#17108 = DIRECTION('',(1.,0.));
#17109 = ( GEOMETRIC_REPRESENTATION_CONTEXT(2) 
PARAMETRIC_REPRESENTATION_CONTEXT() REPRESENTATION_CONTEXT('2D SPACE',''
  ) );
#17110 = ORIENTED_EDGE('',*,*,#16968,.F.);
#17111 = ADVANCED_FACE('',(#17112),#16927,.T.);
#17112 = FACE_BOUND('',#17113,.T.);
#17113 = EDGE_LOOP('',(#17114,#17135,#17136,#17157));
#17114 = ORIENTED_EDGE('',*,*,#17115,.F.);
#17115 = EDGE_CURVE('',#16884,#16999,#17116,.T.);
#17116 = SURFACE_CURVE('',#17117,(#17121,#17128),.PCURVE_S1.);
#17117 = LINE('',#17118,#17119);
#17118 = CARTESIAN_POINT('',(-25.,5.,-10.));
#17119 = VECTOR('',#17120,1.);
#17120 = DIRECTION('',(1.,0.,-0.));
#17121 = PCURVE('',#16927,#17122);
#17122 = DEFINITIONAL_REPRESENTATION('',(#17123),#17127);
#17123 = LINE('',#17124,#17125);
#17124 = CARTESIAN_POINT('',(0.,0.));
#17125 = VECTOR('',#17126,1.);
#17126 = DIRECTION('',(0.,1.));
#17127 = ( GEOMETRIC_REPRESENTATION_CONTEXT(2) 
PARAMETRIC_REPRESENTATION_CONTEXT() REPRESENTATION_CONTEXT('2D SPACE',''
  ) );
#17128 = PCURVE('',#16899,#17129);
#17129 = DEFINITIONAL_REPRESENTATION('',(#17130),#17134);
#17130 = LINE('',#17131,#17132);
#17131 = CARTESIAN_POINT('',(0.,10.));
#17132 = VECTOR('',#17133,1.);
#17133 = DIRECTION('',(1.,0.));
#17134 = ( GEOMETRIC_REPRESENTATION_CONTEXT(2) 
PARAMETRIC_REPRESENTATION_CONTEXT() REPRESENTATION_CONTEXT('2D SPACE',''
  ) );
#17135 = ORIENTED_EDGE('',*,*,#16911,.T.);
#17136 = ORIENTED_EDGE('',*,*,#17137,.T.);
#17137 = EDGE_CURVE('',#16912,#17022,#17138,.T.);
#17138 = SURFACE_CURVE('',#17139,(#17143,#17150),.PCURVE_S1.);
#17139 = LINE('',#17140,#17141);
#17140 = CARTESIAN_POINT('',(-25.,5.,10.));
#17141 = VECTOR('',#17142,1.);
#17142 = DIRECTION('',(1.,0.,-0.));
#17143 = PCURVE('',#16927,#17144);
#17144 = DEFINITIONAL_REPRESENTATION('',(#17145),#17149);
#17145 = LINE('',#17146,#17147);
#17146 = CARTESIAN_POINT('',(20.,0.));
#17147 = VECTOR('',#17148,1.);
#17148 = DIRECTION('',(0.,1.));
#17149 = ( GEOMETRIC_REPRESENTATION_CONTEXT(2) 
PARAMETRIC_REPRESENTATION_CONTEXT() REPRESENTATION_CONTEXT('2D SPACE',''
  ) );
#17150 = PCURVE('',#16953,#17151);
#17151 = DEFINITIONAL_REPRESENTATION('',(#17152),#17156);
#17152 = LINE('',#17153,#17154);
#17153 = CARTESIAN_POINT('',(0.,10.));
#17154 = VECTOR('',#17155,1.);
#17155 = DIRECTION('',(1.,0.));
#17156 = ( GEOMETRIC_REPRESENTATION_CONTEXT(2) 
PARAMETRIC_REPRESENTATION_CONTEXT() REPRESENTATION_CONTEXT('2D SPACE',''
  ) );
#17157 = ORIENTED_EDGE('',*,*,#17021,.F.);
#17158 = ADVANCED_FACE('',(#17159),#16899,.F.);
#17159 = FACE_BOUND('',#17160,.F.);
#17160 = EDGE_LOOP('',(#17161,#17162,#17163,#17164));
#17161 = ORIENTED_EDGE('',*,*,#16883,.F.);
#17162 = ORIENTED_EDGE('',*,*,#17068,.T.);
#17163 = ORIENTED_EDGE('',*,*,#16998,.T.);
#17164 = ORIENTED_EDGE('',*,*,#17115,.F.);
#17165 = ADVANCED_FACE('',(#17166),#16953,.T.);
#17166 = FACE_BOUND('',#17167,.T.);
#17167 = EDGE_LOOP('',(#17168,#17169,#17170,#17171));
#17168 = ORIENTED_EDGE('',*,*,#16939,.F.);
#17169 = ORIENTED_EDGE('',*,*,#17090,.T.);
#17170 = ORIENTED_EDGE('',*,*,#17044,.T.);
#17171 = ORIENTED_EDGE('',*,*,#17137,.F.);
#17172 = ( GEOMETRIC_REPRESENTATION_CONTEXT(3) 
GLOBAL_UNCERTAINTY_ASSIGNED_CONTEXT((#17176)) 
GLOBAL_UNIT_ASSIGNED_CONTEXT((#17173,#17174,#17175)) 
REPRESENTATION_CONTEXT('Context #1',
  '3D Context with UNIT and UNCERTAINTY') );
#17173 = ( LENGTH_UNIT() NAMED_UNIT(*) SI_UNIT(.MILLI.,.METRE.) );
#17174 = ( NAMED_UNIT(*) PLANE_ANGLE_UNIT() SI_UNIT($,.RADIAN.) );
#17175 = ( NAMED_UNIT(*) SI_UNIT($,.STERADIAN.) SOLID_ANGLE_UNIT() );
#17176 = UNCERTAINTY_MEASURE_WITH_UNIT(LENGTH_MEASURE(1.E-07),#17173,
  'distance_accuracy_value','confusion accuracy');
#17177 = CONTEXT_DEPENDENT_SHAPE_REPRESENTATION(#17178,#17180);
#17178 = ( REPRESENTATION_RELATIONSHIP('','',#16841,#15638) 
REPRESENTATION_RELATIONSHIP_WITH_TRANSFORMATION(#17179) 
SHAPE_REPRESENTATION_RELATIONSHIP() );
#17179 = ITEM_DEFINED_TRANSFORMATION('','',#11,#15655);
#17180 = PRODUCT_DEFINITION_SHAPE('Placement','Placement of an item',
  #17181);
#17181 = NEXT_ASSEMBLY_USAGE_OCCURRENCE('243','=>[0:1:1:123]','',#15633,
  #16836,$);
#17182 = PRODUCT_RELATED_PRODUCT_CATEGORY('part',$,(#16838));
ENDSEC;
END-ISO-10303-21;
