ISO-10303-21;
HEADER;
FILE_DESCRIPTION(('Open CASCADE Model'),'2;1');
FILE_NAME('Open CASCADE Shape Model','2026-10-01T08:50:04',('Author'),(
    'Open CASCADE'),'Open CASCADE STEP processor 8.0','build123d',
  'Unknown');
FILE_SCHEMA(('AUTOMOTIVE_DESIGN { 1 0 10303 214 1 1 1 1 }'));
ENDSEC;
DATA;
#1 = APPLICATION_PROTOCOL_DEFINITION('international standard',
  'automotive_design',2000,#2);
#2 = APPLICATION_CONTEXT(
  'core data for automotive mechanical design processes');
#3 = SHAPE_DEFINITION_REPRESENTATION(#4,#10);
#4 = PRODUCT_DEFINITION_SHAPE('','',#5);
#5 = PRODUCT_DEFINITION('design','',#6,#9);
#6 = PRODUCT_DEFINITION_FORMATION('','',#7);
#7 = PRODUCT('COMPOUND','COMPOUND','',(#8));
#8 = PRODUCT_CONTEXT('',#2,'mechanical');
#9 = PRODUCT_DEFINITION_CONTEXT('part definition',#2,'design');
#10 = SHAPE_REPRESENTATION('',(#11,#15,#19),#23);
#11 = AXIS2_PLACEMENT_3D('',#12,#13,#14);
#12 = CARTESIAN_POINT('',(0.,0.,0.));
#13 = DIRECTION('',(0.,0.,1.));
#14 = DIRECTION('',(1.,0.,-0.));
#15 = AXIS2_PLACEMENT_3D('',#16,#17,#18);
#16 = CARTESIAN_POINT('',(0.,0.,0.));
#17 = DIRECTION('',(0.,0.,1.));
#18 = DIRECTION('',(1.,0.,-0.));
#19 = AXIS2_PLACEMENT_3D('',#20,#21,#22);
#20 = CARTESIAN_POINT('',(-87.,0.,513.));
#21 = DIRECTION('',(0.,0.,1.));
#22 = DIRECTION('',(1.,0.,-0.));
#23 = ( GEOMETRIC_REPRESENTATION_CONTEXT(3) 
GLOBAL_UNCERTAINTY_ASSIGNED_CONTEXT((#27)) GLOBAL_UNIT_ASSIGNED_CONTEXT(
(#24,#25,#26)) REPRESENTATION_CONTEXT('Context #1',
  '3D Context with UNIT and UNCERTAINTY') );
#24 = ( LENGTH_UNIT() NAMED_UNIT(*) SI_UNIT(.MILLI.,.METRE.) );
#25 = ( NAMED_UNIT(*) PLANE_ANGLE_UNIT() SI_UNIT($,.RADIAN.) );
#26 = ( NAMED_UNIT(*) SI_UNIT($,.STERADIAN.) SOLID_ANGLE_UNIT() );
#27 = UNCERTAINTY_MEASURE_WITH_UNIT(LENGTH_MEASURE(1.E-07),#24,
  'distance_accuracy_value','confusion accuracy');
#28 = PRODUCT_RELATED_PRODUCT_CATEGORY('part',$,(#7));
#29 = SHAPE_DEFINITION_REPRESENTATION(#30,#36);
#30 = PRODUCT_DEFINITION_SHAPE('','',#31);
#31 = PRODUCT_DEFINITION('design','',#32,#35);
#32 = PRODUCT_DEFINITION_FORMATION('','',#33);
#33 = PRODUCT('SOLID','SOLID','',(#34));
#34 = PRODUCT_CONTEXT('',#2,'mechanical');
#35 = PRODUCT_DEFINITION_CONTEXT('part definition',#2,'design');
#36 = ADVANCED_BREP_SHAPE_REPRESENTATION('',(#11,#37),#8770);
#37 = MANIFOLD_SOLID_BREP('',#38);
#38 = CLOSED_SHELL('',(#39,#1149,#1219,#1269,#1339,#1344,#2594,#3896,
    #3901,#5153,#5158,#5231,#5417,#5467,#5720,#6060,#6065,#6070,#6097,
    #6103,#6108,#6135,#6161,#6458,#6464,#6804,#6809,#6814,#6819,#6824,
    #6848,#7013,#7062,#7183,#7210,#7287,#7443,#7448,#7497,#7616,#7621,
    #7645,#7810,#7859,#7980,#8007,#8084,#8240,#8245,#8294,#8413,#8418,
    #8445,#8472,#8479,#8506,#8533,#8560,#8567,#8594,#8621,#8648,#8655,
    #8682,#8709,#8736,#8743));
#39 = ADVANCED_FACE('',(#40),#54,.T.);
#40 = FACE_BOUND('',#41,.T.);
#41 = EDGE_LOOP('',(#42,#77,#106,#127,#339,#362,#585,#611,#829,#852,
    #1045,#1071,#1100,#1121,#1122,#1148));
#42 = ORIENTED_EDGE('',*,*,#43,.T.);
#43 = EDGE_CURVE('',#44,#46,#48,.T.);
#44 = VERTEX_POINT('',#45);
#45 = CARTESIAN_POINT('',(-85.,56.683375209645,550.));
#46 = VERTEX_POINT('',#47);
#47 = CARTESIAN_POINT('',(-85.,60.,550.));
#48 = SURFACE_CURVE('',#49,(#53,#65),.PCURVE_S1.);
#49 = LINE('',#50,#51);
#50 = CARTESIAN_POINT('',(-85.,-60.,550.));
#51 = VECTOR('',#52,1.);
#52 = DIRECTION('',(0.,1.,0.));
#53 = PCURVE('',#54,#59);
#54 = CYLINDRICAL_SURFACE('',#55,5.);
#55 = AXIS2_PLACEMENT_3D('',#56,#57,#58);
#56 = CARTESIAN_POINT('',(-85.,-60.,545.));
#57 = DIRECTION('',(0.,1.,0.));
#58 = DIRECTION('',(0.,-0.,1.));
#59 = DEFINITIONAL_REPRESENTATION('',(#60),#64);
#60 = LINE('',#61,#62);
#61 = CARTESIAN_POINT('',(6.28318530718,-0.));
#62 = VECTOR('',#63,1.);
#63 = DIRECTION('',(0.,1.));
#64 = ( GEOMETRIC_REPRESENTATION_CONTEXT(2) 
PARAMETRIC_REPRESENTATION_CONTEXT() REPRESENTATION_CONTEXT('2D SPACE',''
  ) );
#65 = PCURVE('',#66,#71);
#66 = PLANE('',#67);
#67 = AXIS2_PLACEMENT_3D('',#68,#69,#70);
#68 = CARTESIAN_POINT('',(-85.,60.,545.));
#69 = DIRECTION('',(1.,0.,0.));
#70 = DIRECTION('',(-0.,0.,1.));
#71 = DEFINITIONAL_REPRESENTATION('',(#72),#76);
#72 = LINE('',#73,#74);
#73 = CARTESIAN_POINT('',(5.,120.));
#74 = VECTOR('',#75,1.);
#75 = DIRECTION('',(0.,-1.));
#76 = ( GEOMETRIC_REPRESENTATION_CONTEXT(2) 
PARAMETRIC_REPRESENTATION_CONTEXT() REPRESENTATION_CONTEXT('2D SPACE',''
  ) );
#77 = ORIENTED_EDGE('',*,*,#78,.F.);
#78 = EDGE_CURVE('',#79,#46,#81,.T.);
#79 = VERTEX_POINT('',#80);
#80 = CARTESIAN_POINT('',(-85.,60.,540.));
#81 = SURFACE_CURVE('',#82,(#87,#94),.PCURVE_S1.);
#82 = CIRCLE('',#83,5.);
#83 = AXIS2_PLACEMENT_3D('',#84,#85,#86);
#84 = CARTESIAN_POINT('',(-85.,60.,545.));
#85 = DIRECTION('',(0.,1.,0.));
#86 = DIRECTION('',(0.,-0.,1.));
#87 = PCURVE('',#54,#88);
#88 = DEFINITIONAL_REPRESENTATION('',(#89),#93);
#89 = LINE('',#90,#91);
#90 = CARTESIAN_POINT('',(0.,120.));
#91 = VECTOR('',#92,1.);
#92 = DIRECTION('',(1.,0.));
#93 = ( GEOMETRIC_REPRESENTATION_CONTEXT(2) 
PARAMETRIC_REPRESENTATION_CONTEXT() REPRESENTATION_CONTEXT('2D SPACE',''
  ) );
#94 = PCURVE('',#95,#100);
#95 = PLANE('',#96);
#96 = AXIS2_PLACEMENT_3D('',#97,#98,#99);
#97 = CARTESIAN_POINT('',(-85.,60.,545.));
#98 = DIRECTION('',(0.,1.,0.));
#99 = DIRECTION('',(0.,-0.,1.));
#100 = DEFINITIONAL_REPRESENTATION('',(#101),#105);
#101 = CIRCLE('',#102,5.);
#102 = AXIS2_PLACEMENT_2D('',#103,#104);
#103 = CARTESIAN_POINT('',(0.,0.));
#104 = DIRECTION('',(1.,0.));
#105 = ( GEOMETRIC_REPRESENTATION_CONTEXT(2) 
PARAMETRIC_REPRESENTATION_CONTEXT() REPRESENTATION_CONTEXT('2D SPACE',''
  ) );
#106 = ORIENTED_EDGE('',*,*,#107,.F.);
#107 = EDGE_CURVE('',#108,#79,#110,.T.);
#108 = VERTEX_POINT('',#109);
#109 = CARTESIAN_POINT('',(-85.,56.683375209645,540.));
#110 = SURFACE_CURVE('',#111,(#115,#121),.PCURVE_S1.);
#111 = LINE('',#112,#113);
#112 = CARTESIAN_POINT('',(-85.,-60.,540.));
#113 = VECTOR('',#114,1.);
#114 = DIRECTION('',(0.,1.,0.));
#115 = PCURVE('',#54,#116);
#116 = DEFINITIONAL_REPRESENTATION('',(#117),#120);
#117 = B_SPLINE_CURVE_WITH_KNOTS('',1,(#118,#119),.UNSPECIFIED.,.F.,.F.,
  (2,2),(112.8,120.0000006),.PIECEWISE_BEZIER_KNOTS.);
#118 = CARTESIAN_POINT('',(3.14159265359,112.8));
#119 = CARTESIAN_POINT('',(3.14159265359,120.0000006));
#120 = ( GEOMETRIC_REPRESENTATION_CONTEXT(2) 
PARAMETRIC_REPRESENTATION_CONTEXT() REPRESENTATION_CONTEXT('2D SPACE',''
  ) );
#121 = PCURVE('',#66,#122);
#122 = DEFINITIONAL_REPRESENTATION('',(#123),#126);
#123 = B_SPLINE_CURVE_WITH_KNOTS('',1,(#124,#125),.UNSPECIFIED.,.F.,.F.,
  (2,2),(112.8,120.0000006),.PIECEWISE_BEZIER_KNOTS.);
#124 = CARTESIAN_POINT('',(-5.,7.2));
#125 = CARTESIAN_POINT('',(-5.,-6.000000070117E-07));
#126 = ( GEOMETRIC_REPRESENTATION_CONTEXT(2) 
PARAMETRIC_REPRESENTATION_CONTEXT() REPRESENTATION_CONTEXT('2D SPACE',''
  ) );
#127 = ORIENTED_EDGE('',*,*,#128,.F.);
#128 = EDGE_CURVE('',#44,#108,#129,.T.);
#129 = SURFACE_CURVE('',#130,(#196,#265),.PCURVE_S1.);
#130 = B_SPLINE_CURVE_WITH_KNOTS('',8,(#131,#132,#133,#134,#135,#136,
    #137,#138,#139,#140,#141,#142,#143,#144,#145,#146,#147,#148,#149,
    #150,#151,#152,#153,#154,#155,#156,#157,#158,#159,#160,#161,#162,
    #163,#164,#165,#166,#167,#168,#169,#170,#171,#172,#173,#174,#175,
    #176,#177,#178,#179,#180,#181,#182,#183,#184,#185,#186,#187,#188,
    #189,#190,#191,#192,#193,#194,#195),.UNSPECIFIED.,.F.,.F.,(9,7,7,7,7
    ,7,7,7,7,9),(0.,8.481328344275E-02,0.212024548198,0.349125027957,
    0.439553282277,0.544248444142,0.601993215512,0.788787408071,
    0.959074741785,1.),.UNSPECIFIED.);
#131 = CARTESIAN_POINT('',(-85.,56.683375209645,550.));
#132 = CARTESIAN_POINT('',(-84.84256324819,56.683375209645,550.));
#133 = CARTESIAN_POINT('',(-84.6857515836,56.674834519893,
    549.99433460785));
#134 = CARTESIAN_POINT('',(-84.52979848159,56.657870517662,
    549.98308229739));
#135 = CARTESIAN_POINT('',(-84.37497442299,56.632797372408,
    549.96633289481));
#136 = CARTESIAN_POINT('',(-84.22161792417,56.60012797399,
    549.94419959306));
#137 = CARTESIAN_POINT('',(-84.07016558798,56.560569367069,
    549.91684815601));
#138 = CARTESIAN_POINT('',(-83.92118117552,56.51501169169,549.8845433122
    ));
#139 = CARTESIAN_POINT('',(-83.55670237139,56.388764194312,
    549.79246963831));
#140 = CARTESIAN_POINT('',(-83.34383530789,56.301427948585,
    549.72670233067));
#141 = CARTESIAN_POINT('',(-83.13649317824,56.204833167709,
    549.6509062157));
#142 = CARTESIAN_POINT('',(-82.93451810556,56.101083040223,
    549.56539791749));
#143 = CARTESIAN_POINT('',(-82.7377814959,55.991941024485,549.4703615133
    ));
#144 = CARTESIAN_POINT('',(-82.54612925358,55.878817191725,
    549.36581756451));
#145 = CARTESIAN_POINT('',(-82.35938080177,55.76282392871,
    549.25155783317));
#146 = CARTESIAN_POINT('',(-81.98124802948,55.517751437627,
    548.99294407784));
#147 = CARTESIAN_POINT('',(-81.79105232255,55.388628507835,
    548.84722868452));
#148 = CARTESIAN_POINT('',(-81.60649644587,55.258610145531,
    548.6893591206));
#149 = CARTESIAN_POINT('',(-81.42760917083,55.128686293579,
    548.51853974823));
#150 = CARTESIAN_POINT('',(-81.25477554485,54.999920977351,
    548.33382416533));
#151 = CARTESIAN_POINT('',(-81.08877898939,54.87358182666,
    548.13418288827));
#152 = CARTESIAN_POINT('',(-80.93085237785,54.751230819929,
    547.91857277396));
#153 = CARTESIAN_POINT('',(-80.68502817438,54.558002731676,
    547.53260618052));
#154 = CARTESIAN_POINT('',(-80.59131636375,54.483564311905,
    547.37139655088));
#155 = CARTESIAN_POINT('',(-80.50225219051,54.412157771044,
    547.20220677561));
#156 = CARTESIAN_POINT('',(-80.41856024891,54.34451221492,
    547.02490109882));
#157 = CARTESIAN_POINT('',(-80.34103419887,54.28141421234,
    546.83938590335));
#158 = CARTESIAN_POINT('',(-80.27054207087,54.223709561207,
    546.64562032321));
#159 = CARTESIAN_POINT('',(-80.20803250041,54.172304085992,
    546.44362735416));
#160 = CARTESIAN_POINT('',(-80.09261204579,54.077058761215,
    545.99023254166));
#161 = CARTESIAN_POINT('',(-80.04250509461,54.035472097154,
    545.73501763907));
#162 = CARTESIAN_POINT('',(-80.00684454931,54.005736276741,
    545.47111180693));
#163 = CARTESIAN_POINT('',(-79.98734020696,53.989429093703,545.201872407
    ));
#164 = CARTESIAN_POINT('',(-79.98482234742,53.987331156435,
    544.93073254651));
#165 = CARTESIAN_POINT('',(-79.99925584183,53.999406798433,
    544.6611569031));
#166 = CARTESIAN_POINT('',(-80.02973417325,54.024808075864,
    544.39658393816));
#167 = CARTESIAN_POINT('',(-80.0991183079,54.082360979528,
    543.99903077225));
#168 = CARTESIAN_POINT('',(-80.12809293104,54.106358353823,
    543.86037480289));
#169 = CARTESIAN_POINT('',(-80.16112509315,54.133662084954,
    543.72457158058));
#170 = CARTESIAN_POINT('',(-80.19795181727,54.164027015483,
    543.5917946958));
#171 = CARTESIAN_POINT('',(-80.23829863304,54.197195564307,
    543.46220628603));
#172 = CARTESIAN_POINT('',(-80.28187891468,54.232898570219,
    543.33595698228));
#173 = CARTESIAN_POINT('',(-80.32839321905,54.270856135468,
    543.21318585556));
#174 = CARTESIAN_POINT('',(-80.5364730269,54.439920206991,
    542.70854092791));
#175 = CARTESIAN_POINT('',(-80.72357570184,54.590215617465,
    542.35901895731));
#176 = CARTESIAN_POINT('',(-80.93144588257,54.75443449526,
    542.04368064865));
#177 = CARTESIAN_POINT('',(-81.15491004587,54.92707574853,
    541.75986233162));
#178 = CARTESIAN_POINT('',(-81.39061187824,55.104098679266,
    541.50461136736));
#179 = CARTESIAN_POINT('',(-81.63688611803,55.282587099096,
    541.27500665244));
#180 = CARTESIAN_POINT('',(-81.89361335077,55.460398925452,
    541.06848515962));
#181 = CARTESIAN_POINT('',(-82.40712268615,55.794243197821,
    540.7145067756));
#182 = CARTESIAN_POINT('',(-82.66163428123,55.950641812779,
    540.56362349416));
#183 = CARTESIAN_POINT('',(-82.92569986422,56.101618447531,
    540.4300616707));
#184 = CARTESIAN_POINT('',(-83.19927292204,56.243873038682,
    540.31390658855));
#185 = CARTESIAN_POINT('',(-83.48216063738,56.373128916682,
    540.21566648013));
#186 = CARTESIAN_POINT('',(-83.77431875741,56.484132917816,
    540.13602420142));
#187 = CARTESIAN_POINT('',(-84.07630486619,56.570964309414,
    540.07593515038));
#188 = CARTESIAN_POINT('',(-84.46487187317,56.641297981907,
    540.02813996137));
#189 = CARTESIAN_POINT('',(-84.54059816754,56.653147088867,
    540.02015055008));
#190 = CARTESIAN_POINT('',(-84.61668205931,56.66313476822,
    540.01345930569));
#191 = CARTESIAN_POINT('',(-84.69304904747,56.671194234699,
    540.00808648604));
#192 = CARTESIAN_POINT('',(-84.76962873586,56.67727459301,
    540.00404666557));
#193 = CARTESIAN_POINT('',(-84.8463547849,56.681341066119,
    540.00134941664));
#194 = CARTESIAN_POINT('',(-84.92316486335,56.683375223545,
    539.99999999078));
#195 = CARTESIAN_POINT('',(-85.0000006,56.683375209645,540.));
#196 = PCURVE('',#54,#197);
#197 = DEFINITIONAL_REPRESENTATION('',(#198),#264);
#198 = B_SPLINE_CURVE_WITH_KNOTS('',8,(#199,#200,#201,#202,#203,#204,
    #205,#206,#207,#208,#209,#210,#211,#212,#213,#214,#215,#216,#217,
    #218,#219,#220,#221,#222,#223,#224,#225,#226,#227,#228,#229,#230,
    #231,#232,#233,#234,#235,#236,#237,#238,#239,#240,#241,#242,#243,
    #244,#245,#246,#247,#248,#249,#250,#251,#252,#253,#254,#255,#256,
    #257,#258,#259,#260,#261,#262,#263),.UNSPECIFIED.,.F.,.F.,(9,7,7,7,7
    ,7,7,7,7,9),(0.,8.481328344275E-02,0.212024548198,0.349125027957,
    0.439553282277,0.544248444142,0.601993215512,0.788787408071,
    0.959074741785,1.),.UNSPECIFIED.);
#199 = CARTESIAN_POINT('',(0.,116.68337520964));
#200 = CARTESIAN_POINT('',(3.148735036041E-02,116.68337520964));
#201 = CARTESIAN_POINT('',(6.28496447157E-02,116.67483451989));
#202 = CARTESIAN_POINT('',(9.408793630609E-02,116.65787051766));
#203 = CARTESIAN_POINT('',(0.125193811844,116.6327973724));
#204 = CARTESIAN_POINT('',(0.156144029068,116.60012797399));
#205 = CARTESIAN_POINT('',(0.186893271409,116.56056936706));
#206 = CARTESIAN_POINT('',(0.217365019739,116.51501169169));
#207 = CARTESIAN_POINT('',(0.292550752451,116.38876419431));
#208 = CARTESIAN_POINT('',(0.337049085685,116.30142794858));
#209 = CARTESIAN_POINT('',(0.381107153147,116.2048331677));
#210 = CARTESIAN_POINT('',(0.424864257186,116.10108304022));
#211 = CARTESIAN_POINT('',(0.468455035777,115.99194102448));
#212 = CARTESIAN_POINT('',(0.512027868254,115.87881719172));
#213 = CARTESIAN_POINT('',(0.555757387332,115.76282392871));
#214 = CARTESIAN_POINT('',(0.647379539224,115.51775143762));
#215 = CARTESIAN_POINT('',(0.695229636311,115.38862850783));
#216 = CARTESIAN_POINT('',(0.743684544121,115.25861014553));
#217 = CARTESIAN_POINT('',(0.79300225048,115.12868629357));
#218 = CARTESIAN_POINT('',(0.843427715586,114.99992097735));
#219 = CARTESIAN_POINT('',(0.895195621286,114.87358182666));
#220 = CARTESIAN_POINT('',(0.948534741946,114.75123081992));
#221 = CARTESIAN_POINT('',(1.04005517688,114.55800273167));
#222 = CARTESIAN_POINT('',(1.077318200057,114.4835643119));
#223 = CARTESIAN_POINT('',(1.115501330013,114.41215777104));
#224 = CARTESIAN_POINT('',(1.15463812959,114.34451221492));
#225 = CARTESIAN_POINT('',(1.194765143365,114.28141421234));
#226 = CARTESIAN_POINT('',(1.23592277513,114.2237095612));
#227 = CARTESIAN_POINT('',(1.278156966699,114.17230408599));
#228 = CARTESIAN_POINT('',(1.371728059959,114.07705876121));
#229 = CARTESIAN_POINT('',(1.42366572606,114.03547209715));
#230 = CARTESIAN_POINT('',(1.476767698281,114.00573627674));
#231 = CARTESIAN_POINT('',(1.530548162221,113.9894290937));
#232 = CARTESIAN_POINT('',(1.584565676037,113.98733115643));
#233 = CARTESIAN_POINT('',(1.638388695386,113.99940679843));
#234 = CARTESIAN_POINT('',(1.691563414408,114.02480807586));
#235 = CARTESIAN_POINT('',(1.772275911053,114.08236097952));
#236 = CARTESIAN_POINT('',(1.800590494383,114.10635835382));
#237 = CARTESIAN_POINT('',(1.828518516968,114.13366208495));
#238 = CARTESIAN_POINT('',(1.856048776992,114.16402701548));
#239 = CARTESIAN_POINT('',(1.883167836178,114.1971955643));
#240 = CARTESIAN_POINT('',(1.909859829382,114.23289857021));
#241 = CARTESIAN_POINT('',(1.936106274177,114.27085613546));
#242 = CARTESIAN_POINT('',(2.045278378569,114.43992020699));
#243 = CARTESIAN_POINT('',(2.124169190632,114.59021561746));
#244 = CARTESIAN_POINT('',(2.199206189798,114.75443449526));
#245 = CARTESIAN_POINT('',(2.270971813817,114.92707574853));
#246 = CARTESIAN_POINT('',(2.340053888756,115.10409867926));
#247 = CARTESIAN_POINT('',(2.407092982159,115.28258709909));
#248 = CARTESIAN_POINT('',(2.472809985323,115.46039892545));
#249 = CARTESIAN_POINT('',(2.59754851728,115.79424319782));
#250 = CARTESIAN_POINT('',(2.656584989849,115.95064181277));
#251 = CARTESIAN_POINT('',(2.715549963765,116.10161844753));
#252 = CARTESIAN_POINT('',(2.774724381659,116.24387303868));
#253 = CARTESIAN_POINT('',(2.834341610711,116.37312891668));
#254 = CARTESIAN_POINT('',(2.894663307315,116.48413291781));
#255 = CARTESIAN_POINT('',(2.956076104428,116.57096430941));
#256 = CARTESIAN_POINT('',(3.034375197401,116.6412979819));
#257 = CARTESIAN_POINT('',(3.049602238676,116.65314708886));
#258 = CARTESIAN_POINT('',(3.064873896606,116.66313476822));
#259 = CARTESIAN_POINT('',(3.080180363778,116.67119423469));
#260 = CARTESIAN_POINT('',(3.095512871739,116.67727459301));
#261 = CARTESIAN_POINT('',(3.11086360687,116.68134106611));
#262 = CARTESIAN_POINT('',(3.126225626261,116.68337522354));
#263 = CARTESIAN_POINT('',(3.14159277359,116.68337520964));
#264 = ( GEOMETRIC_REPRESENTATION_CONTEXT(2) 
PARAMETRIC_REPRESENTATION_CONTEXT() REPRESENTATION_CONTEXT('2D SPACE',''
  ) );
#265 = PCURVE('',#266,#271);
#266 = CYLINDRICAL_SURFACE('',#267,6.);
#267 = AXIS2_PLACEMENT_3D('',#268,#269,#270);
#268 = CARTESIAN_POINT('',(-85.,60.,545.));
#269 = DIRECTION('',(1.,0.,0.));
#270 = DIRECTION('',(-0.,0.,1.));
#271 = DEFINITIONAL_REPRESENTATION('',(#272),#338);
#272 = B_SPLINE_CURVE_WITH_KNOTS('',8,(#273,#274,#275,#276,#277,#278,
    #279,#280,#281,#282,#283,#284,#285,#286,#287,#288,#289,#290,#291,
    #292,#293,#294,#295,#296,#297,#298,#299,#300,#301,#302,#303,#304,
    #305,#306,#307,#308,#309,#310,#311,#312,#313,#314,#315,#316,#317,
    #318,#319,#320,#321,#322,#323,#324,#325,#326,#327,#328,#329,#330,
    #331,#332,#333,#334,#335,#336,#337),.UNSPECIFIED.,.F.,.F.,(9,7,7,7,7
    ,7,7,7,7,9),(0.,8.481328344275E-02,0.212024548198,0.349125027957,
    0.439553282277,0.544248444142,0.601993215512,0.788787408071,
    0.959074741785,1.),.UNSPECIFIED.);
#273 = CARTESIAN_POINT('',(0.585685543457,-1.224646799646E-15));
#274 = CARTESIAN_POINT('',(0.585685543457,0.157436751802));
#275 = CARTESIAN_POINT('',(0.587393667258,0.314248416398));
#276 = CARTESIAN_POINT('',(0.59078650434,0.470201518408));
#277 = CARTESIAN_POINT('',(0.595811950544,0.625025577003));
#278 = CARTESIAN_POINT('',(0.602388409399,0.778382075821));
#279 = CARTESIAN_POINT('',(0.610403254825,0.929834412016));
#280 = CARTESIAN_POINT('',(0.619710555237,1.078818824473));
#281 = CARTESIAN_POINT('',(0.64575325096,1.443297628603));
#282 = CARTESIAN_POINT('',(0.663972712001,1.656164692107));
#283 = CARTESIAN_POINT('',(0.684429642102,1.863506821756));
#284 = CARTESIAN_POINT('',(0.706823627894,2.065481894437));
#285 = CARTESIAN_POINT('',(0.730924348611,2.262218504094));
#286 = CARTESIAN_POINT('',(0.75657588878,2.453870746413));
#287 = CARTESIAN_POINT('',(0.783696169878,2.640619198222));
#288 = CARTESIAN_POINT('',(0.843077611128,3.018751970519));
#289 = CARTESIAN_POINT('',(0.875508465005,3.208947677445));
#290 = CARTESIAN_POINT('',(0.909556891892,3.393503554125));
#291 = CARTESIAN_POINT('',(0.945269882109,3.572390829164));
#292 = CARTESIAN_POINT('',(0.98272824526,3.745224455143));
#293 = CARTESIAN_POINT('',(1.022031862221,3.911221010608));
#294 = CARTESIAN_POINT('',(1.063293727033,4.069147622147));
#295 = CARTESIAN_POINT('',(1.135232610303,4.314971825617));
#296 = CARTESIAN_POINT('',(1.164812168317,4.408683636246));
#297 = CARTESIAN_POINT('',(1.195390425731,4.497747809485));
#298 = CARTESIAN_POINT('',(1.226979192963,4.581439751082));
#299 = CARTESIAN_POINT('',(1.259591769578,4.658965801123));
#300 = CARTESIAN_POINT('',(1.293243220968,4.729457929128));
#301 = CARTESIAN_POINT('',(1.327950963918,4.791967499581));
#302 = CARTESIAN_POINT('',(1.405166126486,4.907387954203));
#303 = CARTESIAN_POINT('',(1.448218481562,4.957494905387));
#304 = CARTESIAN_POINT('',(1.492389967709,4.993155450686));
#305 = CARTESIAN_POINT('',(1.537224514133,5.012659793034));
#306 = CARTESIAN_POINT('',(1.58229192136,5.015177652579));
#307 = CARTESIAN_POINT('',(1.627167941235,5.000744158162));
#308 = CARTESIAN_POINT('',(1.671415253421,4.970265826744));
#309 = CARTESIAN_POINT('',(1.738364831555,4.900881692097));
#310 = CARTESIAN_POINT('',(1.761808767686,4.871907068955));
#311 = CARTESIAN_POINT('',(1.784881662633,4.838874906848));
#312 = CARTESIAN_POINT('',(1.807566974675,4.802048182726));
#313 = CARTESIAN_POINT('',(1.829847030874,4.761701366957));
#314 = CARTESIAN_POINT('',(1.851702953445,4.718121085313));
#315 = CARTESIAN_POINT('',(1.873114586123,4.671606780943));
#316 = CARTESIAN_POINT('',(1.961816515716,4.463526973094));
#317 = CARTESIAN_POINT('',(2.025010065079,4.276424298154));
#318 = CARTESIAN_POINT('',(2.084012620788,4.068554117423));
#319 = CARTESIAN_POINT('',(2.139159662116,3.84508995413));
#320 = CARTESIAN_POINT('',(2.190768522993,3.609388121756));
#321 = CARTESIAN_POINT('',(2.239134780391,3.363113881963));
#322 = CARTESIAN_POINT('',(2.284508500287,3.106386649224));
#323 = CARTESIAN_POINT('',(2.365603899277,2.592877313847));
#324 = CARTESIAN_POINT('',(2.401782964306,2.338365718765));
#325 = CARTESIAN_POINT('',(2.435329621712,2.074300135773));
#326 = CARTESIAN_POINT('',(2.465897425524,1.800727077955));
#327 = CARTESIAN_POINT('',(2.492934017873,1.517839362619));
#328 = CARTESIAN_POINT('',(2.515699259641,1.225681242588));
#329 = CARTESIAN_POINT('',(2.53329774861,0.923695133808));
#330 = CARTESIAN_POINT('',(2.547470497873,0.535128126825));
#331 = CARTESIAN_POINT('',(2.549852313007,0.459401832456));
#332 = CARTESIAN_POINT('',(2.551855952581,0.383317940685));
#333 = CARTESIAN_POINT('',(2.553470311038,0.306950952523));
#334 = CARTESIAN_POINT('',(2.554686988713,0.230371264133));
#335 = CARTESIAN_POINT('',(2.555500271902,0.153645215091));
#336 = CARTESIAN_POINT('',(2.555907112913,7.683513664882E-02));
#337 = CARTESIAN_POINT('',(2.555907110133,-6.E-07));
#338 = ( GEOMETRIC_REPRESENTATION_CONTEXT(2) 
PARAMETRIC_REPRESENTATION_CONTEXT() REPRESENTATION_CONTEXT('2D SPACE',''
  ) );
#339 = ORIENTED_EDGE('',*,*,#340,.F.);
#340 = EDGE_CURVE('',#341,#44,#343,.T.);
#341 = VERTEX_POINT('',#342);
#342 = CARTESIAN_POINT('',(-85.,3.316624790355,550.));
#343 = SEAM_CURVE('',#344,(#348,#355),.PCURVE_S1.);
#344 = LINE('',#345,#346);
#345 = CARTESIAN_POINT('',(-85.,-60.,550.));
#346 = VECTOR('',#347,1.);
#347 = DIRECTION('',(0.,1.,0.));
#348 = PCURVE('',#54,#349);
#349 = DEFINITIONAL_REPRESENTATION('',(#350),#354);
#350 = LINE('',#351,#352);
#351 = CARTESIAN_POINT('',(6.28318530718,-0.));
#352 = VECTOR('',#353,1.);
#353 = DIRECTION('',(0.,1.));
#354 = ( GEOMETRIC_REPRESENTATION_CONTEXT(2) 
PARAMETRIC_REPRESENTATION_CONTEXT() REPRESENTATION_CONTEXT('2D SPACE',''
  ) );
#355 = PCURVE('',#54,#356);
#356 = DEFINITIONAL_REPRESENTATION('',(#357),#361);
#357 = LINE('',#358,#359);
#358 = CARTESIAN_POINT('',(0.,-0.));
#359 = VECTOR('',#360,1.);
#360 = DIRECTION('',(0.,1.));
#361 = ( GEOMETRIC_REPRESENTATION_CONTEXT(2) 
PARAMETRIC_REPRESENTATION_CONTEXT() REPRESENTATION_CONTEXT('2D SPACE',''
  ) );
#362 = ORIENTED_EDGE('',*,*,#363,.T.);
#363 = EDGE_CURVE('',#341,#364,#366,.T.);
#364 = VERTEX_POINT('',#365);
#365 = CARTESIAN_POINT('',(-85.,3.316624790355,540.));
#366 = SURFACE_CURVE('',#367,(#436,#508),.PCURVE_S1.);
#367 = B_SPLINE_CURVE_WITH_KNOTS('',7,(#368,#369,#370,#371,#372,#373,
    #374,#375,#376,#377,#378,#379,#380,#381,#382,#383,#384,#385,#386,
    #387,#388,#389,#390,#391,#392,#393,#394,#395,#396,#397,#398,#399,
    #400,#401,#402,#403,#404,#405,#406,#407,#408,#409,#410,#411,#412,
    #413,#414,#415,#416,#417,#418,#419,#420,#421,#422,#423,#424,#425,
    #426,#427,#428,#429,#430,#431,#432,#433,#434,#435),.UNSPECIFIED.,.F.
  ,.F.,(8,6,6,6,6,6,6,6,6,6,6,8),(0.,8.470323623586E-02,0.211749441141,
    0.348672029544,0.438982950906,0.54390912145,0.60248535696,
    0.653875775171,0.788640388978,0.915431188855,0.98307914205,1.),
  .UNSPECIFIED.);
#368 = CARTESIAN_POINT('',(-85.,3.316624790355,550.));
#369 = CARTESIAN_POINT('',(-84.820072284,3.316624790355,550.));
#370 = CARTESIAN_POINT('',(-84.64097801697,3.328012376646,
    549.99244614383));
#371 = CARTESIAN_POINT('',(-84.46309076012,3.350599745743,
    549.97746398954));
#372 = CARTESIAN_POINT('',(-84.28685808529,3.383805509545,549.9552018));
#373 = CARTESIAN_POINT('',(-84.11288432183,3.426649553628,
    549.92586258135));
#374 = CARTESIAN_POINT('',(-83.94200938684,3.477773870806,
    549.88980487999));
#375 = CARTESIAN_POINT('',(-83.52546218176,3.622056725078,
    549.78457782402));
#376 = CARTESIAN_POINT('',(-83.2832930166,3.724077160194,549.70741049955
    ));
#377 = CARTESIAN_POINT('',(-83.04841327523,3.837820635549,549.6170036454
    ));
#378 = CARTESIAN_POINT('',(-82.82062293589,3.960013284004,
    549.51379218959));
#379 = CARTESIAN_POINT('',(-82.59971242925,4.088135128033,549.3979770528
    ));
#380 = CARTESIAN_POINT('',(-82.38537972658,4.220325848998,
    549.26933909963));
#381 = CARTESIAN_POINT('',(-81.95322798682,4.500408695949,
    548.97378052211));
#382 = CARTESIAN_POINT('',(-81.73699376779,4.648359090905,
    548.80504473865));
#383 = CARTESIAN_POINT('',(-81.52819805272,4.797208312608,
    548.61994774978));
#384 = CARTESIAN_POINT('',(-81.32702028895,4.945419100233,
    548.41713174669));
#385 = CARTESIAN_POINT('',(-81.13436763803,5.091178893342,
    548.19497819639));
#386 = CARTESIAN_POINT('',(-80.95201304347,5.232136013333,
    547.95179696389));
#387 = CARTESIAN_POINT('',(-80.67107109665,5.452968114193,
    547.51069228567));
#388 = CARTESIAN_POINT('',(-80.56473145278,5.537591546062,
    547.32496463929));
#389 = CARTESIAN_POINT('',(-80.46476463315,5.617992638692,547.1285520574
    ));
#390 = CARTESIAN_POINT('',(-80.37235586468,5.692982931468,
    546.92125014025));
#391 = CARTESIAN_POINT('',(-80.28883142253,5.761257214646,
    546.70294550851));
#392 = CARTESIAN_POINT('',(-80.21567401589,5.821390111235,
    546.47364476733));
#393 = CARTESIAN_POINT('',(-80.0835165992,5.930446830129,545.95450379395
    ));
#394 = CARTESIAN_POINT('',(-80.02837911969,5.976266350849,
    545.65951897992));
#395 = CARTESIAN_POINT('',(-79.99335323749,6.005537961753,
    545.35378933558));
#396 = CARTESIAN_POINT('',(-79.98081750604,6.016029974019,
    545.04276668838));
#397 = CARTESIAN_POINT('',(-79.99139835538,6.007149199748,
    544.73203420285));
#398 = CARTESIAN_POINT('',(-80.02398243279,5.979959684044,
    544.42716712209));
#399 = CARTESIAN_POINT('',(-80.10449117038,5.913184175174,
    543.96961372876));
#400 = CARTESIAN_POINT('',(-80.13924693833,5.884408127224,
    543.80938774558));
#401 = CARTESIAN_POINT('',(-80.17949108652,5.851169318722,543.6531598072
    ));
#402 = CARTESIAN_POINT('',(-80.22477807128,5.813884649607,
    543.50120695682));
#403 = CARTESIAN_POINT('',(-80.27463932294,5.772995180207,
    543.35378181821));
#404 = CARTESIAN_POINT('',(-80.32858136905,5.72896374102,543.21111246429
    ));
#405 = CARTESIAN_POINT('',(-80.43653243789,5.641309168908,
    542.95258565061));
#406 = CARTESIAN_POINT('',(-80.48978880171,5.598243821066,
    542.83542458561));
#407 = CARTESIAN_POINT('',(-80.54560542429,5.553318768438,
    542.72185914037));
#408 = CARTESIAN_POINT('',(-80.60375813128,5.506757597165,
    542.61182126075));
#409 = CARTESIAN_POINT('',(-80.66404625889,5.458765385753,
    542.50523500659));
#410 = CARTESIAN_POINT('',(-80.72629271415,5.409528880749,
    542.40201676951));
#411 = CARTESIAN_POINT('',(-80.95831020172,5.227279522274,
    542.03999262944));
#412 = CARTESIAN_POINT('',(-81.13898111556,5.087714924312,
    541.79998842502));
#413 = CARTESIAN_POINT('',(-81.32969953905,4.943494708394,
    541.58052556882));
#414 = CARTESIAN_POINT('',(-81.528761577,4.796888334274,541.37996981565)
  );
#415 = CARTESIAN_POINT('',(-81.73529098101,4.649651866739,
    541.19675762341));
#416 = CARTESIAN_POINT('',(-81.94910850454,4.50327941124,541.02957492598
    ));
#417 = CARTESIAN_POINT('',(-82.37912838487,4.224194295952,
    540.73444571315));
#418 = CARTESIAN_POINT('',(-82.59395988556,4.09149827451,540.60509326871
    ));
#419 = CARTESIAN_POINT('',(-82.81540376268,3.962859647881,
    540.48864840154));
#420 = CARTESIAN_POINT('',(-83.0437656909,3.840146312003,540.38488312087
    ));
#421 = CARTESIAN_POINT('',(-83.27925797939,3.725892145677,
    540.29399634393));
#422 = CARTESIAN_POINT('',(-83.52208211208,3.623395484255,
    540.21642422262));
#423 = CARTESIAN_POINT('',(-83.90642120443,3.490012587435,
    540.11910745973));
#424 = CARTESIAN_POINT('',(-84.04263166824,3.447929797321,
    540.08919788547));
#425 = CARTESIAN_POINT('',(-84.18086557921,3.410966868071,
    540.06352858882));
#426 = CARTESIAN_POINT('',(-84.32076135349,3.379811287884,540.0422877448
    ));
#427 = CARTESIAN_POINT('',(-84.46204936256,3.355027882487,
    540.02560632291));
#428 = CARTESIAN_POINT('',(-84.60453468548,3.337050493505,
    540.01359201006));
#429 = CARTESIAN_POINT('',(-84.78398410202,3.323459206698,
    540.00453910259));
#430 = CARTESIAN_POINT('',(-84.81993059446,3.321186224752,
    540.00302761194));
#431 = CARTESIAN_POINT('',(-84.85591066073,3.31936373252,540.00181719));
#432 = CARTESIAN_POINT('',(-84.89191613672,3.317994793958,
    540.00090875347));
#433 = CARTESIAN_POINT('',(-84.92793867288,3.317081463056,540.0003029175
    ));
#434 = CARTESIAN_POINT('',(-84.96396973414,3.316624783837,
    539.99999999567));
#435 = CARTESIAN_POINT('',(-85.0000006,3.316624790355,540.));
#436 = PCURVE('',#54,#437);
#437 = DEFINITIONAL_REPRESENTATION('',(#438),#507);
#438 = B_SPLINE_CURVE_WITH_KNOTS('',7,(#439,#440,#441,#442,#443,#444,
    #445,#446,#447,#448,#449,#450,#451,#452,#453,#454,#455,#456,#457,
    #458,#459,#460,#461,#462,#463,#464,#465,#466,#467,#468,#469,#470,
    #471,#472,#473,#474,#475,#476,#477,#478,#479,#480,#481,#482,#483,
    #484,#485,#486,#487,#488,#489,#490,#491,#492,#493,#494,#495,#496,
    #497,#498,#499,#500,#501,#502,#503,#504,#505,#506),.UNSPECIFIED.,.F.
  ,.F.,(8,6,6,6,6,6,6,6,6,6,6,8),(0.,8.470323623586E-02,0.211749441141,
    0.348672029544,0.438982950906,0.54390912145,0.60248535696,
    0.653875775171,0.788640388978,0.915431188855,0.98307914205,1.),
  .UNSPECIFIED.);
#439 = CARTESIAN_POINT('',(0.,63.316624790355));
#440 = CARTESIAN_POINT('',(3.598554319918E-02,63.316624790355));
#441 = CARTESIAN_POINT('',(7.180434518594E-02,63.328012376646));
#442 = CARTESIAN_POINT('',(0.107458091025,63.350599745743));
#443 = CARTESIAN_POINT('',(0.142929532777,63.383805509545));
#444 = CARTESIAN_POINT('',(0.178168189654,63.426649553628));
#445 = CARTESIAN_POINT('',(0.213068516592,63.477773870806));
#446 = CARTESIAN_POINT('',(0.298995068337,63.622056725078));
#447 = CARTESIAN_POINT('',(0.349733758135,63.724077160194));
#448 = CARTESIAN_POINT('',(0.399931190154,63.837820635549));
#449 = CARTESIAN_POINT('',(0.449797324218,63.960013284004));
#450 = CARTESIAN_POINT('',(0.499551221707,64.088135128033));
#451 = CARTESIAN_POINT('',(0.549457807892,64.220325848998));
#452 = CARTESIAN_POINT('',(0.654168838625,64.500408695949));
#453 = CARTESIAN_POINT('',(0.708916568874,64.648359090905));
#454 = CARTESIAN_POINT('',(0.764545329269,64.797208312608));
#455 = CARTESIAN_POINT('',(0.821459171691,64.945419100233));
#456 = CARTESIAN_POINT('',(0.880041955412,65.091178893342));
#457 = CARTESIAN_POINT('',(0.940656618905,65.232136013333));
#458 = CARTESIAN_POINT('',(1.045251401687,65.452968114193));
#459 = CARTESIAN_POINT('',(1.088007132847,65.537591546062));
#460 = CARTESIAN_POINT('',(1.131997848313,65.617992638692));
#461 = CARTESIAN_POINT('',(1.177278410867,65.692982931468));
#462 = CARTESIAN_POINT('',(1.223909697528,65.761257214646));
#463 = CARTESIAN_POINT('',(1.271962007936,65.821390111235));
#464 = CARTESIAN_POINT('',(1.379101717293,65.930446830129));
#465 = CARTESIAN_POINT('',(1.438995744157,65.976266350849));
#466 = CARTESIAN_POINT('',(1.500291467311,66.005537961753));
#467 = CARTESIAN_POINT('',(1.56224068133,66.016029974019));
#468 = CARTESIAN_POINT('',(1.624159743905,66.007149199748));
#469 = CARTESIAN_POINT('',(1.685340023453,65.979959684044));
#470 = CARTESIAN_POINT('',(1.778256494453,65.913184175174));
#471 = CARTESIAN_POINT('',(1.811021457577,65.884408127224));
#472 = CARTESIAN_POINT('',(1.843249335032,65.851169318722));
#473 = CARTESIAN_POINT('',(1.874921914215,65.813884649607));
#474 = CARTESIAN_POINT('',(1.906016155045,65.772995180207));
#475 = CARTESIAN_POINT('',(1.93650370363,65.72896374102));
#476 = CARTESIAN_POINT('',(1.992535675454,65.641309168908));
#477 = CARTESIAN_POINT('',(2.018262681065,65.598243821066));
#478 = CARTESIAN_POINT('',(2.043552691907,65.553318768438));
#479 = CARTESIAN_POINT('',(2.068425751934,65.506757597165));
#480 = CARTESIAN_POINT('',(2.092901396031,65.458765385753));
#481 = CARTESIAN_POINT('',(2.116999366127,65.409528880749));
#482 = CARTESIAN_POINT('',(2.202997876007,65.227279522274));
#483 = CARTESIAN_POINT('',(2.262908742464,65.087714924312));
#484 = CARTESIAN_POINT('',(2.32083914537,64.943494708394));
#485 = CARTESIAN_POINT('',(2.37714096683,64.796888334274));
#486 = CARTESIAN_POINT('',(2.432185857251,64.649651866739));
#487 = CARTESIAN_POINT('',(2.486364839151,64.50327941124));
#488 = CARTESIAN_POINT('',(2.590675595978,64.224194295952));
#489 = CARTESIAN_POINT('',(2.640740404561,64.09149827451));
#490 = CARTESIAN_POINT('',(2.69064608691,63.962859647881));
#491 = CARTESIAN_POINT('',(2.740660756637,63.840146312003));
#492 = CARTESIAN_POINT('',(2.791005813589,63.725892145677));
#493 = CARTESIAN_POINT('',(2.841893068198,63.623395484255));
#494 = CARTESIAN_POINT('',(2.921186722485,63.490012587435));
#495 = CARTESIAN_POINT('',(2.94906370531,63.447929797321));
#496 = CARTESIAN_POINT('',(2.977159156586,63.410966868071));
#497 = CARTESIAN_POINT('',(3.005431181371,63.379811287884));
#498 = CARTESIAN_POINT('',(3.033859810032,63.355027882487));
#499 = CARTESIAN_POINT('',(3.062441739841,63.337050493505));
#500 = CARTESIAN_POINT('',(3.098377264455,63.323459206698));
#501 = CARTESIAN_POINT('',(3.10557266171,63.321186224752));
#502 = CARTESIAN_POINT('',(3.112772340185,63.31936373252));
#503 = CARTESIAN_POINT('',(3.119975270396,63.317994793958));
#504 = CARTESIAN_POINT('',(3.127180389325,63.317081463056));
#505 = CARTESIAN_POINT('',(3.134386600419,63.316624783837));
#506 = CARTESIAN_POINT('',(3.14159277359,63.316624790355));
#507 = ( GEOMETRIC_REPRESENTATION_CONTEXT(2) 
PARAMETRIC_REPRESENTATION_CONTEXT() REPRESENTATION_CONTEXT('2D SPACE',''
  ) );
#508 = PCURVE('',#509,#514);
#509 = CYLINDRICAL_SURFACE('',#510,6.);
#510 = AXIS2_PLACEMENT_3D('',#511,#512,#513);
#511 = CARTESIAN_POINT('',(-85.,0.,545.));
#512 = DIRECTION('',(1.,0.,0.));
#513 = DIRECTION('',(-0.,0.,1.));
#514 = DEFINITIONAL_REPRESENTATION('',(#515),#584);
#515 = B_SPLINE_CURVE_WITH_KNOTS('',7,(#516,#517,#518,#519,#520,#521,
    #522,#523,#524,#525,#526,#527,#528,#529,#530,#531,#532,#533,#534,
    #535,#536,#537,#538,#539,#540,#541,#542,#543,#544,#545,#546,#547,
    #548,#549,#550,#551,#552,#553,#554,#555,#556,#557,#558,#559,#560,
    #561,#562,#563,#564,#565,#566,#567,#568,#569,#570,#571,#572,#573,
    #574,#575,#576,#577,#578,#579,#580,#581,#582,#583),.UNSPECIFIED.,.F.
  ,.F.,(8,6,6,6,6,6,6,6,6,6,6,8),(0.,8.470323623586E-02,0.211749441141,
    0.348672029544,0.438982950906,0.54390912145,0.60248535696,
    0.653875775171,0.788640388978,0.915431188855,0.98307914205,1.),
  .UNSPECIFIED.);
#516 = CARTESIAN_POINT('',(5.697499763722,-1.224646799646E-15));
#517 = CARTESIAN_POINT('',(5.697499763722,0.179927715996));
#518 = CARTESIAN_POINT('',(5.69522226533,0.359021983023));
#519 = CARTESIAN_POINT('',(5.690704725348,0.536909239874));
#520 = CARTESIAN_POINT('',(5.684041987902,0.713141914703));
#521 = CARTESIAN_POINT('',(5.675388414209,0.887115678165));
#522 = CARTESIAN_POINT('',(5.664962966795,1.057990613156));
#523 = CARTESIAN_POINT('',(5.635199885943,1.474537818236));
#524 = CARTESIAN_POINT('',(5.613883498257,1.716706983399));
#525 = CARTESIAN_POINT('',(5.58967896517,1.95158672477));
#526 = CARTESIAN_POINT('',(5.563044393401,2.179377064103));
#527 = CARTESIAN_POINT('',(5.53428856718,2.400287570746));
#528 = CARTESIAN_POINT('',(5.50357197206,2.614620273411));
#529 = CARTESIAN_POINT('',(5.435707467776,3.046772013176));
#530 = CARTESIAN_POINT('',(5.398333300308,3.263006232203));
#531 = CARTESIAN_POINT('',(5.358805484275,3.471801947277));
#532 = CARTESIAN_POINT('',(5.317025365866,3.67297971105));
#533 = CARTESIAN_POINT('',(5.27284322201,3.865632361968));
#534 = CARTESIAN_POINT('',(5.226084113806,4.047986956523));
#535 = CARTESIAN_POINT('',(5.143868247212,4.328928903346));
#536 = CARTESIAN_POINT('',(5.109874769413,4.435268547213));
#537 = CARTESIAN_POINT('',(5.074546948669,4.535235366848));
#538 = CARTESIAN_POINT('',(5.037865279764,4.627644135315));
#539 = CARTESIAN_POINT('',(4.999807300664,4.711168577468));
#540 = CARTESIAN_POINT('',(4.960346442856,4.78432598411));
#541 = CARTESIAN_POINT('',(4.871934415303,4.9164834008));
#542 = CARTESIAN_POINT('',(4.822250233513,4.971620880302));
#543 = CARTESIAN_POINT('',(4.771206479602,5.006646762505));
#544 = CARTESIAN_POINT('',(4.719518076742,5.019182493951));
#545 = CARTESIAN_POINT('',(4.667861794197,5.008601644615));
#546 = CARTESIAN_POINT('',(4.616928545314,4.976017567204));
#547 = CARTESIAN_POINT('',(4.539861821637,4.895508829613));
#548 = CARTESIAN_POINT('',(4.512744826696,4.86075306167));
#549 = CARTESIAN_POINT('',(4.486145368456,4.820508913473));
#550 = CARTESIAN_POINT('',(4.460090364666,4.775221928716));
#551 = CARTESIAN_POINT('',(4.434609153842,4.725360677055));
#552 = CARTESIAN_POINT('',(4.409733669841,4.67141863095));
#553 = CARTESIAN_POINT('',(4.364236588919,4.563467562107));
#554 = CARTESIAN_POINT('',(4.343439063508,4.510211198289));
#555 = CARTESIAN_POINT('',(4.32309386653,4.454394575706));
#556 = CARTESIAN_POINT('',(4.303189578244,4.396241868713));
#557 = CARTESIAN_POINT('',(4.283715136506,4.335953741103));
#558 = CARTESIAN_POINT('',(4.264659440441,4.273707285844));
#559 = CARTESIAN_POINT('',(4.197107751042,4.041689798276));
#560 = CARTESIAN_POINT('',(4.150919707534,3.861018884435));
#561 = CARTESIAN_POINT('',(4.107249722048,3.670300460946));
#562 = CARTESIAN_POINT('',(4.065928775375,3.471238422995));
#563 = CARTESIAN_POINT('',(4.026812447838,3.264709018987));
#564 = CARTESIAN_POINT('',(3.989805543247,3.050891495458));
#565 = CARTESIAN_POINT('',(3.922107325266,2.620871615127));
#566 = CARTESIAN_POINT('',(3.891247675333,2.406040114439));
#567 = CARTESIAN_POINT('',(3.862357961913,2.184596237314));
#568 = CARTESIAN_POINT('',(3.835597867253,1.956234309095));
#569 = CARTESIAN_POINT('',(3.811277102234,1.720742020604));
#570 = CARTESIAN_POINT('',(3.789856759731,1.477917887919));
#571 = CARTESIAN_POINT('',(3.762338306577,1.093578795561));
#572 = CARTESIAN_POINT('',(3.75373416157,0.957368331756));
#573 = CARTESIAN_POINT('',(3.746234422835,0.819134420786));
#574 = CARTESIAN_POINT('',(3.73995011756,0.679238646502));
#575 = CARTESIAN_POINT('',(3.734971045908,0.537950637439));
#576 = CARTESIAN_POINT('',(3.731367316449,0.39546531452));
#577 = CARTESIAN_POINT('',(3.72864560227,0.216015897972));
#578 = CARTESIAN_POINT('',(3.728190658753,0.180069405538));
#579 = CARTESIAN_POINT('',(3.727826020568,0.144089339268));
#580 = CARTESIAN_POINT('',(3.727552197446,0.10808386327));
#581 = CARTESIAN_POINT('',(3.727369531205,7.206132711916E-02));
#582 = CARTESIAN_POINT('',(3.727278195743,3.603026585872E-02));
#583 = CARTESIAN_POINT('',(3.727278197047,-6.E-07));
#584 = ( GEOMETRIC_REPRESENTATION_CONTEXT(2) 
PARAMETRIC_REPRESENTATION_CONTEXT() REPRESENTATION_CONTEXT('2D SPACE',''
  ) );
#585 = ORIENTED_EDGE('',*,*,#586,.F.);
#586 = EDGE_CURVE('',#587,#364,#589,.T.);
#587 = VERTEX_POINT('',#588);
#588 = CARTESIAN_POINT('',(-85.,-3.316624790355,540.));
#589 = SURFACE_CURVE('',#590,(#594,#600),.PCURVE_S1.);
#590 = LINE('',#591,#592);
#591 = CARTESIAN_POINT('',(-85.,-60.,540.));
#592 = VECTOR('',#593,1.);
#593 = DIRECTION('',(0.,1.,0.));
#594 = PCURVE('',#54,#595);
#595 = DEFINITIONAL_REPRESENTATION('',(#596),#599);
#596 = B_SPLINE_CURVE_WITH_KNOTS('',1,(#597,#598),.UNSPECIFIED.,.F.,.F.,
  (2,2),(52.8,67.2),.PIECEWISE_BEZIER_KNOTS.);
#597 = CARTESIAN_POINT('',(3.14159265359,52.8));
#598 = CARTESIAN_POINT('',(3.14159265359,67.2));
#599 = ( GEOMETRIC_REPRESENTATION_CONTEXT(2) 
PARAMETRIC_REPRESENTATION_CONTEXT() REPRESENTATION_CONTEXT('2D SPACE',''
  ) );
#600 = PCURVE('',#601,#606);
#601 = PLANE('',#602);
#602 = AXIS2_PLACEMENT_3D('',#603,#604,#605);
#603 = CARTESIAN_POINT('',(-85.,0.,545.));
#604 = DIRECTION('',(1.,0.,0.));
#605 = DIRECTION('',(-0.,0.,1.));
#606 = DEFINITIONAL_REPRESENTATION('',(#607),#610);
#607 = B_SPLINE_CURVE_WITH_KNOTS('',1,(#608,#609),.UNSPECIFIED.,.F.,.F.,
  (2,2),(52.8,67.2),.PIECEWISE_BEZIER_KNOTS.);
#608 = CARTESIAN_POINT('',(-5.,7.2));
#609 = CARTESIAN_POINT('',(-5.,-7.2));
#610 = ( GEOMETRIC_REPRESENTATION_CONTEXT(2) 
PARAMETRIC_REPRESENTATION_CONTEXT() REPRESENTATION_CONTEXT('2D SPACE',''
  ) );
#611 = ORIENTED_EDGE('',*,*,#612,.F.);
#612 = EDGE_CURVE('',#613,#587,#615,.T.);
#613 = VERTEX_POINT('',#614);
#614 = CARTESIAN_POINT('',(-85.,-3.316624790355,550.));
#615 = SURFACE_CURVE('',#616,(#685,#757),.PCURVE_S1.);
#616 = B_SPLINE_CURVE_WITH_KNOTS('',7,(#617,#618,#619,#620,#621,#622,
    #623,#624,#625,#626,#627,#628,#629,#630,#631,#632,#633,#634,#635,
    #636,#637,#638,#639,#640,#641,#642,#643,#644,#645,#646,#647,#648,
    #649,#650,#651,#652,#653,#654,#655,#656,#657,#658,#659,#660,#661,
    #662,#663,#664,#665,#666,#667,#668,#669,#670,#671,#672,#673,#674,
    #675,#676,#677,#678,#679,#680,#681,#682,#683,#684),.UNSPECIFIED.,.F.
  ,.F.,(8,6,6,6,6,6,6,6,6,6,6,8),(0.,8.470323543118E-02,0.211749439406,
    0.348672026805,0.438982947501,0.543909118083,0.602485354078,
    0.653875772665,0.788640387448,0.915431188242,0.983079141928,1.),
  .UNSPECIFIED.);
#617 = CARTESIAN_POINT('',(-85.,-3.316624790355,550.));
#618 = CARTESIAN_POINT('',(-84.82007228365,-3.316624790355,550.));
#619 = CARTESIAN_POINT('',(-84.64097801691,-3.328012376692,
    549.9924461438));
#620 = CARTESIAN_POINT('',(-84.46309076039,-3.350599745726,
    549.97746398955));
#621 = CARTESIAN_POINT('',(-84.28685808559,-3.383805509457,
    549.95520180006));
#622 = CARTESIAN_POINT('',(-84.11288432181,-3.426649553597,
    549.92586258138));
#623 = CARTESIAN_POINT('',(-83.94200938648,-3.477773870932,
    549.8898048799));
#624 = CARTESIAN_POINT('',(-83.52546218176,-3.622056725079,
    549.78457782402));
#625 = CARTESIAN_POINT('',(-83.2832930166,-3.724077160194,
    549.70741049955));
#626 = CARTESIAN_POINT('',(-83.04841327522,-3.83782063555,
    549.61700364539));
#627 = CARTESIAN_POINT('',(-82.82062293589,-3.960013284003,
    549.5137921896));
#628 = CARTESIAN_POINT('',(-82.59971242925,-4.088135128034,
    549.3979770528));
#629 = CARTESIAN_POINT('',(-82.38537972659,-4.220325848998,
    549.26933909963));
#630 = CARTESIAN_POINT('',(-81.95322798682,-4.500408695949,
    548.97378052211));
#631 = CARTESIAN_POINT('',(-81.73699376779,-4.648359090905,
    548.80504473865));
#632 = CARTESIAN_POINT('',(-81.52819805272,-4.797208312609,
    548.61994774977));
#633 = CARTESIAN_POINT('',(-81.32702028895,-4.945419100232,
    548.41713174669));
#634 = CARTESIAN_POINT('',(-81.13436763803,-5.091178893343,
    548.19497819639));
#635 = CARTESIAN_POINT('',(-80.95201304347,-5.232136013333,
    547.95179696389));
#636 = CARTESIAN_POINT('',(-80.67107109665,-5.452968114189,
    547.51069228568));
#637 = CARTESIAN_POINT('',(-80.56473145278,-5.537591546067,
    547.32496463928));
#638 = CARTESIAN_POINT('',(-80.46476463315,-5.617992638694,
    547.12855205739));
#639 = CARTESIAN_POINT('',(-80.37235586468,-5.692982931465,
    546.92125014026));
#640 = CARTESIAN_POINT('',(-80.28883142253,-5.761257214644,
    546.70294550852));
#641 = CARTESIAN_POINT('',(-80.21567401588,-5.821390111237,
    546.47364476732));
#642 = CARTESIAN_POINT('',(-80.08351659865,-5.93044683058,545.9545037918
    ));
#643 = CARTESIAN_POINT('',(-80.02837912034,-5.976266350313,
    545.65951898562));
#644 = CARTESIAN_POINT('',(-79.99335323774,-6.005537961547,
    545.35378933179));
#645 = CARTESIAN_POINT('',(-79.98081750554,-6.016029974437,
    545.04276668491));
#646 = CARTESIAN_POINT('',(-79.99139835511,-6.007149199977,
    544.73203420893));
#647 = CARTESIAN_POINT('',(-80.02398243325,-5.979959683668,
    544.42716711951));
#648 = CARTESIAN_POINT('',(-80.10449117036,-5.913184175195,
    543.9696137289));
#649 = CARTESIAN_POINT('',(-80.13924693831,-5.884408127234,
    543.8093877456));
#650 = CARTESIAN_POINT('',(-80.17949108654,-5.851169318705,
    543.6531598071));
#651 = CARTESIAN_POINT('',(-80.22477807131,-5.81388464958,
    543.50120695673));
#652 = CARTESIAN_POINT('',(-80.27463932294,-5.772995180207,
    543.35378181824));
#653 = CARTESIAN_POINT('',(-80.328581369,-5.728963741061,543.21111246442
    ));
#654 = CARTESIAN_POINT('',(-80.43653243788,-5.641309168911,
    542.95258565062));
#655 = CARTESIAN_POINT('',(-80.48978880171,-5.598243821067,
    542.83542458561));
#656 = CARTESIAN_POINT('',(-80.54560542429,-5.553318768435,
    542.72185914036));
#657 = CARTESIAN_POINT('',(-80.60375813129,-5.506757597162,
    542.61182126074));
#658 = CARTESIAN_POINT('',(-80.66404625889,-5.458765385753,
    542.5052350066));
#659 = CARTESIAN_POINT('',(-80.72629271415,-5.409528880752,
    542.40201676952));
#660 = CARTESIAN_POINT('',(-80.95831020172,-5.227279522274,
    542.03999262944));
#661 = CARTESIAN_POINT('',(-81.13898111556,-5.087714924311,
    541.79998842502));
#662 = CARTESIAN_POINT('',(-81.32969953905,-4.943494708395,
    541.58052556882));
#663 = CARTESIAN_POINT('',(-81.528761577,-4.796888334273,541.37996981565
    ));
#664 = CARTESIAN_POINT('',(-81.73529098101,-4.64965186674,
    541.19675762341));
#665 = CARTESIAN_POINT('',(-81.94910850454,-4.50327941124,
    541.02957492598));
#666 = CARTESIAN_POINT('',(-82.37912838487,-4.224194295953,
    540.73444571315));
#667 = CARTESIAN_POINT('',(-82.59395988556,-4.09149827451,
    540.60509326871));
#668 = CARTESIAN_POINT('',(-82.81540376268,-3.96285964788,
    540.48864840154));
#669 = CARTESIAN_POINT('',(-83.0437656909,-3.840146312003,
    540.38488312087));
#670 = CARTESIAN_POINT('',(-83.27925797939,-3.725892145677,
    540.29399634393));
#671 = CARTESIAN_POINT('',(-83.52208211208,-3.623395484255,
    540.21642422262));
#672 = CARTESIAN_POINT('',(-83.90642120443,-3.490012587435,
    540.11910745973));
#673 = CARTESIAN_POINT('',(-84.04263166824,-3.447929797321,
    540.08919788547));
#674 = CARTESIAN_POINT('',(-84.18086557921,-3.410966868071,
    540.06352858882));
#675 = CARTESIAN_POINT('',(-84.32076135349,-3.379811287884,
    540.0422877448));
#676 = CARTESIAN_POINT('',(-84.46204936256,-3.355027882487,
    540.02560632291));
#677 = CARTESIAN_POINT('',(-84.60453468548,-3.337050493505,
    540.01359201006));
#678 = CARTESIAN_POINT('',(-84.78398410202,-3.323459206698,
    540.00453910259));
#679 = CARTESIAN_POINT('',(-84.81993059446,-3.321186224752,
    540.00302761194));
#680 = CARTESIAN_POINT('',(-84.85591066073,-3.31936373252,540.00181719)
  );
#681 = CARTESIAN_POINT('',(-84.89191613672,-3.317994793958,
    540.00090875347));
#682 = CARTESIAN_POINT('',(-84.92793867288,-3.317081463056,
    540.0003029175));
#683 = CARTESIAN_POINT('',(-84.96396973414,-3.316624783837,
    539.99999999567));
#684 = CARTESIAN_POINT('',(-85.0000006,-3.316624790355,540.));
#685 = PCURVE('',#54,#686);
#686 = DEFINITIONAL_REPRESENTATION('',(#687),#756);
#687 = B_SPLINE_CURVE_WITH_KNOTS('',7,(#688,#689,#690,#691,#692,#693,
    #694,#695,#696,#697,#698,#699,#700,#701,#702,#703,#704,#705,#706,
    #707,#708,#709,#710,#711,#712,#713,#714,#715,#716,#717,#718,#719,
    #720,#721,#722,#723,#724,#725,#726,#727,#728,#729,#730,#731,#732,
    #733,#734,#735,#736,#737,#738,#739,#740,#741,#742,#743,#744,#745,
    #746,#747,#748,#749,#750,#751,#752,#753,#754,#755),.UNSPECIFIED.,.F.
  ,.F.,(8,6,6,6,6,6,6,6,6,6,6,8),(0.,8.470323543118E-02,0.211749439406,
    0.348672026805,0.438982947501,0.543909118083,0.602485354078,
    0.653875772665,0.788640387448,0.915431188242,0.983079141928,1.),
  .UNSPECIFIED.);
#688 = CARTESIAN_POINT('',(0.,56.683375209645));
#689 = CARTESIAN_POINT('',(3.598554326904E-02,56.683375209645));
#690 = CARTESIAN_POINT('',(7.180434519791E-02,56.671987623308));
#691 = CARTESIAN_POINT('',(0.107458090971,56.649400254274));
#692 = CARTESIAN_POINT('',(0.142929532716,56.616194490543));
#693 = CARTESIAN_POINT('',(0.178168189656,56.573350446403));
#694 = CARTESIAN_POINT('',(0.213068516667,56.522226129068));
#695 = CARTESIAN_POINT('',(0.298995068337,56.377943274921));
#696 = CARTESIAN_POINT('',(0.349733758135,56.275922839806));
#697 = CARTESIAN_POINT('',(0.399931190154,56.16217936445));
#698 = CARTESIAN_POINT('',(0.449797324218,56.039986715996));
#699 = CARTESIAN_POINT('',(0.499551221708,55.911864871966));
#700 = CARTESIAN_POINT('',(0.549457807892,55.779674151002));
#701 = CARTESIAN_POINT('',(0.654168838625,55.499591304051));
#702 = CARTESIAN_POINT('',(0.708916568874,55.351640909095));
#703 = CARTESIAN_POINT('',(0.76454532927,55.202791687391));
#704 = CARTESIAN_POINT('',(0.82145917169,55.054580899768));
#705 = CARTESIAN_POINT('',(0.880041955412,54.908821106657));
#706 = CARTESIAN_POINT('',(0.940656618905,54.767863986667));
#707 = CARTESIAN_POINT('',(1.045251401685,54.547031885811));
#708 = CARTESIAN_POINT('',(1.088007132848,54.462408453933));
#709 = CARTESIAN_POINT('',(1.131997848315,54.382007361306));
#710 = CARTESIAN_POINT('',(1.177278410865,54.307017068535));
#711 = CARTESIAN_POINT('',(1.223909697526,54.238742785356));
#712 = CARTESIAN_POINT('',(1.271962007939,54.178609888763));
#713 = CARTESIAN_POINT('',(1.379101717736,54.06955316942));
#714 = CARTESIAN_POINT('',(1.438995742992,54.023733649687));
#715 = CARTESIAN_POINT('',(1.500291468079,53.994462038453));
#716 = CARTESIAN_POINT('',(1.56224068204,53.983970025563));
#717 = CARTESIAN_POINT('',(1.62415974267,53.992850800023));
#718 = CARTESIAN_POINT('',(1.685340023977,54.020040316332));
#719 = CARTESIAN_POINT('',(1.778256494425,54.086815824805));
#720 = CARTESIAN_POINT('',(1.811021457574,54.115591872766));
#721 = CARTESIAN_POINT('',(1.843249335053,54.148830681295));
#722 = CARTESIAN_POINT('',(1.874921914234,54.18611535042));
#723 = CARTESIAN_POINT('',(1.90601615504,54.227004819793));
#724 = CARTESIAN_POINT('',(1.936503703604,54.271036258939));
#725 = CARTESIAN_POINT('',(1.992535675452,54.358690831089));
#726 = CARTESIAN_POINT('',(2.018262681065,54.401756178933));
#727 = CARTESIAN_POINT('',(2.043552691908,54.446681231565));
#728 = CARTESIAN_POINT('',(2.068425751935,54.493242402838));
#729 = CARTESIAN_POINT('',(2.092901396031,54.541234614247));
#730 = CARTESIAN_POINT('',(2.116999366126,54.590471119248));
#731 = CARTESIAN_POINT('',(2.202997876006,54.772720477726));
#732 = CARTESIAN_POINT('',(2.262908742464,54.912285075689));
#733 = CARTESIAN_POINT('',(2.32083914537,55.056505291605));
#734 = CARTESIAN_POINT('',(2.37714096683,55.203111665727));
#735 = CARTESIAN_POINT('',(2.432185857251,55.35034813326));
#736 = CARTESIAN_POINT('',(2.486364839151,55.49672058876));
#737 = CARTESIAN_POINT('',(2.590675595978,55.775805704047));
#738 = CARTESIAN_POINT('',(2.640740404561,55.90850172549));
#739 = CARTESIAN_POINT('',(2.690646086911,56.03714035212));
#740 = CARTESIAN_POINT('',(2.740660756637,56.159853687997));
#741 = CARTESIAN_POINT('',(2.791005813589,56.274107854323));
#742 = CARTESIAN_POINT('',(2.841893068198,56.376604515745));
#743 = CARTESIAN_POINT('',(2.921186722485,56.509987412565));
#744 = CARTESIAN_POINT('',(2.94906370531,56.552070202679));
#745 = CARTESIAN_POINT('',(2.977159156586,56.589033131929));
#746 = CARTESIAN_POINT('',(3.005431181371,56.620188712116));
#747 = CARTESIAN_POINT('',(3.033859810032,56.644972117513));
#748 = CARTESIAN_POINT('',(3.062441739841,56.662949506495));
#749 = CARTESIAN_POINT('',(3.098377264455,56.676540793302));
#750 = CARTESIAN_POINT('',(3.10557266171,56.678813775248));
#751 = CARTESIAN_POINT('',(3.112772340185,56.68063626748));
#752 = CARTESIAN_POINT('',(3.119975270396,56.682005206042));
#753 = CARTESIAN_POINT('',(3.127180389325,56.682918536944));
#754 = CARTESIAN_POINT('',(3.134386600419,56.683375216163));
#755 = CARTESIAN_POINT('',(3.14159277359,56.683375209645));
#756 = ( GEOMETRIC_REPRESENTATION_CONTEXT(2) 
PARAMETRIC_REPRESENTATION_CONTEXT() REPRESENTATION_CONTEXT('2D SPACE',''
  ) );
#757 = PCURVE('',#509,#758);
#758 = DEFINITIONAL_REPRESENTATION('',(#759),#828);
#759 = B_SPLINE_CURVE_WITH_KNOTS('',7,(#760,#761,#762,#763,#764,#765,
    #766,#767,#768,#769,#770,#771,#772,#773,#774,#775,#776,#777,#778,
    #779,#780,#781,#782,#783,#784,#785,#786,#787,#788,#789,#790,#791,
    #792,#793,#794,#795,#796,#797,#798,#799,#800,#801,#802,#803,#804,
    #805,#806,#807,#808,#809,#810,#811,#812,#813,#814,#815,#816,#817,
    #818,#819,#820,#821,#822,#823,#824,#825,#826,#827),.UNSPECIFIED.,.F.
  ,.F.,(8,6,6,6,6,6,6,6,6,6,6,8),(0.,8.470323543118E-02,0.211749439406,
    0.348672026805,0.438982947501,0.543909118083,0.602485354078,
    0.653875772665,0.788640387448,0.915431188242,0.983079141928,1.),
  .UNSPECIFIED.);
#760 = CARTESIAN_POINT('',(0.585685543457,-1.224646799646E-15));
#761 = CARTESIAN_POINT('',(0.585685543457,0.179927716345));
#762 = CARTESIAN_POINT('',(0.587963041858,0.359021983083));
#763 = CARTESIAN_POINT('',(0.592480581828,0.536909239603));
#764 = CARTESIAN_POINT('',(0.59914331926,0.713141914404));
#765 = CARTESIAN_POINT('',(0.607796892964,0.887115678182));
#766 = CARTESIAN_POINT('',(0.61822234041,1.057990613518));
#767 = CARTESIAN_POINT('',(0.647985421236,1.474537818237));
#768 = CARTESIAN_POINT('',(0.669301808922,1.716706983398));
#769 = CARTESIAN_POINT('',(0.693506342009,1.951586724772));
#770 = CARTESIAN_POINT('',(0.720140913778,2.179377064102));
#771 = CARTESIAN_POINT('',(0.74889674,2.400287570747));
#772 = CARTESIAN_POINT('',(0.779613335119,2.61462027341));
#773 = CARTESIAN_POINT('',(0.847477839404,3.046772013176));
#774 = CARTESIAN_POINT('',(0.884852006872,3.263006232202));
#775 = CARTESIAN_POINT('',(0.924379822905,3.471801947279));
#776 = CARTESIAN_POINT('',(0.966159941313,3.672979711047));
#777 = CARTESIAN_POINT('',(1.01034208517,3.865632361969));
#778 = CARTESIAN_POINT('',(1.057101193374,4.047986956523));
#779 = CARTESIAN_POINT('',(1.139317059967,4.328928903341));
#780 = CARTESIAN_POINT('',(1.173310537768,4.435268547219));
#781 = CARTESIAN_POINT('',(1.208638358512,4.53523536685));
#782 = CARTESIAN_POINT('',(1.245320027414,4.627644135311));
#783 = CARTESIAN_POINT('',(1.283378006513,4.711168577466));
#784 = CARTESIAN_POINT('',(1.322838864325,4.784325984113));
#785 = CARTESIAN_POINT('',(1.411250892241,4.916483401346));
#786 = CARTESIAN_POINT('',(1.460935072703,4.971620879652));
#787 = CARTESIAN_POINT('',(1.511978828215,5.006646762257));
#788 = CARTESIAN_POINT('',(1.563667231025,5.019182494458));
#789 = CARTESIAN_POINT('',(1.615323511958,5.00860164489));
#790 = CARTESIAN_POINT('',(1.666256762301,4.97601756675));
#791 = CARTESIAN_POINT('',(1.743323485519,4.895508829638));
#792 = CARTESIAN_POINT('',(1.770440480481,4.860753061682));
#793 = CARTESIAN_POINT('',(1.797039938741,4.820508913452));
#794 = CARTESIAN_POINT('',(1.82309494253,4.775221928682));
#795 = CARTESIAN_POINT('',(1.848576153333,4.725360677054));
#796 = CARTESIAN_POINT('',(1.873451637317,4.671418631));
#797 = CARTESIAN_POINT('',(1.918948718259,4.563467562111));
#798 = CARTESIAN_POINT('',(1.939746243671,4.51021119829));
#799 = CARTESIAN_POINT('',(1.960091440651,4.454394575702));
#800 = CARTESIAN_POINT('',(1.979995728937,4.396241868709));
#801 = CARTESIAN_POINT('',(1.999470170673,4.335953741103));
#802 = CARTESIAN_POINT('',(2.018525866737,4.273707285849));
#803 = CARTESIAN_POINT('',(2.086077556137,4.041689798277));
#804 = CARTESIAN_POINT('',(2.132265599646,3.861018884433));
#805 = CARTESIAN_POINT('',(2.175935585131,3.670300460948));
#806 = CARTESIAN_POINT('',(2.217256531805,3.471238422992));
#807 = CARTESIAN_POINT('',(2.256372859342,3.264709018989));
#808 = CARTESIAN_POINT('',(2.293379763933,3.050891495457));
#809 = CARTESIAN_POINT('',(2.361077981914,2.620871615127));
#810 = CARTESIAN_POINT('',(2.391937631846,2.406040114438));
#811 = CARTESIAN_POINT('',(2.420827345267,2.184596237314));
#812 = CARTESIAN_POINT('',(2.447587439926,1.956234309095));
#813 = CARTESIAN_POINT('',(2.471908204945,1.720742020604));
#814 = CARTESIAN_POINT('',(2.493328547449,1.477917887919));
#815 = CARTESIAN_POINT('',(2.520847000602,1.093578795561));
#816 = CARTESIAN_POINT('',(2.52945114561,0.957368331756));
#817 = CARTESIAN_POINT('',(2.536950884344,0.819134420786));
#818 = CARTESIAN_POINT('',(2.54323518962,0.679238646502));
#819 = CARTESIAN_POINT('',(2.548214261272,0.53795063744));
#820 = CARTESIAN_POINT('',(2.55181799073,0.39546531452));
#821 = CARTESIAN_POINT('',(2.55453970491,0.216015897972));
#822 = CARTESIAN_POINT('',(2.554994648427,0.180069405538));
#823 = CARTESIAN_POINT('',(2.555359286612,0.144089339268));
#824 = CARTESIAN_POINT('',(2.555633109733,0.10808386327));
#825 = CARTESIAN_POINT('',(2.555815775975,7.206132711916E-02));
#826 = CARTESIAN_POINT('',(2.555907111436,3.603026585872E-02));
#827 = CARTESIAN_POINT('',(2.555907110133,-6.E-07));
#828 = ( GEOMETRIC_REPRESENTATION_CONTEXT(2) 
PARAMETRIC_REPRESENTATION_CONTEXT() REPRESENTATION_CONTEXT('2D SPACE',''
  ) );
#829 = ORIENTED_EDGE('',*,*,#830,.F.);
#830 = EDGE_CURVE('',#831,#613,#833,.T.);
#831 = VERTEX_POINT('',#832);
#832 = CARTESIAN_POINT('',(-85.,-56.68337520964,550.));
#833 = SEAM_CURVE('',#834,(#838,#845),.PCURVE_S1.);
#834 = LINE('',#835,#836);
#835 = CARTESIAN_POINT('',(-85.,-60.,550.));
#836 = VECTOR('',#837,1.);
#837 = DIRECTION('',(0.,1.,0.));
#838 = PCURVE('',#54,#839);
#839 = DEFINITIONAL_REPRESENTATION('',(#840),#844);
#840 = LINE('',#841,#842);
#841 = CARTESIAN_POINT('',(6.28318530718,-0.));
#842 = VECTOR('',#843,1.);
#843 = DIRECTION('',(0.,1.));
#844 = ( GEOMETRIC_REPRESENTATION_CONTEXT(2) 
PARAMETRIC_REPRESENTATION_CONTEXT() REPRESENTATION_CONTEXT('2D SPACE',''
  ) );
#845 = PCURVE('',#54,#846);
#846 = DEFINITIONAL_REPRESENTATION('',(#847),#851);
#847 = LINE('',#848,#849);
#848 = CARTESIAN_POINT('',(0.,-0.));
#849 = VECTOR('',#850,1.);
#850 = DIRECTION('',(0.,1.));
#851 = ( GEOMETRIC_REPRESENTATION_CONTEXT(2) 
PARAMETRIC_REPRESENTATION_CONTEXT() REPRESENTATION_CONTEXT('2D SPACE',''
  ) );
#852 = ORIENTED_EDGE('',*,*,#853,.T.);
#853 = EDGE_CURVE('',#831,#854,#856,.T.);
#854 = VERTEX_POINT('',#855);
#855 = CARTESIAN_POINT('',(-85.,-56.68337520964,540.));
#856 = SURFACE_CURVE('',#857,(#916,#978),.PCURVE_S1.);
#857 = B_SPLINE_CURVE_WITH_KNOTS('',8,(#858,#859,#860,#861,#862,#863,
    #864,#865,#866,#867,#868,#869,#870,#871,#872,#873,#874,#875,#876,
    #877,#878,#879,#880,#881,#882,#883,#884,#885,#886,#887,#888,#889,
    #890,#891,#892,#893,#894,#895,#896,#897,#898,#899,#900,#901,#902,
    #903,#904,#905,#906,#907,#908,#909,#910,#911,#912,#913,#914,#915),
  .UNSPECIFIED.,.F.,.F.,(9,7,7,7,7,7,7,7,9),(0.,8.500719498399E-02,
    0.212509306973,0.349923243999,0.440558247361,0.545492776207,
    0.603369570399,0.790590833744,1.),.UNSPECIFIED.);
#858 = CARTESIAN_POINT('',(-85.,-56.68337520964,550.));
#859 = CARTESIAN_POINT('',(-84.8425632485,-56.68337520964,550.));
#860 = CARTESIAN_POINT('',(-84.68575158373,-56.67483451992,
    549.99433460787));
#861 = CARTESIAN_POINT('',(-84.52979848144,-56.65787051766,
    549.9830822974));
#862 = CARTESIAN_POINT('',(-84.37497442271,-56.63279737235,
    549.96633289477));
#863 = CARTESIAN_POINT('',(-84.22161792399,-56.60012797392,
    549.94419959301));
#864 = CARTESIAN_POINT('',(-84.07016558808,-56.56056936707,
    549.91684815601));
#865 = CARTESIAN_POINT('',(-83.92118117584,-56.5150116918,
    549.88454331228));
#866 = CARTESIAN_POINT('',(-83.55670237139,-56.38876419431,
    549.79246963831));
#867 = CARTESIAN_POINT('',(-83.34383530789,-56.30142794858,
    549.72670233067));
#868 = CARTESIAN_POINT('',(-83.13649317824,-56.2048331677,549.6509062157
    ));
#869 = CARTESIAN_POINT('',(-82.93451810556,-56.10108304022,
    549.56539791749));
#870 = CARTESIAN_POINT('',(-82.7377814959,-55.99194102448,549.4703615133
    ));
#871 = CARTESIAN_POINT('',(-82.54612925358,-55.87881719172,
    549.36581756451));
#872 = CARTESIAN_POINT('',(-82.35938080177,-55.7628239287,
    549.25155783317));
#873 = CARTESIAN_POINT('',(-81.98124802948,-55.51775143762,
    548.99294407784));
#874 = CARTESIAN_POINT('',(-81.79105232255,-55.38862850783,
    548.84722868452));
#875 = CARTESIAN_POINT('',(-81.60649644587,-55.25861014553,
    548.68935912061));
#876 = CARTESIAN_POINT('',(-81.42760917083,-55.12868629357,
    548.51853974823));
#877 = CARTESIAN_POINT('',(-81.25477554485,-54.99992097735,
    548.33382416533));
#878 = CARTESIAN_POINT('',(-81.08877898939,-54.87358182666,
    548.13418288827));
#879 = CARTESIAN_POINT('',(-80.93085237785,-54.75123081992,
    547.91857277396));
#880 = CARTESIAN_POINT('',(-80.68502817438,-54.55800273167,
    547.53260618053));
#881 = CARTESIAN_POINT('',(-80.59131636375,-54.4835643119,
    547.37139655088));
#882 = CARTESIAN_POINT('',(-80.50225219051,-54.41215777104,
    547.2022067756));
#883 = CARTESIAN_POINT('',(-80.41856024891,-54.34451221492,
    547.02490109882));
#884 = CARTESIAN_POINT('',(-80.34103419888,-54.28141421234,
    546.83938590335));
#885 = CARTESIAN_POINT('',(-80.27054207087,-54.2237095612,
    546.64562032322));
#886 = CARTESIAN_POINT('',(-80.20803250041,-54.17230408599,
    546.44362735415));
#887 = CARTESIAN_POINT('',(-80.09261204636,-54.07705876168,
    545.99023254389));
#888 = CARTESIAN_POINT('',(-80.04250509424,-54.03547209685,
    545.73501763549));
#889 = CARTESIAN_POINT('',(-80.0068445489,-54.0057362764,545.47111180682
    ));
#890 = CARTESIAN_POINT('',(-79.9873402071,-53.98942909381,
    545.20187241029));
#891 = CARTESIAN_POINT('',(-79.98482234781,-53.98733115676,
    544.93073254662));
#892 = CARTESIAN_POINT('',(-79.99925584189,-53.99940679848,
    544.66115689962));
#893 = CARTESIAN_POINT('',(-80.02973417292,-54.02480807558,
    544.39658394008));
#894 = CARTESIAN_POINT('',(-80.09911830792,-54.08236097954,
    543.99903077214));
#895 = CARTESIAN_POINT('',(-80.12809293105,-54.10635835383,
    543.86037480285));
#896 = CARTESIAN_POINT('',(-80.16112509314,-54.13366208494,
    543.72457158063));
#897 = CARTESIAN_POINT('',(-80.19795181725,-54.16402701546,
    543.59179469588));
#898 = CARTESIAN_POINT('',(-80.23829863302,-54.19719556429,
    543.46220628608));
#899 = CARTESIAN_POINT('',(-80.28187891469,-54.23289857022,
    543.33595698224));
#900 = CARTESIAN_POINT('',(-80.32839321909,-54.2708561355,
    543.21318585547));
#901 = CARTESIAN_POINT('',(-80.5364730269,-54.43992020699,
    542.70854092791));
#902 = CARTESIAN_POINT('',(-80.72357570184,-54.59021561746,
    542.35901895731));
#903 = CARTESIAN_POINT('',(-80.93144588257,-54.75443449525,
    542.04368064866));
#904 = CARTESIAN_POINT('',(-81.15491004588,-54.92707574853,
    541.75986233161));
#905 = CARTESIAN_POINT('',(-81.39061187823,-55.10409867926,
    541.50461136737));
#906 = CARTESIAN_POINT('',(-81.63688611804,-55.2825870991,
    541.27500665243));
#907 = CARTESIAN_POINT('',(-81.89361335077,-55.46039892545,
    541.06848515963));
#908 = CARTESIAN_POINT('',(-82.46269579691,-55.83037255993,
    540.6761984556));
#909 = CARTESIAN_POINT('',(-82.78299975896,-56.02496260382,
    540.49237435661));
#910 = CARTESIAN_POINT('',(-83.12031164375,-56.21137121523,
    540.33489726108));
#911 = CARTESIAN_POINT('',(-83.47175436573,-56.38072317759,
    540.20584739015));
#912 = CARTESIAN_POINT('',(-83.83486483025,-56.52289291476,
    540.10645473377));
#913 = CARTESIAN_POINT('',(-84.20892215549,-56.62713534752,
    540.03730483542));
#914 = CARTESIAN_POINT('',(-84.59600511491,-56.68337528273,
    539.99999995152));
#915 = CARTESIAN_POINT('',(-85.0000006,-56.68337520964,540.));
#916 = PCURVE('',#54,#917);
#917 = DEFINITIONAL_REPRESENTATION('',(#918),#977);
#918 = B_SPLINE_CURVE_WITH_KNOTS('',8,(#919,#920,#921,#922,#923,#924,
    #925,#926,#927,#928,#929,#930,#931,#932,#933,#934,#935,#936,#937,
    #938,#939,#940,#941,#942,#943,#944,#945,#946,#947,#948,#949,#950,
    #951,#952,#953,#954,#955,#956,#957,#958,#959,#960,#961,#962,#963,
    #964,#965,#966,#967,#968,#969,#970,#971,#972,#973,#974,#975,#976),
  .UNSPECIFIED.,.F.,.F.,(9,7,7,7,7,7,7,7,9),(0.,8.500719498399E-02,
    0.212509306973,0.349923243999,0.440558247361,0.545492776207,
    0.603369570399,0.790590833744,1.),.UNSPECIFIED.);
#919 = CARTESIAN_POINT('',(0.,3.316624790355));
#920 = CARTESIAN_POINT('',(3.148735029927E-02,3.316624790355));
#921 = CARTESIAN_POINT('',(6.284964468925E-02,3.325165480073));
#922 = CARTESIAN_POINT('',(9.40879363351E-02,3.342129482332));
#923 = CARTESIAN_POINT('',(0.125193811901,3.367202627644));
#924 = CARTESIAN_POINT('',(0.156144029106,3.399872026076));
#925 = CARTESIAN_POINT('',(0.186893271388,3.439430632923));
#926 = CARTESIAN_POINT('',(0.217365019674,3.4849883082));
#927 = CARTESIAN_POINT('',(0.292550752451,3.611235805688));
#928 = CARTESIAN_POINT('',(0.337049085685,3.698572051415));
#929 = CARTESIAN_POINT('',(0.381107153147,3.795166832291));
#930 = CARTESIAN_POINT('',(0.424864257186,3.898916959777));
#931 = CARTESIAN_POINT('',(0.468455035777,4.008058975515));
#932 = CARTESIAN_POINT('',(0.512027868253,4.121182808275));
#933 = CARTESIAN_POINT('',(0.555757387332,4.237176071291));
#934 = CARTESIAN_POINT('',(0.647379539224,4.482248562373));
#935 = CARTESIAN_POINT('',(0.695229636312,4.611371492166));
#936 = CARTESIAN_POINT('',(0.743684544121,4.741389854469));
#937 = CARTESIAN_POINT('',(0.79300225048,4.871313706421));
#938 = CARTESIAN_POINT('',(0.843427715587,5.00007902265));
#939 = CARTESIAN_POINT('',(0.895195621285,5.12641817334));
#940 = CARTESIAN_POINT('',(0.948534741946,5.248769180071));
#941 = CARTESIAN_POINT('',(1.040055176879,5.441997268321));
#942 = CARTESIAN_POINT('',(1.077318200058,5.516435688097));
#943 = CARTESIAN_POINT('',(1.115501330015,5.587842228959));
#944 = CARTESIAN_POINT('',(1.15463812959,5.65548778508));
#945 = CARTESIAN_POINT('',(1.194765143363,5.718585787657));
#946 = CARTESIAN_POINT('',(1.235922775129,5.776290438792));
#947 = CARTESIAN_POINT('',(1.278156966701,5.82769591401));
#948 = CARTESIAN_POINT('',(1.3717280595,5.922941238319));
#949 = CARTESIAN_POINT('',(1.42366572679,5.964527903146));
#950 = CARTESIAN_POINT('',(1.476767698308,5.9942637236));
#951 = CARTESIAN_POINT('',(1.530548161551,6.010570906187));
#952 = CARTESIAN_POINT('',(1.584565676013,6.012668843238));
#953 = CARTESIAN_POINT('',(1.638388696094,6.000593201518));
#954 = CARTESIAN_POINT('',(1.691563414017,5.975191924415));
#955 = CARTESIAN_POINT('',(1.772275911075,5.917639020457));
#956 = CARTESIAN_POINT('',(1.800590494391,5.893641646167));
#957 = CARTESIAN_POINT('',(1.828518516957,5.866337915053));
#958 = CARTESIAN_POINT('',(1.856048776974,5.835972984537));
#959 = CARTESIAN_POINT('',(1.883167836169,5.802804435708));
#960 = CARTESIAN_POINT('',(1.909859829391,5.767101429772));
#961 = CARTESIAN_POINT('',(1.936106274197,5.7291438645));
#962 = CARTESIAN_POINT('',(2.045278378569,5.560079793009));
#963 = CARTESIAN_POINT('',(2.124169190633,5.409784382532));
#964 = CARTESIAN_POINT('',(2.199206189797,5.245565504745));
#965 = CARTESIAN_POINT('',(2.270971813818,5.072924251463));
#966 = CARTESIAN_POINT('',(2.340053888754,4.89590132074));
#967 = CARTESIAN_POINT('',(2.40709298216,4.7174129009));
#968 = CARTESIAN_POINT('',(2.472809985322,4.539601074548));
#969 = CARTESIAN_POINT('',(2.61104799582,4.169627440066));
#970 = CARTESIAN_POINT('',(2.68465766999,3.975037396171));
#971 = CARTESIAN_POINT('',(2.758669310175,3.788628784768));
#972 = CARTESIAN_POINT('',(2.83300970821,3.619276822404));
#973 = CARTESIAN_POINT('',(2.907762139417,3.477107085235));
#974 = CARTESIAN_POINT('',(2.983377036395,3.372864652472));
#975 = CARTESIAN_POINT('',(3.060793676573,3.31662471727));
#976 = CARTESIAN_POINT('',(3.14159277359,3.316624790355));
#977 = ( GEOMETRIC_REPRESENTATION_CONTEXT(2) 
PARAMETRIC_REPRESENTATION_CONTEXT() REPRESENTATION_CONTEXT('2D SPACE',''
  ) );
#978 = PCURVE('',#979,#984);
#979 = CYLINDRICAL_SURFACE('',#980,6.);
#980 = AXIS2_PLACEMENT_3D('',#981,#982,#983);
#981 = CARTESIAN_POINT('',(-85.,-60.,545.));
#982 = DIRECTION('',(1.,0.,0.));
#983 = DIRECTION('',(-0.,0.,1.));
#984 = DEFINITIONAL_REPRESENTATION('',(#985),#1044);
#985 = B_SPLINE_CURVE_WITH_KNOTS('',8,(#986,#987,#988,#989,#990,#991,
    #992,#993,#994,#995,#996,#997,#998,#999,#1000,#1001,#1002,#1003,
    #1004,#1005,#1006,#1007,#1008,#1009,#1010,#1011,#1012,#1013,#1014,
    #1015,#1016,#1017,#1018,#1019,#1020,#1021,#1022,#1023,#1024,#1025,
    #1026,#1027,#1028,#1029,#1030,#1031,#1032,#1033,#1034,#1035,#1036,
    #1037,#1038,#1039,#1040,#1041,#1042,#1043),.UNSPECIFIED.,.F.,.F.,(9,
    7,7,7,7,7,7,7,9),(0.,8.500719498399E-02,0.212509306973,
    0.349923243999,0.440558247361,0.545492776207,0.603369570399,
    0.790590833744,1.),.UNSPECIFIED.);
#986 = CARTESIAN_POINT('',(5.697499763722,-1.224646799646E-15));
#987 = CARTESIAN_POINT('',(5.697499763722,0.157436751496));
#988 = CARTESIAN_POINT('',(5.695791639928,0.314248416266));
#989 = CARTESIAN_POINT('',(5.692398802841,0.470201518555));
#990 = CARTESIAN_POINT('',(5.687373356625,0.625025577288));
#991 = CARTESIAN_POINT('',(5.680796897767,0.778382076001));
#992 = CARTESIAN_POINT('',(5.672782052356,0.929834411913));
#993 = CARTESIAN_POINT('',(5.663474751965,1.078818824157));
#994 = CARTESIAN_POINT('',(5.63743205622,1.443297628602));
#995 = CARTESIAN_POINT('',(5.619212595179,1.656164692108));
#996 = CARTESIAN_POINT('',(5.598755665078,1.863506821756));
#997 = CARTESIAN_POINT('',(5.576361679286,2.065481894437));
#998 = CARTESIAN_POINT('',(5.552260958568,2.262218504094));
#999 = CARTESIAN_POINT('',(5.5266094184,2.453870746413));
#1000 = CARTESIAN_POINT('',(5.499489137301,2.640619198223));
#1001 = CARTESIAN_POINT('',(5.440107696052,3.018751970518));
#1002 = CARTESIAN_POINT('',(5.407676842175,3.208947677446));
#1003 = CARTESIAN_POINT('',(5.373628415287,3.393503554124));
#1004 = CARTESIAN_POINT('',(5.33791542507,3.572390829163));
#1005 = CARTESIAN_POINT('',(5.30045706192,3.745224455145));
#1006 = CARTESIAN_POINT('',(5.261153444959,3.911221010606));
#1007 = CARTESIAN_POINT('',(5.219891580147,4.069147622147));
#1008 = CARTESIAN_POINT('',(5.147952696878,4.314971825613));
#1009 = CARTESIAN_POINT('',(5.118373138862,4.40868363625));
#1010 = CARTESIAN_POINT('',(5.087794881447,4.497747809489));
#1011 = CARTESIAN_POINT('',(5.056206114217,4.581439751081));
#1012 = CARTESIAN_POINT('',(5.023593537603,4.658965801119));
#1013 = CARTESIAN_POINT('',(4.989942086213,4.729457929128));
#1014 = CARTESIAN_POINT('',(4.95523434326,4.791967499583));
#1015 = CARTESIAN_POINT('',(4.878019181072,4.907387953638));
#1016 = CARTESIAN_POINT('',(4.834966825014,4.957494905751));
#1017 = CARTESIAN_POINT('',(4.79079533945,4.993155451099));
#1018 = CARTESIAN_POINT('',(4.745960793602,5.0126597929));
#1019 = CARTESIAN_POINT('',(4.700893385839,5.015177652184));
#1020 = CARTESIAN_POINT('',(4.656017365357,5.000744158105));
#1021 = CARTESIAN_POINT('',(4.611770054083,4.97026582708));
#1022 = CARTESIAN_POINT('',(4.544820475606,4.900881692078));
#1023 = CARTESIAN_POINT('',(4.521376539487,4.871907068942));
#1024 = CARTESIAN_POINT('',(4.498303644555,4.838874906857));
#1025 = CARTESIAN_POINT('',(4.47561833252,4.80204818275));
#1026 = CARTESIAN_POINT('',(4.453338276313,4.761701366976));
#1027 = CARTESIAN_POINT('',(4.431482353727,4.718121085302));
#1028 = CARTESIAN_POINT('',(4.410070721039,4.671606780903));
#1029 = CARTESIAN_POINT('',(4.321368791464,4.463526973095));
#1030 = CARTESIAN_POINT('',(4.2581752421,4.276424298151));
#1031 = CARTESIAN_POINT('',(4.199172686392,4.06855411743));
#1032 = CARTESIAN_POINT('',(4.144025645063,3.845089954119));
#1033 = CARTESIAN_POINT('',(4.092416784187,3.609388121765));
#1034 = CARTESIAN_POINT('',(4.044050526789,3.363113881958));
#1035 = CARTESIAN_POINT('',(3.998676806893,3.106386649225));
#1036 = CARTESIAN_POINT('',(3.908805085292,2.537304203083));
#1037 = CARTESIAN_POINT('',(3.86426489857,2.217000241036));
#1038 = CARTESIAN_POINT('',(3.823691135703,1.879688356257));
#1039 = CARTESIAN_POINT('',(3.78827600924,1.528245634249));
#1040 = CARTESIAN_POINT('',(3.759375513466,1.165135169765));
#1041 = CARTESIAN_POINT('',(3.738526006508,0.791077844497));
#1042 = CARTESIAN_POINT('',(3.72727818243,0.403994885086));
#1043 = CARTESIAN_POINT('',(3.727278197047,-6.E-07));
#1044 = ( GEOMETRIC_REPRESENTATION_CONTEXT(2) 
PARAMETRIC_REPRESENTATION_CONTEXT() REPRESENTATION_CONTEXT('2D SPACE',''
  ) );
#1045 = ORIENTED_EDGE('',*,*,#1046,.F.);
#1046 = EDGE_CURVE('',#1047,#854,#1049,.T.);
#1047 = VERTEX_POINT('',#1048);
#1048 = CARTESIAN_POINT('',(-85.,-60.,540.));
#1049 = SURFACE_CURVE('',#1050,(#1054,#1060),.PCURVE_S1.);
#1050 = LINE('',#1051,#1052);
#1051 = CARTESIAN_POINT('',(-85.,-60.,540.));
#1052 = VECTOR('',#1053,1.);
#1053 = DIRECTION('',(0.,1.,0.));
#1054 = PCURVE('',#54,#1055);
#1055 = DEFINITIONAL_REPRESENTATION('',(#1056),#1059);
#1056 = B_SPLINE_CURVE_WITH_KNOTS('',1,(#1057,#1058),.UNSPECIFIED.,.F.,
  .F.,(2,2),(-5.999999999062E-07,7.2),.PIECEWISE_BEZIER_KNOTS.);
#1057 = CARTESIAN_POINT('',(3.14159265359,-5.999999999062E-07));
#1058 = CARTESIAN_POINT('',(3.14159265359,7.2));
#1059 = ( GEOMETRIC_REPRESENTATION_CONTEXT(2) 
PARAMETRIC_REPRESENTATION_CONTEXT() REPRESENTATION_CONTEXT('2D SPACE',''
  ) );
#1060 = PCURVE('',#1061,#1066);
#1061 = PLANE('',#1062);
#1062 = AXIS2_PLACEMENT_3D('',#1063,#1064,#1065);
#1063 = CARTESIAN_POINT('',(-85.,-60.,545.));
#1064 = DIRECTION('',(1.,0.,0.));
#1065 = DIRECTION('',(-0.,0.,1.));
#1066 = DEFINITIONAL_REPRESENTATION('',(#1067),#1070);
#1067 = B_SPLINE_CURVE_WITH_KNOTS('',1,(#1068,#1069),.UNSPECIFIED.,.F.,
  .F.,(2,2),(-5.999999999062E-07,7.2),.PIECEWISE_BEZIER_KNOTS.);
#1068 = CARTESIAN_POINT('',(-5.,5.999999999062E-07));
#1069 = CARTESIAN_POINT('',(-5.,-7.2));
#1070 = ( GEOMETRIC_REPRESENTATION_CONTEXT(2) 
PARAMETRIC_REPRESENTATION_CONTEXT() REPRESENTATION_CONTEXT('2D SPACE',''
  ) );
#1071 = ORIENTED_EDGE('',*,*,#1072,.T.);
#1072 = EDGE_CURVE('',#1047,#1073,#1075,.T.);
#1073 = VERTEX_POINT('',#1074);
#1074 = CARTESIAN_POINT('',(-85.,-60.,550.));
#1075 = SURFACE_CURVE('',#1076,(#1081,#1088),.PCURVE_S1.);
#1076 = CIRCLE('',#1077,5.);
#1077 = AXIS2_PLACEMENT_3D('',#1078,#1079,#1080);
#1078 = CARTESIAN_POINT('',(-85.,-60.,545.));
#1079 = DIRECTION('',(0.,1.,0.));
#1080 = DIRECTION('',(0.,-0.,1.));
#1081 = PCURVE('',#54,#1082);
#1082 = DEFINITIONAL_REPRESENTATION('',(#1083),#1087);
#1083 = LINE('',#1084,#1085);
#1084 = CARTESIAN_POINT('',(0.,0.));
#1085 = VECTOR('',#1086,1.);
#1086 = DIRECTION('',(1.,0.));
#1087 = ( GEOMETRIC_REPRESENTATION_CONTEXT(2) 
PARAMETRIC_REPRESENTATION_CONTEXT() REPRESENTATION_CONTEXT('2D SPACE',''
  ) );
#1088 = PCURVE('',#1089,#1094);
#1089 = PLANE('',#1090);
#1090 = AXIS2_PLACEMENT_3D('',#1091,#1092,#1093);
#1091 = CARTESIAN_POINT('',(-85.,-60.,545.));
#1092 = DIRECTION('',(0.,1.,0.));
#1093 = DIRECTION('',(0.,-0.,1.));
#1094 = DEFINITIONAL_REPRESENTATION('',(#1095),#1099);
#1095 = CIRCLE('',#1096,5.);
#1096 = AXIS2_PLACEMENT_2D('',#1097,#1098);
#1097 = CARTESIAN_POINT('',(0.,0.));
#1098 = DIRECTION('',(1.,0.));
#1099 = ( GEOMETRIC_REPRESENTATION_CONTEXT(2) 
PARAMETRIC_REPRESENTATION_CONTEXT() REPRESENTATION_CONTEXT('2D SPACE',''
  ) );
#1100 = ORIENTED_EDGE('',*,*,#1101,.T.);
#1101 = EDGE_CURVE('',#1073,#831,#1102,.T.);
#1102 = SURFACE_CURVE('',#1103,(#1107,#1114),.PCURVE_S1.);
#1103 = LINE('',#1104,#1105);
#1104 = CARTESIAN_POINT('',(-85.,-60.,550.));
#1105 = VECTOR('',#1106,1.);
#1106 = DIRECTION('',(0.,1.,0.));
#1107 = PCURVE('',#54,#1108);
#1108 = DEFINITIONAL_REPRESENTATION('',(#1109),#1113);
#1109 = LINE('',#1110,#1111);
#1110 = CARTESIAN_POINT('',(6.28318530718,-0.));
#1111 = VECTOR('',#1112,1.);
#1112 = DIRECTION('',(0.,1.));
#1113 = ( GEOMETRIC_REPRESENTATION_CONTEXT(2) 
PARAMETRIC_REPRESENTATION_CONTEXT() REPRESENTATION_CONTEXT('2D SPACE',''
  ) );
#1114 = PCURVE('',#1061,#1115);
#1115 = DEFINITIONAL_REPRESENTATION('',(#1116),#1120);
#1116 = LINE('',#1117,#1118);
#1117 = CARTESIAN_POINT('',(5.,0.));
#1118 = VECTOR('',#1119,1.);
#1119 = DIRECTION('',(0.,-1.));
#1120 = ( GEOMETRIC_REPRESENTATION_CONTEXT(2) 
PARAMETRIC_REPRESENTATION_CONTEXT() REPRESENTATION_CONTEXT('2D SPACE',''
  ) );
#1121 = ORIENTED_EDGE('',*,*,#830,.T.);
#1122 = ORIENTED_EDGE('',*,*,#1123,.T.);
#1123 = EDGE_CURVE('',#613,#341,#1124,.T.);
#1124 = SURFACE_CURVE('',#1125,(#1129,#1136),.PCURVE_S1.);
#1125 = LINE('',#1126,#1127);
#1126 = CARTESIAN_POINT('',(-85.,-60.,550.));
#1127 = VECTOR('',#1128,1.);
#1128 = DIRECTION('',(0.,1.,0.));
#1129 = PCURVE('',#54,#1130);
#1130 = DEFINITIONAL_REPRESENTATION('',(#1131),#1135);
#1131 = LINE('',#1132,#1133);
#1132 = CARTESIAN_POINT('',(6.28318530718,-0.));
#1133 = VECTOR('',#1134,1.);
#1134 = DIRECTION('',(0.,1.));
#1135 = ( GEOMETRIC_REPRESENTATION_CONTEXT(2) 
PARAMETRIC_REPRESENTATION_CONTEXT() REPRESENTATION_CONTEXT('2D SPACE',''
  ) );
#1136 = PCURVE('',#1137,#1142);
#1137 = PLANE('',#1138);
#1138 = AXIS2_PLACEMENT_3D('',#1139,#1140,#1141);
#1139 = CARTESIAN_POINT('',(-85.,0.,545.));
#1140 = DIRECTION('',(1.,0.,0.));
#1141 = DIRECTION('',(-0.,0.,1.));
#1142 = DEFINITIONAL_REPRESENTATION('',(#1143),#1147);
#1143 = LINE('',#1144,#1145);
#1144 = CARTESIAN_POINT('',(5.,60.));
#1145 = VECTOR('',#1146,1.);
#1146 = DIRECTION('',(0.,-1.));
#1147 = ( GEOMETRIC_REPRESENTATION_CONTEXT(2) 
PARAMETRIC_REPRESENTATION_CONTEXT() REPRESENTATION_CONTEXT('2D SPACE',''
  ) );
#1148 = ORIENTED_EDGE('',*,*,#340,.T.);
#1149 = ADVANCED_FACE('',(#1150),#66,.F.);
#1150 = FACE_BOUND('',#1151,.F.);
#1151 = EDGE_LOOP('',(#1152,#1176,#1198,#1199,#1218));
#1152 = ORIENTED_EDGE('',*,*,#1153,.T.);
#1153 = EDGE_CURVE('',#108,#1154,#1156,.T.);
#1154 = VERTEX_POINT('',#1155);
#1155 = CARTESIAN_POINT('',(-85.,60.,551.));
#1156 = SURFACE_CURVE('',#1157,(#1162,#1169),.PCURVE_S1.);
#1157 = CIRCLE('',#1158,6.);
#1158 = AXIS2_PLACEMENT_3D('',#1159,#1160,#1161);
#1159 = CARTESIAN_POINT('',(-85.,60.,545.));
#1160 = DIRECTION('',(1.,0.,0.));
#1161 = DIRECTION('',(-0.,0.,1.));
#1162 = PCURVE('',#66,#1163);
#1163 = DEFINITIONAL_REPRESENTATION('',(#1164),#1168);
#1164 = CIRCLE('',#1165,6.);
#1165 = AXIS2_PLACEMENT_2D('',#1166,#1167);
#1166 = CARTESIAN_POINT('',(0.,0.));
#1167 = DIRECTION('',(1.,0.));
#1168 = ( GEOMETRIC_REPRESENTATION_CONTEXT(2) 
PARAMETRIC_REPRESENTATION_CONTEXT() REPRESENTATION_CONTEXT('2D SPACE',''
  ) );
#1169 = PCURVE('',#266,#1170);
#1170 = DEFINITIONAL_REPRESENTATION('',(#1171),#1175);
#1171 = LINE('',#1172,#1173);
#1172 = CARTESIAN_POINT('',(0.,0.));
#1173 = VECTOR('',#1174,1.);
#1174 = DIRECTION('',(1.,0.));
#1175 = ( GEOMETRIC_REPRESENTATION_CONTEXT(2) 
PARAMETRIC_REPRESENTATION_CONTEXT() REPRESENTATION_CONTEXT('2D SPACE',''
  ) );
#1176 = ORIENTED_EDGE('',*,*,#1177,.T.);
#1177 = EDGE_CURVE('',#1154,#44,#1178,.T.);
#1178 = SURFACE_CURVE('',#1179,(#1184,#1191),.PCURVE_S1.);
#1179 = CIRCLE('',#1180,6.);
#1180 = AXIS2_PLACEMENT_3D('',#1181,#1182,#1183);
#1181 = CARTESIAN_POINT('',(-85.,60.,545.));
#1182 = DIRECTION('',(1.,0.,0.));
#1183 = DIRECTION('',(-0.,0.,1.));
#1184 = PCURVE('',#66,#1185);
#1185 = DEFINITIONAL_REPRESENTATION('',(#1186),#1190);
#1186 = CIRCLE('',#1187,6.);
#1187 = AXIS2_PLACEMENT_2D('',#1188,#1189);
#1188 = CARTESIAN_POINT('',(0.,0.));
#1189 = DIRECTION('',(1.,0.));
#1190 = ( GEOMETRIC_REPRESENTATION_CONTEXT(2) 
PARAMETRIC_REPRESENTATION_CONTEXT() REPRESENTATION_CONTEXT('2D SPACE',''
  ) );
#1191 = PCURVE('',#266,#1192);
#1192 = DEFINITIONAL_REPRESENTATION('',(#1193),#1197);
#1193 = LINE('',#1194,#1195);
#1194 = CARTESIAN_POINT('',(0.,0.));
#1195 = VECTOR('',#1196,1.);
#1196 = DIRECTION('',(1.,0.));
#1197 = ( GEOMETRIC_REPRESENTATION_CONTEXT(2) 
PARAMETRIC_REPRESENTATION_CONTEXT() REPRESENTATION_CONTEXT('2D SPACE',''
  ) );
#1198 = ORIENTED_EDGE('',*,*,#43,.T.);
#1199 = ORIENTED_EDGE('',*,*,#1200,.F.);
#1200 = EDGE_CURVE('',#79,#46,#1201,.T.);
#1201 = SURFACE_CURVE('',#1202,(#1206,#1212),.PCURVE_S1.);
#1202 = LINE('',#1203,#1204);
#1203 = CARTESIAN_POINT('',(-85.,60.,545.));
#1204 = VECTOR('',#1205,1.);
#1205 = DIRECTION('',(0.,0.,1.));
#1206 = PCURVE('',#66,#1207);
#1207 = DEFINITIONAL_REPRESENTATION('',(#1208),#1211);
#1208 = B_SPLINE_CURVE_WITH_KNOTS('',1,(#1209,#1210),.UNSPECIFIED.,.F.,
  .F.,(2,2),(-5.,5.),.PIECEWISE_BEZIER_KNOTS.);
#1209 = CARTESIAN_POINT('',(-5.,0.));
#1210 = CARTESIAN_POINT('',(5.,0.));
#1211 = ( GEOMETRIC_REPRESENTATION_CONTEXT(2) 
PARAMETRIC_REPRESENTATION_CONTEXT() REPRESENTATION_CONTEXT('2D SPACE',''
  ) );
#1212 = PCURVE('',#95,#1213);
#1213 = DEFINITIONAL_REPRESENTATION('',(#1214),#1217);
#1214 = B_SPLINE_CURVE_WITH_KNOTS('',1,(#1215,#1216),.UNSPECIFIED.,.F.,
  .F.,(2,2),(-5.,5.),.PIECEWISE_BEZIER_KNOTS.);
#1215 = CARTESIAN_POINT('',(-5.,0.));
#1216 = CARTESIAN_POINT('',(5.,0.));
#1217 = ( GEOMETRIC_REPRESENTATION_CONTEXT(2) 
PARAMETRIC_REPRESENTATION_CONTEXT() REPRESENTATION_CONTEXT('2D SPACE',''
  ) );
#1218 = ORIENTED_EDGE('',*,*,#107,.F.);
#1219 = ADVANCED_FACE('',(#1220),#1137,.F.);
#1220 = FACE_BOUND('',#1221,.F.);
#1221 = EDGE_LOOP('',(#1222,#1246,#1268));
#1222 = ORIENTED_EDGE('',*,*,#1223,.T.);
#1223 = EDGE_CURVE('',#341,#1224,#1226,.T.);
#1224 = VERTEX_POINT('',#1225);
#1225 = CARTESIAN_POINT('',(-85.,1.469576158977E-15,551.));
#1226 = SURFACE_CURVE('',#1227,(#1232,#1239),.PCURVE_S1.);
#1227 = CIRCLE('',#1228,6.);
#1228 = AXIS2_PLACEMENT_3D('',#1229,#1230,#1231);
#1229 = CARTESIAN_POINT('',(-85.,0.,545.));
#1230 = DIRECTION('',(1.,0.,0.));
#1231 = DIRECTION('',(-0.,0.,1.));
#1232 = PCURVE('',#1137,#1233);
#1233 = DEFINITIONAL_REPRESENTATION('',(#1234),#1238);
#1234 = CIRCLE('',#1235,6.);
#1235 = AXIS2_PLACEMENT_2D('',#1236,#1237);
#1236 = CARTESIAN_POINT('',(0.,0.));
#1237 = DIRECTION('',(1.,0.));
#1238 = ( GEOMETRIC_REPRESENTATION_CONTEXT(2) 
PARAMETRIC_REPRESENTATION_CONTEXT() REPRESENTATION_CONTEXT('2D SPACE',''
  ) );
#1239 = PCURVE('',#509,#1240);
#1240 = DEFINITIONAL_REPRESENTATION('',(#1241),#1245);
#1241 = LINE('',#1242,#1243);
#1242 = CARTESIAN_POINT('',(0.,0.));
#1243 = VECTOR('',#1244,1.);
#1244 = DIRECTION('',(1.,0.));
#1245 = ( GEOMETRIC_REPRESENTATION_CONTEXT(2) 
PARAMETRIC_REPRESENTATION_CONTEXT() REPRESENTATION_CONTEXT('2D SPACE',''
  ) );
#1246 = ORIENTED_EDGE('',*,*,#1247,.T.);
#1247 = EDGE_CURVE('',#1224,#613,#1248,.T.);
#1248 = SURFACE_CURVE('',#1249,(#1254,#1261),.PCURVE_S1.);
#1249 = CIRCLE('',#1250,6.);
#1250 = AXIS2_PLACEMENT_3D('',#1251,#1252,#1253);
#1251 = CARTESIAN_POINT('',(-85.,0.,545.));
#1252 = DIRECTION('',(1.,0.,0.));
#1253 = DIRECTION('',(-0.,0.,1.));
#1254 = PCURVE('',#1137,#1255);
#1255 = DEFINITIONAL_REPRESENTATION('',(#1256),#1260);
#1256 = CIRCLE('',#1257,6.);
#1257 = AXIS2_PLACEMENT_2D('',#1258,#1259);
#1258 = CARTESIAN_POINT('',(0.,0.));
#1259 = DIRECTION('',(1.,0.));
#1260 = ( GEOMETRIC_REPRESENTATION_CONTEXT(2) 
PARAMETRIC_REPRESENTATION_CONTEXT() REPRESENTATION_CONTEXT('2D SPACE',''
  ) );
#1261 = PCURVE('',#509,#1262);
#1262 = DEFINITIONAL_REPRESENTATION('',(#1263),#1267);
#1263 = LINE('',#1264,#1265);
#1264 = CARTESIAN_POINT('',(0.,0.));
#1265 = VECTOR('',#1266,1.);
#1266 = DIRECTION('',(1.,0.));
#1267 = ( GEOMETRIC_REPRESENTATION_CONTEXT(2) 
PARAMETRIC_REPRESENTATION_CONTEXT() REPRESENTATION_CONTEXT('2D SPACE',''
  ) );
#1268 = ORIENTED_EDGE('',*,*,#1123,.T.);
#1269 = ADVANCED_FACE('',(#1270),#1061,.F.);
#1270 = FACE_BOUND('',#1271,.F.);
#1271 = EDGE_LOOP('',(#1272,#1273,#1297,#1319,#1320));
#1272 = ORIENTED_EDGE('',*,*,#1101,.T.);
#1273 = ORIENTED_EDGE('',*,*,#1274,.T.);
#1274 = EDGE_CURVE('',#831,#1275,#1277,.T.);
#1275 = VERTEX_POINT('',#1276);
#1276 = CARTESIAN_POINT('',(-85.,-60.,551.));
#1277 = SURFACE_CURVE('',#1278,(#1283,#1290),.PCURVE_S1.);
#1278 = CIRCLE('',#1279,6.);
#1279 = AXIS2_PLACEMENT_3D('',#1280,#1281,#1282);
#1280 = CARTESIAN_POINT('',(-85.,-60.,545.));
#1281 = DIRECTION('',(1.,0.,0.));
#1282 = DIRECTION('',(-0.,0.,1.));
#1283 = PCURVE('',#1061,#1284);
#1284 = DEFINITIONAL_REPRESENTATION('',(#1285),#1289);
#1285 = CIRCLE('',#1286,6.);
#1286 = AXIS2_PLACEMENT_2D('',#1287,#1288);
#1287 = CARTESIAN_POINT('',(0.,0.));
#1288 = DIRECTION('',(1.,0.));
#1289 = ( GEOMETRIC_REPRESENTATION_CONTEXT(2) 
PARAMETRIC_REPRESENTATION_CONTEXT() REPRESENTATION_CONTEXT('2D SPACE',''
  ) );
#1290 = PCURVE('',#979,#1291);
#1291 = DEFINITIONAL_REPRESENTATION('',(#1292),#1296);
#1292 = LINE('',#1293,#1294);
#1293 = CARTESIAN_POINT('',(0.,0.));
#1294 = VECTOR('',#1295,1.);
#1295 = DIRECTION('',(1.,0.));
#1296 = ( GEOMETRIC_REPRESENTATION_CONTEXT(2) 
PARAMETRIC_REPRESENTATION_CONTEXT() REPRESENTATION_CONTEXT('2D SPACE',''
  ) );
#1297 = ORIENTED_EDGE('',*,*,#1298,.T.);
#1298 = EDGE_CURVE('',#1275,#854,#1299,.T.);
#1299 = SURFACE_CURVE('',#1300,(#1305,#1312),.PCURVE_S1.);
#1300 = CIRCLE('',#1301,6.);
#1301 = AXIS2_PLACEMENT_3D('',#1302,#1303,#1304);
#1302 = CARTESIAN_POINT('',(-85.,-60.,545.));
#1303 = DIRECTION('',(1.,0.,0.));
#1304 = DIRECTION('',(-0.,0.,1.));
#1305 = PCURVE('',#1061,#1306);
#1306 = DEFINITIONAL_REPRESENTATION('',(#1307),#1311);
#1307 = CIRCLE('',#1308,6.);
#1308 = AXIS2_PLACEMENT_2D('',#1309,#1310);
#1309 = CARTESIAN_POINT('',(0.,0.));
#1310 = DIRECTION('',(1.,0.));
#1311 = ( GEOMETRIC_REPRESENTATION_CONTEXT(2) 
PARAMETRIC_REPRESENTATION_CONTEXT() REPRESENTATION_CONTEXT('2D SPACE',''
  ) );
#1312 = PCURVE('',#979,#1313);
#1313 = DEFINITIONAL_REPRESENTATION('',(#1314),#1318);
#1314 = LINE('',#1315,#1316);
#1315 = CARTESIAN_POINT('',(0.,0.));
#1316 = VECTOR('',#1317,1.);
#1317 = DIRECTION('',(1.,0.));
#1318 = ( GEOMETRIC_REPRESENTATION_CONTEXT(2) 
PARAMETRIC_REPRESENTATION_CONTEXT() REPRESENTATION_CONTEXT('2D SPACE',''
  ) );
#1319 = ORIENTED_EDGE('',*,*,#1046,.F.);
#1320 = ORIENTED_EDGE('',*,*,#1321,.T.);
#1321 = EDGE_CURVE('',#1047,#1073,#1322,.T.);
#1322 = SURFACE_CURVE('',#1323,(#1327,#1333),.PCURVE_S1.);
#1323 = LINE('',#1324,#1325);
#1324 = CARTESIAN_POINT('',(-85.,-60.,545.));
#1325 = VECTOR('',#1326,1.);
#1326 = DIRECTION('',(0.,0.,1.));
#1327 = PCURVE('',#1061,#1328);
#1328 = DEFINITIONAL_REPRESENTATION('',(#1329),#1332);
#1329 = B_SPLINE_CURVE_WITH_KNOTS('',1,(#1330,#1331),.UNSPECIFIED.,.F.,
  .F.,(2,2),(-5.,5.),.PIECEWISE_BEZIER_KNOTS.);
#1330 = CARTESIAN_POINT('',(-5.,0.));
#1331 = CARTESIAN_POINT('',(5.,0.));
#1332 = ( GEOMETRIC_REPRESENTATION_CONTEXT(2) 
PARAMETRIC_REPRESENTATION_CONTEXT() REPRESENTATION_CONTEXT('2D SPACE',''
  ) );
#1333 = PCURVE('',#1089,#1334);
#1334 = DEFINITIONAL_REPRESENTATION('',(#1335),#1338);
#1335 = B_SPLINE_CURVE_WITH_KNOTS('',1,(#1336,#1337),.UNSPECIFIED.,.F.,
  .F.,(2,2),(-5.,5.),.PIECEWISE_BEZIER_KNOTS.);
#1336 = CARTESIAN_POINT('',(-5.,0.));
#1337 = CARTESIAN_POINT('',(5.,0.));
#1338 = ( GEOMETRIC_REPRESENTATION_CONTEXT(2) 
PARAMETRIC_REPRESENTATION_CONTEXT() REPRESENTATION_CONTEXT('2D SPACE',''
  ) );
#1339 = ADVANCED_FACE('',(#1340),#1089,.F.);
#1340 = FACE_BOUND('',#1341,.F.);
#1341 = EDGE_LOOP('',(#1342,#1343));
#1342 = ORIENTED_EDGE('',*,*,#1072,.T.);
#1343 = ORIENTED_EDGE('',*,*,#1321,.F.);
#1344 = ADVANCED_FACE('',(#1345,#1630,#1818,#2207),#979,.T.);
#1345 = FACE_BOUND('',#1346,.T.);
#1346 = EDGE_LOOP('',(#1347,#1378,#1583,#1605,#1626,#1627,#1628,#1629));
#1347 = ORIENTED_EDGE('',*,*,#1348,.F.);
#1348 = EDGE_CURVE('',#1349,#1351,#1353,.T.);
#1349 = VERTEX_POINT('',#1350);
#1350 = CARTESIAN_POINT('',(215.,-56.68337520964,550.));
#1351 = VERTEX_POINT('',#1352);
#1352 = CARTESIAN_POINT('',(215.,-60.,551.));
#1353 = SURFACE_CURVE('',#1354,(#1359,#1366),.PCURVE_S1.);
#1354 = CIRCLE('',#1355,6.);
#1355 = AXIS2_PLACEMENT_3D('',#1356,#1357,#1358);
#1356 = CARTESIAN_POINT('',(215.,-60.,545.));
#1357 = DIRECTION('',(1.,0.,0.));
#1358 = DIRECTION('',(-0.,0.,1.));
#1359 = PCURVE('',#979,#1360);
#1360 = DEFINITIONAL_REPRESENTATION('',(#1361),#1365);
#1361 = LINE('',#1362,#1363);
#1362 = CARTESIAN_POINT('',(0.,300.));
#1363 = VECTOR('',#1364,1.);
#1364 = DIRECTION('',(1.,0.));
#1365 = ( GEOMETRIC_REPRESENTATION_CONTEXT(2) 
PARAMETRIC_REPRESENTATION_CONTEXT() REPRESENTATION_CONTEXT('2D SPACE',''
  ) );
#1366 = PCURVE('',#1367,#1372);
#1367 = PLANE('',#1368);
#1368 = AXIS2_PLACEMENT_3D('',#1369,#1370,#1371);
#1369 = CARTESIAN_POINT('',(215.,-60.,545.));
#1370 = DIRECTION('',(1.,0.,0.));
#1371 = DIRECTION('',(-0.,0.,1.));
#1372 = DEFINITIONAL_REPRESENTATION('',(#1373),#1377);
#1373 = CIRCLE('',#1374,6.);
#1374 = AXIS2_PLACEMENT_2D('',#1375,#1376);
#1375 = CARTESIAN_POINT('',(0.,0.));
#1376 = DIRECTION('',(1.,0.));
#1377 = ( GEOMETRIC_REPRESENTATION_CONTEXT(2) 
PARAMETRIC_REPRESENTATION_CONTEXT() REPRESENTATION_CONTEXT('2D SPACE',''
  ) );
#1378 = ORIENTED_EDGE('',*,*,#1379,.F.);
#1379 = EDGE_CURVE('',#1380,#1349,#1382,.T.);
#1380 = VERTEX_POINT('',#1381);
#1381 = CARTESIAN_POINT('',(215.,-56.68337520964,540.));
#1382 = SURFACE_CURVE('',#1383,(#1446,#1512),.PCURVE_S1.);
#1383 = B_SPLINE_CURVE_WITH_KNOTS('',7,(#1384,#1385,#1386,#1387,#1388,
    #1389,#1390,#1391,#1392,#1393,#1394,#1395,#1396,#1397,#1398,#1399,
    #1400,#1401,#1402,#1403,#1404,#1405,#1406,#1407,#1408,#1409,#1410,
    #1411,#1412,#1413,#1414,#1415,#1416,#1417,#1418,#1419,#1420,#1421,
    #1422,#1423,#1424,#1425,#1426,#1427,#1428,#1429,#1430,#1431,#1432,
    #1433,#1434,#1435,#1436,#1437,#1438,#1439,#1440,#1441,#1442,#1443,
    #1444,#1445),.UNSPECIFIED.,.F.,.F.,(8,6,6,6,6,6,6,6,6,6,8),(0.,
    8.471833462774E-02,0.211787125416,0.348734055495,0.439061032054,
    0.543638937519,0.601319035949,0.652989380746,0.788001371779,
    0.91492491035,1.),.UNSPECIFIED.);
#1384 = CARTESIAN_POINT('',(215.00000060003,-56.68337520964,540.));
#1385 = CARTESIAN_POINT('',(214.82007279761,-56.68337524219,
    539.9999999784));
#1386 = CARTESIAN_POINT('',(214.64097844269,-56.67198767736,
    540.00755382034));
#1387 = CARTESIAN_POINT('',(214.46309109758,-56.64940031786,
    540.02253596781));
#1388 = CARTESIAN_POINT('',(214.28685833478,-56.61619455195,
    540.04479815787));
#1389 = CARTESIAN_POINT('',(214.11288448459,-56.57335049511,
    540.07413738425));
#1390 = CARTESIAN_POINT('',(213.94200946573,-56.52222615652,
    540.11019510007));
#1391 = CARTESIAN_POINT('',(213.52546218176,-56.37794327492,
    540.21542217597));
#1392 = CARTESIAN_POINT('',(213.2832930166,-56.2759228398,
    540.29258950044));
#1393 = CARTESIAN_POINT('',(213.04841327522,-56.16217936445,
    540.3829963546));
#1394 = CARTESIAN_POINT('',(212.82062293589,-56.03998671599,
    540.48620781039));
#1395 = CARTESIAN_POINT('',(212.59971242925,-55.91186487196,
    540.60202294719));
#1396 = CARTESIAN_POINT('',(212.38537972659,-55.779674151,
    540.73066090036));
#1397 = CARTESIAN_POINT('',(211.95322798682,-55.49959130405,
    541.02621947789));
#1398 = CARTESIAN_POINT('',(211.73699376779,-55.35164090909,
    541.19495526134));
#1399 = CARTESIAN_POINT('',(211.52819805272,-55.20279168739,
    541.38005225022));
#1400 = CARTESIAN_POINT('',(211.32702028895,-55.05458089976,
    541.5828682533));
#1401 = CARTESIAN_POINT('',(211.13436763803,-54.90882110665,
    541.8050218036));
#1402 = CARTESIAN_POINT('',(210.95201304347,-54.76786398666,
    542.0482030361));
#1403 = CARTESIAN_POINT('',(210.67107109665,-54.5470318858,
    542.48930771432));
#1404 = CARTESIAN_POINT('',(210.56473145278,-54.46240845393,
    542.6750353607));
#1405 = CARTESIAN_POINT('',(210.46476463315,-54.3820073613,
    542.87144794259));
#1406 = CARTESIAN_POINT('',(210.37235586468,-54.30701706853,
    543.07874985974));
#1407 = CARTESIAN_POINT('',(210.28883142253,-54.23874278535,
    543.29705449148));
#1408 = CARTESIAN_POINT('',(210.21567401589,-54.17860988876,
    543.52635523266));
#1409 = CARTESIAN_POINT('',(210.08376492489,-54.06975808902,
    544.04452073266));
#1410 = CARTESIAN_POINT('',(210.02875181785,-54.02404343319,
    544.33846957034));
#1411 = CARTESIAN_POINT('',(209.99370018819,-53.99475198286,
    544.64313936669));
#1412 = CARTESIAN_POINT('',(209.98098022574,-53.98410620453,
    544.95311581929));
#1413 = CARTESIAN_POINT('',(209.99122588355,-53.99270607626,
    545.26285351046));
#1414 = CARTESIAN_POINT('',(210.02334571668,-54.01950896494,
    545.56681185618));
#1415 = CARTESIAN_POINT('',(210.10264187057,-54.08528371199,
    546.02115833151));
#1416 = CARTESIAN_POINT('',(210.13657661787,-54.11338323443,
    546.17911415229));
#1417 = CARTESIAN_POINT('',(210.17585417832,-54.14582939526,
    546.33321697969));
#1418 = CARTESIAN_POINT('',(210.22004945622,-54.1822246357,
    546.4831936287));
#1419 = CARTESIAN_POINT('',(210.26871392773,-54.22214711198,
    546.62879385605));
#1420 = CARTESIAN_POINT('',(210.32137387554,-54.26515294491,
    546.7697905027));
#1421 = CARTESIAN_POINT('',(210.42783254606,-54.35165021956,
    547.02797907294));
#1422 = CARTESIAN_POINT('',(210.48100654338,-54.39467757931,
    547.14627995179));
#1423 = CARTESIAN_POINT('',(210.53679637853,-54.43961229329,
    547.26094077741));
#1424 = CARTESIAN_POINT('',(210.5949716139,-54.48622504618,
    547.37202853598));
#1425 = CARTESIAN_POINT('',(210.65532565723,-54.53430530421,
    547.47961846922));
#1426 = CARTESIAN_POINT('',(210.71767580739,-54.58366115663,
    547.58379384801));
#1427 = CARTESIAN_POINT('',(210.94958196452,-54.76596335471,
    547.94816664233));
#1428 = CARTESIAN_POINT('',(211.13014406813,-54.90556737121,
    548.18946537501));
#1429 = CARTESIAN_POINT('',(211.32084827429,-55.0499215239,
    548.41008646781));
#1430 = CARTESIAN_POINT('',(211.51995870415,-55.19672970141,
    548.61167784455));
#1431 = CARTESIAN_POINT('',(211.72657829066,-55.3442198096,
    548.79582054031));
#1432 = CARTESIAN_POINT('',(211.94051743068,-55.49089235049,
    548.96384732055));
#1433 = CARTESIAN_POINT('',(212.37067364359,-55.77054683389,
    549.26036773534));
#1434 = CARTESIAN_POINT('',(212.58549355214,-55.90350199104,
    549.39028688684));
#1435 = CARTESIAN_POINT('',(212.80692967322,-56.03244136093,
    549.50726310246));
#1436 = CARTESIAN_POINT('',(213.03528993064,-56.15550531044,
    549.61153593958));
#1437 = CARTESIAN_POINT('',(213.27078972852,-56.27016894758,
    549.70291367226));
#1438 = CARTESIAN_POINT('',(213.51363179113,-56.37313855198,
    549.78096445656));
#1439 = CARTESIAN_POINT('',(213.93228633439,-56.5193065235,
    549.88774485849));
#1440 = CARTESIAN_POINT('',(214.10464733985,-56.57131379594,
    549.92446742052));
#1441 = CARTESIAN_POINT('',(214.28018077731,-56.61492976037,
    549.95435371453));
#1442 = CARTESIAN_POINT('',(214.45802587872,-56.64875246217,
    549.9770343197));
#1443 = CARTESIAN_POINT('',(214.63756643554,-56.67176853141,
    549.99230080312));
#1444 = CARTESIAN_POINT('',(214.81834951631,-56.68337520964,550.));
#1445 = CARTESIAN_POINT('',(215.,-56.68337520964,550.));
#1446 = PCURVE('',#979,#1447);
#1447 = DEFINITIONAL_REPRESENTATION('',(#1448),#1511);
#1448 = B_SPLINE_CURVE_WITH_KNOTS('',7,(#1449,#1450,#1451,#1452,#1453,
    #1454,#1455,#1456,#1457,#1458,#1459,#1460,#1461,#1462,#1463,#1464,
    #1465,#1466,#1467,#1468,#1469,#1470,#1471,#1472,#1473,#1474,#1475,
    #1476,#1477,#1478,#1479,#1480,#1481,#1482,#1483,#1484,#1485,#1486,
    #1487,#1488,#1489,#1490,#1491,#1492,#1493,#1494,#1495,#1496,#1497,
    #1498,#1499,#1500,#1501,#1502,#1503,#1504,#1505,#1506,#1507,#1508,
    #1509,#1510),.UNSPECIFIED.,.F.,.F.,(8,6,6,6,6,6,6,6,6,6,8),(0.,
    8.471833462774E-02,0.211787125416,0.348734055495,0.439061032054,
    0.543638937519,0.601319035949,0.652989380746,0.788001371779,
    0.91492491035,1.),.UNSPECIFIED.);
#1449 = CARTESIAN_POINT('',(3.727278197047,300.0000006));
#1450 = CARTESIAN_POINT('',(3.727278190536,299.82007279757));
#1451 = CARTESIAN_POINT('',(3.729555684638,299.64097844278));
#1452 = CARTESIAN_POINT('',(3.734073222658,299.46309109756));
#1453 = CARTESIAN_POINT('',(3.740735960445,299.28685833472));
#1454 = CARTESIAN_POINT('',(3.749389536619,299.11288448463));
#1455 = CARTESIAN_POINT('',(3.759814988337,298.94200946573));
#1456 = CARTESIAN_POINT('',(3.789578074826,298.52546218176));
#1457 = CARTESIAN_POINT('',(3.810894462512,298.2832930166));
#1458 = CARTESIAN_POINT('',(3.835098995599,298.04841327522));
#1459 = CARTESIAN_POINT('',(3.861733567368,297.82062293589));
#1460 = CARTESIAN_POINT('',(3.89048939359,297.59971242925));
#1461 = CARTESIAN_POINT('',(3.921205988709,297.38537972659));
#1462 = CARTESIAN_POINT('',(3.989070492994,296.95322798682));
#1463 = CARTESIAN_POINT('',(4.026444660461,296.73699376779));
#1464 = CARTESIAN_POINT('',(4.065972476495,296.52819805272));
#1465 = CARTESIAN_POINT('',(4.107752594903,296.32702028895));
#1466 = CARTESIAN_POINT('',(4.15193473876,296.13436763803));
#1467 = CARTESIAN_POINT('',(4.198693846963,295.95201304347));
#1468 = CARTESIAN_POINT('',(4.280909713558,295.67107109665));
#1469 = CARTESIAN_POINT('',(4.314903191356,295.56473145278));
#1470 = CARTESIAN_POINT('',(4.3502310121,295.46476463315));
#1471 = CARTESIAN_POINT('',(4.386912681005,295.37235586468));
#1472 = CARTESIAN_POINT('',(4.424970660105,295.28883142253));
#1473 = CARTESIAN_POINT('',(4.464431517913,295.21567401589));
#1474 = CARTESIAN_POINT('',(4.55267741799,295.08376492489));
#1475 = CARTESIAN_POINT('',(4.602189040872,295.02875181785));
#1476 = CARTESIAN_POINT('',(4.653058769554,294.99370018819));
#1477 = CARTESIAN_POINT('',(4.704575565891,294.98098022574));
#1478 = CARTESIAN_POINT('',(4.756066256714,294.99122588355));
#1479 = CARTESIAN_POINT('',(4.80684360916,295.02334571668));
#1480 = CARTESIAN_POINT('',(4.883357412742,295.10264187057));
#1481 = CARTESIAN_POINT('',(4.910082757454,295.13657661787));
#1482 = CARTESIAN_POINT('',(4.936309251484,295.17585417832));
#1483 = CARTESIAN_POINT('',(4.962010005045,295.22004945622));
#1484 = CARTESIAN_POINT('',(4.987155816829,295.26871392773));
#1485 = CARTESIAN_POINT('',(5.011714977655,295.32137387554));
#1486 = CARTESIAN_POINT('',(5.05709703368,295.42783254606));
#1487 = CARTESIAN_POINT('',(5.078070627979,295.48100654338));
#1488 = CARTESIAN_POINT('',(5.098586041505,295.53679637853));
#1489 = CARTESIAN_POINT('',(5.11865467764,295.5949716139));
#1490 = CARTESIAN_POINT('',(5.138287566527,295.65532565723));
#1491 = CARTESIAN_POINT('',(5.157495772951,295.71767580739));
#1492 = CARTESIAN_POINT('',(5.225401267873,295.94958196452));
#1493 = CARTESIAN_POINT('',(5.271778153132,296.13014406813));
#1494 = CARTESIAN_POINT('',(5.31562063183,296.32084827429));
#1495 = CARTESIAN_POINT('',(5.357099897295,296.51995870415));
#1496 = CARTESIAN_POINT('',(5.396363009857,296.72657829066));
#1497 = CARTESIAN_POINT('',(5.43350842929,296.94051743068));
#1498 = CARTESIAN_POINT('',(5.501440377769,297.37067364359));
#1499 = CARTESIAN_POINT('',(5.532396674203,297.58549355214));
#1500 = CARTESIAN_POINT('',(5.561382724927,297.80692967322));
#1501 = CARTESIAN_POINT('',(5.588241810921,298.03528993064));
#1502 = CARTESIAN_POINT('',(5.612666745857,298.27078972852));
#1503 = CARTESIAN_POINT('',(5.634198020767,298.51363179113));
#1504 = CARTESIAN_POINT('',(5.664367509647,298.93228633439));
#1505 = CARTESIAN_POINT('',(5.674977013742,299.10464733985));
#1506 = CARTESIAN_POINT('',(5.683788202984,299.28018077731));
#1507 = CARTESIAN_POINT('',(5.69057516361,299.45802587872));
#1508 = CARTESIAN_POINT('',(5.695178448254,299.63756643554));
#1509 = CARTESIAN_POINT('',(5.697499763722,299.81834951631));
#1510 = CARTESIAN_POINT('',(5.697499763722,300.));
#1511 = ( GEOMETRIC_REPRESENTATION_CONTEXT(2) 
PARAMETRIC_REPRESENTATION_CONTEXT() REPRESENTATION_CONTEXT('2D SPACE',''
  ) );
#1512 = PCURVE('',#1513,#1518);
#1513 = CYLINDRICAL_SURFACE('',#1514,5.);
#1514 = AXIS2_PLACEMENT_3D('',#1515,#1516,#1517);
#1515 = CARTESIAN_POINT('',(215.,-60.,545.));
#1516 = DIRECTION('',(0.,1.,0.));
#1517 = DIRECTION('',(0.,-0.,1.));
#1518 = DEFINITIONAL_REPRESENTATION('',(#1519),#1582);
#1519 = B_SPLINE_CURVE_WITH_KNOTS('',7,(#1520,#1521,#1522,#1523,#1524,
    #1525,#1526,#1527,#1528,#1529,#1530,#1531,#1532,#1533,#1534,#1535,
    #1536,#1537,#1538,#1539,#1540,#1541,#1542,#1543,#1544,#1545,#1546,
    #1547,#1548,#1549,#1550,#1551,#1552,#1553,#1554,#1555,#1556,#1557,
    #1558,#1559,#1560,#1561,#1562,#1563,#1564,#1565,#1566,#1567,#1568,
    #1569,#1570,#1571,#1572,#1573,#1574,#1575,#1576,#1577,#1578,#1579,
    #1580,#1581),.UNSPECIFIED.,.F.,.F.,(8,6,6,6,6,6,6,6,6,6,8),(0.,
    8.471833462774E-02,0.211787125416,0.348734055495,0.439061032054,
    0.543638937519,0.601319035949,0.652989380746,0.788001371779,
    0.91492491035,1.),.UNSPECIFIED.);
#1520 = CARTESIAN_POINT('',(3.141592533576,3.316624790355));
#1521 = CARTESIAN_POINT('',(3.177578094061,3.316624757802));
#1522 = CARTESIAN_POINT('',(3.213396913469,3.328012322638));
#1523 = CARTESIAN_POINT('',(3.249050676688,3.350599682131));
#1524 = CARTESIAN_POINT('',(3.28452213582,3.383805448044));
#1525 = CARTESIAN_POINT('',(3.319760810007,3.426649504882));
#1526 = CARTESIAN_POINT('',(3.354661153908,3.47777384348));
#1527 = CARTESIAN_POINT('',(3.440587721927,3.622056725078));
#1528 = CARTESIAN_POINT('',(3.491326411725,3.724077160194));
#1529 = CARTESIAN_POINT('',(3.541523843744,3.83782063555));
#1530 = CARTESIAN_POINT('',(3.591389977807,3.960013284003));
#1531 = CARTESIAN_POINT('',(3.641143875297,4.088135128034));
#1532 = CARTESIAN_POINT('',(3.691050461481,4.220325848998));
#1533 = CARTESIAN_POINT('',(3.795761492215,4.500408695949));
#1534 = CARTESIAN_POINT('',(3.850509222463,4.648359090904));
#1535 = CARTESIAN_POINT('',(3.906137982859,4.797208312608));
#1536 = CARTESIAN_POINT('',(3.96305182528,4.945419100232));
#1537 = CARTESIAN_POINT('',(4.021634609002,5.091178893343));
#1538 = CARTESIAN_POINT('',(4.082249272494,5.232136013332));
#1539 = CARTESIAN_POINT('',(4.186844055277,5.452968114193));
#1540 = CARTESIAN_POINT('',(4.229599786436,5.537591546061));
#1541 = CARTESIAN_POINT('',(4.273590501903,5.617992638692));
#1542 = CARTESIAN_POINT('',(4.318871064456,5.692982931468));
#1543 = CARTESIAN_POINT('',(4.365502351118,5.761257214645));
#1544 = CARTESIAN_POINT('',(4.413554661526,5.821390111235));
#1545 = CARTESIAN_POINT('',(4.520493053822,5.93024191098));
#1546 = CARTESIAN_POINT('',(4.580180154925,5.975956566802));
#1547 = CARTESIAN_POINT('',(4.641268470038,6.005248017133));
#1548 = CARTESIAN_POINT('',(4.703013161583,6.015893795461));
#1549 = CARTESIAN_POINT('',(4.764733609699,6.007293923738));
#1550 = CARTESIAN_POINT('',(4.825724566807,5.980491035053));
#1551 = CARTESIAN_POINT('',(4.917967420115,5.914716288009));
#1552 = CARTESIAN_POINT('',(4.950255057258,5.886616765567));
#1553 = CARTESIAN_POINT('',(4.982024838537,5.854170604734));
#1554 = CARTESIAN_POINT('',(5.013258022626,5.8177753643));
#1555 = CARTESIAN_POINT('',(5.043931268339,5.777852888013));
#1556 = CARTESIAN_POINT('',(5.074016126871,5.734847055082));
#1557 = CARTESIAN_POINT('',(5.129871220222,5.648349780436));
#1558 = CARTESIAN_POINT('',(5.155798869283,5.605322420686));
#1559 = CARTESIAN_POINT('',(5.181282904409,5.560387706709));
#1560 = CARTESIAN_POINT('',(5.206343464587,5.513774953812));
#1561 = CARTESIAN_POINT('',(5.231000136843,5.465694695787));
#1562 = CARTESIAN_POINT('',(5.255272688496,5.416338843364));
#1563 = CARTESIAN_POINT('',(5.341655093868,5.234036645282));
#1564 = CARTESIAN_POINT('',(5.401758148557,5.094432628791));
#1565 = CARTESIAN_POINT('',(5.459859708322,4.950078476097));
#1566 = CARTESIAN_POINT('',(5.516313822558,4.803270298583));
#1567 = CARTESIAN_POINT('',(5.571494681949,4.655780190397));
#1568 = CARTESIAN_POINT('',(5.625796289753,4.509107649501));
#1569 = CARTESIAN_POINT('',(5.730287193451,4.229453166105));
#1570 = CARTESIAN_POINT('',(5.780408206877,4.096498008956));
#1571 = CARTESIAN_POINT('',(5.830361658925,3.967558639062));
#1572 = CARTESIAN_POINT('',(5.880417744101,3.844494689556));
#1573 = CARTESIAN_POINT('',(5.930799353927,3.729831052418));
#1574 = CARTESIAN_POINT('',(5.981719088281,3.626861448015));
#1575 = CARTESIAN_POINT('',(6.068130587708,3.480693476493));
#1576 = CARTESIAN_POINT('',(6.103348520049,3.428686204059));
#1577 = CARTESIAN_POINT('',(6.138911682867,3.385070239623));
#1578 = CARTESIAN_POINT('',(6.174712025895,3.351247537828));
#1579 = CARTESIAN_POINT('',(6.210698648361,3.328231468583));
#1580 = CARTESIAN_POINT('',(6.246855210442,3.316624790355));
#1581 = CARTESIAN_POINT('',(6.28318530718,3.316624790355));
#1582 = ( GEOMETRIC_REPRESENTATION_CONTEXT(2) 
PARAMETRIC_REPRESENTATION_CONTEXT() REPRESENTATION_CONTEXT('2D SPACE',''
  ) );
#1583 = ORIENTED_EDGE('',*,*,#1584,.F.);
#1584 = EDGE_CURVE('',#1351,#1380,#1585,.T.);
#1585 = SURFACE_CURVE('',#1586,(#1591,#1598),.PCURVE_S1.);
#1586 = CIRCLE('',#1587,6.);
#1587 = AXIS2_PLACEMENT_3D('',#1588,#1589,#1590);
#1588 = CARTESIAN_POINT('',(215.,-60.,545.));
#1589 = DIRECTION('',(1.,0.,0.));
#1590 = DIRECTION('',(-0.,0.,1.));
#1591 = PCURVE('',#979,#1592);
#1592 = DEFINITIONAL_REPRESENTATION('',(#1593),#1597);
#1593 = LINE('',#1594,#1595);
#1594 = CARTESIAN_POINT('',(0.,300.));
#1595 = VECTOR('',#1596,1.);
#1596 = DIRECTION('',(1.,0.));
#1597 = ( GEOMETRIC_REPRESENTATION_CONTEXT(2) 
PARAMETRIC_REPRESENTATION_CONTEXT() REPRESENTATION_CONTEXT('2D SPACE',''
  ) );
#1598 = PCURVE('',#1367,#1599);
#1599 = DEFINITIONAL_REPRESENTATION('',(#1600),#1604);
#1600 = CIRCLE('',#1601,6.);
#1601 = AXIS2_PLACEMENT_2D('',#1602,#1603);
#1602 = CARTESIAN_POINT('',(0.,0.));
#1603 = DIRECTION('',(1.,0.));
#1604 = ( GEOMETRIC_REPRESENTATION_CONTEXT(2) 
PARAMETRIC_REPRESENTATION_CONTEXT() REPRESENTATION_CONTEXT('2D SPACE',''
  ) );
#1605 = ORIENTED_EDGE('',*,*,#1606,.F.);
#1606 = EDGE_CURVE('',#1275,#1351,#1607,.T.);
#1607 = SEAM_CURVE('',#1608,(#1612,#1619),.PCURVE_S1.);
#1608 = LINE('',#1609,#1610);
#1609 = CARTESIAN_POINT('',(-85.,-60.,551.));
#1610 = VECTOR('',#1611,1.);
#1611 = DIRECTION('',(1.,0.,0.));
#1612 = PCURVE('',#979,#1613);
#1613 = DEFINITIONAL_REPRESENTATION('',(#1614),#1618);
#1614 = LINE('',#1615,#1616);
#1615 = CARTESIAN_POINT('',(6.28318530718,-0.));
#1616 = VECTOR('',#1617,1.);
#1617 = DIRECTION('',(0.,1.));
#1618 = ( GEOMETRIC_REPRESENTATION_CONTEXT(2) 
PARAMETRIC_REPRESENTATION_CONTEXT() REPRESENTATION_CONTEXT('2D SPACE',''
  ) );
#1619 = PCURVE('',#979,#1620);
#1620 = DEFINITIONAL_REPRESENTATION('',(#1621),#1625);
#1621 = LINE('',#1622,#1623);
#1622 = CARTESIAN_POINT('',(0.,-0.));
#1623 = VECTOR('',#1624,1.);
#1624 = DIRECTION('',(0.,1.));
#1625 = ( GEOMETRIC_REPRESENTATION_CONTEXT(2) 
PARAMETRIC_REPRESENTATION_CONTEXT() REPRESENTATION_CONTEXT('2D SPACE',''
  ) );
#1626 = ORIENTED_EDGE('',*,*,#1298,.T.);
#1627 = ORIENTED_EDGE('',*,*,#853,.F.);
#1628 = ORIENTED_EDGE('',*,*,#1274,.T.);
#1629 = ORIENTED_EDGE('',*,*,#1606,.T.);
#1630 = FACE_BOUND('',#1631,.T.);
#1631 = EDGE_LOOP('',(#1632,#1669));
#1632 = ORIENTED_EDGE('',*,*,#1633,.F.);
#1633 = EDGE_CURVE('',#1634,#1636,#1638,.T.);
#1634 = VERTEX_POINT('',#1635);
#1635 = CARTESIAN_POINT('',(-76.25171831191,-64.5553567593,
    541.09503843867));
#1636 = VERTEX_POINT('',#1637);
#1637 = CARTESIAN_POINT('',(-75.95198719822,-55.65584845754,
    540.86135923566));
#1638 = SURFACE_CURVE('',#1639,(#1644,#1657),.PCURVE_S1.);
#1639 = ELLIPSE('',#1640,24.7526292237,6.);
#1640 = AXIS2_PLACEMENT_3D('',#1641,#1642,#1643);
#1641 = CARTESIAN_POINT('',(-60.,-60.,545.));
#1642 = DIRECTION('',(0.242398492127,-3.362301664985E-02,-0.969593968507
    ));
#1643 = DIRECTION('',(0.970176773075,8.400704658025E-03,0.24225287851));
#1644 = PCURVE('',#979,#1645);
#1645 = DEFINITIONAL_REPRESENTATION('',(#1646),#1656);
#1646 = B_SPLINE_CURVE_WITH_KNOTS('',8,(#1647,#1648,#1649,#1650,#1651,
    #1652,#1653,#1654,#1655),.UNSPECIFIED.,.F.,.F.,(9,9),(2.145651398425
    ,4.141608987384),.PIECEWISE_BEZIER_KNOTS.);
#1647 = CARTESIAN_POINT('',(2.110987869186,11.94304053082));
#1648 = CARTESIAN_POINT('',(2.360482567806,6.914571201077));
#1649 = CARTESIAN_POINT('',(2.609977266423,2.81497471418));
#1650 = CARTESIAN_POINT('',(2.859471965048,0.121228606266));
#1651 = CARTESIAN_POINT('',(3.108966663647,-0.813106339462));
#1652 = CARTESIAN_POINT('',(3.35846136229,0.147472245158));
#1653 = CARTESIAN_POINT('',(3.607956060903,2.864897215272));
#1654 = CARTESIAN_POINT('',(3.857450759525,6.983577664561));
#1655 = CARTESIAN_POINT('',(4.106945458145,12.025280353549));
#1656 = ( GEOMETRIC_REPRESENTATION_CONTEXT(2) 
PARAMETRIC_REPRESENTATION_CONTEXT() REPRESENTATION_CONTEXT('2D SPACE',''
  ) );
#1657 = PCURVE('',#1658,#1663);
#1658 = PLANE('',#1659);
#1659 = AXIS2_PLACEMENT_3D('',#1660,#1661,#1662);
#1660 = CARTESIAN_POINT('',(-80.,-60.,540.));
#1661 = DIRECTION('',(0.242398492127,-3.362301664985E-02,-0.969593968507
    ));
#1662 = DIRECTION('',(-0.970142500145,0.,-0.242535625036));
#1663 = DEFINITIONAL_REPRESENTATION('',(#1664),#1668);
#1664 = ELLIPSE('',#1665,24.7526292237,6.);
#1665 = AXIS2_PLACEMENT_2D('',#1666,#1667);
#1666 = CARTESIAN_POINT('',(-20.61552812808,5.273559366969E-16));
#1667 = DIRECTION('',(-0.999964673521,8.405457216762E-03));
#1668 = ( GEOMETRIC_REPRESENTATION_CONTEXT(2) 
PARAMETRIC_REPRESENTATION_CONTEXT() REPRESENTATION_CONTEXT('2D SPACE',''
  ) );
#1669 = ORIENTED_EDGE('',*,*,#1670,.T.);
#1670 = EDGE_CURVE('',#1634,#1636,#1671,.T.);
#1671 = SURFACE_CURVE('',#1672,(#1717,#1765),.PCURVE_S1.);
#1672 = B_SPLINE_CURVE_WITH_KNOTS('',7,(#1673,#1674,#1675,#1676,#1677,
    #1678,#1679,#1680,#1681,#1682,#1683,#1684,#1685,#1686,#1687,#1688,
    #1689,#1690,#1691,#1692,#1693,#1694,#1695,#1696,#1697,#1698,#1699,
    #1700,#1701,#1702,#1703,#1704,#1705,#1706,#1707,#1708,#1709,#1710,
    #1711,#1712,#1713,#1714,#1715,#1716),.UNSPECIFIED.,.F.,.F.,(8,6,6,6,
    6,6,6,8),(0.,0.309231885535,0.404675088407,0.463400221356,
    0.566800632063,0.656786216839,0.911525596631,1.),.UNSPECIFIED.);
#1673 = CARTESIAN_POINT('',(-76.25171894499,-64.55535716613,
    541.09503891329));
#1674 = CARTESIAN_POINT('',(-75.93460483369,-64.35157224098,
    540.8573123141));
#1675 = CARTESIAN_POINT('',(-75.6274547588,-64.12703041154,
    540.62466365046));
#1676 = CARTESIAN_POINT('',(-75.32630486542,-63.87693261796,
    540.39474238663));
#1677 = CARTESIAN_POINT('',(-75.03069322034,-63.59530604898,
    540.16733704848));
#1678 = CARTESIAN_POINT('',(-74.74413452936,-63.27583705002,
    539.9452560098));
#1679 = CARTESIAN_POINT('',(-74.47444221991,-62.91228543146,
    539.73458036989));
#1680 = CARTESIAN_POINT('',(-74.16050100926,-62.37225932814,
    539.48710470573));
#1681 = CARTESIAN_POINT('',(-74.0890031422,-62.23971220774,
    539.43056102634));
#1682 = CARTESIAN_POINT('',(-74.02046858388,-62.1017628457,
    539.37616688097));
#1683 = CARTESIAN_POINT('',(-73.9553854494,-61.95821417005,
    539.3243037543));
#1684 = CARTESIAN_POINT('',(-73.89431212479,-61.80889384723,
    539.27540938566));
#1685 = CARTESIAN_POINT('',(-73.83787711175,-61.65365503649,
    539.22997826025));
#1686 = CARTESIAN_POINT('',(-73.75533869822,-61.39314466478,
    539.16307920166));
#1687 = CARTESIAN_POINT('',(-73.7259144631,-61.29161139884,
    539.13911263457));
#1688 = CARTESIAN_POINT('',(-73.69872285319,-61.18791421367,
    539.11683470855));
#1689 = CARTESIAN_POINT('',(-73.67396329291,-61.0821926929,
    539.09640486563));
#1690 = CARTESIAN_POINT('',(-73.65181794472,-60.97458913647,
    539.07796968054));
#1691 = CARTESIAN_POINT('',(-73.63245170919,-60.86524856063,
    539.06166286076));
#1692 = CARTESIAN_POINT('',(-73.58706636595,-60.5589986913,
    539.02285327029));
#1693 = CARTESIAN_POINT('',(-73.56721574206,-60.35889647523,
    539.00509271259));
#1694 = CARTESIAN_POINT('',(-73.55741441403,-60.15599147938,
    538.99511145631));
#1695 = CARTESIAN_POINT('',(-73.55809415423,-59.95227046464,
    538.99329606351));
#1696 = CARTESIAN_POINT('',(-73.56916661407,-59.74973268293,
    538.99962884661));
#1697 = CARTESIAN_POINT('',(-73.59002549135,-59.55039503692,
    539.0136849397));
#1698 = CARTESIAN_POINT('',(-73.64524166124,-59.18738104638,
    539.05285653894));
#1699 = CARTESIAN_POINT('',(-73.67747605032,-59.02256794606,
    539.07628605273));
#1700 = CARTESIAN_POINT('',(-73.71565568,-58.8621306472,539.10446767662)
  );
#1701 = CARTESIAN_POINT('',(-73.75916722602,-58.70632242016,
    539.13693508818));
#1702 = CARTESIAN_POINT('',(-73.80738025397,-58.55537720102,
    539.17320580983));
#1703 = CARTESIAN_POINT('',(-73.85964724851,-58.40950969531,
    539.21278114178));
#1704 = CARTESIAN_POINT('',(-74.07286082622,-57.87090859131,
    539.37507665845));
#1705 = CARTESIAN_POINT('',(-74.25919790839,-57.51107720548,
    539.51859413562));
#1706 = CARTESIAN_POINT('',(-74.46369983488,-57.18673207393,
    539.67747317381));
#1707 = CARTESIAN_POINT('',(-74.67928741213,-56.89390172261,
    539.84616314299));
#1708 = CARTESIAN_POINT('',(-74.90201401018,-56.62798619124,
    540.02156315778));
#1709 = CARTESIAN_POINT('',(-75.1307709538,-56.38423791825,
    540.20282615068));
#1710 = CARTESIAN_POINT('',(-75.44901040842,-56.07966669344,
    540.45671544781));
#1711 = CARTESIAN_POINT('',(-75.53166557086,-56.00355502196,
    540.52280667501));
#1712 = CARTESIAN_POINT('',(-75.61486127733,-55.92975253405,
    540.58948421662));
#1713 = CARTESIAN_POINT('',(-75.69853369761,-55.85816868195,
    540.6567038039));
#1714 = CARTESIAN_POINT('',(-75.78263332352,-55.7887145548,
    540.72443367113));
#1715 = CARTESIAN_POINT('',(-75.86712496895,-55.72130287865,
    540.79265455558));
#1716 = CARTESIAN_POINT('',(-75.95198776986,-55.65584801645,
    540.86135969752));
#1717 = PCURVE('',#979,#1718);
#1718 = DEFINITIONAL_REPRESENTATION('',(#1719),#1764);
#1719 = B_SPLINE_CURVE_WITH_KNOTS('',7,(#1720,#1721,#1722,#1723,#1724,
    #1725,#1726,#1727,#1728,#1729,#1730,#1731,#1732,#1733,#1734,#1735,
    #1736,#1737,#1738,#1739,#1740,#1741,#1742,#1743,#1744,#1745,#1746,
    #1747,#1748,#1749,#1750,#1751,#1752,#1753,#1754,#1755,#1756,#1757,
    #1758,#1759,#1760,#1761,#1762,#1763),.UNSPECIFIED.,.F.,.F.,(8,6,6,6,
    6,6,6,8),(0.,0.309231885535,0.404675088407,0.463400221356,
    0.566800632063,0.656786216839,0.911525596631,1.),.UNSPECIFIED.);
#1720 = CARTESIAN_POINT('',(2.279469322315,8.748281055014));
#1721 = CARTESIAN_POINT('',(2.331655482592,9.065395166316));
#1722 = CARTESIAN_POINT('',(2.385450560255,9.372545241152));
#1723 = CARTESIAN_POINT('',(2.441905094003,9.673695134639));
#1724 = CARTESIAN_POINT('',(2.501988837151,9.969306779606));
#1725 = CARTESIAN_POINT('',(2.566519756533,10.255865470652));
#1726 = CARTESIAN_POINT('',(2.636231316316,10.525557780086));
#1727 = CARTESIAN_POINT('',(2.73523642233,10.839498990732));
#1728 = CARTESIAN_POINT('',(2.759245280561,10.910996857799));
#1729 = CARTESIAN_POINT('',(2.783944283161,10.979531416114));
#1730 = CARTESIAN_POINT('',(2.809362751456,11.044614550596));
#1731 = CARTESIAN_POINT('',(2.835529120306,11.105687875201));
#1732 = CARTESIAN_POINT('',(2.862472513402,11.162122888249));
#1733 = CARTESIAN_POINT('',(2.907299693217,11.244661301773));
#1734 = CARTESIAN_POINT('',(2.92468354256,11.274085536897));
#1735 = CARTESIAN_POINT('',(2.942354951435,11.301277146802));
#1736 = CARTESIAN_POINT('',(2.960294188604,11.32603670709));
#1737 = CARTESIAN_POINT('',(2.978482706736,11.348182055279));
#1738 = CARTESIAN_POINT('',(2.996903142414,11.367548290805));
#1739 = CARTESIAN_POINT('',(3.048353001171,11.412933634046));
#1740 = CARTESIAN_POINT('',(3.081810925628,11.432784257937));
#1741 = CARTESIAN_POINT('',(3.115626886527,11.442585585969));
#1742 = CARTESIAN_POINT('',(3.149532452488,11.441905845767));
#1743 = CARTESIAN_POINT('',(3.183263358115,11.430833385929));
#1744 = CARTESIAN_POINT('',(3.216545898371,11.409974508647));
#1745 = CARTESIAN_POINT('',(3.277399450152,11.354758338759));
#1746 = CARTESIAN_POINT('',(3.305128696507,11.322523949671));
#1747 = CARTESIAN_POINT('',(3.332254903545,11.284344319992));
#1748 = CARTESIAN_POINT('',(3.358757941896,11.240832773979));
#1749 = CARTESIAN_POINT('',(3.384613712851,11.19261974603));
#1750 = CARTESIAN_POINT('',(3.409794149889,11.140352751481));
#1751 = CARTESIAN_POINT('',(3.503547814108,10.927139173772));
#1752 = CARTESIAN_POINT('',(3.567870598569,10.7408020916));
#1753 = CARTESIAN_POINT('',(3.627812176208,10.536300165115));
#1754 = CARTESIAN_POINT('',(3.68393357083,10.320712587865));
#1755 = CARTESIAN_POINT('',(3.736887252852,10.097985989817));
#1756 = CARTESIAN_POINT('',(3.787435847923,9.869229046199));
#1757 = CARTESIAN_POINT('',(3.853521525935,9.550989591571));
#1758 = CARTESIAN_POINT('',(3.870318544015,9.468334429246));
#1759 = CARTESIAN_POINT('',(3.886890439298,9.385138722818));
#1760 = CARTESIAN_POINT('',(3.903251204181,9.301466302462));
#1761 = CARTESIAN_POINT('',(3.919415253001,9.21736667637));
#1762 = CARTESIAN_POINT('',(3.935397422039,9.132875030755));
#1763 = CARTESIAN_POINT('',(3.951212969518,9.048012229846));
#1764 = ( GEOMETRIC_REPRESENTATION_CONTEXT(2) 
PARAMETRIC_REPRESENTATION_CONTEXT() REPRESENTATION_CONTEXT('2D SPACE',''
  ) );
#1765 = PCURVE('',#1766,#1771);
#1766 = CYLINDRICAL_SURFACE('',#1767,6.);
#1767 = AXIS2_PLACEMENT_3D('',#1768,#1769,#1770);
#1768 = CARTESIAN_POINT('',(-80.,-60.,540.));
#1769 = DIRECTION('',(0.242398492127,-3.362301664985E-02,-0.969593968507
    ));
#1770 = DIRECTION('',(-0.970142500145,0.,-0.242535625036));
#1771 = DEFINITIONAL_REPRESENTATION('',(#1772),#1817);
#1772 = B_SPLINE_CURVE_WITH_KNOTS('',7,(#1773,#1774,#1775,#1776,#1777,
    #1778,#1779,#1780,#1781,#1782,#1783,#1784,#1785,#1786,#1787,#1788,
    #1789,#1790,#1791,#1792,#1793,#1794,#1795,#1796,#1797,#1798,#1799,
    #1800,#1801,#1802,#1803,#1804,#1805,#1806,#1807,#1808,#1809,#1810,
    #1811,#1812,#1813,#1814,#1815,#1816),.UNSPECIFIED.,.F.,.F.,(8,6,6,6,
    6,6,6,8),(0.,0.309231885535,0.404675088407,0.463400221356,
    0.566800632063,0.656786216839,0.911525596631,1.),.UNSPECIFIED.);
#1773 = CARTESIAN_POINT('',(4.004376204153,-6.E-07));
#1774 = CARTESIAN_POINT('',(3.949529273331,0.300513795213));
#1775 = CARTESIAN_POINT('',(3.893528541821,0.592991477814));
#1776 = CARTESIAN_POINT('',(3.835158074653,0.880510985777));
#1777 = CARTESIAN_POINT('',(3.773399035011,1.163188512733));
#1778 = CARTESIAN_POINT('',(3.707403842011,1.437236831225));
#1779 = CARTESIAN_POINT('',(3.636432856801,1.694655968078));
#1780 = CARTESIAN_POINT('',(3.536059726506,1.99254844881));
#1781 = CARTESIAN_POINT('',(3.511747339733,2.060247200438));
#1782 = CARTESIAN_POINT('',(3.486764512132,2.124961835608));
#1783 = CARTESIAN_POINT('',(3.461082703532,2.186197524561));
#1784 = CARTESIAN_POINT('',(3.434674483348,2.24338869159));
#1785 = CARTESIAN_POINT('',(3.407511978833,2.295898601711));
#1786 = CARTESIAN_POINT('',(3.362370059444,2.372011567841));
#1787 = CARTESIAN_POINT('',(3.34487549891,2.398967942272));
#1788 = CARTESIAN_POINT('',(3.327103099035,2.423673078025));
#1789 = CARTESIAN_POINT('',(3.309073085862,2.445928734126));
#1790 = CARTESIAN_POINT('',(3.290804454174,2.465553421233));
#1791 = CARTESIAN_POINT('',(3.272314967491,2.482382401629));
#1792 = CARTESIAN_POINT('',(3.220705990845,2.520716240778));
#1793 = CARTESIAN_POINT('',(3.187182115055,2.536020491554));
#1794 = CARTESIAN_POINT('',(3.153338144368,2.541251806522));
#1795 = CARTESIAN_POINT('',(3.119443630281,2.535997517365));
#1796 = CARTESIAN_POINT('',(3.085762619604,2.520363410288));
#1797 = CARTESIAN_POINT('',(3.052567211967,2.494976213822));
#1798 = CARTESIAN_POINT('',(2.99194057912,2.431405725684));
#1799 = CARTESIAN_POINT('',(2.964342712598,2.39533352951));
#1800 = CARTESIAN_POINT('',(2.93737218208,2.353359726322));
#1801 = CARTESIAN_POINT('',(2.911047734361,2.306093644149));
#1802 = CARTESIAN_POINT('',(2.88539208933,2.254163772313));
#1803 = CARTESIAN_POINT('',(2.860431830611,2.198217822909));
#1804 = CARTESIAN_POINT('',(2.767591971448,1.971065025211));
#1805 = CARTESIAN_POINT('',(2.704098483,1.774644900547));
#1806 = CARTESIAN_POINT('',(2.645122165949,1.560120323016));
#1807 = CARTESIAN_POINT('',(2.590095770271,1.334455602927));
#1808 = CARTESIAN_POINT('',(2.538370402155,1.101459332653));
#1809 = CARTESIAN_POINT('',(2.489199720517,0.862061937584));
#1810 = CARTESIAN_POINT('',(2.425245840696,0.528511039115));
#1811 = CARTESIAN_POINT('',(2.409021175649,0.441834792684));
#1812 = CARTESIAN_POINT('',(2.393045524435,0.354536674213));
#1813 = CARTESIAN_POINT('',(2.377306255085,0.266672034566));
#1814 = CARTESIAN_POINT('',(2.361790596496,0.178280684794));
#1815 = CARTESIAN_POINT('',(2.346485638424,8.938689613095E-02));
#1816 = CARTESIAN_POINT('',(2.331378331484,-6.E-07));
#1817 = ( GEOMETRIC_REPRESENTATION_CONTEXT(2) 
PARAMETRIC_REPRESENTATION_CONTEXT() REPRESENTATION_CONTEXT('2D SPACE',''
  ) );
#1818 = FACE_BOUND('',#1819,.T.);
#1819 = EDGE_LOOP('',(#1820,#1937,#1969,#2097,#2129));
#1820 = ORIENTED_EDGE('',*,*,#1821,.F.);
#1821 = EDGE_CURVE('',#1822,#1824,#1826,.T.);
#1822 = VERTEX_POINT('',#1823);
#1823 = CARTESIAN_POINT('',(208.18488249267,-63.56037446089,
    540.17053484346));
#1824 = VERTEX_POINT('',#1825);
#1825 = CARTESIAN_POINT('',(205.94594510576,-60.02729002712,
    539.00006206245));
#1826 = SURFACE_CURVE('',#1827,(#1860,#1896),.PCURVE_S1.);
#1827 = B_SPLINE_CURVE_WITH_KNOTS('',7,(#1828,#1829,#1830,#1831,#1832,
    #1833,#1834,#1835,#1836,#1837,#1838,#1839,#1840,#1841,#1842,#1843,
    #1844,#1845,#1846,#1847,#1848,#1849,#1850,#1851,#1852,#1853,#1854,
    #1855,#1856,#1857,#1858,#1859),.UNSPECIFIED.,.F.,.F.,(8,6,6,6,6,8),(
    0.,0.111774842515,0.68018321591,0.800885770927,0.99268362359,1.),
  .UNSPECIFIED.);
#1828 = CARTESIAN_POINT('',(208.18488399116,-63.56037519878,
    540.17053538743));
#1829 = CARTESIAN_POINT('',(208.13044141088,-63.53356646132,
    540.15077146501));
#1830 = CARTESIAN_POINT('',(208.07640183363,-63.50580488455,
    540.13057310963));
#1831 = CARTESIAN_POINT('',(208.02277259828,-63.47708875092,
    540.10996865362));
#1832 = CARTESIAN_POINT('',(207.9695612844,-63.44741486736,
    540.08898611786));
#1833 = CARTESIAN_POINT('',(207.91677571225,-63.41677856526,
    540.06765321175));
#1834 = CARTESIAN_POINT('',(207.86442394278,-63.38517370048,
    540.04599733325));
#1835 = CARTESIAN_POINT('',(207.54853816595,-63.18690832226,
    539.91241430719));
#1836 = CARTESIAN_POINT('',(207.29700991728,-62.99661529438,
    539.79356038314));
#1837 = CARTESIAN_POINT('',(207.05758750688,-62.78022297208,
    539.67060399315));
#1838 = CARTESIAN_POINT('',(206.83162009565,-62.53515015918,
    539.54660891687));
#1839 = CARTESIAN_POINT('',(206.62247298539,-62.25834238804,
    539.42558386862));
#1840 = CARTESIAN_POINT('',(206.43592665274,-61.9469036305,
    539.31318361579));
#1841 = CARTESIAN_POINT('',(206.24788217747,-61.52508273025,
    539.19655283741));
#1842 = CARTESIAN_POINT('',(206.21636379679,-61.4495547155,
    539.17685530766));
#1843 = CARTESIAN_POINT('',(206.18637164527,-61.37241697538,
    539.15797551808));
#1844 = CARTESIAN_POINT('',(206.15801093059,-61.29370628921,
    539.13999933886));
#1845 = CARTESIAN_POINT('',(206.13138497111,-61.21346278016,
    539.12301155579));
#1846 = CARTESIAN_POINT('',(206.10659541563,-61.13172991512,
    539.10709549631));
#1847 = CARTESIAN_POINT('',(206.04742883899,-60.91638774832,
    539.06887431934));
#1848 = CARTESIAN_POINT('',(206.01593066164,-60.78030794326,
    539.04827975631));
#1849 = CARTESIAN_POINT('',(205.98983117902,-60.6410036758,
    539.03099123038));
#1850 = CARTESIAN_POINT('',(205.96956976078,-60.49918628213,
    539.01735956763));
#1851 = CARTESIAN_POINT('',(205.95544750876,-60.35558448572,
    539.00763416244));
#1852 = CARTESIAN_POINT('',(205.94763003119,-60.2109387631,
    539.00195732361));
#1853 = CARTESIAN_POINT('',(205.94609082318,-60.06046638786,
    539.00030214177));
#1854 = CARTESIAN_POINT('',(205.94604348618,-60.05493715604,
    539.00024726606));
#1855 = CARTESIAN_POINT('',(205.94600537003,-60.04940779265,
    539.00019833469));
#1856 = CARTESIAN_POINT('',(205.94597647461,-60.04387834789,
    539.00015534835));
#1857 = CARTESIAN_POINT('',(205.94595679941,-60.03834887192,
    539.00011830749));
#1858 = CARTESIAN_POINT('',(205.94594634354,-60.03281941495,
    539.00008721223));
#1859 = CARTESIAN_POINT('',(205.94594510576,-60.02729002712,
    539.00006206245));
#1860 = PCURVE('',#979,#1861);
#1861 = DEFINITIONAL_REPRESENTATION('',(#1862),#1895);
#1862 = B_SPLINE_CURVE_WITH_KNOTS('',7,(#1863,#1864,#1865,#1866,#1867,
    #1868,#1869,#1870,#1871,#1872,#1873,#1874,#1875,#1876,#1877,#1878,
    #1879,#1880,#1881,#1882,#1883,#1884,#1885,#1886,#1887,#1888,#1889,
    #1890,#1891,#1892,#1893,#1894),.UNSPECIFIED.,.F.,.F.,(8,6,6,6,6,8),(
    0.,0.111774842515,0.68018321591,0.800885770927,0.99268362359,1.),
  .UNSPECIFIED.);
#1863 = CARTESIAN_POINT('',(2.506321405783,293.18488399116));
#1864 = CARTESIAN_POINT('',(2.51187248434,293.13044141088));
#1865 = CARTESIAN_POINT('',(2.517594358018,293.07640183363));
#1866 = CARTESIAN_POINT('',(2.52348472295,293.02277259828));
#1867 = CARTESIAN_POINT('',(2.529541595607,292.9695612844));
#1868 = CARTESIAN_POINT('',(2.5357633128,292.91677571225));
#1869 = CARTESIAN_POINT('',(2.54214853168,292.86442394278));
#1870 = CARTESIAN_POINT('',(2.581993224987,292.54853816595));
#1871 = CARTESIAN_POINT('',(2.619364295078,292.29700991728));
#1872 = CARTESIAN_POINT('',(2.660785123248,292.05758750688));
#1873 = CARTESIAN_POINT('',(2.706454155859,291.83162009565));
#1874 = CARTESIAN_POINT('',(2.75665159322,291.62247298539));
#1875 = CARTESIAN_POINT('',(2.811673259648,291.43592665274));
#1876 = CARTESIAN_POINT('',(2.884614562221,291.24788217747));
#1877 = CARTESIAN_POINT('',(2.897622218966,291.21636379679));
#1878 = CARTESIAN_POINT('',(2.910855544584,291.18637164527));
#1879 = CARTESIAN_POINT('',(2.924308782187,291.15801093059));
#1880 = CARTESIAN_POINT('',(2.93797624688,291.13138497111));
#1881 = CARTESIAN_POINT('',(2.951852341441,291.10659541563));
#1882 = CARTESIAN_POINT('',(2.988303643496,291.04742883899));
#1883 = CARTESIAN_POINT('',(3.011234446282,291.01593066164));
#1884 = CARTESIAN_POINT('',(3.034616366193,290.98983117902));
#1885 = CARTESIAN_POINT('',(3.058344906075,290.96956976078));
#1886 = CARTESIAN_POINT('',(3.082317938667,290.95544750876));
#1887 = CARTESIAN_POINT('',(3.106434509831,290.94763003119));
#1888 = CARTESIAN_POINT('',(3.131514756229,290.94609082318));
#1889 = CARTESIAN_POINT('',(3.132436339716,290.94604348618));
#1890 = CARTESIAN_POINT('',(3.133357935512,290.94600537003));
#1891 = CARTESIAN_POINT('',(3.134279536529,290.94597647461));
#1892 = CARTESIAN_POINT('',(3.135201135681,290.94595679941));
#1893 = CARTESIAN_POINT('',(3.136122725883,290.94594634354));
#1894 = CARTESIAN_POINT('',(3.137044300054,290.94594510576));
#1895 = ( GEOMETRIC_REPRESENTATION_CONTEXT(2) 
PARAMETRIC_REPRESENTATION_CONTEXT() REPRESENTATION_CONTEXT('2D SPACE',''
  ) );
#1896 = PCURVE('',#1897,#1902);
#1897 = CYLINDRICAL_SURFACE('',#1898,4.);
#1898 = AXIS2_PLACEMENT_3D('',#1899,#1900,#1901);
#1899 = CARTESIAN_POINT('',(210.,-60.,540.));
#1900 = DIRECTION('',(-4.91441276141E-02,-2.277348593406E-02,
    -0.998532034068));
#1901 = DIRECTION('',(-0.998791069994,-2.168404344971E-19,
    4.915687642355E-02));
#1902 = DEFINITIONAL_REPRESENTATION('',(#1903),#1936);
#1903 = B_SPLINE_CURVE_WITH_KNOTS('',7,(#1904,#1905,#1906,#1907,#1908,
    #1909,#1910,#1911,#1912,#1913,#1914,#1915,#1916,#1917,#1918,#1919,
    #1920,#1921,#1922,#1923,#1924,#1925,#1926,#1927,#1928,#1929,#1930,
    #1931,#1932,#1933,#1934,#1935),.UNSPECIFIED.,.F.,.F.,(8,6,6,6,6,8),(
    0.,0.111774842515,0.68018321591,0.800885770927,0.99268362359,1.),
  .UNSPECIFIED.);
#1904 = CARTESIAN_POINT('',(5.185127500598,-6.E-07));
#1905 = CARTESIAN_POINT('',(5.200123498638,2.179931436699E-02));
#1906 = CARTESIAN_POINT('',(5.2151346795,4.399151923997E-02));
#1907 = CARTESIAN_POINT('',(5.230165303583,6.65473241171E-02));
#1908 = CARTESIAN_POINT('',(5.245219850471,8.943830405973E-02));
#1909 = CARTESIAN_POINT('',(5.26030301893,0.112636299692));
#1910 = CARTESIAN_POINT('',(5.275419726914,0.136113417203));
#1911 = CARTESIAN_POINT('',(5.367644757464,0.280509085052));
#1912 = CARTESIAN_POINT('',(5.445418807851,0.407216036348));
#1913 = CARTESIAN_POINT('',(5.524943549427,0.536830128528));
#1914 = CARTESIAN_POINT('',(5.607117443555,0.666166993298));
#1915 = CARTESIAN_POINT('',(5.692795912511,0.790988855302));
#1916 = CARTESIAN_POINT('',(5.782784599712,0.905299219002));
#1917 = CARTESIAN_POINT('',(5.898277672553,1.021393736719));
#1918 = CARTESIAN_POINT('',(5.918744231399,1.040891258305));
#1919 = CARTESIAN_POINT('',(5.939443162079,1.059460575884));
#1920 = CARTESIAN_POINT('',(5.960370542797,1.077011612558));
#1921 = CARTESIAN_POINT('',(5.981523284916,1.093455543273));
#1922 = CARTESIAN_POINT('',(6.002899113048,1.108705157348));
#1923 = CARTESIAN_POINT('',(6.058815131801,1.144873824912));
#1924 = CARTESIAN_POINT('',(6.093763549728,1.163887094746));
#1925 = CARTESIAN_POINT('',(6.129202991408,1.179260434244));
#1926 = CARTESIAN_POINT('',(6.165009495418,1.190638139477));
#1927 = CARTESIAN_POINT('',(6.201068895326,1.197772980369));
#1928 = CARTESIAN_POINT('',(6.237271934296,1.200531581578));
#1929 = CARTESIAN_POINT('',(6.274891875805,1.198833196185));
#1930 = CARTESIAN_POINT('',(6.276274193692,1.198764397785));
#1931 = CARTESIAN_POINT('',(6.277656490825,1.198689207638));
#1932 = CARTESIAN_POINT('',(6.27903875897,1.198607626179));
#1933 = CARTESIAN_POINT('',(6.280420989895,1.198519654148));
#1934 = CARTESIAN_POINT('',(6.281803175373,1.198425292587));
#1935 = CARTESIAN_POINT('',(6.28318530718,1.198324542846));
#1936 = ( GEOMETRIC_REPRESENTATION_CONTEXT(2) 
PARAMETRIC_REPRESENTATION_CONTEXT() REPRESENTATION_CONTEXT('2D SPACE',''
  ) );
#1937 = ORIENTED_EDGE('',*,*,#1938,.F.);
#1938 = EDGE_CURVE('',#1939,#1822,#1941,.T.);
#1939 = VERTEX_POINT('',#1940);
#1940 = CARTESIAN_POINT('',(212.32409070221,-63.25530201481,
    539.95986024079));
#1941 = SURFACE_CURVE('',#1942,(#1947,#1957),.PCURVE_S1.);
#1942 = ELLIPSE('',#1943,122.08986691378,6.);
#1943 = AXIS2_PLACEMENT_3D('',#1944,#1945,#1946);
#1944 = CARTESIAN_POINT('',(108.40779737626,-60.,545.));
#1945 = DIRECTION('',(-4.91441276141E-02,-2.277348593406E-02,
    -0.998532034068));
#1946 = DIRECTION('',(0.998791697363,-1.12053704683E-03,
    -4.913135125028E-02));
#1947 = PCURVE('',#979,#1948);
#1948 = DEFINITIONAL_REPRESENTATION('',(#1949),#1956);
#1949 = B_SPLINE_CURVE_WITH_KNOTS('',5,(#1950,#1951,#1952,#1953,#1954,
    #1955),.UNSPECIFIED.,.F.,.F.,(6,6),(0.510582540179,0.653705364413),
  .PIECEWISE_BEZIER_KNOTS.);
#1950 = CARTESIAN_POINT('',(2.6082071008,299.79761320965));
#1951 = CARTESIAN_POINT('',(2.579582535954,298.09183345805));
#1952 = CARTESIAN_POINT('',(2.550957971107,296.27708852412));
#1953 = CARTESIAN_POINT('',(2.52233340626,294.35629001803));
#1954 = CARTESIAN_POINT('',(2.493708841413,292.3327223518));
#1955 = CARTESIAN_POINT('',(2.465084276566,290.21000919546));
#1956 = ( GEOMETRIC_REPRESENTATION_CONTEXT(2) 
PARAMETRIC_REPRESENTATION_CONTEXT() REPRESENTATION_CONTEXT('2D SPACE',''
  ) );
#1957 = PCURVE('',#1958,#1963);
#1958 = PLANE('',#1959);
#1959 = AXIS2_PLACEMENT_3D('',#1960,#1961,#1962);
#1960 = CARTESIAN_POINT('',(210.,-60.,540.));
#1961 = DIRECTION('',(-4.91441276141E-02,-2.277348593406E-02,
    -0.998532034068));
#1962 = DIRECTION('',(-0.998791069994,-2.168404344971E-19,
    4.915687642355E-02));
#1963 = DEFINITIONAL_REPRESENTATION('',(#1964),#1968);
#1964 = ELLIPSE('',#1965,122.08986691378,6.);
#1965 = AXIS2_PLACEMENT_2D('',#1966,#1967);
#1966 = CARTESIAN_POINT('',(101.71516914374,-1.471045507628E-15));
#1967 = DIRECTION('',(-0.999999371872,-1.1208277329E-03));
#1968 = ( GEOMETRIC_REPRESENTATION_CONTEXT(2) 
PARAMETRIC_REPRESENTATION_CONTEXT() REPRESENTATION_CONTEXT('2D SPACE',''
  ) );
#1969 = ORIENTED_EDGE('',*,*,#1970,.F.);
#1970 = EDGE_CURVE('',#1971,#1939,#1973,.T.);
#1971 = VERTEX_POINT('',#1972);
#1972 = CARTESIAN_POINT('',(212.64272071503,-57.00389156696,
    539.80160272223));
#1973 = SURFACE_CURVE('',#1974,(#2013,#2055),.PCURVE_S1.);
#1974 = B_SPLINE_CURVE_WITH_KNOTS('',7,(#1975,#1976,#1977,#1978,#1979,
    #1980,#1981,#1982,#1983,#1984,#1985,#1986,#1987,#1988,#1989,#1990,
    #1991,#1992,#1993,#1994,#1995,#1996,#1997,#1998,#1999,#2000,#2001,
    #2002,#2003,#2004,#2005,#2006,#2007,#2008,#2009,#2010,#2011,#2012),
  .UNSPECIFIED.,.F.,.F.,(8,6,6,6,6,6,8),(0.,0.270410542358,0.34773777776
    ,0.389088823939,0.559993004499,0.681829601895,1.),.UNSPECIFIED.);
#1975 = CARTESIAN_POINT('',(212.64271951383,-57.0038904654,
    539.80160335711));
#1976 = CARTESIAN_POINT('',(212.81891008819,-57.16546596767,
    539.70847889275));
#1977 = CARTESIAN_POINT('',(212.98692225104,-57.34251629984,
    539.61424068429));
#1978 = CARTESIAN_POINT('',(213.14607459313,-57.53572631966,
    539.52059870571));
#1979 = CARTESIAN_POINT('',(213.29517574629,-57.74590973544,
    539.42941219613));
#1980 = CARTESIAN_POINT('',(213.43247271684,-57.97387489078,
    539.34284938966));
#1981 = CARTESIAN_POINT('',(213.55556624369,-58.22026970203,
    539.26348175814));
#1982 = CARTESIAN_POINT('',(213.69152710526,-58.56122467683,
    539.17453303872));
#1983 = CARTESIAN_POINT('',(213.72032937783,-58.63854739723,
    539.15559479485));
#1984 = CARTESIAN_POINT('',(213.74760819549,-58.71732965117,
    539.13758003049));
#1985 = CARTESIAN_POINT('',(213.77327439871,-58.7975240136,
    539.12056876936));
#1986 = CARTESIAN_POINT('',(213.79724125417,-58.87907989506,
    539.10463870574));
#1987 = CARTESIAN_POINT('',(213.81942423696,-58.96194354353,
    539.08986484684));
#1988 = CARTESIAN_POINT('',(213.85060518257,-59.09103861085,
    539.06907554304));
#1989 = CARTESIAN_POINT('',(213.86093375385,-59.13636785674,
    539.06218451181));
#1990 = CARTESIAN_POINT('',(213.87071288471,-59.18203199068,
    539.05565778505));
#1991 = CARTESIAN_POINT('',(213.87992944617,-59.22801542843,
    539.049506563));
#1992 = CARTESIAN_POINT('',(213.88857082234,-59.27430079488,
    539.04374152276));
#1993 = CARTESIAN_POINT('',(213.89662491039,-59.32086892406,
    539.03837281832));
#1994 = CARTESIAN_POINT('',(213.93489255959,-59.56124732818,
    539.01289904834));
#1995 = CARTESIAN_POINT('',(213.95552424358,-59.75956536286,
    538.99928968672));
#1996 = CARTESIAN_POINT('',(213.96503585182,-59.96068552093,
    538.99334079429));
#1997 = CARTESIAN_POINT('',(213.96296941714,-60.16259216488,
    538.99542490825));
#1998 = CARTESIAN_POINT('',(213.94932894923,-60.36325997271,
    539.00549993762));
#1999 = CARTESIAN_POINT('',(213.92458226391,-60.56069288527,
    539.02311260035));
#2000 = CARTESIAN_POINT('',(213.86480526228,-60.89003208738,
    539.06477200926));
#2001 = CARTESIAN_POINT('',(213.83478230188,-61.0243938148,
    539.0855091251));
#2002 = CARTESIAN_POINT('',(213.79990063467,-61.15575265546,
    539.10938749735));
#2003 = CARTESIAN_POINT('',(213.76047099027,-61.28383264949,
    539.13611890106));
#2004 = CARTESIAN_POINT('',(213.71683182603,-61.40837825738,
    539.16538863537));
#2005 = CARTESIAN_POINT('',(213.66935182235,-61.52915472329,
    539.19685975836));
#2006 = CARTESIAN_POINT('',(213.48545870519,-61.95094959229,
    539.31718453169));
#2007 = CARTESIAN_POINT('',(213.32892045954,-62.22904113526,
    539.41685588533));
#2008 = CARTESIAN_POINT('',(213.15386343953,-62.4810112697,
    539.52424421941));
#2009 = CARTESIAN_POINT('',(212.9638823303,-62.70821589221,
    539.63529806346));
#2010 = CARTESIAN_POINT('',(212.76142141481,-62.91215803468,
    539.74674596682));
#2011 = CARTESIAN_POINT('',(212.54794882523,-63.0941978462,
    539.85580698113));
#2012 = CARTESIAN_POINT('',(212.32408919776,-63.25530309752,
    539.95986094024));
#2013 = PCURVE('',#979,#2014);
#2014 = DEFINITIONAL_REPRESENTATION('',(#2015),#2054);
#2015 = B_SPLINE_CURVE_WITH_KNOTS('',7,(#2016,#2017,#2018,#2019,#2020,
    #2021,#2022,#2023,#2024,#2025,#2026,#2027,#2028,#2029,#2030,#2031,
    #2032,#2033,#2034,#2035,#2036,#2037,#2038,#2039,#2040,#2041,#2042,
    #2043,#2044,#2045,#2046,#2047,#2048,#2049,#2050,#2051,#2052,#2053),
  .UNSPECIFIED.,.F.,.F.,(8,6,6,6,6,6,8),(0.,0.270410542358,0.34773777776
    ,0.389088823939,0.559993004499,0.681829601895,1.),.UNSPECIFIED.);
#2016 = CARTESIAN_POINT('',(3.664442870459,297.64271951383));
#2017 = CARTESIAN_POINT('',(3.633361074787,297.81891008819));
#2018 = CARTESIAN_POINT('',(3.599952031219,297.98692225104));
#2019 = CARTESIAN_POINT('',(3.564210075515,298.14607459313));
#2020 = CARTESIAN_POINT('',(3.52609042363,298.29517574629));
#2021 = CARTESIAN_POINT('',(3.4855292258,298.43247271684));
#2022 = CARTESIAN_POINT('',(3.442454204029,298.55556624369));
#2023 = CARTESIAN_POINT('',(3.383726449487,298.69152710526));
#2024 = CARTESIAN_POINT('',(3.370459912938,298.72032937783));
#2025 = CARTESIAN_POINT('',(3.356993215949,298.74760819549));
#2026 = CARTESIAN_POINT('',(3.343333212372,298.77327439871));
#2027 = CARTESIAN_POINT('',(3.329486663018,298.79724125417));
#2028 = CARTESIAN_POINT('',(3.315460241377,298.81942423696));
#2029 = CARTESIAN_POINT('',(3.293667192306,298.85060518257));
#2030 = CARTESIAN_POINT('',(3.286025816301,298.86093375385));
#2031 = CARTESIAN_POINT('',(3.278338270535,298.87071288471));
#2032 = CARTESIAN_POINT('',(3.270606661178,298.87992944617));
#2033 = CARTESIAN_POINT('',(3.262833341368,298.88857082234));
#2034 = CARTESIAN_POINT('',(3.255020911211,298.89662491039));
#2035 = CARTESIAN_POINT('',(3.214733509636,298.93489255959));
#2036 = CARTESIAN_POINT('',(3.181625486779,298.95552424358));
#2037 = CARTESIAN_POINT('',(3.148132003944,298.96503585182));
#2038 = CARTESIAN_POINT('',(3.114527073589,298.96296941714));
#2039 = CARTESIAN_POINT('',(3.081081210627,298.94932894923));
#2040 = CARTESIAN_POINT('',(3.048067442877,298.92458226391));
#2041 = CARTESIAN_POINT('',(2.992740180058,298.86480526228));
#2042 = CARTESIAN_POINT('',(2.97008988296,298.83478230188));
#2043 = CARTESIAN_POINT('',(2.947850414427,298.79990063467));
#2044 = CARTESIAN_POINT('',(2.926056507432,298.76047099027));
#2045 = CARTESIAN_POINT('',(2.904743476934,298.71683182603));
#2046 = CARTESIAN_POINT('',(2.883947387388,298.66935182235));
#2047 = CARTESIAN_POINT('',(2.810843777013,298.48545870519));
#2048 = CARTESIAN_POINT('',(2.761716206307,298.32892045953));
#2049 = CARTESIAN_POINT('',(2.716181054568,298.15386343957));
#2050 = CARTESIAN_POINT('',(2.674118531091,297.96388233023));
#2051 = CARTESIAN_POINT('',(2.635434845198,297.76142141485));
#2052 = CARTESIAN_POINT('',(2.600086711419,297.54794882522));
#2053 = CARTESIAN_POINT('',(2.568122265715,297.32408919775));
#2054 = ( GEOMETRIC_REPRESENTATION_CONTEXT(2) 
PARAMETRIC_REPRESENTATION_CONTEXT() REPRESENTATION_CONTEXT('2D SPACE',''
  ) );
#2055 = PCURVE('',#1897,#2056);
#2056 = DEFINITIONAL_REPRESENTATION('',(#2057),#2096);
#2057 = B_SPLINE_CURVE_WITH_KNOTS('',7,(#2058,#2059,#2060,#2061,#2062,
    #2063,#2064,#2065,#2066,#2067,#2068,#2069,#2070,#2071,#2072,#2073,
    #2074,#2075,#2076,#2077,#2078,#2079,#2080,#2081,#2082,#2083,#2084,
    #2085,#2086,#2087,#2088,#2089,#2090,#2091,#2092,#2093,#2094,#2095),
  .UNSPECIFIED.,.F.,.F.,(8,6,6,6,6,6,8),(0.,0.270410542358,0.34773777776
    ,0.389088823939,0.559993004499,0.681829601895,1.),.UNSPECIFIED.);
#2058 = CARTESIAN_POINT('',(2.294706484323,-6.E-07));
#2059 = CARTESIAN_POINT('',(2.354954099405,8.800806618065E-02));
#2060 = CARTESIAN_POINT('',(2.416238161479,0.177883178215));
#2061 = CARTESIAN_POINT('',(2.478890977671,0.267966356233));
#2062 = CARTESIAN_POINT('',(2.543229394475,0.356478170102));
#2063 = CARTESIAN_POINT('',(2.609560708381,0.441358126714));
#2064 = CARTESIAN_POINT('',(2.67820261378,0.520171194039));
#2065 = CARTESIAN_POINT('',(2.769910471759,0.610072395164));
#2066 = CARTESIAN_POINT('',(2.79051458885,0.629328283666));
#2067 = CARTESIAN_POINT('',(2.811324437816,0.647770155821));
#2068 = CARTESIAN_POINT('',(2.83233571538,0.665321407009));
#2069 = CARTESIAN_POINT('',(2.853544869416,0.681907567361));
#2070 = CARTESIAN_POINT('',(2.874949051773,0.69745666953));
#2071 = CARTESIAN_POINT('',(2.908095162937,0.719623039676));
#2072 = CARTESIAN_POINT('',(2.9196970839,0.727028671419));
#2073 = CARTESIAN_POINT('',(2.931350220186,0.734105161824));
#2074 = CARTESIAN_POINT('',(2.943052640213,0.740841617393));
#2075 = CARTESIAN_POINT('',(2.954802094618,0.747227600995));
#2076 = CARTESIAN_POINT('',(2.966596016256,0.753253131867));
#2077 = CARTESIAN_POINT('',(3.027347745779,0.782283131188));
#2078 = CARTESIAN_POINT('',(3.077049409172,0.799374981595));
#2079 = CARTESIAN_POINT('',(3.127206938902,0.809427908655));
#2080 = CARTESIAN_POINT('',(3.177524532913,0.812046525347));
#2081 = CARTESIAN_POINT('',(3.227717440424,0.807226540167));
#2082 = CARTESIAN_POINT('',(3.277489163789,0.795352122152));
#2083 = CARTESIAN_POINT('',(3.361454237643,0.764191758113));
#2084 = CARTESIAN_POINT('',(3.395996343822,0.748020420764));
#2085 = CARTESIAN_POINT('',(3.430116746059,0.728882828961));
#2086 = CARTESIAN_POINT('',(3.463793757098,0.707045229464));
#2087 = CARTESIAN_POINT('',(3.497001080327,0.682799408428));
#2088 = CARTESIAN_POINT('',(3.529706734842,0.656458348487));
#2089 = CARTESIAN_POINT('',(3.645869968278,0.554953214157));
#2090 = CARTESIAN_POINT('',(3.726251646676,0.469454223725));
#2091 = CARTESIAN_POINT('',(3.803601215859,0.37656479617));
#2092 = CARTESIAN_POINT('',(3.87841604755,0.280184670247));
#2093 = CARTESIAN_POINT('',(3.95119059814,0.183494609404));
#2094 = CARTESIAN_POINT('',(4.022424128701,8.923029716841E-02));
#2095 = CARTESIAN_POINT('',(4.092661720225,-6.E-07));
#2096 = ( GEOMETRIC_REPRESENTATION_CONTEXT(2) 
PARAMETRIC_REPRESENTATION_CONTEXT() REPRESENTATION_CONTEXT('2D SPACE',''
  ) );
#2097 = ORIENTED_EDGE('',*,*,#2098,.F.);
#2098 = EDGE_CURVE('',#2099,#1971,#2101,.T.);
#2099 = VERTEX_POINT('',#2100);
#2100 = CARTESIAN_POINT('',(207.83212186227,-56.63854160329,
    540.03003043799));
#2101 = SURFACE_CURVE('',#2102,(#2107,#2117),.PCURVE_S1.);
#2102 = ELLIPSE('',#2103,122.08986691378,6.);
#2103 = AXIS2_PLACEMENT_3D('',#2104,#2105,#2106);
#2104 = CARTESIAN_POINT('',(108.40779737626,-60.,545.));
#2105 = DIRECTION('',(-4.91441276141E-02,-2.277348593406E-02,
    -0.998532034068));
#2106 = DIRECTION('',(0.998791697363,-1.12053704683E-03,
    -4.913135125028E-02));
#2107 = PCURVE('',#979,#2108);
#2108 = DEFINITIONAL_REPRESENTATION('',(#2109),#2116);
#2109 = B_SPLINE_CURVE_WITH_KNOTS('',5,(#2110,#2111,#2112,#2113,#2114,
    #2115),.UNSPECIFIED.,.F.,.F.,(6,6),(5.629369778495,5.772492602729),
  .PIECEWISE_BEZIER_KNOTS.);
#2110 = CARTESIAN_POINT('',(3.772605169664,290.20183915119));
#2111 = CARTESIAN_POINT('',(3.743980604817,292.32485755117));
#2112 = CARTESIAN_POINT('',(3.71535603997,294.34873882884));
#2113 = CARTESIAN_POINT('',(3.686731475124,296.26985879315));
#2114 = CARTESIAN_POINT('',(3.658106910277,298.08493248242));
#2115 = CARTESIAN_POINT('',(3.62948234543,299.79104771377));
#2116 = ( GEOMETRIC_REPRESENTATION_CONTEXT(2) 
PARAMETRIC_REPRESENTATION_CONTEXT() REPRESENTATION_CONTEXT('2D SPACE',''
  ) );
#2117 = PCURVE('',#2118,#2123);
#2118 = PLANE('',#2119);
#2119 = AXIS2_PLACEMENT_3D('',#2120,#2121,#2122);
#2120 = CARTESIAN_POINT('',(210.,-60.,540.));
#2121 = DIRECTION('',(-4.91441276141E-02,-2.277348593406E-02,
    -0.998532034068));
#2122 = DIRECTION('',(-0.998791069994,-2.168404344971E-19,
    4.915687642355E-02));
#2123 = DEFINITIONAL_REPRESENTATION('',(#2124),#2128);
#2124 = ELLIPSE('',#2125,122.08986691378,6.);
#2125 = AXIS2_PLACEMENT_2D('',#2126,#2127);
#2126 = CARTESIAN_POINT('',(101.71516914374,-1.471045507628E-15));
#2127 = DIRECTION('',(-0.999999371872,-1.1208277329E-03));
#2128 = ( GEOMETRIC_REPRESENTATION_CONTEXT(2) 
PARAMETRIC_REPRESENTATION_CONTEXT() REPRESENTATION_CONTEXT('2D SPACE',''
  ) );
#2129 = ORIENTED_EDGE('',*,*,#2130,.F.);
#2130 = EDGE_CURVE('',#1824,#2099,#2131,.T.);
#2131 = SURFACE_CURVE('',#2132,(#2155,#2181),.PCURVE_S1.);
#2132 = B_SPLINE_CURVE_WITH_KNOTS('',6,(#2133,#2134,#2135,#2136,#2137,
    #2138,#2139,#2140,#2141,#2142,#2143,#2144,#2145,#2146,#2147,#2148,
    #2149,#2150,#2151,#2152,#2153,#2154),.UNSPECIFIED.,.F.,.F.,(7,5,5,5,
    7),(0.,0.206203338642,0.338973661997,0.882271411846,1.),
  .UNSPECIFIED.);
#2133 = CARTESIAN_POINT('',(205.94594510576,-60.02729002712,
    539.00006206245));
#2134 = CARTESIAN_POINT('',(205.94590819698,-59.86241195014,
    538.99931213349));
#2135 = CARTESIAN_POINT('',(205.95430202582,-59.69795153559,
    539.00400085477));
#2136 = CARTESIAN_POINT('',(205.97102054804,-59.53504230334,
    539.01408033977));
#2137 = CARTESIAN_POINT('',(205.99570304069,-59.37481339095,
    539.02928616542));
#2138 = CARTESIAN_POINT('',(206.02772738528,-59.2183731382,
    539.04915084262));
#2139 = CARTESIAN_POINT('',(206.09097727755,-58.96919295453,
    539.0883844265));
#2140 = CARTESIAN_POINT('',(206.11845121031,-58.87350814217,
    539.10542648292));
#2141 = CARTESIAN_POINT('',(206.14845040281,-58.7798237904,
    539.1240076444));
#2142 = CARTESIAN_POINT('',(206.18079753987,-58.68821789865,
    539.14398734952));
#2143 = CARTESIAN_POINT('',(206.21531199012,-58.59876093334,
    539.16522151588));
#2144 = CARTESIAN_POINT('',(206.40115549854,-58.15450793262,
    539.278988536));
#2145 = CARTESIAN_POINT('',(206.58363870863,-57.83468175431,
    539.38893091395));
#2146 = CARTESIAN_POINT('',(206.7890893164,-57.55025191576,
    539.50888088656));
#2147 = CARTESIAN_POINT('',(207.01147385863,-57.29786621626,
    539.6327653211));
#2148 = CARTESIAN_POINT('',(207.24784528666,-57.07411570246,
    539.75665392763));
#2149 = CARTESIAN_POINT('',(207.55216797885,-56.83388167363,
    539.90311803257));
#2150 = CARTESIAN_POINT('',(207.60698285967,-56.79235520216,
    539.92902368143));
#2151 = CARTESIAN_POINT('',(207.66239799761,-56.75207063807,
    539.95470910709));
#2152 = CARTESIAN_POINT('',(207.71840031859,-56.71301373459,
    539.98013321738));
#2153 = CARTESIAN_POINT('',(207.77497851995,-56.67517322624,
    540.00525448785));
#2154 = CARTESIAN_POINT('',(207.83212307042,-56.63854082881,
    540.03003096178));
#2155 = PCURVE('',#979,#2156);
#2156 = DEFINITIONAL_REPRESENTATION('',(#2157),#2180);
#2157 = B_SPLINE_CURVE_WITH_KNOTS('',6,(#2158,#2159,#2160,#2161,#2162,
    #2163,#2164,#2165,#2166,#2167,#2168,#2169,#2170,#2171,#2172,#2173,
    #2174,#2175,#2176,#2177,#2178,#2179),.UNSPECIFIED.,.F.,.F.,(7,5,5,5,
    7),(0.,0.206203338642,0.338973661997,0.882271411846,1.),
  .UNSPECIFIED.);
#2158 = CARTESIAN_POINT('',(3.137044300054,290.94594510576));
#2159 = CARTESIAN_POINT('',(3.164524263795,290.94590819698));
#2160 = CARTESIAN_POINT('',(3.191930455409,290.95430202582));
#2161 = CARTESIAN_POINT('',(3.219111517406,290.97102054804));
#2162 = CARTESIAN_POINT('',(3.245915537498,290.99570304069));
#2163 = CARTESIAN_POINT('',(3.272186581133,291.02772738528));
#2164 = CARTESIAN_POINT('',(3.314228239718,291.09097727755));
#2165 = CARTESIAN_POINT('',(3.330423405308,291.11845121031));
#2166 = CARTESIAN_POINT('',(3.346337157113,291.14845040281));
#2167 = CARTESIAN_POINT('',(3.361959710322,291.18079753987));
#2168 = CARTESIAN_POINT('',(3.377281089839,291.21531199012));
#2169 = CARTESIAN_POINT('',(3.45371255215,291.40115549854));
#2170 = CARTESIAN_POINT('',(3.509896337114,291.58363870863));
#2171 = CARTESIAN_POINT('',(3.561196117567,291.7890893164));
#2172 = CARTESIAN_POINT('',(3.607963007363,292.01147385863));
#2173 = CARTESIAN_POINT('',(3.650552211256,292.24784528666));
#2174 = CARTESIAN_POINT('',(3.697445743932,292.55216797885));
#2175 = CARTESIAN_POINT('',(3.705602713962,292.60698285967));
#2176 = CARTESIAN_POINT('',(3.713564884962,292.66239799761));
#2177 = CARTESIAN_POINT('',(3.721331536397,292.71840031859));
#2178 = CARTESIAN_POINT('',(3.728901272465,292.77497851995));
#2179 = CARTESIAN_POINT('',(3.736272022091,292.83212307042));
#2180 = ( GEOMETRIC_REPRESENTATION_CONTEXT(2) 
PARAMETRIC_REPRESENTATION_CONTEXT() REPRESENTATION_CONTEXT('2D SPACE',''
  ) );
#2181 = PCURVE('',#1897,#2182);
#2182 = DEFINITIONAL_REPRESENTATION('',(#2183),#2206);
#2183 = B_SPLINE_CURVE_WITH_KNOTS('',6,(#2184,#2185,#2186,#2187,#2188,
    #2189,#2190,#2191,#2192,#2193,#2194,#2195,#2196,#2197,#2198,#2199,
    #2200,#2201,#2202,#2203,#2204,#2205),.UNSPECIFIED.,.F.,.F.,(7,5,5,5,
    7),(0.,0.206203338642,0.338973661997,0.882271411846,1.),
  .UNSPECIFIED.);
#2184 = CARTESIAN_POINT('',(0.,1.198324542846));
#2185 = CARTESIAN_POINT('',(4.121310377496E-02,1.195320336215));
#2186 = CARTESIAN_POINT('',(8.228853695839E-02,1.186480653482));
#2187 = CARTESIAN_POINT('',(0.12306928124,1.171884336525));
#2188 = CARTESIAN_POINT('',(0.163396532777,1.151838862064));
#2189 = CARTESIAN_POINT('',(0.203096596904,1.126866847162));
#2190 = CARTESIAN_POINT('',(0.266996184242,1.078907794659));
#2191 = CARTESIAN_POINT('',(0.291706559898,1.058361496214));
#2192 = CARTESIAN_POINT('',(0.316097100164,1.036199807828));
#2193 = CARTESIAN_POINT('',(0.34016416674,1.012573574922));
#2194 = CARTESIAN_POINT('',(0.363902254285,0.987637150103));
#2195 = CARTESIAN_POINT('',(0.483063978809,0.854786829539));
#2196 = CARTESIAN_POINT('',(0.573153561083,0.728754308116));
#2197 = CARTESIAN_POINT('',(0.65868598437,0.592406268163));
#2198 = CARTESIAN_POINT('',(0.740605342946,0.452027095246));
#2199 = CARTESIAN_POINT('',(0.819945498413,0.311608506174));
#2200 = CARTESIAN_POINT('',(0.914812385841,0.144932766055));
#2201 = CARTESIAN_POINT('',(0.931634407022,0.115425613772));
#2202 = CARTESIAN_POINT('',(0.948391609986,8.613714487789E-02));
#2203 = CARTESIAN_POINT('',(0.965092563542,5.710870928717E-02));
#2204 = CARTESIAN_POINT('',(0.981745481134,2.838206937986E-02));
#2205 = CARTESIAN_POINT('',(0.998358220843,-6.E-07));
#2206 = ( GEOMETRIC_REPRESENTATION_CONTEXT(2) 
PARAMETRIC_REPRESENTATION_CONTEXT() REPRESENTATION_CONTEXT('2D SPACE',''
  ) );
#2207 = FACE_BOUND('',#2208,.T.);
#2208 = EDGE_LOOP('',(#2209));
#2209 = ORIENTED_EDGE('',*,*,#2210,.F.);
#2210 = EDGE_CURVE('',#2211,#2211,#2213,.T.);
#2211 = VERTEX_POINT('',#2212);
#2212 = CARTESIAN_POINT('',(65.,-56.68337520964,550.));
#2213 = SURFACE_CURVE('',#2214,(#2337,#2463),.PCURVE_S1.);
#2214 = B_SPLINE_CURVE_WITH_KNOTS('',7,(#2215,#2216,#2217,#2218,#2219,
    #2220,#2221,#2222,#2223,#2224,#2225,#2226,#2227,#2228,#2229,#2230,
    #2231,#2232,#2233,#2234,#2235,#2236,#2237,#2238,#2239,#2240,#2241,
    #2242,#2243,#2244,#2245,#2246,#2247,#2248,#2249,#2250,#2251,#2252,
    #2253,#2254,#2255,#2256,#2257,#2258,#2259,#2260,#2261,#2262,#2263,
    #2264,#2265,#2266,#2267,#2268,#2269,#2270,#2271,#2272,#2273,#2274,
    #2275,#2276,#2277,#2278,#2279,#2280,#2281,#2282,#2283,#2284,#2285,
    #2286,#2287,#2288,#2289,#2290,#2291,#2292,#2293,#2294,#2295,#2296,
    #2297,#2298,#2299,#2300,#2301,#2302,#2303,#2304,#2305,#2306,#2307,
    #2308,#2309,#2310,#2311,#2312,#2313,#2314,#2315,#2316,#2317,#2318,
    #2319,#2320,#2321,#2322,#2323,#2324,#2325,#2326,#2327,#2328,#2329,
    #2330,#2331,#2332,#2333,#2334,#2335,#2336),.UNSPECIFIED.,.T.,.F.,(8,
    6,6,6,6,6,6,6,6,6,6,6,6,6,6,6,6,6,6,6,8),(0.,4.334998810521E-02,
    0.106576444803,0.175722659004,0.22093434531,0.272472628094,
    0.300922117903,0.326852970617,0.396094210246,0.459053147456,
    0.501224120124,0.544362364595,0.607279990597,0.676088458947,
    0.721079305504,0.772365848642,0.80067637642,0.826480569429,
    0.895383599011,0.958035012187,1.),.UNSPECIFIED.);
#2215 = CARTESIAN_POINT('',(65.,-56.68337520964,550.));
#2216 = CARTESIAN_POINT('',(65.183748013675,-56.68337520964,550.));
#2217 = CARTESIAN_POINT('',(65.366584753538,-56.67149896328,
    549.99212197653));
#2218 = CARTESIAN_POINT('',(65.548133842673,-56.64795607887,
    549.97650609441));
#2219 = CARTESIAN_POINT('',(65.727936385456,-56.61337628046,
    549.95331174247));
#2220 = CARTESIAN_POINT('',(65.905362198247,-56.56881437256,
    549.92275404963));
#2221 = CARTESIAN_POINT('',(66.079525587345,-56.51572659098,
    549.88521572289));
#2222 = CARTESIAN_POINT('',(66.496686034242,-56.36868731614,
    549.77757836276));
#2223 = CARTESIAN_POINT('',(66.736545855908,-56.26648566765,
    549.69994739059));
#2224 = CARTESIAN_POINT('',(66.969227843892,-56.15293963552,
    549.60929932407));
#2225 = CARTESIAN_POINT('',(67.194931398964,-56.03121722573,
    549.506047661));
#2226 = CARTESIAN_POINT('',(67.413868562898,-55.90375281907,
    549.39037214702));
#2227 = CARTESIAN_POINT('',(67.626337743699,-55.77234608773,
    549.26203948652));
#2228 = CARTESIAN_POINT('',(68.05810280889,-55.4919427898,
    548.96521307033));
#2229 = CARTESIAN_POINT('',(68.275578294612,-55.34283917551,
    548.79449467424));
#2230 = CARTESIAN_POINT('',(68.485497498121,-55.19289643841,
    548.60713619008));
#2231 = CARTESIAN_POINT('',(68.68766646956,-55.04367804442,
    548.40172985641));
#2232 = CARTESIAN_POINT('',(68.881132929207,-54.89704560748,
    548.176602896));
#2233 = CARTESIAN_POINT('',(69.064043034748,-54.75542908664,
    547.93001563602));
#2234 = CARTESIAN_POINT('',(69.344305724528,-54.53480806509,
    547.48402397545));
#2235 = CARTESIAN_POINT('',(69.449750982001,-54.45078969697,
    547.2972071241));
#2236 = CARTESIAN_POINT('',(69.54873945034,-54.37108538562,
    547.09966323565));
#2237 = CARTESIAN_POINT('',(69.640055574239,-54.29690959779,
    546.89122490527));
#2238 = CARTESIAN_POINT('',(69.72235242156,-54.22958395565,
    546.67181931675));
#2239 = CARTESIAN_POINT('',(69.794136381164,-54.17053926923,
    546.4414961149));
#2240 = CARTESIAN_POINT('',(69.921709499478,-54.06520813973,
    545.92568492912));
#2241 = CARTESIAN_POINT('',(69.974131663577,-54.02163379168,
    545.63586803611));
#2242 = CARTESIAN_POINT('',(70.007119009128,-53.99406642259,
    545.33598839636));
#2243 = CARTESIAN_POINT('',(70.018487429989,-53.98455289906,
    545.03122480803));
#2244 = CARTESIAN_POINT('',(70.007685815188,-53.99361418795,
    544.72687195385));
#2245 = CARTESIAN_POINT('',(69.975786245728,-54.02022898665,
    544.42821451271));
#2246 = CARTESIAN_POINT('',(69.897814014621,-54.08490556334,
    543.98145377285));
#2247 = CARTESIAN_POINT('',(69.864519417812,-54.11247565818,
    543.82599537089));
#2248 = CARTESIAN_POINT('',(69.826047028366,-54.14425880666,
    543.67426171004));
#2249 = CARTESIAN_POINT('',(69.782801481072,-54.1798767009,
    543.52651389578));
#2250 = CARTESIAN_POINT('',(69.735209476222,-54.21892813449,
    543.38299155479));
#2251 = CARTESIAN_POINT('',(69.683721398343,-54.26099108167,
    543.24391266789));
#2252 = CARTESIAN_POINT('',(69.578765525038,-54.34630704433,
    542.98693606426));
#2253 = CARTESIAN_POINT('',(69.525816418161,-54.38917397642,
    542.8681057717));
#2254 = CARTESIAN_POINT('',(69.470222800095,-54.4339748176,
    542.75292670925));
#2255 = CARTESIAN_POINT('',(69.412218221912,-54.48047758607,
    542.64133431779));
#2256 = CARTESIAN_POINT('',(69.352012571986,-54.52846894493,
    542.53325551912));
#2257 = CARTESIAN_POINT('',(69.289792048033,-54.57775407372,
    542.4286089398));
#2258 = CARTESIAN_POINT('',(69.054629949042,-54.7627425209,
    542.05680107159));
#2259 = CARTESIAN_POINT('',(68.870003595382,-54.90555421273,
    541.80961151942));
#2260 = CARTESIAN_POINT('',(68.674760236587,-55.05334819314,
    541.5840854873));
#2261 = CARTESIAN_POINT('',(68.470760201798,-55.20366628353,
    541.37845614804));
#2262 = CARTESIAN_POINT('',(68.258946794989,-55.35462346548,
    541.19103130069));
#2263 = CARTESIAN_POINT('',(68.039495271465,-55.50462591705,
    541.0203965528));
#2264 = CARTESIAN_POINT('',(67.604910989099,-55.78566261283,
    540.72482896511));
#2265 = CARTESIAN_POINT('',(67.391676603633,-55.91687009935,
    540.59748329955));
#2266 = CARTESIAN_POINT('',(67.171937815859,-56.04400378225,
    540.48279252725));
#2267 = CARTESIAN_POINT('',(66.945399484942,-56.16522376023,
    540.38055127489));
#2268 = CARTESIAN_POINT('',(66.711856605573,-56.27804450453,
    540.29096142384));
#2269 = CARTESIAN_POINT('',(66.471111748844,-56.37924745152,
    540.21445317893));
#2270 = CARTESIAN_POINT('',(66.056325886844,-56.52272332112,
    540.10984458153));
#2271 = CARTESIAN_POINT('',(65.885705220447,-56.57369745759,
    540.07389976081));
#2272 = CARTESIAN_POINT('',(65.711995979178,-56.61641074019,
    540.0446531853));
#2273 = CARTESIAN_POINT('',(65.536036784899,-56.64951162875,
    540.02246214056));
#2274 = CARTESIAN_POINT('',(65.358431510797,-56.67202553693,
    540.00752870378));
#2275 = CARTESIAN_POINT('',(65.179627904178,-56.68337520964,540.));
#2276 = CARTESIAN_POINT('',(64.81625198676,-56.68337520964,540.));
#2277 = CARTESIAN_POINT('',(64.633415246538,-56.67149896333,
    540.00787802343));
#2278 = CARTESIAN_POINT('',(64.451866156991,-56.64795607885,
    540.02349390559));
#2279 = CARTESIAN_POINT('',(64.272063614171,-56.61337628035,
    540.04668825759));
#2280 = CARTESIAN_POINT('',(64.094637801773,-56.56881437253,
    540.0772459504));
#2281 = CARTESIAN_POINT('',(63.920474413105,-56.51572659113,
    540.11478427698));
#2282 = CARTESIAN_POINT('',(63.503313965757,-56.36868731614,
    540.22242163723));
#2283 = CARTESIAN_POINT('',(63.263454144094,-56.26648566765,
    540.3000526094));
#2284 = CARTESIAN_POINT('',(63.030772156104,-56.15293963552,
    540.39070067592));
#2285 = CARTESIAN_POINT('',(62.80506860104,-56.03121722573,
    540.49395233899));
#2286 = CARTESIAN_POINT('',(62.5861314371,-55.90375281907,
    540.60962785297));
#2287 = CARTESIAN_POINT('',(62.373662256302,-55.77234608773,
    540.73796051347));
#2288 = CARTESIAN_POINT('',(61.94189719111,-55.4919427898,
    541.03478692966));
#2289 = CARTESIAN_POINT('',(61.724421705389,-55.34283917551,
    541.20550532575));
#2290 = CARTESIAN_POINT('',(61.514502501879,-55.19289643841,
    541.39286380992));
#2291 = CARTESIAN_POINT('',(61.31233353044,-55.04367804442,
    541.59827014358));
#2292 = CARTESIAN_POINT('',(61.118867070793,-54.89704560748,
    541.82339710399));
#2293 = CARTESIAN_POINT('',(60.935956965252,-54.75542908664,
    542.06998436398));
#2294 = CARTESIAN_POINT('',(60.655694281636,-54.53480806994,
    542.51597601473));
#2295 = CARTESIAN_POINT('',(60.550249013944,-54.4507896937,
    542.70279288681));
#2296 = CARTESIAN_POINT('',(60.451260545212,-54.3710853821,
    542.90033677168));
#2297 = CARTESIAN_POINT('',(60.35994442844,-54.2969096,543.10877508456)
  );
#2298 = CARTESIAN_POINT('',(60.277647583116,-54.2295839594,
    543.32818067268));
#2299 = CARTESIAN_POINT('',(60.205863615558,-54.17053926652,
    543.55850389835));
#2300 = CARTESIAN_POINT('',(60.078290500522,-54.06520813973,
    544.07431507087));
#2301 = CARTESIAN_POINT('',(60.025868336423,-54.02163379168,
    544.36413196388));
#2302 = CARTESIAN_POINT('',(59.992880990872,-53.99406642259,
    544.66401160363));
#2303 = CARTESIAN_POINT('',(59.981512570011,-53.98455289906,
    544.96877519197));
#2304 = CARTESIAN_POINT('',(59.992314184812,-53.99361418795,
    545.27312804614));
#2305 = CARTESIAN_POINT('',(60.024213754272,-54.02022898665,
    545.57178548728));
#2306 = CARTESIAN_POINT('',(60.102185985379,-54.08490556334,
    546.01854622714));
#2307 = CARTESIAN_POINT('',(60.135480582188,-54.11247565818,
    546.1740046291));
#2308 = CARTESIAN_POINT('',(60.173952971634,-54.14425880666,
    546.32573828996));
#2309 = CARTESIAN_POINT('',(60.217198518928,-54.1798767009,
    546.47348610421));
#2310 = CARTESIAN_POINT('',(60.264790523778,-54.21892813449,
    546.6170084452));
#2311 = CARTESIAN_POINT('',(60.316278601657,-54.26099108167,
    546.7560873321));
#2312 = CARTESIAN_POINT('',(60.421234474962,-54.34630704433,
    547.01306393574));
#2313 = CARTESIAN_POINT('',(60.474183581839,-54.38917397642,
    547.1318942283));
#2314 = CARTESIAN_POINT('',(60.529777199905,-54.4339748176,
    547.24707329074));
#2315 = CARTESIAN_POINT('',(60.587781778088,-54.48047758607,
    547.3586656822));
#2316 = CARTESIAN_POINT('',(60.647987428014,-54.52846894493,
    547.46674448087));
#2317 = CARTESIAN_POINT('',(60.710207951967,-54.57775407372,
    547.57139106019));
#2318 = CARTESIAN_POINT('',(60.945370050959,-54.7627425209,
    547.94319892841));
#2319 = CARTESIAN_POINT('',(61.129996404618,-54.90555421273,
    548.19038848057));
#2320 = CARTESIAN_POINT('',(61.325239763414,-55.05334819314,
    548.41591451269));
#2321 = CARTESIAN_POINT('',(61.529239798199,-55.20366628353,
    548.62154385196));
#2322 = CARTESIAN_POINT('',(61.741053205014,-55.35462346548,
    548.8089686993));
#2323 = CARTESIAN_POINT('',(61.960504728534,-55.50462591705,
    548.97960344719));
#2324 = CARTESIAN_POINT('',(62.395089010898,-55.78566261283,
    549.27517103488));
#2325 = CARTESIAN_POINT('',(62.608323396369,-55.91687009935,
    549.40251670044));
#2326 = CARTESIAN_POINT('',(62.828062184142,-56.04400378225,
    549.51720747275));
#2327 = CARTESIAN_POINT('',(63.054600515057,-56.16522376023,
    549.6194487251));
#2328 = CARTESIAN_POINT('',(63.288143394426,-56.27804450453,
    549.70903857615));
#2329 = CARTESIAN_POINT('',(63.528888251157,-56.37924745152,
    549.78554682107));
#2330 = CARTESIAN_POINT('',(63.943674113157,-56.52272332112,
    549.89015541846));
#2331 = CARTESIAN_POINT('',(64.114294779552,-56.57369745759,
    549.92610023918));
#2332 = CARTESIAN_POINT('',(64.288004020822,-56.61641074019,
    549.95534681469));
#2333 = CARTESIAN_POINT('',(64.463963215102,-56.64951162875,
    549.97753785943));
#2334 = CARTESIAN_POINT('',(64.641568489203,-56.67202553693,
    549.99247129621));
#2335 = CARTESIAN_POINT('',(64.820372095822,-56.68337520964,550.));
#2336 = CARTESIAN_POINT('',(65.,-56.68337520964,550.));
#2337 = PCURVE('',#979,#2338);
#2338 = DEFINITIONAL_REPRESENTATION('',(#2339),#2462);
#2339 = B_SPLINE_CURVE_WITH_KNOTS('',7,(#2340,#2341,#2342,#2343,#2344,
    #2345,#2346,#2347,#2348,#2349,#2350,#2351,#2352,#2353,#2354,#2355,
    #2356,#2357,#2358,#2359,#2360,#2361,#2362,#2363,#2364,#2365,#2366,
    #2367,#2368,#2369,#2370,#2371,#2372,#2373,#2374,#2375,#2376,#2377,
    #2378,#2379,#2380,#2381,#2382,#2383,#2384,#2385,#2386,#2387,#2388,
    #2389,#2390,#2391,#2392,#2393,#2394,#2395,#2396,#2397,#2398,#2399,
    #2400,#2401,#2402,#2403,#2404,#2405,#2406,#2407,#2408,#2409,#2410,
    #2411,#2412,#2413,#2414,#2415,#2416,#2417,#2418,#2419,#2420,#2421,
    #2422,#2423,#2424,#2425,#2426,#2427,#2428,#2429,#2430,#2431,#2432,
    #2433,#2434,#2435,#2436,#2437,#2438,#2439,#2440,#2441,#2442,#2443,
    #2444,#2445,#2446,#2447,#2448,#2449,#2450,#2451,#2452,#2453,#2454,
    #2455,#2456,#2457,#2458,#2459,#2460,#2461),.UNSPECIFIED.,.T.,.F.,(8,
    6,6,6,6,6,6,6,6,6,6,6,6,6,6,6,6,6,6,6,8),(0.,4.334998810521E-02,
    0.106576444803,0.175722659004,0.22093434531,0.272472628094,
    0.300922117903,0.326852970617,0.396094210246,0.459053147456,
    0.501224120124,0.544362364595,0.607279990597,0.676088458947,
    0.721079305504,0.772365848642,0.80067637642,0.826480569429,
    0.895383599011,0.958035012187,1.),.UNSPECIFIED.);
#2340 = CARTESIAN_POINT('',(5.697499763722,150.));
#2341 = CARTESIAN_POINT('',(5.697499763722,150.18374801367));
#2342 = CARTESIAN_POINT('',(5.695124536279,150.36658475353));
#2343 = CARTESIAN_POINT('',(5.690415882789,150.54813384267));
#2344 = CARTESIAN_POINT('',(5.683476452846,150.72793638545));
#2345 = CARTESIAN_POINT('',(5.674472023404,150.90536219824));
#2346 = CARTESIAN_POINT('',(5.663637073969,151.07952558734));
#2347 = CARTESIAN_POINT('',(5.633266058163,151.49668603424));
#2348 = CARTESIAN_POINT('',(5.611879028647,151.7365458559));
#2349 = CARTESIAN_POINT('',(5.587675311216,151.96922784389));
#2350 = CARTESIAN_POINT('',(5.561096060847,152.19493139896));
#2351 = CARTESIAN_POINT('',(5.532436727031,152.41386856289));
#2352 = CARTESIAN_POINT('',(5.501848835843,152.62633774369));
#2353 = CARTESIAN_POINT('',(5.43379413341,153.05810280888));
#2354 = CARTESIAN_POINT('',(5.396045556876,153.27557829461));
#2355 = CARTESIAN_POINT('',(5.356111477733,153.48549749812));
#2356 = CARTESIAN_POINT('',(5.313886256054,153.68766646956));
#2357 = CARTESIAN_POINT('',(5.269213188619,153.8811329292));
#2358 = CARTESIAN_POINT('',(5.221910739957,154.06404303474));
#2359 = CARTESIAN_POINT('',(5.138981352919,154.34430572452));
#2360 = CARTESIAN_POINT('',(5.104864398966,154.449750982));
#2361 = CARTESIAN_POINT('',(5.069405969241,154.54873945034));
#2362 = CARTESIAN_POINT('',(5.032592558071,154.64005557423));
#2363 = CARTESIAN_POINT('',(4.994406903885,154.72235242156));
#2364 = CARTESIAN_POINT('',(4.954826873454,154.79413638116));
#2365 = CARTESIAN_POINT('',(4.867084221622,154.92170949947));
#2366 = CARTESIAN_POINT('',(4.818304802439,154.97413166357));
#2367 = CARTESIAN_POINT('',(4.768250238381,155.00711900912));
#2368 = CARTESIAN_POINT('',(4.717599009148,155.01848742998));
#2369 = CARTESIAN_POINT('',(4.666995240794,155.00768581518));
#2370 = CARTESIAN_POINT('',(4.617096771804,154.97578624572));
#2371 = CARTESIAN_POINT('',(4.541860437081,154.89781401462));
#2372 = CARTESIAN_POINT('',(4.515559676004,154.86451941781));
#2373 = CARTESIAN_POINT('',(4.489741371962,154.82604702836));
#2374 = CARTESIAN_POINT('',(4.464431200948,154.78280148107));
#2375 = CARTESIAN_POINT('',(4.439657007653,154.73520947622));
#2376 = CARTESIAN_POINT('',(4.415448984568,154.68372139834));
#2377 = CARTESIAN_POINT('',(4.370320837309,154.57876552503));
#2378 = CARTESIAN_POINT('',(4.349273461008,154.52581641816));
#2379 = CARTESIAN_POINT('',(4.328685808069,154.47022280009));
#2380 = CARTESIAN_POINT('',(4.308546753056,154.41221822191));
#2381 = CARTESIAN_POINT('',(4.288845548061,154.35201257198));
#2382 = CARTESIAN_POINT('',(4.269571411561,154.28979204803));
#2383 = CARTESIAN_POINT('',(4.200357207725,154.05462994904));
#2384 = CARTESIAN_POINT('',(4.152869541217,153.87000359538));
#2385 = CARTESIAN_POINT('',(4.108036072612,153.67476023658));
#2386 = CARTESIAN_POINT('',(4.065673721624,153.47076020179));
#2387 = CARTESIAN_POINT('',(4.025625646101,153.25894679498));
#2388 = CARTESIAN_POINT('',(3.987788934871,153.03949527146));
#2389 = CARTESIAN_POINT('',(3.919813893849,152.60491098909));
#2390 = CARTESIAN_POINT('',(3.889364253132,152.39167660363));
#2391 = CARTESIAN_POINT('',(3.860855523679,152.17193781585));
#2392 = CARTESIAN_POINT('',(3.834448522797,151.94539948494));
#2393 = CARTESIAN_POINT('',(3.810448822075,151.71185660557));
#2394 = CARTESIAN_POINT('',(3.789307292997,151.47111174884));
#2395 = CARTESIAN_POINT('',(3.759713616961,151.05632588684));
#2396 = CARTESIAN_POINT('',(3.749319455671,150.88570522044));
#2397 = CARTESIAN_POINT('',(3.740692578904,150.71199597917));
#2398 = CARTESIAN_POINT('',(3.73405096031,150.53603678489));
#2399 = CARTESIAN_POINT('',(3.729548112845,150.35843151079));
#2400 = CARTESIAN_POINT('',(3.727278197047,150.17962790417));
#2401 = CARTESIAN_POINT('',(3.727278197047,149.81625198676));
#2402 = CARTESIAN_POINT('',(3.729653424479,149.63341524653));
#2403 = CARTESIAN_POINT('',(3.734362077984,149.45186615699));
#2404 = CARTESIAN_POINT('',(3.741301507946,149.27206361417));
#2405 = CARTESIAN_POINT('',(3.750305937374,149.09463780177));
#2406 = CARTESIAN_POINT('',(3.761140886768,148.9204744131));
#2407 = CARTESIAN_POINT('',(3.791511902607,148.50331396575));
#2408 = CARTESIAN_POINT('',(3.812898932122,148.26345414409));
#2409 = CARTESIAN_POINT('',(3.837102649553,148.0307721561));
#2410 = CARTESIAN_POINT('',(3.863681899922,147.80506860104));
#2411 = CARTESIAN_POINT('',(3.892341233739,147.5861314371));
#2412 = CARTESIAN_POINT('',(3.922929124926,147.3736622563));
#2413 = CARTESIAN_POINT('',(3.990983827359,146.94189719111));
#2414 = CARTESIAN_POINT('',(4.028732403894,146.72442170538));
#2415 = CARTESIAN_POINT('',(4.068666483037,146.51450250187));
#2416 = CARTESIAN_POINT('',(4.110891704715,146.31233353043));
#2417 = CARTESIAN_POINT('',(4.15556477215,146.11886707079));
#2418 = CARTESIAN_POINT('',(4.202867220812,145.93595696525));
#2419 = CARTESIAN_POINT('',(4.285796606027,145.65569428163));
#2420 = CARTESIAN_POINT('',(4.319913563714,145.55024901394));
#2421 = CARTESIAN_POINT('',(4.355371992885,145.45126054521));
#2422 = CARTESIAN_POINT('',(4.392185400965,145.35994442844));
#2423 = CARTESIAN_POINT('',(4.430371055005,145.27764758311));
#2424 = CARTESIAN_POINT('',(4.46995108957,145.20586361555));
#2425 = CARTESIAN_POINT('',(4.557693739147,145.07829050052));
#2426 = CARTESIAN_POINT('',(4.60647315833,145.02586833642));
#2427 = CARTESIAN_POINT('',(4.656527722389,144.99288099087));
#2428 = CARTESIAN_POINT('',(4.707178951622,144.98151257001));
#2429 = CARTESIAN_POINT('',(4.757782719975,144.99231418481));
#2430 = CARTESIAN_POINT('',(4.807681188965,145.02421375427));
#2431 = CARTESIAN_POINT('',(4.882917523689,145.10218598537));
#2432 = CARTESIAN_POINT('',(4.909218284766,145.13548058218));
#2433 = CARTESIAN_POINT('',(4.935036588807,145.17395297163));
#2434 = CARTESIAN_POINT('',(4.960346759822,145.21719851892));
#2435 = CARTESIAN_POINT('',(4.985120953117,145.26479052377));
#2436 = CARTESIAN_POINT('',(5.009328976201,145.31627860165));
#2437 = CARTESIAN_POINT('',(5.054457123461,145.42123447496));
#2438 = CARTESIAN_POINT('',(5.075504499762,145.47418358183));
#2439 = CARTESIAN_POINT('',(5.0960921527,145.5297771999));
#2440 = CARTESIAN_POINT('',(5.116231207714,145.58778177808));
#2441 = CARTESIAN_POINT('',(5.135932412709,145.64798742801));
#2442 = CARTESIAN_POINT('',(5.155206549208,145.71020795196));
#2443 = CARTESIAN_POINT('',(5.224420753045,145.94537005095));
#2444 = CARTESIAN_POINT('',(5.271908419552,146.12999640461));
#2445 = CARTESIAN_POINT('',(5.316741888158,146.32523976341));
#2446 = CARTESIAN_POINT('',(5.359104239145,146.52923979819));
#2447 = CARTESIAN_POINT('',(5.399152314669,146.74105320501));
#2448 = CARTESIAN_POINT('',(5.436989025898,146.96050472853));
#2449 = CARTESIAN_POINT('',(5.50496406692,147.39508901089));
#2450 = CARTESIAN_POINT('',(5.535413707638,147.60832339636));
#2451 = CARTESIAN_POINT('',(5.563922437091,147.82806218414));
#2452 = CARTESIAN_POINT('',(5.590329437973,148.05460051505));
#2453 = CARTESIAN_POINT('',(5.614329138694,148.28814339442));
#2454 = CARTESIAN_POINT('',(5.635470667772,148.52888825115));
#2455 = CARTESIAN_POINT('',(5.665064343808,148.94367411315));
#2456 = CARTESIAN_POINT('',(5.675458505098,149.11429477955));
#2457 = CARTESIAN_POINT('',(5.684085381866,149.28800402082));
#2458 = CARTESIAN_POINT('',(5.69072700046,149.4639632151));
#2459 = CARTESIAN_POINT('',(5.695229847924,149.6415684892));
#2460 = CARTESIAN_POINT('',(5.697499763722,149.82037209582));
#2461 = CARTESIAN_POINT('',(5.697499763722,150.));
#2462 = ( GEOMETRIC_REPRESENTATION_CONTEXT(2) 
PARAMETRIC_REPRESENTATION_CONTEXT() REPRESENTATION_CONTEXT('2D SPACE',''
  ) );
#2463 = PCURVE('',#2464,#2469);
#2464 = CYLINDRICAL_SURFACE('',#2465,5.);
#2465 = AXIS2_PLACEMENT_3D('',#2466,#2467,#2468);
#2466 = CARTESIAN_POINT('',(65.,-60.,545.));
#2467 = DIRECTION('',(0.,1.,0.));
#2468 = DIRECTION('',(0.,-0.,1.));
#2469 = DEFINITIONAL_REPRESENTATION('',(#2470),#2593);
#2470 = B_SPLINE_CURVE_WITH_KNOTS('',7,(#2471,#2472,#2473,#2474,#2475,
    #2476,#2477,#2478,#2479,#2480,#2481,#2482,#2483,#2484,#2485,#2486,
    #2487,#2488,#2489,#2490,#2491,#2492,#2493,#2494,#2495,#2496,#2497,
    #2498,#2499,#2500,#2501,#2502,#2503,#2504,#2505,#2506,#2507,#2508,
    #2509,#2510,#2511,#2512,#2513,#2514,#2515,#2516,#2517,#2518,#2519,
    #2520,#2521,#2522,#2523,#2524,#2525,#2526,#2527,#2528,#2529,#2530,
    #2531,#2532,#2533,#2534,#2535,#2536,#2537,#2538,#2539,#2540,#2541,
    #2542,#2543,#2544,#2545,#2546,#2547,#2548,#2549,#2550,#2551,#2552,
    #2553,#2554,#2555,#2556,#2557,#2558,#2559,#2560,#2561,#2562,#2563,
    #2564,#2565,#2566,#2567,#2568,#2569,#2570,#2571,#2572,#2573,#2574,
    #2575,#2576,#2577,#2578,#2579,#2580,#2581,#2582,#2583,#2584,#2585,
    #2586,#2587,#2588,#2589,#2590,#2591,#2592),.UNSPECIFIED.,.F.,.F.,(8,
    6,6,6,6,6,6,6,6,6,6,6,6,6,6,6,6,6,6,6,8),(0.,4.334998810521E-02,
    0.106576444803,0.175722659004,0.22093434531,0.272472628094,
    0.300922117903,0.326852970617,0.396094210246,0.459053147456,
    0.501224120124,0.544362364595,0.607279990597,0.676088458947,
    0.721079305504,0.772365848642,0.80067637642,0.826480569429,
    0.895383599011,0.958035012187,1.),.UNSPECIFIED.);
#2471 = CARTESIAN_POINT('',(0.,3.316624790355));
#2472 = CARTESIAN_POINT('',(3.674960273494E-02,3.316624790355));
#2473 = CARTESIAN_POINT('',(7.331689330492E-02,3.32850103672));
#2474 = CARTESIAN_POINT('',(0.109707978449,3.352043921124));
#2475 = CARTESIAN_POINT('',(0.145907774803,3.386623719537));
#2476 = CARTESIAN_POINT('',(0.181865006025,3.431185627431));
#2477 = CARTESIAN_POINT('',(0.217468699604,3.48427340902));
#2478 = CARTESIAN_POINT('',(0.303633341947,3.631312683854));
#2479 = CARTESIAN_POINT('',(0.353963061908,3.733514332349));
#2480 = CARTESIAN_POINT('',(0.403771232541,3.847060364472));
#2481 = CARTESIAN_POINT('',(0.453264228579,3.968782774264));
#2482 = CARTESIAN_POINT('',(0.502658613863,4.096247180926));
#2483 = CARTESIAN_POINT('',(0.55221618503,4.227653912266));
#2484 = CARTESIAN_POINT('',(0.657006832106,4.508057210198));
#2485 = CARTESIAN_POINT('',(0.712191919053,4.657160824488));
#2486 = CARTESIAN_POINT('',(0.768284950736,4.80710356159));
#2487 = CARTESIAN_POINT('',(0.825700885026,4.956321955571));
#2488 = CARTESIAN_POINT('',(0.884833560512,5.102954392511));
#2489 = CARTESIAN_POINT('',(0.946054860929,5.24457091336));
#2490 = CARTESIAN_POINT('',(1.051402995527,5.46519193491));
#2491 = CARTESIAN_POINT('',(1.094259149261,5.549210303025));
#2492 = CARTESIAN_POINT('',(1.138363479236,5.628914614379));
#2493 = CARTESIAN_POINT('',(1.183762646145,5.703090402203));
#2494 = CARTESIAN_POINT('',(1.230511444799,5.770416044341));
#2495 = CARTESIAN_POINT('',(1.278675952543,5.829460730769));
#2496 = CARTESIAN_POINT('',(1.384946565582,5.934791860262));
#2497 = CARTESIAN_POINT('',(1.443731819244,5.978366208315));
#2498 = CARTESIAN_POINT('',(1.503833530703,6.005933577407));
#2499 = CARTESIAN_POINT('',(1.564541237716,6.015447100934));
#2500 = CARTESIAN_POINT('',(1.625202689225,6.006385812046));
#2501 = CARTESIAN_POINT('',(1.685141675476,5.979771013341));
#2502 = CARTESIAN_POINT('',(1.775844448864,5.915094436654));
#2503 = CARTESIAN_POINT('',(1.807618026838,5.887524341811));
#2504 = CARTESIAN_POINT('',(1.83889059703,5.855741193337));
#2505 = CARTESIAN_POINT('',(1.869644250595,5.820123299097));
#2506 = CARTESIAN_POINT('',(1.899856765896,5.781071865502));
#2507 = CARTESIAN_POINT('',(1.929501144908,5.739008918329));
#2508 = CARTESIAN_POINT('',(1.985017884783,5.653692955667));
#2509 = CARTESIAN_POINT('',(2.011023689549,5.610826023579));
#2510 = CARTESIAN_POINT('',(2.036583713993,5.566025182399));
#2511 = CARTESIAN_POINT('',(2.061717797026,5.519522413926));
#2512 = CARTESIAN_POINT('',(2.086445197793,5.471531055069));
#2513 = CARTESIAN_POINT('',(2.110785327048,5.422245926279));
#2514 = CARTESIAN_POINT('',(2.198772213268,5.237257479098));
#2515 = CARTESIAN_POINT('',(2.260292356426,5.094445787268));
#2516 = CARTESIAN_POINT('',(2.319714201682,4.946651806854));
#2517 = CARTESIAN_POINT('',(2.377415924061,4.796333716464));
#2518 = CARTESIAN_POINT('',(2.433798083908,4.645376534515));
#2519 = CARTESIAN_POINT('',(2.489282336664,4.495374082949));
#2520 = CARTESIAN_POINT('',(2.5943963124,4.214337387166));
#2521 = CARTESIAN_POINT('',(2.643983445226,4.083129900645));
#2522 = CARTESIAN_POINT('',(2.693427896024,3.955996217749));
#2523 = CARTESIAN_POINT('',(2.742988646087,3.834776239764));
#2524 = CARTESIAN_POINT('',(2.792880372929,3.721955495465));
#2525 = CARTESIAN_POINT('',(2.843309391239,3.620752548478));
#2526 = CARTESIAN_POINT('',(2.928864115238,3.477276678876));
#2527 = CARTESIAN_POINT('',(2.963710151202,3.426302542406));
#2528 = CARTESIAN_POINT('',(2.998893781374,3.38358925981));
#2529 = CARTESIAN_POINT('',(3.034309434241,3.350488371242));
#2530 = CARTESIAN_POINT('',(3.069906402426,3.327974463062));
#2531 = CARTESIAN_POINT('',(3.105667072754,3.316624790355));
#2532 = CARTESIAN_POINT('',(3.178342256238,3.316624790355));
#2533 = CARTESIAN_POINT('',(3.21490954688,3.328501036662));
#2534 = CARTESIAN_POINT('',(3.251300632105,3.352043921146));
#2535 = CARTESIAN_POINT('',(3.287500428469,3.386623719648));
#2536 = CARTESIAN_POINT('',(3.323457659612,3.43118562747));
#2537 = CARTESIAN_POINT('',(3.359061353101,3.484273408862));
#2538 = CARTESIAN_POINT('',(3.445225995537,3.631312683854));
#2539 = CARTESIAN_POINT('',(3.495555715498,3.733514332348));
#2540 = CARTESIAN_POINT('',(3.545363886131,3.847060364473));
#2541 = CARTESIAN_POINT('',(3.594856882168,3.968782774262));
#2542 = CARTESIAN_POINT('',(3.644251267453,4.096247180927));
#2543 = CARTESIAN_POINT('',(3.693808838619,4.227653912265));
#2544 = CARTESIAN_POINT('',(3.798599485695,4.508057210198));
#2545 = CARTESIAN_POINT('',(3.853784572643,4.657160824487));
#2546 = CARTESIAN_POINT('',(3.909877604326,4.80710356159));
#2547 = CARTESIAN_POINT('',(3.967293538615,4.956321955572));
#2548 = CARTESIAN_POINT('',(4.026426214102,5.102954392511));
#2549 = CARTESIAN_POINT('',(4.087647514519,5.24457091336));
#2550 = CARTESIAN_POINT('',(4.192995646799,5.465191930058));
#2551 = CARTESIAN_POINT('',(4.235851805201,5.549210306299));
#2552 = CARTESIAN_POINT('',(4.279956134544,5.628914617891));
#2553 = CARTESIAN_POINT('',(4.325355297633,5.703090399994));
#2554 = CARTESIAN_POINT('',(4.372104096055,5.7704160406));
#2555 = CARTESIAN_POINT('',(4.420268608864,5.829460733476));
#2556 = CARTESIAN_POINT('',(4.526539219172,5.934791860262));
#2557 = CARTESIAN_POINT('',(4.585324472833,5.978366208315));
#2558 = CARTESIAN_POINT('',(4.645426184293,6.005933577407));
#2559 = CARTESIAN_POINT('',(4.706133891306,6.015447100934));
#2560 = CARTESIAN_POINT('',(4.766795342815,6.006385812046));
#2561 = CARTESIAN_POINT('',(4.826734329066,5.979771013341));
#2562 = CARTESIAN_POINT('',(4.917437102454,5.915094436654));
#2563 = CARTESIAN_POINT('',(4.949210680428,5.887524341811));
#2564 = CARTESIAN_POINT('',(4.980483250619,5.855741193337));
#2565 = CARTESIAN_POINT('',(5.011236904185,5.820123299097));
#2566 = CARTESIAN_POINT('',(5.041449419485,5.781071865502));
#2567 = CARTESIAN_POINT('',(5.071093798498,5.739008918329));
#2568 = CARTESIAN_POINT('',(5.126610538373,5.653692955667));
#2569 = CARTESIAN_POINT('',(5.152616343139,5.610826023579));
#2570 = CARTESIAN_POINT('',(5.178176367583,5.566025182399));
#2571 = CARTESIAN_POINT('',(5.203310450616,5.519522413926));
#2572 = CARTESIAN_POINT('',(5.228037851383,5.471531055069));
#2573 = CARTESIAN_POINT('',(5.252377980638,5.422245926279));
#2574 = CARTESIAN_POINT('',(5.340364866859,5.237257479097));
#2575 = CARTESIAN_POINT('',(5.401885010015,5.094445787269));
#2576 = CARTESIAN_POINT('',(5.461306855272,4.946651806854));
#2577 = CARTESIAN_POINT('',(5.51900857765,4.796333716466));
#2578 = CARTESIAN_POINT('',(5.575390737498,4.645376534513));
#2579 = CARTESIAN_POINT('',(5.630874990254,4.49537408295));
#2580 = CARTESIAN_POINT('',(5.735988965989,4.214337387168));
#2581 = CARTESIAN_POINT('',(5.785576098816,4.083129900643));
#2582 = CARTESIAN_POINT('',(5.835020549614,3.955996217749));
#2583 = CARTESIAN_POINT('',(5.884581299676,3.834776239765));
#2584 = CARTESIAN_POINT('',(5.934473026518,3.721955495466));
#2585 = CARTESIAN_POINT('',(5.984902044828,3.620752548477));
#2586 = CARTESIAN_POINT('',(6.070456768828,3.477276678875));
#2587 = CARTESIAN_POINT('',(6.105302804792,3.426302542406));
#2588 = CARTESIAN_POINT('',(6.140486434964,3.38358925981));
#2589 = CARTESIAN_POINT('',(6.17590208783,3.350488371242));
#2590 = CARTESIAN_POINT('',(6.211499056016,3.327974463062));
#2591 = CARTESIAN_POINT('',(6.247259726344,3.316624790355));
#2592 = CARTESIAN_POINT('',(6.28318530718,3.316624790355));
#2593 = ( GEOMETRIC_REPRESENTATION_CONTEXT(2) 
PARAMETRIC_REPRESENTATION_CONTEXT() REPRESENTATION_CONTEXT('2D SPACE',''
  ) );
#2594 = ADVANCED_FACE('',(#2595,#3127,#3514),#509,.T.);
#2595 = FACE_BOUND('',#2596,.T.);
#2596 = EDGE_LOOP('',(#2597,#2620,#2649,#2849,#2878,#3078,#3100,#3101,
    #3102,#3103,#3125,#3126));
#2597 = ORIENTED_EDGE('',*,*,#2598,.T.);
#2598 = EDGE_CURVE('',#1224,#2599,#2601,.T.);
#2599 = VERTEX_POINT('',#2600);
#2600 = CARTESIAN_POINT('',(215.,1.469576158977E-15,551.));
#2601 = SEAM_CURVE('',#2602,(#2606,#2613),.PCURVE_S1.);
#2602 = LINE('',#2603,#2604);
#2603 = CARTESIAN_POINT('',(-85.,1.469576158977E-15,551.));
#2604 = VECTOR('',#2605,1.);
#2605 = DIRECTION('',(1.,0.,0.));
#2606 = PCURVE('',#509,#2607);
#2607 = DEFINITIONAL_REPRESENTATION('',(#2608),#2612);
#2608 = LINE('',#2609,#2610);
#2609 = CARTESIAN_POINT('',(6.28318530718,-0.));
#2610 = VECTOR('',#2611,1.);
#2611 = DIRECTION('',(0.,1.));
#2612 = ( GEOMETRIC_REPRESENTATION_CONTEXT(2) 
PARAMETRIC_REPRESENTATION_CONTEXT() REPRESENTATION_CONTEXT('2D SPACE',''
  ) );
#2613 = PCURVE('',#509,#2614);
#2614 = DEFINITIONAL_REPRESENTATION('',(#2615),#2619);
#2615 = LINE('',#2616,#2617);
#2616 = CARTESIAN_POINT('',(0.,-0.));
#2617 = VECTOR('',#2618,1.);
#2618 = DIRECTION('',(0.,1.));
#2619 = ( GEOMETRIC_REPRESENTATION_CONTEXT(2) 
PARAMETRIC_REPRESENTATION_CONTEXT() REPRESENTATION_CONTEXT('2D SPACE',''
  ) );
#2620 = ORIENTED_EDGE('',*,*,#2621,.F.);
#2621 = EDGE_CURVE('',#2622,#2599,#2624,.T.);
#2622 = VERTEX_POINT('',#2623);
#2623 = CARTESIAN_POINT('',(215.,3.316624790355,550.));
#2624 = SURFACE_CURVE('',#2625,(#2630,#2637),.PCURVE_S1.);
#2625 = CIRCLE('',#2626,6.);
#2626 = AXIS2_PLACEMENT_3D('',#2627,#2628,#2629);
#2627 = CARTESIAN_POINT('',(215.,0.,545.));
#2628 = DIRECTION('',(1.,0.,0.));
#2629 = DIRECTION('',(-0.,0.,1.));
#2630 = PCURVE('',#509,#2631);
#2631 = DEFINITIONAL_REPRESENTATION('',(#2632),#2636);
#2632 = LINE('',#2633,#2634);
#2633 = CARTESIAN_POINT('',(0.,300.));
#2634 = VECTOR('',#2635,1.);
#2635 = DIRECTION('',(1.,0.));
#2636 = ( GEOMETRIC_REPRESENTATION_CONTEXT(2) 
PARAMETRIC_REPRESENTATION_CONTEXT() REPRESENTATION_CONTEXT('2D SPACE',''
  ) );
#2637 = PCURVE('',#2638,#2643);
#2638 = PLANE('',#2639);
#2639 = AXIS2_PLACEMENT_3D('',#2640,#2641,#2642);
#2640 = CARTESIAN_POINT('',(215.,0.,545.));
#2641 = DIRECTION('',(1.,0.,0.));
#2642 = DIRECTION('',(-0.,0.,1.));
#2643 = DEFINITIONAL_REPRESENTATION('',(#2644),#2648);
#2644 = CIRCLE('',#2645,6.);
#2645 = AXIS2_PLACEMENT_2D('',#2646,#2647);
#2646 = CARTESIAN_POINT('',(0.,0.));
#2647 = DIRECTION('',(1.,0.));
#2648 = ( GEOMETRIC_REPRESENTATION_CONTEXT(2) 
PARAMETRIC_REPRESENTATION_CONTEXT() REPRESENTATION_CONTEXT('2D SPACE',''
  ) );
#2649 = ORIENTED_EDGE('',*,*,#2650,.F.);
#2650 = EDGE_CURVE('',#2651,#2622,#2653,.T.);
#2651 = VERTEX_POINT('',#2652);
#2652 = CARTESIAN_POINT('',(215.,3.316624790355,540.));
#2653 = SURFACE_CURVE('',#2654,(#2717,#2783),.PCURVE_S1.);
#2654 = B_SPLINE_CURVE_WITH_KNOTS('',7,(#2655,#2656,#2657,#2658,#2659,
    #2660,#2661,#2662,#2663,#2664,#2665,#2666,#2667,#2668,#2669,#2670,
    #2671,#2672,#2673,#2674,#2675,#2676,#2677,#2678,#2679,#2680,#2681,
    #2682,#2683,#2684,#2685,#2686,#2687,#2688,#2689,#2690,#2691,#2692,
    #2693,#2694,#2695,#2696,#2697,#2698,#2699,#2700,#2701,#2702,#2703,
    #2704,#2705,#2706,#2707,#2708,#2709,#2710,#2711,#2712,#2713,#2714,
    #2715,#2716),.UNSPECIFIED.,.F.,.F.,(8,6,6,6,6,6,6,6,6,6,8),(0.,
    8.471221073092E-02,0.211771816304,0.348708847122,0.439029294358,
    0.543966533174,0.602548948131,0.653944787683,0.788723618244,
    0.91552779369,1.),.UNSPECIFIED.);
#2655 = CARTESIAN_POINT('',(215.00000060003,3.316624790355,540.));
#2656 = CARTESIAN_POINT('',(214.82007279761,3.316624757802,
    539.9999999784));
#2657 = CARTESIAN_POINT('',(214.64097844269,3.328012322638,
    540.00755382034));
#2658 = CARTESIAN_POINT('',(214.46309109758,3.350599682131,
    540.02253596781));
#2659 = CARTESIAN_POINT('',(214.28685833478,3.383805448044,
    540.04479815787));
#2660 = CARTESIAN_POINT('',(214.11288448459,3.426649504882,
    540.07413738425));
#2661 = CARTESIAN_POINT('',(213.94200946573,3.47777384348,
    540.11019510007));
#2662 = CARTESIAN_POINT('',(213.52546218176,3.622056725078,
    540.21542217597));
#2663 = CARTESIAN_POINT('',(213.2832930166,3.724077160194,
    540.29258950044));
#2664 = CARTESIAN_POINT('',(213.04841327523,3.83782063555,540.3829963546
    ));
#2665 = CARTESIAN_POINT('',(212.82062293589,3.960013284004,
    540.4862078104));
#2666 = CARTESIAN_POINT('',(212.59971242925,4.088135128034,
    540.60202294719));
#2667 = CARTESIAN_POINT('',(212.38537972659,4.220325848998,
    540.73066090036));
#2668 = CARTESIAN_POINT('',(211.95322798682,4.500408695949,
    541.02621947789));
#2669 = CARTESIAN_POINT('',(211.73699376779,4.648359090904,
    541.19495526134));
#2670 = CARTESIAN_POINT('',(211.52819805272,4.797208312608,
    541.38005225022));
#2671 = CARTESIAN_POINT('',(211.32702028895,4.945419100232,
    541.5828682533));
#2672 = CARTESIAN_POINT('',(211.13436763803,5.091178893343,
    541.8050218036));
#2673 = CARTESIAN_POINT('',(210.95201304347,5.232136013332,
    542.0482030361));
#2674 = CARTESIAN_POINT('',(210.67107109665,5.452968114189,
    542.48930771431));
#2675 = CARTESIAN_POINT('',(210.56473145278,5.537591546066,
    542.67503536071));
#2676 = CARTESIAN_POINT('',(210.46476463315,5.617992638694,
    542.8714479426));
#2677 = CARTESIAN_POINT('',(210.37235586469,5.692982931464,
    543.07874985973));
#2678 = CARTESIAN_POINT('',(210.28883142253,5.761257214644,
    543.29705449147));
#2679 = CARTESIAN_POINT('',(210.21567401588,5.821390111237,
    543.52635523267));
#2680 = CARTESIAN_POINT('',(210.08351659866,5.930446830574,
    544.04549620816));
#2681 = CARTESIAN_POINT('',(210.02837912034,5.976266350316,
    544.34048101437));
#2682 = CARTESIAN_POINT('',(209.99335323773,6.005537961551,
    544.64621066822));
#2683 = CARTESIAN_POINT('',(209.98081750554,6.016029974435,
    544.9572333151));
#2684 = CARTESIAN_POINT('',(209.99139835511,6.007149199974,
    545.26796579105));
#2685 = CARTESIAN_POINT('',(210.02398243324,5.979959683672,
    545.57283288044));
#2686 = CARTESIAN_POINT('',(210.10449117036,5.913184175195,
    546.03038627108));
#2687 = CARTESIAN_POINT('',(210.13924693831,5.884408127234,
    546.19061225439));
#2688 = CARTESIAN_POINT('',(210.17949108654,5.851169318705,
    546.34684019289));
#2689 = CARTESIAN_POINT('',(210.22477807131,5.81388464958,
    546.49879304326));
#2690 = CARTESIAN_POINT('',(210.27463932294,5.772995180207,
    546.64621818175));
#2691 = CARTESIAN_POINT('',(210.32858136899,5.728963741062,
    546.78888753557));
#2692 = CARTESIAN_POINT('',(210.43653243789,5.641309168908,
    547.04741434938));
#2693 = CARTESIAN_POINT('',(210.48978880171,5.598243821066,
    547.16457541438));
#2694 = CARTESIAN_POINT('',(210.54560542429,5.553318768438,
    547.27814085962));
#2695 = CARTESIAN_POINT('',(210.60375813128,5.506757597166,
    547.38817873924));
#2696 = CARTESIAN_POINT('',(210.66404625889,5.458765385753,
    547.49476499339));
#2697 = CARTESIAN_POINT('',(210.72629271415,5.409528880749,
    547.59798323048));
#2698 = CARTESIAN_POINT('',(210.95831020172,5.227279522275,
    547.96000737055));
#2699 = CARTESIAN_POINT('',(211.13898111556,5.087714924312,
    548.20001157497));
#2700 = CARTESIAN_POINT('',(211.32969953905,4.943494708396,
    548.41947443117));
#2701 = CARTESIAN_POINT('',(211.528761577,4.796888334273,548.62003018434
    ));
#2702 = CARTESIAN_POINT('',(211.735290981,4.649651866741,548.80324237658
    ));
#2703 = CARTESIAN_POINT('',(211.94910850454,4.50327941124,
    548.97042507401));
#2704 = CARTESIAN_POINT('',(212.37912838487,4.224194295953,
    549.26555428684));
#2705 = CARTESIAN_POINT('',(212.59395988555,4.091498274511,
    549.39490673128));
#2706 = CARTESIAN_POINT('',(212.81540376268,3.962859647879,
    549.51135159845));
#2707 = CARTESIAN_POINT('',(213.0437656909,3.840146312005,
    549.61511687912));
#2708 = CARTESIAN_POINT('',(213.27925797939,3.725892145677,
    549.70600365606));
#2709 = CARTESIAN_POINT('',(213.52208211208,3.623395484255,
    549.78357577737));
#2710 = CARTESIAN_POINT('',(213.9396594015,3.478477442824,
    549.88930863377));
#2711 = CARTESIAN_POINT('',(214.11089420108,3.427139860042,
    549.92552681843));
#2712 = CARTESIAN_POINT('',(214.28524750577,3.384109120218,
    549.95499824741));
#2713 = CARTESIAN_POINT('',(214.4618722641,3.350754644789,
    549.97736124394));
#2714 = CARTESIAN_POINT('',(214.64015987897,3.328064543818,
    549.99241153862));
#2715 = CARTESIAN_POINT('',(214.81966060418,3.316624790355,550.));
#2716 = CARTESIAN_POINT('',(215.,3.316624790355,550.));
#2717 = PCURVE('',#509,#2718);
#2718 = DEFINITIONAL_REPRESENTATION('',(#2719),#2782);
#2719 = B_SPLINE_CURVE_WITH_KNOTS('',7,(#2720,#2721,#2722,#2723,#2724,
    #2725,#2726,#2727,#2728,#2729,#2730,#2731,#2732,#2733,#2734,#2735,
    #2736,#2737,#2738,#2739,#2740,#2741,#2742,#2743,#2744,#2745,#2746,
    #2747,#2748,#2749,#2750,#2751,#2752,#2753,#2754,#2755,#2756,#2757,
    #2758,#2759,#2760,#2761,#2762,#2763,#2764,#2765,#2766,#2767,#2768,
    #2769,#2770,#2771,#2772,#2773,#2774,#2775,#2776,#2777,#2778,#2779,
    #2780,#2781),.UNSPECIFIED.,.F.,.F.,(8,6,6,6,6,6,6,6,6,6,8),(0.,
    8.471221073092E-02,0.211771816304,0.348708847122,0.439029294358,
    0.543966533174,0.602548948131,0.653944787683,0.788723618244,
    0.91552779369,1.),.UNSPECIFIED.);
#2720 = CARTESIAN_POINT('',(3.727278197047,300.0000006));
#2721 = CARTESIAN_POINT('',(3.727278190536,299.82007279757));
#2722 = CARTESIAN_POINT('',(3.729555684638,299.64097844278));
#2723 = CARTESIAN_POINT('',(3.734073222658,299.46309109756));
#2724 = CARTESIAN_POINT('',(3.740735960445,299.28685833472));
#2725 = CARTESIAN_POINT('',(3.749389536619,299.11288448463));
#2726 = CARTESIAN_POINT('',(3.759814988337,298.94200946573));
#2727 = CARTESIAN_POINT('',(3.789578074826,298.52546218176));
#2728 = CARTESIAN_POINT('',(3.810894462512,298.2832930166));
#2729 = CARTESIAN_POINT('',(3.835098995599,298.04841327523));
#2730 = CARTESIAN_POINT('',(3.861733567368,297.82062293589));
#2731 = CARTESIAN_POINT('',(3.89048939359,297.59971242925));
#2732 = CARTESIAN_POINT('',(3.921205988709,297.38537972659));
#2733 = CARTESIAN_POINT('',(3.989070492994,296.95322798682));
#2734 = CARTESIAN_POINT('',(4.026444660461,296.73699376779));
#2735 = CARTESIAN_POINT('',(4.065972476495,296.52819805272));
#2736 = CARTESIAN_POINT('',(4.107752594903,296.32702028895));
#2737 = CARTESIAN_POINT('',(4.15193473876,296.13436763803));
#2738 = CARTESIAN_POINT('',(4.198693846963,295.95201304347));
#2739 = CARTESIAN_POINT('',(4.280909713556,295.67107109665));
#2740 = CARTESIAN_POINT('',(4.314903191358,295.56473145278));
#2741 = CARTESIAN_POINT('',(4.350231012101,295.46476463315));
#2742 = CARTESIAN_POINT('',(4.386912681003,295.37235586469));
#2743 = CARTESIAN_POINT('',(4.424970660103,295.28883142253));
#2744 = CARTESIAN_POINT('',(4.464431517915,295.21567401588));
#2745 = CARTESIAN_POINT('',(4.552843545826,295.08351659866));
#2746 = CARTESIAN_POINT('',(4.602527726292,295.02837912034));
#2747 = CARTESIAN_POINT('',(4.653571481809,294.99335323773));
#2748 = CARTESIAN_POINT('',(4.705259884618,294.98081750554));
#2749 = CARTESIAN_POINT('',(4.756916165547,294.99139835511));
#2750 = CARTESIAN_POINT('',(4.807849415885,295.02398243324));
#2751 = CARTESIAN_POINT('',(4.884916139108,295.10449117036));
#2752 = CARTESIAN_POINT('',(4.91203313407,295.13924693831));
#2753 = CARTESIAN_POINT('',(4.93863259233,295.17949108654));
#2754 = CARTESIAN_POINT('',(4.964687596119,295.22477807131));
#2755 = CARTESIAN_POINT('',(4.990168806923,295.27463932294));
#2756 = CARTESIAN_POINT('',(5.015044290907,295.32858136899));
#2757 = CARTESIAN_POINT('',(5.060541371851,295.43653243789));
#2758 = CARTESIAN_POINT('',(5.081338897261,295.48978880171));
#2759 = CARTESIAN_POINT('',(5.101684094239,295.54560542429));
#2760 = CARTESIAN_POINT('',(5.121588382525,295.60375813128));
#2761 = CARTESIAN_POINT('',(5.141062824263,295.66404625889));
#2762 = CARTESIAN_POINT('',(5.160118520328,295.72629271415));
#2763 = CARTESIAN_POINT('',(5.227670209727,295.95831020172));
#2764 = CARTESIAN_POINT('',(5.273858253235,296.13898111556));
#2765 = CARTESIAN_POINT('',(5.31752823872,296.32969953905));
#2766 = CARTESIAN_POINT('',(5.358849185395,296.528761577));
#2767 = CARTESIAN_POINT('',(5.397965512931,296.735290981));
#2768 = CARTESIAN_POINT('',(5.434972417522,296.94910850454));
#2769 = CARTESIAN_POINT('',(5.502670635503,297.37912838487));
#2770 = CARTESIAN_POINT('',(5.533530285436,297.59395988555));
#2771 = CARTESIAN_POINT('',(5.562419998856,297.81540376268));
#2772 = CARTESIAN_POINT('',(5.589180093516,298.0437656909));
#2773 = CARTESIAN_POINT('',(5.613500858535,298.27925797939));
#2774 = CARTESIAN_POINT('',(5.634921201038,298.52208211208));
#2775 = CARTESIAN_POINT('',(5.66481948957,298.9396594015));
#2776 = CARTESIAN_POINT('',(5.67528938333,299.11089420108));
#2777 = CARTESIAN_POINT('',(5.68398106796,299.28524750577));
#2778 = CARTESIAN_POINT('',(5.690673744344,299.4618722641));
#2779 = CARTESIAN_POINT('',(5.695211832352,299.64015987897));
#2780 = CARTESIAN_POINT('',(5.697499763722,299.81966060418));
#2781 = CARTESIAN_POINT('',(5.697499763722,300.));
#2782 = ( GEOMETRIC_REPRESENTATION_CONTEXT(2) 
PARAMETRIC_REPRESENTATION_CONTEXT() REPRESENTATION_CONTEXT('2D SPACE',''
  ) );
#2783 = PCURVE('',#1513,#2784);
#2784 = DEFINITIONAL_REPRESENTATION('',(#2785),#2848);
#2785 = B_SPLINE_CURVE_WITH_KNOTS('',7,(#2786,#2787,#2788,#2789,#2790,
    #2791,#2792,#2793,#2794,#2795,#2796,#2797,#2798,#2799,#2800,#2801,
    #2802,#2803,#2804,#2805,#2806,#2807,#2808,#2809,#2810,#2811,#2812,
    #2813,#2814,#2815,#2816,#2817,#2818,#2819,#2820,#2821,#2822,#2823,
    #2824,#2825,#2826,#2827,#2828,#2829,#2830,#2831,#2832,#2833,#2834,
    #2835,#2836,#2837,#2838,#2839,#2840,#2841,#2842,#2843,#2844,#2845,
    #2846,#2847),.UNSPECIFIED.,.F.,.F.,(8,6,6,6,6,6,6,6,6,6,8),(0.,
    8.471221073092E-02,0.211771816304,0.348708847122,0.439029294358,
    0.543966533174,0.602548948131,0.653944787683,0.788723618244,
    0.91552779369,1.),.UNSPECIFIED.);
#2786 = CARTESIAN_POINT('',(3.141592533576,63.316624790355));
#2787 = CARTESIAN_POINT('',(3.177578094061,63.316624757802));
#2788 = CARTESIAN_POINT('',(3.213396913469,63.328012322638));
#2789 = CARTESIAN_POINT('',(3.249050676688,63.350599682131));
#2790 = CARTESIAN_POINT('',(3.28452213582,63.383805448044));
#2791 = CARTESIAN_POINT('',(3.319760810007,63.426649504882));
#2792 = CARTESIAN_POINT('',(3.354661153908,63.47777384348));
#2793 = CARTESIAN_POINT('',(3.440587721927,63.622056725078));
#2794 = CARTESIAN_POINT('',(3.491326411725,63.724077160194));
#2795 = CARTESIAN_POINT('',(3.541523843744,63.83782063555));
#2796 = CARTESIAN_POINT('',(3.591389977808,63.960013284004));
#2797 = CARTESIAN_POINT('',(3.641143875297,64.088135128034));
#2798 = CARTESIAN_POINT('',(3.691050461481,64.220325848998));
#2799 = CARTESIAN_POINT('',(3.795761492215,64.500408695949));
#2800 = CARTESIAN_POINT('',(3.850509222463,64.648359090904));
#2801 = CARTESIAN_POINT('',(3.90613798286,64.797208312608));
#2802 = CARTESIAN_POINT('',(3.96305182528,64.945419100232));
#2803 = CARTESIAN_POINT('',(4.021634609002,65.091178893343));
#2804 = CARTESIAN_POINT('',(4.082249272494,65.232136013332));
#2805 = CARTESIAN_POINT('',(4.186844055275,65.452968114189));
#2806 = CARTESIAN_POINT('',(4.229599786438,65.537591546066));
#2807 = CARTESIAN_POINT('',(4.273590501905,65.617992638694));
#2808 = CARTESIAN_POINT('',(4.318871064455,65.692982931464));
#2809 = CARTESIAN_POINT('',(4.365502351115,65.761257214644));
#2810 = CARTESIAN_POINT('',(4.413554661528,65.821390111237));
#2811 = CARTESIAN_POINT('',(4.520694371319,65.930446830574));
#2812 = CARTESIAN_POINT('',(4.580588396581,65.976266350316));
#2813 = CARTESIAN_POINT('',(4.641884121673,66.005537961551));
#2814 = CARTESIAN_POINT('',(4.703833335633,66.016029974435));
#2815 = CARTESIAN_POINT('',(4.765752396258,66.007149199974));
#2816 = CARTESIAN_POINT('',(4.82693267756,65.979959683672));
#2817 = CARTESIAN_POINT('',(4.919849148014,65.913184175195));
#2818 = CARTESIAN_POINT('',(4.952614111163,65.884408127234));
#2819 = CARTESIAN_POINT('',(4.984841988642,65.851169318705));
#2820 = CARTESIAN_POINT('',(5.016514567824,65.81388464958));
#2821 = CARTESIAN_POINT('',(5.047608808629,65.772995180207));
#2822 = CARTESIAN_POINT('',(5.078096357193,65.728963741062));
#2823 = CARTESIAN_POINT('',(5.134128329043,65.641309168908));
#2824 = CARTESIAN_POINT('',(5.159855334654,65.598243821066));
#2825 = CARTESIAN_POINT('',(5.185145345496,65.553318768438));
#2826 = CARTESIAN_POINT('',(5.210018405523,65.506757597166));
#2827 = CARTESIAN_POINT('',(5.23449404962,65.458765385753));
#2828 = CARTESIAN_POINT('',(5.258592019717,65.409528880749));
#2829 = CARTESIAN_POINT('',(5.344590529596,65.227279522275));
#2830 = CARTESIAN_POINT('',(5.404501396054,65.087714924312));
#2831 = CARTESIAN_POINT('',(5.462431798959,64.943494708395));
#2832 = CARTESIAN_POINT('',(5.51873362042,64.796888334273));
#2833 = CARTESIAN_POINT('',(5.57377851084,64.649651866741));
#2834 = CARTESIAN_POINT('',(5.627957492741,64.50327941124));
#2835 = CARTESIAN_POINT('',(5.732268249568,64.224194295953));
#2836 = CARTESIAN_POINT('',(5.78233305815,64.091498274511));
#2837 = CARTESIAN_POINT('',(5.832238740501,63.962859647879));
#2838 = CARTESIAN_POINT('',(5.882253410226,63.840146312005));
#2839 = CARTESIAN_POINT('',(5.932598467179,63.725892145677));
#2840 = CARTESIAN_POINT('',(5.983485721788,63.623395484255));
#2841 = CARTESIAN_POINT('',(6.069636805257,63.478477442823));
#2842 = CARTESIAN_POINT('',(6.104614013733,63.427139860042));
#2843 = CARTESIAN_POINT('',(6.139931600316,63.384109120218));
#2844 = CARTESIAN_POINT('',(6.175482991422,63.350754644789));
#2845 = CARTESIAN_POINT('',(6.211217335116,63.328064543818));
#2846 = CARTESIAN_POINT('',(6.247117428016,63.316624790355));
#2847 = CARTESIAN_POINT('',(6.28318530718,63.316624790355));
#2848 = ( GEOMETRIC_REPRESENTATION_CONTEXT(2) 
PARAMETRIC_REPRESENTATION_CONTEXT() REPRESENTATION_CONTEXT('2D SPACE',''
  ) );
#2849 = ORIENTED_EDGE('',*,*,#2850,.F.);
#2850 = EDGE_CURVE('',#2851,#2651,#2853,.T.);
#2851 = VERTEX_POINT('',#2852);
#2852 = CARTESIAN_POINT('',(215.,-3.316624790355,540.));
#2853 = SURFACE_CURVE('',#2854,(#2859,#2866),.PCURVE_S1.);
#2854 = CIRCLE('',#2855,6.);
#2855 = AXIS2_PLACEMENT_3D('',#2856,#2857,#2858);
#2856 = CARTESIAN_POINT('',(215.,0.,545.));
#2857 = DIRECTION('',(1.,0.,0.));
#2858 = DIRECTION('',(-0.,0.,1.));
#2859 = PCURVE('',#509,#2860);
#2860 = DEFINITIONAL_REPRESENTATION('',(#2861),#2865);
#2861 = LINE('',#2862,#2863);
#2862 = CARTESIAN_POINT('',(0.,300.));
#2863 = VECTOR('',#2864,1.);
#2864 = DIRECTION('',(1.,0.));
#2865 = ( GEOMETRIC_REPRESENTATION_CONTEXT(2) 
PARAMETRIC_REPRESENTATION_CONTEXT() REPRESENTATION_CONTEXT('2D SPACE',''
  ) );
#2866 = PCURVE('',#2867,#2872);
#2867 = PLANE('',#2868);
#2868 = AXIS2_PLACEMENT_3D('',#2869,#2870,#2871);
#2869 = CARTESIAN_POINT('',(215.,0.,545.));
#2870 = DIRECTION('',(1.,0.,0.));
#2871 = DIRECTION('',(-0.,0.,1.));
#2872 = DEFINITIONAL_REPRESENTATION('',(#2873),#2877);
#2873 = CIRCLE('',#2874,6.);
#2874 = AXIS2_PLACEMENT_2D('',#2875,#2876);
#2875 = CARTESIAN_POINT('',(0.,0.));
#2876 = DIRECTION('',(1.,0.));
#2877 = ( GEOMETRIC_REPRESENTATION_CONTEXT(2) 
PARAMETRIC_REPRESENTATION_CONTEXT() REPRESENTATION_CONTEXT('2D SPACE',''
  ) );
#2878 = ORIENTED_EDGE('',*,*,#2879,.T.);
#2879 = EDGE_CURVE('',#2851,#2880,#2882,.T.);
#2880 = VERTEX_POINT('',#2881);
#2881 = CARTESIAN_POINT('',(215.,-3.316624790355,550.));
#2882 = SURFACE_CURVE('',#2883,(#2946,#3012),.PCURVE_S1.);
#2883 = B_SPLINE_CURVE_WITH_KNOTS('',7,(#2884,#2885,#2886,#2887,#2888,
    #2889,#2890,#2891,#2892,#2893,#2894,#2895,#2896,#2897,#2898,#2899,
    #2900,#2901,#2902,#2903,#2904,#2905,#2906,#2907,#2908,#2909,#2910,
    #2911,#2912,#2913,#2914,#2915,#2916,#2917,#2918,#2919,#2920,#2921,
    #2922,#2923,#2924,#2925,#2926,#2927,#2928,#2929,#2930,#2931,#2932,
    #2933,#2934,#2935,#2936,#2937,#2938,#2939,#2940,#2941,#2942,#2943,
    #2944,#2945),.UNSPECIFIED.,.F.,.F.,(8,6,6,6,6,6,6,6,6,6,8),(0.,
    8.471221073772E-02,0.211771816321,0.34870884715,0.439029294397,
    0.543966533219,0.602548948179,0.653944787728,0.788723618271,
    0.915527793701,1.),.UNSPECIFIED.);
#2884 = CARTESIAN_POINT('',(215.00000060003,-3.316624790355,540.));
#2885 = CARTESIAN_POINT('',(214.82007279761,-3.316624757802,
    539.9999999784));
#2886 = CARTESIAN_POINT('',(214.64097844269,-3.328012322638,
    540.00755382034));
#2887 = CARTESIAN_POINT('',(214.46309109758,-3.350599682131,
    540.02253596781));
#2888 = CARTESIAN_POINT('',(214.28685833478,-3.383805448044,
    540.04479815787));
#2889 = CARTESIAN_POINT('',(214.11288448459,-3.426649504882,
    540.07413738425));
#2890 = CARTESIAN_POINT('',(213.94200946573,-3.47777384348,
    540.11019510007));
#2891 = CARTESIAN_POINT('',(213.52546218176,-3.622056725078,
    540.21542217597));
#2892 = CARTESIAN_POINT('',(213.2832930166,-3.724077160194,
    540.29258950044));
#2893 = CARTESIAN_POINT('',(213.04841327522,-3.83782063555,
    540.3829963546));
#2894 = CARTESIAN_POINT('',(212.82062293589,-3.960013284004,
    540.4862078104));
#2895 = CARTESIAN_POINT('',(212.59971242925,-4.088135128034,
    540.60202294719));
#2896 = CARTESIAN_POINT('',(212.38537972659,-4.220325848998,
    540.73066090036));
#2897 = CARTESIAN_POINT('',(211.95322798682,-4.500408695949,
    541.02621947789));
#2898 = CARTESIAN_POINT('',(211.73699376779,-4.648359090904,
    541.19495526134));
#2899 = CARTESIAN_POINT('',(211.52819805272,-4.797208312608,
    541.38005225022));
#2900 = CARTESIAN_POINT('',(211.32702028895,-4.945419100232,
    541.5828682533));
#2901 = CARTESIAN_POINT('',(211.13436763803,-5.091178893343,
    541.8050218036));
#2902 = CARTESIAN_POINT('',(210.95201304347,-5.232136013332,
    542.0482030361));
#2903 = CARTESIAN_POINT('',(210.67107109665,-5.452968114193,
    542.48930771432));
#2904 = CARTESIAN_POINT('',(210.56473145278,-5.537591546061,
    542.6750353607));
#2905 = CARTESIAN_POINT('',(210.46476463315,-5.617992638692,
    542.87144794259));
#2906 = CARTESIAN_POINT('',(210.37235586468,-5.692982931468,
    543.07874985974));
#2907 = CARTESIAN_POINT('',(210.28883142253,-5.761257214645,
    543.29705449148));
#2908 = CARTESIAN_POINT('',(210.21567401589,-5.821390111235,
    543.52635523266));
#2909 = CARTESIAN_POINT('',(210.08351659866,-5.930446830572,
    544.04549620815));
#2910 = CARTESIAN_POINT('',(210.02837912034,-5.976266350316,
    544.34048101437));
#2911 = CARTESIAN_POINT('',(209.99335323773,-6.005537961551,
    544.64621066823));
#2912 = CARTESIAN_POINT('',(209.98081750554,-6.016029974435,
    544.95723331511));
#2913 = CARTESIAN_POINT('',(209.99139835511,-6.007149199973,
    545.26796579105));
#2914 = CARTESIAN_POINT('',(210.02398243324,-5.979959683673,
    545.57283288044));
#2915 = CARTESIAN_POINT('',(210.10449117036,-5.913184175195,
    546.03038627108));
#2916 = CARTESIAN_POINT('',(210.13924693831,-5.884408127234,
    546.19061225439));
#2917 = CARTESIAN_POINT('',(210.17949108654,-5.851169318705,
    546.34684019289));
#2918 = CARTESIAN_POINT('',(210.22477807131,-5.81388464958,
    546.49879304326));
#2919 = CARTESIAN_POINT('',(210.27463932294,-5.772995180207,
    546.64621818175));
#2920 = CARTESIAN_POINT('',(210.32858136899,-5.728963741062,
    546.78888753557));
#2921 = CARTESIAN_POINT('',(210.43653243788,-5.641309168912,
    547.04741434937));
#2922 = CARTESIAN_POINT('',(210.4897888017,-5.598243821067,
    547.16457541438));
#2923 = CARTESIAN_POINT('',(210.54560542429,-5.553318768435,
    547.27814085963));
#2924 = CARTESIAN_POINT('',(210.60375813129,-5.506757597163,
    547.38817873925));
#2925 = CARTESIAN_POINT('',(210.66404625889,-5.458765385753,
    547.49476499339));
#2926 = CARTESIAN_POINT('',(210.72629271415,-5.409528880753,
    547.59798323047));
#2927 = CARTESIAN_POINT('',(210.95831020172,-5.227279522275,
    547.96000737055));
#2928 = CARTESIAN_POINT('',(211.13898111556,-5.087714924312,
    548.20001157497));
#2929 = CARTESIAN_POINT('',(211.32969953905,-4.943494708395,
    548.41947443117));
#2930 = CARTESIAN_POINT('',(211.528761577,-4.796888334273,
    548.62003018434));
#2931 = CARTESIAN_POINT('',(211.735290981,-4.649651866741,
    548.80324237658));
#2932 = CARTESIAN_POINT('',(211.94910850454,-4.50327941124,
    548.97042507401));
#2933 = CARTESIAN_POINT('',(212.37912838487,-4.224194295954,
    549.26555428684));
#2934 = CARTESIAN_POINT('',(212.59395988555,-4.091498274511,
    549.39490673128));
#2935 = CARTESIAN_POINT('',(212.81540376268,-3.962859647879,
    549.51135159845));
#2936 = CARTESIAN_POINT('',(213.0437656909,-3.840146312004,
    549.61511687912));
#2937 = CARTESIAN_POINT('',(213.27925797939,-3.725892145677,
    549.70600365606));
#2938 = CARTESIAN_POINT('',(213.52208211207,-3.623395484255,
    549.78357577737));
#2939 = CARTESIAN_POINT('',(213.9396594015,-3.478477442823,
    549.88930863377));
#2940 = CARTESIAN_POINT('',(214.11089420108,-3.427139860042,
    549.92552681843));
#2941 = CARTESIAN_POINT('',(214.28524750577,-3.384109120218,
    549.95499824741));
#2942 = CARTESIAN_POINT('',(214.4618722641,-3.350754644789,
    549.97736124394));
#2943 = CARTESIAN_POINT('',(214.64015987897,-3.328064543818,
    549.99241153862));
#2944 = CARTESIAN_POINT('',(214.81966060418,-3.316624790355,550.));
#2945 = CARTESIAN_POINT('',(215.,-3.316624790355,550.));
#2946 = PCURVE('',#509,#2947);
#2947 = DEFINITIONAL_REPRESENTATION('',(#2948),#3011);
#2948 = B_SPLINE_CURVE_WITH_KNOTS('',7,(#2949,#2950,#2951,#2952,#2953,
    #2954,#2955,#2956,#2957,#2958,#2959,#2960,#2961,#2962,#2963,#2964,
    #2965,#2966,#2967,#2968,#2969,#2970,#2971,#2972,#2973,#2974,#2975,
    #2976,#2977,#2978,#2979,#2980,#2981,#2982,#2983,#2984,#2985,#2986,
    #2987,#2988,#2989,#2990,#2991,#2992,#2993,#2994,#2995,#2996,#2997,
    #2998,#2999,#3000,#3001,#3002,#3003,#3004,#3005,#3006,#3007,#3008,
    #3009,#3010),.UNSPECIFIED.,.F.,.F.,(8,6,6,6,6,6,6,6,6,6,8),(0.,
    8.471221073772E-02,0.211771816321,0.34870884715,0.439029294397,
    0.543966533219,0.602548948179,0.653944787728,0.788723618271,
    0.915527793701,1.),.UNSPECIFIED.);
#2949 = CARTESIAN_POINT('',(2.555907110133,300.0000006));
#2950 = CARTESIAN_POINT('',(2.555907116643,299.82007279757));
#2951 = CARTESIAN_POINT('',(2.553629622542,299.64097844278));
#2952 = CARTESIAN_POINT('',(2.549112084522,299.46309109756));
#2953 = CARTESIAN_POINT('',(2.542449346734,299.28685833472));
#2954 = CARTESIAN_POINT('',(2.533795770561,299.11288448463));
#2955 = CARTESIAN_POINT('',(2.523370318842,298.94200946573));
#2956 = CARTESIAN_POINT('',(2.493607232353,298.52546218176));
#2957 = CARTESIAN_POINT('',(2.472290844667,298.2832930166));
#2958 = CARTESIAN_POINT('',(2.448086311581,298.04841327522));
#2959 = CARTESIAN_POINT('',(2.421451739811,297.82062293589));
#2960 = CARTESIAN_POINT('',(2.39269591359,297.59971242925));
#2961 = CARTESIAN_POINT('',(2.36197931847,297.38537972659));
#2962 = CARTESIAN_POINT('',(2.294114814186,296.95322798682));
#2963 = CARTESIAN_POINT('',(2.256740646718,296.73699376779));
#2964 = CARTESIAN_POINT('',(2.217212830685,296.52819805272));
#2965 = CARTESIAN_POINT('',(2.175432712276,296.32702028895));
#2966 = CARTESIAN_POINT('',(2.13125056842,296.13436763803));
#2967 = CARTESIAN_POINT('',(2.084491460217,295.95201304347));
#2968 = CARTESIAN_POINT('',(2.002275593622,295.67107109665));
#2969 = CARTESIAN_POINT('',(1.968282115823,295.56473145278));
#2970 = CARTESIAN_POINT('',(1.93295429508,295.46476463315));
#2971 = CARTESIAN_POINT('',(1.896272626175,295.37235586468));
#2972 = CARTESIAN_POINT('',(1.858214647075,295.28883142253));
#2973 = CARTESIAN_POINT('',(1.818753789267,295.21567401589));
#2974 = CARTESIAN_POINT('',(1.730341761354,295.08351659866));
#2975 = CARTESIAN_POINT('',(1.680657580888,295.02837912034));
#2976 = CARTESIAN_POINT('',(1.62961382537,294.99335323773));
#2977 = CARTESIAN_POINT('',(1.577925422561,294.98081750554));
#2978 = CARTESIAN_POINT('',(1.526269141633,294.99139835511));
#2979 = CARTESIAN_POINT('',(1.475335891296,295.02398243324));
#2980 = CARTESIAN_POINT('',(1.398269168072,295.10449117036));
#2981 = CARTESIAN_POINT('',(1.37115217311,295.13924693831));
#2982 = CARTESIAN_POINT('',(1.34455271485,295.17949108654));
#2983 = CARTESIAN_POINT('',(1.318497711061,295.22477807131));
#2984 = CARTESIAN_POINT('',(1.293016500257,295.27463932294));
#2985 = CARTESIAN_POINT('',(1.268141016273,295.32858136899));
#2986 = CARTESIAN_POINT('',(1.222643935331,295.43653243788));
#2987 = CARTESIAN_POINT('',(1.201846409919,295.4897888017));
#2988 = CARTESIAN_POINT('',(1.181501212939,295.54560542429));
#2989 = CARTESIAN_POINT('',(1.161596924653,295.60375813129));
#2990 = CARTESIAN_POINT('',(1.142122482917,295.66404625889));
#2991 = CARTESIAN_POINT('',(1.123066786853,295.72629271415));
#2992 = CARTESIAN_POINT('',(1.055515097453,295.95831020172));
#2993 = CARTESIAN_POINT('',(1.009327053944,296.13898111556));
#2994 = CARTESIAN_POINT('',(0.965657068459,296.32969953905));
#2995 = CARTESIAN_POINT('',(0.924336121785,296.528761577));
#2996 = CARTESIAN_POINT('',(0.885219794248,296.735290981));
#2997 = CARTESIAN_POINT('',(0.848212889657,296.94910850454));
#2998 = CARTESIAN_POINT('',(0.780514671676,297.37912838487));
#2999 = CARTESIAN_POINT('',(0.749655021744,297.59395988555));
#3000 = CARTESIAN_POINT('',(0.720765308323,297.81540376268));
#3001 = CARTESIAN_POINT('',(0.694005213664,298.0437656909));
#3002 = CARTESIAN_POINT('',(0.669684448644,298.27925797939));
#3003 = CARTESIAN_POINT('',(0.648264106141,298.52208211207));
#3004 = CARTESIAN_POINT('',(0.61836581761,298.9396594015));
#3005 = CARTESIAN_POINT('',(0.607895923849,299.11089420108));
#3006 = CARTESIAN_POINT('',(0.59920423922,299.28524750577));
#3007 = CARTESIAN_POINT('',(0.592511562836,299.4618722641));
#3008 = CARTESIAN_POINT('',(0.587973474827,299.64015987897));
#3009 = CARTESIAN_POINT('',(0.585685543457,299.81966060418));
#3010 = CARTESIAN_POINT('',(0.585685543457,300.));
#3011 = ( GEOMETRIC_REPRESENTATION_CONTEXT(2) 
PARAMETRIC_REPRESENTATION_CONTEXT() REPRESENTATION_CONTEXT('2D SPACE',''
  ) );
#3012 = PCURVE('',#1513,#3013);
#3013 = DEFINITIONAL_REPRESENTATION('',(#3014),#3077);
#3014 = B_SPLINE_CURVE_WITH_KNOTS('',7,(#3015,#3016,#3017,#3018,#3019,
    #3020,#3021,#3022,#3023,#3024,#3025,#3026,#3027,#3028,#3029,#3030,
    #3031,#3032,#3033,#3034,#3035,#3036,#3037,#3038,#3039,#3040,#3041,
    #3042,#3043,#3044,#3045,#3046,#3047,#3048,#3049,#3050,#3051,#3052,
    #3053,#3054,#3055,#3056,#3057,#3058,#3059,#3060,#3061,#3062,#3063,
    #3064,#3065,#3066,#3067,#3068,#3069,#3070,#3071,#3072,#3073,#3074,
    #3075,#3076),.UNSPECIFIED.,.F.,.F.,(8,6,6,6,6,6,6,6,6,6,8),(0.,
    8.471221073772E-02,0.211771816321,0.34870884715,0.439029294397,
    0.543966533219,0.602548948179,0.653944787728,0.788723618271,
    0.915527793701,1.),.UNSPECIFIED.);
#3015 = CARTESIAN_POINT('',(3.141592533576,56.683375209645));
#3016 = CARTESIAN_POINT('',(3.177578094061,56.683375242198));
#3017 = CARTESIAN_POINT('',(3.213396913469,56.671987677362));
#3018 = CARTESIAN_POINT('',(3.249050676688,56.649400317869));
#3019 = CARTESIAN_POINT('',(3.28452213582,56.616194551956));
#3020 = CARTESIAN_POINT('',(3.319760810007,56.573350495118));
#3021 = CARTESIAN_POINT('',(3.354661153908,56.52222615652));
#3022 = CARTESIAN_POINT('',(3.440587721927,56.377943274922));
#3023 = CARTESIAN_POINT('',(3.491326411725,56.275922839806));
#3024 = CARTESIAN_POINT('',(3.541523843744,56.16217936445));
#3025 = CARTESIAN_POINT('',(3.591389977808,56.039986715996));
#3026 = CARTESIAN_POINT('',(3.641143875297,55.911864871966));
#3027 = CARTESIAN_POINT('',(3.691050461481,55.779674151002));
#3028 = CARTESIAN_POINT('',(3.795761492215,55.499591304051));
#3029 = CARTESIAN_POINT('',(3.850509222463,55.351640909096));
#3030 = CARTESIAN_POINT('',(3.90613798286,55.202791687392));
#3031 = CARTESIAN_POINT('',(3.96305182528,55.054580899768));
#3032 = CARTESIAN_POINT('',(4.021634609002,54.908821106657));
#3033 = CARTESIAN_POINT('',(4.082249272494,54.767863986668));
#3034 = CARTESIAN_POINT('',(4.186844055277,54.547031885807));
#3035 = CARTESIAN_POINT('',(4.229599786436,54.462408453939));
#3036 = CARTESIAN_POINT('',(4.273590501903,54.382007361308));
#3037 = CARTESIAN_POINT('',(4.318871064456,54.307017068532));
#3038 = CARTESIAN_POINT('',(4.365502351118,54.238742785355));
#3039 = CARTESIAN_POINT('',(4.413554661526,54.178609888765));
#3040 = CARTESIAN_POINT('',(4.520694371318,54.069553169428));
#3041 = CARTESIAN_POINT('',(4.580588396581,54.023733649684));
#3042 = CARTESIAN_POINT('',(4.641884121674,53.994462038449));
#3043 = CARTESIAN_POINT('',(4.703833335634,53.983970025565));
#3044 = CARTESIAN_POINT('',(4.765752396258,53.992850800027));
#3045 = CARTESIAN_POINT('',(4.826932677559,54.020040316327));
#3046 = CARTESIAN_POINT('',(4.919849148014,54.086815824805));
#3047 = CARTESIAN_POINT('',(4.952614111163,54.115591872766));
#3048 = CARTESIAN_POINT('',(4.984841988642,54.148830681295));
#3049 = CARTESIAN_POINT('',(5.016514567824,54.18611535042));
#3050 = CARTESIAN_POINT('',(5.047608808629,54.227004819793));
#3051 = CARTESIAN_POINT('',(5.078096357193,54.271036258938));
#3052 = CARTESIAN_POINT('',(5.134128329041,54.358690831088));
#3053 = CARTESIAN_POINT('',(5.159855334654,54.401756178933));
#3054 = CARTESIAN_POINT('',(5.185145345498,54.446681231565));
#3055 = CARTESIAN_POINT('',(5.210018405525,54.493242402837));
#3056 = CARTESIAN_POINT('',(5.23449404962,54.541234614247));
#3057 = CARTESIAN_POINT('',(5.258592019715,54.590471119247));
#3058 = CARTESIAN_POINT('',(5.344590529596,54.772720477725));
#3059 = CARTESIAN_POINT('',(5.404501396054,54.912285075688));
#3060 = CARTESIAN_POINT('',(5.462431798959,55.056505291604));
#3061 = CARTESIAN_POINT('',(5.51873362042,55.203111665727));
#3062 = CARTESIAN_POINT('',(5.57377851084,55.350348133259));
#3063 = CARTESIAN_POINT('',(5.627957492741,55.49672058876));
#3064 = CARTESIAN_POINT('',(5.732268249568,55.775805704046));
#3065 = CARTESIAN_POINT('',(5.78233305815,55.908501725489));
#3066 = CARTESIAN_POINT('',(5.832238740501,56.037140352121));
#3067 = CARTESIAN_POINT('',(5.882253410226,56.159853687996));
#3068 = CARTESIAN_POINT('',(5.932598467179,56.274107854323));
#3069 = CARTESIAN_POINT('',(5.983485721788,56.376604515745));
#3070 = CARTESIAN_POINT('',(6.069636805257,56.521522557177));
#3071 = CARTESIAN_POINT('',(6.104614013733,56.572860139958));
#3072 = CARTESIAN_POINT('',(6.139931600316,56.615890879782));
#3073 = CARTESIAN_POINT('',(6.175482991422,56.649245355211));
#3074 = CARTESIAN_POINT('',(6.211217335116,56.671935456182));
#3075 = CARTESIAN_POINT('',(6.247117428016,56.683375209645));
#3076 = CARTESIAN_POINT('',(6.28318530718,56.683375209645));
#3077 = ( GEOMETRIC_REPRESENTATION_CONTEXT(2) 
PARAMETRIC_REPRESENTATION_CONTEXT() REPRESENTATION_CONTEXT('2D SPACE',''
  ) );
#3078 = ORIENTED_EDGE('',*,*,#3079,.F.);
#3079 = EDGE_CURVE('',#2599,#2880,#3080,.T.);
#3080 = SURFACE_CURVE('',#3081,(#3086,#3093),.PCURVE_S1.);
#3081 = CIRCLE('',#3082,6.);
#3082 = AXIS2_PLACEMENT_3D('',#3083,#3084,#3085);
#3083 = CARTESIAN_POINT('',(215.,0.,545.));
#3084 = DIRECTION('',(1.,0.,0.));
#3085 = DIRECTION('',(-0.,0.,1.));
#3086 = PCURVE('',#509,#3087);
#3087 = DEFINITIONAL_REPRESENTATION('',(#3088),#3092);
#3088 = LINE('',#3089,#3090);
#3089 = CARTESIAN_POINT('',(0.,300.));
#3090 = VECTOR('',#3091,1.);
#3091 = DIRECTION('',(1.,0.));
#3092 = ( GEOMETRIC_REPRESENTATION_CONTEXT(2) 
PARAMETRIC_REPRESENTATION_CONTEXT() REPRESENTATION_CONTEXT('2D SPACE',''
  ) );
#3093 = PCURVE('',#2638,#3094);
#3094 = DEFINITIONAL_REPRESENTATION('',(#3095),#3099);
#3095 = CIRCLE('',#3096,6.);
#3096 = AXIS2_PLACEMENT_2D('',#3097,#3098);
#3097 = CARTESIAN_POINT('',(0.,0.));
#3098 = DIRECTION('',(1.,0.));
#3099 = ( GEOMETRIC_REPRESENTATION_CONTEXT(2) 
PARAMETRIC_REPRESENTATION_CONTEXT() REPRESENTATION_CONTEXT('2D SPACE',''
  ) );
#3100 = ORIENTED_EDGE('',*,*,#2598,.F.);
#3101 = ORIENTED_EDGE('',*,*,#1247,.T.);
#3102 = ORIENTED_EDGE('',*,*,#612,.T.);
#3103 = ORIENTED_EDGE('',*,*,#3104,.T.);
#3104 = EDGE_CURVE('',#587,#364,#3105,.T.);
#3105 = SURFACE_CURVE('',#3106,(#3111,#3118),.PCURVE_S1.);
#3106 = CIRCLE('',#3107,6.);
#3107 = AXIS2_PLACEMENT_3D('',#3108,#3109,#3110);
#3108 = CARTESIAN_POINT('',(-85.,0.,545.));
#3109 = DIRECTION('',(1.,0.,0.));
#3110 = DIRECTION('',(-0.,0.,1.));
#3111 = PCURVE('',#509,#3112);
#3112 = DEFINITIONAL_REPRESENTATION('',(#3113),#3117);
#3113 = LINE('',#3114,#3115);
#3114 = CARTESIAN_POINT('',(0.,0.));
#3115 = VECTOR('',#3116,1.);
#3116 = DIRECTION('',(1.,0.));
#3117 = ( GEOMETRIC_REPRESENTATION_CONTEXT(2) 
PARAMETRIC_REPRESENTATION_CONTEXT() REPRESENTATION_CONTEXT('2D SPACE',''
  ) );
#3118 = PCURVE('',#601,#3119);
#3119 = DEFINITIONAL_REPRESENTATION('',(#3120),#3124);
#3120 = CIRCLE('',#3121,6.);
#3121 = AXIS2_PLACEMENT_2D('',#3122,#3123);
#3122 = CARTESIAN_POINT('',(0.,0.));
#3123 = DIRECTION('',(1.,0.));
#3124 = ( GEOMETRIC_REPRESENTATION_CONTEXT(2) 
PARAMETRIC_REPRESENTATION_CONTEXT() REPRESENTATION_CONTEXT('2D SPACE',''
  ) );
#3125 = ORIENTED_EDGE('',*,*,#363,.F.);
#3126 = ORIENTED_EDGE('',*,*,#1223,.T.);
#3127 = FACE_BOUND('',#3128,.T.);
#3128 = EDGE_LOOP('',(#3129));
#3129 = ORIENTED_EDGE('',*,*,#3130,.F.);
#3130 = EDGE_CURVE('',#3131,#3131,#3133,.T.);
#3131 = VERTEX_POINT('',#3132);
#3132 = CARTESIAN_POINT('',(65.,3.316624790355,550.));
#3133 = SURFACE_CURVE('',#3134,(#3257,#3383),.PCURVE_S1.);
#3134 = B_SPLINE_CURVE_WITH_KNOTS('',7,(#3135,#3136,#3137,#3138,#3139,
    #3140,#3141,#3142,#3143,#3144,#3145,#3146,#3147,#3148,#3149,#3150,
    #3151,#3152,#3153,#3154,#3155,#3156,#3157,#3158,#3159,#3160,#3161,
    #3162,#3163,#3164,#3165,#3166,#3167,#3168,#3169,#3170,#3171,#3172,
    #3173,#3174,#3175,#3176,#3177,#3178,#3179,#3180,#3181,#3182,#3183,
    #3184,#3185,#3186,#3187,#3188,#3189,#3190,#3191,#3192,#3193,#3194,
    #3195,#3196,#3197,#3198,#3199,#3200,#3201,#3202,#3203,#3204,#3205,
    #3206,#3207,#3208,#3209,#3210,#3211,#3212,#3213,#3214,#3215,#3216,
    #3217,#3218,#3219,#3220,#3221,#3222,#3223,#3224,#3225,#3226,#3227,
    #3228,#3229,#3230,#3231,#3232,#3233,#3234,#3235,#3236,#3237,#3238,
    #3239,#3240,#3241,#3242,#3243,#3244,#3245,#3246,#3247,#3248,#3249,
    #3250,#3251,#3252,#3253,#3254,#3255,#3256),.UNSPECIFIED.,.T.,.F.,(8,
    6,6,6,6,6,6,6,6,6,6,6,6,6,6,6,6,6,6,6,8),(0.,4.332777503636E-02,
    0.10707315675,0.175685493314,0.220972243251,0.271622817279,
    0.302163006717,0.326674077705,0.395792563936,0.459302067451,
    0.500703569718,0.544197938888,0.607675691128,0.675999964731,
    0.721096582164,0.771534504162,0.801946473284,0.826354636685,
    0.895182935003,0.958425799429,1.),.UNSPECIFIED.);
#3135 = CARTESIAN_POINT('',(65.,3.316624790355,550.));
#3136 = CARTESIAN_POINT('',(65.18374801324,3.316624790355,550.));
#3137 = CARTESIAN_POINT('',(65.366584753462,3.328501036662,
    549.99212197656));
#3138 = CARTESIAN_POINT('',(65.548133843009,3.352043921145,
    549.9765060944));
#3139 = CARTESIAN_POINT('',(65.727936385828,3.386623719648,
    549.9533117424));
#3140 = CARTESIAN_POINT('',(65.905362198227,3.43118562747,
    549.92275404959));
#3141 = CARTESIAN_POINT('',(66.079525586895,3.484273408861,
    549.88521572301));
#3142 = CARTESIAN_POINT('',(66.498845124308,3.63207371247,
    549.77702126595));
#3143 = CARTESIAN_POINT('',(66.74072971873,3.735298477529,
    549.69859199369));
#3144 = CARTESIAN_POINT('',(66.975315021518,3.850034161864,
    549.60692429565));
#3145 = CARTESIAN_POINT('',(67.202804484414,3.973034029116,
    549.50243902907));
#3146 = CARTESIAN_POINT('',(67.423415550518,4.101812707013,
    549.38531599244));
#3147 = CARTESIAN_POINT('',(67.637454617491,4.234538590906,
    549.25530555978));
#3148 = CARTESIAN_POINT('',(68.068699376106,4.515321324632,
    548.95689137321));
#3149 = CARTESIAN_POINT('',(68.284287258407,4.663376399842,
    548.78673770721));
#3150 = CARTESIAN_POINT('',(68.492407777896,4.812195743404,
    548.6001546265));
#3151 = CARTESIAN_POINT('',(68.692868475237,4.960254373542,
    548.39574956539));
#3152 = CARTESIAN_POINT('',(68.884732233777,5.105730113656,
    548.17187273729));
#3153 = CARTESIAN_POINT('',(69.066179038806,5.246242061127,
    547.92681013443));
#3154 = CARTESIAN_POINT('',(69.345385103731,5.466048458828,
    547.48217771039));
#3155 = CARTESIAN_POINT('',(69.4509942364,5.550206256941,547.29487567603
    ));
#3156 = CARTESIAN_POINT('',(69.550103975982,5.630016041922,
    547.09681561307));
#3157 = CARTESIAN_POINT('',(69.641496462966,5.704262166522,
    546.88782202026));
#3158 = CARTESIAN_POINT('',(69.723819297946,5.771617334336,
    546.66781410785));
#3159 = CARTESIAN_POINT('',(69.795570256158,5.830640388557,
    546.43683431664));
#3160 = CARTESIAN_POINT('',(69.921634835661,5.934735040649,
    545.92468950882));
#3161 = CARTESIAN_POINT('',(69.973124263985,5.977530898856,
    545.63981527423));
#3162 = CARTESIAN_POINT('',(70.005856789449,6.00487902008,
    545.34519662715));
#3163 = CARTESIAN_POINT('',(70.017745217233,6.014825864878,
    545.0457543917));
#3164 = CARTESIAN_POINT('',(70.00822984068,6.00684298196,544.7465193419)
  );
#3165 = CARTESIAN_POINT('',(69.978268754828,5.981843005822,
    544.45251662278));
#3166 = CARTESIAN_POINT('',(69.90152707719,5.918167629393,
    543.99741805546));
#3167 = CARTESIAN_POINT('',(69.86619098871,5.88889901455,543.8301575809)
  );
#3168 = CARTESIAN_POINT('',(69.824857829158,5.854747206849,
    543.66717257629));
#3169 = CARTESIAN_POINT('',(69.778026154699,5.816178655058,
    543.50878372336));
#3170 = CARTESIAN_POINT('',(69.726223017362,5.773689607212,
    543.35528317015));
#3171 = CARTESIAN_POINT('',(69.670006271884,5.727803167719,
    543.20693434342));
#3172 = CARTESIAN_POINT('',(69.561780222255,5.639950962184,
    542.94923226315));
#3173 = CARTESIAN_POINT('',(69.51106296462,5.598944027329,
    542.83779950588));
#3174 = CARTESIAN_POINT('',(69.458027769186,5.556253745145,
    542.72962206371));
#3175 = CARTESIAN_POINT('',(69.402868107962,5.512073040509,
    542.62464179339));
#3176 = CARTESIAN_POINT('',(69.34575822273,5.466579694198,
    542.52279400037));
#3177 = CARTESIAN_POINT('',(69.28685308235,5.419936469167,
    542.42400760518));
#3178 = CARTESIAN_POINT('',(69.055502522171,5.237936995973,
    542.0580535225));
#3179 = CARTESIAN_POINT('',(68.871227195584,5.095384817168,
    541.81116820231));
#3180 = CARTESIAN_POINT('',(68.676373274909,4.947865646979,
    541.58589761405));
#3181 = CARTESIAN_POINT('',(68.472792583471,4.797825025535,
    541.38047306624));
#3182 = CARTESIAN_POINT('',(68.261420405676,4.647134238337,
    541.19320025197));
#3183 = CARTESIAN_POINT('',(68.042423640366,4.49737144403,
    541.02266263542));
#3184 = CARTESIAN_POINT('',(67.606539250558,4.215296588024,
    540.7256880865));
#3185 = CARTESIAN_POINT('',(67.391432170792,4.082884521981,
    540.59714268706));
#3186 = CARTESIAN_POINT('',(67.169702550481,3.954610198111,
    540.48147541285));
#3187 = CARTESIAN_POINT('',(66.941048747182,3.832363278439,
    540.37847803713));
#3188 = CARTESIAN_POINT('',(66.705263837152,3.71870321218,540.2883629421
    ));
#3189 = CARTESIAN_POINT('',(66.46214757961,3.616949436045,
    540.21157532463));
#3190 = CARTESIAN_POINT('',(66.047652581176,3.474761581954,
    540.10808334496));
#3191 = CARTESIAN_POINT('',(65.880032650089,3.425062310951,
    540.07306769762));
#3192 = CARTESIAN_POINT('',(65.709446550243,3.383359545704,
    540.04451419269));
#3193 = CARTESIAN_POINT('',(65.536687112304,3.350927429675,
    540.02276125836));
#3194 = CARTESIAN_POINT('',(65.362328981802,3.328688945324,
    540.00800277761));
#3195 = CARTESIAN_POINT('',(65.186800656012,3.317197418017,
    540.0003798409));
#3196 = CARTESIAN_POINT('',(64.825204901342,3.31605703758,
    539.99962339267));
#3197 = CARTESIAN_POINT('',(64.640836611643,3.327547231213,
    540.00724551954));
#3198 = CARTESIAN_POINT('',(64.457746641632,3.35091658687,
    540.02273806299));
#3199 = CARTESIAN_POINT('',(64.276408248233,3.385533077981,
    540.04594055445));
#3200 = CARTESIAN_POINT('',(64.097470050793,3.430321983014,
    540.07663519024));
#3201 = CARTESIAN_POINT('',(63.92184496983,3.483790319756,
    540.11443064061));
#3202 = CARTESIAN_POINT('',(63.501154875691,3.632073712471,
    540.22297873404));
#3203 = CARTESIAN_POINT('',(63.259270281272,3.735298477529,
    540.3014080063));
#3204 = CARTESIAN_POINT('',(63.02468497848,3.850034161865,
    540.39307570434));
#3205 = CARTESIAN_POINT('',(62.797195515588,3.973034029115,
    540.49756097092));
#3206 = CARTESIAN_POINT('',(62.57658444948,4.101812707014,
    540.61468400756));
#3207 = CARTESIAN_POINT('',(62.36254538251,4.234538590906,
    540.74469444021));
#3208 = CARTESIAN_POINT('',(61.931300623895,4.515321324631,
    541.04310862678));
#3209 = CARTESIAN_POINT('',(61.715712741591,4.663376399843,
    541.21326229278));
#3210 = CARTESIAN_POINT('',(61.507592222104,4.812195743405,
    541.39984537349));
#3211 = CARTESIAN_POINT('',(61.307131524764,4.960254373541,
    541.6042504346));
#3212 = CARTESIAN_POINT('',(61.115267766223,5.105730113656,
    541.8281272627));
#3213 = CARTESIAN_POINT('',(60.933820961193,5.246242061128,
    542.07318986556));
#3214 = CARTESIAN_POINT('',(60.654614896269,5.466048458828,
    542.5178222896));
#3215 = CARTESIAN_POINT('',(60.5490057636,5.550206256941,542.70512432396
    ));
#3216 = CARTESIAN_POINT('',(60.449896024018,5.630016041922,
    542.90318438692));
#3217 = CARTESIAN_POINT('',(60.358503537034,5.704262166522,
    543.11217797973));
#3218 = CARTESIAN_POINT('',(60.276180702054,5.771617334336,
    543.33218589214));
#3219 = CARTESIAN_POINT('',(60.204429743842,5.830640388556,
    543.56316568335));
#3220 = CARTESIAN_POINT('',(60.078365164307,5.934735040676,
    544.0753104913));
#3221 = CARTESIAN_POINT('',(60.02687573603,5.977530898844,
    544.36018472577));
#3222 = CARTESIAN_POINT('',(59.99414321057,6.004879020064,
    544.65480337273));
#3223 = CARTESIAN_POINT('',(59.982254782756,6.014825864887,
    544.95424560818));
#3224 = CARTESIAN_POINT('',(59.991770159305,6.006842981973,
    545.25348065811));
#3225 = CARTESIAN_POINT('',(60.021731245194,5.981843005803,
    545.54748337734));
#3226 = CARTESIAN_POINT('',(60.09847292281,5.918167629393,
    546.00258194453));
#3227 = CARTESIAN_POINT('',(60.13380901129,5.88889901455,546.16984241909
    ));
#3228 = CARTESIAN_POINT('',(60.175142170842,5.854747206849,
    546.3328274237));
#3229 = CARTESIAN_POINT('',(60.221973845301,5.816178655058,
    546.49121627663));
#3230 = CARTESIAN_POINT('',(60.273776982638,5.773689607212,
    546.64471682985));
#3231 = CARTESIAN_POINT('',(60.329993728116,5.727803167719,
    546.79306565657));
#3232 = CARTESIAN_POINT('',(60.438219777749,5.639950962181,
    547.05076773685));
#3233 = CARTESIAN_POINT('',(60.488937035381,5.598944027328,
    547.16220049411));
#3234 = CARTESIAN_POINT('',(60.541972230811,5.556253745147,
    547.27037793628));
#3235 = CARTESIAN_POINT('',(60.597131892035,5.512073040512,
    547.3753582066));
#3236 = CARTESIAN_POINT('',(60.65424177727,5.466579694198,
    547.47720599962));
#3237 = CARTESIAN_POINT('',(60.713146917654,5.419936469164,
    547.57599239482));
#3238 = CARTESIAN_POINT('',(60.944497477829,5.237936995973,
    547.94194647749));
#3239 = CARTESIAN_POINT('',(61.128772804417,5.095384817167,
    548.18883179768));
#3240 = CARTESIAN_POINT('',(61.32362672509,4.947865646979,
    548.41410238594));
#3241 = CARTESIAN_POINT('',(61.527207416529,4.797825025536,
    548.61952693375));
#3242 = CARTESIAN_POINT('',(61.738579594323,4.647134238337,
    548.80679974802));
#3243 = CARTESIAN_POINT('',(61.957576359634,4.49737144403,
    548.97733736457));
#3244 = CARTESIAN_POINT('',(62.393460749442,4.215296588024,
    549.27431191349));
#3245 = CARTESIAN_POINT('',(62.608567829206,4.082884521982,
    549.40285731293));
#3246 = CARTESIAN_POINT('',(62.830297449524,3.954610198109,
    549.51852458714));
#3247 = CARTESIAN_POINT('',(63.058951252814,3.832363278441,
    549.62152196285));
#3248 = CARTESIAN_POINT('',(63.29473616285,3.718703212179,
    549.71163705789));
#3249 = CARTESIAN_POINT('',(63.537852420389,3.616949436045,
    549.78842467536));
#3250 = CARTESIAN_POINT('',(63.953722259394,3.474289958337,
    549.8922599281));
#3251 = CARTESIAN_POINT('',(64.122805438266,3.424220436627,
    549.92752552398));
#3252 = CARTESIAN_POINT('',(64.294904202252,3.382296425608,
    549.95621354514));
#3253 = CARTESIAN_POINT('',(64.469199055842,3.349825991414,
    549.97797720326));
#3254 = CARTESIAN_POINT('',(64.645096911857,3.327750324798,
    549.99261998526));
#3255 = CARTESIAN_POINT('',(64.822154784708,3.316624790355,550.));
#3256 = CARTESIAN_POINT('',(65.,3.316624790355,550.));
#3257 = PCURVE('',#509,#3258);
#3258 = DEFINITIONAL_REPRESENTATION('',(#3259),#3382);
#3259 = B_SPLINE_CURVE_WITH_KNOTS('',7,(#3260,#3261,#3262,#3263,#3264,
    #3265,#3266,#3267,#3268,#3269,#3270,#3271,#3272,#3273,#3274,#3275,
    #3276,#3277,#3278,#3279,#3280,#3281,#3282,#3283,#3284,#3285,#3286,
    #3287,#3288,#3289,#3290,#3291,#3292,#3293,#3294,#3295,#3296,#3297,
    #3298,#3299,#3300,#3301,#3302,#3303,#3304,#3305,#3306,#3307,#3308,
    #3309,#3310,#3311,#3312,#3313,#3314,#3315,#3316,#3317,#3318,#3319,
    #3320,#3321,#3322,#3323,#3324,#3325,#3326,#3327,#3328,#3329,#3330,
    #3331,#3332,#3333,#3334,#3335,#3336,#3337,#3338,#3339,#3340,#3341,
    #3342,#3343,#3344,#3345,#3346,#3347,#3348,#3349,#3350,#3351,#3352,
    #3353,#3354,#3355,#3356,#3357,#3358,#3359,#3360,#3361,#3362,#3363,
    #3364,#3365,#3366,#3367,#3368,#3369,#3370,#3371,#3372,#3373,#3374,
    #3375,#3376,#3377,#3378,#3379,#3380,#3381),.UNSPECIFIED.,.T.,.F.,(8,
    6,6,6,6,6,6,6,6,6,6,6,6,6,6,6,6,6,6,6,8),(0.,4.332777503636E-02,
    0.10707315675,0.175685493314,0.220972243251,0.271622817279,
    0.302163006717,0.326674077705,0.395792563936,0.459302067451,
    0.500703569718,0.544197938888,0.607675691128,0.675999964731,
    0.721096582164,0.771534504162,0.801946473284,0.826354636685,
    0.895182935003,0.958425799429,1.),.UNSPECIFIED.);
#3260 = CARTESIAN_POINT('',(5.697499763722,150.));
#3261 = CARTESIAN_POINT('',(5.697499763722,150.18374801324));
#3262 = CARTESIAN_POINT('',(5.695124536291,150.36658475346));
#3263 = CARTESIAN_POINT('',(5.690415882785,150.548133843));
#3264 = CARTESIAN_POINT('',(5.683476452824,150.72793638582));
#3265 = CARTESIAN_POINT('',(5.674472023395,150.90536219822));
#3266 = CARTESIAN_POINT('',(5.663637074002,151.07952558689));
#3267 = CARTESIAN_POINT('',(5.633108867425,151.4988451243));
#3268 = CARTESIAN_POINT('',(5.61150565464,151.74072971873));
#3269 = CARTESIAN_POINT('',(5.587041316742,151.97531502151));
#3270 = CARTESIAN_POINT('',(5.560167498527,152.20280448441));
#3271 = CARTESIAN_POINT('',(5.531184779142,152.42341555051));
#3272 = CARTESIAN_POINT('',(5.500245085969,152.63745461749));
#3273 = CARTESIAN_POINT('',(5.431954454941,153.0686993761));
#3274 = CARTESIAN_POINT('',(5.394391325063,153.2842872584));
#3275 = CARTESIAN_POINT('',(5.354674147371,153.49240777789));
#3276 = CARTESIAN_POINT('',(5.312695975056,153.69286847523));
#3277 = CARTESIAN_POINT('',(5.268300696217,153.88473223377));
#3278 = CARTESIAN_POINT('',(5.221308382651,154.0661790388));
#3279 = CARTESIAN_POINT('',(5.138642246063,154.34538510373));
#3280 = CARTESIAN_POINT('',(5.104442096637,154.4509942364));
#3281 = CARTESIAN_POINT('',(5.068897787079,154.55010397598));
#3282 = CARTESIAN_POINT('',(5.031993690257,154.64149646296));
#3283 = CARTESIAN_POINT('',(4.99371094184,154.72381929794));
#3284 = CARTESIAN_POINT('',(4.954026297242,154.79557025615));
#3285 = CARTESIAN_POINT('',(4.866923548088,154.92163483566));
#3286 = CARTESIAN_POINT('',(4.818974958406,154.97312426398));
#3287 = CARTESIAN_POINT('',(4.76978977564,155.00585678944));
#3288 = CARTESIAN_POINT('',(4.720013879527,155.01774521723));
#3289 = CARTESIAN_POINT('',(4.670260692754,155.00822984068));
#3290 = CARTESIAN_POINT('',(4.621155371572,154.97826875482));
#3291 = CARTESIAN_POINT('',(4.54456677735,154.90152707719));
#3292 = CARTESIAN_POINT('',(4.516283028731,154.86619098871));
#3293 = CARTESIAN_POINT('',(4.488553115907,154.82485782915));
#3294 = CARTESIAN_POINT('',(4.46140816103,154.77802615469));
#3295 = CARTESIAN_POINT('',(4.434882137392,154.72622301736));
#3296 = CARTESIAN_POINT('',(4.409012115451,154.67000627188));
#3297 = CARTESIAN_POINT('',(4.363634571999,154.56178022225));
#3298 = CARTESIAN_POINT('',(4.343850550802,154.51106296462));
#3299 = CARTESIAN_POINT('',(4.324476075849,154.45802776918));
#3300 = CARTESIAN_POINT('',(4.305501376693,154.40286810796));
#3301 = CARTESIAN_POINT('',(4.286916970854,154.34575822273));
#3302 = CARTESIAN_POINT('',(4.268713352827,154.28685308235));
#3303 = CARTESIAN_POINT('',(4.200594543451,154.05550252217));
#3304 = CARTESIAN_POINT('',(4.153172034995,153.87122719558));
#3305 = CARTESIAN_POINT('',(4.108398834542,153.6763732749));
#3306 = CARTESIAN_POINT('',(4.066090973895,153.47279258347));
#3307 = CARTESIAN_POINT('',(4.026090273423,153.26142040567));
#3308 = CARTESIAN_POINT('',(3.988292029916,153.04242364036));
#3309 = CARTESIAN_POINT('',(3.920027815463,152.60653925055));
#3310 = CARTESIAN_POINT('',(3.889295584745,152.39143217079));
#3311 = CARTESIAN_POINT('',(3.860537448871,152.16970255048));
#3312 = CARTESIAN_POINT('',(3.833918936749,151.94104874718));
#3313 = CARTESIAN_POINT('',(3.809755399332,151.70526383715));
#3314 = CARTESIAN_POINT('',(3.788512550218,151.46214757961));
#3315 = CARTESIAN_POINT('',(3.759201964479,151.04765258117));
#3316 = CARTESIAN_POINT('',(3.749070591607,150.88003265008));
#3317 = CARTESIAN_POINT('',(3.74064787708,150.70944655024));
#3318 = CARTESIAN_POINT('',(3.734139488032,150.5366871123));
#3319 = CARTESIAN_POINT('',(3.72969102631,150.3623289818));
#3320 = CARTESIAN_POINT('',(3.727392722826,150.18680065601));
#3321 = CARTESIAN_POINT('',(3.72716464624,149.82520490134));
#3322 = CARTESIAN_POINT('',(3.729462677536,149.64083661164));
#3323 = CARTESIAN_POINT('',(3.734135874613,149.45774664163));
#3324 = CARTESIAN_POINT('',(3.741081142147,149.27640824823));
#3325 = CARTESIAN_POINT('',(3.750129666329,149.09747005079));
#3326 = CARTESIAN_POINT('',(3.761041104537,148.92184496983));
#3327 = CARTESIAN_POINT('',(3.791669093345,148.50115487569));
#3328 = CARTESIAN_POINT('',(3.813272306129,148.25927028127));
#3329 = CARTESIAN_POINT('',(3.837736644027,148.02468497848));
#3330 = CARTESIAN_POINT('',(3.864610462242,147.79719551558));
#3331 = CARTESIAN_POINT('',(3.893593181628,147.57658444948));
#3332 = CARTESIAN_POINT('',(3.9245328748,147.36254538251));
#3333 = CARTESIAN_POINT('',(3.992823505828,146.93130062389));
#3334 = CARTESIAN_POINT('',(4.030386635706,146.71571274159));
#3335 = CARTESIAN_POINT('',(4.070103813398,146.5075922221));
#3336 = CARTESIAN_POINT('',(4.112081985713,146.30713152476));
#3337 = CARTESIAN_POINT('',(4.156477264552,146.11526776622));
#3338 = CARTESIAN_POINT('',(4.203469578118,145.93382096119));
#3339 = CARTESIAN_POINT('',(4.286135714706,145.65461489626));
#3340 = CARTESIAN_POINT('',(4.320335864132,145.5490057636));
#3341 = CARTESIAN_POINT('',(4.355880173691,145.44989602401));
#3342 = CARTESIAN_POINT('',(4.392784270512,145.35850353703));
#3343 = CARTESIAN_POINT('',(4.43106701893,145.27618070205));
#3344 = CARTESIAN_POINT('',(4.470751663528,145.20442974384));
#3345 = CARTESIAN_POINT('',(4.557854412704,145.0783651643));
#3346 = CARTESIAN_POINT('',(4.605803002365,145.02687573603));
#3347 = CARTESIAN_POINT('',(4.654988185112,144.99414321057));
#3348 = CARTESIAN_POINT('',(4.704764081225,144.98225478275));
#3349 = CARTESIAN_POINT('',(4.754517268017,144.9917701593));
#3350 = CARTESIAN_POINT('',(4.80362258922,145.02173124519));
#3351 = CARTESIAN_POINT('',(4.88021118342,145.09847292281));
#3352 = CARTESIAN_POINT('',(4.908494932039,145.13380901129));
#3353 = CARTESIAN_POINT('',(4.936224844862,145.17514217084));
#3354 = CARTESIAN_POINT('',(4.96336979974,145.2219738453));
#3355 = CARTESIAN_POINT('',(4.989895823377,145.27377698263));
#3356 = CARTESIAN_POINT('',(5.015765845318,145.32999372811));
#3357 = CARTESIAN_POINT('',(5.061143388772,145.43821977774));
#3358 = CARTESIAN_POINT('',(5.080927409967,145.48893703538));
#3359 = CARTESIAN_POINT('',(5.100301884919,145.54197223081));
#3360 = CARTESIAN_POINT('',(5.119276584076,145.59713189203));
#3361 = CARTESIAN_POINT('',(5.137860989915,145.65424177727));
#3362 = CARTESIAN_POINT('',(5.156064607944,145.71314691765));
#3363 = CARTESIAN_POINT('',(5.224183417319,145.94449747782));
#3364 = CARTESIAN_POINT('',(5.271605925774,146.12877280441));
#3365 = CARTESIAN_POINT('',(5.316379126228,146.32362672509));
#3366 = CARTESIAN_POINT('',(5.358686986874,146.52720741652));
#3367 = CARTESIAN_POINT('',(5.398687687346,146.73857959432));
#3368 = CARTESIAN_POINT('',(5.436485930853,146.95757635963));
#3369 = CARTESIAN_POINT('',(5.504750145306,147.39346074944));
#3370 = CARTESIAN_POINT('',(5.535482376024,147.6085678292));
#3371 = CARTESIAN_POINT('',(5.564240511899,147.83029744952));
#3372 = CARTESIAN_POINT('',(5.59085902402,148.05895125281));
#3373 = CARTESIAN_POINT('',(5.615022561438,148.29473616285));
#3374 = CARTESIAN_POINT('',(5.636265410552,148.53785242038));
#3375 = CARTESIAN_POINT('',(5.665673216721,148.95372225939));
#3376 = CARTESIAN_POINT('',(5.675878994192,149.12280543826));
#3377 = CARTESIAN_POINT('',(5.684344788102,149.29490420225));
#3378 = CARTESIAN_POINT('',(5.69085947929,149.46919905584));
#3379 = CARTESIAN_POINT('',(5.695274674421,149.64509691185));
#3380 = CARTESIAN_POINT('',(5.697499763722,149.8221547847));
#3381 = CARTESIAN_POINT('',(5.697499763722,150.));
#3382 = ( GEOMETRIC_REPRESENTATION_CONTEXT(2) 
PARAMETRIC_REPRESENTATION_CONTEXT() REPRESENTATION_CONTEXT('2D SPACE',''
  ) );
#3383 = PCURVE('',#3384,#3389);
#3384 = CYLINDRICAL_SURFACE('',#3385,5.);
#3385 = AXIS2_PLACEMENT_3D('',#3386,#3387,#3388);
#3386 = CARTESIAN_POINT('',(65.,-60.,545.));
#3387 = DIRECTION('',(0.,1.,0.));
#3388 = DIRECTION('',(0.,-0.,1.));
#3389 = DEFINITIONAL_REPRESENTATION('',(#3390),#3513);
#3390 = B_SPLINE_CURVE_WITH_KNOTS('',7,(#3391,#3392,#3393,#3394,#3395,
    #3396,#3397,#3398,#3399,#3400,#3401,#3402,#3403,#3404,#3405,#3406,
    #3407,#3408,#3409,#3410,#3411,#3412,#3413,#3414,#3415,#3416,#3417,
    #3418,#3419,#3420,#3421,#3422,#3423,#3424,#3425,#3426,#3427,#3428,
    #3429,#3430,#3431,#3432,#3433,#3434,#3435,#3436,#3437,#3438,#3439,
    #3440,#3441,#3442,#3443,#3444,#3445,#3446,#3447,#3448,#3449,#3450,
    #3451,#3452,#3453,#3454,#3455,#3456,#3457,#3458,#3459,#3460,#3461,
    #3462,#3463,#3464,#3465,#3466,#3467,#3468,#3469,#3470,#3471,#3472,
    #3473,#3474,#3475,#3476,#3477,#3478,#3479,#3480,#3481,#3482,#3483,
    #3484,#3485,#3486,#3487,#3488,#3489,#3490,#3491,#3492,#3493,#3494,
    #3495,#3496,#3497,#3498,#3499,#3500,#3501,#3502,#3503,#3504,#3505,
    #3506,#3507,#3508,#3509,#3510,#3511,#3512),.UNSPECIFIED.,.F.,.F.,(8,
    6,6,6,6,6,6,6,6,6,6,6,6,6,6,6,6,6,6,6,8),(0.,4.332777503636E-02,
    0.10707315675,0.175685493314,0.220972243251,0.271622817279,
    0.302163006717,0.326674077705,0.395792563936,0.459302067451,
    0.500703569718,0.544197938888,0.607675691128,0.675999964731,
    0.721096582164,0.771534504162,0.801946473284,0.826354636685,
    0.895182935003,0.958425799429,1.),.UNSPECIFIED.);
#3391 = CARTESIAN_POINT('',(0.,63.316624790355));
#3392 = CARTESIAN_POINT('',(3.674960264803E-02,63.316624790355));
#3393 = CARTESIAN_POINT('',(7.331689328984E-02,63.328501036662));
#3394 = CARTESIAN_POINT('',(0.109707978515,63.352043921145));
#3395 = CARTESIAN_POINT('',(0.145907774879,63.386623719648));
#3396 = CARTESIAN_POINT('',(0.181865006023,63.43118562747));
#3397 = CARTESIAN_POINT('',(0.217468699511,63.484273408861));
#3398 = CARTESIAN_POINT('',(0.304079302787,63.63207371247));
#3399 = CARTESIAN_POINT('',(0.354841025508,63.735298477529));
#3400 = CARTESIAN_POINT('',(0.40507449039,63.850034161864));
#3401 = CARTESIAN_POINT('',(0.454991204394,63.973034029116));
#3402 = CARTESIAN_POINT('',(0.504813570457,64.101812707013));
#3403 = CARTESIAN_POINT('',(0.554811103332,64.234538590906));
#3404 = CARTESIAN_POINT('',(0.659696387062,64.515321324632));
#3405 = CARTESIAN_POINT('',(0.714517190789,64.663376399842));
#3406 = CARTESIAN_POINT('',(0.77024222731,64.812195743404));
#3407 = CARTESIAN_POINT('',(0.82728026099,64.960254373542));
#3408 = CARTESIAN_POINT('',(0.886019100082,65.105730113656));
#3409 = CARTESIAN_POINT('',(0.946824978164,65.246242061127));
#3410 = CARTESIAN_POINT('',(1.051830505485,65.466048458828));
#3411 = CARTESIAN_POINT('',(1.0947872257,65.550206256941));
#3412 = CARTESIAN_POINT('',(1.138993589254,65.630016041922));
#3413 = CARTESIAN_POINT('',(1.184499828221,65.704262166522));
#3414 = CARTESIAN_POINT('',(1.231362917263,65.771617334336));
#3415 = CARTESIAN_POINT('',(1.279649862822,65.830640388557));
#3416 = CARTESIAN_POINT('',(1.385136275667,65.934735040649));
#3417 = CARTESIAN_POINT('',(1.442921160244,65.977530898856));
#3418 = CARTESIAN_POINT('',(1.501983652204,66.00487902008));
#3419 = CARTESIAN_POINT('',(1.561646865923,66.014825864878));
#3420 = CARTESIAN_POINT('',(1.621288899268,66.00684298196));
#3421 = CARTESIAN_POINT('',(1.680267287711,65.981843005822));
#3422 = CARTESIAN_POINT('',(1.772571998547,65.918167629393));
#3423 = CARTESIAN_POINT('',(1.806733546088,65.88889901455));
#3424 = CARTESIAN_POINT('',(1.840319654765,65.854747206849));
#3425 = CARTESIAN_POINT('',(1.873309049917,65.816178655058));
#3426 = CARTESIAN_POINT('',(1.905674782424,65.773689607212));
#3427 = CARTESIAN_POINT('',(1.937383582088,65.727803167719));
#3428 = CARTESIAN_POINT('',(1.993284651843,65.639950962184));
#3429 = CARTESIAN_POINT('',(2.017760313411,65.598944027329));
#3430 = CARTESIAN_POINT('',(2.041840365478,65.556253745145));
#3431 = CARTESIAN_POINT('',(2.065542002129,65.512073040509));
#3432 = CARTESIAN_POINT('',(2.088882001047,65.466579694198));
#3433 = CARTESIAN_POINT('',(2.111877282782,65.419936469167));
#3434 = CARTESIAN_POINT('',(2.198467229616,65.237936995973));
#3435 = CARTESIAN_POINT('',(2.259897407095,65.095384817168));
#3436 = CARTESIAN_POINT('',(2.319230711451,64.947865646979));
#3437 = CARTESIAN_POINT('',(2.376845347496,64.797825025535));
#3438 = CARTESIAN_POINT('',(2.433142128176,64.647134238337));
#3439 = CARTESIAN_POINT('',(2.488543157155,64.49737144403));
#3440 = CARTESIAN_POINT('',(2.594030423493,64.215296588024));
#3441 = CARTESIAN_POINT('',(2.644059771631,64.082884521981));
#3442 = CARTESIAN_POINT('',(2.693944141139,63.954610198111));
#3443 = CARTESIAN_POINT('',(2.743948751664,63.832363278439));
#3444 = CARTESIAN_POINT('',(2.794293085377,63.71870321218));
#3445 = CARTESIAN_POINT('',(2.845188400774,63.616949436045));
#3446 = CARTESIAN_POINT('',(2.930632345811,63.474761581954));
#3447 = CARTESIAN_POINT('',(2.964854254062,63.425062310951));
#3448 = CARTESIAN_POINT('',(2.999401450588,63.383359545704));
#3449 = CARTESIAN_POINT('',(3.03417417566,63.350927429676));
#3450 = CARTESIAN_POINT('',(3.069123710987,63.328688945324));
#3451 = CARTESIAN_POINT('',(3.104232443689,63.317197418017));
#3452 = CARTESIAN_POINT('',(3.176551752869,63.31605703758));
#3453 = CARTESIAN_POINT('',(3.213422079464,63.327547231213));
#3454 = CARTESIAN_POINT('',(3.250116804972,63.35091658687));
#3455 = CARTESIAN_POINT('',(3.286619969156,63.385533077981));
#3456 = CARTESIAN_POINT('',(3.322878659116,63.430321983014));
#3457 = CARTESIAN_POINT('',(3.35877826411,63.483790319756));
#3458 = CARTESIAN_POINT('',(3.445671956377,63.632073712471));
#3459 = CARTESIAN_POINT('',(3.496433679097,63.735298477529));
#3460 = CARTESIAN_POINT('',(3.54666714398,63.850034161865));
#3461 = CARTESIAN_POINT('',(3.596583857983,63.973034029115));
#3462 = CARTESIAN_POINT('',(3.646406224047,64.101812707014));
#3463 = CARTESIAN_POINT('',(3.696403756921,64.234538590906));
#3464 = CARTESIAN_POINT('',(3.801289040651,64.515321324631));
#3465 = CARTESIAN_POINT('',(3.856109844379,64.663376399843));
#3466 = CARTESIAN_POINT('',(3.9118348809,64.812195743404));
#3467 = CARTESIAN_POINT('',(3.968872914579,64.960254373541));
#3468 = CARTESIAN_POINT('',(4.027611753671,65.105730113656));
#3469 = CARTESIAN_POINT('',(4.088417631753,65.246242061128));
#3470 = CARTESIAN_POINT('',(4.193423159075,65.466048458828));
#3471 = CARTESIAN_POINT('',(4.23637987929,65.550206256941));
#3472 = CARTESIAN_POINT('',(4.280586242844,65.630016041922));
#3473 = CARTESIAN_POINT('',(4.326092481811,65.704262166522));
#3474 = CARTESIAN_POINT('',(4.372955570853,65.771617334336));
#3475 = CARTESIAN_POINT('',(4.421242516412,65.830640388556));
#3476 = CARTESIAN_POINT('',(4.526728929284,65.934735040676));
#3477 = CARTESIAN_POINT('',(4.584513813836,65.977530898844));
#3478 = CARTESIAN_POINT('',(4.643576305772,66.004879020064));
#3479 = CARTESIAN_POINT('',(4.703239519492,66.014825864887));
#3480 = CARTESIAN_POINT('',(4.762881552861,66.006842981973));
#3481 = CARTESIAN_POINT('',(4.821859941328,65.981843005803));
#3482 = CARTESIAN_POINT('',(4.914164652137,65.918167629393));
#3483 = CARTESIAN_POINT('',(4.948326199678,65.88889901455));
#3484 = CARTESIAN_POINT('',(4.981912308354,65.854747206849));
#3485 = CARTESIAN_POINT('',(5.014901703506,65.816178655058));
#3486 = CARTESIAN_POINT('',(5.047267436014,65.773689607212));
#3487 = CARTESIAN_POINT('',(5.078976235678,65.727803167719));
#3488 = CARTESIAN_POINT('',(5.134877305435,65.639950962181));
#3489 = CARTESIAN_POINT('',(5.159352967001,65.598944027328));
#3490 = CARTESIAN_POINT('',(5.183433019066,65.556253745147));
#3491 = CARTESIAN_POINT('',(5.207134655717,65.512073040512));
#3492 = CARTESIAN_POINT('',(5.230474654637,65.466579694198));
#3493 = CARTESIAN_POINT('',(5.253469936373,65.419936469164));
#3494 = CARTESIAN_POINT('',(5.340059883206,65.237936995973));
#3495 = CARTESIAN_POINT('',(5.401490060685,65.095384817168));
#3496 = CARTESIAN_POINT('',(5.460823365041,64.947865646979));
#3497 = CARTESIAN_POINT('',(5.518438001086,64.797825025536));
#3498 = CARTESIAN_POINT('',(5.574734781765,64.647134238337));
#3499 = CARTESIAN_POINT('',(5.630135810745,64.49737144403));
#3500 = CARTESIAN_POINT('',(5.735623077083,64.215296588024));
#3501 = CARTESIAN_POINT('',(5.78565242522,64.082884521982));
#3502 = CARTESIAN_POINT('',(5.83553679473,63.954610198109));
#3503 = CARTESIAN_POINT('',(5.885541405253,63.832363278441));
#3504 = CARTESIAN_POINT('',(5.935885738967,63.718703212179));
#3505 = CARTESIAN_POINT('',(5.986781054364,63.616949436045));
#3506 = CARTESIAN_POINT('',(6.072508408857,63.474289958337));
#3507 = CARTESIAN_POINT('',(6.107026356497,63.424220436627));
#3508 = CARTESIAN_POINT('',(6.141875195982,63.382296425608));
#3509 = CARTESIAN_POINT('',(6.176951494848,63.349825991414));
#3510 = CARTESIAN_POINT('',(6.212204737967,63.327750324798));
#3511 = CARTESIAN_POINT('',(6.247616264121,63.316624790355));
#3512 = CARTESIAN_POINT('',(6.28318530718,63.316624790355));
#3513 = ( GEOMETRIC_REPRESENTATION_CONTEXT(2) 
PARAMETRIC_REPRESENTATION_CONTEXT() REPRESENTATION_CONTEXT('2D SPACE',''
  ) );
#3514 = FACE_BOUND('',#3515,.T.);
#3515 = EDGE_LOOP('',(#3516));
#3516 = ORIENTED_EDGE('',*,*,#3517,.T.);
#3517 = EDGE_CURVE('',#3518,#3518,#3520,.T.);
#3518 = VERTEX_POINT('',#3519);
#3519 = CARTESIAN_POINT('',(65.,-3.316624790355,550.));
#3520 = SURFACE_CURVE('',#3521,(#3644,#3770),.PCURVE_S1.);
#3521 = B_SPLINE_CURVE_WITH_KNOTS('',7,(#3522,#3523,#3524,#3525,#3526,
    #3527,#3528,#3529,#3530,#3531,#3532,#3533,#3534,#3535,#3536,#3537,
    #3538,#3539,#3540,#3541,#3542,#3543,#3544,#3545,#3546,#3547,#3548,
    #3549,#3550,#3551,#3552,#3553,#3554,#3555,#3556,#3557,#3558,#3559,
    #3560,#3561,#3562,#3563,#3564,#3565,#3566,#3567,#3568,#3569,#3570,
    #3571,#3572,#3573,#3574,#3575,#3576,#3577,#3578,#3579,#3580,#3581,
    #3582,#3583,#3584,#3585,#3586,#3587,#3588,#3589,#3590,#3591,#3592,
    #3593,#3594,#3595,#3596,#3597,#3598,#3599,#3600,#3601,#3602,#3603,
    #3604,#3605,#3606,#3607,#3608,#3609,#3610,#3611,#3612,#3613,#3614,
    #3615,#3616,#3617,#3618,#3619,#3620,#3621,#3622,#3623,#3624,#3625,
    #3626,#3627,#3628,#3629,#3630,#3631,#3632,#3633,#3634,#3635,#3636,
    #3637,#3638,#3639,#3640,#3641,#3642,#3643),.UNSPECIFIED.,.T.,.F.,(8,
    6,6,6,6,6,6,6,6,6,6,6,6,6,6,6,6,6,6,6,8),(0.,4.332777451484E-02,
    0.107073155461,0.175685491201,0.220972240565,0.27162281427,
    0.302163003725,0.326674074729,0.39579256101,0.459302064572,
    0.500703566869,0.544197936052,0.60767568828,0.67599996187,
    0.721096579295,0.771534501258,0.801946470349,0.826354633728,
    0.895182932684,0.958425798509,1.),.UNSPECIFIED.);
#3522 = CARTESIAN_POINT('',(65.,-3.316624790355,550.));
#3523 = CARTESIAN_POINT('',(65.18374801324,-3.316624790355,550.));
#3524 = CARTESIAN_POINT('',(65.366584753462,-3.328501036662,
    549.99212197656));
#3525 = CARTESIAN_POINT('',(65.548133843009,-3.352043921146,
    549.9765060944));
#3526 = CARTESIAN_POINT('',(65.727936385829,-3.386623719648,
    549.9533117424));
#3527 = CARTESIAN_POINT('',(65.905362198227,-3.43118562747,
    549.92275404959));
#3528 = CARTESIAN_POINT('',(66.079525586895,-3.484273408862,
    549.88521572301));
#3529 = CARTESIAN_POINT('',(66.49884512431,-3.632073712471,
    549.77702126595));
#3530 = CARTESIAN_POINT('',(66.740729718728,-3.735298477529,
    549.69859199369));
#3531 = CARTESIAN_POINT('',(66.975315021517,-3.850034161864,
    549.60692429565));
#3532 = CARTESIAN_POINT('',(67.202804484414,-3.973034029116,
    549.50243902907));
#3533 = CARTESIAN_POINT('',(67.423415550519,-4.101812707015,
    549.38531599243));
#3534 = CARTESIAN_POINT('',(67.637454617489,-4.234538590906,
    549.25530555978));
#3535 = CARTESIAN_POINT('',(68.068699376106,-4.515321324633,
    548.95689137321));
#3536 = CARTESIAN_POINT('',(68.284287258406,-4.663376399842,
    548.78673770721));
#3537 = CARTESIAN_POINT('',(68.492407777896,-4.812195743404,
    548.6001546265));
#3538 = CARTESIAN_POINT('',(68.692868475237,-4.960254373542,
    548.39574956539));
#3539 = CARTESIAN_POINT('',(68.884732233777,-5.105730113656,
    548.17187273729));
#3540 = CARTESIAN_POINT('',(69.066179038806,-5.246242061127,
    547.92681013443));
#3541 = CARTESIAN_POINT('',(69.345385103662,-5.466048458774,
    547.4821777105));
#3542 = CARTESIAN_POINT('',(69.450994236409,-5.550206256947,
    547.29487567603));
#3543 = CARTESIAN_POINT('',(69.550103976041,-5.630016041969,
    547.09681561297));
#3544 = CARTESIAN_POINT('',(69.641496462998,-5.704262166548,
    546.88782202016));
#3545 = CARTESIAN_POINT('',(69.723819297922,-5.771617334316,
    546.66781410787));
#3546 = CARTESIAN_POINT('',(69.795570256118,-5.830640388524,
    546.4368343168));
#3547 = CARTESIAN_POINT('',(69.921634836123,-5.93473504103,
    545.92468950695));
#3548 = CARTESIAN_POINT('',(69.973124263468,-5.97753089843,
    545.6398152789));
#3549 = CARTESIAN_POINT('',(70.005856789254,-6.004879019917,
    545.34519662423));
#3550 = CARTESIAN_POINT('',(70.017745217625,-6.014825865202,
    545.04575438885));
#3551 = CARTESIAN_POINT('',(70.008229840877,-6.006842982125,
    544.74651934666));
#3552 = CARTESIAN_POINT('',(69.978268754495,-5.981843005545,
    544.4525166208));
#3553 = CARTESIAN_POINT('',(69.90152707719,-5.918167629393,
    543.99741805546));
#3554 = CARTESIAN_POINT('',(69.86619098871,-5.88889901455,543.8301575809
    ));
#3555 = CARTESIAN_POINT('',(69.824857829158,-5.854747206849,
    543.66717257629));
#3556 = CARTESIAN_POINT('',(69.778026154699,-5.816178655058,
    543.50878372336));
#3557 = CARTESIAN_POINT('',(69.726223017362,-5.773689607212,
    543.35528317015));
#3558 = CARTESIAN_POINT('',(69.670006271884,-5.727803167719,
    543.20693434342));
#3559 = CARTESIAN_POINT('',(69.561780222251,-5.639950962181,
    542.94923226315));
#3560 = CARTESIAN_POINT('',(69.511062964619,-5.598944027328,
    542.83779950588));
#3561 = CARTESIAN_POINT('',(69.458027769189,-5.556253745147,
    542.72962206371));
#3562 = CARTESIAN_POINT('',(69.402868107965,-5.512073040512,
    542.62464179339));
#3563 = CARTESIAN_POINT('',(69.34575822273,-5.466579694198,
    542.52279400037));
#3564 = CARTESIAN_POINT('',(69.286853082346,-5.419936469164,
    542.42400760517));
#3565 = CARTESIAN_POINT('',(69.055502522171,-5.237936995973,
    542.0580535225));
#3566 = CARTESIAN_POINT('',(68.871227195584,-5.095384817168,
    541.81116820231));
#3567 = CARTESIAN_POINT('',(68.676373274908,-4.947865646978,
    541.58589761405));
#3568 = CARTESIAN_POINT('',(68.472792583473,-4.797825025537,
    541.38047306624));
#3569 = CARTESIAN_POINT('',(68.261420405676,-4.647134238336,
    541.19320025197));
#3570 = CARTESIAN_POINT('',(68.042423640366,-4.49737144403,
    541.02266263542));
#3571 = CARTESIAN_POINT('',(67.606539250558,-4.215296588024,
    540.7256880865));
#3572 = CARTESIAN_POINT('',(67.391432170792,-4.082884521981,
    540.59714268706));
#3573 = CARTESIAN_POINT('',(67.169702550479,-3.95461019811,
    540.48147541285));
#3574 = CARTESIAN_POINT('',(66.941048747185,-3.83236327844,
    540.37847803714));
#3575 = CARTESIAN_POINT('',(66.705263837152,-3.718703212179,
    540.2883629421));
#3576 = CARTESIAN_POINT('',(66.462147579609,-3.616949436044,
    540.21157532463));
#3577 = CARTESIAN_POINT('',(66.047652581176,-3.474761581954,
    540.10808334496));
#3578 = CARTESIAN_POINT('',(65.880032650089,-3.425062310951,
    540.07306769762));
#3579 = CARTESIAN_POINT('',(65.709446550242,-3.383359545704,
    540.04451419269));
#3580 = CARTESIAN_POINT('',(65.536687112304,-3.350927429675,
    540.02276125836));
#3581 = CARTESIAN_POINT('',(65.362328981803,-3.328688945324,
    540.00800277761));
#3582 = CARTESIAN_POINT('',(65.186800656012,-3.317197418017,
    540.0003798409));
#3583 = CARTESIAN_POINT('',(64.825204901423,-3.31605703758,
    539.99962339267));
#3584 = CARTESIAN_POINT('',(64.640836611657,-3.327547231202,
    540.00724551953));
#3585 = CARTESIAN_POINT('',(64.45774664157,-3.350916586873,
    540.02273806299));
#3586 = CARTESIAN_POINT('',(64.276408248164,-3.385533078001,
    540.04594055447));
#3587 = CARTESIAN_POINT('',(64.097470050797,-3.430321983021,
    540.07663519025));
#3588 = CARTESIAN_POINT('',(63.921844969913,-3.483790319727,
    540.11443064059));
#3589 = CARTESIAN_POINT('',(63.501154875691,-3.632073712471,
    540.22297873404));
#3590 = CARTESIAN_POINT('',(63.259270281271,-3.735298477529,
    540.3014080063));
#3591 = CARTESIAN_POINT('',(63.024684978482,-3.850034161864,
    540.39307570434));
#3592 = CARTESIAN_POINT('',(62.797195515587,-3.973034029116,
    540.49756097092));
#3593 = CARTESIAN_POINT('',(62.576584449481,-4.101812707014,
    540.61468400756));
#3594 = CARTESIAN_POINT('',(62.36254538251,-4.234538590906,
    540.74469444021));
#3595 = CARTESIAN_POINT('',(61.931300623895,-4.515321324631,
    541.04310862678));
#3596 = CARTESIAN_POINT('',(61.715712741592,-4.663376399843,
    541.21326229278));
#3597 = CARTESIAN_POINT('',(61.507592222103,-4.812195743405,
    541.39984537349));
#3598 = CARTESIAN_POINT('',(61.307131524765,-4.960254373541,
    541.6042504346));
#3599 = CARTESIAN_POINT('',(61.115267766222,-5.105730113656,
    541.8281272627));
#3600 = CARTESIAN_POINT('',(60.933820961193,-5.246242061128,
    542.07318986556));
#3601 = CARTESIAN_POINT('',(60.654614896269,-5.466048458828,
    542.5178222896));
#3602 = CARTESIAN_POINT('',(60.5490057636,-5.550206256941,
    542.70512432396));
#3603 = CARTESIAN_POINT('',(60.449896024018,-5.630016041922,
    542.90318438692));
#3604 = CARTESIAN_POINT('',(60.358503537034,-5.704262166522,
    543.11217797973));
#3605 = CARTESIAN_POINT('',(60.276180702054,-5.771617334336,
    543.33218589214));
#3606 = CARTESIAN_POINT('',(60.204429743842,-5.830640388556,
    543.56316568335));
#3607 = CARTESIAN_POINT('',(60.078365164339,-5.934735040649,
    544.07531049117));
#3608 = CARTESIAN_POINT('',(60.026875736015,-5.977530898856,
    544.36018472576));
#3609 = CARTESIAN_POINT('',(59.994143210551,-6.00487902008,
    544.65480337284));
#3610 = CARTESIAN_POINT('',(59.982254782767,-6.014825864878,
    544.95424560829));
#3611 = CARTESIAN_POINT('',(59.99177015932,-6.00684298196,
    545.25348065809));
#3612 = CARTESIAN_POINT('',(60.021731245172,-5.981843005822,
    545.54748337721));
#3613 = CARTESIAN_POINT('',(60.098472922814,-5.91816762939,
    546.00258194455));
#3614 = CARTESIAN_POINT('',(60.133809011291,-5.888899014549,
    546.16984241909));
#3615 = CARTESIAN_POINT('',(60.175142170839,-5.854747206852,
    546.33282742368));
#3616 = CARTESIAN_POINT('',(60.221973845296,-5.816178655062,
    546.49121627662));
#3617 = CARTESIAN_POINT('',(60.273776982637,-5.773689607213,
    546.64471682985));
#3618 = CARTESIAN_POINT('',(60.329993728123,-5.727803167714,
    546.79306565658));
#3619 = CARTESIAN_POINT('',(60.438219777749,-5.639950962181,
    547.05076773685));
#3620 = CARTESIAN_POINT('',(60.488937035381,-5.598944027328,
    547.16220049411));
#3621 = CARTESIAN_POINT('',(60.541972230811,-5.556253745147,
    547.27037793628));
#3622 = CARTESIAN_POINT('',(60.597131892035,-5.512073040512,
    547.3753582066));
#3623 = CARTESIAN_POINT('',(60.65424177727,-5.466579694198,
    547.47720599962));
#3624 = CARTESIAN_POINT('',(60.713146917654,-5.419936469164,
    547.57599239482));
#3625 = CARTESIAN_POINT('',(60.944497479566,-5.237936994606,
    547.94194648023));
#3626 = CARTESIAN_POINT('',(61.12877280027,-5.095384820562,
    548.18883179046));
#3627 = CARTESIAN_POINT('',(61.323626727121,-4.947865644796,
    548.41410239268));
#3628 = CARTESIAN_POINT('',(61.527207421198,-4.797825022977,
    548.61952693387));
#3629 = CARTESIAN_POINT('',(61.738579587522,-4.647134242656,
    548.80679974408));
#3630 = CARTESIAN_POINT('',(61.957576362555,-4.49737144214,
    548.97733736656));
#3631 = CARTESIAN_POINT('',(62.393460749442,-4.215296588024,
    549.27431191349));
#3632 = CARTESIAN_POINT('',(62.608567829208,-4.082884521981,
    549.40285731294));
#3633 = CARTESIAN_POINT('',(62.830297449521,-3.95461019811,
    549.51852458714));
#3634 = CARTESIAN_POINT('',(63.058951252816,-3.83236327844,
    549.62152196286));
#3635 = CARTESIAN_POINT('',(63.294736162848,-3.718703212179,
    549.71163705789));
#3636 = CARTESIAN_POINT('',(63.537852420391,-3.616949436044,
    549.78842467536));
#3637 = CARTESIAN_POINT('',(63.953722259393,-3.474289958337,
    549.8922599281));
#3638 = CARTESIAN_POINT('',(64.122805438266,-3.424220436627,
    549.92752552398));
#3639 = CARTESIAN_POINT('',(64.294904202252,-3.382296425608,
    549.95621354514));
#3640 = CARTESIAN_POINT('',(64.469199055842,-3.349825991415,
    549.97797720326));
#3641 = CARTESIAN_POINT('',(64.645096911857,-3.327750324798,
    549.99261998526));
#3642 = CARTESIAN_POINT('',(64.822154784708,-3.316624790355,550.));
#3643 = CARTESIAN_POINT('',(65.,-3.316624790355,550.));
#3644 = PCURVE('',#509,#3645);
#3645 = DEFINITIONAL_REPRESENTATION('',(#3646),#3769);
#3646 = B_SPLINE_CURVE_WITH_KNOTS('',7,(#3647,#3648,#3649,#3650,#3651,
    #3652,#3653,#3654,#3655,#3656,#3657,#3658,#3659,#3660,#3661,#3662,
    #3663,#3664,#3665,#3666,#3667,#3668,#3669,#3670,#3671,#3672,#3673,
    #3674,#3675,#3676,#3677,#3678,#3679,#3680,#3681,#3682,#3683,#3684,
    #3685,#3686,#3687,#3688,#3689,#3690,#3691,#3692,#3693,#3694,#3695,
    #3696,#3697,#3698,#3699,#3700,#3701,#3702,#3703,#3704,#3705,#3706,
    #3707,#3708,#3709,#3710,#3711,#3712,#3713,#3714,#3715,#3716,#3717,
    #3718,#3719,#3720,#3721,#3722,#3723,#3724,#3725,#3726,#3727,#3728,
    #3729,#3730,#3731,#3732,#3733,#3734,#3735,#3736,#3737,#3738,#3739,
    #3740,#3741,#3742,#3743,#3744,#3745,#3746,#3747,#3748,#3749,#3750,
    #3751,#3752,#3753,#3754,#3755,#3756,#3757,#3758,#3759,#3760,#3761,
    #3762,#3763,#3764,#3765,#3766,#3767,#3768),.UNSPECIFIED.,.T.,.F.,(8,
    6,6,6,6,6,6,6,6,6,6,6,6,6,6,6,6,6,6,6,8),(0.,4.332777451484E-02,
    0.107073155461,0.175685491201,0.220972240565,0.27162281427,
    0.302163003725,0.326674074729,0.39579256101,0.459302064572,
    0.500703566869,0.544197936052,0.60767568828,0.67599996187,
    0.721096579295,0.771534501258,0.801946470349,0.826354633728,
    0.895182932684,0.958425798509,1.),.UNSPECIFIED.);
#3647 = CARTESIAN_POINT('',(0.585685543457,150.));
#3648 = CARTESIAN_POINT('',(0.585685543457,150.18374801324));
#3649 = CARTESIAN_POINT('',(0.588060770889,150.36658475346));
#3650 = CARTESIAN_POINT('',(0.592769424394,150.548133843));
#3651 = CARTESIAN_POINT('',(0.599708854356,150.72793638582));
#3652 = CARTESIAN_POINT('',(0.608713283785,150.90536219822));
#3653 = CARTESIAN_POINT('',(0.619548233178,151.07952558689));
#3654 = CARTESIAN_POINT('',(0.650076439755,151.49884512431));
#3655 = CARTESIAN_POINT('',(0.67167965254,151.74072971872));
#3656 = CARTESIAN_POINT('',(0.696143990437,151.97531502151));
#3657 = CARTESIAN_POINT('',(0.723017808653,152.20280448441));
#3658 = CARTESIAN_POINT('',(0.752000528038,152.42341555051));
#3659 = CARTESIAN_POINT('',(0.78294022121,152.63745461748));
#3660 = CARTESIAN_POINT('',(0.851230852238,153.0686993761));
#3661 = CARTESIAN_POINT('',(0.888793982116,153.2842872584));
#3662 = CARTESIAN_POINT('',(0.928511159809,153.49240777789));
#3663 = CARTESIAN_POINT('',(0.970489332124,153.69286847523));
#3664 = CARTESIAN_POINT('',(1.014884610962,153.88473223377));
#3665 = CARTESIAN_POINT('',(1.061876924528,154.0661790388));
#3666 = CARTESIAN_POINT('',(1.144543061096,154.34538510366));
#3667 = CARTESIAN_POINT('',(1.178743210542,154.4509942364));
#3668 = CARTESIAN_POINT('',(1.21428752012,154.55010397604));
#3669 = CARTESIAN_POINT('',(1.25119161694,154.64149646299));
#3670 = CARTESIAN_POINT('',(1.289474365336,154.72381929792));
#3671 = CARTESIAN_POINT('',(1.329159009911,154.79557025611));
#3672 = CARTESIAN_POINT('',(1.41626175941,154.92163483612));
#3673 = CARTESIAN_POINT('',(1.464210347985,154.97312426346));
#3674 = CARTESIAN_POINT('',(1.513395532031,155.00585678925));
#3675 = CARTESIAN_POINT('',(1.563171428134,155.01774521762));
#3676 = CARTESIAN_POINT('',(1.612924613624,155.00822984087));
#3677 = CARTESIAN_POINT('',(1.66202993594,154.97826875449));
#3678 = CARTESIAN_POINT('',(1.73861852983,154.90152707719));
#3679 = CARTESIAN_POINT('',(1.766902278449,154.86619098871));
#3680 = CARTESIAN_POINT('',(1.794632191272,154.82485782915));
#3681 = CARTESIAN_POINT('',(1.82177714615,154.77802615469));
#3682 = CARTESIAN_POINT('',(1.848303169788,154.72622301736));
#3683 = CARTESIAN_POINT('',(1.874173191728,154.67000627188));
#3684 = CARTESIAN_POINT('',(1.919550735183,154.56178022225));
#3685 = CARTESIAN_POINT('',(1.939334756378,154.51106296461));
#3686 = CARTESIAN_POINT('',(1.95870923133,154.45802776918));
#3687 = CARTESIAN_POINT('',(1.977683930486,154.40286810796));
#3688 = CARTESIAN_POINT('',(1.996268336325,154.34575822273));
#3689 = CARTESIAN_POINT('',(2.014471954354,154.28685308234));
#3690 = CARTESIAN_POINT('',(2.082590763729,154.05550252217));
#3691 = CARTESIAN_POINT('',(2.130013272184,153.87122719558));
#3692 = CARTESIAN_POINT('',(2.174786472638,153.6763732749));
#3693 = CARTESIAN_POINT('',(2.217094333284,153.47279258347));
#3694 = CARTESIAN_POINT('',(2.257095033757,153.26142040567));
#3695 = CARTESIAN_POINT('',(2.294893277263,153.04242364036));
#3696 = CARTESIAN_POINT('',(2.363157491717,152.60653925055));
#3697 = CARTESIAN_POINT('',(2.393889722435,152.39143217079));
#3698 = CARTESIAN_POINT('',(2.422647858309,152.16970255047));
#3699 = CARTESIAN_POINT('',(2.449266370431,151.94104874718));
#3700 = CARTESIAN_POINT('',(2.473429907848,151.70526383715));
#3701 = CARTESIAN_POINT('',(2.494672756962,151.4621475796));
#3702 = CARTESIAN_POINT('',(2.5239833427,151.04765258117));
#3703 = CARTESIAN_POINT('',(2.534114715572,150.88003265008));
#3704 = CARTESIAN_POINT('',(2.5425374301,150.70944655024));
#3705 = CARTESIAN_POINT('',(2.549045819147,150.5366871123));
#3706 = CARTESIAN_POINT('',(2.553494280869,150.3623289818));
#3707 = CARTESIAN_POINT('',(2.555792584353,150.18680065601));
#3708 = CARTESIAN_POINT('',(2.55602066094,149.82520490142));
#3709 = CARTESIAN_POINT('',(2.553722629646,149.64083661165));
#3710 = CARTESIAN_POINT('',(2.549049432566,149.45774664157));
#3711 = CARTESIAN_POINT('',(2.542104165029,149.27640824816));
#3712 = CARTESIAN_POINT('',(2.533055640849,149.09747005079));
#3713 = CARTESIAN_POINT('',(2.522144202649,148.92184496991));
#3714 = CARTESIAN_POINT('',(2.491516213835,148.50115487569));
#3715 = CARTESIAN_POINT('',(2.46991300105,148.25927028127));
#3716 = CARTESIAN_POINT('',(2.445448663153,148.02468497848));
#3717 = CARTESIAN_POINT('',(2.418574844937,147.79719551558));
#3718 = CARTESIAN_POINT('',(2.389592125552,147.57658444948));
#3719 = CARTESIAN_POINT('',(2.358652432379,147.36254538251));
#3720 = CARTESIAN_POINT('',(2.290361801352,146.93130062389));
#3721 = CARTESIAN_POINT('',(2.252798671473,146.71571274159));
#3722 = CARTESIAN_POINT('',(2.213081493781,146.5075922221));
#3723 = CARTESIAN_POINT('',(2.171103321466,146.30713152476));
#3724 = CARTESIAN_POINT('',(2.126708042627,146.11526776622));
#3725 = CARTESIAN_POINT('',(2.079715729061,145.93382096119));
#3726 = CARTESIAN_POINT('',(1.997049592474,145.65461489626));
#3727 = CARTESIAN_POINT('',(1.962849443048,145.5490057636));
#3728 = CARTESIAN_POINT('',(1.927305133489,145.44989602401));
#3729 = CARTESIAN_POINT('',(1.890401036668,145.35850353703));
#3730 = CARTESIAN_POINT('',(1.85211828825,145.27618070205));
#3731 = CARTESIAN_POINT('',(1.812433643652,145.20442974384));
#3732 = CARTESIAN_POINT('',(1.725330894498,145.07836516433));
#3733 = CARTESIAN_POINT('',(1.677382304816,145.02687573601));
#3734 = CARTESIAN_POINT('',(1.62819712205,144.99414321055));
#3735 = CARTESIAN_POINT('',(1.578421225937,144.98225478276));
#3736 = CARTESIAN_POINT('',(1.528668039164,144.99177015932));
#3737 = CARTESIAN_POINT('',(1.479562717982,145.02173124517));
#3738 = CARTESIAN_POINT('',(1.402974123756,145.09847292281));
#3739 = CARTESIAN_POINT('',(1.374690375141,145.13380901129));
#3740 = CARTESIAN_POINT('',(1.34696046232,145.17514217083));
#3741 = CARTESIAN_POINT('',(1.319815507442,145.22197384529));
#3742 = CARTESIAN_POINT('',(1.293289483802,145.27377698263));
#3743 = CARTESIAN_POINT('',(1.267419461859,145.32999372812));
#3744 = CARTESIAN_POINT('',(1.222041918407,145.43821977774));
#3745 = CARTESIAN_POINT('',(1.202257897212,145.48893703538));
#3746 = CARTESIAN_POINT('',(1.18288342226,145.54197223081));
#3747 = CARTESIAN_POINT('',(1.163908723104,145.59713189203));
#3748 = CARTESIAN_POINT('',(1.145324317264,145.65424177727));
#3749 = CARTESIAN_POINT('',(1.127120699236,145.71314691765));
#3750 = CARTESIAN_POINT('',(1.059001889349,145.94449747956));
#3751 = CARTESIAN_POINT('',(1.011579382728,146.12877280027));
#3752 = CARTESIAN_POINT('',(0.966806179813,146.32362672712));
#3753 = CARTESIAN_POINT('',(0.924498320043,146.52720742119));
#3754 = CARTESIAN_POINT('',(0.884497620793,146.73857958752));
#3755 = CARTESIAN_POINT('',(0.846699375869,146.95757636255));
#3756 = CARTESIAN_POINT('',(0.778435161873,147.39346074944));
#3757 = CARTESIAN_POINT('',(0.747702931155,147.6085678292));
#3758 = CARTESIAN_POINT('',(0.718944795281,147.83029744952));
#3759 = CARTESIAN_POINT('',(0.692326283159,148.05895125281));
#3760 = CARTESIAN_POINT('',(0.668162745742,148.29473616284));
#3761 = CARTESIAN_POINT('',(0.646919896628,148.53785242039));
#3762 = CARTESIAN_POINT('',(0.617512090458,148.95372225939));
#3763 = CARTESIAN_POINT('',(0.607306312988,149.12280543826));
#3764 = CARTESIAN_POINT('',(0.598840519078,149.29490420225));
#3765 = CARTESIAN_POINT('',(0.59232582789,149.46919905584));
#3766 = CARTESIAN_POINT('',(0.587910632759,149.64509691185));
#3767 = CARTESIAN_POINT('',(0.585685543457,149.8221547847));
#3768 = CARTESIAN_POINT('',(0.585685543457,150.));
#3769 = ( GEOMETRIC_REPRESENTATION_CONTEXT(2) 
PARAMETRIC_REPRESENTATION_CONTEXT() REPRESENTATION_CONTEXT('2D SPACE',''
  ) );
#3770 = PCURVE('',#2464,#3771);
#3771 = DEFINITIONAL_REPRESENTATION('',(#3772),#3895);
#3772 = B_SPLINE_CURVE_WITH_KNOTS('',7,(#3773,#3774,#3775,#3776,#3777,
    #3778,#3779,#3780,#3781,#3782,#3783,#3784,#3785,#3786,#3787,#3788,
    #3789,#3790,#3791,#3792,#3793,#3794,#3795,#3796,#3797,#3798,#3799,
    #3800,#3801,#3802,#3803,#3804,#3805,#3806,#3807,#3808,#3809,#3810,
    #3811,#3812,#3813,#3814,#3815,#3816,#3817,#3818,#3819,#3820,#3821,
    #3822,#3823,#3824,#3825,#3826,#3827,#3828,#3829,#3830,#3831,#3832,
    #3833,#3834,#3835,#3836,#3837,#3838,#3839,#3840,#3841,#3842,#3843,
    #3844,#3845,#3846,#3847,#3848,#3849,#3850,#3851,#3852,#3853,#3854,
    #3855,#3856,#3857,#3858,#3859,#3860,#3861,#3862,#3863,#3864,#3865,
    #3866,#3867,#3868,#3869,#3870,#3871,#3872,#3873,#3874,#3875,#3876,
    #3877,#3878,#3879,#3880,#3881,#3882,#3883,#3884,#3885,#3886,#3887,
    #3888,#3889,#3890,#3891,#3892,#3893,#3894),.UNSPECIFIED.,.F.,.F.,(8,
    6,6,6,6,6,6,6,6,6,6,6,6,6,6,6,6,6,6,6,8),(0.,4.332777451484E-02,
    0.107073155461,0.175685491201,0.220972240565,0.27162281427,
    0.302163003725,0.326674074729,0.39579256101,0.459302064572,
    0.500703566869,0.544197936052,0.60767568828,0.67599996187,
    0.721096579295,0.771534501258,0.801946470349,0.826354633728,
    0.895182932684,0.958425798509,1.),.UNSPECIFIED.);
#3773 = CARTESIAN_POINT('',(0.,56.683375209645));
#3774 = CARTESIAN_POINT('',(3.674960264806E-02,56.683375209645));
#3775 = CARTESIAN_POINT('',(7.331689328975E-02,56.671498963338));
#3776 = CARTESIAN_POINT('',(0.109707978515,56.647956078854));
#3777 = CARTESIAN_POINT('',(0.145907774879,56.613376280352));
#3778 = CARTESIAN_POINT('',(0.181865006023,56.56881437253));
#3779 = CARTESIAN_POINT('',(0.217468699511,56.515726591138));
#3780 = CARTESIAN_POINT('',(0.304079302787,56.367926287529));
#3781 = CARTESIAN_POINT('',(0.354841025507,56.264701522471));
#3782 = CARTESIAN_POINT('',(0.40507449039,56.149965838136));
#3783 = CARTESIAN_POINT('',(0.454991204393,56.026965970884));
#3784 = CARTESIAN_POINT('',(0.504813570457,55.898187292986));
#3785 = CARTESIAN_POINT('',(0.554811103332,55.765461409094));
#3786 = CARTESIAN_POINT('',(0.659696387062,55.484678675367));
#3787 = CARTESIAN_POINT('',(0.714517190789,55.336623600158));
#3788 = CARTESIAN_POINT('',(0.77024222731,55.187804256596));
#3789 = CARTESIAN_POINT('',(0.82728026099,55.039745626458));
#3790 = CARTESIAN_POINT('',(0.886019100082,54.894269886344));
#3791 = CARTESIAN_POINT('',(0.946824978164,54.753757938873));
#3792 = CARTESIAN_POINT('',(1.051830505459,54.533951541226));
#3793 = CARTESIAN_POINT('',(1.0947872257,54.449793743053));
#3794 = CARTESIAN_POINT('',(1.138993589278,54.369983958031));
#3795 = CARTESIAN_POINT('',(1.184499828243,54.295737833452));
#3796 = CARTESIAN_POINT('',(1.231362917258,54.228382665684));
#3797 = CARTESIAN_POINT('',(1.279649862789,54.169359611476));
#3798 = CARTESIAN_POINT('',(1.385136276054,54.06526495897));
#3799 = CARTESIAN_POINT('',(1.442921159291,54.02246910157));
#3800 = CARTESIAN_POINT('',(1.501983652796,53.995120980083));
#3801 = CARTESIAN_POINT('',(1.561646866504,53.985174134798));
#3802 = CARTESIAN_POINT('',(1.621288898302,53.993157017875));
#3803 = CARTESIAN_POINT('',(1.680267288112,54.018156994455));
#3804 = CARTESIAN_POINT('',(1.772571998547,54.081832370607));
#3805 = CARTESIAN_POINT('',(1.806733546088,54.11110098545));
#3806 = CARTESIAN_POINT('',(1.840319654765,54.145252793151));
#3807 = CARTESIAN_POINT('',(1.873309049917,54.183821344942));
#3808 = CARTESIAN_POINT('',(1.905674782424,54.226310392788));
#3809 = CARTESIAN_POINT('',(1.937383582088,54.272196832281));
#3810 = CARTESIAN_POINT('',(1.993284651845,54.360049037819));
#3811 = CARTESIAN_POINT('',(2.017760313412,54.401055972672));
#3812 = CARTESIAN_POINT('',(2.041840365476,54.443746254853));
#3813 = CARTESIAN_POINT('',(2.065542002128,54.487926959488));
#3814 = CARTESIAN_POINT('',(2.088882001048,54.533420305802));
#3815 = CARTESIAN_POINT('',(2.111877282783,54.580063530836));
#3816 = CARTESIAN_POINT('',(2.198467229616,54.762063004027));
#3817 = CARTESIAN_POINT('',(2.259897407095,54.904615182832));
#3818 = CARTESIAN_POINT('',(2.319230711452,55.052134353022));
#3819 = CARTESIAN_POINT('',(2.376845347495,55.202174974463));
#3820 = CARTESIAN_POINT('',(2.433142128176,55.352865761664));
#3821 = CARTESIAN_POINT('',(2.488543157155,55.50262855597));
#3822 = CARTESIAN_POINT('',(2.594030423493,55.784703411976));
#3823 = CARTESIAN_POINT('',(2.644059771631,55.917115478019));
#3824 = CARTESIAN_POINT('',(2.693944141139,56.04538980189));
#3825 = CARTESIAN_POINT('',(2.743948751663,56.16763672156));
#3826 = CARTESIAN_POINT('',(2.794293085377,56.281296787821));
#3827 = CARTESIAN_POINT('',(2.845188400775,56.383050563956));
#3828 = CARTESIAN_POINT('',(2.930632345811,56.525238418046));
#3829 = CARTESIAN_POINT('',(2.964854254062,56.574937689049));
#3830 = CARTESIAN_POINT('',(2.999401450588,56.616640454296));
#3831 = CARTESIAN_POINT('',(3.03417417566,56.649072570325));
#3832 = CARTESIAN_POINT('',(3.069123710987,56.671311054676));
#3833 = CARTESIAN_POINT('',(3.104232443689,56.682802581983));
#3834 = CARTESIAN_POINT('',(3.176551752853,56.68394296242));
#3835 = CARTESIAN_POINT('',(3.213422079461,56.672452768798));
#3836 = CARTESIAN_POINT('',(3.250116804985,56.649083413127));
#3837 = CARTESIAN_POINT('',(3.28661996917,56.614466921999));
#3838 = CARTESIAN_POINT('',(3.322878659115,56.569678016979));
#3839 = CARTESIAN_POINT('',(3.358778264093,56.516209680273));
#3840 = CARTESIAN_POINT('',(3.445671956377,56.367926287529));
#3841 = CARTESIAN_POINT('',(3.496433679097,56.264701522471));
#3842 = CARTESIAN_POINT('',(3.54666714398,56.149965838136));
#3843 = CARTESIAN_POINT('',(3.596583857983,56.026965970884));
#3844 = CARTESIAN_POINT('',(3.646406224047,55.898187292986));
#3845 = CARTESIAN_POINT('',(3.696403756921,55.765461409094));
#3846 = CARTESIAN_POINT('',(3.801289040651,55.484678675369));
#3847 = CARTESIAN_POINT('',(3.856109844379,55.336623600157));
#3848 = CARTESIAN_POINT('',(3.9118348809,55.187804256595));
#3849 = CARTESIAN_POINT('',(3.968872914579,55.039745626459));
#3850 = CARTESIAN_POINT('',(4.027611753671,54.894269886344));
#3851 = CARTESIAN_POINT('',(4.088417631753,54.753757938872));
#3852 = CARTESIAN_POINT('',(4.193423159075,54.533951541172));
#3853 = CARTESIAN_POINT('',(4.23637987929,54.449793743059));
#3854 = CARTESIAN_POINT('',(4.280586242844,54.369983958078));
#3855 = CARTESIAN_POINT('',(4.326092481811,54.295737833478));
#3856 = CARTESIAN_POINT('',(4.372955570853,54.228382665664));
#3857 = CARTESIAN_POINT('',(4.421242516412,54.169359611444));
#3858 = CARTESIAN_POINT('',(4.526728929257,54.065264959351));
#3859 = CARTESIAN_POINT('',(4.584513813834,54.022469101144));
#3860 = CARTESIAN_POINT('',(4.643576305793,53.99512097992));
#3861 = CARTESIAN_POINT('',(4.703239519512,53.985174135122));
#3862 = CARTESIAN_POINT('',(4.762881552858,53.99315701804));
#3863 = CARTESIAN_POINT('',(4.821859941301,54.018156994178));
#3864 = CARTESIAN_POINT('',(4.914164652141,54.08183237061));
#3865 = CARTESIAN_POINT('',(4.948326199678,54.111100985451));
#3866 = CARTESIAN_POINT('',(4.981912308351,54.145252793148));
#3867 = CARTESIAN_POINT('',(5.014901703503,54.183821344938));
#3868 = CARTESIAN_POINT('',(5.047267436014,54.226310392787));
#3869 = CARTESIAN_POINT('',(5.078976235682,54.272196832286));
#3870 = CARTESIAN_POINT('',(5.134877305435,54.360049037819));
#3871 = CARTESIAN_POINT('',(5.159352967001,54.401055972672));
#3872 = CARTESIAN_POINT('',(5.183433019066,54.443746254853));
#3873 = CARTESIAN_POINT('',(5.207134655717,54.487926959488));
#3874 = CARTESIAN_POINT('',(5.230474654637,54.533420305802));
#3875 = CARTESIAN_POINT('',(5.253469936373,54.580063530836));
#3876 = CARTESIAN_POINT('',(5.340059883856,54.762063005394));
#3877 = CARTESIAN_POINT('',(5.401490059042,54.904615179438));
#3878 = CARTESIAN_POINT('',(5.460823366312,55.052134355204));
#3879 = CARTESIAN_POINT('',(5.518438001763,55.202174977023));
#3880 = CARTESIAN_POINT('',(5.574734780226,55.352865757344));
#3881 = CARTESIAN_POINT('',(5.630135811452,55.50262855786));
#3882 = CARTESIAN_POINT('',(5.735623077083,55.784703411976));
#3883 = CARTESIAN_POINT('',(5.785652425221,55.917115478019));
#3884 = CARTESIAN_POINT('',(5.835536794728,56.04538980189));
#3885 = CARTESIAN_POINT('',(5.885541405254,56.16763672156));
#3886 = CARTESIAN_POINT('',(5.935885738966,56.281296787821));
#3887 = CARTESIAN_POINT('',(5.986781054364,56.383050563956));
#3888 = CARTESIAN_POINT('',(6.072508408857,56.525710041663));
#3889 = CARTESIAN_POINT('',(6.107026356497,56.575779563373));
#3890 = CARTESIAN_POINT('',(6.141875195982,56.617703574392));
#3891 = CARTESIAN_POINT('',(6.176951494848,56.650174008585));
#3892 = CARTESIAN_POINT('',(6.212204737967,56.672249675202));
#3893 = CARTESIAN_POINT('',(6.247616264121,56.683375209645));
#3894 = CARTESIAN_POINT('',(6.28318530718,56.683375209645));
#3895 = ( GEOMETRIC_REPRESENTATION_CONTEXT(2) 
PARAMETRIC_REPRESENTATION_CONTEXT() REPRESENTATION_CONTEXT('2D SPACE',''
  ) );
#3896 = ADVANCED_FACE('',(#3897),#601,.F.);
#3897 = FACE_BOUND('',#3898,.F.);
#3898 = EDGE_LOOP('',(#3899,#3900));
#3899 = ORIENTED_EDGE('',*,*,#586,.F.);
#3900 = ORIENTED_EDGE('',*,*,#3104,.T.);
#3901 = ADVANCED_FACE('',(#3902,#4182,#4370,#4752),#266,.T.);
#3902 = FACE_BOUND('',#3903,.T.);
#3903 = EDGE_LOOP('',(#3904,#3927,#3956,#4156,#4178,#4179,#4180,#4181));
#3904 = ORIENTED_EDGE('',*,*,#3905,.T.);
#3905 = EDGE_CURVE('',#1154,#3906,#3908,.T.);
#3906 = VERTEX_POINT('',#3907);
#3907 = CARTESIAN_POINT('',(215.,60.,551.));
#3908 = SEAM_CURVE('',#3909,(#3913,#3920),.PCURVE_S1.);
#3909 = LINE('',#3910,#3911);
#3910 = CARTESIAN_POINT('',(-85.,60.,551.));
#3911 = VECTOR('',#3912,1.);
#3912 = DIRECTION('',(1.,0.,0.));
#3913 = PCURVE('',#266,#3914);
#3914 = DEFINITIONAL_REPRESENTATION('',(#3915),#3919);
#3915 = LINE('',#3916,#3917);
#3916 = CARTESIAN_POINT('',(6.28318530718,-0.));
#3917 = VECTOR('',#3918,1.);
#3918 = DIRECTION('',(0.,1.));
#3919 = ( GEOMETRIC_REPRESENTATION_CONTEXT(2) 
PARAMETRIC_REPRESENTATION_CONTEXT() REPRESENTATION_CONTEXT('2D SPACE',''
  ) );
#3920 = PCURVE('',#266,#3921);
#3921 = DEFINITIONAL_REPRESENTATION('',(#3922),#3926);
#3922 = LINE('',#3923,#3924);
#3923 = CARTESIAN_POINT('',(0.,-0.));
#3924 = VECTOR('',#3925,1.);
#3925 = DIRECTION('',(0.,1.));
#3926 = ( GEOMETRIC_REPRESENTATION_CONTEXT(2) 
PARAMETRIC_REPRESENTATION_CONTEXT() REPRESENTATION_CONTEXT('2D SPACE',''
  ) );
#3927 = ORIENTED_EDGE('',*,*,#3928,.F.);
#3928 = EDGE_CURVE('',#3929,#3906,#3931,.T.);
#3929 = VERTEX_POINT('',#3930);
#3930 = CARTESIAN_POINT('',(215.,56.683375209645,540.));
#3931 = SURFACE_CURVE('',#3932,(#3937,#3944),.PCURVE_S1.);
#3932 = CIRCLE('',#3933,6.);
#3933 = AXIS2_PLACEMENT_3D('',#3934,#3935,#3936);
#3934 = CARTESIAN_POINT('',(215.,60.,545.));
#3935 = DIRECTION('',(1.,0.,0.));
#3936 = DIRECTION('',(-0.,0.,1.));
#3937 = PCURVE('',#266,#3938);
#3938 = DEFINITIONAL_REPRESENTATION('',(#3939),#3943);
#3939 = LINE('',#3940,#3941);
#3940 = CARTESIAN_POINT('',(0.,300.));
#3941 = VECTOR('',#3942,1.);
#3942 = DIRECTION('',(1.,0.));
#3943 = ( GEOMETRIC_REPRESENTATION_CONTEXT(2) 
PARAMETRIC_REPRESENTATION_CONTEXT() REPRESENTATION_CONTEXT('2D SPACE',''
  ) );
#3944 = PCURVE('',#3945,#3950);
#3945 = PLANE('',#3946);
#3946 = AXIS2_PLACEMENT_3D('',#3947,#3948,#3949);
#3947 = CARTESIAN_POINT('',(215.,60.,545.));
#3948 = DIRECTION('',(1.,0.,0.));
#3949 = DIRECTION('',(-0.,0.,1.));
#3950 = DEFINITIONAL_REPRESENTATION('',(#3951),#3955);
#3951 = CIRCLE('',#3952,6.);
#3952 = AXIS2_PLACEMENT_2D('',#3953,#3954);
#3953 = CARTESIAN_POINT('',(0.,0.));
#3954 = DIRECTION('',(1.,0.));
#3955 = ( GEOMETRIC_REPRESENTATION_CONTEXT(2) 
PARAMETRIC_REPRESENTATION_CONTEXT() REPRESENTATION_CONTEXT('2D SPACE',''
  ) );
#3956 = ORIENTED_EDGE('',*,*,#3957,.T.);
#3957 = EDGE_CURVE('',#3929,#3958,#3960,.T.);
#3958 = VERTEX_POINT('',#3959);
#3959 = CARTESIAN_POINT('',(215.,56.683375209645,550.));
#3960 = SURFACE_CURVE('',#3961,(#4024,#4090),.PCURVE_S1.);
#3961 = B_SPLINE_CURVE_WITH_KNOTS('',7,(#3962,#3963,#3964,#3965,#3966,
    #3967,#3968,#3969,#3970,#3971,#3972,#3973,#3974,#3975,#3976,#3977,
    #3978,#3979,#3980,#3981,#3982,#3983,#3984,#3985,#3986,#3987,#3988,
    #3989,#3990,#3991,#3992,#3993,#3994,#3995,#3996,#3997,#3998,#3999,
    #4000,#4001,#4002,#4003,#4004,#4005,#4006,#4007,#4008,#4009,#4010,
    #4011,#4012,#4013,#4014,#4015,#4016,#4017,#4018,#4019,#4020,#4021,
    #4022,#4023),.UNSPECIFIED.,.F.,.F.,(8,6,6,6,6,6,6,6,6,6,8),(0.,
    8.471833454812E-02,0.211787125218,0.348734055168,0.439061031642,
    0.543638937008,0.601319035429,0.65298938028,0.788001371493,
    0.914924910235,1.),.UNSPECIFIED.);
#3962 = CARTESIAN_POINT('',(215.00000060003,56.683375209645,540.));
#3963 = CARTESIAN_POINT('',(214.82007279761,56.683375242199,
    539.9999999784));
#3964 = CARTESIAN_POINT('',(214.64097844269,56.671987677362,
    540.00755382034));
#3965 = CARTESIAN_POINT('',(214.46309109758,56.649400317869,
    540.02253596781));
#3966 = CARTESIAN_POINT('',(214.28685833478,56.616194551956,
    540.04479815787));
#3967 = CARTESIAN_POINT('',(214.11288448459,56.573350495118,
    540.07413738425));
#3968 = CARTESIAN_POINT('',(213.94200946573,56.52222615652,
    540.11019510007));
#3969 = CARTESIAN_POINT('',(213.52546218176,56.377943274921,
    540.21542217597));
#3970 = CARTESIAN_POINT('',(213.2832930166,56.275922839807,
    540.29258950044));
#3971 = CARTESIAN_POINT('',(213.04841327522,56.162179364449,
    540.3829963546));
#3972 = CARTESIAN_POINT('',(212.8206229359,56.039986715997,
    540.48620781039));
#3973 = CARTESIAN_POINT('',(212.59971242925,55.911864871965,
    540.60202294719));
#3974 = CARTESIAN_POINT('',(212.38537972659,55.779674151003,
    540.73066090036));
#3975 = CARTESIAN_POINT('',(211.95322798682,55.499591304051,
    541.02621947789));
#3976 = CARTESIAN_POINT('',(211.73699376779,55.351640909096,
    541.19495526134));
#3977 = CARTESIAN_POINT('',(211.52819805272,55.202791687392,
    541.38005225022));
#3978 = CARTESIAN_POINT('',(211.32702028895,55.054580899767,
    541.5828682533));
#3979 = CARTESIAN_POINT('',(211.13436763803,54.908821106657,
    541.8050218036));
#3980 = CARTESIAN_POINT('',(210.95201304347,54.767863986668,
    542.0482030361));
#3981 = CARTESIAN_POINT('',(210.67107109665,54.547031885807,
    542.48930771432));
#3982 = CARTESIAN_POINT('',(210.56473145278,54.462408453939,
    542.6750353607));
#3983 = CARTESIAN_POINT('',(210.46476463315,54.382007361308,
    542.87144794259));
#3984 = CARTESIAN_POINT('',(210.37235586468,54.307017068532,
    543.07874985974));
#3985 = CARTESIAN_POINT('',(210.28883142253,54.238742785355,
    543.29705449148));
#3986 = CARTESIAN_POINT('',(210.21567401589,54.178609888765,
    543.52635523266));
#3987 = CARTESIAN_POINT('',(210.08376492489,54.06975808902,
    544.04452073266));
#3988 = CARTESIAN_POINT('',(210.02875181785,54.024043433198,
    544.33846957034));
#3989 = CARTESIAN_POINT('',(209.99370018819,53.994751982866,
    544.64313936669));
#3990 = CARTESIAN_POINT('',(209.98098022574,53.984106204539,
    544.95311581929));
#3991 = CARTESIAN_POINT('',(209.99122588355,53.992706076262,
    545.26285351046));
#3992 = CARTESIAN_POINT('',(210.02334571668,54.019508964947,
    545.56681185618));
#3993 = CARTESIAN_POINT('',(210.10264187059,54.08528371201,
    546.02115833164));
#3994 = CARTESIAN_POINT('',(210.13657661788,54.113383234442,
    546.17911415231));
#3995 = CARTESIAN_POINT('',(210.1758541783,54.14582939525,
    546.33321697959));
#3996 = CARTESIAN_POINT('',(210.22004945619,54.182224635674,
    546.48319362862));
#3997 = CARTESIAN_POINT('',(210.26871392773,54.222147111986,
    546.62879385607));
#3998 = CARTESIAN_POINT('',(210.32137387559,54.265152944956,
    546.76979050281));
#3999 = CARTESIAN_POINT('',(210.42783254608,54.351650219578,
    547.02797907298));
#4000 = CARTESIAN_POINT('',(210.48100654339,54.394677579317,
    547.1462799518));
#4001 = CARTESIAN_POINT('',(210.53679637852,54.43961229328,
    547.26094077738));
#4002 = CARTESIAN_POINT('',(210.59497161389,54.486225046175,
    547.37202853596));
#4003 = CARTESIAN_POINT('',(210.65532565723,54.534305304213,
    547.47961846922));
#4004 = CARTESIAN_POINT('',(210.71767580741,54.583661156652,
    547.58379384805));
#4005 = CARTESIAN_POINT('',(210.94958196452,54.765963354718,
    547.94816664232));
#4006 = CARTESIAN_POINT('',(211.13014406814,54.905567371212,
    548.18946537502));
#4007 = CARTESIAN_POINT('',(211.32084827428,55.049921523899,
    548.4100864678));
#4008 = CARTESIAN_POINT('',(211.51995870416,55.196729701421,
    548.61167784456));
#4009 = CARTESIAN_POINT('',(211.72657829066,55.344219809601,
    548.79582054031));
#4010 = CARTESIAN_POINT('',(211.94051743068,55.490892350499,
    548.96384732055));
#4011 = CARTESIAN_POINT('',(212.37067364359,55.770546833896,
    549.26036773534));
#4012 = CARTESIAN_POINT('',(212.58549355214,55.903501991042,
    549.39028688684));
#4013 = CARTESIAN_POINT('',(212.80692967322,56.03244136094,
    549.50726310246));
#4014 = CARTESIAN_POINT('',(213.03528993063,56.155505310443,
    549.61153593957));
#4015 = CARTESIAN_POINT('',(213.27078972852,56.270168947583,
    549.70291367226));
#4016 = CARTESIAN_POINT('',(213.51363179113,56.373138551985,
    549.78096445656));
#4017 = CARTESIAN_POINT('',(213.93228633439,56.519306523507,
    549.88774485849));
#4018 = CARTESIAN_POINT('',(214.10464733985,56.571313795941,
    549.92446742052));
#4019 = CARTESIAN_POINT('',(214.28018077731,56.614929760377,
    549.95435371453));
#4020 = CARTESIAN_POINT('',(214.45802587872,56.648752462172,
    549.9770343197));
#4021 = CARTESIAN_POINT('',(214.63756643554,56.671768531417,
    549.99230080312));
#4022 = CARTESIAN_POINT('',(214.81834951631,56.683375209645,550.));
#4023 = CARTESIAN_POINT('',(215.,56.683375209645,550.));
#4024 = PCURVE('',#266,#4025);
#4025 = DEFINITIONAL_REPRESENTATION('',(#4026),#4089);
#4026 = B_SPLINE_CURVE_WITH_KNOTS('',7,(#4027,#4028,#4029,#4030,#4031,
    #4032,#4033,#4034,#4035,#4036,#4037,#4038,#4039,#4040,#4041,#4042,
    #4043,#4044,#4045,#4046,#4047,#4048,#4049,#4050,#4051,#4052,#4053,
    #4054,#4055,#4056,#4057,#4058,#4059,#4060,#4061,#4062,#4063,#4064,
    #4065,#4066,#4067,#4068,#4069,#4070,#4071,#4072,#4073,#4074,#4075,
    #4076,#4077,#4078,#4079,#4080,#4081,#4082,#4083,#4084,#4085,#4086,
    #4087,#4088),.UNSPECIFIED.,.F.,.F.,(8,6,6,6,6,6,6,6,6,6,8),(0.,
    8.471833454812E-02,0.211787125218,0.348734055168,0.439061031642,
    0.543638937008,0.601319035429,0.65298938028,0.788001371493,
    0.914924910235,1.),.UNSPECIFIED.);
#4027 = CARTESIAN_POINT('',(2.555907110133,300.0000006));
#4028 = CARTESIAN_POINT('',(2.555907116643,299.82007279757));
#4029 = CARTESIAN_POINT('',(2.553629622542,299.64097844278));
#4030 = CARTESIAN_POINT('',(2.549112084522,299.46309109756));
#4031 = CARTESIAN_POINT('',(2.542449346734,299.28685833472));
#4032 = CARTESIAN_POINT('',(2.533795770561,299.11288448463));
#4033 = CARTESIAN_POINT('',(2.523370318842,298.94200946573));
#4034 = CARTESIAN_POINT('',(2.493607232353,298.52546218176));
#4035 = CARTESIAN_POINT('',(2.472290844668,298.2832930166));
#4036 = CARTESIAN_POINT('',(2.448086311581,298.04841327522));
#4037 = CARTESIAN_POINT('',(2.421451739812,297.8206229359));
#4038 = CARTESIAN_POINT('',(2.39269591359,297.59971242925));
#4039 = CARTESIAN_POINT('',(2.361979318471,297.38537972659));
#4040 = CARTESIAN_POINT('',(2.294114814186,296.95322798682));
#4041 = CARTESIAN_POINT('',(2.256740646718,296.73699376779));
#4042 = CARTESIAN_POINT('',(2.217212830685,296.52819805272));
#4043 = CARTESIAN_POINT('',(2.175432712277,296.32702028895));
#4044 = CARTESIAN_POINT('',(2.13125056842,296.13436763803));
#4045 = CARTESIAN_POINT('',(2.084491460217,295.95201304347));
#4046 = CARTESIAN_POINT('',(2.002275593622,295.67107109665));
#4047 = CARTESIAN_POINT('',(1.968282115823,295.56473145278));
#4048 = CARTESIAN_POINT('',(1.93295429508,295.46476463315));
#4049 = CARTESIAN_POINT('',(1.896272626175,295.37235586468));
#4050 = CARTESIAN_POINT('',(1.858214647075,295.28883142253));
#4051 = CARTESIAN_POINT('',(1.818753789267,295.21567401589));
#4052 = CARTESIAN_POINT('',(1.73050788919,295.08376492489));
#4053 = CARTESIAN_POINT('',(1.680996266308,295.02875181785));
#4054 = CARTESIAN_POINT('',(1.630126537625,294.99370018819));
#4055 = CARTESIAN_POINT('',(1.578609741289,294.98098022574));
#4056 = CARTESIAN_POINT('',(1.527119050466,294.99122588355));
#4057 = CARTESIAN_POINT('',(1.47634169802,295.02334571668));
#4058 = CARTESIAN_POINT('',(1.399827894416,295.10264187059));
#4059 = CARTESIAN_POINT('',(1.373102549723,295.13657661788));
#4060 = CARTESIAN_POINT('',(1.346876055711,295.1758541783));
#4061 = CARTESIAN_POINT('',(1.321175302149,295.22004945619));
#4062 = CARTESIAN_POINT('',(1.296029490347,295.26871392773));
#4063 = CARTESIAN_POINT('',(1.271470329505,295.32137387559));
#4064 = CARTESIAN_POINT('',(1.226088273492,295.42783254608));
#4065 = CARTESIAN_POINT('',(1.2051146792,295.48100654339));
#4066 = CARTESIAN_POINT('',(1.18459926568,295.53679637852));
#4067 = CARTESIAN_POINT('',(1.164530629545,295.59497161389));
#4068 = CARTESIAN_POINT('',(1.144897740652,295.65532565723));
#4069 = CARTESIAN_POINT('',(1.125689534223,295.71767580741));
#4070 = CARTESIAN_POINT('',(1.057784039307,295.94958196452));
#4071 = CARTESIAN_POINT('',(1.011407154047,296.13014406814));
#4072 = CARTESIAN_POINT('',(0.967564675351,296.32084827428));
#4073 = CARTESIAN_POINT('',(0.926085409883,296.51995870416));
#4074 = CARTESIAN_POINT('',(0.886822297323,296.72657829066));
#4075 = CARTESIAN_POINT('',(0.849676877889,296.94051743068));
#4076 = CARTESIAN_POINT('',(0.781744929411,297.37067364359));
#4077 = CARTESIAN_POINT('',(0.750788632977,297.58549355214));
#4078 = CARTESIAN_POINT('',(0.721802582252,297.80692967322));
#4079 = CARTESIAN_POINT('',(0.694943496259,298.03528993063));
#4080 = CARTESIAN_POINT('',(0.670518561322,298.27078972852));
#4081 = CARTESIAN_POINT('',(0.648987286412,298.51363179113));
#4082 = CARTESIAN_POINT('',(0.618817797533,298.93228633439));
#4083 = CARTESIAN_POINT('',(0.608208293438,299.10464733985));
#4084 = CARTESIAN_POINT('',(0.599397104195,299.28018077731));
#4085 = CARTESIAN_POINT('',(0.592610143569,299.45802587872));
#4086 = CARTESIAN_POINT('',(0.588006858925,299.63756643554));
#4087 = CARTESIAN_POINT('',(0.585685543457,299.81834951631));
#4088 = CARTESIAN_POINT('',(0.585685543457,300.));
#4089 = ( GEOMETRIC_REPRESENTATION_CONTEXT(2) 
PARAMETRIC_REPRESENTATION_CONTEXT() REPRESENTATION_CONTEXT('2D SPACE',''
  ) );
#4090 = PCURVE('',#1513,#4091);
#4091 = DEFINITIONAL_REPRESENTATION('',(#4092),#4155);
#4092 = B_SPLINE_CURVE_WITH_KNOTS('',7,(#4093,#4094,#4095,#4096,#4097,
    #4098,#4099,#4100,#4101,#4102,#4103,#4104,#4105,#4106,#4107,#4108,
    #4109,#4110,#4111,#4112,#4113,#4114,#4115,#4116,#4117,#4118,#4119,
    #4120,#4121,#4122,#4123,#4124,#4125,#4126,#4127,#4128,#4129,#4130,
    #4131,#4132,#4133,#4134,#4135,#4136,#4137,#4138,#4139,#4140,#4141,
    #4142,#4143,#4144,#4145,#4146,#4147,#4148,#4149,#4150,#4151,#4152,
    #4153,#4154),.UNSPECIFIED.,.F.,.F.,(8,6,6,6,6,6,6,6,6,6,8),(0.,
    8.471833454812E-02,0.211787125218,0.348734055168,0.439061031642,
    0.543638937008,0.601319035429,0.65298938028,0.788001371493,
    0.914924910235,1.),.UNSPECIFIED.);
#4093 = CARTESIAN_POINT('',(3.141592533576,116.68337520964));
#4094 = CARTESIAN_POINT('',(3.177578094061,116.68337524219));
#4095 = CARTESIAN_POINT('',(3.213396913469,116.67198767736));
#4096 = CARTESIAN_POINT('',(3.249050676688,116.64940031786));
#4097 = CARTESIAN_POINT('',(3.28452213582,116.61619455195));
#4098 = CARTESIAN_POINT('',(3.319760810007,116.57335049511));
#4099 = CARTESIAN_POINT('',(3.354661153908,116.52222615652));
#4100 = CARTESIAN_POINT('',(3.440587721927,116.37794327492));
#4101 = CARTESIAN_POINT('',(3.491326411724,116.2759228398));
#4102 = CARTESIAN_POINT('',(3.541523843744,116.16217936444));
#4103 = CARTESIAN_POINT('',(3.591389977807,116.03998671599));
#4104 = CARTESIAN_POINT('',(3.641143875298,115.91186487196));
#4105 = CARTESIAN_POINT('',(3.691050461481,115.779674151));
#4106 = CARTESIAN_POINT('',(3.795761492215,115.49959130405));
#4107 = CARTESIAN_POINT('',(3.850509222463,115.35164090909));
#4108 = CARTESIAN_POINT('',(3.906137982859,115.20279168739));
#4109 = CARTESIAN_POINT('',(3.96305182528,115.05458089976));
#4110 = CARTESIAN_POINT('',(4.021634609002,114.90882110665));
#4111 = CARTESIAN_POINT('',(4.082249272494,114.76786398666));
#4112 = CARTESIAN_POINT('',(4.186844055277,114.5470318858));
#4113 = CARTESIAN_POINT('',(4.229599786436,114.46240845393));
#4114 = CARTESIAN_POINT('',(4.273590501903,114.3820073613));
#4115 = CARTESIAN_POINT('',(4.318871064456,114.30701706853));
#4116 = CARTESIAN_POINT('',(4.365502351118,114.23874278535));
#4117 = CARTESIAN_POINT('',(4.413554661526,114.17860988876));
#4118 = CARTESIAN_POINT('',(4.520493053822,114.06975808902));
#4119 = CARTESIAN_POINT('',(4.580180154925,114.02404343319));
#4120 = CARTESIAN_POINT('',(4.641268470038,113.99475198286));
#4121 = CARTESIAN_POINT('',(4.703013161583,113.98410620453));
#4122 = CARTESIAN_POINT('',(4.764733609699,113.99270607626));
#4123 = CARTESIAN_POINT('',(4.825724566807,114.01950896494));
#4124 = CARTESIAN_POINT('',(4.917967420141,114.08528371201));
#4125 = CARTESIAN_POINT('',(4.950255057261,114.11338323444));
#4126 = CARTESIAN_POINT('',(4.982024838518,114.14582939525));
#4127 = CARTESIAN_POINT('',(5.013258022608,114.18222463567));
#4128 = CARTESIAN_POINT('',(5.043931268343,114.22214711198));
#4129 = CARTESIAN_POINT('',(5.074016126895,114.26515294495));
#4130 = CARTESIAN_POINT('',(5.129871220231,114.35165021957));
#4131 = CARTESIAN_POINT('',(5.155798869285,114.39467757931));
#4132 = CARTESIAN_POINT('',(5.181282904403,114.43961229328));
#4133 = CARTESIAN_POINT('',(5.20634346458,114.48622504617));
#4134 = CARTESIAN_POINT('',(5.231000136844,114.53430530421));
#4135 = CARTESIAN_POINT('',(5.255272688503,114.58366115665));
#4136 = CARTESIAN_POINT('',(5.341655093868,114.76596335471));
#4137 = CARTESIAN_POINT('',(5.401758148558,114.90556737121));
#4138 = CARTESIAN_POINT('',(5.45985970832,115.04992152389));
#4139 = CARTESIAN_POINT('',(5.51631382256,115.19672970142));
#4140 = CARTESIAN_POINT('',(5.571494681948,115.3442198096));
#4141 = CARTESIAN_POINT('',(5.625796289753,115.49089235049));
#4142 = CARTESIAN_POINT('',(5.730287193451,115.77054683389));
#4143 = CARTESIAN_POINT('',(5.780408206876,115.90350199104));
#4144 = CARTESIAN_POINT('',(5.830361658926,116.03244136094));
#4145 = CARTESIAN_POINT('',(5.8804177441,116.15550531044));
#4146 = CARTESIAN_POINT('',(5.930799353927,116.27016894758));
#4147 = CARTESIAN_POINT('',(5.981719088281,116.37313855198));
#4148 = CARTESIAN_POINT('',(6.068130587708,116.5193065235));
#4149 = CARTESIAN_POINT('',(6.103348520049,116.57131379594));
#4150 = CARTESIAN_POINT('',(6.138911682867,116.61492976037));
#4151 = CARTESIAN_POINT('',(6.174712025895,116.64875246217));
#4152 = CARTESIAN_POINT('',(6.210698648361,116.67176853141));
#4153 = CARTESIAN_POINT('',(6.246855210442,116.68337520964));
#4154 = CARTESIAN_POINT('',(6.28318530718,116.68337520964));
#4155 = ( GEOMETRIC_REPRESENTATION_CONTEXT(2) 
PARAMETRIC_REPRESENTATION_CONTEXT() REPRESENTATION_CONTEXT('2D SPACE',''
  ) );
#4156 = ORIENTED_EDGE('',*,*,#4157,.F.);
#4157 = EDGE_CURVE('',#3906,#3958,#4158,.T.);
#4158 = SURFACE_CURVE('',#4159,(#4164,#4171),.PCURVE_S1.);
#4159 = CIRCLE('',#4160,6.);
#4160 = AXIS2_PLACEMENT_3D('',#4161,#4162,#4163);
#4161 = CARTESIAN_POINT('',(215.,60.,545.));
#4162 = DIRECTION('',(1.,0.,0.));
#4163 = DIRECTION('',(-0.,0.,1.));
#4164 = PCURVE('',#266,#4165);
#4165 = DEFINITIONAL_REPRESENTATION('',(#4166),#4170);
#4166 = LINE('',#4167,#4168);
#4167 = CARTESIAN_POINT('',(0.,300.));
#4168 = VECTOR('',#4169,1.);
#4169 = DIRECTION('',(1.,0.));
#4170 = ( GEOMETRIC_REPRESENTATION_CONTEXT(2) 
PARAMETRIC_REPRESENTATION_CONTEXT() REPRESENTATION_CONTEXT('2D SPACE',''
  ) );
#4171 = PCURVE('',#3945,#4172);
#4172 = DEFINITIONAL_REPRESENTATION('',(#4173),#4177);
#4173 = CIRCLE('',#4174,6.);
#4174 = AXIS2_PLACEMENT_2D('',#4175,#4176);
#4175 = CARTESIAN_POINT('',(0.,0.));
#4176 = DIRECTION('',(1.,0.));
#4177 = ( GEOMETRIC_REPRESENTATION_CONTEXT(2) 
PARAMETRIC_REPRESENTATION_CONTEXT() REPRESENTATION_CONTEXT('2D SPACE',''
  ) );
#4178 = ORIENTED_EDGE('',*,*,#3905,.F.);
#4179 = ORIENTED_EDGE('',*,*,#1177,.T.);
#4180 = ORIENTED_EDGE('',*,*,#128,.T.);
#4181 = ORIENTED_EDGE('',*,*,#1153,.T.);
#4182 = FACE_BOUND('',#4183,.T.);
#4183 = EDGE_LOOP('',(#4184,#4337));
#4184 = ORIENTED_EDGE('',*,*,#4185,.F.);
#4185 = EDGE_CURVE('',#4186,#4188,#4190,.T.);
#4186 = VERTEX_POINT('',#4187);
#4187 = CARTESIAN_POINT('',(-76.25171831191,64.555356759308,
    541.09503843867));
#4188 = VERTEX_POINT('',#4189);
#4189 = CARTESIAN_POINT('',(-75.95198719822,55.655848457548,
    540.86135923566));
#4190 = SURFACE_CURVE('',#4191,(#4236,#4284),.PCURVE_S1.);
#4191 = B_SPLINE_CURVE_WITH_KNOTS('',7,(#4192,#4193,#4194,#4195,#4196,
    #4197,#4198,#4199,#4200,#4201,#4202,#4203,#4204,#4205,#4206,#4207,
    #4208,#4209,#4210,#4211,#4212,#4213,#4214,#4215,#4216,#4217,#4218,
    #4219,#4220,#4221,#4222,#4223,#4224,#4225,#4226,#4227,#4228,#4229,
    #4230,#4231,#4232,#4233,#4234,#4235),.UNSPECIFIED.,.F.,.F.,(8,6,6,6,
    6,6,6,8),(0.,0.309909309026,0.403880595709,0.465535488272,
    0.567219955841,0.658172511385,0.915257230597,1.),.UNSPECIFIED.);
#4192 = CARTESIAN_POINT('',(-76.25171894668,64.555357167394,
    541.09503891384));
#4193 = CARTESIAN_POINT('',(-75.933914119,64.35112837192,540.8567945148)
  );
#4194 = CARTESIAN_POINT('',(-75.62614904214,64.126072879875,
    540.62367439289));
#4195 = CARTESIAN_POINT('',(-75.32441367941,63.875357200335,
    540.39329827139));
#4196 = CARTESIAN_POINT('',(-75.0282313341,63.592957758787,
    540.1654431485));
#4197 = CARTESIAN_POINT('',(-74.74114645354,63.272507527043,
    539.94294032243));
#4198 = CARTESIAN_POINT('',(-74.47104723641,62.907713750269,
    539.731928374));
#4199 = CARTESIAN_POINT('',(-74.15820886896,62.36791966922,
    539.48529026202));
#4200 = CARTESIAN_POINT('',(-74.08790210489,62.237297950739,
    539.42968364121));
#4201 = CARTESIAN_POINT('',(-74.02047655943,62.101437630025,
    539.37616754666));
#4202 = CARTESIAN_POINT('',(-73.95639822707,61.960150021649,
    539.32510618882));
#4203 = CARTESIAN_POINT('',(-73.89619935393,61.813269700236,
    539.27691680823));
#4204 = CARTESIAN_POINT('',(-73.84047827372,61.66065515415,
    539.23207011556));
#4205 = CARTESIAN_POINT('',(-73.75671416385,61.398219524775,
    539.16420401322));
#4206 = CARTESIAN_POINT('',(-73.7257328324,61.291699805273,
    539.13897410144));
#4207 = CARTESIAN_POINT('',(-73.69720831202,61.182791186201,
    539.11560218521));
#4208 = CARTESIAN_POINT('',(-73.67137221808,61.071657832153,
    539.09427344942));
#4209 = CARTESIAN_POINT('',(-73.64843471876,60.958467166781,
    539.07515707484));
#4210 = CARTESIAN_POINT('',(-73.62858453505,60.843389872788,
    539.05840623812));
#4211 = CARTESIAN_POINT('',(-73.58461862007,60.533983758376,
    539.02065935807));
#4212 = CARTESIAN_POINT('',(-73.56613161496,60.3369244836,
    539.00399428902));
#4213 = CARTESIAN_POINT('',(-73.55739768268,60.137308679809,
    538.99488336774));
#4214 = CARTESIAN_POINT('',(-73.55879723774,59.937029875915,
    538.99367079454));
#4215 = CARTESIAN_POINT('',(-73.5702233446,59.737993423645,
    539.00032180416));
#4216 = CARTESIAN_POINT('',(-73.59108371036,59.542121403655,
    539.01441996292));
#4217 = CARTESIAN_POINT('',(-73.64643783644,59.180727128771,
    539.05371956693));
#4218 = CARTESIAN_POINT('',(-73.67924041388,59.014313018064,
    539.07757796828));
#4219 = CARTESIAN_POINT('',(-73.71809288636,58.85238835856,
    539.10627311407));
#4220 = CARTESIAN_POINT('',(-73.76236206269,58.695205689733,
    539.13932339051));
#4221 = CARTESIAN_POINT('',(-73.81139909401,58.542997100689,
    539.17623205643));
#4222 = CARTESIAN_POINT('',(-73.86453948381,58.395974399378,
    539.21648717363));
#4223 = CARTESIAN_POINT('',(-74.08098470643,57.853957955681,
    539.38131469346));
#4224 = CARTESIAN_POINT('',(-74.26993317339,57.492253513183,
    539.52689962842));
#4225 = CARTESIAN_POINT('',(-74.47715405708,57.166470186051,
    539.68795213442));
#4226 = CARTESIAN_POINT('',(-74.69546754894,56.872563842512,
    539.85884279427));
#4227 = CARTESIAN_POINT('',(-74.92088343749,56.605865023474,
    540.03643769313));
#4228 = CARTESIAN_POINT('',(-75.1522933807,56.361568518871,
    540.21989221437));
#4229 = CARTESIAN_POINT('',(-75.46987638951,56.060526898017,
    540.47340398817));
#4230 = CARTESIAN_POINT('',(-75.54916301052,55.988079765859,
    540.53683288745));
#4231 = CARTESIAN_POINT('',(-75.62893711618,55.91773669748,
    540.60079405488));
#4232 = CARTESIAN_POINT('',(-75.70914375816,55.849418786786,
    540.66524960203));
#4233 = CARTESIAN_POINT('',(-75.7897398782,55.783048532789,
    540.73017204446));
#4234 = CARTESIAN_POINT('',(-75.87069430813,55.718549839607,
    540.79554430177));
#4235 = CARTESIAN_POINT('',(-75.95198776985,55.655848016464,
    540.86135969752));
#4236 = PCURVE('',#266,#4237);
#4237 = DEFINITIONAL_REPRESENTATION('',(#4238),#4283);
#4238 = B_SPLINE_CURVE_WITH_KNOTS('',7,(#4239,#4240,#4241,#4242,#4243,
    #4244,#4245,#4246,#4247,#4248,#4249,#4250,#4251,#4252,#4253,#4254,
    #4255,#4256,#4257,#4258,#4259,#4260,#4261,#4262,#4263,#4264,#4265,
    #4266,#4267,#4268,#4269,#4270,#4271,#4272,#4273,#4274,#4275,#4276,
    #4277,#4278,#4279,#4280,#4281,#4282),.UNSPECIFIED.,.F.,.F.,(8,6,6,6,
    6,6,6,8),(0.,0.309909309026,0.403880595709,0.465535488272,
    0.567219955841,0.658172511385,0.915257230597,1.),.UNSPECIFIED.);
#4239 = CARTESIAN_POINT('',(4.003715985179,8.748281053102));
#4240 = CARTESIAN_POINT('',(3.95141615658,9.066085880782));
#4241 = CARTESIAN_POINT('',(3.897505705391,9.37385095903));
#4242 = CARTESIAN_POINT('',(3.840925063478,9.675586318841));
#4243 = CARTESIAN_POINT('',(3.780695685512,9.971768667163));
#4244 = CARTESIAN_POINT('',(3.715992857963,10.258853546058));
#4245 = CARTESIAN_POINT('',(3.646077222738,10.528952763583));
#4246 = CARTESIAN_POINT('',(3.547165364077,10.841791131034));
#4247 = CARTESIAN_POINT('',(3.523512586702,10.912097895108));
#4248 = CARTESIAN_POINT('',(3.499190493167,10.979523440565));
#4249 = CARTESIAN_POINT('',(3.474170935681,11.043601772924));
#4250 = CARTESIAN_POINT('',(3.448426606883,11.103800646069));
#4251 = CARTESIAN_POINT('',(3.421929571986,11.159521726274));
#4252 = CARTESIAN_POINT('',(3.376751446929,11.243285836142));
#4253 = CARTESIAN_POINT('',(3.358510898518,11.274267167591));
#4254 = CARTESIAN_POINT('',(3.339952898475,11.30279168798));
#4255 = CARTESIAN_POINT('',(3.321100742761,11.328627781919));
#4256 = CARTESIAN_POINT('',(3.301976280514,11.351565281231));
#4257 = CARTESIAN_POINT('',(3.282599914047,11.371415464947));
#4258 = CARTESIAN_POINT('',(3.230649892502,11.415381379922));
#4259 = CARTESIAN_POINT('',(3.197712023173,11.433868385031));
#4260 = CARTESIAN_POINT('',(3.164448494986,11.44260231732));
#4261 = CARTESIAN_POINT('',(3.131114871309,11.441202762258));
#4262 = CARTESIAN_POINT('',(3.097963343016,11.429776655393));
#4263 = CARTESIAN_POINT('',(3.065255296752,11.408916289635));
#4264 = CARTESIAN_POINT('',(3.004667829953,11.353562163554));
#4265 = CARTESIAN_POINT('',(2.976664819033,11.320759586111));
#4266 = CARTESIAN_POINT('',(2.949280287079,11.281907113636));
#4267 = CARTESIAN_POINT('',(2.922533760595,11.237637937305));
#4268 = CARTESIAN_POINT('',(2.896448821782,11.188600905987));
#4269 = CARTESIAN_POINT('',(2.871053074375,11.135460516189));
#4270 = CARTESIAN_POINT('',(2.776632335049,10.919015293565));
#4271 = CARTESIAN_POINT('',(2.711896610018,10.730066826607));
#4272 = CARTESIAN_POINT('',(2.651584710428,10.522845942916));
#4273 = CARTESIAN_POINT('',(2.595127971208,10.30453245106));
#4274 = CARTESIAN_POINT('',(2.541865746125,10.07911656251));
#4275 = CARTESIAN_POINT('',(2.491026668858,9.847706619291));
#4276 = CARTESIAN_POINT('',(2.425432318462,9.530123610481));
#4277 = CARTESIAN_POINT('',(2.409386827821,9.450836989578));
#4278 = CARTESIAN_POINT('',(2.3935455223,9.371062883971));
#4279 = CARTESIAN_POINT('',(2.377896172754,9.29085624192));
#4280 = CARTESIAN_POINT('',(2.362426201316,9.210260121695));
#4281 = CARTESIAN_POINT('',(2.347122681392,9.129305691575));
#4282 = CARTESIAN_POINT('',(2.331972337663,9.048012229854));
#4283 = ( GEOMETRIC_REPRESENTATION_CONTEXT(2) 
PARAMETRIC_REPRESENTATION_CONTEXT() REPRESENTATION_CONTEXT('2D SPACE',''
  ) );
#4284 = PCURVE('',#4285,#4290);
#4285 = CYLINDRICAL_SURFACE('',#4286,6.);
#4286 = AXIS2_PLACEMENT_3D('',#4287,#4288,#4289);
#4287 = CARTESIAN_POINT('',(-80.,60.,540.));
#4288 = DIRECTION('',(0.242398492127,3.362301664985E-02,-0.969593968507)
  );
#4289 = DIRECTION('',(-0.970142500145,0.,-0.242535625036));
#4290 = DEFINITIONAL_REPRESENTATION('',(#4291),#4336);
#4291 = B_SPLINE_CURVE_WITH_KNOTS('',7,(#4292,#4293,#4294,#4295,#4296,
    #4297,#4298,#4299,#4300,#4301,#4302,#4303,#4304,#4305,#4306,#4307,
    #4308,#4309,#4310,#4311,#4312,#4313,#4314,#4315,#4316,#4317,#4318,
    #4319,#4320,#4321,#4322,#4323,#4324,#4325,#4326,#4327,#4328,#4329,
    #4330,#4331,#4332,#4333,#4334,#4335),.UNSPECIFIED.,.F.,.F.,(8,6,6,6,
    6,6,6,8),(0.,0.309909309026,0.403880595709,0.465535488272,
    0.567219955841,0.658172511385,0.915257230597,1.),.UNSPECIFIED.);
#4292 = CARTESIAN_POINT('',(2.278809102696,-6.E-07));
#4293 = CARTESIAN_POINT('',(2.333775497357,0.30116835517));
#4294 = CARTESIAN_POINT('',(2.389895144288,0.594234959609));
#4295 = CARTESIAN_POINT('',(2.448394385466,0.882316649022));
#4296 = CARTESIAN_POINT('',(2.510301010739,1.165542622227));
#4297 = CARTESIAN_POINT('',(2.576469428264,1.440094465899));
#4298 = CARTESIAN_POINT('',(2.647645073276,1.697896552466));
#4299 = CARTESIAN_POINT('',(2.747918757666,1.994717421421));
#4300 = CARTESIAN_POINT('',(2.771869838417,2.061283622948));
#4301 = CARTESIAN_POINT('',(2.796471124693,2.124948322163));
#4302 = CARTESIAN_POINT('',(2.821750018074,2.185239082285));
#4303 = CARTESIAN_POINT('',(2.847732868863,2.241616771634));
#4304 = CARTESIAN_POINT('',(2.874446422594,2.293475198752));
#4305 = CARTESIAN_POINT('',(2.919944296334,2.370758178639));
#4306 = CARTESIAN_POINT('',(2.938301452156,2.399149262653));
#4307 = CARTESIAN_POINT('',(2.956965356831,2.425062996078));
#4308 = CARTESIAN_POINT('',(2.975912138761,2.448269201257));
#4309 = CARTESIAN_POINT('',(2.995119431933,2.468558526375));
#4310 = CARTESIAN_POINT('',(3.014566375915,2.485742445455));
#4311 = CARTESIAN_POINT('',(3.066669854712,2.522595697231));
#4312 = CARTESIAN_POINT('',(3.09966867097,2.536609542558));
#4313 = CARTESIAN_POINT('',(3.132956367902,2.540848843404));
#4314 = CARTESIAN_POINT('',(3.166276392742,2.534951319468));
#4315 = CARTESIAN_POINT('',(3.199376818889,2.519040663636));
#4316 = CARTESIAN_POINT('',(3.2319978281,2.49372884454));
#4317 = CARTESIAN_POINT('',(3.292357867101,2.430055263104));
#4318 = CARTESIAN_POINT('',(3.320227193847,2.39337566133));
#4319 = CARTESIAN_POINT('',(3.347453283005,2.350690844787));
#4320 = CARTESIAN_POINT('',(3.374018032687,2.302629759007));
#4321 = CARTESIAN_POINT('',(3.399899275154,2.249839124772));
#4322 = CARTESIAN_POINT('',(3.425070922931,2.19298350884));
#4323 = CARTESIAN_POINT('',(3.518562672168,1.962477516266));
#4324 = CARTESIAN_POINT('',(3.582455643222,1.763356823451));
#4325 = CARTESIAN_POINT('',(3.64178635116,1.546017437044));
#4326 = CARTESIAN_POINT('',(3.697129497035,1.317522004866));
#4327 = CARTESIAN_POINT('',(3.749141684688,1.081719371774));
#4328 = CARTESIAN_POINT('',(3.79857730153,0.839535567741));
#4329 = CARTESIAN_POINT('',(3.86202591066,0.50662851103));
#4330 = CARTESIAN_POINT('',(3.877518282551,0.423473383911));
#4331 = CARTESIAN_POINT('',(3.892784322417,0.339754752465));
#4332 = CARTESIAN_POINT('',(3.907835039039,0.255520019705));
#4333 = CARTESIAN_POINT('',(3.922681550429,0.170803665734));
#4334 = CARTESIAN_POINT('',(3.937335083826,8.562724774029E-02));
#4335 = CARTESIAN_POINT('',(3.951806975695,-6.E-07));
#4336 = ( GEOMETRIC_REPRESENTATION_CONTEXT(2) 
PARAMETRIC_REPRESENTATION_CONTEXT() REPRESENTATION_CONTEXT('2D SPACE',''
  ) );
#4337 = ORIENTED_EDGE('',*,*,#4338,.F.);
#4338 = EDGE_CURVE('',#4188,#4186,#4339,.T.);
#4339 = SURFACE_CURVE('',#4340,(#4345,#4358),.PCURVE_S1.);
#4340 = ELLIPSE('',#4341,24.7526292237,6.);
#4341 = AXIS2_PLACEMENT_3D('',#4342,#4343,#4344);
#4342 = CARTESIAN_POINT('',(-60.,60.,545.));
#4343 = DIRECTION('',(0.242398492127,3.362301664985E-02,-0.969593968507)
  );
#4344 = DIRECTION('',(0.970176773075,-8.400704658025E-03,0.24225287851)
  );
#4345 = PCURVE('',#266,#4346);
#4346 = DEFINITIONAL_REPRESENTATION('',(#4347),#4357);
#4347 = B_SPLINE_CURVE_WITH_KNOTS('',8,(#4348,#4349,#4350,#4351,#4352,
    #4353,#4354,#4355,#4356),.UNSPECIFIED.,.F.,.F.,(9,9),(2.141576319796
    ,4.137533908755),.PIECEWISE_BEZIER_KNOTS.);
#4348 = CARTESIAN_POINT('',(2.176239849035,12.025280353549));
#4349 = CARTESIAN_POINT('',(2.425734547655,6.983577664561));
#4350 = CARTESIAN_POINT('',(2.675229246269,2.864897215273));
#4351 = CARTESIAN_POINT('',(2.924723944907,0.147472245159));
#4352 = CARTESIAN_POINT('',(3.174218643502,-0.813106339454));
#4353 = CARTESIAN_POINT('',(3.42371334215,0.121228606265));
#4354 = CARTESIAN_POINT('',(3.673208040751,2.814974714181));
#4355 = CARTESIAN_POINT('',(3.922702739374,6.914571201077));
#4356 = CARTESIAN_POINT('',(4.172197437994,11.94304053082));
#4357 = ( GEOMETRIC_REPRESENTATION_CONTEXT(2) 
PARAMETRIC_REPRESENTATION_CONTEXT() REPRESENTATION_CONTEXT('2D SPACE',''
  ) );
#4358 = PCURVE('',#4359,#4364);
#4359 = PLANE('',#4360);
#4360 = AXIS2_PLACEMENT_3D('',#4361,#4362,#4363);
#4361 = CARTESIAN_POINT('',(-80.,60.,540.));
#4362 = DIRECTION('',(0.242398492127,3.362301664985E-02,-0.969593968507)
  );
#4363 = DIRECTION('',(-0.970142500145,0.,-0.242535625036));
#4364 = DEFINITIONAL_REPRESENTATION('',(#4365),#4369);
#4365 = ELLIPSE('',#4366,24.7526292237,6.);
#4366 = AXIS2_PLACEMENT_2D('',#4367,#4368);
#4367 = CARTESIAN_POINT('',(-20.61552812808,-5.273559366969E-16));
#4368 = DIRECTION('',(-0.999964673521,-8.405457216762E-03));
#4369 = ( GEOMETRIC_REPRESENTATION_CONTEXT(2) 
PARAMETRIC_REPRESENTATION_CONTEXT() REPRESENTATION_CONTEXT('2D SPACE',''
  ) );
#4370 = FACE_BOUND('',#4371,.T.);
#4371 = EDGE_LOOP('',(#4372));
#4372 = ORIENTED_EDGE('',*,*,#4373,.T.);
#4373 = EDGE_CURVE('',#4374,#4374,#4376,.T.);
#4374 = VERTEX_POINT('',#4375);
#4375 = CARTESIAN_POINT('',(65.,56.683375209645,550.));
#4376 = SURFACE_CURVE('',#4377,(#4500,#4626),.PCURVE_S1.);
#4377 = B_SPLINE_CURVE_WITH_KNOTS('',7,(#4378,#4379,#4380,#4381,#4382,
    #4383,#4384,#4385,#4386,#4387,#4388,#4389,#4390,#4391,#4392,#4393,
    #4394,#4395,#4396,#4397,#4398,#4399,#4400,#4401,#4402,#4403,#4404,
    #4405,#4406,#4407,#4408,#4409,#4410,#4411,#4412,#4413,#4414,#4415,
    #4416,#4417,#4418,#4419,#4420,#4421,#4422,#4423,#4424,#4425,#4426,
    #4427,#4428,#4429,#4430,#4431,#4432,#4433,#4434,#4435,#4436,#4437,
    #4438,#4439,#4440,#4441,#4442,#4443,#4444,#4445,#4446,#4447,#4448,
    #4449,#4450,#4451,#4452,#4453,#4454,#4455,#4456,#4457,#4458,#4459,
    #4460,#4461,#4462,#4463,#4464,#4465,#4466,#4467,#4468,#4469,#4470,
    #4471,#4472,#4473,#4474,#4475,#4476,#4477,#4478,#4479,#4480,#4481,
    #4482,#4483,#4484,#4485,#4486,#4487,#4488,#4489,#4490,#4491,#4492,
    #4493,#4494,#4495,#4496,#4497,#4498,#4499),.UNSPECIFIED.,.T.,.F.,(8,
    6,6,6,6,6,6,6,6,6,6,6,6,6,6,6,6,6,6,6,8),(0.,4.334998757467E-02,
    0.106576443331,0.175722656502,0.220934339621,0.272472621608,
    0.300922110977,0.32685296329,0.396094202657,0.45905314038,
    0.501224113391,0.544362358213,0.607279984728,0.676088453638,
    0.721079303063,0.772365846651,0.800676374676,0.826480567912,
    0.895383598095,0.95803501182,1.),.UNSPECIFIED.);
#4378 = CARTESIAN_POINT('',(65.,56.683375209645,550.));
#4379 = CARTESIAN_POINT('',(65.18374801324,56.683375209645,550.));
#4380 = CARTESIAN_POINT('',(65.366584753461,56.671498963338,
    549.99212197656));
#4381 = CARTESIAN_POINT('',(65.548133843009,56.647956078854,
    549.9765060944));
#4382 = CARTESIAN_POINT('',(65.727936385829,56.613376280352,
    549.9533117424));
#4383 = CARTESIAN_POINT('',(65.905362198226,56.56881437253,
    549.92275404959));
#4384 = CARTESIAN_POINT('',(66.079525586895,56.515726591139,
    549.88521572301));
#4385 = CARTESIAN_POINT('',(66.496686034243,56.368687316145,
    549.77757836276));
#4386 = CARTESIAN_POINT('',(66.736545855904,56.266485667652,
    549.69994739059));
#4387 = CARTESIAN_POINT('',(66.969227843898,56.152939635526,
    549.60929932407));
#4388 = CARTESIAN_POINT('',(67.194931398958,56.031217225738,
    549.506047661));
#4389 = CARTESIAN_POINT('',(67.413868562901,55.903752819073,
    549.39037214702));
#4390 = CARTESIAN_POINT('',(67.626337743698,55.772346087735,
    549.26203948652));
#4391 = CARTESIAN_POINT('',(68.05810280889,55.491942789802,
    548.96521307033));
#4392 = CARTESIAN_POINT('',(68.275578294612,55.342839175512,
    548.79449467423));
#4393 = CARTESIAN_POINT('',(68.48549749812,55.192896438411,
    548.60713619008));
#4394 = CARTESIAN_POINT('',(68.687666469561,55.043678044427,
    548.40172985641));
#4395 = CARTESIAN_POINT('',(68.881132929208,54.897045607488,
    548.176602896));
#4396 = CARTESIAN_POINT('',(69.064043034748,54.75542908664,
    547.93001563602));
#4397 = CARTESIAN_POINT('',(69.344305718368,54.534808069939,
    547.48402398525));
#4398 = CARTESIAN_POINT('',(69.449750986056,54.450789693701,
    547.29720711318));
#4399 = CARTESIAN_POINT('',(69.548739454786,54.37108538211,
    547.09966322831));
#4400 = CARTESIAN_POINT('',(69.640055571559,54.296909600007,
    546.89122491543));
#4401 = CARTESIAN_POINT('',(69.722352416885,54.229583959399,
    546.67181932731));
#4402 = CARTESIAN_POINT('',(69.794136384444,54.170539266523,
    546.44149610164));
#4403 = CARTESIAN_POINT('',(69.921709499478,54.065208139738,
    545.92568492912));
#4404 = CARTESIAN_POINT('',(69.974131663577,54.021633791685,
    545.63586803611));
#4405 = CARTESIAN_POINT('',(70.007119009128,53.994066422593,
    545.33598839636));
#4406 = CARTESIAN_POINT('',(70.018487429989,53.984552899066,
    545.03122480803));
#4407 = CARTESIAN_POINT('',(70.007685815188,53.993614187954,
    544.72687195385));
#4408 = CARTESIAN_POINT('',(69.975786245728,54.020228986659,
    544.42821451271));
#4409 = CARTESIAN_POINT('',(69.897814014621,54.084905563346,
    543.98145377285));
#4410 = CARTESIAN_POINT('',(69.864519417812,54.112475658189,
    543.82599537089));
#4411 = CARTESIAN_POINT('',(69.826047028366,54.144258806663,
    543.67426171004));
#4412 = CARTESIAN_POINT('',(69.782801481072,54.179876700903,
    543.52651389578));
#4413 = CARTESIAN_POINT('',(69.735209476222,54.218928134498,
    543.38299155479));
#4414 = CARTESIAN_POINT('',(69.683721398343,54.260991081672,
    543.24391266789));
#4415 = CARTESIAN_POINT('',(69.578765525039,54.346307044332,
    542.98693606426));
#4416 = CARTESIAN_POINT('',(69.525816418161,54.389173976421,
    542.8681057717));
#4417 = CARTESIAN_POINT('',(69.470222800095,54.433974817601,
    542.75292670925));
#4418 = CARTESIAN_POINT('',(69.412218221911,54.480477586075,
    542.64133431779));
#4419 = CARTESIAN_POINT('',(69.352012571986,54.528468944931,
    542.53325551912));
#4420 = CARTESIAN_POINT('',(69.289792048034,54.577754073721,
    542.4286089398));
#4421 = CARTESIAN_POINT('',(69.054629947043,54.762742522475,
    542.05680106843));
#4422 = CARTESIAN_POINT('',(68.870003599812,54.905554209098,
    541.80961152718));
#4423 = CARTESIAN_POINT('',(68.674760234869,55.053348195122,
    541.58408548076));
#4424 = CARTESIAN_POINT('',(68.470760196975,55.203666286217,
    541.37845614769));
#4425 = CARTESIAN_POINT('',(68.258946801494,55.354623461354,
    541.19103130447));
#4426 = CARTESIAN_POINT('',(68.039495268748,55.504625918809,
    541.02039655095));
#4427 = CARTESIAN_POINT('',(67.6049109891,55.785662612833,
    540.72482896511));
#4428 = CARTESIAN_POINT('',(67.391676603631,55.916870099356,
    540.59748329955));
#4429 = CARTESIAN_POINT('',(67.171937815858,56.044003782251,
    540.48279252724));
#4430 = CARTESIAN_POINT('',(66.945399484943,56.165223760236,
    540.38055127489));
#4431 = CARTESIAN_POINT('',(66.71185660557,56.278044504536,
    540.29096142384));
#4432 = CARTESIAN_POINT('',(66.471111748844,56.379247451522,
    540.21445317893));
#4433 = CARTESIAN_POINT('',(66.056325886843,56.522723321125,
    540.10984458153));
#4434 = CARTESIAN_POINT('',(65.885705220447,56.573697457594,
    540.07389976081));
#4435 = CARTESIAN_POINT('',(65.711995979177,56.61641074019,
    540.0446531853));
#4436 = CARTESIAN_POINT('',(65.536036784898,56.649511628758,
    540.02246214056));
#4437 = CARTESIAN_POINT('',(65.358431510797,56.672025536938,
    540.00752870378));
#4438 = CARTESIAN_POINT('',(65.179627904178,56.683375209645,540.));
#4439 = CARTESIAN_POINT('',(64.81625198676,56.683375209645,540.));
#4440 = CARTESIAN_POINT('',(64.633415246538,56.671498963338,
    540.00787802343));
#4441 = CARTESIAN_POINT('',(64.451866156991,56.647956078854,
    540.02349390559));
#4442 = CARTESIAN_POINT('',(64.272063614171,56.613376280352,
    540.04668825759));
#4443 = CARTESIAN_POINT('',(64.094637801773,56.56881437253,
    540.0772459504));
#4444 = CARTESIAN_POINT('',(63.920474413105,56.515726591138,
    540.11478427698));
#4445 = CARTESIAN_POINT('',(63.503313965757,56.368687316146,
    540.22242163723));
#4446 = CARTESIAN_POINT('',(63.263454144094,56.266485667652,
    540.3000526094));
#4447 = CARTESIAN_POINT('',(63.030772156104,56.152939635527,
    540.39070067592));
#4448 = CARTESIAN_POINT('',(62.805068601039,56.031217225737,
    540.49395233899));
#4449 = CARTESIAN_POINT('',(62.586131437101,55.903752819074,
    540.60962785297));
#4450 = CARTESIAN_POINT('',(62.373662256301,55.772346087734,
    540.73796051348));
#4451 = CARTESIAN_POINT('',(61.941897191111,55.491942789802,
    541.03478692966));
#4452 = CARTESIAN_POINT('',(61.724421705387,55.342839175512,
    541.20550532576));
#4453 = CARTESIAN_POINT('',(61.51450250188,55.192896438411,
    541.39286380991));
#4454 = CARTESIAN_POINT('',(61.31233353044,55.043678044428,
    541.59827014358));
#4455 = CARTESIAN_POINT('',(61.118867070792,54.897045607488,
    541.823397104));
#4456 = CARTESIAN_POINT('',(60.935956965252,54.75542908664,
    542.06998436398));
#4457 = CARTESIAN_POINT('',(60.655694275474,54.534808065091,
    542.51597602454));
#4458 = CARTESIAN_POINT('',(60.550249017999,54.450789696975,
    542.70279287589));
#4459 = CARTESIAN_POINT('',(60.451260549658,54.371085385619,
    542.90033676434));
#4460 = CARTESIAN_POINT('',(60.35994442576,54.296909597797,
    543.10877509472));
#4461 = CARTESIAN_POINT('',(60.277647578441,54.229583955659,
    543.32818068324));
#4462 = CARTESIAN_POINT('',(60.205863618837,54.170539269232,
    543.55850388509));
#4463 = CARTESIAN_POINT('',(60.078290500522,54.065208139738,
    544.07431507087));
#4464 = CARTESIAN_POINT('',(60.025868336423,54.021633791685,
    544.36413196388));
#4465 = CARTESIAN_POINT('',(59.992880990872,53.994066422593,
    544.66401160363));
#4466 = CARTESIAN_POINT('',(59.981512570011,53.984552899066,
    544.96877519197));
#4467 = CARTESIAN_POINT('',(59.992314184812,53.993614187954,
    545.27312804614));
#4468 = CARTESIAN_POINT('',(60.024213754272,54.020228986659,
    545.57178548728));
#4469 = CARTESIAN_POINT('',(60.102185985379,54.084905563346,
    546.01854622714));
#4470 = CARTESIAN_POINT('',(60.135480582188,54.112475658189,
    546.1740046291));
#4471 = CARTESIAN_POINT('',(60.173952971634,54.144258806663,
    546.32573828996));
#4472 = CARTESIAN_POINT('',(60.217198518928,54.179876700903,
    546.47348610421));
#4473 = CARTESIAN_POINT('',(60.264790523778,54.218928134498,
    546.6170084452));
#4474 = CARTESIAN_POINT('',(60.316278601657,54.260991081672,
    546.7560873321));
#4475 = CARTESIAN_POINT('',(60.421234474961,54.346307044332,
    547.01306393573));
#4476 = CARTESIAN_POINT('',(60.474183581839,54.389173976421,
    547.1318942283));
#4477 = CARTESIAN_POINT('',(60.529777199905,54.433974817601,
    547.24707329074));
#4478 = CARTESIAN_POINT('',(60.587781778089,54.480477586075,
    547.3586656822));
#4479 = CARTESIAN_POINT('',(60.647987428014,54.528468944931,
    547.46674448087));
#4480 = CARTESIAN_POINT('',(60.710207951966,54.577754073721,
    547.57139106019));
#4481 = CARTESIAN_POINT('',(60.945370050959,54.762742520903,
    547.94319892841));
#4482 = CARTESIAN_POINT('',(61.129996404617,54.905554212731,
    548.19038848057));
#4483 = CARTESIAN_POINT('',(61.325239763415,55.053348193147,
    548.41591451269));
#4484 = CARTESIAN_POINT('',(61.529239798199,55.203666283534,
    548.62154385195));
#4485 = CARTESIAN_POINT('',(61.741053205015,55.354623465488,
    548.80896869931));
#4486 = CARTESIAN_POINT('',(61.960504728533,55.50462591705,
    548.97960344719));
#4487 = CARTESIAN_POINT('',(62.3950890109,55.785662612834,
    549.27517103488));
#4488 = CARTESIAN_POINT('',(62.608323396368,55.916870099356,
    549.40251670044));
#4489 = CARTESIAN_POINT('',(62.828062184142,56.044003782252,
    549.51720747275));
#4490 = CARTESIAN_POINT('',(63.054600515057,56.165223760236,
    549.6194487251));
#4491 = CARTESIAN_POINT('',(63.288143394429,56.278044504536,
    549.70903857615));
#4492 = CARTESIAN_POINT('',(63.528888251156,56.379247451522,
    549.78554682106));
#4493 = CARTESIAN_POINT('',(63.943674113157,56.522723321125,
    549.89015541846));
#4494 = CARTESIAN_POINT('',(64.114294779553,56.573697457594,
    549.92610023918));
#4495 = CARTESIAN_POINT('',(64.288004020822,56.61641074019,
    549.95534681469));
#4496 = CARTESIAN_POINT('',(64.463963215102,56.649511628758,
    549.97753785943));
#4497 = CARTESIAN_POINT('',(64.641568489204,56.672025536938,
    549.99247129621));
#4498 = CARTESIAN_POINT('',(64.820372095822,56.683375209645,550.));
#4499 = CARTESIAN_POINT('',(65.,56.683375209645,550.));
#4500 = PCURVE('',#266,#4501);
#4501 = DEFINITIONAL_REPRESENTATION('',(#4502),#4625);
#4502 = B_SPLINE_CURVE_WITH_KNOTS('',7,(#4503,#4504,#4505,#4506,#4507,
    #4508,#4509,#4510,#4511,#4512,#4513,#4514,#4515,#4516,#4517,#4518,
    #4519,#4520,#4521,#4522,#4523,#4524,#4525,#4526,#4527,#4528,#4529,
    #4530,#4531,#4532,#4533,#4534,#4535,#4536,#4537,#4538,#4539,#4540,
    #4541,#4542,#4543,#4544,#4545,#4546,#4547,#4548,#4549,#4550,#4551,
    #4552,#4553,#4554,#4555,#4556,#4557,#4558,#4559,#4560,#4561,#4562,
    #4563,#4564,#4565,#4566,#4567,#4568,#4569,#4570,#4571,#4572,#4573,
    #4574,#4575,#4576,#4577,#4578,#4579,#4580,#4581,#4582,#4583,#4584,
    #4585,#4586,#4587,#4588,#4589,#4590,#4591,#4592,#4593,#4594,#4595,
    #4596,#4597,#4598,#4599,#4600,#4601,#4602,#4603,#4604,#4605,#4606,
    #4607,#4608,#4609,#4610,#4611,#4612,#4613,#4614,#4615,#4616,#4617,
    #4618,#4619,#4620,#4621,#4622,#4623,#4624),.UNSPECIFIED.,.T.,.F.,(8,
    6,6,6,6,6,6,6,6,6,6,6,6,6,6,6,6,6,6,6,8),(0.,4.334998757467E-02,
    0.106576443331,0.175722656502,0.220934339621,0.272472621608,
    0.300922110977,0.32685296329,0.396094202657,0.45905314038,
    0.501224113391,0.544362358213,0.607279984728,0.676088453638,
    0.721079303063,0.772365846651,0.800676374676,0.826480567912,
    0.895383598095,0.95803501182,1.),.UNSPECIFIED.);
#4503 = CARTESIAN_POINT('',(0.585685543457,150.));
#4504 = CARTESIAN_POINT('',(0.585685543457,150.18374801324));
#4505 = CARTESIAN_POINT('',(0.588060770889,150.36658475346));
#4506 = CARTESIAN_POINT('',(0.592769424394,150.548133843));
#4507 = CARTESIAN_POINT('',(0.599708854356,150.72793638582));
#4508 = CARTESIAN_POINT('',(0.608713283785,150.90536219822));
#4509 = CARTESIAN_POINT('',(0.619548233178,151.07952558689));
#4510 = CARTESIAN_POINT('',(0.649919249017,151.49668603424));
#4511 = CARTESIAN_POINT('',(0.671306278532,151.7365458559));
#4512 = CARTESIAN_POINT('',(0.695509995963,151.96922784389));
#4513 = CARTESIAN_POINT('',(0.722089246332,152.19493139895));
#4514 = CARTESIAN_POINT('',(0.750748580149,152.4138685629));
#4515 = CARTESIAN_POINT('',(0.781336471336,152.62633774369));
#4516 = CARTESIAN_POINT('',(0.849391173769,153.05810280889));
#4517 = CARTESIAN_POINT('',(0.887139750304,153.27557829461));
#4518 = CARTESIAN_POINT('',(0.927073829447,153.48549749812));
#4519 = CARTESIAN_POINT('',(0.969299051125,153.68766646956));
#4520 = CARTESIAN_POINT('',(1.013972118561,153.8811329292));
#4521 = CARTESIAN_POINT('',(1.061274567222,154.06404303474));
#4522 = CARTESIAN_POINT('',(1.144203952438,154.34430571836));
#4523 = CARTESIAN_POINT('',(1.178320910125,154.44975098605));
#4524 = CARTESIAN_POINT('',(1.213779339295,154.54873945478));
#4525 = CARTESIAN_POINT('',(1.250592747375,154.64005557155));
#4526 = CARTESIAN_POINT('',(1.288778401415,154.72235241688));
#4527 = CARTESIAN_POINT('',(1.328358435982,154.79413638444));
#4528 = CARTESIAN_POINT('',(1.416101085557,154.92170949947));
#4529 = CARTESIAN_POINT('',(1.464880504741,154.97413166357));
#4530 = CARTESIAN_POINT('',(1.514935068799,155.00711900912));
#4531 = CARTESIAN_POINT('',(1.565586298032,155.01848742998));
#4532 = CARTESIAN_POINT('',(1.616190066385,155.00768581518));
#4533 = CARTESIAN_POINT('',(1.666088535376,154.97578624572));
#4534 = CARTESIAN_POINT('',(1.741324870099,154.89781401462));
#4535 = CARTESIAN_POINT('',(1.767625631176,154.86451941781));
#4536 = CARTESIAN_POINT('',(1.793443935217,154.82604702836));
#4537 = CARTESIAN_POINT('',(1.818754106232,154.78280148107));
#4538 = CARTESIAN_POINT('',(1.843528299527,154.73520947622));
#4539 = CARTESIAN_POINT('',(1.867736322612,154.68372139834));
#4540 = CARTESIAN_POINT('',(1.912864469871,154.57876552503));
#4541 = CARTESIAN_POINT('',(1.933911846172,154.52581641816));
#4542 = CARTESIAN_POINT('',(1.95449949911,154.47022280009));
#4543 = CARTESIAN_POINT('',(1.974638554124,154.41221822191));
#4544 = CARTESIAN_POINT('',(1.994339759119,154.35201257198));
#4545 = CARTESIAN_POINT('',(2.013613895619,154.28979204803));
#4546 = CARTESIAN_POINT('',(2.082828100044,154.05462994704));
#4547 = CARTESIAN_POINT('',(2.130315764541,153.87000359981));
#4548 = CARTESIAN_POINT('',(2.17514923566,153.67476023486));
#4549 = CARTESIAN_POINT('',(2.217511585862,153.47076019697));
#4550 = CARTESIAN_POINT('',(2.257559660159,153.25894680149));
#4551 = CARTESIAN_POINT('',(2.295396372734,153.03949526874));
#4552 = CARTESIAN_POINT('',(2.36337141333,152.6049109891));
#4553 = CARTESIAN_POINT('',(2.393821054048,152.39167660363));
#4554 = CARTESIAN_POINT('',(2.422329783501,152.17193781585));
#4555 = CARTESIAN_POINT('',(2.448736784383,151.94539948494));
#4556 = CARTESIAN_POINT('',(2.472736485105,151.71185660557));
#4557 = CARTESIAN_POINT('',(2.493878014182,151.47111174884));
#4558 = CARTESIAN_POINT('',(2.523471690219,151.05632588684));
#4559 = CARTESIAN_POINT('',(2.533865851508,150.88570522044));
#4560 = CARTESIAN_POINT('',(2.542492728276,150.71199597917));
#4561 = CARTESIAN_POINT('',(2.54913434687,150.53603678489));
#4562 = CARTESIAN_POINT('',(2.553637194335,150.35843151079));
#4563 = CARTESIAN_POINT('',(2.555907110133,150.17962790417));
#4564 = CARTESIAN_POINT('',(2.555907110133,149.81625198676));
#4565 = CARTESIAN_POINT('',(2.553531882701,149.63341524653));
#4566 = CARTESIAN_POINT('',(2.548823229196,149.45186615699));
#4567 = CARTESIAN_POINT('',(2.541883799234,149.27206361417));
#4568 = CARTESIAN_POINT('',(2.532879369805,149.09463780177));
#4569 = CARTESIAN_POINT('',(2.522044420412,148.9204744131));
#4570 = CARTESIAN_POINT('',(2.491673404573,148.50331396575));
#4571 = CARTESIAN_POINT('',(2.470286375057,148.26345414409));
#4572 = CARTESIAN_POINT('',(2.446082657627,148.0307721561));
#4573 = CARTESIAN_POINT('',(2.419503407257,147.80506860104));
#4574 = CARTESIAN_POINT('',(2.390844073441,147.5861314371));
#4575 = CARTESIAN_POINT('',(2.360256182253,147.3736622563));
#4576 = CARTESIAN_POINT('',(2.29220147982,146.94189719111));
#4577 = CARTESIAN_POINT('',(2.254452903286,146.72442170538));
#4578 = CARTESIAN_POINT('',(2.214518824143,146.51450250188));
#4579 = CARTESIAN_POINT('',(2.172293602465,146.31233353044));
#4580 = CARTESIAN_POINT('',(2.127620535029,146.11886707079));
#4581 = CARTESIAN_POINT('',(2.080318086368,145.93595696525));
#4582 = CARTESIAN_POINT('',(1.99738869933,145.65569427547));
#4583 = CARTESIAN_POINT('',(1.963271745376,145.55024901799));
#4584 = CARTESIAN_POINT('',(1.927813315651,145.45126054965));
#4585 = CARTESIAN_POINT('',(1.890999904481,145.35994442576));
#4586 = CARTESIAN_POINT('',(1.852814250295,145.27764757844));
#4587 = CARTESIAN_POINT('',(1.813234219865,145.20586361883));
#4588 = CARTESIAN_POINT('',(1.725491568032,145.07829050052));
#4589 = CARTESIAN_POINT('',(1.676712148849,145.02586833642));
#4590 = CARTESIAN_POINT('',(1.626657584791,144.99288099087));
#4591 = CARTESIAN_POINT('',(1.576006355558,144.98151257001));
#4592 = CARTESIAN_POINT('',(1.525402587204,144.99231418481));
#4593 = CARTESIAN_POINT('',(1.475504118214,145.02421375427));
#4594 = CARTESIAN_POINT('',(1.400267783491,145.10218598537));
#4595 = CARTESIAN_POINT('',(1.373967022414,145.13548058218));
#4596 = CARTESIAN_POINT('',(1.348148718372,145.17395297163));
#4597 = CARTESIAN_POINT('',(1.322838547358,145.21719851892));
#4598 = CARTESIAN_POINT('',(1.298064354063,145.26479052377));
#4599 = CARTESIAN_POINT('',(1.273856330978,145.31627860165));
#4600 = CARTESIAN_POINT('',(1.228728183719,145.42123447496));
#4601 = CARTESIAN_POINT('',(1.207680807418,145.47418358183));
#4602 = CARTESIAN_POINT('',(1.187093154479,145.5297771999));
#4603 = CARTESIAN_POINT('',(1.166954099466,145.58778177808));
#4604 = CARTESIAN_POINT('',(1.147252894471,145.64798742801));
#4605 = CARTESIAN_POINT('',(1.127978757971,145.71020795196));
#4606 = CARTESIAN_POINT('',(1.058764554134,145.94537005095));
#4607 = CARTESIAN_POINT('',(1.011276887627,146.12999640461));
#4608 = CARTESIAN_POINT('',(0.966443419022,146.32523976341));
#4609 = CARTESIAN_POINT('',(0.924081068034,146.52923979819));
#4610 = CARTESIAN_POINT('',(0.884032992511,146.74105320501));
#4611 = CARTESIAN_POINT('',(0.846196281281,146.96050472853));
#4612 = CARTESIAN_POINT('',(0.77822124026,147.3950890109));
#4613 = CARTESIAN_POINT('',(0.747771599542,147.60832339636));
#4614 = CARTESIAN_POINT('',(0.719262870089,147.82806218414));
#4615 = CARTESIAN_POINT('',(0.692855869207,148.05460051505));
#4616 = CARTESIAN_POINT('',(0.668856168485,148.28814339442));
#4617 = CARTESIAN_POINT('',(0.647714639407,148.52888825115));
#4618 = CARTESIAN_POINT('',(0.618120963371,148.94367411315));
#4619 = CARTESIAN_POINT('',(0.607726802081,149.11429477955));
#4620 = CARTESIAN_POINT('',(0.599099925314,149.28800402082));
#4621 = CARTESIAN_POINT('',(0.59245830672,149.4639632151));
#4622 = CARTESIAN_POINT('',(0.587955459255,149.6415684892));
#4623 = CARTESIAN_POINT('',(0.585685543457,149.82037209582));
#4624 = CARTESIAN_POINT('',(0.585685543457,150.));
#4625 = ( GEOMETRIC_REPRESENTATION_CONTEXT(2) 
PARAMETRIC_REPRESENTATION_CONTEXT() REPRESENTATION_CONTEXT('2D SPACE',''
  ) );
#4626 = PCURVE('',#3384,#4627);
#4627 = DEFINITIONAL_REPRESENTATION('',(#4628),#4751);
#4628 = B_SPLINE_CURVE_WITH_KNOTS('',7,(#4629,#4630,#4631,#4632,#4633,
    #4634,#4635,#4636,#4637,#4638,#4639,#4640,#4641,#4642,#4643,#4644,
    #4645,#4646,#4647,#4648,#4649,#4650,#4651,#4652,#4653,#4654,#4655,
    #4656,#4657,#4658,#4659,#4660,#4661,#4662,#4663,#4664,#4665,#4666,
    #4667,#4668,#4669,#4670,#4671,#4672,#4673,#4674,#4675,#4676,#4677,
    #4678,#4679,#4680,#4681,#4682,#4683,#4684,#4685,#4686,#4687,#4688,
    #4689,#4690,#4691,#4692,#4693,#4694,#4695,#4696,#4697,#4698,#4699,
    #4700,#4701,#4702,#4703,#4704,#4705,#4706,#4707,#4708,#4709,#4710,
    #4711,#4712,#4713,#4714,#4715,#4716,#4717,#4718,#4719,#4720,#4721,
    #4722,#4723,#4724,#4725,#4726,#4727,#4728,#4729,#4730,#4731,#4732,
    #4733,#4734,#4735,#4736,#4737,#4738,#4739,#4740,#4741,#4742,#4743,
    #4744,#4745,#4746,#4747,#4748,#4749,#4750),.UNSPECIFIED.,.F.,.F.,(8,
    6,6,6,6,6,6,6,6,6,6,6,6,6,6,6,6,6,6,6,8),(0.,4.334998757467E-02,
    0.106576443331,0.175722656502,0.220934339621,0.272472621608,
    0.300922110977,0.32685296329,0.396094202657,0.45905314038,
    0.501224113391,0.544362358213,0.607279984728,0.676088453638,
    0.721079303063,0.772365846651,0.800676374676,0.826480567912,
    0.895383598095,0.95803501182,1.),.UNSPECIFIED.);
#4629 = CARTESIAN_POINT('',(0.,116.68337520964));
#4630 = CARTESIAN_POINT('',(3.674960264806E-02,116.68337520964));
#4631 = CARTESIAN_POINT('',(7.331689328971E-02,116.67149896333));
#4632 = CARTESIAN_POINT('',(0.109707978515,116.64795607885));
#4633 = CARTESIAN_POINT('',(0.145907774879,116.61337628035));
#4634 = CARTESIAN_POINT('',(0.181865006022,116.56881437253));
#4635 = CARTESIAN_POINT('',(0.217468699511,116.51572659113));
#4636 = CARTESIAN_POINT('',(0.303633341947,116.36868731614));
#4637 = CARTESIAN_POINT('',(0.353963061908,116.26648566765));
#4638 = CARTESIAN_POINT('',(0.403771232542,116.15293963552));
#4639 = CARTESIAN_POINT('',(0.453264228578,116.03121722573));
#4640 = CARTESIAN_POINT('',(0.502658613863,115.90375281907));
#4641 = CARTESIAN_POINT('',(0.55221618503,115.77234608773));
#4642 = CARTESIAN_POINT('',(0.657006832106,115.4919427898));
#4643 = CARTESIAN_POINT('',(0.712191919053,115.34283917551));
#4644 = CARTESIAN_POINT('',(0.768284950736,115.19289643841));
#4645 = CARTESIAN_POINT('',(0.825700885026,115.04367804442));
#4646 = CARTESIAN_POINT('',(0.884833560513,114.89704560748));
#4647 = CARTESIAN_POINT('',(0.946054860929,114.75542908664));
#4648 = CARTESIAN_POINT('',(1.051402993211,114.53480806993));
#4649 = CARTESIAN_POINT('',(1.094259151612,114.4507896937));
#4650 = CARTESIAN_POINT('',(1.138363480953,114.37108538211));
#4651 = CARTESIAN_POINT('',(1.183762644042,114.2969096));
#4652 = CARTESIAN_POINT('',(1.230511442466,114.22958395939));
#4653 = CARTESIAN_POINT('',(1.278675955275,114.17053926652));
#4654 = CARTESIAN_POINT('',(1.384946565582,114.06520813973));
#4655 = CARTESIAN_POINT('',(1.443731819244,114.02163379168));
#4656 = CARTESIAN_POINT('',(1.503833530703,113.99406642259));
#4657 = CARTESIAN_POINT('',(1.564541237716,113.98455289906));
#4658 = CARTESIAN_POINT('',(1.625202689225,113.99361418795));
#4659 = CARTESIAN_POINT('',(1.685141675476,114.02022898665));
#4660 = CARTESIAN_POINT('',(1.775844448864,114.08490556334));
#4661 = CARTESIAN_POINT('',(1.807618026838,114.11247565818));
#4662 = CARTESIAN_POINT('',(1.83889059703,114.14425880666));
#4663 = CARTESIAN_POINT('',(1.869644250595,114.1798767009));
#4664 = CARTESIAN_POINT('',(1.899856765896,114.21892813449));
#4665 = CARTESIAN_POINT('',(1.929501144908,114.26099108167));
#4666 = CARTESIAN_POINT('',(1.985017884783,114.34630704433));
#4667 = CARTESIAN_POINT('',(2.011023689549,114.38917397642));
#4668 = CARTESIAN_POINT('',(2.036583713993,114.4339748176));
#4669 = CARTESIAN_POINT('',(2.061717797026,114.48047758607));
#4670 = CARTESIAN_POINT('',(2.086445197793,114.52846894493));
#4671 = CARTESIAN_POINT('',(2.110785327048,114.57775407372));
#4672 = CARTESIAN_POINT('',(2.198772214017,114.76274252247));
#4673 = CARTESIAN_POINT('',(2.260292354662,114.90555420909));
#4674 = CARTESIAN_POINT('',(2.319714202881,115.05334819512));
#4675 = CARTESIAN_POINT('',(2.377415924793,115.20366628621));
#4676 = CARTESIAN_POINT('',(2.433798082434,115.35462346135));
#4677 = CARTESIAN_POINT('',(2.489282337322,115.5046259188));
#4678 = CARTESIAN_POINT('',(2.594396312399,115.78566261283));
#4679 = CARTESIAN_POINT('',(2.643983445226,115.91687009935));
#4680 = CARTESIAN_POINT('',(2.693427896025,116.04400378225));
#4681 = CARTESIAN_POINT('',(2.742988646087,116.16522376023));
#4682 = CARTESIAN_POINT('',(2.792880372929,116.27804450453));
#4683 = CARTESIAN_POINT('',(2.843309391238,116.37924745152));
#4684 = CARTESIAN_POINT('',(2.928864115238,116.52272332112));
#4685 = CARTESIAN_POINT('',(2.963710151202,116.57369745759));
#4686 = CARTESIAN_POINT('',(2.998893781374,116.61641074019));
#4687 = CARTESIAN_POINT('',(3.034309434241,116.64951162875));
#4688 = CARTESIAN_POINT('',(3.069906402426,116.67202553693));
#4689 = CARTESIAN_POINT('',(3.105667072754,116.68337520964));
#4690 = CARTESIAN_POINT('',(3.178342256238,116.68337520964));
#4691 = CARTESIAN_POINT('',(3.21490954688,116.67149896333));
#4692 = CARTESIAN_POINT('',(3.251300632105,116.64795607885));
#4693 = CARTESIAN_POINT('',(3.287500428469,116.61337628035));
#4694 = CARTESIAN_POINT('',(3.323457659612,116.56881437253));
#4695 = CARTESIAN_POINT('',(3.359061353101,116.51572659113));
#4696 = CARTESIAN_POINT('',(3.445225995537,116.36868731614));
#4697 = CARTESIAN_POINT('',(3.495555715498,116.26648566765));
#4698 = CARTESIAN_POINT('',(3.545363886131,116.15293963552));
#4699 = CARTESIAN_POINT('',(3.594856882168,116.03121722573));
#4700 = CARTESIAN_POINT('',(3.644251267453,115.90375281907));
#4701 = CARTESIAN_POINT('',(3.693808838619,115.77234608773));
#4702 = CARTESIAN_POINT('',(3.798599485695,115.4919427898));
#4703 = CARTESIAN_POINT('',(3.853784572643,115.34283917551));
#4704 = CARTESIAN_POINT('',(3.909877604326,115.19289643841));
#4705 = CARTESIAN_POINT('',(3.967293538616,115.04367804442));
#4706 = CARTESIAN_POINT('',(4.026426214103,114.89704560748));
#4707 = CARTESIAN_POINT('',(4.087647514519,114.75542908664));
#4708 = CARTESIAN_POINT('',(4.192995649116,114.53480806509));
#4709 = CARTESIAN_POINT('',(4.235851802851,114.45078969697));
#4710 = CARTESIAN_POINT('',(4.279956132827,114.37108538561));
#4711 = CARTESIAN_POINT('',(4.325355299735,114.29690959779));
#4712 = CARTESIAN_POINT('',(4.372104098389,114.22958395565));
#4713 = CARTESIAN_POINT('',(4.420268606132,114.17053926923));
#4714 = CARTESIAN_POINT('',(4.526539219172,114.06520813973));
#4715 = CARTESIAN_POINT('',(4.585324472833,114.02163379168));
#4716 = CARTESIAN_POINT('',(4.645426184293,113.99406642259));
#4717 = CARTESIAN_POINT('',(4.706133891306,113.98455289906));
#4718 = CARTESIAN_POINT('',(4.766795342815,113.99361418795));
#4719 = CARTESIAN_POINT('',(4.826734329066,114.02022898665));
#4720 = CARTESIAN_POINT('',(4.917437102454,114.08490556334));
#4721 = CARTESIAN_POINT('',(4.949210680428,114.11247565818));
#4722 = CARTESIAN_POINT('',(4.980483250619,114.14425880666));
#4723 = CARTESIAN_POINT('',(5.011236904185,114.1798767009));
#4724 = CARTESIAN_POINT('',(5.041449419485,114.21892813449));
#4725 = CARTESIAN_POINT('',(5.071093798498,114.26099108167));
#4726 = CARTESIAN_POINT('',(5.126610538373,114.34630704433));
#4727 = CARTESIAN_POINT('',(5.152616343139,114.38917397642));
#4728 = CARTESIAN_POINT('',(5.178176367583,114.4339748176));
#4729 = CARTESIAN_POINT('',(5.203310450616,114.48047758607));
#4730 = CARTESIAN_POINT('',(5.228037851383,114.52846894493));
#4731 = CARTESIAN_POINT('',(5.252377980638,114.57775407372));
#4732 = CARTESIAN_POINT('',(5.340364866859,114.7627425209));
#4733 = CARTESIAN_POINT('',(5.401885010015,114.90555421273));
#4734 = CARTESIAN_POINT('',(5.461306855272,115.05334819314));
#4735 = CARTESIAN_POINT('',(5.51900857765,115.20366628353));
#4736 = CARTESIAN_POINT('',(5.575390737499,115.35462346548));
#4737 = CARTESIAN_POINT('',(5.630874990254,115.50462591705));
#4738 = CARTESIAN_POINT('',(5.735988965989,115.78566261283));
#4739 = CARTESIAN_POINT('',(5.785576098816,115.91687009935));
#4740 = CARTESIAN_POINT('',(5.835020549615,116.04400378225));
#4741 = CARTESIAN_POINT('',(5.884581299676,116.16522376023));
#4742 = CARTESIAN_POINT('',(5.934473026519,116.27804450453));
#4743 = CARTESIAN_POINT('',(5.984902044828,116.37924745152));
#4744 = CARTESIAN_POINT('',(6.070456768828,116.52272332112));
#4745 = CARTESIAN_POINT('',(6.105302804792,116.57369745759));
#4746 = CARTESIAN_POINT('',(6.140486434964,116.61641074019));
#4747 = CARTESIAN_POINT('',(6.175902087831,116.64951162875));
#4748 = CARTESIAN_POINT('',(6.211499056016,116.67202553693));
#4749 = CARTESIAN_POINT('',(6.247259726344,116.68337520964));
#4750 = CARTESIAN_POINT('',(6.28318530718,116.68337520964));
#4751 = ( GEOMETRIC_REPRESENTATION_CONTEXT(2) 
PARAMETRIC_REPRESENTATION_CONTEXT() REPRESENTATION_CONTEXT('2D SPACE',''
  ) );
#4752 = FACE_BOUND('',#4753,.T.);
#4753 = EDGE_LOOP('',(#4754,#4835,#4867,#5013,#5045));
#4754 = ORIENTED_EDGE('',*,*,#4755,.F.);
#4755 = EDGE_CURVE('',#4756,#4758,#4760,.T.);
#4756 = VERTEX_POINT('',#4757);
#4757 = CARTESIAN_POINT('',(207.83212186227,56.638541603297,
    540.03003043799));
#4758 = VERTEX_POINT('',#4759);
#4759 = CARTESIAN_POINT('',(205.94594510576,60.027290027121,
    539.00006206245));
#4760 = SURFACE_CURVE('',#4761,(#4782,#4806),.PCURVE_S1.);
#4761 = B_SPLINE_CURVE_WITH_KNOTS('',7,(#4762,#4763,#4764,#4765,#4766,
    #4767,#4768,#4769,#4770,#4771,#4772,#4773,#4774,#4775,#4776,#4777,
    #4778,#4779,#4780,#4781),.UNSPECIFIED.,.F.,.F.,(8,6,6,8),(0.,
    0.661579610093,0.795335131033,1.),.UNSPECIFIED.);
#4762 = CARTESIAN_POINT('',(207.83212307036,56.638540828854,
    540.03003096177));
#4763 = CARTESIAN_POINT('',(207.55647094119,56.815247063579,
    539.91051496706));
#4764 = CARTESIAN_POINT('',(207.29493755593,57.018444308452,
    539.78376493356));
#4765 = CARTESIAN_POINT('',(207.0466896447,57.249549111499,
    539.65350740644));
#4766 = CARTESIAN_POINT('',(206.81288894456,57.511494453963,
    539.52313138682));
#4767 = CARTESIAN_POINT('',(206.59726828042,57.807649660117,
    539.39720280868));
#4768 = CARTESIAN_POINT('',(206.40642588981,58.141227717117,
    539.28222520682));
#4769 = CARTESIAN_POINT('',(206.21933761562,58.589278248507,
    539.16768373932));
#4770 = CARTESIAN_POINT('',(206.18931206825,58.666231865094,
    539.14922498543));
#4771 = CARTESIAN_POINT('',(206.16083267733,58.744750800403,
    539.13165612052));
#4772 = CARTESIAN_POINT('',(206.13400568173,58.824794362349,
    539.11506170157));
#4773 = CARTESIAN_POINT('',(206.10893565684,58.906318540456,
    539.0995248501));
#4774 = CARTESIAN_POINT('',(206.08572573723,58.989275999674,
    539.08512688608));
#4775 = CARTESIAN_POINT('',(206.03196554966,59.202668319522,
    539.05177981349));
#4776 = CARTESIAN_POINT('',(206.00399052577,59.335182588542,
    539.03442905551));
#4777 = CARTESIAN_POINT('',(205.98106361259,59.470531534553,
    539.02027020876));
#4778 = CARTESIAN_POINT('',(205.96357719494,59.608072539622,
    539.00959518004));
#4779 = CARTESIAN_POINT('',(205.95180697107,59.747152351047,
    539.00260865279));
#4780 = CARTESIAN_POINT('',(205.94591372614,59.887111717826,
    538.99942447754));
#4781 = CARTESIAN_POINT('',(205.94594510576,60.027290027121,
    539.00006206245));
#4782 = PCURVE('',#266,#4783);
#4783 = DEFINITIONAL_REPRESENTATION('',(#4784),#4805);
#4784 = B_SPLINE_CURVE_WITH_KNOTS('',7,(#4785,#4786,#4787,#4788,#4789,
    #4790,#4791,#4792,#4793,#4794,#4795,#4796,#4797,#4798,#4799,#4800,
    #4801,#4802,#4803,#4804),.UNSPECIFIED.,.F.,.F.,(8,6,6,8),(0.,
    0.661579610093,0.795335131033,1.),.UNSPECIFIED.);
#4785 = CARTESIAN_POINT('',(2.546913285096,292.83212307036));
#4786 = CARTESIAN_POINT('',(2.582468080985,292.55647094119));
#4787 = CARTESIAN_POINT('',(2.622355586129,292.29493755592));
#4788 = CARTESIAN_POINT('',(2.66649658772,292.0466896447));
#4789 = CARTESIAN_POINT('',(2.715134288708,291.81288894455));
#4790 = CARTESIAN_POINT('',(2.768584425289,291.59726828042));
#4791 = CARTESIAN_POINT('',(2.827194745664,291.40642588981));
#4792 = CARTESIAN_POINT('',(2.90427137176,291.21933761562));
#4793 = CARTESIAN_POINT('',(2.917459331419,291.18931206825));
#4794 = CARTESIAN_POINT('',(2.930866869603,291.16083267733));
#4795 = CARTESIAN_POINT('',(2.944488043375,291.13400568173));
#4796 = CARTESIAN_POINT('',(2.958316991378,291.10893565684));
#4797 = CARTESIAN_POINT('',(2.972347942232,291.08572573723));
#4798 = CARTESIAN_POINT('',(3.008344975066,291.03196554966));
#4799 = CARTESIAN_POINT('',(3.030612364236,291.00399052577));
#4800 = CARTESIAN_POINT('',(3.053281173554,290.98106361259));
#4801 = CARTESIAN_POINT('',(3.076258524922,290.96357719494));
#4802 = CARTESIAN_POINT('',(3.099453825455,290.95180697107));
#4803 = CARTESIAN_POINT('',(3.122777713913,290.94591372614));
#4804 = CARTESIAN_POINT('',(3.146141007126,290.94594510576));
#4805 = ( GEOMETRIC_REPRESENTATION_CONTEXT(2) 
PARAMETRIC_REPRESENTATION_CONTEXT() REPRESENTATION_CONTEXT('2D SPACE',''
  ) );
#4806 = PCURVE('',#4807,#4812);
#4807 = CYLINDRICAL_SURFACE('',#4808,4.);
#4808 = AXIS2_PLACEMENT_3D('',#4809,#4810,#4811);
#4809 = CARTESIAN_POINT('',(210.,60.,540.));
#4810 = DIRECTION('',(-4.91441276141E-02,2.277348593406E-02,
    -0.998532034068));
#4811 = DIRECTION('',(-0.998791069994,2.168404344971E-19,
    4.915687642355E-02));
#4812 = DEFINITIONAL_REPRESENTATION('',(#4813),#4834);
#4813 = B_SPLINE_CURVE_WITH_KNOTS('',7,(#4814,#4815,#4816,#4817,#4818,
    #4819,#4820,#4821,#4822,#4823,#4824,#4825,#4826,#4827,#4828,#4829,
    #4830,#4831,#4832,#4833),.UNSPECIFIED.,.F.,.F.,(8,6,6,8),(0.,
    0.661579610093,0.795335131033,1.),.UNSPECIFIED.);
#4814 = CARTESIAN_POINT('',(5.284827086355,-6.E-07));
#4815 = CARTESIAN_POINT('',(5.364963110421,0.136910849672));
#4816 = CARTESIAN_POINT('',(5.445627222735,0.280955157979));
#4817 = CARTESIAN_POINT('',(5.528077428327,0.428484460749));
#4818 = CARTESIAN_POINT('',(5.6134000315,0.576124432564));
#4819 = CARTESIAN_POINT('',(5.702584454953,0.719209127842));
#4820 = CARTESIAN_POINT('',(5.796584349522,0.850993464454));
#4821 = CARTESIAN_POINT('',(5.916734331722,0.984764751476));
#4822 = CARTESIAN_POINT('',(5.937184488207,1.00642448998));
#4823 = CARTESIAN_POINT('',(5.957874096169,1.027155309094));
#4824 = CARTESIAN_POINT('',(5.978799528734,1.046866628224));
#4825 = CARTESIAN_POINT('',(5.999957994903,1.065469306352));
#4826 = CARTESIAN_POINT('',(6.021347525882,1.082875996435));
#4827 = CARTESIAN_POINT('',(6.076047756184,1.123675801174));
#4828 = CARTESIAN_POINT('',(6.109724475482,1.145393708812));
#4829 = CARTESIAN_POINT('',(6.143876882822,1.163740861328));
#4830 = CARTESIAN_POINT('',(6.178396996677,1.178391862349));
#4831 = CARTESIAN_POINT('',(6.213185172414,1.189113903127));
#4832 = CARTESIAN_POINT('',(6.248146184247,1.195770385168));
#4833 = CARTESIAN_POINT('',(6.28318530718,1.198324542846));
#4834 = ( GEOMETRIC_REPRESENTATION_CONTEXT(2) 
PARAMETRIC_REPRESENTATION_CONTEXT() REPRESENTATION_CONTEXT('2D SPACE',''
  ) );
#4835 = ORIENTED_EDGE('',*,*,#4836,.F.);
#4836 = EDGE_CURVE('',#4837,#4756,#4839,.T.);
#4837 = VERTEX_POINT('',#4838);
#4838 = CARTESIAN_POINT('',(212.64272071503,57.003891566969,
    539.80160272223));
#4839 = SURFACE_CURVE('',#4840,(#4845,#4855),.PCURVE_S1.);
#4840 = ELLIPSE('',#4841,122.08986691378,6.);
#4841 = AXIS2_PLACEMENT_3D('',#4842,#4843,#4844);
#4842 = CARTESIAN_POINT('',(108.40779737626,60.,545.));
#4843 = DIRECTION('',(-4.91441276141E-02,2.277348593406E-02,
    -0.998532034068));
#4844 = DIRECTION('',(0.998791697363,1.12053704683E-03,
    -4.913135125028E-02));
#4845 = PCURVE('',#266,#4846);
#4846 = DEFINITIONAL_REPRESENTATION('',(#4847),#4854);
#4847 = B_SPLINE_CURVE_WITH_KNOTS('',5,(#4848,#4849,#4850,#4851,#4852,
    #4853),.UNSPECIFIED.,.F.,.F.,(6,6),(0.51069270445,0.653815528685),
  .PIECEWISE_BEZIER_KNOTS.);
#4848 = CARTESIAN_POINT('',(2.65370296175,299.79104771377));
#4849 = CARTESIAN_POINT('',(2.625078396903,298.08493248242));
#4850 = CARTESIAN_POINT('',(2.596453832056,296.26985879315));
#4851 = CARTESIAN_POINT('',(2.567829267209,294.34873882884));
#4852 = CARTESIAN_POINT('',(2.539204702362,292.32485755117));
#4853 = CARTESIAN_POINT('',(2.510580137515,290.20183915119));
#4854 = ( GEOMETRIC_REPRESENTATION_CONTEXT(2) 
PARAMETRIC_REPRESENTATION_CONTEXT() REPRESENTATION_CONTEXT('2D SPACE',''
  ) );
#4855 = PCURVE('',#4856,#4861);
#4856 = PLANE('',#4857);
#4857 = AXIS2_PLACEMENT_3D('',#4858,#4859,#4860);
#4858 = CARTESIAN_POINT('',(210.,60.,540.));
#4859 = DIRECTION('',(-4.91441276141E-02,2.277348593406E-02,
    -0.998532034068));
#4860 = DIRECTION('',(-0.998791069994,2.168404344971E-19,
    4.915687642355E-02));
#4861 = DEFINITIONAL_REPRESENTATION('',(#4862),#4866);
#4862 = ELLIPSE('',#4863,122.08986691378,6.);
#4863 = AXIS2_PLACEMENT_2D('',#4864,#4865);
#4864 = CARTESIAN_POINT('',(101.71516914374,1.471045507628E-15));
#4865 = DIRECTION('',(-0.999999371872,1.1208277329E-03));
#4866 = ( GEOMETRIC_REPRESENTATION_CONTEXT(2) 
PARAMETRIC_REPRESENTATION_CONTEXT() REPRESENTATION_CONTEXT('2D SPACE',''
  ) );
#4867 = ORIENTED_EDGE('',*,*,#4868,.F.);
#4868 = EDGE_CURVE('',#4869,#4837,#4871,.T.);
#4869 = VERTEX_POINT('',#4870);
#4870 = CARTESIAN_POINT('',(212.32409070221,63.255302014811,
    539.95986024079));
#4871 = SURFACE_CURVE('',#4872,(#4917,#4965),.PCURVE_S1.);
#4872 = B_SPLINE_CURVE_WITH_KNOTS('',7,(#4873,#4874,#4875,#4876,#4877,
    #4878,#4879,#4880,#4881,#4882,#4883,#4884,#4885,#4886,#4887,#4888,
    #4889,#4890,#4891,#4892,#4893,#4894,#4895,#4896,#4897,#4898,#4899,
    #4900,#4901,#4902,#4903,#4904,#4905,#4906,#4907,#4908,#4909,#4910,
    #4911,#4912,#4913,#4914,#4915,#4916),.UNSPECIFIED.,.F.,.F.,(8,6,6,6,
    6,6,6,8),(0.,0.318223088578,0.395350005618,0.491343376481,
    0.522059504593,0.653200958758,0.729843985462,1.),.UNSPECIFIED.);
#4873 = CARTESIAN_POINT('',(212.3240891968,63.255303098205,
    539.95986094049));
#4874 = CARTESIAN_POINT('',(212.54824899683,63.09398182155,
    539.85566745585));
#4875 = CARTESIAN_POINT('',(212.76199488835,62.911669085022,
    539.74645301508));
#4876 = CARTESIAN_POINT('',(212.96469920929,62.707393112595,
    539.63484840287));
#4877 = CARTESIAN_POINT('',(213.15488605317,62.479788046303,
    539.52364638155));
#4878 = CARTESIAN_POINT('',(213.33009802992,62.227345118577,
    539.41613337113));
#4879 = CARTESIAN_POINT('',(213.48672112503,61.948704606012,
    539.31638058865));
#4880 = CARTESIAN_POINT('',(213.65190710629,61.569006093559,
    539.2082686872));
#4881 = CARTESIAN_POINT('',(213.68272969079,61.493376734388,
    539.18793390149));
#4882 = CARTESIAN_POINT('',(213.71205877897,61.416229661722,
    539.16843848544));
#4883 = CARTESIAN_POINT('',(213.73980617436,61.337606224206,
    539.14986418436));
#4884 = CARTESIAN_POINT('',(213.76588601778,61.257551010224,
    539.13229099265));
#4885 = CARTESIAN_POINT('',(213.79021457299,61.176111841593,
    539.11579678607));
#4886 = CARTESIAN_POINT('',(213.84070818902,60.99032034508,
    539.08136475803));
#4887 = CARTESIAN_POINT('',(213.86588591981,60.885165282004,
    539.06404760446));
#4888 = CARTESIAN_POINT('',(213.88803306092,60.778136004505,
    539.04868656624));
#4889 = CARTESIAN_POINT('',(213.906975955,60.669501346475,539.0354359891
    ));
#4890 = CARTESIAN_POINT('',(213.92257652411,60.559537047428,
    539.02442197495));
#4891 = CARTESIAN_POINT('',(213.93473136263,60.448525250696,
    539.01574086544));
#4892 = CARTESIAN_POINT('',(213.94613530238,60.300989240219,
    539.00744723531));
#4893 = CARTESIAN_POINT('',(213.94853942064,60.265152487677,
    539.00568258258));
#4894 = CARTESIAN_POINT('',(213.95058096971,60.229254308871,
    539.00416586979));
#4895 = CARTESIAN_POINT('',(213.95225821083,60.193306088736,
    539.00289879151));
#4896 = CARTESIAN_POINT('',(213.95356988186,60.157320032273,
    539.00188263446));
#4897 = CARTESIAN_POINT('',(213.95451519724,60.121309164547,
    539.00111827743));
#4898 = CARTESIAN_POINT('',(213.95756437764,59.931493348029,
    538.99841985742));
#4899 = CARTESIAN_POINT('',(213.95334905675,59.777703377592,
    539.00083410598));
#4900 = CARTESIAN_POINT('',(213.9424701766,59.624693907661,
    539.00785241752));
#4901 = CARTESIAN_POINT('',(213.92507803891,59.473240857589,
    539.01936140137));
#4902 = CARTESIAN_POINT('',(213.90144992869,59.324110845724,
    539.03513087998));
#4903 = CARTESIAN_POINT('',(213.87199240192,59.178052826335,
    539.05481892215));
#4904 = CARTESIAN_POINT('',(213.81694056057,58.952647458845,
    539.09151892567));
#4905 = CARTESIAN_POINT('',(213.79481251562,58.870737457427,
    539.10625326656));
#4906 = CARTESIAN_POINT('',(213.77094296414,58.79011438524,
    539.12211482461));
#4907 = CARTESIAN_POINT('',(213.74541393393,58.710829502013,
    539.13903074307));
#4908 = CARTESIAN_POINT('',(213.71830947516,58.632931032344,
    539.15692566929));
#4909 = CARTESIAN_POINT('',(213.68971586571,58.556464164804,
    539.17572209209));
#4910 = CARTESIAN_POINT('',(213.55399696281,58.217130750306,
    539.26449347121));
#4911 = CARTESIAN_POINT('',(213.4310132347,57.971452935999,
    539.34376947285));
#4912 = CARTESIAN_POINT('',(213.29390773076,57.744123294113,
    539.43018757943));
#4913 = CARTESIAN_POINT('',(213.14506017121,57.534495523405,
    539.5211954603));
#4914 = CARTESIAN_POINT('',(212.98620934005,57.341765334278,
    539.61464048877));
#4915 = CARTESIAN_POINT('',(212.81853703335,57.16512385788,
    539.70867606863));
#4916 = CARTESIAN_POINT('',(212.64271951385,57.003890465422,
    539.8016033571));
#4917 = PCURVE('',#266,#4918);
#4918 = DEFINITIONAL_REPRESENTATION('',(#4919),#4964);
#4919 = B_SPLINE_CURVE_WITH_KNOTS('',7,(#4920,#4921,#4922,#4923,#4924,
    #4925,#4926,#4927,#4928,#4929,#4930,#4931,#4932,#4933,#4934,#4935,
    #4936,#4937,#4938,#4939,#4940,#4941,#4942,#4943,#4944,#4945,#4946,
    #4947,#4948,#4949,#4950,#4951,#4952,#4953,#4954,#4955,#4956,#4957,
    #4958,#4959,#4960,#4961,#4962,#4963),.UNSPECIFIED.,.F.,.F.,(8,6,6,6,
    6,6,6,8),(0.,0.318223088578,0.395350005618,0.491343376481,
    0.522059504593,0.653200958758,0.729843985462,1.),.UNSPECIFIED.);
#4920 = CARTESIAN_POINT('',(3.715063041599,297.32408919681));
#4921 = CARTESIAN_POINT('',(3.683055734905,297.54824899684));
#4922 = CARTESIAN_POINT('',(3.647655516782,297.76199488834));
#4923 = CARTESIAN_POINT('',(3.608910708782,297.96469920931));
#4924 = CARTESIAN_POINT('',(3.566777801327,298.15488605317));
#4925 = CARTESIAN_POINT('',(3.521162627094,298.33009802992));
#4926 = CARTESIAN_POINT('',(3.471944969425,298.48672112503));
#4927 = CARTESIAN_POINT('',(3.406146636199,298.65190710629));
#4928 = CARTESIAN_POINT('',(3.393095482654,298.68272969079));
#4929 = CARTESIAN_POINT('',(3.379835903856,298.71205877897));
#4930 = CARTESIAN_POINT('',(3.366374279907,298.73980617436));
#4931 = CARTESIAN_POINT('',(3.352716915988,298.76588601778));
#4932 = CARTESIAN_POINT('',(3.3388700376,298.79021457299));
#4933 = CARTESIAN_POINT('',(3.307377514355,298.84070818902));
#4934 = CARTESIAN_POINT('',(3.289619163795,298.86588591981));
#4935 = CARTESIAN_POINT('',(3.271604405967,298.88803306092));
#4936 = CARTESIAN_POINT('',(3.253371925146,298.906975955));
#4937 = CARTESIAN_POINT('',(3.234959782579,298.92257652411));
#4938 = CARTESIAN_POINT('',(3.216405781007,298.93473136263));
#4939 = CARTESIAN_POINT('',(3.191777624871,298.94613530238));
#4940 = CARTESIAN_POINT('',(3.185797741141,298.94853942064));
#4941 = CARTESIAN_POINT('',(3.179809605949,298.95058096971));
#4942 = CARTESIAN_POINT('',(3.173814778035,298.95225821083));
#4943 = CARTESIAN_POINT('',(3.167814946946,298.95356988186));
#4944 = CARTESIAN_POINT('',(3.161811933028,298.95451519724));
#4945 = CARTESIAN_POINT('',(3.130172767044,298.95756437764));
#4946 = CARTESIAN_POINT('',(3.104549409535,298.95334905675));
#4947 = CARTESIAN_POINT('',(3.079039535805,298.9424701766));
#4948 = CARTESIAN_POINT('',(3.05374472261,298.92507803891));
#4949 = CARTESIAN_POINT('',(3.028767766953,298.90144992869));
#4950 = CARTESIAN_POINT('',(3.004213828721,298.87199240192));
#4951 = CARTESIAN_POINT('',(2.966151573448,298.81694056057));
#4952 = CARTESIAN_POINT('',(2.952282698868,298.79481251562));
#4953 = CARTESIAN_POINT('',(2.938590811571,298.77094296414));
#4954 = CARTESIAN_POINT('',(2.925082273528,298.74541393393));
#4955 = CARTESIAN_POINT('',(2.911763529436,298.71830947516));
#4956 = CARTESIAN_POINT('',(2.898641111239,298.68971586571));
#4957 = CARTESIAN_POINT('',(2.840182311895,298.55399696281));
#4958 = CARTESIAN_POINT('',(2.797225124631,298.4310132347));
#4959 = CARTESIAN_POINT('',(2.756770864475,298.29390773076));
#4960 = CARTESIAN_POINT('',(2.718747528242,298.14506017121));
#4961 = CARTESIAN_POINT('',(2.68309156305,297.98620934005));
#4962 = CARTESIAN_POINT('',(2.649758421755,297.81853703335));
#4963 = CARTESIAN_POINT('',(2.618742436725,297.64271951385));
#4964 = ( GEOMETRIC_REPRESENTATION_CONTEXT(2) 
PARAMETRIC_REPRESENTATION_CONTEXT() REPRESENTATION_CONTEXT('2D SPACE',''
  ) );
#4965 = PCURVE('',#4807,#4966);
#4966 = DEFINITIONAL_REPRESENTATION('',(#4967),#5012);
#4967 = B_SPLINE_CURVE_WITH_KNOTS('',7,(#4968,#4969,#4970,#4971,#4972,
    #4973,#4974,#4975,#4976,#4977,#4978,#4979,#4980,#4981,#4982,#4983,
    #4984,#4985,#4986,#4987,#4988,#4989,#4990,#4991,#4992,#4993,#4994,
    #4995,#4996,#4997,#4998,#4999,#5000,#5001,#5002,#5003,#5004,#5005,
    #5006,#5007,#5008,#5009,#5010,#5011),.UNSPECIFIED.,.F.,.F.,(8,6,6,6,
    6,6,6,8),(0.,0.318223088578,0.395350005618,0.491343376481,
    0.522059504593,0.653200958758,0.729843985462,1.),.UNSPECIFIED.);
#4968 = CARTESIAN_POINT('',(2.190523586658,-6.E-07));
#4969 = CARTESIAN_POINT('',(2.260855359497,8.934994651487E-02));
#4970 = CARTESIAN_POINT('',(2.332186058045,0.183747812117));
#4971 = CARTESIAN_POINT('',(2.405062873558,0.280574789936));
#4972 = CARTESIAN_POINT('',(2.479986834917,0.377083642787));
#4973 = CARTESIAN_POINT('',(2.557454182186,0.470079182773));
#4974 = CARTESIAN_POINT('',(2.637964082296,0.555642810348));
#4975 = CARTESIAN_POINT('',(2.742495854096,0.646831027533));
#4976 = CARTESIAN_POINT('',(2.763093573784,0.663898869302));
#4977 = CARTESIAN_POINT('',(2.783891521447,0.680167406514));
#4978 = CARTESIAN_POINT('',(2.804885577046,0.695560289869));
#4979 = CARTESIAN_POINT('',(2.826072352189,0.710002877284));
#4980 = CARTESIAN_POINT('',(2.847449146967,0.723422611555));
#4981 = CARTESIAN_POINT('',(2.895853745186,0.751091509803));
#4982 = CARTESIAN_POINT('',(2.923003217002,0.764751157415));
#4983 = CARTESIAN_POINT('',(2.950415316398,0.776563814482));
#4984 = CARTESIAN_POINT('',(2.978047203294,0.78639001837));
#4985 = CARTESIAN_POINT('',(3.005859011727,0.794116917544));
#4986 = CARTESIAN_POINT('',(3.033812658204,0.799659818948));
#4987 = CARTESIAN_POINT('',(3.070848695768,0.804020928383));
#4988 = CARTESIAN_POINT('',(3.079835976605,0.80484871459));
#4989 = CARTESIAN_POINT('',(3.088830990784,0.805445344083));
#4990 = CARTESIAN_POINT('',(3.097832046794,0.805809469492));
#4991 = CARTESIAN_POINT('',(3.106837263384,0.805940145985));
#4992 = CARTESIAN_POINT('',(3.115844569573,0.805836831275));
#4993 = CARTESIAN_POINT('',(3.1633073585,0.80405867296));
#4994 = CARTESIAN_POINT('',(3.201708827913,0.798352792969));
#4995 = CARTESIAN_POINT('',(3.239955033513,0.788394858135));
#4996 = CARTESIAN_POINT('',(3.277945005618,0.774308376608));
#4997 = CARTESIAN_POINT('',(3.315573530555,0.756327019698));
#4998 = CARTESIAN_POINT('',(3.352726566865,0.734789293104));
#4999 = CARTESIAN_POINT('',(3.410637276114,0.695715372689));
#5000 = CARTESIAN_POINT('',(3.431808463706,0.680224748513));
#5001 = CARTESIAN_POINT('',(3.45278799565,0.663723454574));
#5002 = CARTESIAN_POINT('',(3.473573243725,0.646281376849));
#5003 = CARTESIAN_POINT('',(3.494160907872,0.627970725049));
#5004 = CARTESIAN_POINT('',(3.514546974081,0.608865685621));
#5005 = CARTESIAN_POINT('',(3.605857303105,0.519166602197));
#5006 = CARTESIAN_POINT('',(3.674329433946,0.440455962811));
#5007 = CARTESIAN_POINT('',(3.740502862212,0.355725557049));
#5008 = CARTESIAN_POINT('',(3.804693539282,0.267392301018));
#5009 = CARTESIAN_POINT('',(3.86720714019,0.177501893924));
#5010 = CARTESIAN_POINT('',(3.928358772283,8.782172216013E-02));
#5011 = CARTESIAN_POINT('',(3.988478822849,-6.E-07));
#5012 = ( GEOMETRIC_REPRESENTATION_CONTEXT(2) 
PARAMETRIC_REPRESENTATION_CONTEXT() REPRESENTATION_CONTEXT('2D SPACE',''
  ) );
#5013 = ORIENTED_EDGE('',*,*,#5014,.F.);
#5014 = EDGE_CURVE('',#5015,#4869,#5017,.T.);
#5015 = VERTEX_POINT('',#5016);
#5016 = CARTESIAN_POINT('',(208.18488249267,63.560374460891,
    540.17053484346));
#5017 = SURFACE_CURVE('',#5018,(#5023,#5033),.PCURVE_S1.);
#5018 = ELLIPSE('',#5019,122.08986691378,6.);
#5019 = AXIS2_PLACEMENT_3D('',#5020,#5021,#5022);
#5020 = CARTESIAN_POINT('',(108.40779737626,60.,545.));
#5021 = DIRECTION('',(-4.91441276141E-02,2.277348593406E-02,
    -0.998532034068));
#5022 = DIRECTION('',(0.998791697363,1.12053704683E-03,
    -4.913135125028E-02));
#5023 = PCURVE('',#266,#5024);
#5024 = DEFINITIONAL_REPRESENTATION('',(#5025),#5032);
#5025 = B_SPLINE_CURVE_WITH_KNOTS('',5,(#5026,#5027,#5028,#5029,#5030,
    #5031),.UNSPECIFIED.,.F.,.F.,(6,6),(5.629479942766,5.772602767001),
  .PIECEWISE_BEZIER_KNOTS.);
#5026 = CARTESIAN_POINT('',(3.818101030613,290.21000919546));
#5027 = CARTESIAN_POINT('',(3.789476465767,292.3327223518));
#5028 = CARTESIAN_POINT('',(3.76085190092,294.35629001803));
#5029 = CARTESIAN_POINT('',(3.732227336073,296.27708852412));
#5030 = CARTESIAN_POINT('',(3.703602771226,298.09183345805));
#5031 = CARTESIAN_POINT('',(3.674978206379,299.79761320965));
#5032 = ( GEOMETRIC_REPRESENTATION_CONTEXT(2) 
PARAMETRIC_REPRESENTATION_CONTEXT() REPRESENTATION_CONTEXT('2D SPACE',''
  ) );
#5033 = PCURVE('',#5034,#5039);
#5034 = PLANE('',#5035);
#5035 = AXIS2_PLACEMENT_3D('',#5036,#5037,#5038);
#5036 = CARTESIAN_POINT('',(210.,60.,540.));
#5037 = DIRECTION('',(-4.91441276141E-02,2.277348593406E-02,
    -0.998532034068));
#5038 = DIRECTION('',(-0.998791069994,2.168404344971E-19,
    4.915687642355E-02));
#5039 = DEFINITIONAL_REPRESENTATION('',(#5040),#5044);
#5040 = ELLIPSE('',#5041,122.08986691378,6.);
#5041 = AXIS2_PLACEMENT_2D('',#5042,#5043);
#5042 = CARTESIAN_POINT('',(101.71516914374,1.471045507628E-15));
#5043 = DIRECTION('',(-0.999999371872,1.1208277329E-03));
#5044 = ( GEOMETRIC_REPRESENTATION_CONTEXT(2) 
PARAMETRIC_REPRESENTATION_CONTEXT() REPRESENTATION_CONTEXT('2D SPACE',''
  ) );
#5045 = ORIENTED_EDGE('',*,*,#5046,.F.);
#5046 = EDGE_CURVE('',#4758,#5015,#5047,.T.);
#5047 = SURFACE_CURVE('',#5048,(#5081,#5117),.PCURVE_S1.);
#5048 = B_SPLINE_CURVE_WITH_KNOTS('',7,(#5049,#5050,#5051,#5052,#5053,
    #5054,#5055,#5056,#5057,#5058,#5059,#5060,#5061,#5062,#5063,#5064,
    #5065,#5066,#5067,#5068,#5069,#5070,#5071,#5072,#5073,#5074,#5075,
    #5076,#5077,#5078,#5079,#5080),.UNSPECIFIED.,.F.,.F.,(8,6,6,6,6,8),(
    0.,7.238190267433E-03,0.199895652286,0.320071796163,0.890213931353,
    1.),.UNSPECIFIED.);
#5049 = CARTESIAN_POINT('',(205.94594510576,60.027290027121,
    539.00006206245));
#5050 = CARTESIAN_POINT('',(205.94594633027,60.032760144702,
    539.00008694265));
#5051 = CARTESIAN_POINT('',(205.94595657631,60.038230329958,
    539.00011764154));
#5052 = CARTESIAN_POINT('',(205.94597584509,60.043700534318,
    539.00015415926));
#5053 = CARTESIAN_POINT('',(205.94600413745,60.049170709202,
    539.00019649568));
#5054 = CARTESIAN_POINT('',(205.94604145391,60.054640806021,
    539.00024465039));
#5055 = CARTESIAN_POINT('',(205.9460877946,60.060110776181,
    539.00029862269));
#5056 = CARTESIAN_POINT('',(205.94761679037,60.211169007293,
    539.00194980217));
#5057 = CARTESIAN_POINT('',(205.95548174719,60.356457299856,
    539.00766010289));
#5058 = CARTESIAN_POINT('',(205.96970758515,60.500690514493,
    539.01745499738));
#5059 = CARTESIAN_POINT('',(205.99012625251,60.643119681765,
    539.03119007219));
#5060 = CARTESIAN_POINT('',(206.01643215,60.783007808624,539.04861215072
    ));
#5061 = CARTESIAN_POINT('',(206.04817928602,60.919635619577,
    539.06936507313));
#5062 = CARTESIAN_POINT('',(206.10760358258,61.135064985781,
    539.10774290164));
#5063 = CARTESIAN_POINT('',(206.13234799672,61.21639060554,
    539.12362633546));
#5064 = CARTESIAN_POINT('',(206.15890984063,61.296238084299,
    539.14056974737));
#5065 = CARTESIAN_POINT('',(206.18718880635,61.374564903321,539.1584909)
  );
#5066 = CARTESIAN_POINT('',(206.21708299311,61.451331827366,
    539.17730615918));
#5067 = CARTESIAN_POINT('',(206.2484886932,61.526502904458,
    539.19693085817));
#5068 = CARTESIAN_POINT('',(206.43696509901,61.948947598074,
    539.31381887575));
#5069 = CARTESIAN_POINT('',(206.62424128104,62.261131682935,
    539.42663813417));
#5070 = CARTESIAN_POINT('',(206.83421548362,62.538486897292,
    539.54809850494));
#5071 = CARTESIAN_POINT('',(207.06107095824,62.78394056487,
    539.67250386941));
#5072 = CARTESIAN_POINT('',(207.30142999515,63.000572271372,
    539.7958204291));
#5073 = CARTESIAN_POINT('',(207.55394703444,63.190976467989,
    539.91496161551));
#5074 = CARTESIAN_POINT('',(207.87000800414,63.388538972769,
    540.04830485637));
#5075 = CARTESIAN_POINT('',(207.92146727032,63.419497682828,
    540.06954761889));
#5076 = CARTESIAN_POINT('',(207.97334450284,63.449522367903,
    540.09047690576));
#5077 = CARTESIAN_POINT('',(208.02563208321,63.478618774591,
    540.11106674018));
#5078 = CARTESIAN_POINT('',(208.07832261058,63.506791276719,
    540.13129085379));
#5079 = CARTESIAN_POINT('',(208.13140890174,63.534042875344,
    540.1511226867));
#5080 = CARTESIAN_POINT('',(208.1848839911,63.56037519875,
    540.17053538742));
#5081 = PCURVE('',#266,#5082);
#5082 = DEFINITIONAL_REPRESENTATION('',(#5083),#5116);
#5083 = B_SPLINE_CURVE_WITH_KNOTS('',7,(#5084,#5085,#5086,#5087,#5088,
    #5089,#5090,#5091,#5092,#5093,#5094,#5095,#5096,#5097,#5098,#5099,
    #5100,#5101,#5102,#5103,#5104,#5105,#5106,#5107,#5108,#5109,#5110,
    #5111,#5112,#5113,#5114,#5115),.UNSPECIFIED.,.F.,.F.,(8,6,6,6,6,8),(
    0.,7.238190267433E-03,0.199895652286,0.320071796163,0.890213931353,
    1.),.UNSPECIFIED.);
#5084 = CARTESIAN_POINT('',(3.146141007126,290.94594510576));
#5085 = CARTESIAN_POINT('',(3.14705270282,290.94594633027));
#5086 = CARTESIAN_POINT('',(3.147964414203,290.94595657631));
#5087 = CARTESIAN_POINT('',(3.14887613442,290.94597584509));
#5088 = CARTESIAN_POINT('',(3.14978785661,290.94600413745));
#5089 = CARTESIAN_POINT('',(3.150699573914,290.94604145391));
#5090 = CARTESIAN_POINT('',(3.151611279469,290.9460877946));
#5091 = CARTESIAN_POINT('',(3.176789155329,290.94761679037));
#5092 = CARTESIAN_POINT('',(3.201012828965,290.95548174719));
#5093 = CARTESIAN_POINT('',(3.225091432636,290.96970758515));
#5094 = CARTESIAN_POINT('',(3.248922898298,290.99012625251));
#5095 = CARTESIAN_POINT('',(3.272403960161,291.01643215));
#5096 = CARTESIAN_POINT('',(3.295428934891,291.04817928602));
#5097 = CARTESIAN_POINT('',(3.331899116601,291.10760358258));
#5098 = CARTESIAN_POINT('',(3.345707579459,291.13234799672));
#5099 = CARTESIAN_POINT('',(3.359308981783,291.15890984063));
#5100 = CARTESIAN_POINT('',(3.372697849242,291.18718880635));
#5101 = CARTESIAN_POINT('',(3.385868622069,291.21708299311));
#5102 = CARTESIAN_POINT('',(3.398815670756,291.2484886932));
#5103 = CARTESIAN_POINT('',(3.471868605866,291.43696509901));
#5104 = CARTESIAN_POINT('',(3.52702940424,291.62424128104));
#5105 = CARTESIAN_POINT('',(3.577338485248,291.83421548362));
#5106 = CARTESIAN_POINT('',(3.623094479028,292.06107095824));
#5107 = CARTESIAN_POINT('',(3.664579451161,292.30142999515));
#5108 = CARTESIAN_POINT('',(3.701991598898,292.55394703444));
#5109 = CARTESIAN_POINT('',(3.741716822894,292.87000800414));
#5110 = CARTESIAN_POINT('',(3.747974297845,292.92146727032));
#5111 = CARTESIAN_POINT('',(3.754073938066,292.97334450284));
#5112 = CARTESIAN_POINT('',(3.760014454543,293.02563208321));
#5113 = CARTESIAN_POINT('',(3.765794260264,293.07832261058));
#5114 = CARTESIAN_POINT('',(3.771411470216,293.13140890174));
#5115 = CARTESIAN_POINT('',(3.77686390139,293.1848839911));
#5116 = ( GEOMETRIC_REPRESENTATION_CONTEXT(2) 
PARAMETRIC_REPRESENTATION_CONTEXT() REPRESENTATION_CONTEXT('2D SPACE',''
  ) );
#5117 = PCURVE('',#4807,#5118);
#5118 = DEFINITIONAL_REPRESENTATION('',(#5119),#5152);
#5119 = B_SPLINE_CURVE_WITH_KNOTS('',7,(#5120,#5121,#5122,#5123,#5124,
    #5125,#5126,#5127,#5128,#5129,#5130,#5131,#5132,#5133,#5134,#5135,
    #5136,#5137,#5138,#5139,#5140,#5141,#5142,#5143,#5144,#5145,#5146,
    #5147,#5148,#5149,#5150,#5151),.UNSPECIFIED.,.F.,.F.,(8,6,6,6,6,8),(
    0.,7.238190267433E-03,0.199895652286,0.320071796163,0.890213931353,
    1.),.UNSPECIFIED.);
#5120 = CARTESIAN_POINT('',(0.,1.198324542846));
#5121 = CARTESIAN_POINT('',(1.367316551006E-03,1.198424212637));
#5122 = CARTESIAN_POINT('',(2.734685628729E-03,1.198517630465));
#5123 = CARTESIAN_POINT('',(4.102099270693E-03,1.198604795025));
#5124 = CARTESIAN_POINT('',(5.469549511134E-03,1.198685705302));
#5125 = CARTESIAN_POINT('',(6.837028381004E-03,1.198760360575));
#5126 = CARTESIAN_POINT('',(8.204527907968E-03,1.198828760413));
#5127 = CARTESIAN_POINT('',(4.597083893523E-02,1.200544986149));
#5128 = CARTESIAN_POINT('',(8.233462535989E-02,1.197765272405));
#5129 = CARTESIAN_POINT('',(0.11855321961,1.190570333168));
#5130 = CARTESIAN_POINT('',(0.15451625468,1.179095572025));
#5131 = CARTESIAN_POINT('',(0.190108364067,1.16359202842));
#5132 = CARTESIAN_POINT('',(0.225204199767,1.144420876821));
#5133 = CARTESIAN_POINT('',(0.281158214633,1.108085108086));
#5134 = CARTESIAN_POINT('',(0.302433207533,1.092861015809));
#5135 = CARTESIAN_POINT('',(0.323486852202,1.076455523044));
#5136 = CARTESIAN_POINT('',(0.344316963367,1.058954707666));
#5137 = CARTESIAN_POINT('',(0.364920559264,1.040446195384));
#5138 = CARTESIAN_POINT('',(0.385293843393,1.021018806514));
#5139 = CARTESIAN_POINT('',(0.500972926979,0.904660406314));
#5140 = CARTESIAN_POINT('',(0.591208142586,0.789912757998));
#5141 = CARTESIAN_POINT('',(0.677112148669,0.664628032971));
#5142 = CARTESIAN_POINT('',(0.759497959644,0.534846512591));
#5143 = CARTESIAN_POINT('',(0.839228578337,0.404832201347));
#5144 = CARTESIAN_POINT('',(0.917209665576,0.277792347829));
#5145 = CARTESIAN_POINT('',(1.00937723779,0.133611496608));
#5146 = CARTESIAN_POINT('',(1.024222397841,0.110576034735));
#5147 = CARTESIAN_POINT('',(1.039035536711,8.781177675319E-02));
#5148 = CARTESIAN_POINT('',(1.053821303958,6.534516659742E-02));
#5149 = CARTESIAN_POINT('',(1.068584144808,4.320289737411E-02));
#5150 = CARTESIAN_POINT('',(1.083328300155,2.14119113595E-02));
#5151 = CARTESIAN_POINT('',(1.098057806563,-6.E-07));
#5152 = ( GEOMETRIC_REPRESENTATION_CONTEXT(2) 
PARAMETRIC_REPRESENTATION_CONTEXT() REPRESENTATION_CONTEXT('2D SPACE',''
  ) );
#5153 = ADVANCED_FACE('',(#5154),#95,.T.);
#5154 = FACE_BOUND('',#5155,.T.);
#5155 = EDGE_LOOP('',(#5156,#5157));
#5156 = ORIENTED_EDGE('',*,*,#78,.T.);
#5157 = ORIENTED_EDGE('',*,*,#1200,.F.);
#5158 = ADVANCED_FACE('',(#5159),#1367,.T.);
#5159 = FACE_BOUND('',#5160,.T.);
#5160 = EDGE_LOOP('',(#5161,#5184,#5185,#5186,#5207));
#5161 = ORIENTED_EDGE('',*,*,#5162,.T.);
#5162 = EDGE_CURVE('',#5163,#1349,#5165,.T.);
#5163 = VERTEX_POINT('',#5164);
#5164 = CARTESIAN_POINT('',(215.,-60.,550.));
#5165 = SURFACE_CURVE('',#5166,(#5170,#5177),.PCURVE_S1.);
#5166 = LINE('',#5167,#5168);
#5167 = CARTESIAN_POINT('',(215.,-60.,550.));
#5168 = VECTOR('',#5169,1.);
#5169 = DIRECTION('',(0.,1.,0.));
#5170 = PCURVE('',#1367,#5171);
#5171 = DEFINITIONAL_REPRESENTATION('',(#5172),#5176);
#5172 = LINE('',#5173,#5174);
#5173 = CARTESIAN_POINT('',(5.,0.));
#5174 = VECTOR('',#5175,1.);
#5175 = DIRECTION('',(0.,-1.));
#5176 = ( GEOMETRIC_REPRESENTATION_CONTEXT(2) 
PARAMETRIC_REPRESENTATION_CONTEXT() REPRESENTATION_CONTEXT('2D SPACE',''
  ) );
#5177 = PCURVE('',#1513,#5178);
#5178 = DEFINITIONAL_REPRESENTATION('',(#5179),#5183);
#5179 = LINE('',#5180,#5181);
#5180 = CARTESIAN_POINT('',(0.,-0.));
#5181 = VECTOR('',#5182,1.);
#5182 = DIRECTION('',(0.,1.));
#5183 = ( GEOMETRIC_REPRESENTATION_CONTEXT(2) 
PARAMETRIC_REPRESENTATION_CONTEXT() REPRESENTATION_CONTEXT('2D SPACE',''
  ) );
#5184 = ORIENTED_EDGE('',*,*,#1348,.T.);
#5185 = ORIENTED_EDGE('',*,*,#1584,.T.);
#5186 = ORIENTED_EDGE('',*,*,#5187,.F.);
#5187 = EDGE_CURVE('',#5188,#1380,#5190,.T.);
#5188 = VERTEX_POINT('',#5189);
#5189 = CARTESIAN_POINT('',(215.,-60.,540.));
#5190 = SURFACE_CURVE('',#5191,(#5195,#5201),.PCURVE_S1.);
#5191 = LINE('',#5192,#5193);
#5192 = CARTESIAN_POINT('',(215.,-60.,540.));
#5193 = VECTOR('',#5194,1.);
#5194 = DIRECTION('',(0.,1.,0.));
#5195 = PCURVE('',#1367,#5196);
#5196 = DEFINITIONAL_REPRESENTATION('',(#5197),#5200);
#5197 = B_SPLINE_CURVE_WITH_KNOTS('',1,(#5198,#5199),.UNSPECIFIED.,.F.,
  .F.,(2,2),(-5.999999999062E-07,7.2),.PIECEWISE_BEZIER_KNOTS.);
#5198 = CARTESIAN_POINT('',(-5.,5.999999999062E-07));
#5199 = CARTESIAN_POINT('',(-5.,-7.2));
#5200 = ( GEOMETRIC_REPRESENTATION_CONTEXT(2) 
PARAMETRIC_REPRESENTATION_CONTEXT() REPRESENTATION_CONTEXT('2D SPACE',''
  ) );
#5201 = PCURVE('',#1513,#5202);
#5202 = DEFINITIONAL_REPRESENTATION('',(#5203),#5206);
#5203 = B_SPLINE_CURVE_WITH_KNOTS('',1,(#5204,#5205),.UNSPECIFIED.,.F.,
  .F.,(2,2),(-5.999999999062E-07,7.2),.PIECEWISE_BEZIER_KNOTS.);
#5204 = CARTESIAN_POINT('',(3.14159265359,-5.999999999062E-07));
#5205 = CARTESIAN_POINT('',(3.14159265359,7.2));
#5206 = ( GEOMETRIC_REPRESENTATION_CONTEXT(2) 
PARAMETRIC_REPRESENTATION_CONTEXT() REPRESENTATION_CONTEXT('2D SPACE',''
  ) );
#5207 = ORIENTED_EDGE('',*,*,#5208,.T.);
#5208 = EDGE_CURVE('',#5188,#5163,#5209,.T.);
#5209 = SURFACE_CURVE('',#5210,(#5214,#5220),.PCURVE_S1.);
#5210 = LINE('',#5211,#5212);
#5211 = CARTESIAN_POINT('',(215.,-60.,545.));
#5212 = VECTOR('',#5213,1.);
#5213 = DIRECTION('',(0.,0.,1.));
#5214 = PCURVE('',#1367,#5215);
#5215 = DEFINITIONAL_REPRESENTATION('',(#5216),#5219);
#5216 = B_SPLINE_CURVE_WITH_KNOTS('',1,(#5217,#5218),.UNSPECIFIED.,.F.,
  .F.,(2,2),(-5.,5.),.PIECEWISE_BEZIER_KNOTS.);
#5217 = CARTESIAN_POINT('',(-5.,0.));
#5218 = CARTESIAN_POINT('',(5.,0.));
#5219 = ( GEOMETRIC_REPRESENTATION_CONTEXT(2) 
PARAMETRIC_REPRESENTATION_CONTEXT() REPRESENTATION_CONTEXT('2D SPACE',''
  ) );
#5220 = PCURVE('',#5221,#5226);
#5221 = PLANE('',#5222);
#5222 = AXIS2_PLACEMENT_3D('',#5223,#5224,#5225);
#5223 = CARTESIAN_POINT('',(215.,-60.,545.));
#5224 = DIRECTION('',(0.,1.,0.));
#5225 = DIRECTION('',(0.,-0.,1.));
#5226 = DEFINITIONAL_REPRESENTATION('',(#5227),#5230);
#5227 = B_SPLINE_CURVE_WITH_KNOTS('',1,(#5228,#5229),.UNSPECIFIED.,.F.,
  .F.,(2,2),(-5.,5.),.PIECEWISE_BEZIER_KNOTS.);
#5228 = CARTESIAN_POINT('',(-5.,0.));
#5229 = CARTESIAN_POINT('',(5.,0.));
#5230 = ( GEOMETRIC_REPRESENTATION_CONTEXT(2) 
PARAMETRIC_REPRESENTATION_CONTEXT() REPRESENTATION_CONTEXT('2D SPACE',''
  ) );
#5231 = ADVANCED_FACE('',(#5232),#1513,.T.);
#5232 = FACE_BOUND('',#5233,.T.);
#5233 = EDGE_LOOP('',(#5234,#5265,#5286,#5307,#5328,#5349,#5350,#5372,
    #5373,#5374,#5375,#5376,#5395,#5396,#5397,#5398));
#5234 = ORIENTED_EDGE('',*,*,#5235,.F.);
#5235 = EDGE_CURVE('',#5236,#5238,#5240,.T.);
#5236 = VERTEX_POINT('',#5237);
#5237 = CARTESIAN_POINT('',(215.,60.,550.));
#5238 = VERTEX_POINT('',#5239);
#5239 = CARTESIAN_POINT('',(215.,60.,540.));
#5240 = SURFACE_CURVE('',#5241,(#5246,#5253),.PCURVE_S1.);
#5241 = CIRCLE('',#5242,5.);
#5242 = AXIS2_PLACEMENT_3D('',#5243,#5244,#5245);
#5243 = CARTESIAN_POINT('',(215.,60.,545.));
#5244 = DIRECTION('',(0.,1.,0.));
#5245 = DIRECTION('',(0.,-0.,1.));
#5246 = PCURVE('',#1513,#5247);
#5247 = DEFINITIONAL_REPRESENTATION('',(#5248),#5252);
#5248 = LINE('',#5249,#5250);
#5249 = CARTESIAN_POINT('',(0.,120.));
#5250 = VECTOR('',#5251,1.);
#5251 = DIRECTION('',(1.,0.));
#5252 = ( GEOMETRIC_REPRESENTATION_CONTEXT(2) 
PARAMETRIC_REPRESENTATION_CONTEXT() REPRESENTATION_CONTEXT('2D SPACE',''
  ) );
#5253 = PCURVE('',#5254,#5259);
#5254 = PLANE('',#5255);
#5255 = AXIS2_PLACEMENT_3D('',#5256,#5257,#5258);
#5256 = CARTESIAN_POINT('',(215.,60.,545.));
#5257 = DIRECTION('',(0.,1.,0.));
#5258 = DIRECTION('',(0.,-0.,1.));
#5259 = DEFINITIONAL_REPRESENTATION('',(#5260),#5264);
#5260 = CIRCLE('',#5261,5.);
#5261 = AXIS2_PLACEMENT_2D('',#5262,#5263);
#5262 = CARTESIAN_POINT('',(0.,0.));
#5263 = DIRECTION('',(1.,0.));
#5264 = ( GEOMETRIC_REPRESENTATION_CONTEXT(2) 
PARAMETRIC_REPRESENTATION_CONTEXT() REPRESENTATION_CONTEXT('2D SPACE',''
  ) );
#5265 = ORIENTED_EDGE('',*,*,#5266,.F.);
#5266 = EDGE_CURVE('',#3958,#5236,#5267,.T.);
#5267 = SURFACE_CURVE('',#5268,(#5272,#5279),.PCURVE_S1.);
#5268 = LINE('',#5269,#5270);
#5269 = CARTESIAN_POINT('',(215.,-60.,550.));
#5270 = VECTOR('',#5271,1.);
#5271 = DIRECTION('',(0.,1.,0.));
#5272 = PCURVE('',#1513,#5273);
#5273 = DEFINITIONAL_REPRESENTATION('',(#5274),#5278);
#5274 = LINE('',#5275,#5276);
#5275 = CARTESIAN_POINT('',(0.,-0.));
#5276 = VECTOR('',#5277,1.);
#5277 = DIRECTION('',(0.,1.));
#5278 = ( GEOMETRIC_REPRESENTATION_CONTEXT(2) 
PARAMETRIC_REPRESENTATION_CONTEXT() REPRESENTATION_CONTEXT('2D SPACE',''
  ) );
#5279 = PCURVE('',#3945,#5280);
#5280 = DEFINITIONAL_REPRESENTATION('',(#5281),#5285);
#5281 = LINE('',#5282,#5283);
#5282 = CARTESIAN_POINT('',(5.,120.));
#5283 = VECTOR('',#5284,1.);
#5284 = DIRECTION('',(0.,-1.));
#5285 = ( GEOMETRIC_REPRESENTATION_CONTEXT(2) 
PARAMETRIC_REPRESENTATION_CONTEXT() REPRESENTATION_CONTEXT('2D SPACE',''
  ) );
#5286 = ORIENTED_EDGE('',*,*,#5287,.F.);
#5287 = EDGE_CURVE('',#2622,#3958,#5288,.T.);
#5288 = SEAM_CURVE('',#5289,(#5293,#5300),.PCURVE_S1.);
#5289 = LINE('',#5290,#5291);
#5290 = CARTESIAN_POINT('',(215.,-60.,550.));
#5291 = VECTOR('',#5292,1.);
#5292 = DIRECTION('',(0.,1.,0.));
#5293 = PCURVE('',#1513,#5294);
#5294 = DEFINITIONAL_REPRESENTATION('',(#5295),#5299);
#5295 = LINE('',#5296,#5297);
#5296 = CARTESIAN_POINT('',(6.28318530718,-0.));
#5297 = VECTOR('',#5298,1.);
#5298 = DIRECTION('',(0.,1.));
#5299 = ( GEOMETRIC_REPRESENTATION_CONTEXT(2) 
PARAMETRIC_REPRESENTATION_CONTEXT() REPRESENTATION_CONTEXT('2D SPACE',''
  ) );
#5300 = PCURVE('',#1513,#5301);
#5301 = DEFINITIONAL_REPRESENTATION('',(#5302),#5306);
#5302 = LINE('',#5303,#5304);
#5303 = CARTESIAN_POINT('',(0.,-0.));
#5304 = VECTOR('',#5305,1.);
#5305 = DIRECTION('',(0.,1.));
#5306 = ( GEOMETRIC_REPRESENTATION_CONTEXT(2) 
PARAMETRIC_REPRESENTATION_CONTEXT() REPRESENTATION_CONTEXT('2D SPACE',''
  ) );
#5307 = ORIENTED_EDGE('',*,*,#5308,.F.);
#5308 = EDGE_CURVE('',#2880,#2622,#5309,.T.);
#5309 = SURFACE_CURVE('',#5310,(#5314,#5321),.PCURVE_S1.);
#5310 = LINE('',#5311,#5312);
#5311 = CARTESIAN_POINT('',(215.,-60.,550.));
#5312 = VECTOR('',#5313,1.);
#5313 = DIRECTION('',(0.,1.,0.));
#5314 = PCURVE('',#1513,#5315);
#5315 = DEFINITIONAL_REPRESENTATION('',(#5316),#5320);
#5316 = LINE('',#5317,#5318);
#5317 = CARTESIAN_POINT('',(0.,-0.));
#5318 = VECTOR('',#5319,1.);
#5319 = DIRECTION('',(0.,1.));
#5320 = ( GEOMETRIC_REPRESENTATION_CONTEXT(2) 
PARAMETRIC_REPRESENTATION_CONTEXT() REPRESENTATION_CONTEXT('2D SPACE',''
  ) );
#5321 = PCURVE('',#2638,#5322);
#5322 = DEFINITIONAL_REPRESENTATION('',(#5323),#5327);
#5323 = LINE('',#5324,#5325);
#5324 = CARTESIAN_POINT('',(5.,60.));
#5325 = VECTOR('',#5326,1.);
#5326 = DIRECTION('',(0.,-1.));
#5327 = ( GEOMETRIC_REPRESENTATION_CONTEXT(2) 
PARAMETRIC_REPRESENTATION_CONTEXT() REPRESENTATION_CONTEXT('2D SPACE',''
  ) );
#5328 = ORIENTED_EDGE('',*,*,#5329,.F.);
#5329 = EDGE_CURVE('',#1349,#2880,#5330,.T.);
#5330 = SEAM_CURVE('',#5331,(#5335,#5342),.PCURVE_S1.);
#5331 = LINE('',#5332,#5333);
#5332 = CARTESIAN_POINT('',(215.,-60.,550.));
#5333 = VECTOR('',#5334,1.);
#5334 = DIRECTION('',(0.,1.,0.));
#5335 = PCURVE('',#1513,#5336);
#5336 = DEFINITIONAL_REPRESENTATION('',(#5337),#5341);
#5337 = LINE('',#5338,#5339);
#5338 = CARTESIAN_POINT('',(6.28318530718,-0.));
#5339 = VECTOR('',#5340,1.);
#5340 = DIRECTION('',(0.,1.));
#5341 = ( GEOMETRIC_REPRESENTATION_CONTEXT(2) 
PARAMETRIC_REPRESENTATION_CONTEXT() REPRESENTATION_CONTEXT('2D SPACE',''
  ) );
#5342 = PCURVE('',#1513,#5343);
#5343 = DEFINITIONAL_REPRESENTATION('',(#5344),#5348);
#5344 = LINE('',#5345,#5346);
#5345 = CARTESIAN_POINT('',(0.,-0.));
#5346 = VECTOR('',#5347,1.);
#5347 = DIRECTION('',(0.,1.));
#5348 = ( GEOMETRIC_REPRESENTATION_CONTEXT(2) 
PARAMETRIC_REPRESENTATION_CONTEXT() REPRESENTATION_CONTEXT('2D SPACE',''
  ) );
#5349 = ORIENTED_EDGE('',*,*,#5162,.F.);
#5350 = ORIENTED_EDGE('',*,*,#5351,.T.);
#5351 = EDGE_CURVE('',#5163,#5188,#5352,.T.);
#5352 = SURFACE_CURVE('',#5353,(#5358,#5365),.PCURVE_S1.);
#5353 = CIRCLE('',#5354,5.);
#5354 = AXIS2_PLACEMENT_3D('',#5355,#5356,#5357);
#5355 = CARTESIAN_POINT('',(215.,-60.,545.));
#5356 = DIRECTION('',(0.,1.,0.));
#5357 = DIRECTION('',(0.,-0.,1.));
#5358 = PCURVE('',#1513,#5359);
#5359 = DEFINITIONAL_REPRESENTATION('',(#5360),#5364);
#5360 = LINE('',#5361,#5362);
#5361 = CARTESIAN_POINT('',(0.,0.));
#5362 = VECTOR('',#5363,1.);
#5363 = DIRECTION('',(1.,0.));
#5364 = ( GEOMETRIC_REPRESENTATION_CONTEXT(2) 
PARAMETRIC_REPRESENTATION_CONTEXT() REPRESENTATION_CONTEXT('2D SPACE',''
  ) );
#5365 = PCURVE('',#5221,#5366);
#5366 = DEFINITIONAL_REPRESENTATION('',(#5367),#5371);
#5367 = CIRCLE('',#5368,5.);
#5368 = AXIS2_PLACEMENT_2D('',#5369,#5370);
#5369 = CARTESIAN_POINT('',(0.,0.));
#5370 = DIRECTION('',(1.,0.));
#5371 = ( GEOMETRIC_REPRESENTATION_CONTEXT(2) 
PARAMETRIC_REPRESENTATION_CONTEXT() REPRESENTATION_CONTEXT('2D SPACE',''
  ) );
#5372 = ORIENTED_EDGE('',*,*,#5187,.T.);
#5373 = ORIENTED_EDGE('',*,*,#1379,.T.);
#5374 = ORIENTED_EDGE('',*,*,#5329,.T.);
#5375 = ORIENTED_EDGE('',*,*,#2879,.F.);
#5376 = ORIENTED_EDGE('',*,*,#5377,.T.);
#5377 = EDGE_CURVE('',#2851,#2651,#5378,.T.);
#5378 = SURFACE_CURVE('',#5379,(#5383,#5389),.PCURVE_S1.);
#5379 = LINE('',#5380,#5381);
#5380 = CARTESIAN_POINT('',(215.,-60.,540.));
#5381 = VECTOR('',#5382,1.);
#5382 = DIRECTION('',(0.,1.,0.));
#5383 = PCURVE('',#1513,#5384);
#5384 = DEFINITIONAL_REPRESENTATION('',(#5385),#5388);
#5385 = B_SPLINE_CURVE_WITH_KNOTS('',1,(#5386,#5387),.UNSPECIFIED.,.F.,
  .F.,(2,2),(52.8,67.2),.PIECEWISE_BEZIER_KNOTS.);
#5386 = CARTESIAN_POINT('',(3.14159265359,52.8));
#5387 = CARTESIAN_POINT('',(3.14159265359,67.2));
#5388 = ( GEOMETRIC_REPRESENTATION_CONTEXT(2) 
PARAMETRIC_REPRESENTATION_CONTEXT() REPRESENTATION_CONTEXT('2D SPACE',''
  ) );
#5389 = PCURVE('',#2867,#5390);
#5390 = DEFINITIONAL_REPRESENTATION('',(#5391),#5394);
#5391 = B_SPLINE_CURVE_WITH_KNOTS('',1,(#5392,#5393),.UNSPECIFIED.,.F.,
  .F.,(2,2),(52.8,67.2),.PIECEWISE_BEZIER_KNOTS.);
#5392 = CARTESIAN_POINT('',(-5.,7.2));
#5393 = CARTESIAN_POINT('',(-5.,-7.2));
#5394 = ( GEOMETRIC_REPRESENTATION_CONTEXT(2) 
PARAMETRIC_REPRESENTATION_CONTEXT() REPRESENTATION_CONTEXT('2D SPACE',''
  ) );
#5395 = ORIENTED_EDGE('',*,*,#2650,.T.);
#5396 = ORIENTED_EDGE('',*,*,#5287,.T.);
#5397 = ORIENTED_EDGE('',*,*,#3957,.F.);
#5398 = ORIENTED_EDGE('',*,*,#5399,.T.);
#5399 = EDGE_CURVE('',#3929,#5238,#5400,.T.);
#5400 = SURFACE_CURVE('',#5401,(#5405,#5411),.PCURVE_S1.);
#5401 = LINE('',#5402,#5403);
#5402 = CARTESIAN_POINT('',(215.,-60.,540.));
#5403 = VECTOR('',#5404,1.);
#5404 = DIRECTION('',(0.,1.,0.));
#5405 = PCURVE('',#1513,#5406);
#5406 = DEFINITIONAL_REPRESENTATION('',(#5407),#5410);
#5407 = B_SPLINE_CURVE_WITH_KNOTS('',1,(#5408,#5409),.UNSPECIFIED.,.F.,
  .F.,(2,2),(112.8,120.0000006),.PIECEWISE_BEZIER_KNOTS.);
#5408 = CARTESIAN_POINT('',(3.14159265359,112.8));
#5409 = CARTESIAN_POINT('',(3.14159265359,120.0000006));
#5410 = ( GEOMETRIC_REPRESENTATION_CONTEXT(2) 
PARAMETRIC_REPRESENTATION_CONTEXT() REPRESENTATION_CONTEXT('2D SPACE',''
  ) );
#5411 = PCURVE('',#3945,#5412);
#5412 = DEFINITIONAL_REPRESENTATION('',(#5413),#5416);
#5413 = B_SPLINE_CURVE_WITH_KNOTS('',1,(#5414,#5415),.UNSPECIFIED.,.F.,
  .F.,(2,2),(112.8,120.0000006),.PIECEWISE_BEZIER_KNOTS.);
#5414 = CARTESIAN_POINT('',(-5.,7.2));
#5415 = CARTESIAN_POINT('',(-5.,-6.000000070117E-07));
#5416 = ( GEOMETRIC_REPRESENTATION_CONTEXT(2) 
PARAMETRIC_REPRESENTATION_CONTEXT() REPRESENTATION_CONTEXT('2D SPACE',''
  ) );
#5417 = ADVANCED_FACE('',(#5418),#1658,.F.);
#5418 = FACE_BOUND('',#5419,.F.);
#5419 = EDGE_LOOP('',(#5420,#5444,#5466));
#5420 = ORIENTED_EDGE('',*,*,#5421,.T.);
#5421 = EDGE_CURVE('',#1634,#5422,#5424,.T.);
#5422 = VERTEX_POINT('',#5423);
#5423 = CARTESIAN_POINT('',(-85.82085500087,-60.,538.54478624978));
#5424 = SURFACE_CURVE('',#5425,(#5430,#5437),.PCURVE_S1.);
#5425 = CIRCLE('',#5426,6.);
#5426 = AXIS2_PLACEMENT_3D('',#5427,#5428,#5429);
#5427 = CARTESIAN_POINT('',(-80.,-60.,540.));
#5428 = DIRECTION('',(0.242398492127,-3.362301664985E-02,-0.969593968507
    ));
#5429 = DIRECTION('',(-0.970142500145,0.,-0.242535625036));
#5430 = PCURVE('',#1658,#5431);
#5431 = DEFINITIONAL_REPRESENTATION('',(#5432),#5436);
#5432 = CIRCLE('',#5433,6.);
#5433 = AXIS2_PLACEMENT_2D('',#5434,#5435);
#5434 = CARTESIAN_POINT('',(0.,0.));
#5435 = DIRECTION('',(1.,0.));
#5436 = ( GEOMETRIC_REPRESENTATION_CONTEXT(2) 
PARAMETRIC_REPRESENTATION_CONTEXT() REPRESENTATION_CONTEXT('2D SPACE',''
  ) );
#5437 = PCURVE('',#1766,#5438);
#5438 = DEFINITIONAL_REPRESENTATION('',(#5439),#5443);
#5439 = LINE('',#5440,#5441);
#5440 = CARTESIAN_POINT('',(0.,0.));
#5441 = VECTOR('',#5442,1.);
#5442 = DIRECTION('',(1.,0.));
#5443 = ( GEOMETRIC_REPRESENTATION_CONTEXT(2) 
PARAMETRIC_REPRESENTATION_CONTEXT() REPRESENTATION_CONTEXT('2D SPACE',''
  ) );
#5444 = ORIENTED_EDGE('',*,*,#5445,.T.);
#5445 = EDGE_CURVE('',#5422,#1636,#5446,.T.);
#5446 = SURFACE_CURVE('',#5447,(#5452,#5459),.PCURVE_S1.);
#5447 = CIRCLE('',#5448,6.);
#5448 = AXIS2_PLACEMENT_3D('',#5449,#5450,#5451);
#5449 = CARTESIAN_POINT('',(-80.,-60.,540.));
#5450 = DIRECTION('',(0.242398492127,-3.362301664985E-02,-0.969593968507
    ));
#5451 = DIRECTION('',(-0.970142500145,0.,-0.242535625036));
#5452 = PCURVE('',#1658,#5453);
#5453 = DEFINITIONAL_REPRESENTATION('',(#5454),#5458);
#5454 = CIRCLE('',#5455,6.);
#5455 = AXIS2_PLACEMENT_2D('',#5456,#5457);
#5456 = CARTESIAN_POINT('',(0.,0.));
#5457 = DIRECTION('',(1.,0.));
#5458 = ( GEOMETRIC_REPRESENTATION_CONTEXT(2) 
PARAMETRIC_REPRESENTATION_CONTEXT() REPRESENTATION_CONTEXT('2D SPACE',''
  ) );
#5459 = PCURVE('',#1766,#5460);
#5460 = DEFINITIONAL_REPRESENTATION('',(#5461),#5465);
#5461 = LINE('',#5462,#5463);
#5462 = CARTESIAN_POINT('',(0.,0.));
#5463 = VECTOR('',#5464,1.);
#5464 = DIRECTION('',(1.,0.));
#5465 = ( GEOMETRIC_REPRESENTATION_CONTEXT(2) 
PARAMETRIC_REPRESENTATION_CONTEXT() REPRESENTATION_CONTEXT('2D SPACE',''
  ) );
#5466 = ORIENTED_EDGE('',*,*,#1633,.F.);
#5467 = ADVANCED_FACE('',(#5468),#1766,.T.);
#5468 = FACE_BOUND('',#5469,.T.);
#5469 = EDGE_LOOP('',(#5470,#5501,#5522,#5523,#5524,#5525,#5526,#5550,
    #5582,#5622,#5655,#5695));
#5470 = ORIENTED_EDGE('',*,*,#5471,.F.);
#5471 = EDGE_CURVE('',#5472,#5474,#5476,.T.);
#5472 = VERTEX_POINT('',#5473);
#5473 = CARTESIAN_POINT('',(-23.82085500087,-68.6,290.54478624978));
#5474 = VERTEX_POINT('',#5475);
#5475 = CARTESIAN_POINT('',(-23.01557914337,-65.6,290.64207295609));
#5476 = SURFACE_CURVE('',#5477,(#5482,#5489),.PCURVE_S1.);
#5477 = CIRCLE('',#5478,6.);
#5478 = AXIS2_PLACEMENT_3D('',#5479,#5480,#5481);
#5479 = CARTESIAN_POINT('',(-18.,-68.6,292.));
#5480 = DIRECTION('',(0.242398492127,-3.362301664985E-02,-0.969593968507
    ));
#5481 = DIRECTION('',(-0.970142500145,0.,-0.242535625036));
#5482 = PCURVE('',#1766,#5483);
#5483 = DEFINITIONAL_REPRESENTATION('',(#5484),#5488);
#5484 = LINE('',#5485,#5486);
#5485 = CARTESIAN_POINT('',(0.,255.77716864489));
#5486 = VECTOR('',#5487,1.);
#5487 = DIRECTION('',(1.,0.));
#5488 = ( GEOMETRIC_REPRESENTATION_CONTEXT(2) 
PARAMETRIC_REPRESENTATION_CONTEXT() REPRESENTATION_CONTEXT('2D SPACE',''
  ) );
#5489 = PCURVE('',#5490,#5495);
#5490 = PLANE('',#5491);
#5491 = AXIS2_PLACEMENT_3D('',#5492,#5493,#5494);
#5492 = CARTESIAN_POINT('',(-18.,-68.6,292.));
#5493 = DIRECTION('',(0.242398492127,-3.362301664985E-02,-0.969593968507
    ));
#5494 = DIRECTION('',(-0.970142500145,0.,-0.242535625036));
#5495 = DEFINITIONAL_REPRESENTATION('',(#5496),#5500);
#5496 = CIRCLE('',#5497,6.);
#5497 = AXIS2_PLACEMENT_2D('',#5498,#5499);
#5498 = CARTESIAN_POINT('',(0.,0.));
#5499 = DIRECTION('',(1.,0.));
#5500 = ( GEOMETRIC_REPRESENTATION_CONTEXT(2) 
PARAMETRIC_REPRESENTATION_CONTEXT() REPRESENTATION_CONTEXT('2D SPACE',''
  ) );
#5501 = ORIENTED_EDGE('',*,*,#5502,.F.);
#5502 = EDGE_CURVE('',#5422,#5472,#5503,.T.);
#5503 = SEAM_CURVE('',#5504,(#5508,#5515),.PCURVE_S1.);
#5504 = LINE('',#5505,#5506);
#5505 = CARTESIAN_POINT('',(-85.82085500087,-60.,538.54478624978));
#5506 = VECTOR('',#5507,1.);
#5507 = DIRECTION('',(0.242398492127,-3.362301664985E-02,-0.969593968507
    ));
#5508 = PCURVE('',#1766,#5509);
#5509 = DEFINITIONAL_REPRESENTATION('',(#5510),#5514);
#5510 = LINE('',#5511,#5512);
#5511 = CARTESIAN_POINT('',(6.28318530718,-0.));
#5512 = VECTOR('',#5513,1.);
#5513 = DIRECTION('',(0.,1.));
#5514 = ( GEOMETRIC_REPRESENTATION_CONTEXT(2) 
PARAMETRIC_REPRESENTATION_CONTEXT() REPRESENTATION_CONTEXT('2D SPACE',''
  ) );
#5515 = PCURVE('',#1766,#5516);
#5516 = DEFINITIONAL_REPRESENTATION('',(#5517),#5521);
#5517 = LINE('',#5518,#5519);
#5518 = CARTESIAN_POINT('',(0.,-0.));
#5519 = VECTOR('',#5520,1.);
#5520 = DIRECTION('',(0.,1.));
#5521 = ( GEOMETRIC_REPRESENTATION_CONTEXT(2) 
PARAMETRIC_REPRESENTATION_CONTEXT() REPRESENTATION_CONTEXT('2D SPACE',''
  ) );
#5522 = ORIENTED_EDGE('',*,*,#5445,.T.);
#5523 = ORIENTED_EDGE('',*,*,#1670,.F.);
#5524 = ORIENTED_EDGE('',*,*,#5421,.T.);
#5525 = ORIENTED_EDGE('',*,*,#5502,.T.);
#5526 = ORIENTED_EDGE('',*,*,#5527,.F.);
#5527 = EDGE_CURVE('',#5528,#5472,#5530,.T.);
#5528 = VERTEX_POINT('',#5529);
#5529 = CARTESIAN_POINT('',(-12.93546449989,-65.6,293.16210161696));
#5530 = SURFACE_CURVE('',#5531,(#5536,#5543),.PCURVE_S1.);
#5531 = CIRCLE('',#5532,6.);
#5532 = AXIS2_PLACEMENT_3D('',#5533,#5534,#5535);
#5533 = CARTESIAN_POINT('',(-18.,-68.6,292.));
#5534 = DIRECTION('',(0.242398492127,-3.362301664985E-02,-0.969593968507
    ));
#5535 = DIRECTION('',(-0.970142500145,0.,-0.242535625036));
#5536 = PCURVE('',#1766,#5537);
#5537 = DEFINITIONAL_REPRESENTATION('',(#5538),#5542);
#5538 = LINE('',#5539,#5540);
#5539 = CARTESIAN_POINT('',(0.,255.77716864489));
#5540 = VECTOR('',#5541,1.);
#5541 = DIRECTION('',(1.,0.));
#5542 = ( GEOMETRIC_REPRESENTATION_CONTEXT(2) 
PARAMETRIC_REPRESENTATION_CONTEXT() REPRESENTATION_CONTEXT('2D SPACE',''
  ) );
#5543 = PCURVE('',#5490,#5544);
#5544 = DEFINITIONAL_REPRESENTATION('',(#5545),#5549);
#5545 = CIRCLE('',#5546,6.);
#5546 = AXIS2_PLACEMENT_2D('',#5547,#5548);
#5547 = CARTESIAN_POINT('',(0.,0.));
#5548 = DIRECTION('',(1.,0.));
#5549 = ( GEOMETRIC_REPRESENTATION_CONTEXT(2) 
PARAMETRIC_REPRESENTATION_CONTEXT() REPRESENTATION_CONTEXT('2D SPACE',''
  ) );
#5550 = ORIENTED_EDGE('',*,*,#5551,.F.);
#5551 = EDGE_CURVE('',#5552,#5528,#5554,.T.);
#5552 = VERTEX_POINT('',#5553);
#5553 = CARTESIAN_POINT('',(-13.35771176337,-65.6,295.));
#5554 = SURFACE_CURVE('',#5555,(#5560,#5570),.PCURVE_S1.);
#5555 = ELLIPSE('',#5556,178.44918742667,6.);
#5556 = AXIS2_PLACEMENT_3D('',#5557,#5558,#5559);
#5557 = CARTESIAN_POINT('',(-39.62790697674,-65.6,378.51162790697));
#5558 = DIRECTION('',(0.,1.,0.));
#5559 = DIRECTION('',(0.242535625036,0.,-0.970142500145));
#5560 = PCURVE('',#1766,#5561);
#5561 = DEFINITIONAL_REPRESENTATION('',(#5562),#5569);
#5562 = B_SPLINE_CURVE_WITH_KNOTS('',5,(#5563,#5564,#5565,#5566,#5567,
    #5568),.UNSPECIFIED.,.F.,.F.,(6,6),(5.201869745044,5.236314416976),
  .PIECEWISE_BEZIER_KNOTS.);
#5563 = CARTESIAN_POINT('',(2.65211188893,250.40617773549));
#5564 = CARTESIAN_POINT('',(2.645222954544,251.49053815015));
#5565 = CARTESIAN_POINT('',(2.638334020158,252.56992422058));
#5566 = CARTESIAN_POINT('',(2.631445085772,253.64422873643));
#5567 = CARTESIAN_POINT('',(2.624556151385,254.71334547115));
#5568 = CARTESIAN_POINT('',(2.617667216999,255.77716924489));
#5569 = ( GEOMETRIC_REPRESENTATION_CONTEXT(2) 
PARAMETRIC_REPRESENTATION_CONTEXT() REPRESENTATION_CONTEXT('2D SPACE',''
  ) );
#5570 = PCURVE('',#5571,#5576);
#5571 = PLANE('',#5572);
#5572 = AXIS2_PLACEMENT_3D('',#5573,#5574,#5575);
#5573 = CARTESIAN_POINT('',(-26.,-65.6,261.));
#5574 = DIRECTION('',(-0.,1.,0.));
#5575 = DIRECTION('',(0.,0.,1.));
#5576 = DEFINITIONAL_REPRESENTATION('',(#5577),#5581);
#5577 = ELLIPSE('',#5578,178.44918742667,6.);
#5578 = AXIS2_PLACEMENT_2D('',#5579,#5580);
#5579 = CARTESIAN_POINT('',(117.51162790697,-13.62790697674));
#5580 = DIRECTION('',(-0.970142500145,0.242535625036));
#5581 = ( GEOMETRIC_REPRESENTATION_CONTEXT(2) 
PARAMETRIC_REPRESENTATION_CONTEXT() REPRESENTATION_CONTEXT('2D SPACE',''
  ) );
#5582 = ORIENTED_EDGE('',*,*,#5583,.T.);
#5583 = EDGE_CURVE('',#5552,#5584,#5586,.T.);
#5584 = VERTEX_POINT('',#5585);
#5585 = CARTESIAN_POINT('',(-17.63521491092,-62.6,295.));
#5586 = SURFACE_CURVE('',#5587,(#5592,#5610),.PCURVE_S1.);
#5587 = ELLIPSE('',#5588,6.188157305925,6.);
#5588 = AXIS2_PLACEMENT_3D('',#5589,#5590,#5591);
#5589 = CARTESIAN_POINT('',(-18.75,-68.49596774193,295.));
#5590 = DIRECTION('',(0.,0.,1.));
#5591 = DIRECTION('',(0.990516445713,-0.137394216663,0.));
#5592 = PCURVE('',#1766,#5593);
#5593 = DEFINITIONAL_REPRESENTATION('',(#5594),#5609);
#5594 = B_SPLINE_CURVE_WITH_KNOTS('',7,(#5595,#5596,#5597,#5598,#5599,
    #5600,#5601,#5602,#5603,#5604,#5605,#5606,#5607,#5608),
  .UNSPECIFIED.,.F.,.F.,(8,6,8),(0.589249717426,1.712891735384,
    2.836533753342),.UNSPECIFIED.);
#5595 = CARTESIAN_POINT('',(2.686032788556,253.94206637253));
#5596 = CARTESIAN_POINT('',(2.525512500276,253.80697452389));
#5597 = CARTESIAN_POINT('',(2.364992211997,253.63403624068));
#5598 = CARTESIAN_POINT('',(2.204471923716,253.42893749909));
#5599 = CARTESIAN_POINT('',(2.043951635438,253.1997507025));
#5600 = CARTESIAN_POINT('',(1.883431347157,252.95634804517));
#5601 = CARTESIAN_POINT('',(1.722911058878,252.7092653649));
#5602 = CARTESIAN_POINT('',(1.401870482319,252.22799378329));
#5603 = CARTESIAN_POINT('',(1.241350194039,251.99380502341));
#5604 = CARTESIAN_POINT('',(1.08082990576,251.77618991627));
#5605 = CARTESIAN_POINT('',(0.920309617479,251.58487148422));
#5606 = CARTESIAN_POINT('',(0.7597893292,251.42809074791));
#5607 = CARTESIAN_POINT('',(0.59926904092,251.31165829759));
#5608 = CARTESIAN_POINT('',(0.438748752641,251.2386476492));
#5609 = ( GEOMETRIC_REPRESENTATION_CONTEXT(2) 
PARAMETRIC_REPRESENTATION_CONTEXT() REPRESENTATION_CONTEXT('2D SPACE',''
  ) );
#5610 = PCURVE('',#5611,#5616);
#5611 = PLANE('',#5612);
#5612 = AXIS2_PLACEMENT_3D('',#5613,#5614,#5615);
#5613 = CARTESIAN_POINT('',(-26.,-65.6,295.));
#5614 = DIRECTION('',(0.,0.,1.));
#5615 = DIRECTION('',(1.,0.,-0.));
#5616 = DEFINITIONAL_REPRESENTATION('',(#5617),#5621);
#5617 = ELLIPSE('',#5618,6.188157305925,6.);
#5618 = AXIS2_PLACEMENT_2D('',#5619,#5620);
#5619 = CARTESIAN_POINT('',(7.25,-2.895967741935));
#5620 = DIRECTION('',(0.990516445713,-0.137394216663));
#5621 = ( GEOMETRIC_REPRESENTATION_CONTEXT(2) 
PARAMETRIC_REPRESENTATION_CONTEXT() REPRESENTATION_CONTEXT('2D SPACE',''
  ) );
#5622 = ORIENTED_EDGE('',*,*,#5623,.T.);
#5623 = EDGE_CURVE('',#5584,#5624,#5626,.T.);
#5624 = VERTEX_POINT('',#5625);
#5625 = CARTESIAN_POINT('',(-19.96689077753,-62.6,295.));
#5626 = SURFACE_CURVE('',#5627,(#5632,#5643),.PCURVE_S1.);
#5627 = ELLIPSE('',#5628,178.44918742667,6.);
#5628 = AXIS2_PLACEMENT_3D('',#5629,#5630,#5631);
#5629 = CARTESIAN_POINT('',(-61.25581395348,-62.6,465.02325581395));
#5630 = DIRECTION('',(0.,1.,0.));
#5631 = DIRECTION('',(0.242535625036,0.,-0.970142500145));
#5632 = PCURVE('',#1766,#5633);
#5633 = DEFINITIONAL_REPRESENTATION('',(#5634),#5642);
#5634 = B_SPLINE_CURVE_WITH_KNOTS('',6,(#5635,#5636,#5637,#5638,#5639,
    #5640,#5641),.UNSPECIFIED.,.F.,.F.,(7,7),(6.016616846319,
    6.566564880433),.PIECEWISE_BEZIER_KNOTS.);
#5635 = CARTESIAN_POINT('',(1.837364787655,249.37710212785));
#5636 = CARTESIAN_POINT('',(1.74570678197,253.68328506537));
#5637 = CARTESIAN_POINT('',(1.654048776284,256.25496712504));
#5638 = CARTESIAN_POINT('',(1.562390770598,257.02703020433));
#5639 = CARTESIAN_POINT('',(1.470732764913,255.97806743304));
#5640 = CARTESIAN_POINT('',(1.379074759227,253.1336934865));
#5641 = CARTESIAN_POINT('',(1.287416753542,248.56302566312));
#5642 = ( GEOMETRIC_REPRESENTATION_CONTEXT(2) 
PARAMETRIC_REPRESENTATION_CONTEXT() REPRESENTATION_CONTEXT('2D SPACE',''
  ) );
#5643 = PCURVE('',#5644,#5649);
#5644 = PLANE('',#5645);
#5645 = AXIS2_PLACEMENT_3D('',#5646,#5647,#5648);
#5646 = CARTESIAN_POINT('',(-26.,-62.6,261.));
#5647 = DIRECTION('',(-0.,1.,0.));
#5648 = DIRECTION('',(0.,0.,1.));
#5649 = DEFINITIONAL_REPRESENTATION('',(#5650),#5654);
#5650 = ELLIPSE('',#5651,178.44918742667,6.);
#5651 = AXIS2_PLACEMENT_2D('',#5652,#5653);
#5652 = CARTESIAN_POINT('',(204.02325581395,-35.25581395348));
#5653 = DIRECTION('',(-0.970142500145,0.242535625036));
#5654 = ( GEOMETRIC_REPRESENTATION_CONTEXT(2) 
PARAMETRIC_REPRESENTATION_CONTEXT() REPRESENTATION_CONTEXT('2D SPACE',''
  ) );
#5655 = ORIENTED_EDGE('',*,*,#5656,.T.);
#5656 = EDGE_CURVE('',#5624,#5657,#5659,.T.);
#5657 = VERTEX_POINT('',#5658);
#5658 = CARTESIAN_POINT('',(-24.19244027154,-65.6,295.));
#5659 = SURFACE_CURVE('',#5660,(#5665,#5683),.PCURVE_S1.);
#5660 = ELLIPSE('',#5661,6.188157305925,6.);
#5661 = AXIS2_PLACEMENT_3D('',#5662,#5663,#5664);
#5662 = CARTESIAN_POINT('',(-18.75,-68.49596774193,295.));
#5663 = DIRECTION('',(0.,0.,1.));
#5664 = DIRECTION('',(0.990516445713,-0.137394216663,0.));
#5665 = PCURVE('',#1766,#5666);
#5666 = DEFINITIONAL_REPRESENTATION('',(#5667),#5682);
#5667 = B_SPLINE_CURVE_WITH_KNOTS('',7,(#5668,#5669,#5670,#5671,#5672,
    #5673,#5674,#5675,#5676,#5677,#5678,#5679,#5680,#5681),
  .UNSPECIFIED.,.F.,.F.,(8,6,8),(0.589249717426,1.712891735384,
    2.836533753342),.UNSPECIFIED.);
#5668 = CARTESIAN_POINT('',(2.686032788556,253.94206637253));
#5669 = CARTESIAN_POINT('',(2.525512500276,253.80697452389));
#5670 = CARTESIAN_POINT('',(2.364992211997,253.63403624068));
#5671 = CARTESIAN_POINT('',(2.204471923716,253.42893749909));
#5672 = CARTESIAN_POINT('',(2.043951635438,253.1997507025));
#5673 = CARTESIAN_POINT('',(1.883431347157,252.95634804517));
#5674 = CARTESIAN_POINT('',(1.722911058878,252.7092653649));
#5675 = CARTESIAN_POINT('',(1.401870482319,252.22799378329));
#5676 = CARTESIAN_POINT('',(1.241350194039,251.99380502341));
#5677 = CARTESIAN_POINT('',(1.08082990576,251.77618991627));
#5678 = CARTESIAN_POINT('',(0.920309617479,251.58487148422));
#5679 = CARTESIAN_POINT('',(0.7597893292,251.42809074791));
#5680 = CARTESIAN_POINT('',(0.59926904092,251.31165829759));
#5681 = CARTESIAN_POINT('',(0.438748752641,251.2386476492));
#5682 = ( GEOMETRIC_REPRESENTATION_CONTEXT(2) 
PARAMETRIC_REPRESENTATION_CONTEXT() REPRESENTATION_CONTEXT('2D SPACE',''
  ) );
#5683 = PCURVE('',#5684,#5689);
#5684 = PLANE('',#5685);
#5685 = AXIS2_PLACEMENT_3D('',#5686,#5687,#5688);
#5686 = CARTESIAN_POINT('',(-26.,-65.6,295.));
#5687 = DIRECTION('',(0.,0.,1.));
#5688 = DIRECTION('',(1.,0.,-0.));
#5689 = DEFINITIONAL_REPRESENTATION('',(#5690),#5694);
#5690 = ELLIPSE('',#5691,6.188157305925,6.);
#5691 = AXIS2_PLACEMENT_2D('',#5692,#5693);
#5692 = CARTESIAN_POINT('',(7.25,-2.895967741935));
#5693 = DIRECTION('',(0.990516445713,-0.137394216663));
#5694 = ( GEOMETRIC_REPRESENTATION_CONTEXT(2) 
PARAMETRIC_REPRESENTATION_CONTEXT() REPRESENTATION_CONTEXT('2D SPACE',''
  ) );
#5695 = ORIENTED_EDGE('',*,*,#5696,.F.);
#5696 = EDGE_CURVE('',#5474,#5657,#5697,.T.);
#5697 = SURFACE_CURVE('',#5698,(#5703,#5713),.PCURVE_S1.);
#5698 = ELLIPSE('',#5699,178.44918742667,6.);
#5699 = AXIS2_PLACEMENT_3D('',#5700,#5701,#5702);
#5700 = CARTESIAN_POINT('',(-39.62790697674,-65.6,378.51162790697));
#5701 = DIRECTION('',(0.,1.,0.));
#5702 = DIRECTION('',(0.242535625036,0.,-0.970142500145));
#5703 = PCURVE('',#1766,#5704);
#5704 = DEFINITIONAL_REPRESENTATION('',(#5705),#5712);
#5705 = B_SPLINE_CURVE_WITH_KNOTS('',5,(#5706,#5707,#5708,#5709,#5710,
    #5711),.UNSPECIFIED.,.F.,.F.,(6,6),(1.046870890204,1.098126674529),
  .PIECEWISE_BEZIER_KNOTS.);
#5706 = CARTESIAN_POINT('',(0.523925436591,255.77716924489));
#5707 = CARTESIAN_POINT('',(0.513674279726,254.19413422528));
#5708 = CARTESIAN_POINT('',(0.503423122861,252.59937886186));
#5709 = CARTESIAN_POINT('',(0.493171965996,250.99324972757));
#5710 = CARTESIAN_POINT('',(0.482920809131,249.37609852862));
#5711 = CARTESIAN_POINT('',(0.472669652266,247.74828164264));
#5712 = ( GEOMETRIC_REPRESENTATION_CONTEXT(2) 
PARAMETRIC_REPRESENTATION_CONTEXT() REPRESENTATION_CONTEXT('2D SPACE',''
  ) );
#5713 = PCURVE('',#5571,#5714);
#5714 = DEFINITIONAL_REPRESENTATION('',(#5715),#5719);
#5715 = ELLIPSE('',#5716,178.44918742667,6.);
#5716 = AXIS2_PLACEMENT_2D('',#5717,#5718);
#5717 = CARTESIAN_POINT('',(117.51162790697,-13.62790697674));
#5718 = DIRECTION('',(-0.970142500145,0.242535625036));
#5719 = ( GEOMETRIC_REPRESENTATION_CONTEXT(2) 
PARAMETRIC_REPRESENTATION_CONTEXT() REPRESENTATION_CONTEXT('2D SPACE',''
  ) );
#5720 = ADVANCED_FACE('',(#5721),#1897,.T.);
#5721 = FACE_BOUND('',#5722,.T.);
#5722 = EDGE_LOOP('',(#5723,#5724,#5747,#5779,#5811,#5840,#5867,#5900,
    #5932,#5961,#5988,#6013,#6014,#6015,#6037,#6038));
#5723 = ORIENTED_EDGE('',*,*,#1821,.T.);
#5724 = ORIENTED_EDGE('',*,*,#5725,.T.);
#5725 = EDGE_CURVE('',#1824,#5726,#5728,.T.);
#5726 = VERTEX_POINT('',#5727);
#5727 = CARTESIAN_POINT('',(201.14280755358,-62.25307346849,
    441.40779737626));
#5728 = SEAM_CURVE('',#5729,(#5733,#5740),.PCURVE_S1.);
#5729 = LINE('',#5730,#5731);
#5730 = CARTESIAN_POINT('',(206.00483572002,-60.,540.19662750569));
#5731 = VECTOR('',#5732,1.);
#5732 = DIRECTION('',(-4.91441276141E-02,-2.277348593406E-02,
    -0.998532034068));
#5733 = PCURVE('',#1897,#5734);
#5734 = DEFINITIONAL_REPRESENTATION('',(#5735),#5739);
#5735 = LINE('',#5736,#5737);
#5736 = CARTESIAN_POINT('',(0.,-0.));
#5737 = VECTOR('',#5738,1.);
#5738 = DIRECTION('',(0.,1.));
#5739 = ( GEOMETRIC_REPRESENTATION_CONTEXT(2) 
PARAMETRIC_REPRESENTATION_CONTEXT() REPRESENTATION_CONTEXT('2D SPACE',''
  ) );
#5740 = PCURVE('',#1897,#5741);
#5741 = DEFINITIONAL_REPRESENTATION('',(#5742),#5746);
#5742 = LINE('',#5743,#5744);
#5743 = CARTESIAN_POINT('',(6.28318530718,-0.));
#5744 = VECTOR('',#5745,1.);
#5745 = DIRECTION('',(0.,1.));
#5746 = ( GEOMETRIC_REPRESENTATION_CONTEXT(2) 
PARAMETRIC_REPRESENTATION_CONTEXT() REPRESENTATION_CONTEXT('2D SPACE',''
  ) );
#5747 = ORIENTED_EDGE('',*,*,#5748,.T.);
#5748 = EDGE_CURVE('',#5726,#5749,#5751,.T.);
#5749 = VERTEX_POINT('',#5750);
#5750 = CARTESIAN_POINT('',(201.46158250248,-63.81700988904,
    441.40779737626));
#5751 = SURFACE_CURVE('',#5752,(#5757,#5767),.PCURVE_S1.);
#5752 = ELLIPSE('',#5753,4.005880496097,4.);
#5753 = AXIS2_PLACEMENT_3D('',#5754,#5755,#5756);
#5754 = CARTESIAN_POINT('',(205.14764912673,-62.24858899169,
    441.40779737626));
#5755 = DIRECTION('',(0.,0.,1.));
#5756 = DIRECTION('',(-0.907314987228,-0.420451559577,0.));
#5757 = PCURVE('',#1897,#5758);
#5758 = DEFINITIONAL_REPRESENTATION('',(#5759),#5766);
#5759 = B_SPLINE_CURVE_WITH_KNOTS('',5,(#5760,#5761,#5762,#5763,#5764,
    #5765),.UNSPECIFIED.,.F.,.F.,(6,6),(5.849802504577,6.334558391096),
  .PIECEWISE_BEZIER_KNOTS.);
#5760 = CARTESIAN_POINT('',(6.28318530718,98.934061961928));
#5761 = CARTESIAN_POINT('',(6.186234129876,98.942895918101));
#5762 = CARTESIAN_POINT('',(6.089282952572,98.949416303373));
#5763 = CARTESIAN_POINT('',(5.992331775268,98.953449582539));
#5764 = CARTESIAN_POINT('',(5.895380597964,98.954915262209));
#5765 = CARTESIAN_POINT('',(5.79842942066,98.953835049678));
#5766 = ( GEOMETRIC_REPRESENTATION_CONTEXT(2) 
PARAMETRIC_REPRESENTATION_CONTEXT() REPRESENTATION_CONTEXT('2D SPACE',''
  ) );
#5767 = PCURVE('',#5768,#5773);
#5768 = PLANE('',#5769);
#5769 = AXIS2_PLACEMENT_3D('',#5770,#5771,#5772);
#5770 = CARTESIAN_POINT('',(198.,-63.81700988904,441.40779737626));
#5771 = DIRECTION('',(0.,0.,1.));
#5772 = DIRECTION('',(1.,0.,-0.));
#5773 = DEFINITIONAL_REPRESENTATION('',(#5774),#5778);
#5774 = ELLIPSE('',#5775,4.005880496097,4.);
#5775 = AXIS2_PLACEMENT_2D('',#5776,#5777);
#5776 = CARTESIAN_POINT('',(7.14764912673,1.568420897349));
#5777 = DIRECTION('',(-0.907314987228,-0.420451559577));
#5778 = ( GEOMETRIC_REPRESENTATION_CONTEXT(2) 
PARAMETRIC_REPRESENTATION_CONTEXT() REPRESENTATION_CONTEXT('2D SPACE',''
  ) );
#5779 = ORIENTED_EDGE('',*,*,#5780,.F.);
#5780 = EDGE_CURVE('',#5781,#5749,#5783,.T.);
#5781 = VERTEX_POINT('',#5782);
#5782 = CARTESIAN_POINT('',(201.29822047695,-63.81700988904,
    438.62419599624));
#5783 = SURFACE_CURVE('',#5784,(#5789,#5799),.PCURVE_S1.);
#5784 = ELLIPSE('',#5785,175.64285114633,4.);
#5785 = AXIS2_PLACEMENT_3D('',#5786,#5787,#5788);
#5786 = CARTESIAN_POINT('',(201.76306949078,-63.81700988904,
    372.63841734203));
#5787 = DIRECTION('',(0.,1.,0.));
#5788 = DIRECTION('',(-4.915687642355E-02,0.,-0.998791069994));
#5789 = PCURVE('',#1897,#5790);
#5790 = DEFINITIONAL_REPRESENTATION('',(#5791),#5798);
#5791 = B_SPLINE_CURVE_WITH_KNOTS('',5,(#5792,#5793,#5794,#5795,#5796,
    #5797),.UNSPECIFIED.,.F.,.F.,(6,6),(1.955298039071,1.988650101116),
  .PIECEWISE_BEZIER_KNOTS.);
#5792 = CARTESIAN_POINT('',(5.898683594904,101.74155636148));
#5793 = CARTESIAN_POINT('',(5.892013182495,100.65577236883));
#5794 = CARTESIAN_POINT('',(5.885342770086,99.573651715316));
#5795 = CARTESIAN_POINT('',(5.878672357677,98.49529504952));
#5796 = CARTESIAN_POINT('',(5.872001945268,97.42080234078));
#5797 = CARTESIAN_POINT('',(5.865331532859,96.350272823599));
#5798 = ( GEOMETRIC_REPRESENTATION_CONTEXT(2) 
PARAMETRIC_REPRESENTATION_CONTEXT() REPRESENTATION_CONTEXT('2D SPACE',''
  ) );
#5799 = PCURVE('',#5800,#5805);
#5800 = PLANE('',#5801);
#5801 = AXIS2_PLACEMENT_3D('',#5802,#5803,#5804);
#5802 = CARTESIAN_POINT('',(198.,-63.81700988904,415.40779737626));
#5803 = DIRECTION('',(-0.,1.,0.));
#5804 = DIRECTION('',(0.,0.,1.));
#5805 = DEFINITIONAL_REPRESENTATION('',(#5806),#5810);
#5806 = ELLIPSE('',#5807,175.64285114633,4.);
#5807 = AXIS2_PLACEMENT_2D('',#5808,#5809);
#5808 = CARTESIAN_POINT('',(-42.76938003422,3.763069490785));
#5809 = DIRECTION('',(-0.998791069994,-4.915687642355E-02));
#5810 = ( GEOMETRIC_REPRESENTATION_CONTEXT(2) 
PARAMETRIC_REPRESENTATION_CONTEXT() REPRESENTATION_CONTEXT('2D SPACE',''
  ) );
#5811 = ORIENTED_EDGE('',*,*,#5812,.F.);
#5812 = EDGE_CURVE('',#5813,#5781,#5815,.T.);
#5813 = VERTEX_POINT('',#5814);
#5814 = CARTESIAN_POINT('',(208.70513881458,-63.81700988904,
    438.25965432147));
#5815 = SURFACE_CURVE('',#5816,(#5821,#5828),.PCURVE_S1.);
#5816 = CIRCLE('',#5817,4.);
#5817 = AXIS2_PLACEMENT_3D('',#5818,#5819,#5820);
#5818 = CARTESIAN_POINT('',(205.,-62.31700988904,438.40779737626));
#5819 = DIRECTION('',(-4.91441276141E-02,-2.277348593406E-02,
    -0.998532034068));
#5820 = DIRECTION('',(-0.998791069994,-2.168404344971E-19,
    4.915687642355E-02));
#5821 = PCURVE('',#1897,#5822);
#5822 = DEFINITIONAL_REPRESENTATION('',(#5823),#5827);
#5823 = LINE('',#5824,#5825);
#5824 = CARTESIAN_POINT('',(0.,101.74155576148));
#5825 = VECTOR('',#5826,1.);
#5826 = DIRECTION('',(1.,0.));
#5827 = ( GEOMETRIC_REPRESENTATION_CONTEXT(2) 
PARAMETRIC_REPRESENTATION_CONTEXT() REPRESENTATION_CONTEXT('2D SPACE',''
  ) );
#5828 = PCURVE('',#5829,#5834);
#5829 = PLANE('',#5830);
#5830 = AXIS2_PLACEMENT_3D('',#5831,#5832,#5833);
#5831 = CARTESIAN_POINT('',(205.,-62.31700988904,438.40779737626));
#5832 = DIRECTION('',(-4.91441276141E-02,-2.277348593406E-02,
    -0.998532034068));
#5833 = DIRECTION('',(-0.998791069994,-2.168404344971E-19,
    4.915687642355E-02));
#5834 = DEFINITIONAL_REPRESENTATION('',(#5835),#5839);
#5835 = CIRCLE('',#5836,4.);
#5836 = AXIS2_PLACEMENT_2D('',#5837,#5838);
#5837 = CARTESIAN_POINT('',(0.,0.));
#5838 = DIRECTION('',(1.,0.));
#5839 = ( GEOMETRIC_REPRESENTATION_CONTEXT(2) 
PARAMETRIC_REPRESENTATION_CONTEXT() REPRESENTATION_CONTEXT('2D SPACE',''
  ) );
#5840 = ORIENTED_EDGE('',*,*,#5841,.F.);
#5841 = EDGE_CURVE('',#5842,#5813,#5844,.T.);
#5842 = VERTEX_POINT('',#5843);
#5843 = CARTESIAN_POINT('',(208.83019655127,-63.81700988904,
    441.40779737626));
#5844 = SURFACE_CURVE('',#5845,(#5850,#5860),.PCURVE_S1.);
#5845 = ELLIPSE('',#5846,175.64285114633,4.);
#5846 = AXIS2_PLACEMENT_3D('',#5847,#5848,#5849);
#5847 = CARTESIAN_POINT('',(201.76306949078,-63.81700988904,
    372.63841734203));
#5848 = DIRECTION('',(0.,1.,0.));
#5849 = DIRECTION('',(-4.915687642355E-02,0.,-0.998791069994));
#5850 = PCURVE('',#1897,#5851);
#5851 = DEFINITIONAL_REPRESENTATION('',(#5852),#5859);
#5852 = B_SPLINE_CURVE_WITH_KNOTS('',5,(#5853,#5854,#5855,#5856,#5857,
    #5858),.UNSPECIFIED.,.F.,.F.,(6,6),(4.292293550128,4.327887268109),
  .PIECEWISE_BEZIER_KNOTS.);
#5853 = CARTESIAN_POINT('',(3.561688083846,95.990690468982));
#5854 = CARTESIAN_POINT('',(3.55456934025,97.132032346049));
#5855 = CARTESIAN_POINT('',(3.547450596654,98.277910843517));
#5856 = CARTESIAN_POINT('',(3.540331853058,99.42820546303));
#5857 = CARTESIAN_POINT('',(3.533213109462,100.58279474819));
#5858 = CARTESIAN_POINT('',(3.526094365866,101.74155636148));
#5859 = ( GEOMETRIC_REPRESENTATION_CONTEXT(2) 
PARAMETRIC_REPRESENTATION_CONTEXT() REPRESENTATION_CONTEXT('2D SPACE',''
  ) );
#5860 = PCURVE('',#5800,#5861);
#5861 = DEFINITIONAL_REPRESENTATION('',(#5862),#5866);
#5862 = ELLIPSE('',#5863,175.64285114633,4.);
#5863 = AXIS2_PLACEMENT_2D('',#5864,#5865);
#5864 = CARTESIAN_POINT('',(-42.76938003422,3.763069490785));
#5865 = DIRECTION('',(-0.998791069994,-4.915687642355E-02));
#5866 = ( GEOMETRIC_REPRESENTATION_CONTEXT(2) 
PARAMETRIC_REPRESENTATION_CONTEXT() REPRESENTATION_CONTEXT('2D SPACE',''
  ) );
#5867 = ORIENTED_EDGE('',*,*,#5868,.T.);
#5868 = EDGE_CURVE('',#5842,#5869,#5871,.T.);
#5869 = VERTEX_POINT('',#5870);
#5870 = CARTESIAN_POINT('',(208.88896422678,-60.81700988904,
    441.40779737626));
#5871 = SURFACE_CURVE('',#5872,(#5877,#5888),.PCURVE_S1.);
#5872 = ELLIPSE('',#5873,4.005880496097,4.);
#5873 = AXIS2_PLACEMENT_3D('',#5874,#5875,#5876);
#5874 = CARTESIAN_POINT('',(205.14764912673,-62.24858899169,
    441.40779737626));
#5875 = DIRECTION('',(0.,0.,1.));
#5876 = DIRECTION('',(-0.907314987228,-0.420451559577,0.));
#5877 = PCURVE('',#1897,#5878);
#5878 = DEFINITIONAL_REPRESENTATION('',(#5879),#5887);
#5879 = B_SPLINE_CURVE_WITH_KNOTS('',6,(#5880,#5881,#5882,#5883,#5884,
    #5885,#5886),.UNSPECIFIED.,.F.,.F.,(7,7),(2.221212308533,
    3.154665753137),.PIECEWISE_BEZIER_KNOTS.);
#5880 = CARTESIAN_POINT('',(3.628590196044,98.605762671859));
#5881 = CARTESIAN_POINT('',(3.473014621944,98.57889844566));
#5882 = CARTESIAN_POINT('',(3.317439047843,98.555850238955));
#5883 = CARTESIAN_POINT('',(3.161863473742,98.537787891055));
#5884 = CARTESIAN_POINT('',(3.006287899641,98.525606802296));
#5885 = CARTESIAN_POINT('',(2.850712325541,98.519746727365));
#5886 = CARTESIAN_POINT('',(2.69513675144,98.520188012344));
#5887 = ( GEOMETRIC_REPRESENTATION_CONTEXT(2) 
PARAMETRIC_REPRESENTATION_CONTEXT() REPRESENTATION_CONTEXT('2D SPACE',''
  ) );
#5888 = PCURVE('',#5889,#5894);
#5889 = PLANE('',#5890);
#5890 = AXIS2_PLACEMENT_3D('',#5891,#5892,#5893);
#5891 = CARTESIAN_POINT('',(198.,-63.81700988904,441.40779737626));
#5892 = DIRECTION('',(0.,0.,1.));
#5893 = DIRECTION('',(1.,0.,-0.));
#5894 = DEFINITIONAL_REPRESENTATION('',(#5895),#5899);
#5895 = ELLIPSE('',#5896,4.005880496097,4.);
#5896 = AXIS2_PLACEMENT_2D('',#5897,#5898);
#5897 = CARTESIAN_POINT('',(7.14764912673,1.568420897349));
#5898 = DIRECTION('',(-0.907314987228,-0.420451559577));
#5899 = ( GEOMETRIC_REPRESENTATION_CONTEXT(2) 
PARAMETRIC_REPRESENTATION_CONTEXT() REPRESENTATION_CONTEXT('2D SPACE',''
  ) );
#5900 = ORIENTED_EDGE('',*,*,#5901,.T.);
#5901 = EDGE_CURVE('',#5869,#5902,#5904,.T.);
#5902 = VERTEX_POINT('',#5903);
#5903 = CARTESIAN_POINT('',(208.70177952305,-60.81700988904,
    438.19139875628));
#5904 = SURFACE_CURVE('',#5905,(#5910,#5920),.PCURVE_S1.);
#5905 = ELLIPSE('',#5906,175.64285114633,4.);
#5906 = AXIS2_PLACEMENT_3D('',#5907,#5908,#5909);
#5907 = CARTESIAN_POINT('',(208.23693050921,-60.81700988904,
    504.17717741049));
#5908 = DIRECTION('',(0.,1.,0.));
#5909 = DIRECTION('',(-4.915687642355E-02,0.,-0.998791069994));
#5910 = PCURVE('',#1897,#5911);
#5911 = DEFINITIONAL_REPRESENTATION('',(#5912),#5919);
#5912 = B_SPLINE_CURVE_WITH_KNOTS('',5,(#5913,#5914,#5915,#5916,#5917,
    #5918),.UNSPECIFIED.,.F.,.F.,(6,6),(5.061356776745,5.096890700033),
  .PIECEWISE_BEZIER_KNOTS.);
#5913 = CARTESIAN_POINT('',(2.79262485723,95.917119763574));
#5914 = CARTESIAN_POINT('',(2.785518072572,97.089834274875));
#5915 = CARTESIAN_POINT('',(2.778411287914,98.25875817864));
#5916 = CARTESIAN_POINT('',(2.771304503257,99.423768079897));
#5917 = CARTESIAN_POINT('',(2.764197718599,100.58474138149));
#5918 = CARTESIAN_POINT('',(2.757090933942,101.74155636148));
#5919 = ( GEOMETRIC_REPRESENTATION_CONTEXT(2) 
PARAMETRIC_REPRESENTATION_CONTEXT() REPRESENTATION_CONTEXT('2D SPACE',''
  ) );
#5920 = PCURVE('',#5921,#5926);
#5921 = PLANE('',#5922);
#5922 = AXIS2_PLACEMENT_3D('',#5923,#5924,#5925);
#5923 = CARTESIAN_POINT('',(198.,-60.81700988904,415.40779737626));
#5924 = DIRECTION('',(-0.,1.,0.));
#5925 = DIRECTION('',(0.,0.,1.));
#5926 = DEFINITIONAL_REPRESENTATION('',(#5927),#5931);
#5927 = ELLIPSE('',#5928,175.64285114633,4.);
#5928 = AXIS2_PLACEMENT_2D('',#5929,#5930);
#5929 = CARTESIAN_POINT('',(88.769380034228,10.236930509215));
#5930 = DIRECTION('',(-0.998791069994,-4.915687642355E-02));
#5931 = ( GEOMETRIC_REPRESENTATION_CONTEXT(2) 
PARAMETRIC_REPRESENTATION_CONTEXT() REPRESENTATION_CONTEXT('2D SPACE',''
  ) );
#5932 = ORIENTED_EDGE('',*,*,#5933,.F.);
#5933 = EDGE_CURVE('',#5934,#5902,#5936,.T.);
#5934 = VERTEX_POINT('',#5935);
#5935 = CARTESIAN_POINT('',(201.29486118541,-60.81700988904,
    438.55594043105));
#5936 = SURFACE_CURVE('',#5937,(#5942,#5949),.PCURVE_S1.);
#5937 = CIRCLE('',#5938,4.);
#5938 = AXIS2_PLACEMENT_3D('',#5939,#5940,#5941);
#5939 = CARTESIAN_POINT('',(205.,-62.31700988904,438.40779737626));
#5940 = DIRECTION('',(-4.91441276141E-02,-2.277348593406E-02,
    -0.998532034068));
#5941 = DIRECTION('',(-0.998791069994,-2.168404344971E-19,
    4.915687642355E-02));
#5942 = PCURVE('',#1897,#5943);
#5943 = DEFINITIONAL_REPRESENTATION('',(#5944),#5948);
#5944 = LINE('',#5945,#5946);
#5945 = CARTESIAN_POINT('',(0.,101.74155576148));
#5946 = VECTOR('',#5947,1.);
#5947 = DIRECTION('',(1.,0.));
#5948 = ( GEOMETRIC_REPRESENTATION_CONTEXT(2) 
PARAMETRIC_REPRESENTATION_CONTEXT() REPRESENTATION_CONTEXT('2D SPACE',''
  ) );
#5949 = PCURVE('',#5950,#5955);
#5950 = PLANE('',#5951);
#5951 = AXIS2_PLACEMENT_3D('',#5952,#5953,#5954);
#5952 = CARTESIAN_POINT('',(205.,-62.31700988904,438.40779737626));
#5953 = DIRECTION('',(-4.91441276141E-02,-2.277348593406E-02,
    -0.998532034068));
#5954 = DIRECTION('',(-0.998791069994,-2.168404344971E-19,
    4.915687642355E-02));
#5955 = DEFINITIONAL_REPRESENTATION('',(#5956),#5960);
#5956 = CIRCLE('',#5957,4.);
#5957 = AXIS2_PLACEMENT_2D('',#5958,#5959);
#5958 = CARTESIAN_POINT('',(0.,0.));
#5959 = DIRECTION('',(1.,0.));
#5960 = ( GEOMETRIC_REPRESENTATION_CONTEXT(2) 
PARAMETRIC_REPRESENTATION_CONTEXT() REPRESENTATION_CONTEXT('2D SPACE',''
  ) );
#5961 = ORIENTED_EDGE('',*,*,#5962,.T.);
#5962 = EDGE_CURVE('',#5934,#5963,#5965,.T.);
#5963 = VERTEX_POINT('',#5964);
#5964 = CARTESIAN_POINT('',(201.40954618277,-60.81700988904,
    441.40779737626));
#5965 = SURFACE_CURVE('',#5966,(#5971,#5981),.PCURVE_S1.);
#5966 = ELLIPSE('',#5967,175.64285114633,4.);
#5967 = AXIS2_PLACEMENT_3D('',#5968,#5969,#5970);
#5968 = CARTESIAN_POINT('',(208.23693050921,-60.81700988904,
    504.17717741049));
#5969 = DIRECTION('',(0.,1.,0.));
#5970 = DIRECTION('',(-4.915687642355E-02,0.,-0.998791069994));
#5971 = PCURVE('',#1897,#5972);
#5972 = DEFINITIONAL_REPRESENTATION('',(#5973),#5980);
#5973 = B_SPLINE_CURVE_WITH_KNOTS('',5,(#5974,#5975,#5976,#5977,#5978,
    #5979),.UNSPECIFIED.,.F.,.F.,(6,6),(1.186294607147,1.2195868745),
  .PIECEWISE_BEZIER_KNOTS.);
#5974 = CARTESIAN_POINT('',(0.384501719648,101.74155636148));
#5975 = CARTESIAN_POINT('',(0.377843266178,100.65771900191));
#5976 = CARTESIAN_POINT('',(0.371184812707,99.570231426876));
#5977 = CARTESIAN_POINT('',(0.364526359236,98.479193744543));
#5978 = CARTESIAN_POINT('',(0.357867905766,97.384706737472));
#5979 = CARTESIAN_POINT('',(0.351209452295,96.28687180675));
#5980 = ( GEOMETRIC_REPRESENTATION_CONTEXT(2) 
PARAMETRIC_REPRESENTATION_CONTEXT() REPRESENTATION_CONTEXT('2D SPACE',''
  ) );
#5981 = PCURVE('',#5921,#5982);
#5982 = DEFINITIONAL_REPRESENTATION('',(#5983),#5987);
#5983 = ELLIPSE('',#5984,175.64285114633,4.);
#5984 = AXIS2_PLACEMENT_2D('',#5985,#5986);
#5985 = CARTESIAN_POINT('',(88.769380034228,10.236930509215));
#5986 = DIRECTION('',(-0.998791069994,-4.915687642355E-02));
#5987 = ( GEOMETRIC_REPRESENTATION_CONTEXT(2) 
PARAMETRIC_REPRESENTATION_CONTEXT() REPRESENTATION_CONTEXT('2D SPACE',''
  ) );
#5988 = ORIENTED_EDGE('',*,*,#5989,.T.);
#5989 = EDGE_CURVE('',#5963,#5726,#5990,.T.);
#5990 = SURFACE_CURVE('',#5991,(#5996,#6006),.PCURVE_S1.);
#5991 = ELLIPSE('',#5992,4.005880496097,4.);
#5992 = AXIS2_PLACEMENT_3D('',#5993,#5994,#5995);
#5993 = CARTESIAN_POINT('',(205.14764912673,-62.24858899169,
    441.40779737626));
#5994 = DIRECTION('',(0.,0.,1.));
#5995 = DIRECTION('',(-0.907314987228,-0.420451559577,0.));
#5996 = PCURVE('',#1897,#5997);
#5997 = DEFINITIONAL_REPRESENTATION('',(#5998),#6005);
#5998 = B_SPLINE_CURVE_WITH_KNOTS('',5,(#5999,#6000,#6001,#6002,#6003,
    #6004),.UNSPECIFIED.,.F.,.F.,(6,6),(5.401104946492,5.849802504577),
  .PIECEWISE_BEZIER_KNOTS.);
#5999 = CARTESIAN_POINT('',(0.448697558085,98.875043642539));
#6000 = CARTESIAN_POINT('',(0.358958046468,98.890076717241));
#6001 = CARTESIAN_POINT('',(0.269218534851,98.903721684293));
#6002 = CARTESIAN_POINT('',(0.179479023234,98.915726056136));
#6003 = CARTESIAN_POINT('',(8.9739511617E-02,98.925885115245));
#6004 = CARTESIAN_POINT('',(0.,98.934061961928));
#6005 = ( GEOMETRIC_REPRESENTATION_CONTEXT(2) 
PARAMETRIC_REPRESENTATION_CONTEXT() REPRESENTATION_CONTEXT('2D SPACE',''
  ) );
#6006 = PCURVE('',#5768,#6007);
#6007 = DEFINITIONAL_REPRESENTATION('',(#6008),#6012);
#6008 = ELLIPSE('',#6009,4.005880496097,4.);
#6009 = AXIS2_PLACEMENT_2D('',#6010,#6011);
#6010 = CARTESIAN_POINT('',(7.14764912673,1.568420897349));
#6011 = DIRECTION('',(-0.907314987228,-0.420451559577));
#6012 = ( GEOMETRIC_REPRESENTATION_CONTEXT(2) 
PARAMETRIC_REPRESENTATION_CONTEXT() REPRESENTATION_CONTEXT('2D SPACE',''
  ) );
#6013 = ORIENTED_EDGE('',*,*,#5725,.F.);
#6014 = ORIENTED_EDGE('',*,*,#2130,.T.);
#6015 = ORIENTED_EDGE('',*,*,#6016,.T.);
#6016 = EDGE_CURVE('',#2099,#1971,#6017,.T.);
#6017 = SURFACE_CURVE('',#6018,(#6023,#6030),.PCURVE_S1.);
#6018 = CIRCLE('',#6019,4.);
#6019 = AXIS2_PLACEMENT_3D('',#6020,#6021,#6022);
#6020 = CARTESIAN_POINT('',(210.,-60.,540.));
#6021 = DIRECTION('',(-4.91441276141E-02,-2.277348593406E-02,
    -0.998532034068));
#6022 = DIRECTION('',(-0.998791069994,-2.168404344971E-19,
    4.915687642355E-02));
#6023 = PCURVE('',#1897,#6024);
#6024 = DEFINITIONAL_REPRESENTATION('',(#6025),#6029);
#6025 = LINE('',#6026,#6027);
#6026 = CARTESIAN_POINT('',(0.,0.));
#6027 = VECTOR('',#6028,1.);
#6028 = DIRECTION('',(1.,0.));
#6029 = ( GEOMETRIC_REPRESENTATION_CONTEXT(2) 
PARAMETRIC_REPRESENTATION_CONTEXT() REPRESENTATION_CONTEXT('2D SPACE',''
  ) );
#6030 = PCURVE('',#2118,#6031);
#6031 = DEFINITIONAL_REPRESENTATION('',(#6032),#6036);
#6032 = CIRCLE('',#6033,4.);
#6033 = AXIS2_PLACEMENT_2D('',#6034,#6035);
#6034 = CARTESIAN_POINT('',(0.,0.));
#6035 = DIRECTION('',(1.,0.));
#6036 = ( GEOMETRIC_REPRESENTATION_CONTEXT(2) 
PARAMETRIC_REPRESENTATION_CONTEXT() REPRESENTATION_CONTEXT('2D SPACE',''
  ) );
#6037 = ORIENTED_EDGE('',*,*,#1970,.T.);
#6038 = ORIENTED_EDGE('',*,*,#6039,.T.);
#6039 = EDGE_CURVE('',#1939,#1822,#6040,.T.);
#6040 = SURFACE_CURVE('',#6041,(#6046,#6053),.PCURVE_S1.);
#6041 = CIRCLE('',#6042,4.);
#6042 = AXIS2_PLACEMENT_3D('',#6043,#6044,#6045);
#6043 = CARTESIAN_POINT('',(210.,-60.,540.));
#6044 = DIRECTION('',(-4.91441276141E-02,-2.277348593406E-02,
    -0.998532034068));
#6045 = DIRECTION('',(-0.998791069994,-2.168404344971E-19,
    4.915687642355E-02));
#6046 = PCURVE('',#1897,#6047);
#6047 = DEFINITIONAL_REPRESENTATION('',(#6048),#6052);
#6048 = LINE('',#6049,#6050);
#6049 = CARTESIAN_POINT('',(0.,0.));
#6050 = VECTOR('',#6051,1.);
#6051 = DIRECTION('',(1.,0.));
#6052 = ( GEOMETRIC_REPRESENTATION_CONTEXT(2) 
PARAMETRIC_REPRESENTATION_CONTEXT() REPRESENTATION_CONTEXT('2D SPACE',''
  ) );
#6053 = PCURVE('',#1958,#6054);
#6054 = DEFINITIONAL_REPRESENTATION('',(#6055),#6059);
#6055 = CIRCLE('',#6056,4.);
#6056 = AXIS2_PLACEMENT_2D('',#6057,#6058);
#6057 = CARTESIAN_POINT('',(0.,0.));
#6058 = DIRECTION('',(1.,0.));
#6059 = ( GEOMETRIC_REPRESENTATION_CONTEXT(2) 
PARAMETRIC_REPRESENTATION_CONTEXT() REPRESENTATION_CONTEXT('2D SPACE',''
  ) );
#6060 = ADVANCED_FACE('',(#6061),#2118,.F.);
#6061 = FACE_BOUND('',#6062,.F.);
#6062 = EDGE_LOOP('',(#6063,#6064));
#6063 = ORIENTED_EDGE('',*,*,#2098,.F.);
#6064 = ORIENTED_EDGE('',*,*,#6016,.T.);
#6065 = ADVANCED_FACE('',(#6066),#1958,.F.);
#6066 = FACE_BOUND('',#6067,.F.);
#6067 = EDGE_LOOP('',(#6068,#6069));
#6068 = ORIENTED_EDGE('',*,*,#6039,.T.);
#6069 = ORIENTED_EDGE('',*,*,#1938,.F.);
#6070 = ADVANCED_FACE('',(#6071),#2464,.T.);
#6071 = FACE_BOUND('',#6072,.T.);
#6072 = EDGE_LOOP('',(#6073,#6074,#6095,#6096));
#6073 = ORIENTED_EDGE('',*,*,#3517,.F.);
#6074 = ORIENTED_EDGE('',*,*,#6075,.F.);
#6075 = EDGE_CURVE('',#2211,#3518,#6076,.T.);
#6076 = SEAM_CURVE('',#6077,(#6081,#6088),.PCURVE_S1.);
#6077 = LINE('',#6078,#6079);
#6078 = CARTESIAN_POINT('',(65.,-60.,550.));
#6079 = VECTOR('',#6080,1.);
#6080 = DIRECTION('',(0.,1.,0.));
#6081 = PCURVE('',#2464,#6082);
#6082 = DEFINITIONAL_REPRESENTATION('',(#6083),#6087);
#6083 = LINE('',#6084,#6085);
#6084 = CARTESIAN_POINT('',(6.28318530718,-0.));
#6085 = VECTOR('',#6086,1.);
#6086 = DIRECTION('',(0.,1.));
#6087 = ( GEOMETRIC_REPRESENTATION_CONTEXT(2) 
PARAMETRIC_REPRESENTATION_CONTEXT() REPRESENTATION_CONTEXT('2D SPACE',''
  ) );
#6088 = PCURVE('',#2464,#6089);
#6089 = DEFINITIONAL_REPRESENTATION('',(#6090),#6094);
#6090 = LINE('',#6091,#6092);
#6091 = CARTESIAN_POINT('',(0.,-0.));
#6092 = VECTOR('',#6093,1.);
#6093 = DIRECTION('',(0.,1.));
#6094 = ( GEOMETRIC_REPRESENTATION_CONTEXT(2) 
PARAMETRIC_REPRESENTATION_CONTEXT() REPRESENTATION_CONTEXT('2D SPACE',''
  ) );
#6095 = ORIENTED_EDGE('',*,*,#2210,.T.);
#6096 = ORIENTED_EDGE('',*,*,#6075,.T.);
#6097 = ADVANCED_FACE('',(#6098),#2638,.T.);
#6098 = FACE_BOUND('',#6099,.T.);
#6099 = EDGE_LOOP('',(#6100,#6101,#6102));
#6100 = ORIENTED_EDGE('',*,*,#2621,.T.);
#6101 = ORIENTED_EDGE('',*,*,#3079,.T.);
#6102 = ORIENTED_EDGE('',*,*,#5308,.T.);
#6103 = ADVANCED_FACE('',(#6104),#2867,.T.);
#6104 = FACE_BOUND('',#6105,.T.);
#6105 = EDGE_LOOP('',(#6106,#6107));
#6106 = ORIENTED_EDGE('',*,*,#5377,.F.);
#6107 = ORIENTED_EDGE('',*,*,#2850,.T.);
#6108 = ADVANCED_FACE('',(#6109),#3384,.T.);
#6109 = FACE_BOUND('',#6110,.T.);
#6110 = EDGE_LOOP('',(#6111,#6112,#6133,#6134));
#6111 = ORIENTED_EDGE('',*,*,#4373,.F.);
#6112 = ORIENTED_EDGE('',*,*,#6113,.F.);
#6113 = EDGE_CURVE('',#3131,#4374,#6114,.T.);
#6114 = SEAM_CURVE('',#6115,(#6119,#6126),.PCURVE_S1.);
#6115 = LINE('',#6116,#6117);
#6116 = CARTESIAN_POINT('',(65.,-60.,550.));
#6117 = VECTOR('',#6118,1.);
#6118 = DIRECTION('',(0.,1.,0.));
#6119 = PCURVE('',#3384,#6120);
#6120 = DEFINITIONAL_REPRESENTATION('',(#6121),#6125);
#6121 = LINE('',#6122,#6123);
#6122 = CARTESIAN_POINT('',(6.28318530718,-0.));
#6123 = VECTOR('',#6124,1.);
#6124 = DIRECTION('',(0.,1.));
#6125 = ( GEOMETRIC_REPRESENTATION_CONTEXT(2) 
PARAMETRIC_REPRESENTATION_CONTEXT() REPRESENTATION_CONTEXT('2D SPACE',''
  ) );
#6126 = PCURVE('',#3384,#6127);
#6127 = DEFINITIONAL_REPRESENTATION('',(#6128),#6132);
#6128 = LINE('',#6129,#6130);
#6129 = CARTESIAN_POINT('',(0.,-0.));
#6130 = VECTOR('',#6131,1.);
#6131 = DIRECTION('',(0.,1.));
#6132 = ( GEOMETRIC_REPRESENTATION_CONTEXT(2) 
PARAMETRIC_REPRESENTATION_CONTEXT() REPRESENTATION_CONTEXT('2D SPACE',''
  ) );
#6133 = ORIENTED_EDGE('',*,*,#3130,.T.);
#6134 = ORIENTED_EDGE('',*,*,#6113,.T.);
#6135 = ADVANCED_FACE('',(#6136),#3945,.T.);
#6136 = FACE_BOUND('',#6137,.T.);
#6137 = EDGE_LOOP('',(#6138,#6139,#6140,#6141,#6160));
#6138 = ORIENTED_EDGE('',*,*,#3928,.T.);
#6139 = ORIENTED_EDGE('',*,*,#4157,.T.);
#6140 = ORIENTED_EDGE('',*,*,#5266,.T.);
#6141 = ORIENTED_EDGE('',*,*,#6142,.F.);
#6142 = EDGE_CURVE('',#5238,#5236,#6143,.T.);
#6143 = SURFACE_CURVE('',#6144,(#6148,#6154),.PCURVE_S1.);
#6144 = LINE('',#6145,#6146);
#6145 = CARTESIAN_POINT('',(215.,60.,545.));
#6146 = VECTOR('',#6147,1.);
#6147 = DIRECTION('',(0.,0.,1.));
#6148 = PCURVE('',#3945,#6149);
#6149 = DEFINITIONAL_REPRESENTATION('',(#6150),#6153);
#6150 = B_SPLINE_CURVE_WITH_KNOTS('',1,(#6151,#6152),.UNSPECIFIED.,.F.,
  .F.,(2,2),(-5.,5.),.PIECEWISE_BEZIER_KNOTS.);
#6151 = CARTESIAN_POINT('',(-5.,0.));
#6152 = CARTESIAN_POINT('',(5.,0.));
#6153 = ( GEOMETRIC_REPRESENTATION_CONTEXT(2) 
PARAMETRIC_REPRESENTATION_CONTEXT() REPRESENTATION_CONTEXT('2D SPACE',''
  ) );
#6154 = PCURVE('',#5254,#6155);
#6155 = DEFINITIONAL_REPRESENTATION('',(#6156),#6159);
#6156 = B_SPLINE_CURVE_WITH_KNOTS('',1,(#6157,#6158),.UNSPECIFIED.,.F.,
  .F.,(2,2),(-5.,5.),.PIECEWISE_BEZIER_KNOTS.);
#6157 = CARTESIAN_POINT('',(-5.,0.));
#6158 = CARTESIAN_POINT('',(5.,0.));
#6159 = ( GEOMETRIC_REPRESENTATION_CONTEXT(2) 
PARAMETRIC_REPRESENTATION_CONTEXT() REPRESENTATION_CONTEXT('2D SPACE',''
  ) );
#6160 = ORIENTED_EDGE('',*,*,#5399,.F.);
#6161 = ADVANCED_FACE('',(#6162),#4285,.T.);
#6162 = FACE_BOUND('',#6163,.T.);
#6163 = EDGE_LOOP('',(#6164,#6195,#6218,#6240,#6241,#6263,#6264,#6288,
    #6320,#6360,#6393,#6433));
#6164 = ORIENTED_EDGE('',*,*,#6165,.F.);
#6165 = EDGE_CURVE('',#6166,#6168,#6170,.T.);
#6166 = VERTEX_POINT('',#6167);
#6167 = CARTESIAN_POINT('',(-23.82085500087,68.6,290.54478624978));
#6168 = VERTEX_POINT('',#6169);
#6169 = CARTESIAN_POINT('',(-12.93546449989,65.6,293.16210161696));
#6170 = SURFACE_CURVE('',#6171,(#6176,#6183),.PCURVE_S1.);
#6171 = CIRCLE('',#6172,6.);
#6172 = AXIS2_PLACEMENT_3D('',#6173,#6174,#6175);
#6173 = CARTESIAN_POINT('',(-18.,68.6,292.));
#6174 = DIRECTION('',(0.242398492127,3.362301664985E-02,-0.969593968507)
  );
#6175 = DIRECTION('',(-0.970142500145,0.,-0.242535625036));
#6176 = PCURVE('',#4285,#6177);
#6177 = DEFINITIONAL_REPRESENTATION('',(#6178),#6182);
#6178 = LINE('',#6179,#6180);
#6179 = CARTESIAN_POINT('',(0.,255.77716864489));
#6180 = VECTOR('',#6181,1.);
#6181 = DIRECTION('',(1.,0.));
#6182 = ( GEOMETRIC_REPRESENTATION_CONTEXT(2) 
PARAMETRIC_REPRESENTATION_CONTEXT() REPRESENTATION_CONTEXT('2D SPACE',''
  ) );
#6183 = PCURVE('',#6184,#6189);
#6184 = PLANE('',#6185);
#6185 = AXIS2_PLACEMENT_3D('',#6186,#6187,#6188);
#6186 = CARTESIAN_POINT('',(-18.,68.6,292.));
#6187 = DIRECTION('',(0.242398492127,3.362301664985E-02,-0.969593968507)
  );
#6188 = DIRECTION('',(-0.970142500145,0.,-0.242535625036));
#6189 = DEFINITIONAL_REPRESENTATION('',(#6190),#6194);
#6190 = CIRCLE('',#6191,6.);
#6191 = AXIS2_PLACEMENT_2D('',#6192,#6193);
#6192 = CARTESIAN_POINT('',(0.,0.));
#6193 = DIRECTION('',(1.,0.));
#6194 = ( GEOMETRIC_REPRESENTATION_CONTEXT(2) 
PARAMETRIC_REPRESENTATION_CONTEXT() REPRESENTATION_CONTEXT('2D SPACE',''
  ) );
#6195 = ORIENTED_EDGE('',*,*,#6196,.F.);
#6196 = EDGE_CURVE('',#6197,#6166,#6199,.T.);
#6197 = VERTEX_POINT('',#6198);
#6198 = CARTESIAN_POINT('',(-85.82085500087,60.,538.54478624978));
#6199 = SEAM_CURVE('',#6200,(#6204,#6211),.PCURVE_S1.);
#6200 = LINE('',#6201,#6202);
#6201 = CARTESIAN_POINT('',(-85.82085500087,60.,538.54478624978));
#6202 = VECTOR('',#6203,1.);
#6203 = DIRECTION('',(0.242398492127,3.362301664985E-02,-0.969593968507)
  );
#6204 = PCURVE('',#4285,#6205);
#6205 = DEFINITIONAL_REPRESENTATION('',(#6206),#6210);
#6206 = LINE('',#6207,#6208);
#6207 = CARTESIAN_POINT('',(6.28318530718,-0.));
#6208 = VECTOR('',#6209,1.);
#6209 = DIRECTION('',(0.,1.));
#6210 = ( GEOMETRIC_REPRESENTATION_CONTEXT(2) 
PARAMETRIC_REPRESENTATION_CONTEXT() REPRESENTATION_CONTEXT('2D SPACE',''
  ) );
#6211 = PCURVE('',#4285,#6212);
#6212 = DEFINITIONAL_REPRESENTATION('',(#6213),#6217);
#6213 = LINE('',#6214,#6215);
#6214 = CARTESIAN_POINT('',(0.,-0.));
#6215 = VECTOR('',#6216,1.);
#6216 = DIRECTION('',(0.,1.));
#6217 = ( GEOMETRIC_REPRESENTATION_CONTEXT(2) 
PARAMETRIC_REPRESENTATION_CONTEXT() REPRESENTATION_CONTEXT('2D SPACE',''
  ) );
#6218 = ORIENTED_EDGE('',*,*,#6219,.T.);
#6219 = EDGE_CURVE('',#6197,#4186,#6220,.T.);
#6220 = SURFACE_CURVE('',#6221,(#6226,#6233),.PCURVE_S1.);
#6221 = CIRCLE('',#6222,6.);
#6222 = AXIS2_PLACEMENT_3D('',#6223,#6224,#6225);
#6223 = CARTESIAN_POINT('',(-80.,60.,540.));
#6224 = DIRECTION('',(0.242398492127,3.362301664985E-02,-0.969593968507)
  );
#6225 = DIRECTION('',(-0.970142500145,0.,-0.242535625036));
#6226 = PCURVE('',#4285,#6227);
#6227 = DEFINITIONAL_REPRESENTATION('',(#6228),#6232);
#6228 = LINE('',#6229,#6230);
#6229 = CARTESIAN_POINT('',(0.,0.));
#6230 = VECTOR('',#6231,1.);
#6231 = DIRECTION('',(1.,0.));
#6232 = ( GEOMETRIC_REPRESENTATION_CONTEXT(2) 
PARAMETRIC_REPRESENTATION_CONTEXT() REPRESENTATION_CONTEXT('2D SPACE',''
  ) );
#6233 = PCURVE('',#4359,#6234);
#6234 = DEFINITIONAL_REPRESENTATION('',(#6235),#6239);
#6235 = CIRCLE('',#6236,6.);
#6236 = AXIS2_PLACEMENT_2D('',#6237,#6238);
#6237 = CARTESIAN_POINT('',(0.,0.));
#6238 = DIRECTION('',(1.,0.));
#6239 = ( GEOMETRIC_REPRESENTATION_CONTEXT(2) 
PARAMETRIC_REPRESENTATION_CONTEXT() REPRESENTATION_CONTEXT('2D SPACE',''
  ) );
#6240 = ORIENTED_EDGE('',*,*,#4185,.T.);
#6241 = ORIENTED_EDGE('',*,*,#6242,.T.);
#6242 = EDGE_CURVE('',#4188,#6197,#6243,.T.);
#6243 = SURFACE_CURVE('',#6244,(#6249,#6256),.PCURVE_S1.);
#6244 = CIRCLE('',#6245,6.);
#6245 = AXIS2_PLACEMENT_3D('',#6246,#6247,#6248);
#6246 = CARTESIAN_POINT('',(-80.,60.,540.));
#6247 = DIRECTION('',(0.242398492127,3.362301664985E-02,-0.969593968507)
  );
#6248 = DIRECTION('',(-0.970142500145,0.,-0.242535625036));
#6249 = PCURVE('',#4285,#6250);
#6250 = DEFINITIONAL_REPRESENTATION('',(#6251),#6255);
#6251 = LINE('',#6252,#6253);
#6252 = CARTESIAN_POINT('',(0.,0.));
#6253 = VECTOR('',#6254,1.);
#6254 = DIRECTION('',(1.,0.));
#6255 = ( GEOMETRIC_REPRESENTATION_CONTEXT(2) 
PARAMETRIC_REPRESENTATION_CONTEXT() REPRESENTATION_CONTEXT('2D SPACE',''
  ) );
#6256 = PCURVE('',#4359,#6257);
#6257 = DEFINITIONAL_REPRESENTATION('',(#6258),#6262);
#6258 = CIRCLE('',#6259,6.);
#6259 = AXIS2_PLACEMENT_2D('',#6260,#6261);
#6260 = CARTESIAN_POINT('',(0.,0.));
#6261 = DIRECTION('',(1.,0.));
#6262 = ( GEOMETRIC_REPRESENTATION_CONTEXT(2) 
PARAMETRIC_REPRESENTATION_CONTEXT() REPRESENTATION_CONTEXT('2D SPACE',''
  ) );
#6263 = ORIENTED_EDGE('',*,*,#6196,.T.);
#6264 = ORIENTED_EDGE('',*,*,#6265,.F.);
#6265 = EDGE_CURVE('',#6266,#6166,#6268,.T.);
#6266 = VERTEX_POINT('',#6267);
#6267 = CARTESIAN_POINT('',(-23.01557914337,65.6,290.64207295609));
#6268 = SURFACE_CURVE('',#6269,(#6274,#6281),.PCURVE_S1.);
#6269 = CIRCLE('',#6270,6.);
#6270 = AXIS2_PLACEMENT_3D('',#6271,#6272,#6273);
#6271 = CARTESIAN_POINT('',(-18.,68.6,292.));
#6272 = DIRECTION('',(0.242398492127,3.362301664985E-02,-0.969593968507)
  );
#6273 = DIRECTION('',(-0.970142500145,0.,-0.242535625036));
#6274 = PCURVE('',#4285,#6275);
#6275 = DEFINITIONAL_REPRESENTATION('',(#6276),#6280);
#6276 = LINE('',#6277,#6278);
#6277 = CARTESIAN_POINT('',(0.,255.77716864489));
#6278 = VECTOR('',#6279,1.);
#6279 = DIRECTION('',(1.,0.));
#6280 = ( GEOMETRIC_REPRESENTATION_CONTEXT(2) 
PARAMETRIC_REPRESENTATION_CONTEXT() REPRESENTATION_CONTEXT('2D SPACE',''
  ) );
#6281 = PCURVE('',#6184,#6282);
#6282 = DEFINITIONAL_REPRESENTATION('',(#6283),#6287);
#6283 = CIRCLE('',#6284,6.);
#6284 = AXIS2_PLACEMENT_2D('',#6285,#6286);
#6285 = CARTESIAN_POINT('',(0.,0.));
#6286 = DIRECTION('',(1.,0.));
#6287 = ( GEOMETRIC_REPRESENTATION_CONTEXT(2) 
PARAMETRIC_REPRESENTATION_CONTEXT() REPRESENTATION_CONTEXT('2D SPACE',''
  ) );
#6288 = ORIENTED_EDGE('',*,*,#6289,.T.);
#6289 = EDGE_CURVE('',#6266,#6290,#6292,.T.);
#6290 = VERTEX_POINT('',#6291);
#6291 = CARTESIAN_POINT('',(-24.19244027154,65.6,295.));
#6292 = SURFACE_CURVE('',#6293,(#6298,#6308),.PCURVE_S1.);
#6293 = ELLIPSE('',#6294,178.44918742667,6.);
#6294 = AXIS2_PLACEMENT_3D('',#6295,#6296,#6297);
#6295 = CARTESIAN_POINT('',(-39.62790697674,65.6,378.51162790697));
#6296 = DIRECTION('',(0.,1.,0.));
#6297 = DIRECTION('',(0.242535625036,0.,-0.970142500145));
#6298 = PCURVE('',#4285,#6299);
#6299 = DEFINITIONAL_REPRESENTATION('',(#6300),#6307);
#6300 = B_SPLINE_CURVE_WITH_KNOTS('',5,(#6301,#6302,#6303,#6304,#6305,
    #6306),.UNSPECIFIED.,.F.,.F.,(6,6),(1.046870890204,1.098126674529),
  .PIECEWISE_BEZIER_KNOTS.);
#6301 = CARTESIAN_POINT('',(5.759259870589,255.77716924489));
#6302 = CARTESIAN_POINT('',(5.769511027454,254.19413422528));
#6303 = CARTESIAN_POINT('',(5.779762184319,252.59937886186));
#6304 = CARTESIAN_POINT('',(5.790013341184,250.99324972757));
#6305 = CARTESIAN_POINT('',(5.800264498048,249.37609852862));
#6306 = CARTESIAN_POINT('',(5.810515654913,247.74828164264));
#6307 = ( GEOMETRIC_REPRESENTATION_CONTEXT(2) 
PARAMETRIC_REPRESENTATION_CONTEXT() REPRESENTATION_CONTEXT('2D SPACE',''
  ) );
#6308 = PCURVE('',#6309,#6314);
#6309 = PLANE('',#6310);
#6310 = AXIS2_PLACEMENT_3D('',#6311,#6312,#6313);
#6311 = CARTESIAN_POINT('',(-26.,65.6,261.));
#6312 = DIRECTION('',(-0.,1.,0.));
#6313 = DIRECTION('',(0.,0.,1.));
#6314 = DEFINITIONAL_REPRESENTATION('',(#6315),#6319);
#6315 = ELLIPSE('',#6316,178.44918742667,6.);
#6316 = AXIS2_PLACEMENT_2D('',#6317,#6318);
#6317 = CARTESIAN_POINT('',(117.51162790697,-13.62790697674));
#6318 = DIRECTION('',(-0.970142500145,0.242535625036));
#6319 = ( GEOMETRIC_REPRESENTATION_CONTEXT(2) 
PARAMETRIC_REPRESENTATION_CONTEXT() REPRESENTATION_CONTEXT('2D SPACE',''
  ) );
#6320 = ORIENTED_EDGE('',*,*,#6321,.T.);
#6321 = EDGE_CURVE('',#6290,#6322,#6324,.T.);
#6322 = VERTEX_POINT('',#6323);
#6323 = CARTESIAN_POINT('',(-19.96689077753,62.6,295.));
#6324 = SURFACE_CURVE('',#6325,(#6330,#6348),.PCURVE_S1.);
#6325 = ELLIPSE('',#6326,6.188157305925,6.);
#6326 = AXIS2_PLACEMENT_3D('',#6327,#6328,#6329);
#6327 = CARTESIAN_POINT('',(-18.75,68.495967741935,295.));
#6328 = DIRECTION('',(0.,0.,1.));
#6329 = DIRECTION('',(0.990516445713,0.137394216663,-0.));
#6330 = PCURVE('',#4285,#6331);
#6331 = DEFINITIONAL_REPRESENTATION('',(#6332),#6347);
#6332 = B_SPLINE_CURVE_WITH_KNOTS('',7,(#6333,#6334,#6335,#6336,#6337,
    #6338,#6339,#6340,#6341,#6342,#6343,#6344,#6345,#6346),
  .UNSPECIFIED.,.F.,.F.,(8,6,8),(3.446651553838,4.570293571795,
    5.693935589753),.UNSPECIFIED.);
#6333 = CARTESIAN_POINT('',(5.844436554539,251.2386476492));
#6334 = CARTESIAN_POINT('',(5.683916266259,251.31165829759));
#6335 = CARTESIAN_POINT('',(5.523395977979,251.42809074788));
#6336 = CARTESIAN_POINT('',(5.362875689699,251.58487148434));
#6337 = CARTESIAN_POINT('',(5.202355401421,251.77618991609));
#6338 = CARTESIAN_POINT('',(5.04183511314,251.9938050235));
#6339 = CARTESIAN_POINT('',(4.881314824861,252.22799378329));
#6340 = CARTESIAN_POINT('',(4.560274248302,252.7092653649));
#6341 = CARTESIAN_POINT('',(4.399753960022,252.95634804522));
#6342 = CARTESIAN_POINT('',(4.239233671744,253.19975070245));
#6343 = CARTESIAN_POINT('',(4.078713383461,253.42893749923));
#6344 = CARTESIAN_POINT('',(3.918193095183,253.63403624064));
#6345 = CARTESIAN_POINT('',(3.757672806903,253.80697452389));
#6346 = CARTESIAN_POINT('',(3.597152518624,253.94206637253));
#6347 = ( GEOMETRIC_REPRESENTATION_CONTEXT(2) 
PARAMETRIC_REPRESENTATION_CONTEXT() REPRESENTATION_CONTEXT('2D SPACE',''
  ) );
#6348 = PCURVE('',#6349,#6354);
#6349 = PLANE('',#6350);
#6350 = AXIS2_PLACEMENT_3D('',#6351,#6352,#6353);
#6351 = CARTESIAN_POINT('',(-26.,62.6,295.));
#6352 = DIRECTION('',(0.,0.,1.));
#6353 = DIRECTION('',(1.,0.,-0.));
#6354 = DEFINITIONAL_REPRESENTATION('',(#6355),#6359);
#6355 = ELLIPSE('',#6356,6.188157305925,6.);
#6356 = AXIS2_PLACEMENT_2D('',#6357,#6358);
#6357 = CARTESIAN_POINT('',(7.25,5.895967741935));
#6358 = DIRECTION('',(0.990516445713,0.137394216663));
#6359 = ( GEOMETRIC_REPRESENTATION_CONTEXT(2) 
PARAMETRIC_REPRESENTATION_CONTEXT() REPRESENTATION_CONTEXT('2D SPACE',''
  ) );
#6360 = ORIENTED_EDGE('',*,*,#6361,.F.);
#6361 = EDGE_CURVE('',#6362,#6322,#6364,.T.);
#6362 = VERTEX_POINT('',#6363);
#6363 = CARTESIAN_POINT('',(-17.63521491092,62.6,295.));
#6364 = SURFACE_CURVE('',#6365,(#6370,#6381),.PCURVE_S1.);
#6365 = ELLIPSE('',#6366,178.44918742667,6.);
#6366 = AXIS2_PLACEMENT_3D('',#6367,#6368,#6369);
#6367 = CARTESIAN_POINT('',(-61.25581395348,62.6,465.02325581395));
#6368 = DIRECTION('',(0.,1.,0.));
#6369 = DIRECTION('',(0.242535625036,0.,-0.970142500145));
#6370 = PCURVE('',#4285,#6371);
#6371 = DEFINITIONAL_REPRESENTATION('',(#6372),#6380);
#6372 = B_SPLINE_CURVE_WITH_KNOTS('',6,(#6373,#6374,#6375,#6376,#6377,
    #6378,#6379),.UNSPECIFIED.,.F.,.F.,(7,7),(6.016616846319,
    6.566564880433),.PIECEWISE_BEZIER_KNOTS.);
#6373 = CARTESIAN_POINT('',(4.445820519524,249.37710212785));
#6374 = CARTESIAN_POINT('',(4.53747852521,253.68328506537));
#6375 = CARTESIAN_POINT('',(4.629136530896,256.25496712504));
#6376 = CARTESIAN_POINT('',(4.720794536581,257.02703020433));
#6377 = CARTESIAN_POINT('',(4.812452542267,255.97806743304));
#6378 = CARTESIAN_POINT('',(4.904110547952,253.1336934865));
#6379 = CARTESIAN_POINT('',(4.995768553638,248.56302566312));
#6380 = ( GEOMETRIC_REPRESENTATION_CONTEXT(2) 
PARAMETRIC_REPRESENTATION_CONTEXT() REPRESENTATION_CONTEXT('2D SPACE',''
  ) );
#6381 = PCURVE('',#6382,#6387);
#6382 = PLANE('',#6383);
#6383 = AXIS2_PLACEMENT_3D('',#6384,#6385,#6386);
#6384 = CARTESIAN_POINT('',(-26.,62.6,261.));
#6385 = DIRECTION('',(-0.,1.,0.));
#6386 = DIRECTION('',(0.,0.,1.));
#6387 = DEFINITIONAL_REPRESENTATION('',(#6388),#6392);
#6388 = ELLIPSE('',#6389,178.44918742667,6.);
#6389 = AXIS2_PLACEMENT_2D('',#6390,#6391);
#6390 = CARTESIAN_POINT('',(204.02325581395,-35.25581395348));
#6391 = DIRECTION('',(-0.970142500145,0.242535625036));
#6392 = ( GEOMETRIC_REPRESENTATION_CONTEXT(2) 
PARAMETRIC_REPRESENTATION_CONTEXT() REPRESENTATION_CONTEXT('2D SPACE',''
  ) );
#6393 = ORIENTED_EDGE('',*,*,#6394,.T.);
#6394 = EDGE_CURVE('',#6362,#6395,#6397,.T.);
#6395 = VERTEX_POINT('',#6396);
#6396 = CARTESIAN_POINT('',(-13.35771176337,65.6,295.));
#6397 = SURFACE_CURVE('',#6398,(#6403,#6421),.PCURVE_S1.);
#6398 = ELLIPSE('',#6399,6.188157305925,6.);
#6399 = AXIS2_PLACEMENT_3D('',#6400,#6401,#6402);
#6400 = CARTESIAN_POINT('',(-18.75,68.495967741935,295.));
#6401 = DIRECTION('',(0.,0.,1.));
#6402 = DIRECTION('',(0.990516445713,0.137394216663,-0.));
#6403 = PCURVE('',#4285,#6404);
#6404 = DEFINITIONAL_REPRESENTATION('',(#6405),#6420);
#6405 = B_SPLINE_CURVE_WITH_KNOTS('',7,(#6406,#6407,#6408,#6409,#6410,
    #6411,#6412,#6413,#6414,#6415,#6416,#6417,#6418,#6419),
  .UNSPECIFIED.,.F.,.F.,(8,6,8),(3.446651553838,4.570293571795,
    5.693935589753),.UNSPECIFIED.);
#6406 = CARTESIAN_POINT('',(5.844436554539,251.2386476492));
#6407 = CARTESIAN_POINT('',(5.683916266259,251.31165829759));
#6408 = CARTESIAN_POINT('',(5.523395977979,251.42809074788));
#6409 = CARTESIAN_POINT('',(5.362875689699,251.58487148434));
#6410 = CARTESIAN_POINT('',(5.202355401421,251.77618991609));
#6411 = CARTESIAN_POINT('',(5.04183511314,251.9938050235));
#6412 = CARTESIAN_POINT('',(4.881314824861,252.22799378329));
#6413 = CARTESIAN_POINT('',(4.560274248302,252.7092653649));
#6414 = CARTESIAN_POINT('',(4.399753960022,252.95634804522));
#6415 = CARTESIAN_POINT('',(4.239233671744,253.19975070245));
#6416 = CARTESIAN_POINT('',(4.078713383461,253.42893749923));
#6417 = CARTESIAN_POINT('',(3.918193095183,253.63403624064));
#6418 = CARTESIAN_POINT('',(3.757672806903,253.80697452389));
#6419 = CARTESIAN_POINT('',(3.597152518624,253.94206637253));
#6420 = ( GEOMETRIC_REPRESENTATION_CONTEXT(2) 
PARAMETRIC_REPRESENTATION_CONTEXT() REPRESENTATION_CONTEXT('2D SPACE',''
  ) );
#6421 = PCURVE('',#6422,#6427);
#6422 = PLANE('',#6423);
#6423 = AXIS2_PLACEMENT_3D('',#6424,#6425,#6426);
#6424 = CARTESIAN_POINT('',(-26.,62.6,295.));
#6425 = DIRECTION('',(0.,0.,1.));
#6426 = DIRECTION('',(1.,0.,-0.));
#6427 = DEFINITIONAL_REPRESENTATION('',(#6428),#6432);
#6428 = ELLIPSE('',#6429,6.188157305925,6.);
#6429 = AXIS2_PLACEMENT_2D('',#6430,#6431);
#6430 = CARTESIAN_POINT('',(7.25,5.895967741935));
#6431 = DIRECTION('',(0.990516445713,0.137394216663));
#6432 = ( GEOMETRIC_REPRESENTATION_CONTEXT(2) 
PARAMETRIC_REPRESENTATION_CONTEXT() REPRESENTATION_CONTEXT('2D SPACE',''
  ) );
#6433 = ORIENTED_EDGE('',*,*,#6434,.T.);
#6434 = EDGE_CURVE('',#6395,#6168,#6435,.T.);
#6435 = SURFACE_CURVE('',#6436,(#6441,#6451),.PCURVE_S1.);
#6436 = ELLIPSE('',#6437,178.44918742667,6.);
#6437 = AXIS2_PLACEMENT_3D('',#6438,#6439,#6440);
#6438 = CARTESIAN_POINT('',(-39.62790697674,65.6,378.51162790697));
#6439 = DIRECTION('',(0.,1.,0.));
#6440 = DIRECTION('',(0.242535625036,0.,-0.970142500145));
#6441 = PCURVE('',#4285,#6442);
#6442 = DEFINITIONAL_REPRESENTATION('',(#6443),#6450);
#6443 = B_SPLINE_CURVE_WITH_KNOTS('',5,(#6444,#6445,#6446,#6447,#6448,
    #6449),.UNSPECIFIED.,.F.,.F.,(6,6),(5.201869745044,5.236314416976),
  .PIECEWISE_BEZIER_KNOTS.);
#6444 = CARTESIAN_POINT('',(3.631073418249,250.40617773549));
#6445 = CARTESIAN_POINT('',(3.637962352635,251.49053815015));
#6446 = CARTESIAN_POINT('',(3.644851287022,252.56992422058));
#6447 = CARTESIAN_POINT('',(3.651740221408,253.64422873643));
#6448 = CARTESIAN_POINT('',(3.658629155794,254.71334547115));
#6449 = CARTESIAN_POINT('',(3.665518090181,255.77716924489));
#6450 = ( GEOMETRIC_REPRESENTATION_CONTEXT(2) 
PARAMETRIC_REPRESENTATION_CONTEXT() REPRESENTATION_CONTEXT('2D SPACE',''
  ) );
#6451 = PCURVE('',#6309,#6452);
#6452 = DEFINITIONAL_REPRESENTATION('',(#6453),#6457);
#6453 = ELLIPSE('',#6454,178.44918742667,6.);
#6454 = AXIS2_PLACEMENT_2D('',#6455,#6456);
#6455 = CARTESIAN_POINT('',(117.51162790697,-13.62790697674));
#6456 = DIRECTION('',(-0.970142500145,0.242535625036));
#6457 = ( GEOMETRIC_REPRESENTATION_CONTEXT(2) 
PARAMETRIC_REPRESENTATION_CONTEXT() REPRESENTATION_CONTEXT('2D SPACE',''
  ) );
#6458 = ADVANCED_FACE('',(#6459),#4359,.F.);
#6459 = FACE_BOUND('',#6460,.F.);
#6460 = EDGE_LOOP('',(#6461,#6462,#6463));
#6461 = ORIENTED_EDGE('',*,*,#6242,.T.);
#6462 = ORIENTED_EDGE('',*,*,#6219,.T.);
#6463 = ORIENTED_EDGE('',*,*,#4338,.F.);
#6464 = ADVANCED_FACE('',(#6465),#4807,.T.);
#6465 = FACE_BOUND('',#6466,.T.);
#6466 = EDGE_LOOP('',(#6467,#6468,#6491,#6523,#6555,#6584,#6611,#6644,
    #6676,#6705,#6732,#6757,#6758,#6759,#6781,#6782));
#6467 = ORIENTED_EDGE('',*,*,#4755,.T.);
#6468 = ORIENTED_EDGE('',*,*,#6469,.T.);
#6469 = EDGE_CURVE('',#4758,#6470,#6472,.T.);
#6470 = VERTEX_POINT('',#6471);
#6471 = CARTESIAN_POINT('',(201.14280755358,62.25307346849,
    441.40779737626));
#6472 = SEAM_CURVE('',#6473,(#6477,#6484),.PCURVE_S1.);
#6473 = LINE('',#6474,#6475);
#6474 = CARTESIAN_POINT('',(206.00483572002,60.,540.19662750569));
#6475 = VECTOR('',#6476,1.);
#6476 = DIRECTION('',(-4.91441276141E-02,2.277348593406E-02,
    -0.998532034068));
#6477 = PCURVE('',#4807,#6478);
#6478 = DEFINITIONAL_REPRESENTATION('',(#6479),#6483);
#6479 = LINE('',#6480,#6481);
#6480 = CARTESIAN_POINT('',(0.,-0.));
#6481 = VECTOR('',#6482,1.);
#6482 = DIRECTION('',(0.,1.));
#6483 = ( GEOMETRIC_REPRESENTATION_CONTEXT(2) 
PARAMETRIC_REPRESENTATION_CONTEXT() REPRESENTATION_CONTEXT('2D SPACE',''
  ) );
#6484 = PCURVE('',#4807,#6485);
#6485 = DEFINITIONAL_REPRESENTATION('',(#6486),#6490);
#6486 = LINE('',#6487,#6488);
#6487 = CARTESIAN_POINT('',(6.28318530718,-0.));
#6488 = VECTOR('',#6489,1.);
#6489 = DIRECTION('',(0.,1.));
#6490 = ( GEOMETRIC_REPRESENTATION_CONTEXT(2) 
PARAMETRIC_REPRESENTATION_CONTEXT() REPRESENTATION_CONTEXT('2D SPACE',''
  ) );
#6491 = ORIENTED_EDGE('',*,*,#6492,.T.);
#6492 = EDGE_CURVE('',#6470,#6493,#6495,.T.);
#6493 = VERTEX_POINT('',#6494);
#6494 = CARTESIAN_POINT('',(201.40954618277,60.817009889044,
    441.40779737626));
#6495 = SURFACE_CURVE('',#6496,(#6501,#6511),.PCURVE_S1.);
#6496 = ELLIPSE('',#6497,4.005880496097,4.);
#6497 = AXIS2_PLACEMENT_3D('',#6498,#6499,#6500);
#6498 = CARTESIAN_POINT('',(205.14764912673,62.248588991695,
    441.40779737626));
#6499 = DIRECTION('',(0.,0.,1.));
#6500 = DIRECTION('',(-0.907314987228,0.420451559577,0.));
#6501 = PCURVE('',#4807,#6502);
#6502 = DEFINITIONAL_REPRESENTATION('',(#6503),#6510);
#6503 = B_SPLINE_CURVE_WITH_KNOTS('',5,(#6504,#6505,#6506,#6507,#6508,
    #6509),.UNSPECIFIED.,.F.,.F.,(6,6),(0.433382802603,0.882080360688),
  .PIECEWISE_BEZIER_KNOTS.);
#6504 = CARTESIAN_POINT('',(6.28318530718,98.934061961928));
#6505 = CARTESIAN_POINT('',(6.193445795563,98.925885115245));
#6506 = CARTESIAN_POINT('',(6.103706283946,98.915726056136));
#6507 = CARTESIAN_POINT('',(6.013966772329,98.903721684292));
#6508 = CARTESIAN_POINT('',(5.924227260712,98.890076717241));
#6509 = CARTESIAN_POINT('',(5.834487749095,98.875043642539));
#6510 = ( GEOMETRIC_REPRESENTATION_CONTEXT(2) 
PARAMETRIC_REPRESENTATION_CONTEXT() REPRESENTATION_CONTEXT('2D SPACE',''
  ) );
#6511 = PCURVE('',#6512,#6517);
#6512 = PLANE('',#6513);
#6513 = AXIS2_PLACEMENT_3D('',#6514,#6515,#6516);
#6514 = CARTESIAN_POINT('',(198.,60.817009889044,441.40779737626));
#6515 = DIRECTION('',(0.,0.,1.));
#6516 = DIRECTION('',(1.,0.,-0.));
#6517 = DEFINITIONAL_REPRESENTATION('',(#6518),#6522);
#6518 = ELLIPSE('',#6519,4.005880496097,4.);
#6519 = AXIS2_PLACEMENT_2D('',#6520,#6521);
#6520 = CARTESIAN_POINT('',(7.14764912673,1.431579102651));
#6521 = DIRECTION('',(-0.907314987228,0.420451559577));
#6522 = ( GEOMETRIC_REPRESENTATION_CONTEXT(2) 
PARAMETRIC_REPRESENTATION_CONTEXT() REPRESENTATION_CONTEXT('2D SPACE',''
  ) );
#6523 = ORIENTED_EDGE('',*,*,#6524,.F.);
#6524 = EDGE_CURVE('',#6525,#6493,#6527,.T.);
#6525 = VERTEX_POINT('',#6526);
#6526 = CARTESIAN_POINT('',(201.29486118541,60.817009889044,
    438.55594043105));
#6527 = SURFACE_CURVE('',#6528,(#6533,#6543),.PCURVE_S1.);
#6528 = ELLIPSE('',#6529,175.64285114633,4.);
#6529 = AXIS2_PLACEMENT_3D('',#6530,#6531,#6532);
#6530 = CARTESIAN_POINT('',(208.23693050921,60.817009889044,
    504.17717741049));
#6531 = DIRECTION('',(0.,1.,0.));
#6532 = DIRECTION('',(-4.915687642355E-02,0.,-0.998791069994));
#6533 = PCURVE('',#4807,#6534);
#6534 = DEFINITIONAL_REPRESENTATION('',(#6535),#6542);
#6535 = B_SPLINE_CURVE_WITH_KNOTS('',5,(#6536,#6537,#6538,#6539,#6540,
    #6541),.UNSPECIFIED.,.F.,.F.,(6,6),(1.186294607147,1.2195868745),
  .PIECEWISE_BEZIER_KNOTS.);
#6536 = CARTESIAN_POINT('',(5.898683587531,101.74155636148));
#6537 = CARTESIAN_POINT('',(5.905342041002,100.65771900191));
#6538 = CARTESIAN_POINT('',(5.912000494473,99.570231426876));
#6539 = CARTESIAN_POINT('',(5.918658947943,98.479193744543));
#6540 = CARTESIAN_POINT('',(5.925317401414,97.384706737472));
#6541 = CARTESIAN_POINT('',(5.931975854884,96.28687180675));
#6542 = ( GEOMETRIC_REPRESENTATION_CONTEXT(2) 
PARAMETRIC_REPRESENTATION_CONTEXT() REPRESENTATION_CONTEXT('2D SPACE',''
  ) );
#6543 = PCURVE('',#6544,#6549);
#6544 = PLANE('',#6545);
#6545 = AXIS2_PLACEMENT_3D('',#6546,#6547,#6548);
#6546 = CARTESIAN_POINT('',(198.,60.817009889044,415.40779737626));
#6547 = DIRECTION('',(-0.,1.,0.));
#6548 = DIRECTION('',(0.,0.,1.));
#6549 = DEFINITIONAL_REPRESENTATION('',(#6550),#6554);
#6550 = ELLIPSE('',#6551,175.64285114633,4.);
#6551 = AXIS2_PLACEMENT_2D('',#6552,#6553);
#6552 = CARTESIAN_POINT('',(88.769380034228,10.236930509215));
#6553 = DIRECTION('',(-0.998791069994,-4.915687642355E-02));
#6554 = ( GEOMETRIC_REPRESENTATION_CONTEXT(2) 
PARAMETRIC_REPRESENTATION_CONTEXT() REPRESENTATION_CONTEXT('2D SPACE',''
  ) );
#6555 = ORIENTED_EDGE('',*,*,#6556,.F.);
#6556 = EDGE_CURVE('',#6557,#6525,#6559,.T.);
#6557 = VERTEX_POINT('',#6558);
#6558 = CARTESIAN_POINT('',(208.70177952305,60.817009889044,
    438.19139875628));
#6559 = SURFACE_CURVE('',#6560,(#6565,#6572),.PCURVE_S1.);
#6560 = CIRCLE('',#6561,4.);
#6561 = AXIS2_PLACEMENT_3D('',#6562,#6563,#6564);
#6562 = CARTESIAN_POINT('',(205.,62.317009889044,438.40779737626));
#6563 = DIRECTION('',(-4.91441276141E-02,2.277348593406E-02,
    -0.998532034068));
#6564 = DIRECTION('',(-0.998791069994,2.168404344971E-19,
    4.915687642355E-02));
#6565 = PCURVE('',#4807,#6566);
#6566 = DEFINITIONAL_REPRESENTATION('',(#6567),#6571);
#6567 = LINE('',#6568,#6569);
#6568 = CARTESIAN_POINT('',(0.,101.74155576148));
#6569 = VECTOR('',#6570,1.);
#6570 = DIRECTION('',(1.,0.));
#6571 = ( GEOMETRIC_REPRESENTATION_CONTEXT(2) 
PARAMETRIC_REPRESENTATION_CONTEXT() REPRESENTATION_CONTEXT('2D SPACE',''
  ) );
#6572 = PCURVE('',#6573,#6578);
#6573 = PLANE('',#6574);
#6574 = AXIS2_PLACEMENT_3D('',#6575,#6576,#6577);
#6575 = CARTESIAN_POINT('',(205.,62.317009889044,438.40779737626));
#6576 = DIRECTION('',(-4.91441276141E-02,2.277348593406E-02,
    -0.998532034068));
#6577 = DIRECTION('',(-0.998791069994,2.168404344971E-19,
    4.915687642355E-02));
#6578 = DEFINITIONAL_REPRESENTATION('',(#6579),#6583);
#6579 = CIRCLE('',#6580,4.);
#6580 = AXIS2_PLACEMENT_2D('',#6581,#6582);
#6581 = CARTESIAN_POINT('',(0.,0.));
#6582 = DIRECTION('',(1.,0.));
#6583 = ( GEOMETRIC_REPRESENTATION_CONTEXT(2) 
PARAMETRIC_REPRESENTATION_CONTEXT() REPRESENTATION_CONTEXT('2D SPACE',''
  ) );
#6584 = ORIENTED_EDGE('',*,*,#6585,.F.);
#6585 = EDGE_CURVE('',#6586,#6557,#6588,.T.);
#6586 = VERTEX_POINT('',#6587);
#6587 = CARTESIAN_POINT('',(208.88896422678,60.817009889044,
    441.40779737626));
#6588 = SURFACE_CURVE('',#6589,(#6594,#6604),.PCURVE_S1.);
#6589 = ELLIPSE('',#6590,175.64285114633,4.);
#6590 = AXIS2_PLACEMENT_3D('',#6591,#6592,#6593);
#6591 = CARTESIAN_POINT('',(208.23693050921,60.817009889044,
    504.17717741049));
#6592 = DIRECTION('',(0.,1.,0.));
#6593 = DIRECTION('',(-4.915687642355E-02,0.,-0.998791069994));
#6594 = PCURVE('',#4807,#6595);
#6595 = DEFINITIONAL_REPRESENTATION('',(#6596),#6603);
#6596 = B_SPLINE_CURVE_WITH_KNOTS('',5,(#6597,#6598,#6599,#6600,#6601,
    #6602),.UNSPECIFIED.,.F.,.F.,(6,6),(5.061356776745,5.096890700033),
  .PIECEWISE_BEZIER_KNOTS.);
#6597 = CARTESIAN_POINT('',(3.49056044995,95.917119763574));
#6598 = CARTESIAN_POINT('',(3.497667234608,97.089834274875));
#6599 = CARTESIAN_POINT('',(3.504774019265,98.25875817864));
#6600 = CARTESIAN_POINT('',(3.511880803923,99.423768079897));
#6601 = CARTESIAN_POINT('',(3.51898758858,100.58474138149));
#6602 = CARTESIAN_POINT('',(3.526094373238,101.74155636148));
#6603 = ( GEOMETRIC_REPRESENTATION_CONTEXT(2) 
PARAMETRIC_REPRESENTATION_CONTEXT() REPRESENTATION_CONTEXT('2D SPACE',''
  ) );
#6604 = PCURVE('',#6544,#6605);
#6605 = DEFINITIONAL_REPRESENTATION('',(#6606),#6610);
#6606 = ELLIPSE('',#6607,175.64285114633,4.);
#6607 = AXIS2_PLACEMENT_2D('',#6608,#6609);
#6608 = CARTESIAN_POINT('',(88.769380034228,10.236930509215));
#6609 = DIRECTION('',(-0.998791069994,-4.915687642355E-02));
#6610 = ( GEOMETRIC_REPRESENTATION_CONTEXT(2) 
PARAMETRIC_REPRESENTATION_CONTEXT() REPRESENTATION_CONTEXT('2D SPACE',''
  ) );
#6611 = ORIENTED_EDGE('',*,*,#6612,.T.);
#6612 = EDGE_CURVE('',#6586,#6613,#6615,.T.);
#6613 = VERTEX_POINT('',#6614);
#6614 = CARTESIAN_POINT('',(208.83019655127,63.817009889044,
    441.40779737626));
#6615 = SURFACE_CURVE('',#6616,(#6621,#6632),.PCURVE_S1.);
#6616 = ELLIPSE('',#6617,4.005880496097,4.);
#6617 = AXIS2_PLACEMENT_3D('',#6618,#6619,#6620);
#6618 = CARTESIAN_POINT('',(205.14764912673,62.248588991695,
    441.40779737626));
#6619 = DIRECTION('',(0.,0.,1.));
#6620 = DIRECTION('',(-0.907314987228,0.420451559577,0.));
#6621 = PCURVE('',#4807,#6622);
#6622 = DEFINITIONAL_REPRESENTATION('',(#6623),#6631);
#6623 = B_SPLINE_CURVE_WITH_KNOTS('',6,(#6624,#6625,#6626,#6627,#6628,
    #6629,#6630),.UNSPECIFIED.,.F.,.F.,(7,7),(3.128519554043,
    4.061972998647),.PIECEWISE_BEZIER_KNOTS.);
#6624 = CARTESIAN_POINT('',(3.58804855574,98.520188012344));
#6625 = CARTESIAN_POINT('',(3.432472981639,98.519746727365));
#6626 = CARTESIAN_POINT('',(3.276897407538,98.525606802296));
#6627 = CARTESIAN_POINT('',(3.121321833437,98.53778789106));
#6628 = CARTESIAN_POINT('',(2.965746259337,98.555850238955));
#6629 = CARTESIAN_POINT('',(2.810170685236,98.57889844566));
#6630 = CARTESIAN_POINT('',(2.654595111135,98.605762671859));
#6631 = ( GEOMETRIC_REPRESENTATION_CONTEXT(2) 
PARAMETRIC_REPRESENTATION_CONTEXT() REPRESENTATION_CONTEXT('2D SPACE',''
  ) );
#6632 = PCURVE('',#6633,#6638);
#6633 = PLANE('',#6634);
#6634 = AXIS2_PLACEMENT_3D('',#6635,#6636,#6637);
#6635 = CARTESIAN_POINT('',(198.,60.817009889044,441.40779737626));
#6636 = DIRECTION('',(0.,0.,1.));
#6637 = DIRECTION('',(1.,0.,-0.));
#6638 = DEFINITIONAL_REPRESENTATION('',(#6639),#6643);
#6639 = ELLIPSE('',#6640,4.005880496097,4.);
#6640 = AXIS2_PLACEMENT_2D('',#6641,#6642);
#6641 = CARTESIAN_POINT('',(7.14764912673,1.431579102651));
#6642 = DIRECTION('',(-0.907314987228,0.420451559577));
#6643 = ( GEOMETRIC_REPRESENTATION_CONTEXT(2) 
PARAMETRIC_REPRESENTATION_CONTEXT() REPRESENTATION_CONTEXT('2D SPACE',''
  ) );
#6644 = ORIENTED_EDGE('',*,*,#6645,.T.);
#6645 = EDGE_CURVE('',#6613,#6646,#6648,.T.);
#6646 = VERTEX_POINT('',#6647);
#6647 = CARTESIAN_POINT('',(208.70513881458,63.817009889044,
    438.25965432147));
#6648 = SURFACE_CURVE('',#6649,(#6654,#6664),.PCURVE_S1.);
#6649 = ELLIPSE('',#6650,175.64285114633,4.);
#6650 = AXIS2_PLACEMENT_3D('',#6651,#6652,#6653);
#6651 = CARTESIAN_POINT('',(201.76306949078,63.817009889044,
    372.63841734203));
#6652 = DIRECTION('',(0.,1.,0.));
#6653 = DIRECTION('',(-4.915687642355E-02,0.,-0.998791069994));
#6654 = PCURVE('',#4807,#6655);
#6655 = DEFINITIONAL_REPRESENTATION('',(#6656),#6663);
#6656 = B_SPLINE_CURVE_WITH_KNOTS('',5,(#6657,#6658,#6659,#6660,#6661,
    #6662),.UNSPECIFIED.,.F.,.F.,(6,6),(4.292293550128,4.327887268109),
  .PIECEWISE_BEZIER_KNOTS.);
#6657 = CARTESIAN_POINT('',(2.721497223334,95.990690468982));
#6658 = CARTESIAN_POINT('',(2.72861596693,97.132032346049));
#6659 = CARTESIAN_POINT('',(2.735734710526,98.277910843517));
#6660 = CARTESIAN_POINT('',(2.742853454122,99.42820546303));
#6661 = CARTESIAN_POINT('',(2.749972197718,100.58279474819));
#6662 = CARTESIAN_POINT('',(2.757090941314,101.74155636148));
#6663 = ( GEOMETRIC_REPRESENTATION_CONTEXT(2) 
PARAMETRIC_REPRESENTATION_CONTEXT() REPRESENTATION_CONTEXT('2D SPACE',''
  ) );
#6664 = PCURVE('',#6665,#6670);
#6665 = PLANE('',#6666);
#6666 = AXIS2_PLACEMENT_3D('',#6667,#6668,#6669);
#6667 = CARTESIAN_POINT('',(198.,63.817009889044,415.40779737626));
#6668 = DIRECTION('',(-0.,1.,0.));
#6669 = DIRECTION('',(0.,0.,1.));
#6670 = DEFINITIONAL_REPRESENTATION('',(#6671),#6675);
#6671 = ELLIPSE('',#6672,175.64285114633,4.);
#6672 = AXIS2_PLACEMENT_2D('',#6673,#6674);
#6673 = CARTESIAN_POINT('',(-42.76938003422,3.763069490785));
#6674 = DIRECTION('',(-0.998791069994,-4.915687642355E-02));
#6675 = ( GEOMETRIC_REPRESENTATION_CONTEXT(2) 
PARAMETRIC_REPRESENTATION_CONTEXT() REPRESENTATION_CONTEXT('2D SPACE',''
  ) );
#6676 = ORIENTED_EDGE('',*,*,#6677,.F.);
#6677 = EDGE_CURVE('',#6678,#6646,#6680,.T.);
#6678 = VERTEX_POINT('',#6679);
#6679 = CARTESIAN_POINT('',(201.29822047695,63.817009889044,
    438.62419599624));
#6680 = SURFACE_CURVE('',#6681,(#6686,#6693),.PCURVE_S1.);
#6681 = CIRCLE('',#6682,4.);
#6682 = AXIS2_PLACEMENT_3D('',#6683,#6684,#6685);
#6683 = CARTESIAN_POINT('',(205.,62.317009889044,438.40779737626));
#6684 = DIRECTION('',(-4.91441276141E-02,2.277348593406E-02,
    -0.998532034068));
#6685 = DIRECTION('',(-0.998791069994,2.168404344971E-19,
    4.915687642355E-02));
#6686 = PCURVE('',#4807,#6687);
#6687 = DEFINITIONAL_REPRESENTATION('',(#6688),#6692);
#6688 = LINE('',#6689,#6690);
#6689 = CARTESIAN_POINT('',(0.,101.74155576148));
#6690 = VECTOR('',#6691,1.);
#6691 = DIRECTION('',(1.,0.));
#6692 = ( GEOMETRIC_REPRESENTATION_CONTEXT(2) 
PARAMETRIC_REPRESENTATION_CONTEXT() REPRESENTATION_CONTEXT('2D SPACE',''
  ) );
#6693 = PCURVE('',#6694,#6699);
#6694 = PLANE('',#6695);
#6695 = AXIS2_PLACEMENT_3D('',#6696,#6697,#6698);
#6696 = CARTESIAN_POINT('',(205.,62.317009889044,438.40779737626));
#6697 = DIRECTION('',(-4.91441276141E-02,2.277348593406E-02,
    -0.998532034068));
#6698 = DIRECTION('',(-0.998791069994,2.168404344971E-19,
    4.915687642355E-02));
#6699 = DEFINITIONAL_REPRESENTATION('',(#6700),#6704);
#6700 = CIRCLE('',#6701,4.);
#6701 = AXIS2_PLACEMENT_2D('',#6702,#6703);
#6702 = CARTESIAN_POINT('',(0.,0.));
#6703 = DIRECTION('',(1.,0.));
#6704 = ( GEOMETRIC_REPRESENTATION_CONTEXT(2) 
PARAMETRIC_REPRESENTATION_CONTEXT() REPRESENTATION_CONTEXT('2D SPACE',''
  ) );
#6705 = ORIENTED_EDGE('',*,*,#6706,.T.);
#6706 = EDGE_CURVE('',#6678,#6707,#6709,.T.);
#6707 = VERTEX_POINT('',#6708);
#6708 = CARTESIAN_POINT('',(201.46158250248,63.817009889044,
    441.40779737626));
#6709 = SURFACE_CURVE('',#6710,(#6715,#6725),.PCURVE_S1.);
#6710 = ELLIPSE('',#6711,175.64285114633,4.);
#6711 = AXIS2_PLACEMENT_3D('',#6712,#6713,#6714);
#6712 = CARTESIAN_POINT('',(201.76306949078,63.817009889044,
    372.63841734203));
#6713 = DIRECTION('',(0.,1.,0.));
#6714 = DIRECTION('',(-4.915687642355E-02,0.,-0.998791069994));
#6715 = PCURVE('',#4807,#6716);
#6716 = DEFINITIONAL_REPRESENTATION('',(#6717),#6724);
#6717 = B_SPLINE_CURVE_WITH_KNOTS('',5,(#6718,#6719,#6720,#6721,#6722,
    #6723),.UNSPECIFIED.,.F.,.F.,(6,6),(1.955298039071,1.988650101116),
  .PIECEWISE_BEZIER_KNOTS.);
#6718 = CARTESIAN_POINT('',(0.384501712276,101.74155636148));
#6719 = CARTESIAN_POINT('',(0.391172124685,100.65577236883));
#6720 = CARTESIAN_POINT('',(0.397842537094,99.573651715316));
#6721 = CARTESIAN_POINT('',(0.404512949503,98.49529504952));
#6722 = CARTESIAN_POINT('',(0.411183361912,97.42080234078));
#6723 = CARTESIAN_POINT('',(0.417853774321,96.350272823599));
#6724 = ( GEOMETRIC_REPRESENTATION_CONTEXT(2) 
PARAMETRIC_REPRESENTATION_CONTEXT() REPRESENTATION_CONTEXT('2D SPACE',''
  ) );
#6725 = PCURVE('',#6665,#6726);
#6726 = DEFINITIONAL_REPRESENTATION('',(#6727),#6731);
#6727 = ELLIPSE('',#6728,175.64285114633,4.);
#6728 = AXIS2_PLACEMENT_2D('',#6729,#6730);
#6729 = CARTESIAN_POINT('',(-42.76938003422,3.763069490785));
#6730 = DIRECTION('',(-0.998791069994,-4.915687642355E-02));
#6731 = ( GEOMETRIC_REPRESENTATION_CONTEXT(2) 
PARAMETRIC_REPRESENTATION_CONTEXT() REPRESENTATION_CONTEXT('2D SPACE',''
  ) );
#6732 = ORIENTED_EDGE('',*,*,#6733,.T.);
#6733 = EDGE_CURVE('',#6707,#6470,#6734,.T.);
#6734 = SURFACE_CURVE('',#6735,(#6740,#6750),.PCURVE_S1.);
#6735 = ELLIPSE('',#6736,4.005880496097,4.);
#6736 = AXIS2_PLACEMENT_3D('',#6737,#6738,#6739);
#6737 = CARTESIAN_POINT('',(205.14764912673,62.248588991695,
    441.40779737626));
#6738 = DIRECTION('',(0.,0.,1.));
#6739 = DIRECTION('',(-0.907314987228,0.420451559577,0.));
#6740 = PCURVE('',#4807,#6741);
#6741 = DEFINITIONAL_REPRESENTATION('',(#6742),#6749);
#6742 = B_SPLINE_CURVE_WITH_KNOTS('',5,(#6743,#6744,#6745,#6746,#6747,
    #6748),.UNSPECIFIED.,.F.,.F.,(6,6),(6.231812223263,6.716568109782),
  .PIECEWISE_BEZIER_KNOTS.);
#6743 = CARTESIAN_POINT('',(0.484755886519,98.953835049678));
#6744 = CARTESIAN_POINT('',(0.387804709216,98.954915262209));
#6745 = CARTESIAN_POINT('',(0.290853531912,98.95344958254));
#6746 = CARTESIAN_POINT('',(0.193902354608,98.949416303373));
#6747 = CARTESIAN_POINT('',(9.695117730389E-02,98.942895918101));
#6748 = CARTESIAN_POINT('',(0.,98.934061961928));
#6749 = ( GEOMETRIC_REPRESENTATION_CONTEXT(2) 
PARAMETRIC_REPRESENTATION_CONTEXT() REPRESENTATION_CONTEXT('2D SPACE',''
  ) );
#6750 = PCURVE('',#6512,#6751);
#6751 = DEFINITIONAL_REPRESENTATION('',(#6752),#6756);
#6752 = ELLIPSE('',#6753,4.005880496097,4.);
#6753 = AXIS2_PLACEMENT_2D('',#6754,#6755);
#6754 = CARTESIAN_POINT('',(7.14764912673,1.431579102651));
#6755 = DIRECTION('',(-0.907314987228,0.420451559577));
#6756 = ( GEOMETRIC_REPRESENTATION_CONTEXT(2) 
PARAMETRIC_REPRESENTATION_CONTEXT() REPRESENTATION_CONTEXT('2D SPACE',''
  ) );
#6757 = ORIENTED_EDGE('',*,*,#6469,.F.);
#6758 = ORIENTED_EDGE('',*,*,#5046,.T.);
#6759 = ORIENTED_EDGE('',*,*,#6760,.T.);
#6760 = EDGE_CURVE('',#5015,#4869,#6761,.T.);
#6761 = SURFACE_CURVE('',#6762,(#6767,#6774),.PCURVE_S1.);
#6762 = CIRCLE('',#6763,4.);
#6763 = AXIS2_PLACEMENT_3D('',#6764,#6765,#6766);
#6764 = CARTESIAN_POINT('',(210.,60.,540.));
#6765 = DIRECTION('',(-4.91441276141E-02,2.277348593406E-02,
    -0.998532034068));
#6766 = DIRECTION('',(-0.998791069994,2.168404344971E-19,
    4.915687642355E-02));
#6767 = PCURVE('',#4807,#6768);
#6768 = DEFINITIONAL_REPRESENTATION('',(#6769),#6773);
#6769 = LINE('',#6770,#6771);
#6770 = CARTESIAN_POINT('',(0.,0.));
#6771 = VECTOR('',#6772,1.);
#6772 = DIRECTION('',(1.,0.));
#6773 = ( GEOMETRIC_REPRESENTATION_CONTEXT(2) 
PARAMETRIC_REPRESENTATION_CONTEXT() REPRESENTATION_CONTEXT('2D SPACE',''
  ) );
#6774 = PCURVE('',#5034,#6775);
#6775 = DEFINITIONAL_REPRESENTATION('',(#6776),#6780);
#6776 = CIRCLE('',#6777,4.);
#6777 = AXIS2_PLACEMENT_2D('',#6778,#6779);
#6778 = CARTESIAN_POINT('',(0.,0.));
#6779 = DIRECTION('',(1.,0.));
#6780 = ( GEOMETRIC_REPRESENTATION_CONTEXT(2) 
PARAMETRIC_REPRESENTATION_CONTEXT() REPRESENTATION_CONTEXT('2D SPACE',''
  ) );
#6781 = ORIENTED_EDGE('',*,*,#4868,.T.);
#6782 = ORIENTED_EDGE('',*,*,#6783,.T.);
#6783 = EDGE_CURVE('',#4837,#4756,#6784,.T.);
#6784 = SURFACE_CURVE('',#6785,(#6790,#6797),.PCURVE_S1.);
#6785 = CIRCLE('',#6786,4.);
#6786 = AXIS2_PLACEMENT_3D('',#6787,#6788,#6789);
#6787 = CARTESIAN_POINT('',(210.,60.,540.));
#6788 = DIRECTION('',(-4.91441276141E-02,2.277348593406E-02,
    -0.998532034068));
#6789 = DIRECTION('',(-0.998791069994,2.168404344971E-19,
    4.915687642355E-02));
#6790 = PCURVE('',#4807,#6791);
#6791 = DEFINITIONAL_REPRESENTATION('',(#6792),#6796);
#6792 = LINE('',#6793,#6794);
#6793 = CARTESIAN_POINT('',(0.,0.));
#6794 = VECTOR('',#6795,1.);
#6795 = DIRECTION('',(1.,0.));
#6796 = ( GEOMETRIC_REPRESENTATION_CONTEXT(2) 
PARAMETRIC_REPRESENTATION_CONTEXT() REPRESENTATION_CONTEXT('2D SPACE',''
  ) );
#6797 = PCURVE('',#4856,#6798);
#6798 = DEFINITIONAL_REPRESENTATION('',(#6799),#6803);
#6799 = CIRCLE('',#6800,4.);
#6800 = AXIS2_PLACEMENT_2D('',#6801,#6802);
#6801 = CARTESIAN_POINT('',(0.,0.));
#6802 = DIRECTION('',(1.,0.));
#6803 = ( GEOMETRIC_REPRESENTATION_CONTEXT(2) 
PARAMETRIC_REPRESENTATION_CONTEXT() REPRESENTATION_CONTEXT('2D SPACE',''
  ) );
#6804 = ADVANCED_FACE('',(#6805),#5034,.F.);
#6805 = FACE_BOUND('',#6806,.F.);
#6806 = EDGE_LOOP('',(#6807,#6808));
#6807 = ORIENTED_EDGE('',*,*,#5014,.F.);
#6808 = ORIENTED_EDGE('',*,*,#6760,.T.);
#6809 = ADVANCED_FACE('',(#6810),#4856,.F.);
#6810 = FACE_BOUND('',#6811,.F.);
#6811 = EDGE_LOOP('',(#6812,#6813));
#6812 = ORIENTED_EDGE('',*,*,#6783,.T.);
#6813 = ORIENTED_EDGE('',*,*,#4836,.F.);
#6814 = ADVANCED_FACE('',(#6815),#5221,.F.);
#6815 = FACE_BOUND('',#6816,.F.);
#6816 = EDGE_LOOP('',(#6817,#6818));
#6817 = ORIENTED_EDGE('',*,*,#5208,.T.);
#6818 = ORIENTED_EDGE('',*,*,#5351,.T.);
#6819 = ADVANCED_FACE('',(#6820),#5254,.T.);
#6820 = FACE_BOUND('',#6821,.T.);
#6821 = EDGE_LOOP('',(#6822,#6823));
#6822 = ORIENTED_EDGE('',*,*,#6142,.T.);
#6823 = ORIENTED_EDGE('',*,*,#5235,.T.);
#6824 = ADVANCED_FACE('',(#6825),#5490,.T.);
#6825 = FACE_BOUND('',#6826,.T.);
#6826 = EDGE_LOOP('',(#6827,#6828,#6829));
#6827 = ORIENTED_EDGE('',*,*,#5527,.T.);
#6828 = ORIENTED_EDGE('',*,*,#5471,.T.);
#6829 = ORIENTED_EDGE('',*,*,#6830,.T.);
#6830 = EDGE_CURVE('',#5474,#5528,#6831,.T.);
#6831 = SURFACE_CURVE('',#6832,(#6836,#6842),.PCURVE_S1.);
#6832 = LINE('',#6833,#6834);
#6833 = CARTESIAN_POINT('',(-25.38728652751,-65.6,290.04914611005));
#6834 = VECTOR('',#6835,1.);
#6835 = DIRECTION('',(0.970142500145,0.,0.242535625036));
#6836 = PCURVE('',#5490,#6837);
#6837 = DEFINITIONAL_REPRESENTATION('',(#6838),#6841);
#6838 = B_SPLINE_CURVE_WITH_KNOTS('',1,(#6839,#6840),.UNSPECIFIED.,.F.,
  .F.,(2,2),(1.639872188644,13.639872188644),.PIECEWISE_BEZIER_KNOTS.);
#6839 = CARTESIAN_POINT('',(6.,3.001697200031));
#6840 = CARTESIAN_POINT('',(-6.,3.001697200031));
#6841 = ( GEOMETRIC_REPRESENTATION_CONTEXT(2) 
PARAMETRIC_REPRESENTATION_CONTEXT() REPRESENTATION_CONTEXT('2D SPACE',''
  ) );
#6842 = PCURVE('',#5571,#6843);
#6843 = DEFINITIONAL_REPRESENTATION('',(#6844),#6847);
#6844 = B_SPLINE_CURVE_WITH_KNOTS('',1,(#6845,#6846),.UNSPECIFIED.,.F.,
  .F.,(2,2),(1.639872188644,13.639872188644),.PIECEWISE_BEZIER_KNOTS.);
#6845 = CARTESIAN_POINT('',(29.446873536309,2.203623177496));
#6846 = CARTESIAN_POINT('',(32.357301036745,13.84533317924));
#6847 = ( GEOMETRIC_REPRESENTATION_CONTEXT(2) 
PARAMETRIC_REPRESENTATION_CONTEXT() REPRESENTATION_CONTEXT('2D SPACE',''
  ) );
#6848 = ADVANCED_FACE('',(#6849,#6982),#5571,.F.);
#6849 = FACE_BOUND('',#6850,.F.);
#6850 = EDGE_LOOP('',(#6851,#6881,#6909,#6937,#6958,#6959,#6960,#6961));
#6851 = ORIENTED_EDGE('',*,*,#6852,.F.);
#6852 = EDGE_CURVE('',#6853,#6855,#6857,.T.);
#6853 = VERTEX_POINT('',#6854);
#6854 = CARTESIAN_POINT('',(-10.,-65.6,261.));
#6855 = VERTEX_POINT('',#6856);
#6856 = CARTESIAN_POINT('',(-10.,-65.6,295.));
#6857 = SURFACE_CURVE('',#6858,(#6862,#6869),.PCURVE_S1.);
#6858 = LINE('',#6859,#6860);
#6859 = CARTESIAN_POINT('',(-10.,-65.6,261.));
#6860 = VECTOR('',#6861,1.);
#6861 = DIRECTION('',(0.,0.,1.));
#6862 = PCURVE('',#5571,#6863);
#6863 = DEFINITIONAL_REPRESENTATION('',(#6864),#6868);
#6864 = LINE('',#6865,#6866);
#6865 = CARTESIAN_POINT('',(0.,16.));
#6866 = VECTOR('',#6867,1.);
#6867 = DIRECTION('',(1.,0.));
#6868 = ( GEOMETRIC_REPRESENTATION_CONTEXT(2) 
PARAMETRIC_REPRESENTATION_CONTEXT() REPRESENTATION_CONTEXT('2D SPACE',''
  ) );
#6869 = PCURVE('',#6870,#6875);
#6870 = PLANE('',#6871);
#6871 = AXIS2_PLACEMENT_3D('',#6872,#6873,#6874);
#6872 = CARTESIAN_POINT('',(-10.,-65.6,261.));
#6873 = DIRECTION('',(1.,0.,-0.));
#6874 = DIRECTION('',(0.,0.,1.));
#6875 = DEFINITIONAL_REPRESENTATION('',(#6876),#6880);
#6876 = LINE('',#6877,#6878);
#6877 = CARTESIAN_POINT('',(0.,0.));
#6878 = VECTOR('',#6879,1.);
#6879 = DIRECTION('',(1.,0.));
#6880 = ( GEOMETRIC_REPRESENTATION_CONTEXT(2) 
PARAMETRIC_REPRESENTATION_CONTEXT() REPRESENTATION_CONTEXT('2D SPACE',''
  ) );
#6881 = ORIENTED_EDGE('',*,*,#6882,.F.);
#6882 = EDGE_CURVE('',#6883,#6853,#6885,.T.);
#6883 = VERTEX_POINT('',#6884);
#6884 = CARTESIAN_POINT('',(-26.,-65.6,261.));
#6885 = SURFACE_CURVE('',#6886,(#6890,#6897),.PCURVE_S1.);
#6886 = LINE('',#6887,#6888);
#6887 = CARTESIAN_POINT('',(-26.,-65.6,261.));
#6888 = VECTOR('',#6889,1.);
#6889 = DIRECTION('',(1.,0.,-0.));
#6890 = PCURVE('',#5571,#6891);
#6891 = DEFINITIONAL_REPRESENTATION('',(#6892),#6896);
#6892 = LINE('',#6893,#6894);
#6893 = CARTESIAN_POINT('',(0.,0.));
#6894 = VECTOR('',#6895,1.);
#6895 = DIRECTION('',(0.,1.));
#6896 = ( GEOMETRIC_REPRESENTATION_CONTEXT(2) 
PARAMETRIC_REPRESENTATION_CONTEXT() REPRESENTATION_CONTEXT('2D SPACE',''
  ) );
#6897 = PCURVE('',#6898,#6903);
#6898 = PLANE('',#6899);
#6899 = AXIS2_PLACEMENT_3D('',#6900,#6901,#6902);
#6900 = CARTESIAN_POINT('',(-26.,-65.6,261.));
#6901 = DIRECTION('',(0.,0.,1.));
#6902 = DIRECTION('',(1.,0.,-0.));
#6903 = DEFINITIONAL_REPRESENTATION('',(#6904),#6908);
#6904 = LINE('',#6905,#6906);
#6905 = CARTESIAN_POINT('',(0.,0.));
#6906 = VECTOR('',#6907,1.);
#6907 = DIRECTION('',(1.,0.));
#6908 = ( GEOMETRIC_REPRESENTATION_CONTEXT(2) 
PARAMETRIC_REPRESENTATION_CONTEXT() REPRESENTATION_CONTEXT('2D SPACE',''
  ) );
#6909 = ORIENTED_EDGE('',*,*,#6910,.T.);
#6910 = EDGE_CURVE('',#6883,#6911,#6913,.T.);
#6911 = VERTEX_POINT('',#6912);
#6912 = CARTESIAN_POINT('',(-26.,-65.6,295.));
#6913 = SURFACE_CURVE('',#6914,(#6918,#6925),.PCURVE_S1.);
#6914 = LINE('',#6915,#6916);
#6915 = CARTESIAN_POINT('',(-26.,-65.6,261.));
#6916 = VECTOR('',#6917,1.);
#6917 = DIRECTION('',(0.,0.,1.));
#6918 = PCURVE('',#5571,#6919);
#6919 = DEFINITIONAL_REPRESENTATION('',(#6920),#6924);
#6920 = LINE('',#6921,#6922);
#6921 = CARTESIAN_POINT('',(0.,0.));
#6922 = VECTOR('',#6923,1.);
#6923 = DIRECTION('',(1.,0.));
#6924 = ( GEOMETRIC_REPRESENTATION_CONTEXT(2) 
PARAMETRIC_REPRESENTATION_CONTEXT() REPRESENTATION_CONTEXT('2D SPACE',''
  ) );
#6925 = PCURVE('',#6926,#6931);
#6926 = PLANE('',#6927);
#6927 = AXIS2_PLACEMENT_3D('',#6928,#6929,#6930);
#6928 = CARTESIAN_POINT('',(-26.,-65.6,261.));
#6929 = DIRECTION('',(1.,0.,-0.));
#6930 = DIRECTION('',(0.,0.,1.));
#6931 = DEFINITIONAL_REPRESENTATION('',(#6932),#6936);
#6932 = LINE('',#6933,#6934);
#6933 = CARTESIAN_POINT('',(0.,0.));
#6934 = VECTOR('',#6935,1.);
#6935 = DIRECTION('',(1.,0.));
#6936 = ( GEOMETRIC_REPRESENTATION_CONTEXT(2) 
PARAMETRIC_REPRESENTATION_CONTEXT() REPRESENTATION_CONTEXT('2D SPACE',''
  ) );
#6937 = ORIENTED_EDGE('',*,*,#6938,.T.);
#6938 = EDGE_CURVE('',#6911,#5657,#6939,.T.);
#6939 = SURFACE_CURVE('',#6940,(#6944,#6951),.PCURVE_S1.);
#6940 = LINE('',#6941,#6942);
#6941 = CARTESIAN_POINT('',(-26.,-65.6,295.));
#6942 = VECTOR('',#6943,1.);
#6943 = DIRECTION('',(1.,0.,-0.));
#6944 = PCURVE('',#5571,#6945);
#6945 = DEFINITIONAL_REPRESENTATION('',(#6946),#6950);
#6946 = LINE('',#6947,#6948);
#6947 = CARTESIAN_POINT('',(34.,0.));
#6948 = VECTOR('',#6949,1.);
#6949 = DIRECTION('',(0.,1.));
#6950 = ( GEOMETRIC_REPRESENTATION_CONTEXT(2) 
PARAMETRIC_REPRESENTATION_CONTEXT() REPRESENTATION_CONTEXT('2D SPACE',''
  ) );
#6951 = PCURVE('',#5684,#6952);
#6952 = DEFINITIONAL_REPRESENTATION('',(#6953),#6957);
#6953 = LINE('',#6954,#6955);
#6954 = CARTESIAN_POINT('',(0.,0.));
#6955 = VECTOR('',#6956,1.);
#6956 = DIRECTION('',(1.,0.));
#6957 = ( GEOMETRIC_REPRESENTATION_CONTEXT(2) 
PARAMETRIC_REPRESENTATION_CONTEXT() REPRESENTATION_CONTEXT('2D SPACE',''
  ) );
#6958 = ORIENTED_EDGE('',*,*,#5696,.F.);
#6959 = ORIENTED_EDGE('',*,*,#6830,.T.);
#6960 = ORIENTED_EDGE('',*,*,#5551,.F.);
#6961 = ORIENTED_EDGE('',*,*,#6962,.T.);
#6962 = EDGE_CURVE('',#5552,#6855,#6963,.T.);
#6963 = SURFACE_CURVE('',#6964,(#6968,#6975),.PCURVE_S1.);
#6964 = LINE('',#6965,#6966);
#6965 = CARTESIAN_POINT('',(-26.,-65.6,295.));
#6966 = VECTOR('',#6967,1.);
#6967 = DIRECTION('',(1.,0.,-0.));
#6968 = PCURVE('',#5571,#6969);
#6969 = DEFINITIONAL_REPRESENTATION('',(#6970),#6974);
#6970 = LINE('',#6971,#6972);
#6971 = CARTESIAN_POINT('',(34.,0.));
#6972 = VECTOR('',#6973,1.);
#6973 = DIRECTION('',(0.,1.));
#6974 = ( GEOMETRIC_REPRESENTATION_CONTEXT(2) 
PARAMETRIC_REPRESENTATION_CONTEXT() REPRESENTATION_CONTEXT('2D SPACE',''
  ) );
#6975 = PCURVE('',#5611,#6976);
#6976 = DEFINITIONAL_REPRESENTATION('',(#6977),#6981);
#6977 = LINE('',#6978,#6979);
#6978 = CARTESIAN_POINT('',(0.,0.));
#6979 = VECTOR('',#6980,1.);
#6980 = DIRECTION('',(1.,0.));
#6981 = ( GEOMETRIC_REPRESENTATION_CONTEXT(2) 
PARAMETRIC_REPRESENTATION_CONTEXT() REPRESENTATION_CONTEXT('2D SPACE',''
  ) );
#6982 = FACE_BOUND('',#6983,.F.);
#6983 = EDGE_LOOP('',(#6984));
#6984 = ORIENTED_EDGE('',*,*,#6985,.F.);
#6985 = EDGE_CURVE('',#6986,#6986,#6988,.T.);
#6986 = VERTEX_POINT('',#6987);
#6987 = CARTESIAN_POINT('',(-18.,-65.6,272.75));
#6988 = SURFACE_CURVE('',#6989,(#6994,#7001),.PCURVE_S1.);
#6989 = CIRCLE('',#6990,2.75);
#6990 = AXIS2_PLACEMENT_3D('',#6991,#6992,#6993);
#6991 = CARTESIAN_POINT('',(-18.,-65.6,270.));
#6992 = DIRECTION('',(0.,1.,0.));
#6993 = DIRECTION('',(0.,-0.,1.));
#6994 = PCURVE('',#5571,#6995);
#6995 = DEFINITIONAL_REPRESENTATION('',(#6996),#7000);
#6996 = CIRCLE('',#6997,2.75);
#6997 = AXIS2_PLACEMENT_2D('',#6998,#6999);
#6998 = CARTESIAN_POINT('',(9.,8.));
#6999 = DIRECTION('',(1.,0.));
#7000 = ( GEOMETRIC_REPRESENTATION_CONTEXT(2) 
PARAMETRIC_REPRESENTATION_CONTEXT() REPRESENTATION_CONTEXT('2D SPACE',''
  ) );
#7001 = PCURVE('',#7002,#7007);
#7002 = CYLINDRICAL_SURFACE('',#7003,2.75);
#7003 = AXIS2_PLACEMENT_3D('',#7004,#7005,#7006);
#7004 = CARTESIAN_POINT('',(-18.,-67.1,270.));
#7005 = DIRECTION('',(0.,1.,0.));
#7006 = DIRECTION('',(0.,-0.,1.));
#7007 = DEFINITIONAL_REPRESENTATION('',(#7008),#7012);
#7008 = LINE('',#7009,#7010);
#7009 = CARTESIAN_POINT('',(0.,1.5));
#7010 = VECTOR('',#7011,1.);
#7011 = DIRECTION('',(1.,0.));
#7012 = ( GEOMETRIC_REPRESENTATION_CONTEXT(2) 
PARAMETRIC_REPRESENTATION_CONTEXT() REPRESENTATION_CONTEXT('2D SPACE',''
  ) );
#7013 = ADVANCED_FACE('',(#7014),#5684,.T.);
#7014 = FACE_BOUND('',#7015,.T.);
#7015 = EDGE_LOOP('',(#7016,#7039,#7060,#7061));
#7016 = ORIENTED_EDGE('',*,*,#7017,.F.);
#7017 = EDGE_CURVE('',#7018,#5624,#7020,.T.);
#7018 = VERTEX_POINT('',#7019);
#7019 = CARTESIAN_POINT('',(-26.,-62.6,295.));
#7020 = SURFACE_CURVE('',#7021,(#7025,#7032),.PCURVE_S1.);
#7021 = LINE('',#7022,#7023);
#7022 = CARTESIAN_POINT('',(-26.,-62.6,295.));
#7023 = VECTOR('',#7024,1.);
#7024 = DIRECTION('',(1.,0.,-0.));
#7025 = PCURVE('',#5684,#7026);
#7026 = DEFINITIONAL_REPRESENTATION('',(#7027),#7031);
#7027 = LINE('',#7028,#7029);
#7028 = CARTESIAN_POINT('',(0.,3.));
#7029 = VECTOR('',#7030,1.);
#7030 = DIRECTION('',(1.,0.));
#7031 = ( GEOMETRIC_REPRESENTATION_CONTEXT(2) 
PARAMETRIC_REPRESENTATION_CONTEXT() REPRESENTATION_CONTEXT('2D SPACE',''
  ) );
#7032 = PCURVE('',#5644,#7033);
#7033 = DEFINITIONAL_REPRESENTATION('',(#7034),#7038);
#7034 = LINE('',#7035,#7036);
#7035 = CARTESIAN_POINT('',(34.,0.));
#7036 = VECTOR('',#7037,1.);
#7037 = DIRECTION('',(0.,1.));
#7038 = ( GEOMETRIC_REPRESENTATION_CONTEXT(2) 
PARAMETRIC_REPRESENTATION_CONTEXT() REPRESENTATION_CONTEXT('2D SPACE',''
  ) );
#7039 = ORIENTED_EDGE('',*,*,#7040,.F.);
#7040 = EDGE_CURVE('',#6911,#7018,#7041,.T.);
#7041 = SURFACE_CURVE('',#7042,(#7046,#7053),.PCURVE_S1.);
#7042 = LINE('',#7043,#7044);
#7043 = CARTESIAN_POINT('',(-26.,-65.6,295.));
#7044 = VECTOR('',#7045,1.);
#7045 = DIRECTION('',(-0.,1.,0.));
#7046 = PCURVE('',#5684,#7047);
#7047 = DEFINITIONAL_REPRESENTATION('',(#7048),#7052);
#7048 = LINE('',#7049,#7050);
#7049 = CARTESIAN_POINT('',(0.,0.));
#7050 = VECTOR('',#7051,1.);
#7051 = DIRECTION('',(0.,1.));
#7052 = ( GEOMETRIC_REPRESENTATION_CONTEXT(2) 
PARAMETRIC_REPRESENTATION_CONTEXT() REPRESENTATION_CONTEXT('2D SPACE',''
  ) );
#7053 = PCURVE('',#6926,#7054);
#7054 = DEFINITIONAL_REPRESENTATION('',(#7055),#7059);
#7055 = LINE('',#7056,#7057);
#7056 = CARTESIAN_POINT('',(34.,0.));
#7057 = VECTOR('',#7058,1.);
#7058 = DIRECTION('',(0.,-1.));
#7059 = ( GEOMETRIC_REPRESENTATION_CONTEXT(2) 
PARAMETRIC_REPRESENTATION_CONTEXT() REPRESENTATION_CONTEXT('2D SPACE',''
  ) );
#7060 = ORIENTED_EDGE('',*,*,#6938,.T.);
#7061 = ORIENTED_EDGE('',*,*,#5656,.F.);
#7062 = ADVANCED_FACE('',(#7063,#7157),#5644,.T.);
#7063 = FACE_BOUND('',#7064,.T.);
#7064 = EDGE_LOOP('',(#7065,#7090,#7113,#7134,#7135,#7136));
#7065 = ORIENTED_EDGE('',*,*,#7066,.F.);
#7066 = EDGE_CURVE('',#7067,#7069,#7071,.T.);
#7067 = VERTEX_POINT('',#7068);
#7068 = CARTESIAN_POINT('',(-10.,-62.6,261.));
#7069 = VERTEX_POINT('',#7070);
#7070 = CARTESIAN_POINT('',(-10.,-62.6,295.));
#7071 = SURFACE_CURVE('',#7072,(#7076,#7083),.PCURVE_S1.);
#7072 = LINE('',#7073,#7074);
#7073 = CARTESIAN_POINT('',(-10.,-62.6,261.));
#7074 = VECTOR('',#7075,1.);
#7075 = DIRECTION('',(0.,0.,1.));
#7076 = PCURVE('',#5644,#7077);
#7077 = DEFINITIONAL_REPRESENTATION('',(#7078),#7082);
#7078 = LINE('',#7079,#7080);
#7079 = CARTESIAN_POINT('',(0.,16.));
#7080 = VECTOR('',#7081,1.);
#7081 = DIRECTION('',(1.,0.));
#7082 = ( GEOMETRIC_REPRESENTATION_CONTEXT(2) 
PARAMETRIC_REPRESENTATION_CONTEXT() REPRESENTATION_CONTEXT('2D SPACE',''
  ) );
#7083 = PCURVE('',#6870,#7084);
#7084 = DEFINITIONAL_REPRESENTATION('',(#7085),#7089);
#7085 = LINE('',#7086,#7087);
#7086 = CARTESIAN_POINT('',(0.,-3.));
#7087 = VECTOR('',#7088,1.);
#7088 = DIRECTION('',(1.,0.));
#7089 = ( GEOMETRIC_REPRESENTATION_CONTEXT(2) 
PARAMETRIC_REPRESENTATION_CONTEXT() REPRESENTATION_CONTEXT('2D SPACE',''
  ) );
#7090 = ORIENTED_EDGE('',*,*,#7091,.F.);
#7091 = EDGE_CURVE('',#7092,#7067,#7094,.T.);
#7092 = VERTEX_POINT('',#7093);
#7093 = CARTESIAN_POINT('',(-26.,-62.6,261.));
#7094 = SURFACE_CURVE('',#7095,(#7099,#7106),.PCURVE_S1.);
#7095 = LINE('',#7096,#7097);
#7096 = CARTESIAN_POINT('',(-26.,-62.6,261.));
#7097 = VECTOR('',#7098,1.);
#7098 = DIRECTION('',(1.,0.,-0.));
#7099 = PCURVE('',#5644,#7100);
#7100 = DEFINITIONAL_REPRESENTATION('',(#7101),#7105);
#7101 = LINE('',#7102,#7103);
#7102 = CARTESIAN_POINT('',(0.,0.));
#7103 = VECTOR('',#7104,1.);
#7104 = DIRECTION('',(0.,1.));
#7105 = ( GEOMETRIC_REPRESENTATION_CONTEXT(2) 
PARAMETRIC_REPRESENTATION_CONTEXT() REPRESENTATION_CONTEXT('2D SPACE',''
  ) );
#7106 = PCURVE('',#6898,#7107);
#7107 = DEFINITIONAL_REPRESENTATION('',(#7108),#7112);
#7108 = LINE('',#7109,#7110);
#7109 = CARTESIAN_POINT('',(0.,3.));
#7110 = VECTOR('',#7111,1.);
#7111 = DIRECTION('',(1.,0.));
#7112 = ( GEOMETRIC_REPRESENTATION_CONTEXT(2) 
PARAMETRIC_REPRESENTATION_CONTEXT() REPRESENTATION_CONTEXT('2D SPACE',''
  ) );
#7113 = ORIENTED_EDGE('',*,*,#7114,.T.);
#7114 = EDGE_CURVE('',#7092,#7018,#7115,.T.);
#7115 = SURFACE_CURVE('',#7116,(#7120,#7127),.PCURVE_S1.);
#7116 = LINE('',#7117,#7118);
#7117 = CARTESIAN_POINT('',(-26.,-62.6,261.));
#7118 = VECTOR('',#7119,1.);
#7119 = DIRECTION('',(0.,0.,1.));
#7120 = PCURVE('',#5644,#7121);
#7121 = DEFINITIONAL_REPRESENTATION('',(#7122),#7126);
#7122 = LINE('',#7123,#7124);
#7123 = CARTESIAN_POINT('',(0.,0.));
#7124 = VECTOR('',#7125,1.);
#7125 = DIRECTION('',(1.,0.));
#7126 = ( GEOMETRIC_REPRESENTATION_CONTEXT(2) 
PARAMETRIC_REPRESENTATION_CONTEXT() REPRESENTATION_CONTEXT('2D SPACE',''
  ) );
#7127 = PCURVE('',#6926,#7128);
#7128 = DEFINITIONAL_REPRESENTATION('',(#7129),#7133);
#7129 = LINE('',#7130,#7131);
#7130 = CARTESIAN_POINT('',(0.,-3.));
#7131 = VECTOR('',#7132,1.);
#7132 = DIRECTION('',(1.,0.));
#7133 = ( GEOMETRIC_REPRESENTATION_CONTEXT(2) 
PARAMETRIC_REPRESENTATION_CONTEXT() REPRESENTATION_CONTEXT('2D SPACE',''
  ) );
#7134 = ORIENTED_EDGE('',*,*,#7017,.T.);
#7135 = ORIENTED_EDGE('',*,*,#5623,.F.);
#7136 = ORIENTED_EDGE('',*,*,#7137,.T.);
#7137 = EDGE_CURVE('',#5584,#7069,#7138,.T.);
#7138 = SURFACE_CURVE('',#7139,(#7143,#7150),.PCURVE_S1.);
#7139 = LINE('',#7140,#7141);
#7140 = CARTESIAN_POINT('',(-26.,-62.6,295.));
#7141 = VECTOR('',#7142,1.);
#7142 = DIRECTION('',(1.,0.,-0.));
#7143 = PCURVE('',#5644,#7144);
#7144 = DEFINITIONAL_REPRESENTATION('',(#7145),#7149);
#7145 = LINE('',#7146,#7147);
#7146 = CARTESIAN_POINT('',(34.,0.));
#7147 = VECTOR('',#7148,1.);
#7148 = DIRECTION('',(0.,1.));
#7149 = ( GEOMETRIC_REPRESENTATION_CONTEXT(2) 
PARAMETRIC_REPRESENTATION_CONTEXT() REPRESENTATION_CONTEXT('2D SPACE',''
  ) );
#7150 = PCURVE('',#5611,#7151);
#7151 = DEFINITIONAL_REPRESENTATION('',(#7152),#7156);
#7152 = LINE('',#7153,#7154);
#7153 = CARTESIAN_POINT('',(0.,3.));
#7154 = VECTOR('',#7155,1.);
#7155 = DIRECTION('',(1.,0.));
#7156 = ( GEOMETRIC_REPRESENTATION_CONTEXT(2) 
PARAMETRIC_REPRESENTATION_CONTEXT() REPRESENTATION_CONTEXT('2D SPACE',''
  ) );
#7157 = FACE_BOUND('',#7158,.T.);
#7158 = EDGE_LOOP('',(#7159));
#7159 = ORIENTED_EDGE('',*,*,#7160,.F.);
#7160 = EDGE_CURVE('',#7161,#7161,#7163,.T.);
#7161 = VERTEX_POINT('',#7162);
#7162 = CARTESIAN_POINT('',(-18.,-62.6,272.75));
#7163 = SURFACE_CURVE('',#7164,(#7169,#7176),.PCURVE_S1.);
#7164 = CIRCLE('',#7165,2.75);
#7165 = AXIS2_PLACEMENT_3D('',#7166,#7167,#7168);
#7166 = CARTESIAN_POINT('',(-18.,-62.6,270.));
#7167 = DIRECTION('',(0.,1.,0.));
#7168 = DIRECTION('',(0.,-0.,1.));
#7169 = PCURVE('',#5644,#7170);
#7170 = DEFINITIONAL_REPRESENTATION('',(#7171),#7175);
#7171 = CIRCLE('',#7172,2.75);
#7172 = AXIS2_PLACEMENT_2D('',#7173,#7174);
#7173 = CARTESIAN_POINT('',(9.,8.));
#7174 = DIRECTION('',(1.,0.));
#7175 = ( GEOMETRIC_REPRESENTATION_CONTEXT(2) 
PARAMETRIC_REPRESENTATION_CONTEXT() REPRESENTATION_CONTEXT('2D SPACE',''
  ) );
#7176 = PCURVE('',#7002,#7177);
#7177 = DEFINITIONAL_REPRESENTATION('',(#7178),#7182);
#7178 = LINE('',#7179,#7180);
#7179 = CARTESIAN_POINT('',(0.,4.5));
#7180 = VECTOR('',#7181,1.);
#7181 = DIRECTION('',(1.,0.));
#7182 = ( GEOMETRIC_REPRESENTATION_CONTEXT(2) 
PARAMETRIC_REPRESENTATION_CONTEXT() REPRESENTATION_CONTEXT('2D SPACE',''
  ) );
#7183 = ADVANCED_FACE('',(#7184),#5611,.T.);
#7184 = FACE_BOUND('',#7185,.T.);
#7185 = EDGE_LOOP('',(#7186,#7187,#7188,#7189));
#7186 = ORIENTED_EDGE('',*,*,#7137,.F.);
#7187 = ORIENTED_EDGE('',*,*,#5583,.F.);
#7188 = ORIENTED_EDGE('',*,*,#6962,.T.);
#7189 = ORIENTED_EDGE('',*,*,#7190,.T.);
#7190 = EDGE_CURVE('',#6855,#7069,#7191,.T.);
#7191 = SURFACE_CURVE('',#7192,(#7196,#7203),.PCURVE_S1.);
#7192 = LINE('',#7193,#7194);
#7193 = CARTESIAN_POINT('',(-10.,-65.6,295.));
#7194 = VECTOR('',#7195,1.);
#7195 = DIRECTION('',(-0.,1.,0.));
#7196 = PCURVE('',#5611,#7197);
#7197 = DEFINITIONAL_REPRESENTATION('',(#7198),#7202);
#7198 = LINE('',#7199,#7200);
#7199 = CARTESIAN_POINT('',(16.,0.));
#7200 = VECTOR('',#7201,1.);
#7201 = DIRECTION('',(0.,1.));
#7202 = ( GEOMETRIC_REPRESENTATION_CONTEXT(2) 
PARAMETRIC_REPRESENTATION_CONTEXT() REPRESENTATION_CONTEXT('2D SPACE',''
  ) );
#7203 = PCURVE('',#6870,#7204);
#7204 = DEFINITIONAL_REPRESENTATION('',(#7205),#7209);
#7205 = LINE('',#7206,#7207);
#7206 = CARTESIAN_POINT('',(34.,0.));
#7207 = VECTOR('',#7208,1.);
#7208 = DIRECTION('',(0.,-1.));
#7209 = ( GEOMETRIC_REPRESENTATION_CONTEXT(2) 
PARAMETRIC_REPRESENTATION_CONTEXT() REPRESENTATION_CONTEXT('2D SPACE',''
  ) );
#7210 = ADVANCED_FACE('',(#7211),#5768,.T.);
#7211 = FACE_BOUND('',#7212,.T.);
#7212 = EDGE_LOOP('',(#7213,#7236,#7264,#7285,#7286));
#7213 = ORIENTED_EDGE('',*,*,#7214,.F.);
#7214 = EDGE_CURVE('',#7215,#5963,#7217,.T.);
#7215 = VERTEX_POINT('',#7216);
#7216 = CARTESIAN_POINT('',(198.,-60.81700988904,441.40779737626));
#7217 = SURFACE_CURVE('',#7218,(#7222,#7229),.PCURVE_S1.);
#7218 = LINE('',#7219,#7220);
#7219 = CARTESIAN_POINT('',(198.,-60.81700988904,441.40779737626));
#7220 = VECTOR('',#7221,1.);
#7221 = DIRECTION('',(1.,0.,-0.));
#7222 = PCURVE('',#5768,#7223);
#7223 = DEFINITIONAL_REPRESENTATION('',(#7224),#7228);
#7224 = LINE('',#7225,#7226);
#7225 = CARTESIAN_POINT('',(0.,3.));
#7226 = VECTOR('',#7227,1.);
#7227 = DIRECTION('',(1.,0.));
#7228 = ( GEOMETRIC_REPRESENTATION_CONTEXT(2) 
PARAMETRIC_REPRESENTATION_CONTEXT() REPRESENTATION_CONTEXT('2D SPACE',''
  ) );
#7229 = PCURVE('',#5921,#7230);
#7230 = DEFINITIONAL_REPRESENTATION('',(#7231),#7235);
#7231 = LINE('',#7232,#7233);
#7232 = CARTESIAN_POINT('',(26.,0.));
#7233 = VECTOR('',#7234,1.);
#7234 = DIRECTION('',(0.,1.));
#7235 = ( GEOMETRIC_REPRESENTATION_CONTEXT(2) 
PARAMETRIC_REPRESENTATION_CONTEXT() REPRESENTATION_CONTEXT('2D SPACE',''
  ) );
#7236 = ORIENTED_EDGE('',*,*,#7237,.F.);
#7237 = EDGE_CURVE('',#7238,#7215,#7240,.T.);
#7238 = VERTEX_POINT('',#7239);
#7239 = CARTESIAN_POINT('',(198.,-63.81700988904,441.40779737626));
#7240 = SURFACE_CURVE('',#7241,(#7245,#7252),.PCURVE_S1.);
#7241 = LINE('',#7242,#7243);
#7242 = CARTESIAN_POINT('',(198.,-63.81700988904,441.40779737626));
#7243 = VECTOR('',#7244,1.);
#7244 = DIRECTION('',(-0.,1.,0.));
#7245 = PCURVE('',#5768,#7246);
#7246 = DEFINITIONAL_REPRESENTATION('',(#7247),#7251);
#7247 = LINE('',#7248,#7249);
#7248 = CARTESIAN_POINT('',(0.,0.));
#7249 = VECTOR('',#7250,1.);
#7250 = DIRECTION('',(0.,1.));
#7251 = ( GEOMETRIC_REPRESENTATION_CONTEXT(2) 
PARAMETRIC_REPRESENTATION_CONTEXT() REPRESENTATION_CONTEXT('2D SPACE',''
  ) );
#7252 = PCURVE('',#7253,#7258);
#7253 = PLANE('',#7254);
#7254 = AXIS2_PLACEMENT_3D('',#7255,#7256,#7257);
#7255 = CARTESIAN_POINT('',(198.,-63.81700988904,415.40779737626));
#7256 = DIRECTION('',(1.,0.,-0.));
#7257 = DIRECTION('',(0.,0.,1.));
#7258 = DEFINITIONAL_REPRESENTATION('',(#7259),#7263);
#7259 = LINE('',#7260,#7261);
#7260 = CARTESIAN_POINT('',(26.,0.));
#7261 = VECTOR('',#7262,1.);
#7262 = DIRECTION('',(0.,-1.));
#7263 = ( GEOMETRIC_REPRESENTATION_CONTEXT(2) 
PARAMETRIC_REPRESENTATION_CONTEXT() REPRESENTATION_CONTEXT('2D SPACE',''
  ) );
#7264 = ORIENTED_EDGE('',*,*,#7265,.T.);
#7265 = EDGE_CURVE('',#7238,#5749,#7266,.T.);
#7266 = SURFACE_CURVE('',#7267,(#7271,#7278),.PCURVE_S1.);
#7267 = LINE('',#7268,#7269);
#7268 = CARTESIAN_POINT('',(198.,-63.81700988904,441.40779737626));
#7269 = VECTOR('',#7270,1.);
#7270 = DIRECTION('',(1.,0.,-0.));
#7271 = PCURVE('',#5768,#7272);
#7272 = DEFINITIONAL_REPRESENTATION('',(#7273),#7277);
#7273 = LINE('',#7274,#7275);
#7274 = CARTESIAN_POINT('',(0.,0.));
#7275 = VECTOR('',#7276,1.);
#7276 = DIRECTION('',(1.,0.));
#7277 = ( GEOMETRIC_REPRESENTATION_CONTEXT(2) 
PARAMETRIC_REPRESENTATION_CONTEXT() REPRESENTATION_CONTEXT('2D SPACE',''
  ) );
#7278 = PCURVE('',#5800,#7279);
#7279 = DEFINITIONAL_REPRESENTATION('',(#7280),#7284);
#7280 = LINE('',#7281,#7282);
#7281 = CARTESIAN_POINT('',(26.,0.));
#7282 = VECTOR('',#7283,1.);
#7283 = DIRECTION('',(0.,1.));
#7284 = ( GEOMETRIC_REPRESENTATION_CONTEXT(2) 
PARAMETRIC_REPRESENTATION_CONTEXT() REPRESENTATION_CONTEXT('2D SPACE',''
  ) );
#7285 = ORIENTED_EDGE('',*,*,#5748,.F.);
#7286 = ORIENTED_EDGE('',*,*,#5989,.F.);
#7287 = ADVANCED_FACE('',(#7288,#7412),#5921,.T.);
#7288 = FACE_BOUND('',#7289,.T.);
#7289 = EDGE_LOOP('',(#7290,#7320,#7348,#7369,#7370,#7371,#7390,#7391));
#7290 = ORIENTED_EDGE('',*,*,#7291,.F.);
#7291 = EDGE_CURVE('',#7292,#7294,#7296,.T.);
#7292 = VERTEX_POINT('',#7293);
#7293 = CARTESIAN_POINT('',(212.,-60.81700988904,415.40779737626));
#7294 = VERTEX_POINT('',#7295);
#7295 = CARTESIAN_POINT('',(212.,-60.81700988904,441.40779737626));
#7296 = SURFACE_CURVE('',#7297,(#7301,#7308),.PCURVE_S1.);
#7297 = LINE('',#7298,#7299);
#7298 = CARTESIAN_POINT('',(212.,-60.81700988904,415.40779737626));
#7299 = VECTOR('',#7300,1.);
#7300 = DIRECTION('',(0.,0.,1.));
#7301 = PCURVE('',#5921,#7302);
#7302 = DEFINITIONAL_REPRESENTATION('',(#7303),#7307);
#7303 = LINE('',#7304,#7305);
#7304 = CARTESIAN_POINT('',(0.,14.));
#7305 = VECTOR('',#7306,1.);
#7306 = DIRECTION('',(1.,0.));
#7307 = ( GEOMETRIC_REPRESENTATION_CONTEXT(2) 
PARAMETRIC_REPRESENTATION_CONTEXT() REPRESENTATION_CONTEXT('2D SPACE',''
  ) );
#7308 = PCURVE('',#7309,#7314);
#7309 = PLANE('',#7310);
#7310 = AXIS2_PLACEMENT_3D('',#7311,#7312,#7313);
#7311 = CARTESIAN_POINT('',(212.,-63.81700988904,415.40779737626));
#7312 = DIRECTION('',(1.,0.,-0.));
#7313 = DIRECTION('',(0.,0.,1.));
#7314 = DEFINITIONAL_REPRESENTATION('',(#7315),#7319);
#7315 = LINE('',#7316,#7317);
#7316 = CARTESIAN_POINT('',(0.,-3.));
#7317 = VECTOR('',#7318,1.);
#7318 = DIRECTION('',(1.,0.));
#7319 = ( GEOMETRIC_REPRESENTATION_CONTEXT(2) 
PARAMETRIC_REPRESENTATION_CONTEXT() REPRESENTATION_CONTEXT('2D SPACE',''
  ) );
#7320 = ORIENTED_EDGE('',*,*,#7321,.F.);
#7321 = EDGE_CURVE('',#7322,#7292,#7324,.T.);
#7322 = VERTEX_POINT('',#7323);
#7323 = CARTESIAN_POINT('',(198.,-60.81700988904,415.40779737626));
#7324 = SURFACE_CURVE('',#7325,(#7329,#7336),.PCURVE_S1.);
#7325 = LINE('',#7326,#7327);
#7326 = CARTESIAN_POINT('',(198.,-60.81700988904,415.40779737626));
#7327 = VECTOR('',#7328,1.);
#7328 = DIRECTION('',(1.,0.,-0.));
#7329 = PCURVE('',#5921,#7330);
#7330 = DEFINITIONAL_REPRESENTATION('',(#7331),#7335);
#7331 = LINE('',#7332,#7333);
#7332 = CARTESIAN_POINT('',(0.,0.));
#7333 = VECTOR('',#7334,1.);
#7334 = DIRECTION('',(0.,1.));
#7335 = ( GEOMETRIC_REPRESENTATION_CONTEXT(2) 
PARAMETRIC_REPRESENTATION_CONTEXT() REPRESENTATION_CONTEXT('2D SPACE',''
  ) );
#7336 = PCURVE('',#7337,#7342);
#7337 = PLANE('',#7338);
#7338 = AXIS2_PLACEMENT_3D('',#7339,#7340,#7341);
#7339 = CARTESIAN_POINT('',(198.,-63.81700988904,415.40779737626));
#7340 = DIRECTION('',(0.,0.,1.));
#7341 = DIRECTION('',(1.,0.,-0.));
#7342 = DEFINITIONAL_REPRESENTATION('',(#7343),#7347);
#7343 = LINE('',#7344,#7345);
#7344 = CARTESIAN_POINT('',(0.,3.));
#7345 = VECTOR('',#7346,1.);
#7346 = DIRECTION('',(1.,0.));
#7347 = ( GEOMETRIC_REPRESENTATION_CONTEXT(2) 
PARAMETRIC_REPRESENTATION_CONTEXT() REPRESENTATION_CONTEXT('2D SPACE',''
  ) );
#7348 = ORIENTED_EDGE('',*,*,#7349,.T.);
#7349 = EDGE_CURVE('',#7322,#7215,#7350,.T.);
#7350 = SURFACE_CURVE('',#7351,(#7355,#7362),.PCURVE_S1.);
#7351 = LINE('',#7352,#7353);
#7352 = CARTESIAN_POINT('',(198.,-60.81700988904,415.40779737626));
#7353 = VECTOR('',#7354,1.);
#7354 = DIRECTION('',(0.,0.,1.));
#7355 = PCURVE('',#5921,#7356);
#7356 = DEFINITIONAL_REPRESENTATION('',(#7357),#7361);
#7357 = LINE('',#7358,#7359);
#7358 = CARTESIAN_POINT('',(0.,0.));
#7359 = VECTOR('',#7360,1.);
#7360 = DIRECTION('',(1.,0.));
#7361 = ( GEOMETRIC_REPRESENTATION_CONTEXT(2) 
PARAMETRIC_REPRESENTATION_CONTEXT() REPRESENTATION_CONTEXT('2D SPACE',''
  ) );
#7362 = PCURVE('',#7253,#7363);
#7363 = DEFINITIONAL_REPRESENTATION('',(#7364),#7368);
#7364 = LINE('',#7365,#7366);
#7365 = CARTESIAN_POINT('',(0.,-3.));
#7366 = VECTOR('',#7367,1.);
#7367 = DIRECTION('',(1.,0.));
#7368 = ( GEOMETRIC_REPRESENTATION_CONTEXT(2) 
PARAMETRIC_REPRESENTATION_CONTEXT() REPRESENTATION_CONTEXT('2D SPACE',''
  ) );
#7369 = ORIENTED_EDGE('',*,*,#7214,.T.);
#7370 = ORIENTED_EDGE('',*,*,#5962,.F.);
#7371 = ORIENTED_EDGE('',*,*,#7372,.T.);
#7372 = EDGE_CURVE('',#5934,#5902,#7373,.T.);
#7373 = SURFACE_CURVE('',#7374,(#7378,#7384),.PCURVE_S1.);
#7374 = LINE('',#7375,#7376);
#7375 = CARTESIAN_POINT('',(202.07139841479,-60.81700988904,
    438.51772208312));
#7376 = VECTOR('',#7377,1.);
#7377 = DIRECTION('',(0.998791069994,0.,-4.915687642355E-02));
#7378 = PCURVE('',#5921,#7379);
#7379 = DEFINITIONAL_REPRESENTATION('',(#7380),#7383);
#7380 = B_SPLINE_CURVE_WITH_KNOTS('',1,(#7381,#7382),.UNSPECIFIED.,.F.,
  .F.,(2,2),(-1.069535333891,6.930464666109),.PIECEWISE_BEZIER_KNOTS.);
#7381 = CARTESIAN_POINT('',(23.162499723097,3.003156074257));
#7382 = CARTESIAN_POINT('',(22.769244711708,10.993484634211));
#7383 = ( GEOMETRIC_REPRESENTATION_CONTEXT(2) 
PARAMETRIC_REPRESENTATION_CONTEXT() REPRESENTATION_CONTEXT('2D SPACE',''
  ) );
#7384 = PCURVE('',#5950,#7385);
#7385 = DEFINITIONAL_REPRESENTATION('',(#7386),#7389);
#7386 = B_SPLINE_CURVE_WITH_KNOTS('',1,(#7387,#7388),.UNSPECIFIED.,.F.,
  .F.,(2,2),(-1.069535333891,6.930464666109),.PIECEWISE_BEZIER_KNOTS.);
#7387 = CARTESIAN_POINT('',(4.,1.500389125112));
#7388 = CARTESIAN_POINT('',(-4.,1.500389125112));
#7389 = ( GEOMETRIC_REPRESENTATION_CONTEXT(2) 
PARAMETRIC_REPRESENTATION_CONTEXT() REPRESENTATION_CONTEXT('2D SPACE',''
  ) );
#7390 = ORIENTED_EDGE('',*,*,#5901,.F.);
#7391 = ORIENTED_EDGE('',*,*,#7392,.T.);
#7392 = EDGE_CURVE('',#5869,#7294,#7393,.T.);
#7393 = SURFACE_CURVE('',#7394,(#7398,#7405),.PCURVE_S1.);
#7394 = LINE('',#7395,#7396);
#7395 = CARTESIAN_POINT('',(198.,-60.81700988904,441.40779737626));
#7396 = VECTOR('',#7397,1.);
#7397 = DIRECTION('',(1.,0.,-0.));
#7398 = PCURVE('',#5921,#7399);
#7399 = DEFINITIONAL_REPRESENTATION('',(#7400),#7404);
#7400 = LINE('',#7401,#7402);
#7401 = CARTESIAN_POINT('',(26.,0.));
#7402 = VECTOR('',#7403,1.);
#7403 = DIRECTION('',(0.,1.));
#7404 = ( GEOMETRIC_REPRESENTATION_CONTEXT(2) 
PARAMETRIC_REPRESENTATION_CONTEXT() REPRESENTATION_CONTEXT('2D SPACE',''
  ) );
#7405 = PCURVE('',#5889,#7406);
#7406 = DEFINITIONAL_REPRESENTATION('',(#7407),#7411);
#7407 = LINE('',#7408,#7409);
#7408 = CARTESIAN_POINT('',(0.,3.));
#7409 = VECTOR('',#7410,1.);
#7410 = DIRECTION('',(1.,0.));
#7411 = ( GEOMETRIC_REPRESENTATION_CONTEXT(2) 
PARAMETRIC_REPRESENTATION_CONTEXT() REPRESENTATION_CONTEXT('2D SPACE',''
  ) );
#7412 = FACE_BOUND('',#7413,.T.);
#7413 = EDGE_LOOP('',(#7414));
#7414 = ORIENTED_EDGE('',*,*,#7415,.F.);
#7415 = EDGE_CURVE('',#7416,#7416,#7418,.T.);
#7416 = VERTEX_POINT('',#7417);
#7417 = CARTESIAN_POINT('',(205.,-60.81700988904,427.15779737626));
#7418 = SURFACE_CURVE('',#7419,(#7424,#7431),.PCURVE_S1.);
#7419 = CIRCLE('',#7420,2.75);
#7420 = AXIS2_PLACEMENT_3D('',#7421,#7422,#7423);
#7421 = CARTESIAN_POINT('',(205.,-60.81700988904,424.40779737626));
#7422 = DIRECTION('',(0.,1.,0.));
#7423 = DIRECTION('',(0.,-0.,1.));
#7424 = PCURVE('',#5921,#7425);
#7425 = DEFINITIONAL_REPRESENTATION('',(#7426),#7430);
#7426 = CIRCLE('',#7427,2.75);
#7427 = AXIS2_PLACEMENT_2D('',#7428,#7429);
#7428 = CARTESIAN_POINT('',(9.,7.));
#7429 = DIRECTION('',(1.,0.));
#7430 = ( GEOMETRIC_REPRESENTATION_CONTEXT(2) 
PARAMETRIC_REPRESENTATION_CONTEXT() REPRESENTATION_CONTEXT('2D SPACE',''
  ) );
#7431 = PCURVE('',#7432,#7437);
#7432 = CYLINDRICAL_SURFACE('',#7433,2.75);
#7433 = AXIS2_PLACEMENT_3D('',#7434,#7435,#7436);
#7434 = CARTESIAN_POINT('',(205.,-63.81700988904,424.40779737626));
#7435 = DIRECTION('',(0.,1.,0.));
#7436 = DIRECTION('',(0.,-0.,1.));
#7437 = DEFINITIONAL_REPRESENTATION('',(#7438),#7442);
#7438 = LINE('',#7439,#7440);
#7439 = CARTESIAN_POINT('',(0.,3.));
#7440 = VECTOR('',#7441,1.);
#7441 = DIRECTION('',(1.,0.));
#7442 = ( GEOMETRIC_REPRESENTATION_CONTEXT(2) 
PARAMETRIC_REPRESENTATION_CONTEXT() REPRESENTATION_CONTEXT('2D SPACE',''
  ) );
#7443 = ADVANCED_FACE('',(#7444),#5950,.T.);
#7444 = FACE_BOUND('',#7445,.T.);
#7445 = EDGE_LOOP('',(#7446,#7447));
#7446 = ORIENTED_EDGE('',*,*,#7372,.F.);
#7447 = ORIENTED_EDGE('',*,*,#5933,.T.);
#7448 = ADVANCED_FACE('',(#7449),#5889,.T.);
#7449 = FACE_BOUND('',#7450,.T.);
#7450 = EDGE_LOOP('',(#7451,#7452,#7453,#7476));
#7451 = ORIENTED_EDGE('',*,*,#7392,.F.);
#7452 = ORIENTED_EDGE('',*,*,#5868,.F.);
#7453 = ORIENTED_EDGE('',*,*,#7454,.T.);
#7454 = EDGE_CURVE('',#5842,#7455,#7457,.T.);
#7455 = VERTEX_POINT('',#7456);
#7456 = CARTESIAN_POINT('',(212.,-63.81700988904,441.40779737626));
#7457 = SURFACE_CURVE('',#7458,(#7462,#7469),.PCURVE_S1.);
#7458 = LINE('',#7459,#7460);
#7459 = CARTESIAN_POINT('',(198.,-63.81700988904,441.40779737626));
#7460 = VECTOR('',#7461,1.);
#7461 = DIRECTION('',(1.,0.,-0.));
#7462 = PCURVE('',#5889,#7463);
#7463 = DEFINITIONAL_REPRESENTATION('',(#7464),#7468);
#7464 = LINE('',#7465,#7466);
#7465 = CARTESIAN_POINT('',(0.,0.));
#7466 = VECTOR('',#7467,1.);
#7467 = DIRECTION('',(1.,0.));
#7468 = ( GEOMETRIC_REPRESENTATION_CONTEXT(2) 
PARAMETRIC_REPRESENTATION_CONTEXT() REPRESENTATION_CONTEXT('2D SPACE',''
  ) );
#7469 = PCURVE('',#5800,#7470);
#7470 = DEFINITIONAL_REPRESENTATION('',(#7471),#7475);
#7471 = LINE('',#7472,#7473);
#7472 = CARTESIAN_POINT('',(26.,0.));
#7473 = VECTOR('',#7474,1.);
#7474 = DIRECTION('',(0.,1.));
#7475 = ( GEOMETRIC_REPRESENTATION_CONTEXT(2) 
PARAMETRIC_REPRESENTATION_CONTEXT() REPRESENTATION_CONTEXT('2D SPACE',''
  ) );
#7476 = ORIENTED_EDGE('',*,*,#7477,.T.);
#7477 = EDGE_CURVE('',#7455,#7294,#7478,.T.);
#7478 = SURFACE_CURVE('',#7479,(#7483,#7490),.PCURVE_S1.);
#7479 = LINE('',#7480,#7481);
#7480 = CARTESIAN_POINT('',(212.,-63.81700988904,441.40779737626));
#7481 = VECTOR('',#7482,1.);
#7482 = DIRECTION('',(-0.,1.,0.));
#7483 = PCURVE('',#5889,#7484);
#7484 = DEFINITIONAL_REPRESENTATION('',(#7485),#7489);
#7485 = LINE('',#7486,#7487);
#7486 = CARTESIAN_POINT('',(14.,0.));
#7487 = VECTOR('',#7488,1.);
#7488 = DIRECTION('',(0.,1.));
#7489 = ( GEOMETRIC_REPRESENTATION_CONTEXT(2) 
PARAMETRIC_REPRESENTATION_CONTEXT() REPRESENTATION_CONTEXT('2D SPACE',''
  ) );
#7490 = PCURVE('',#7309,#7491);
#7491 = DEFINITIONAL_REPRESENTATION('',(#7492),#7496);
#7492 = LINE('',#7493,#7494);
#7493 = CARTESIAN_POINT('',(26.,0.));
#7494 = VECTOR('',#7495,1.);
#7495 = DIRECTION('',(0.,-1.));
#7496 = ( GEOMETRIC_REPRESENTATION_CONTEXT(2) 
PARAMETRIC_REPRESENTATION_CONTEXT() REPRESENTATION_CONTEXT('2D SPACE',''
  ) );
#7497 = ADVANCED_FACE('',(#7498,#7590),#5800,.F.);
#7498 = FACE_BOUND('',#7499,.F.);
#7499 = EDGE_LOOP('',(#7500,#7523,#7546,#7567,#7568,#7569,#7588,#7589));
#7500 = ORIENTED_EDGE('',*,*,#7501,.F.);
#7501 = EDGE_CURVE('',#7502,#7455,#7504,.T.);
#7502 = VERTEX_POINT('',#7503);
#7503 = CARTESIAN_POINT('',(212.,-63.81700988904,415.40779737626));
#7504 = SURFACE_CURVE('',#7505,(#7509,#7516),.PCURVE_S1.);
#7505 = LINE('',#7506,#7507);
#7506 = CARTESIAN_POINT('',(212.,-63.81700988904,415.40779737626));
#7507 = VECTOR('',#7508,1.);
#7508 = DIRECTION('',(0.,0.,1.));
#7509 = PCURVE('',#5800,#7510);
#7510 = DEFINITIONAL_REPRESENTATION('',(#7511),#7515);
#7511 = LINE('',#7512,#7513);
#7512 = CARTESIAN_POINT('',(0.,14.));
#7513 = VECTOR('',#7514,1.);
#7514 = DIRECTION('',(1.,0.));
#7515 = ( GEOMETRIC_REPRESENTATION_CONTEXT(2) 
PARAMETRIC_REPRESENTATION_CONTEXT() REPRESENTATION_CONTEXT('2D SPACE',''
  ) );
#7516 = PCURVE('',#7309,#7517);
#7517 = DEFINITIONAL_REPRESENTATION('',(#7518),#7522);
#7518 = LINE('',#7519,#7520);
#7519 = CARTESIAN_POINT('',(0.,0.));
#7520 = VECTOR('',#7521,1.);
#7521 = DIRECTION('',(1.,0.));
#7522 = ( GEOMETRIC_REPRESENTATION_CONTEXT(2) 
PARAMETRIC_REPRESENTATION_CONTEXT() REPRESENTATION_CONTEXT('2D SPACE',''
  ) );
#7523 = ORIENTED_EDGE('',*,*,#7524,.F.);
#7524 = EDGE_CURVE('',#7525,#7502,#7527,.T.);
#7525 = VERTEX_POINT('',#7526);
#7526 = CARTESIAN_POINT('',(198.,-63.81700988904,415.40779737626));
#7527 = SURFACE_CURVE('',#7528,(#7532,#7539),.PCURVE_S1.);
#7528 = LINE('',#7529,#7530);
#7529 = CARTESIAN_POINT('',(198.,-63.81700988904,415.40779737626));
#7530 = VECTOR('',#7531,1.);
#7531 = DIRECTION('',(1.,0.,-0.));
#7532 = PCURVE('',#5800,#7533);
#7533 = DEFINITIONAL_REPRESENTATION('',(#7534),#7538);
#7534 = LINE('',#7535,#7536);
#7535 = CARTESIAN_POINT('',(0.,0.));
#7536 = VECTOR('',#7537,1.);
#7537 = DIRECTION('',(0.,1.));
#7538 = ( GEOMETRIC_REPRESENTATION_CONTEXT(2) 
PARAMETRIC_REPRESENTATION_CONTEXT() REPRESENTATION_CONTEXT('2D SPACE',''
  ) );
#7539 = PCURVE('',#7337,#7540);
#7540 = DEFINITIONAL_REPRESENTATION('',(#7541),#7545);
#7541 = LINE('',#7542,#7543);
#7542 = CARTESIAN_POINT('',(0.,0.));
#7543 = VECTOR('',#7544,1.);
#7544 = DIRECTION('',(1.,0.));
#7545 = ( GEOMETRIC_REPRESENTATION_CONTEXT(2) 
PARAMETRIC_REPRESENTATION_CONTEXT() REPRESENTATION_CONTEXT('2D SPACE',''
  ) );
#7546 = ORIENTED_EDGE('',*,*,#7547,.T.);
#7547 = EDGE_CURVE('',#7525,#7238,#7548,.T.);
#7548 = SURFACE_CURVE('',#7549,(#7553,#7560),.PCURVE_S1.);
#7549 = LINE('',#7550,#7551);
#7550 = CARTESIAN_POINT('',(198.,-63.81700988904,415.40779737626));
#7551 = VECTOR('',#7552,1.);
#7552 = DIRECTION('',(0.,0.,1.));
#7553 = PCURVE('',#5800,#7554);
#7554 = DEFINITIONAL_REPRESENTATION('',(#7555),#7559);
#7555 = LINE('',#7556,#7557);
#7556 = CARTESIAN_POINT('',(0.,0.));
#7557 = VECTOR('',#7558,1.);
#7558 = DIRECTION('',(1.,0.));
#7559 = ( GEOMETRIC_REPRESENTATION_CONTEXT(2) 
PARAMETRIC_REPRESENTATION_CONTEXT() REPRESENTATION_CONTEXT('2D SPACE',''
  ) );
#7560 = PCURVE('',#7253,#7561);
#7561 = DEFINITIONAL_REPRESENTATION('',(#7562),#7566);
#7562 = LINE('',#7563,#7564);
#7563 = CARTESIAN_POINT('',(0.,0.));
#7564 = VECTOR('',#7565,1.);
#7565 = DIRECTION('',(1.,0.));
#7566 = ( GEOMETRIC_REPRESENTATION_CONTEXT(2) 
PARAMETRIC_REPRESENTATION_CONTEXT() REPRESENTATION_CONTEXT('2D SPACE',''
  ) );
#7567 = ORIENTED_EDGE('',*,*,#7265,.T.);
#7568 = ORIENTED_EDGE('',*,*,#5780,.F.);
#7569 = ORIENTED_EDGE('',*,*,#7570,.T.);
#7570 = EDGE_CURVE('',#5781,#5813,#7571,.T.);
#7571 = SURFACE_CURVE('',#7572,(#7576,#7582),.PCURVE_S1.);
#7572 = LINE('',#7573,#7574);
#7573 = CARTESIAN_POINT('',(202.07475770632,-63.81700988904,
    438.58597764831));
#7574 = VECTOR('',#7575,1.);
#7575 = DIRECTION('',(0.998791069994,0.,-4.915687642355E-02));
#7576 = PCURVE('',#5800,#7577);
#7577 = DEFINITIONAL_REPRESENTATION('',(#7578),#7581);
#7578 = B_SPLINE_CURVE_WITH_KNOTS('',1,(#7579,#7580),.UNSPECIFIED.,.F.,
  .F.,(2,2),(-1.069535333891,6.930464666109),.PIECEWISE_BEZIER_KNOTS.);
#7579 = CARTESIAN_POINT('',(23.230755288292,3.006515365789));
#7580 = CARTESIAN_POINT('',(22.837500276903,10.996843925743));
#7581 = ( GEOMETRIC_REPRESENTATION_CONTEXT(2) 
PARAMETRIC_REPRESENTATION_CONTEXT() REPRESENTATION_CONTEXT('2D SPACE',''
  ) );
#7582 = PCURVE('',#5829,#7583);
#7583 = DEFINITIONAL_REPRESENTATION('',(#7584),#7587);
#7584 = B_SPLINE_CURVE_WITH_KNOTS('',1,(#7585,#7586),.UNSPECIFIED.,.F.,
  .F.,(2,2),(-1.069535333891,6.930464666109),.PIECEWISE_BEZIER_KNOTS.);
#7585 = CARTESIAN_POINT('',(4.,-1.500389125112));
#7586 = CARTESIAN_POINT('',(-4.,-1.500389125112));
#7587 = ( GEOMETRIC_REPRESENTATION_CONTEXT(2) 
PARAMETRIC_REPRESENTATION_CONTEXT() REPRESENTATION_CONTEXT('2D SPACE',''
  ) );
#7588 = ORIENTED_EDGE('',*,*,#5841,.F.);
#7589 = ORIENTED_EDGE('',*,*,#7454,.T.);
#7590 = FACE_BOUND('',#7591,.F.);
#7591 = EDGE_LOOP('',(#7592));
#7592 = ORIENTED_EDGE('',*,*,#7593,.F.);
#7593 = EDGE_CURVE('',#7594,#7594,#7596,.T.);
#7594 = VERTEX_POINT('',#7595);
#7595 = CARTESIAN_POINT('',(205.,-63.81700988904,427.15779737626));
#7596 = SURFACE_CURVE('',#7597,(#7602,#7609),.PCURVE_S1.);
#7597 = CIRCLE('',#7598,2.75);
#7598 = AXIS2_PLACEMENT_3D('',#7599,#7600,#7601);
#7599 = CARTESIAN_POINT('',(205.,-63.81700988904,424.40779737626));
#7600 = DIRECTION('',(0.,1.,0.));
#7601 = DIRECTION('',(0.,-0.,1.));
#7602 = PCURVE('',#5800,#7603);
#7603 = DEFINITIONAL_REPRESENTATION('',(#7604),#7608);
#7604 = CIRCLE('',#7605,2.75);
#7605 = AXIS2_PLACEMENT_2D('',#7606,#7607);
#7606 = CARTESIAN_POINT('',(9.,7.));
#7607 = DIRECTION('',(1.,0.));
#7608 = ( GEOMETRIC_REPRESENTATION_CONTEXT(2) 
PARAMETRIC_REPRESENTATION_CONTEXT() REPRESENTATION_CONTEXT('2D SPACE',''
  ) );
#7609 = PCURVE('',#7432,#7610);
#7610 = DEFINITIONAL_REPRESENTATION('',(#7611),#7615);
#7611 = LINE('',#7612,#7613);
#7612 = CARTESIAN_POINT('',(0.,0.));
#7613 = VECTOR('',#7614,1.);
#7614 = DIRECTION('',(1.,0.));
#7615 = ( GEOMETRIC_REPRESENTATION_CONTEXT(2) 
PARAMETRIC_REPRESENTATION_CONTEXT() REPRESENTATION_CONTEXT('2D SPACE',''
  ) );
#7616 = ADVANCED_FACE('',(#7617),#5829,.T.);
#7617 = FACE_BOUND('',#7618,.T.);
#7618 = EDGE_LOOP('',(#7619,#7620));
#7619 = ORIENTED_EDGE('',*,*,#5812,.T.);
#7620 = ORIENTED_EDGE('',*,*,#7570,.T.);
#7621 = ADVANCED_FACE('',(#7622),#6184,.T.);
#7622 = FACE_BOUND('',#7623,.T.);
#7623 = EDGE_LOOP('',(#7624,#7625,#7626));
#7624 = ORIENTED_EDGE('',*,*,#6265,.T.);
#7625 = ORIENTED_EDGE('',*,*,#6165,.T.);
#7626 = ORIENTED_EDGE('',*,*,#7627,.F.);
#7627 = EDGE_CURVE('',#6266,#6168,#7628,.T.);
#7628 = SURFACE_CURVE('',#7629,(#7633,#7639),.PCURVE_S1.);
#7629 = LINE('',#7630,#7631);
#7630 = CARTESIAN_POINT('',(-25.38728652751,65.6,290.04914611005));
#7631 = VECTOR('',#7632,1.);
#7632 = DIRECTION('',(0.970142500145,0.,0.242535625036));
#7633 = PCURVE('',#6184,#7634);
#7634 = DEFINITIONAL_REPRESENTATION('',(#7635),#7638);
#7635 = B_SPLINE_CURVE_WITH_KNOTS('',1,(#7636,#7637),.UNSPECIFIED.,.F.,
  .F.,(2,2),(1.639872188644,13.639872188644),.PIECEWISE_BEZIER_KNOTS.);
#7636 = CARTESIAN_POINT('',(6.,-3.001697200031));
#7637 = CARTESIAN_POINT('',(-6.,-3.001697200031));
#7638 = ( GEOMETRIC_REPRESENTATION_CONTEXT(2) 
PARAMETRIC_REPRESENTATION_CONTEXT() REPRESENTATION_CONTEXT('2D SPACE',''
  ) );
#7639 = PCURVE('',#6309,#7640);
#7640 = DEFINITIONAL_REPRESENTATION('',(#7641),#7644);
#7641 = B_SPLINE_CURVE_WITH_KNOTS('',1,(#7642,#7643),.UNSPECIFIED.,.F.,
  .F.,(2,2),(1.639872188644,13.639872188644),.PIECEWISE_BEZIER_KNOTS.);
#7642 = CARTESIAN_POINT('',(29.446873536309,2.203623177496));
#7643 = CARTESIAN_POINT('',(32.357301036745,13.84533317924));
#7644 = ( GEOMETRIC_REPRESENTATION_CONTEXT(2) 
PARAMETRIC_REPRESENTATION_CONTEXT() REPRESENTATION_CONTEXT('2D SPACE',''
  ) );
#7645 = ADVANCED_FACE('',(#7646,#7779),#6309,.T.);
#7646 = FACE_BOUND('',#7647,.T.);
#7647 = EDGE_LOOP('',(#7648,#7678,#7706,#7734,#7755,#7756,#7757,#7758));
#7648 = ORIENTED_EDGE('',*,*,#7649,.F.);
#7649 = EDGE_CURVE('',#7650,#7652,#7654,.T.);
#7650 = VERTEX_POINT('',#7651);
#7651 = CARTESIAN_POINT('',(-10.,65.6,261.));
#7652 = VERTEX_POINT('',#7653);
#7653 = CARTESIAN_POINT('',(-10.,65.6,295.));
#7654 = SURFACE_CURVE('',#7655,(#7659,#7666),.PCURVE_S1.);
#7655 = LINE('',#7656,#7657);
#7656 = CARTESIAN_POINT('',(-10.,65.6,261.));
#7657 = VECTOR('',#7658,1.);
#7658 = DIRECTION('',(0.,0.,1.));
#7659 = PCURVE('',#6309,#7660);
#7660 = DEFINITIONAL_REPRESENTATION('',(#7661),#7665);
#7661 = LINE('',#7662,#7663);
#7662 = CARTESIAN_POINT('',(0.,16.));
#7663 = VECTOR('',#7664,1.);
#7664 = DIRECTION('',(1.,0.));
#7665 = ( GEOMETRIC_REPRESENTATION_CONTEXT(2) 
PARAMETRIC_REPRESENTATION_CONTEXT() REPRESENTATION_CONTEXT('2D SPACE',''
  ) );
#7666 = PCURVE('',#7667,#7672);
#7667 = PLANE('',#7668);
#7668 = AXIS2_PLACEMENT_3D('',#7669,#7670,#7671);
#7669 = CARTESIAN_POINT('',(-10.,62.6,261.));
#7670 = DIRECTION('',(1.,0.,-0.));
#7671 = DIRECTION('',(0.,0.,1.));
#7672 = DEFINITIONAL_REPRESENTATION('',(#7673),#7677);
#7673 = LINE('',#7674,#7675);
#7674 = CARTESIAN_POINT('',(0.,-3.));
#7675 = VECTOR('',#7676,1.);
#7676 = DIRECTION('',(1.,0.));
#7677 = ( GEOMETRIC_REPRESENTATION_CONTEXT(2) 
PARAMETRIC_REPRESENTATION_CONTEXT() REPRESENTATION_CONTEXT('2D SPACE',''
  ) );
#7678 = ORIENTED_EDGE('',*,*,#7679,.F.);
#7679 = EDGE_CURVE('',#7680,#7650,#7682,.T.);
#7680 = VERTEX_POINT('',#7681);
#7681 = CARTESIAN_POINT('',(-26.,65.6,261.));
#7682 = SURFACE_CURVE('',#7683,(#7687,#7694),.PCURVE_S1.);
#7683 = LINE('',#7684,#7685);
#7684 = CARTESIAN_POINT('',(-26.,65.6,261.));
#7685 = VECTOR('',#7686,1.);
#7686 = DIRECTION('',(1.,0.,-0.));
#7687 = PCURVE('',#6309,#7688);
#7688 = DEFINITIONAL_REPRESENTATION('',(#7689),#7693);
#7689 = LINE('',#7690,#7691);
#7690 = CARTESIAN_POINT('',(0.,0.));
#7691 = VECTOR('',#7692,1.);
#7692 = DIRECTION('',(0.,1.));
#7693 = ( GEOMETRIC_REPRESENTATION_CONTEXT(2) 
PARAMETRIC_REPRESENTATION_CONTEXT() REPRESENTATION_CONTEXT('2D SPACE',''
  ) );
#7694 = PCURVE('',#7695,#7700);
#7695 = PLANE('',#7696);
#7696 = AXIS2_PLACEMENT_3D('',#7697,#7698,#7699);
#7697 = CARTESIAN_POINT('',(-26.,62.6,261.));
#7698 = DIRECTION('',(0.,0.,1.));
#7699 = DIRECTION('',(1.,0.,-0.));
#7700 = DEFINITIONAL_REPRESENTATION('',(#7701),#7705);
#7701 = LINE('',#7702,#7703);
#7702 = CARTESIAN_POINT('',(0.,3.));
#7703 = VECTOR('',#7704,1.);
#7704 = DIRECTION('',(1.,0.));
#7705 = ( GEOMETRIC_REPRESENTATION_CONTEXT(2) 
PARAMETRIC_REPRESENTATION_CONTEXT() REPRESENTATION_CONTEXT('2D SPACE',''
  ) );
#7706 = ORIENTED_EDGE('',*,*,#7707,.T.);
#7707 = EDGE_CURVE('',#7680,#7708,#7710,.T.);
#7708 = VERTEX_POINT('',#7709);
#7709 = CARTESIAN_POINT('',(-26.,65.6,295.));
#7710 = SURFACE_CURVE('',#7711,(#7715,#7722),.PCURVE_S1.);
#7711 = LINE('',#7712,#7713);
#7712 = CARTESIAN_POINT('',(-26.,65.6,261.));
#7713 = VECTOR('',#7714,1.);
#7714 = DIRECTION('',(0.,0.,1.));
#7715 = PCURVE('',#6309,#7716);
#7716 = DEFINITIONAL_REPRESENTATION('',(#7717),#7721);
#7717 = LINE('',#7718,#7719);
#7718 = CARTESIAN_POINT('',(0.,0.));
#7719 = VECTOR('',#7720,1.);
#7720 = DIRECTION('',(1.,0.));
#7721 = ( GEOMETRIC_REPRESENTATION_CONTEXT(2) 
PARAMETRIC_REPRESENTATION_CONTEXT() REPRESENTATION_CONTEXT('2D SPACE',''
  ) );
#7722 = PCURVE('',#7723,#7728);
#7723 = PLANE('',#7724);
#7724 = AXIS2_PLACEMENT_3D('',#7725,#7726,#7727);
#7725 = CARTESIAN_POINT('',(-26.,62.6,261.));
#7726 = DIRECTION('',(1.,0.,-0.));
#7727 = DIRECTION('',(0.,0.,1.));
#7728 = DEFINITIONAL_REPRESENTATION('',(#7729),#7733);
#7729 = LINE('',#7730,#7731);
#7730 = CARTESIAN_POINT('',(0.,-3.));
#7731 = VECTOR('',#7732,1.);
#7732 = DIRECTION('',(1.,0.));
#7733 = ( GEOMETRIC_REPRESENTATION_CONTEXT(2) 
PARAMETRIC_REPRESENTATION_CONTEXT() REPRESENTATION_CONTEXT('2D SPACE',''
  ) );
#7734 = ORIENTED_EDGE('',*,*,#7735,.T.);
#7735 = EDGE_CURVE('',#7708,#6290,#7736,.T.);
#7736 = SURFACE_CURVE('',#7737,(#7741,#7748),.PCURVE_S1.);
#7737 = LINE('',#7738,#7739);
#7738 = CARTESIAN_POINT('',(-26.,65.6,295.));
#7739 = VECTOR('',#7740,1.);
#7740 = DIRECTION('',(1.,0.,-0.));
#7741 = PCURVE('',#6309,#7742);
#7742 = DEFINITIONAL_REPRESENTATION('',(#7743),#7747);
#7743 = LINE('',#7744,#7745);
#7744 = CARTESIAN_POINT('',(34.,0.));
#7745 = VECTOR('',#7746,1.);
#7746 = DIRECTION('',(0.,1.));
#7747 = ( GEOMETRIC_REPRESENTATION_CONTEXT(2) 
PARAMETRIC_REPRESENTATION_CONTEXT() REPRESENTATION_CONTEXT('2D SPACE',''
  ) );
#7748 = PCURVE('',#6349,#7749);
#7749 = DEFINITIONAL_REPRESENTATION('',(#7750),#7754);
#7750 = LINE('',#7751,#7752);
#7751 = CARTESIAN_POINT('',(0.,3.));
#7752 = VECTOR('',#7753,1.);
#7753 = DIRECTION('',(1.,0.));
#7754 = ( GEOMETRIC_REPRESENTATION_CONTEXT(2) 
PARAMETRIC_REPRESENTATION_CONTEXT() REPRESENTATION_CONTEXT('2D SPACE',''
  ) );
#7755 = ORIENTED_EDGE('',*,*,#6289,.F.);
#7756 = ORIENTED_EDGE('',*,*,#7627,.T.);
#7757 = ORIENTED_EDGE('',*,*,#6434,.F.);
#7758 = ORIENTED_EDGE('',*,*,#7759,.T.);
#7759 = EDGE_CURVE('',#6395,#7652,#7760,.T.);
#7760 = SURFACE_CURVE('',#7761,(#7765,#7772),.PCURVE_S1.);
#7761 = LINE('',#7762,#7763);
#7762 = CARTESIAN_POINT('',(-26.,65.6,295.));
#7763 = VECTOR('',#7764,1.);
#7764 = DIRECTION('',(1.,0.,-0.));
#7765 = PCURVE('',#6309,#7766);
#7766 = DEFINITIONAL_REPRESENTATION('',(#7767),#7771);
#7767 = LINE('',#7768,#7769);
#7768 = CARTESIAN_POINT('',(34.,0.));
#7769 = VECTOR('',#7770,1.);
#7770 = DIRECTION('',(0.,1.));
#7771 = ( GEOMETRIC_REPRESENTATION_CONTEXT(2) 
PARAMETRIC_REPRESENTATION_CONTEXT() REPRESENTATION_CONTEXT('2D SPACE',''
  ) );
#7772 = PCURVE('',#6422,#7773);
#7773 = DEFINITIONAL_REPRESENTATION('',(#7774),#7778);
#7774 = LINE('',#7775,#7776);
#7775 = CARTESIAN_POINT('',(0.,3.));
#7776 = VECTOR('',#7777,1.);
#7777 = DIRECTION('',(1.,0.));
#7778 = ( GEOMETRIC_REPRESENTATION_CONTEXT(2) 
PARAMETRIC_REPRESENTATION_CONTEXT() REPRESENTATION_CONTEXT('2D SPACE',''
  ) );
#7779 = FACE_BOUND('',#7780,.T.);
#7780 = EDGE_LOOP('',(#7781));
#7781 = ORIENTED_EDGE('',*,*,#7782,.F.);
#7782 = EDGE_CURVE('',#7783,#7783,#7785,.T.);
#7783 = VERTEX_POINT('',#7784);
#7784 = CARTESIAN_POINT('',(-18.,65.6,272.75));
#7785 = SURFACE_CURVE('',#7786,(#7791,#7798),.PCURVE_S1.);
#7786 = CIRCLE('',#7787,2.75);
#7787 = AXIS2_PLACEMENT_3D('',#7788,#7789,#7790);
#7788 = CARTESIAN_POINT('',(-18.,65.6,270.));
#7789 = DIRECTION('',(0.,1.,0.));
#7790 = DIRECTION('',(0.,-0.,1.));
#7791 = PCURVE('',#6309,#7792);
#7792 = DEFINITIONAL_REPRESENTATION('',(#7793),#7797);
#7793 = CIRCLE('',#7794,2.75);
#7794 = AXIS2_PLACEMENT_2D('',#7795,#7796);
#7795 = CARTESIAN_POINT('',(9.,8.));
#7796 = DIRECTION('',(1.,0.));
#7797 = ( GEOMETRIC_REPRESENTATION_CONTEXT(2) 
PARAMETRIC_REPRESENTATION_CONTEXT() REPRESENTATION_CONTEXT('2D SPACE',''
  ) );
#7798 = PCURVE('',#7799,#7804);
#7799 = CYLINDRICAL_SURFACE('',#7800,2.75);
#7800 = AXIS2_PLACEMENT_3D('',#7801,#7802,#7803);
#7801 = CARTESIAN_POINT('',(-18.,61.1,270.));
#7802 = DIRECTION('',(0.,1.,0.));
#7803 = DIRECTION('',(0.,-0.,1.));
#7804 = DEFINITIONAL_REPRESENTATION('',(#7805),#7809);
#7805 = LINE('',#7806,#7807);
#7806 = CARTESIAN_POINT('',(0.,4.5));
#7807 = VECTOR('',#7808,1.);
#7808 = DIRECTION('',(1.,0.));
#7809 = ( GEOMETRIC_REPRESENTATION_CONTEXT(2) 
PARAMETRIC_REPRESENTATION_CONTEXT() REPRESENTATION_CONTEXT('2D SPACE',''
  ) );
#7810 = ADVANCED_FACE('',(#7811),#6422,.T.);
#7811 = FACE_BOUND('',#7812,.T.);
#7812 = EDGE_LOOP('',(#7813,#7814,#7815,#7838));
#7813 = ORIENTED_EDGE('',*,*,#7759,.F.);
#7814 = ORIENTED_EDGE('',*,*,#6394,.F.);
#7815 = ORIENTED_EDGE('',*,*,#7816,.T.);
#7816 = EDGE_CURVE('',#6362,#7817,#7819,.T.);
#7817 = VERTEX_POINT('',#7818);
#7818 = CARTESIAN_POINT('',(-10.,62.6,295.));
#7819 = SURFACE_CURVE('',#7820,(#7824,#7831),.PCURVE_S1.);
#7820 = LINE('',#7821,#7822);
#7821 = CARTESIAN_POINT('',(-26.,62.6,295.));
#7822 = VECTOR('',#7823,1.);
#7823 = DIRECTION('',(1.,0.,-0.));
#7824 = PCURVE('',#6422,#7825);
#7825 = DEFINITIONAL_REPRESENTATION('',(#7826),#7830);
#7826 = LINE('',#7827,#7828);
#7827 = CARTESIAN_POINT('',(0.,0.));
#7828 = VECTOR('',#7829,1.);
#7829 = DIRECTION('',(1.,0.));
#7830 = ( GEOMETRIC_REPRESENTATION_CONTEXT(2) 
PARAMETRIC_REPRESENTATION_CONTEXT() REPRESENTATION_CONTEXT('2D SPACE',''
  ) );
#7831 = PCURVE('',#6382,#7832);
#7832 = DEFINITIONAL_REPRESENTATION('',(#7833),#7837);
#7833 = LINE('',#7834,#7835);
#7834 = CARTESIAN_POINT('',(34.,0.));
#7835 = VECTOR('',#7836,1.);
#7836 = DIRECTION('',(0.,1.));
#7837 = ( GEOMETRIC_REPRESENTATION_CONTEXT(2) 
PARAMETRIC_REPRESENTATION_CONTEXT() REPRESENTATION_CONTEXT('2D SPACE',''
  ) );
#7838 = ORIENTED_EDGE('',*,*,#7839,.T.);
#7839 = EDGE_CURVE('',#7817,#7652,#7840,.T.);
#7840 = SURFACE_CURVE('',#7841,(#7845,#7852),.PCURVE_S1.);
#7841 = LINE('',#7842,#7843);
#7842 = CARTESIAN_POINT('',(-10.,62.6,295.));
#7843 = VECTOR('',#7844,1.);
#7844 = DIRECTION('',(-0.,1.,0.));
#7845 = PCURVE('',#6422,#7846);
#7846 = DEFINITIONAL_REPRESENTATION('',(#7847),#7851);
#7847 = LINE('',#7848,#7849);
#7848 = CARTESIAN_POINT('',(16.,0.));
#7849 = VECTOR('',#7850,1.);
#7850 = DIRECTION('',(0.,1.));
#7851 = ( GEOMETRIC_REPRESENTATION_CONTEXT(2) 
PARAMETRIC_REPRESENTATION_CONTEXT() REPRESENTATION_CONTEXT('2D SPACE',''
  ) );
#7852 = PCURVE('',#7667,#7853);
#7853 = DEFINITIONAL_REPRESENTATION('',(#7854),#7858);
#7854 = LINE('',#7855,#7856);
#7855 = CARTESIAN_POINT('',(34.,0.));
#7856 = VECTOR('',#7857,1.);
#7857 = DIRECTION('',(0.,-1.));
#7858 = ( GEOMETRIC_REPRESENTATION_CONTEXT(2) 
PARAMETRIC_REPRESENTATION_CONTEXT() REPRESENTATION_CONTEXT('2D SPACE',''
  ) );
#7859 = ADVANCED_FACE('',(#7860,#7954),#6382,.F.);
#7860 = FACE_BOUND('',#7861,.F.);
#7861 = EDGE_LOOP('',(#7862,#7885,#7908,#7931,#7952,#7953));
#7862 = ORIENTED_EDGE('',*,*,#7863,.F.);
#7863 = EDGE_CURVE('',#7864,#7817,#7866,.T.);
#7864 = VERTEX_POINT('',#7865);
#7865 = CARTESIAN_POINT('',(-10.,62.6,261.));
#7866 = SURFACE_CURVE('',#7867,(#7871,#7878),.PCURVE_S1.);
#7867 = LINE('',#7868,#7869);
#7868 = CARTESIAN_POINT('',(-10.,62.6,261.));
#7869 = VECTOR('',#7870,1.);
#7870 = DIRECTION('',(0.,0.,1.));
#7871 = PCURVE('',#6382,#7872);
#7872 = DEFINITIONAL_REPRESENTATION('',(#7873),#7877);
#7873 = LINE('',#7874,#7875);
#7874 = CARTESIAN_POINT('',(0.,16.));
#7875 = VECTOR('',#7876,1.);
#7876 = DIRECTION('',(1.,0.));
#7877 = ( GEOMETRIC_REPRESENTATION_CONTEXT(2) 
PARAMETRIC_REPRESENTATION_CONTEXT() REPRESENTATION_CONTEXT('2D SPACE',''
  ) );
#7878 = PCURVE('',#7667,#7879);
#7879 = DEFINITIONAL_REPRESENTATION('',(#7880),#7884);
#7880 = LINE('',#7881,#7882);
#7881 = CARTESIAN_POINT('',(0.,0.));
#7882 = VECTOR('',#7883,1.);
#7883 = DIRECTION('',(1.,0.));
#7884 = ( GEOMETRIC_REPRESENTATION_CONTEXT(2) 
PARAMETRIC_REPRESENTATION_CONTEXT() REPRESENTATION_CONTEXT('2D SPACE',''
  ) );
#7885 = ORIENTED_EDGE('',*,*,#7886,.F.);
#7886 = EDGE_CURVE('',#7887,#7864,#7889,.T.);
#7887 = VERTEX_POINT('',#7888);
#7888 = CARTESIAN_POINT('',(-26.,62.6,261.));
#7889 = SURFACE_CURVE('',#7890,(#7894,#7901),.PCURVE_S1.);
#7890 = LINE('',#7891,#7892);
#7891 = CARTESIAN_POINT('',(-26.,62.6,261.));
#7892 = VECTOR('',#7893,1.);
#7893 = DIRECTION('',(1.,0.,-0.));
#7894 = PCURVE('',#6382,#7895);
#7895 = DEFINITIONAL_REPRESENTATION('',(#7896),#7900);
#7896 = LINE('',#7897,#7898);
#7897 = CARTESIAN_POINT('',(0.,0.));
#7898 = VECTOR('',#7899,1.);
#7899 = DIRECTION('',(0.,1.));
#7900 = ( GEOMETRIC_REPRESENTATION_CONTEXT(2) 
PARAMETRIC_REPRESENTATION_CONTEXT() REPRESENTATION_CONTEXT('2D SPACE',''
  ) );
#7901 = PCURVE('',#7695,#7902);
#7902 = DEFINITIONAL_REPRESENTATION('',(#7903),#7907);
#7903 = LINE('',#7904,#7905);
#7904 = CARTESIAN_POINT('',(0.,0.));
#7905 = VECTOR('',#7906,1.);
#7906 = DIRECTION('',(1.,0.));
#7907 = ( GEOMETRIC_REPRESENTATION_CONTEXT(2) 
PARAMETRIC_REPRESENTATION_CONTEXT() REPRESENTATION_CONTEXT('2D SPACE',''
  ) );
#7908 = ORIENTED_EDGE('',*,*,#7909,.T.);
#7909 = EDGE_CURVE('',#7887,#7910,#7912,.T.);
#7910 = VERTEX_POINT('',#7911);
#7911 = CARTESIAN_POINT('',(-26.,62.6,295.));
#7912 = SURFACE_CURVE('',#7913,(#7917,#7924),.PCURVE_S1.);
#7913 = LINE('',#7914,#7915);
#7914 = CARTESIAN_POINT('',(-26.,62.6,261.));
#7915 = VECTOR('',#7916,1.);
#7916 = DIRECTION('',(0.,0.,1.));
#7917 = PCURVE('',#6382,#7918);
#7918 = DEFINITIONAL_REPRESENTATION('',(#7919),#7923);
#7919 = LINE('',#7920,#7921);
#7920 = CARTESIAN_POINT('',(0.,0.));
#7921 = VECTOR('',#7922,1.);
#7922 = DIRECTION('',(1.,0.));
#7923 = ( GEOMETRIC_REPRESENTATION_CONTEXT(2) 
PARAMETRIC_REPRESENTATION_CONTEXT() REPRESENTATION_CONTEXT('2D SPACE',''
  ) );
#7924 = PCURVE('',#7723,#7925);
#7925 = DEFINITIONAL_REPRESENTATION('',(#7926),#7930);
#7926 = LINE('',#7927,#7928);
#7927 = CARTESIAN_POINT('',(0.,0.));
#7928 = VECTOR('',#7929,1.);
#7929 = DIRECTION('',(1.,0.));
#7930 = ( GEOMETRIC_REPRESENTATION_CONTEXT(2) 
PARAMETRIC_REPRESENTATION_CONTEXT() REPRESENTATION_CONTEXT('2D SPACE',''
  ) );
#7931 = ORIENTED_EDGE('',*,*,#7932,.T.);
#7932 = EDGE_CURVE('',#7910,#6322,#7933,.T.);
#7933 = SURFACE_CURVE('',#7934,(#7938,#7945),.PCURVE_S1.);
#7934 = LINE('',#7935,#7936);
#7935 = CARTESIAN_POINT('',(-26.,62.6,295.));
#7936 = VECTOR('',#7937,1.);
#7937 = DIRECTION('',(1.,0.,-0.));
#7938 = PCURVE('',#6382,#7939);
#7939 = DEFINITIONAL_REPRESENTATION('',(#7940),#7944);
#7940 = LINE('',#7941,#7942);
#7941 = CARTESIAN_POINT('',(34.,0.));
#7942 = VECTOR('',#7943,1.);
#7943 = DIRECTION('',(0.,1.));
#7944 = ( GEOMETRIC_REPRESENTATION_CONTEXT(2) 
PARAMETRIC_REPRESENTATION_CONTEXT() REPRESENTATION_CONTEXT('2D SPACE',''
  ) );
#7945 = PCURVE('',#6349,#7946);
#7946 = DEFINITIONAL_REPRESENTATION('',(#7947),#7951);
#7947 = LINE('',#7948,#7949);
#7948 = CARTESIAN_POINT('',(0.,0.));
#7949 = VECTOR('',#7950,1.);
#7950 = DIRECTION('',(1.,0.));
#7951 = ( GEOMETRIC_REPRESENTATION_CONTEXT(2) 
PARAMETRIC_REPRESENTATION_CONTEXT() REPRESENTATION_CONTEXT('2D SPACE',''
  ) );
#7952 = ORIENTED_EDGE('',*,*,#6361,.F.);
#7953 = ORIENTED_EDGE('',*,*,#7816,.T.);
#7954 = FACE_BOUND('',#7955,.F.);
#7955 = EDGE_LOOP('',(#7956));
#7956 = ORIENTED_EDGE('',*,*,#7957,.F.);
#7957 = EDGE_CURVE('',#7958,#7958,#7960,.T.);
#7958 = VERTEX_POINT('',#7959);
#7959 = CARTESIAN_POINT('',(-18.,62.6,272.75));
#7960 = SURFACE_CURVE('',#7961,(#7966,#7973),.PCURVE_S1.);
#7961 = CIRCLE('',#7962,2.75);
#7962 = AXIS2_PLACEMENT_3D('',#7963,#7964,#7965);
#7963 = CARTESIAN_POINT('',(-18.,62.6,270.));
#7964 = DIRECTION('',(0.,1.,0.));
#7965 = DIRECTION('',(0.,-0.,1.));
#7966 = PCURVE('',#6382,#7967);
#7967 = DEFINITIONAL_REPRESENTATION('',(#7968),#7972);
#7968 = CIRCLE('',#7969,2.75);
#7969 = AXIS2_PLACEMENT_2D('',#7970,#7971);
#7970 = CARTESIAN_POINT('',(9.,8.));
#7971 = DIRECTION('',(1.,0.));
#7972 = ( GEOMETRIC_REPRESENTATION_CONTEXT(2) 
PARAMETRIC_REPRESENTATION_CONTEXT() REPRESENTATION_CONTEXT('2D SPACE',''
  ) );
#7973 = PCURVE('',#7799,#7974);
#7974 = DEFINITIONAL_REPRESENTATION('',(#7975),#7979);
#7975 = LINE('',#7976,#7977);
#7976 = CARTESIAN_POINT('',(0.,1.5));
#7977 = VECTOR('',#7978,1.);
#7978 = DIRECTION('',(1.,0.));
#7979 = ( GEOMETRIC_REPRESENTATION_CONTEXT(2) 
PARAMETRIC_REPRESENTATION_CONTEXT() REPRESENTATION_CONTEXT('2D SPACE',''
  ) );
#7980 = ADVANCED_FACE('',(#7981),#6349,.T.);
#7981 = FACE_BOUND('',#7982,.T.);
#7982 = EDGE_LOOP('',(#7983,#7984,#8005,#8006));
#7983 = ORIENTED_EDGE('',*,*,#7735,.F.);
#7984 = ORIENTED_EDGE('',*,*,#7985,.F.);
#7985 = EDGE_CURVE('',#7910,#7708,#7986,.T.);
#7986 = SURFACE_CURVE('',#7987,(#7991,#7998),.PCURVE_S1.);
#7987 = LINE('',#7988,#7989);
#7988 = CARTESIAN_POINT('',(-26.,62.6,295.));
#7989 = VECTOR('',#7990,1.);
#7990 = DIRECTION('',(-0.,1.,0.));
#7991 = PCURVE('',#6349,#7992);
#7992 = DEFINITIONAL_REPRESENTATION('',(#7993),#7997);
#7993 = LINE('',#7994,#7995);
#7994 = CARTESIAN_POINT('',(0.,0.));
#7995 = VECTOR('',#7996,1.);
#7996 = DIRECTION('',(0.,1.));
#7997 = ( GEOMETRIC_REPRESENTATION_CONTEXT(2) 
PARAMETRIC_REPRESENTATION_CONTEXT() REPRESENTATION_CONTEXT('2D SPACE',''
  ) );
#7998 = PCURVE('',#7723,#7999);
#7999 = DEFINITIONAL_REPRESENTATION('',(#8000),#8004);
#8000 = LINE('',#8001,#8002);
#8001 = CARTESIAN_POINT('',(34.,0.));
#8002 = VECTOR('',#8003,1.);
#8003 = DIRECTION('',(0.,-1.));
#8004 = ( GEOMETRIC_REPRESENTATION_CONTEXT(2) 
PARAMETRIC_REPRESENTATION_CONTEXT() REPRESENTATION_CONTEXT('2D SPACE',''
  ) );
#8005 = ORIENTED_EDGE('',*,*,#7932,.T.);
#8006 = ORIENTED_EDGE('',*,*,#6321,.F.);
#8007 = ADVANCED_FACE('',(#8008),#6512,.T.);
#8008 = FACE_BOUND('',#8009,.T.);
#8009 = EDGE_LOOP('',(#8010,#8033,#8061,#8082,#8083));
#8010 = ORIENTED_EDGE('',*,*,#8011,.F.);
#8011 = EDGE_CURVE('',#8012,#6707,#8014,.T.);
#8012 = VERTEX_POINT('',#8013);
#8013 = CARTESIAN_POINT('',(198.,63.817009889044,441.40779737626));
#8014 = SURFACE_CURVE('',#8015,(#8019,#8026),.PCURVE_S1.);
#8015 = LINE('',#8016,#8017);
#8016 = CARTESIAN_POINT('',(198.,63.817009889044,441.40779737626));
#8017 = VECTOR('',#8018,1.);
#8018 = DIRECTION('',(1.,0.,-0.));
#8019 = PCURVE('',#6512,#8020);
#8020 = DEFINITIONAL_REPRESENTATION('',(#8021),#8025);
#8021 = LINE('',#8022,#8023);
#8022 = CARTESIAN_POINT('',(0.,3.));
#8023 = VECTOR('',#8024,1.);
#8024 = DIRECTION('',(1.,0.));
#8025 = ( GEOMETRIC_REPRESENTATION_CONTEXT(2) 
PARAMETRIC_REPRESENTATION_CONTEXT() REPRESENTATION_CONTEXT('2D SPACE',''
  ) );
#8026 = PCURVE('',#6665,#8027);
#8027 = DEFINITIONAL_REPRESENTATION('',(#8028),#8032);
#8028 = LINE('',#8029,#8030);
#8029 = CARTESIAN_POINT('',(26.,0.));
#8030 = VECTOR('',#8031,1.);
#8031 = DIRECTION('',(0.,1.));
#8032 = ( GEOMETRIC_REPRESENTATION_CONTEXT(2) 
PARAMETRIC_REPRESENTATION_CONTEXT() REPRESENTATION_CONTEXT('2D SPACE',''
  ) );
#8033 = ORIENTED_EDGE('',*,*,#8034,.F.);
#8034 = EDGE_CURVE('',#8035,#8012,#8037,.T.);
#8035 = VERTEX_POINT('',#8036);
#8036 = CARTESIAN_POINT('',(198.,60.817009889044,441.40779737626));
#8037 = SURFACE_CURVE('',#8038,(#8042,#8049),.PCURVE_S1.);
#8038 = LINE('',#8039,#8040);
#8039 = CARTESIAN_POINT('',(198.,60.817009889044,441.40779737626));
#8040 = VECTOR('',#8041,1.);
#8041 = DIRECTION('',(-0.,1.,0.));
#8042 = PCURVE('',#6512,#8043);
#8043 = DEFINITIONAL_REPRESENTATION('',(#8044),#8048);
#8044 = LINE('',#8045,#8046);
#8045 = CARTESIAN_POINT('',(0.,0.));
#8046 = VECTOR('',#8047,1.);
#8047 = DIRECTION('',(0.,1.));
#8048 = ( GEOMETRIC_REPRESENTATION_CONTEXT(2) 
PARAMETRIC_REPRESENTATION_CONTEXT() REPRESENTATION_CONTEXT('2D SPACE',''
  ) );
#8049 = PCURVE('',#8050,#8055);
#8050 = PLANE('',#8051);
#8051 = AXIS2_PLACEMENT_3D('',#8052,#8053,#8054);
#8052 = CARTESIAN_POINT('',(198.,60.817009889044,415.40779737626));
#8053 = DIRECTION('',(1.,0.,-0.));
#8054 = DIRECTION('',(0.,0.,1.));
#8055 = DEFINITIONAL_REPRESENTATION('',(#8056),#8060);
#8056 = LINE('',#8057,#8058);
#8057 = CARTESIAN_POINT('',(26.,0.));
#8058 = VECTOR('',#8059,1.);
#8059 = DIRECTION('',(0.,-1.));
#8060 = ( GEOMETRIC_REPRESENTATION_CONTEXT(2) 
PARAMETRIC_REPRESENTATION_CONTEXT() REPRESENTATION_CONTEXT('2D SPACE',''
  ) );
#8061 = ORIENTED_EDGE('',*,*,#8062,.T.);
#8062 = EDGE_CURVE('',#8035,#6493,#8063,.T.);
#8063 = SURFACE_CURVE('',#8064,(#8068,#8075),.PCURVE_S1.);
#8064 = LINE('',#8065,#8066);
#8065 = CARTESIAN_POINT('',(198.,60.817009889044,441.40779737626));
#8066 = VECTOR('',#8067,1.);
#8067 = DIRECTION('',(1.,0.,-0.));
#8068 = PCURVE('',#6512,#8069);
#8069 = DEFINITIONAL_REPRESENTATION('',(#8070),#8074);
#8070 = LINE('',#8071,#8072);
#8071 = CARTESIAN_POINT('',(0.,0.));
#8072 = VECTOR('',#8073,1.);
#8073 = DIRECTION('',(1.,0.));
#8074 = ( GEOMETRIC_REPRESENTATION_CONTEXT(2) 
PARAMETRIC_REPRESENTATION_CONTEXT() REPRESENTATION_CONTEXT('2D SPACE',''
  ) );
#8075 = PCURVE('',#6544,#8076);
#8076 = DEFINITIONAL_REPRESENTATION('',(#8077),#8081);
#8077 = LINE('',#8078,#8079);
#8078 = CARTESIAN_POINT('',(26.,0.));
#8079 = VECTOR('',#8080,1.);
#8080 = DIRECTION('',(0.,1.));
#8081 = ( GEOMETRIC_REPRESENTATION_CONTEXT(2) 
PARAMETRIC_REPRESENTATION_CONTEXT() REPRESENTATION_CONTEXT('2D SPACE',''
  ) );
#8082 = ORIENTED_EDGE('',*,*,#6492,.F.);
#8083 = ORIENTED_EDGE('',*,*,#6733,.F.);
#8084 = ADVANCED_FACE('',(#8085,#8209),#6665,.T.);
#8085 = FACE_BOUND('',#8086,.T.);
#8086 = EDGE_LOOP('',(#8087,#8117,#8145,#8166,#8167,#8168,#8187,#8188));
#8087 = ORIENTED_EDGE('',*,*,#8088,.F.);
#8088 = EDGE_CURVE('',#8089,#8091,#8093,.T.);
#8089 = VERTEX_POINT('',#8090);
#8090 = CARTESIAN_POINT('',(212.,63.817009889044,415.40779737626));
#8091 = VERTEX_POINT('',#8092);
#8092 = CARTESIAN_POINT('',(212.,63.817009889044,441.40779737626));
#8093 = SURFACE_CURVE('',#8094,(#8098,#8105),.PCURVE_S1.);
#8094 = LINE('',#8095,#8096);
#8095 = CARTESIAN_POINT('',(212.,63.817009889044,415.40779737626));
#8096 = VECTOR('',#8097,1.);
#8097 = DIRECTION('',(0.,0.,1.));
#8098 = PCURVE('',#6665,#8099);
#8099 = DEFINITIONAL_REPRESENTATION('',(#8100),#8104);
#8100 = LINE('',#8101,#8102);
#8101 = CARTESIAN_POINT('',(0.,14.));
#8102 = VECTOR('',#8103,1.);
#8103 = DIRECTION('',(1.,0.));
#8104 = ( GEOMETRIC_REPRESENTATION_CONTEXT(2) 
PARAMETRIC_REPRESENTATION_CONTEXT() REPRESENTATION_CONTEXT('2D SPACE',''
  ) );
#8105 = PCURVE('',#8106,#8111);
#8106 = PLANE('',#8107);
#8107 = AXIS2_PLACEMENT_3D('',#8108,#8109,#8110);
#8108 = CARTESIAN_POINT('',(212.,60.817009889044,415.40779737626));
#8109 = DIRECTION('',(1.,0.,-0.));
#8110 = DIRECTION('',(0.,0.,1.));
#8111 = DEFINITIONAL_REPRESENTATION('',(#8112),#8116);
#8112 = LINE('',#8113,#8114);
#8113 = CARTESIAN_POINT('',(0.,-3.));
#8114 = VECTOR('',#8115,1.);
#8115 = DIRECTION('',(1.,0.));
#8116 = ( GEOMETRIC_REPRESENTATION_CONTEXT(2) 
PARAMETRIC_REPRESENTATION_CONTEXT() REPRESENTATION_CONTEXT('2D SPACE',''
  ) );
#8117 = ORIENTED_EDGE('',*,*,#8118,.F.);
#8118 = EDGE_CURVE('',#8119,#8089,#8121,.T.);
#8119 = VERTEX_POINT('',#8120);
#8120 = CARTESIAN_POINT('',(198.,63.817009889044,415.40779737626));
#8121 = SURFACE_CURVE('',#8122,(#8126,#8133),.PCURVE_S1.);
#8122 = LINE('',#8123,#8124);
#8123 = CARTESIAN_POINT('',(198.,63.817009889044,415.40779737626));
#8124 = VECTOR('',#8125,1.);
#8125 = DIRECTION('',(1.,0.,-0.));
#8126 = PCURVE('',#6665,#8127);
#8127 = DEFINITIONAL_REPRESENTATION('',(#8128),#8132);
#8128 = LINE('',#8129,#8130);
#8129 = CARTESIAN_POINT('',(0.,0.));
#8130 = VECTOR('',#8131,1.);
#8131 = DIRECTION('',(0.,1.));
#8132 = ( GEOMETRIC_REPRESENTATION_CONTEXT(2) 
PARAMETRIC_REPRESENTATION_CONTEXT() REPRESENTATION_CONTEXT('2D SPACE',''
  ) );
#8133 = PCURVE('',#8134,#8139);
#8134 = PLANE('',#8135);
#8135 = AXIS2_PLACEMENT_3D('',#8136,#8137,#8138);
#8136 = CARTESIAN_POINT('',(198.,60.817009889044,415.40779737626));
#8137 = DIRECTION('',(0.,0.,1.));
#8138 = DIRECTION('',(1.,0.,-0.));
#8139 = DEFINITIONAL_REPRESENTATION('',(#8140),#8144);
#8140 = LINE('',#8141,#8142);
#8141 = CARTESIAN_POINT('',(0.,3.));
#8142 = VECTOR('',#8143,1.);
#8143 = DIRECTION('',(1.,0.));
#8144 = ( GEOMETRIC_REPRESENTATION_CONTEXT(2) 
PARAMETRIC_REPRESENTATION_CONTEXT() REPRESENTATION_CONTEXT('2D SPACE',''
  ) );
#8145 = ORIENTED_EDGE('',*,*,#8146,.T.);
#8146 = EDGE_CURVE('',#8119,#8012,#8147,.T.);
#8147 = SURFACE_CURVE('',#8148,(#8152,#8159),.PCURVE_S1.);
#8148 = LINE('',#8149,#8150);
#8149 = CARTESIAN_POINT('',(198.,63.817009889044,415.40779737626));
#8150 = VECTOR('',#8151,1.);
#8151 = DIRECTION('',(0.,0.,1.));
#8152 = PCURVE('',#6665,#8153);
#8153 = DEFINITIONAL_REPRESENTATION('',(#8154),#8158);
#8154 = LINE('',#8155,#8156);
#8155 = CARTESIAN_POINT('',(0.,0.));
#8156 = VECTOR('',#8157,1.);
#8157 = DIRECTION('',(1.,0.));
#8158 = ( GEOMETRIC_REPRESENTATION_CONTEXT(2) 
PARAMETRIC_REPRESENTATION_CONTEXT() REPRESENTATION_CONTEXT('2D SPACE',''
  ) );
#8159 = PCURVE('',#8050,#8160);
#8160 = DEFINITIONAL_REPRESENTATION('',(#8161),#8165);
#8161 = LINE('',#8162,#8163);
#8162 = CARTESIAN_POINT('',(0.,-3.));
#8163 = VECTOR('',#8164,1.);
#8164 = DIRECTION('',(1.,0.));
#8165 = ( GEOMETRIC_REPRESENTATION_CONTEXT(2) 
PARAMETRIC_REPRESENTATION_CONTEXT() REPRESENTATION_CONTEXT('2D SPACE',''
  ) );
#8166 = ORIENTED_EDGE('',*,*,#8011,.T.);
#8167 = ORIENTED_EDGE('',*,*,#6706,.F.);
#8168 = ORIENTED_EDGE('',*,*,#8169,.T.);
#8169 = EDGE_CURVE('',#6678,#6646,#8170,.T.);
#8170 = SURFACE_CURVE('',#8171,(#8175,#8181),.PCURVE_S1.);
#8171 = LINE('',#8172,#8173);
#8172 = CARTESIAN_POINT('',(202.07475770632,63.817009889044,
    438.58597764831));
#8173 = VECTOR('',#8174,1.);
#8174 = DIRECTION('',(0.998791069994,0.,-4.915687642355E-02));
#8175 = PCURVE('',#6665,#8176);
#8176 = DEFINITIONAL_REPRESENTATION('',(#8177),#8180);
#8177 = B_SPLINE_CURVE_WITH_KNOTS('',1,(#8178,#8179),.UNSPECIFIED.,.F.,
  .F.,(2,2),(-1.069535333891,6.930464666109),.PIECEWISE_BEZIER_KNOTS.);
#8178 = CARTESIAN_POINT('',(23.230755288292,3.006515365789));
#8179 = CARTESIAN_POINT('',(22.837500276903,10.996843925743));
#8180 = ( GEOMETRIC_REPRESENTATION_CONTEXT(2) 
PARAMETRIC_REPRESENTATION_CONTEXT() REPRESENTATION_CONTEXT('2D SPACE',''
  ) );
#8181 = PCURVE('',#6694,#8182);
#8182 = DEFINITIONAL_REPRESENTATION('',(#8183),#8186);
#8183 = B_SPLINE_CURVE_WITH_KNOTS('',1,(#8184,#8185),.UNSPECIFIED.,.F.,
  .F.,(2,2),(-1.069535333891,6.930464666109),.PIECEWISE_BEZIER_KNOTS.);
#8184 = CARTESIAN_POINT('',(4.,1.500389125112));
#8185 = CARTESIAN_POINT('',(-4.,1.500389125112));
#8186 = ( GEOMETRIC_REPRESENTATION_CONTEXT(2) 
PARAMETRIC_REPRESENTATION_CONTEXT() REPRESENTATION_CONTEXT('2D SPACE',''
  ) );
#8187 = ORIENTED_EDGE('',*,*,#6645,.F.);
#8188 = ORIENTED_EDGE('',*,*,#8189,.T.);
#8189 = EDGE_CURVE('',#6613,#8091,#8190,.T.);
#8190 = SURFACE_CURVE('',#8191,(#8195,#8202),.PCURVE_S1.);
#8191 = LINE('',#8192,#8193);
#8192 = CARTESIAN_POINT('',(198.,63.817009889044,441.40779737626));
#8193 = VECTOR('',#8194,1.);
#8194 = DIRECTION('',(1.,0.,-0.));
#8195 = PCURVE('',#6665,#8196);
#8196 = DEFINITIONAL_REPRESENTATION('',(#8197),#8201);
#8197 = LINE('',#8198,#8199);
#8198 = CARTESIAN_POINT('',(26.,0.));
#8199 = VECTOR('',#8200,1.);
#8200 = DIRECTION('',(0.,1.));
#8201 = ( GEOMETRIC_REPRESENTATION_CONTEXT(2) 
PARAMETRIC_REPRESENTATION_CONTEXT() REPRESENTATION_CONTEXT('2D SPACE',''
  ) );
#8202 = PCURVE('',#6633,#8203);
#8203 = DEFINITIONAL_REPRESENTATION('',(#8204),#8208);
#8204 = LINE('',#8205,#8206);
#8205 = CARTESIAN_POINT('',(0.,3.));
#8206 = VECTOR('',#8207,1.);
#8207 = DIRECTION('',(1.,0.));
#8208 = ( GEOMETRIC_REPRESENTATION_CONTEXT(2) 
PARAMETRIC_REPRESENTATION_CONTEXT() REPRESENTATION_CONTEXT('2D SPACE',''
  ) );
#8209 = FACE_BOUND('',#8210,.T.);
#8210 = EDGE_LOOP('',(#8211));
#8211 = ORIENTED_EDGE('',*,*,#8212,.F.);
#8212 = EDGE_CURVE('',#8213,#8213,#8215,.T.);
#8213 = VERTEX_POINT('',#8214);
#8214 = CARTESIAN_POINT('',(205.,63.817009889044,427.15779737626));
#8215 = SURFACE_CURVE('',#8216,(#8221,#8228),.PCURVE_S1.);
#8216 = CIRCLE('',#8217,2.75);
#8217 = AXIS2_PLACEMENT_3D('',#8218,#8219,#8220);
#8218 = CARTESIAN_POINT('',(205.,63.817009889044,424.40779737626));
#8219 = DIRECTION('',(0.,1.,0.));
#8220 = DIRECTION('',(0.,-0.,1.));
#8221 = PCURVE('',#6665,#8222);
#8222 = DEFINITIONAL_REPRESENTATION('',(#8223),#8227);
#8223 = CIRCLE('',#8224,2.75);
#8224 = AXIS2_PLACEMENT_2D('',#8225,#8226);
#8225 = CARTESIAN_POINT('',(9.,7.));
#8226 = DIRECTION('',(1.,0.));
#8227 = ( GEOMETRIC_REPRESENTATION_CONTEXT(2) 
PARAMETRIC_REPRESENTATION_CONTEXT() REPRESENTATION_CONTEXT('2D SPACE',''
  ) );
#8228 = PCURVE('',#8229,#8234);
#8229 = CYLINDRICAL_SURFACE('',#8230,2.75);
#8230 = AXIS2_PLACEMENT_3D('',#8231,#8232,#8233);
#8231 = CARTESIAN_POINT('',(205.,57.817009889044,424.40779737626));
#8232 = DIRECTION('',(0.,1.,0.));
#8233 = DIRECTION('',(0.,-0.,1.));
#8234 = DEFINITIONAL_REPRESENTATION('',(#8235),#8239);
#8235 = LINE('',#8236,#8237);
#8236 = CARTESIAN_POINT('',(0.,6.));
#8237 = VECTOR('',#8238,1.);
#8238 = DIRECTION('',(1.,0.));
#8239 = ( GEOMETRIC_REPRESENTATION_CONTEXT(2) 
PARAMETRIC_REPRESENTATION_CONTEXT() REPRESENTATION_CONTEXT('2D SPACE',''
  ) );
#8240 = ADVANCED_FACE('',(#8241),#6694,.T.);
#8241 = FACE_BOUND('',#8242,.T.);
#8242 = EDGE_LOOP('',(#8243,#8244));
#8243 = ORIENTED_EDGE('',*,*,#8169,.F.);
#8244 = ORIENTED_EDGE('',*,*,#6677,.T.);
#8245 = ADVANCED_FACE('',(#8246),#6633,.T.);
#8246 = FACE_BOUND('',#8247,.T.);
#8247 = EDGE_LOOP('',(#8248,#8249,#8250,#8273));
#8248 = ORIENTED_EDGE('',*,*,#8189,.F.);
#8249 = ORIENTED_EDGE('',*,*,#6612,.F.);
#8250 = ORIENTED_EDGE('',*,*,#8251,.T.);
#8251 = EDGE_CURVE('',#6586,#8252,#8254,.T.);
#8252 = VERTEX_POINT('',#8253);
#8253 = CARTESIAN_POINT('',(212.,60.817009889044,441.40779737626));
#8254 = SURFACE_CURVE('',#8255,(#8259,#8266),.PCURVE_S1.);
#8255 = LINE('',#8256,#8257);
#8256 = CARTESIAN_POINT('',(198.,60.817009889044,441.40779737626));
#8257 = VECTOR('',#8258,1.);
#8258 = DIRECTION('',(1.,0.,-0.));
#8259 = PCURVE('',#6633,#8260);
#8260 = DEFINITIONAL_REPRESENTATION('',(#8261),#8265);
#8261 = LINE('',#8262,#8263);
#8262 = CARTESIAN_POINT('',(0.,0.));
#8263 = VECTOR('',#8264,1.);
#8264 = DIRECTION('',(1.,0.));
#8265 = ( GEOMETRIC_REPRESENTATION_CONTEXT(2) 
PARAMETRIC_REPRESENTATION_CONTEXT() REPRESENTATION_CONTEXT('2D SPACE',''
  ) );
#8266 = PCURVE('',#6544,#8267);
#8267 = DEFINITIONAL_REPRESENTATION('',(#8268),#8272);
#8268 = LINE('',#8269,#8270);
#8269 = CARTESIAN_POINT('',(26.,0.));
#8270 = VECTOR('',#8271,1.);
#8271 = DIRECTION('',(0.,1.));
#8272 = ( GEOMETRIC_REPRESENTATION_CONTEXT(2) 
PARAMETRIC_REPRESENTATION_CONTEXT() REPRESENTATION_CONTEXT('2D SPACE',''
  ) );
#8273 = ORIENTED_EDGE('',*,*,#8274,.T.);
#8274 = EDGE_CURVE('',#8252,#8091,#8275,.T.);
#8275 = SURFACE_CURVE('',#8276,(#8280,#8287),.PCURVE_S1.);
#8276 = LINE('',#8277,#8278);
#8277 = CARTESIAN_POINT('',(212.,60.817009889044,441.40779737626));
#8278 = VECTOR('',#8279,1.);
#8279 = DIRECTION('',(-0.,1.,0.));
#8280 = PCURVE('',#6633,#8281);
#8281 = DEFINITIONAL_REPRESENTATION('',(#8282),#8286);
#8282 = LINE('',#8283,#8284);
#8283 = CARTESIAN_POINT('',(14.,0.));
#8284 = VECTOR('',#8285,1.);
#8285 = DIRECTION('',(0.,1.));
#8286 = ( GEOMETRIC_REPRESENTATION_CONTEXT(2) 
PARAMETRIC_REPRESENTATION_CONTEXT() REPRESENTATION_CONTEXT('2D SPACE',''
  ) );
#8287 = PCURVE('',#8106,#8288);
#8288 = DEFINITIONAL_REPRESENTATION('',(#8289),#8293);
#8289 = LINE('',#8290,#8291);
#8290 = CARTESIAN_POINT('',(26.,0.));
#8291 = VECTOR('',#8292,1.);
#8292 = DIRECTION('',(0.,-1.));
#8293 = ( GEOMETRIC_REPRESENTATION_CONTEXT(2) 
PARAMETRIC_REPRESENTATION_CONTEXT() REPRESENTATION_CONTEXT('2D SPACE',''
  ) );
#8294 = ADVANCED_FACE('',(#8295,#8387),#6544,.F.);
#8295 = FACE_BOUND('',#8296,.F.);
#8296 = EDGE_LOOP('',(#8297,#8320,#8343,#8364,#8365,#8366,#8385,#8386));
#8297 = ORIENTED_EDGE('',*,*,#8298,.F.);
#8298 = EDGE_CURVE('',#8299,#8252,#8301,.T.);
#8299 = VERTEX_POINT('',#8300);
#8300 = CARTESIAN_POINT('',(212.,60.817009889044,415.40779737626));
#8301 = SURFACE_CURVE('',#8302,(#8306,#8313),.PCURVE_S1.);
#8302 = LINE('',#8303,#8304);
#8303 = CARTESIAN_POINT('',(212.,60.817009889044,415.40779737626));
#8304 = VECTOR('',#8305,1.);
#8305 = DIRECTION('',(0.,0.,1.));
#8306 = PCURVE('',#6544,#8307);
#8307 = DEFINITIONAL_REPRESENTATION('',(#8308),#8312);
#8308 = LINE('',#8309,#8310);
#8309 = CARTESIAN_POINT('',(0.,14.));
#8310 = VECTOR('',#8311,1.);
#8311 = DIRECTION('',(1.,0.));
#8312 = ( GEOMETRIC_REPRESENTATION_CONTEXT(2) 
PARAMETRIC_REPRESENTATION_CONTEXT() REPRESENTATION_CONTEXT('2D SPACE',''
  ) );
#8313 = PCURVE('',#8106,#8314);
#8314 = DEFINITIONAL_REPRESENTATION('',(#8315),#8319);
#8315 = LINE('',#8316,#8317);
#8316 = CARTESIAN_POINT('',(0.,0.));
#8317 = VECTOR('',#8318,1.);
#8318 = DIRECTION('',(1.,0.));
#8319 = ( GEOMETRIC_REPRESENTATION_CONTEXT(2) 
PARAMETRIC_REPRESENTATION_CONTEXT() REPRESENTATION_CONTEXT('2D SPACE',''
  ) );
#8320 = ORIENTED_EDGE('',*,*,#8321,.F.);
#8321 = EDGE_CURVE('',#8322,#8299,#8324,.T.);
#8322 = VERTEX_POINT('',#8323);
#8323 = CARTESIAN_POINT('',(198.,60.817009889044,415.40779737626));
#8324 = SURFACE_CURVE('',#8325,(#8329,#8336),.PCURVE_S1.);
#8325 = LINE('',#8326,#8327);
#8326 = CARTESIAN_POINT('',(198.,60.817009889044,415.40779737626));
#8327 = VECTOR('',#8328,1.);
#8328 = DIRECTION('',(1.,0.,-0.));
#8329 = PCURVE('',#6544,#8330);
#8330 = DEFINITIONAL_REPRESENTATION('',(#8331),#8335);
#8331 = LINE('',#8332,#8333);
#8332 = CARTESIAN_POINT('',(0.,0.));
#8333 = VECTOR('',#8334,1.);
#8334 = DIRECTION('',(0.,1.));
#8335 = ( GEOMETRIC_REPRESENTATION_CONTEXT(2) 
PARAMETRIC_REPRESENTATION_CONTEXT() REPRESENTATION_CONTEXT('2D SPACE',''
  ) );
#8336 = PCURVE('',#8134,#8337);
#8337 = DEFINITIONAL_REPRESENTATION('',(#8338),#8342);
#8338 = LINE('',#8339,#8340);
#8339 = CARTESIAN_POINT('',(0.,0.));
#8340 = VECTOR('',#8341,1.);
#8341 = DIRECTION('',(1.,0.));
#8342 = ( GEOMETRIC_REPRESENTATION_CONTEXT(2) 
PARAMETRIC_REPRESENTATION_CONTEXT() REPRESENTATION_CONTEXT('2D SPACE',''
  ) );
#8343 = ORIENTED_EDGE('',*,*,#8344,.T.);
#8344 = EDGE_CURVE('',#8322,#8035,#8345,.T.);
#8345 = SURFACE_CURVE('',#8346,(#8350,#8357),.PCURVE_S1.);
#8346 = LINE('',#8347,#8348);
#8347 = CARTESIAN_POINT('',(198.,60.817009889044,415.40779737626));
#8348 = VECTOR('',#8349,1.);
#8349 = DIRECTION('',(0.,0.,1.));
#8350 = PCURVE('',#6544,#8351);
#8351 = DEFINITIONAL_REPRESENTATION('',(#8352),#8356);
#8352 = LINE('',#8353,#8354);
#8353 = CARTESIAN_POINT('',(0.,0.));
#8354 = VECTOR('',#8355,1.);
#8355 = DIRECTION('',(1.,0.));
#8356 = ( GEOMETRIC_REPRESENTATION_CONTEXT(2) 
PARAMETRIC_REPRESENTATION_CONTEXT() REPRESENTATION_CONTEXT('2D SPACE',''
  ) );
#8357 = PCURVE('',#8050,#8358);
#8358 = DEFINITIONAL_REPRESENTATION('',(#8359),#8363);
#8359 = LINE('',#8360,#8361);
#8360 = CARTESIAN_POINT('',(0.,0.));
#8361 = VECTOR('',#8362,1.);
#8362 = DIRECTION('',(1.,0.));
#8363 = ( GEOMETRIC_REPRESENTATION_CONTEXT(2) 
PARAMETRIC_REPRESENTATION_CONTEXT() REPRESENTATION_CONTEXT('2D SPACE',''
  ) );
#8364 = ORIENTED_EDGE('',*,*,#8062,.T.);
#8365 = ORIENTED_EDGE('',*,*,#6524,.F.);
#8366 = ORIENTED_EDGE('',*,*,#8367,.T.);
#8367 = EDGE_CURVE('',#6525,#6557,#8368,.T.);
#8368 = SURFACE_CURVE('',#8369,(#8373,#8379),.PCURVE_S1.);
#8369 = LINE('',#8370,#8371);
#8370 = CARTESIAN_POINT('',(202.07139841479,60.817009889044,
    438.51772208312));
#8371 = VECTOR('',#8372,1.);
#8372 = DIRECTION('',(0.998791069994,0.,-4.915687642355E-02));
#8373 = PCURVE('',#6544,#8374);
#8374 = DEFINITIONAL_REPRESENTATION('',(#8375),#8378);
#8375 = B_SPLINE_CURVE_WITH_KNOTS('',1,(#8376,#8377),.UNSPECIFIED.,.F.,
  .F.,(2,2),(-1.069535333891,6.930464666109),.PIECEWISE_BEZIER_KNOTS.);
#8376 = CARTESIAN_POINT('',(23.162499723097,3.003156074257));
#8377 = CARTESIAN_POINT('',(22.769244711708,10.993484634211));
#8378 = ( GEOMETRIC_REPRESENTATION_CONTEXT(2) 
PARAMETRIC_REPRESENTATION_CONTEXT() REPRESENTATION_CONTEXT('2D SPACE',''
  ) );
#8379 = PCURVE('',#6573,#8380);
#8380 = DEFINITIONAL_REPRESENTATION('',(#8381),#8384);
#8381 = B_SPLINE_CURVE_WITH_KNOTS('',1,(#8382,#8383),.UNSPECIFIED.,.F.,
  .F.,(2,2),(-1.069535333891,6.930464666109),.PIECEWISE_BEZIER_KNOTS.);
#8382 = CARTESIAN_POINT('',(4.,-1.500389125112));
#8383 = CARTESIAN_POINT('',(-4.,-1.500389125112));
#8384 = ( GEOMETRIC_REPRESENTATION_CONTEXT(2) 
PARAMETRIC_REPRESENTATION_CONTEXT() REPRESENTATION_CONTEXT('2D SPACE',''
  ) );
#8385 = ORIENTED_EDGE('',*,*,#6585,.F.);
#8386 = ORIENTED_EDGE('',*,*,#8251,.T.);
#8387 = FACE_BOUND('',#8388,.F.);
#8388 = EDGE_LOOP('',(#8389));
#8389 = ORIENTED_EDGE('',*,*,#8390,.F.);
#8390 = EDGE_CURVE('',#8391,#8391,#8393,.T.);
#8391 = VERTEX_POINT('',#8392);
#8392 = CARTESIAN_POINT('',(205.,60.817009889044,427.15779737626));
#8393 = SURFACE_CURVE('',#8394,(#8399,#8406),.PCURVE_S1.);
#8394 = CIRCLE('',#8395,2.75);
#8395 = AXIS2_PLACEMENT_3D('',#8396,#8397,#8398);
#8396 = CARTESIAN_POINT('',(205.,60.817009889044,424.40779737626));
#8397 = DIRECTION('',(0.,1.,0.));
#8398 = DIRECTION('',(0.,-0.,1.));
#8399 = PCURVE('',#6544,#8400);
#8400 = DEFINITIONAL_REPRESENTATION('',(#8401),#8405);
#8401 = CIRCLE('',#8402,2.75);
#8402 = AXIS2_PLACEMENT_2D('',#8403,#8404);
#8403 = CARTESIAN_POINT('',(9.,7.));
#8404 = DIRECTION('',(1.,0.));
#8405 = ( GEOMETRIC_REPRESENTATION_CONTEXT(2) 
PARAMETRIC_REPRESENTATION_CONTEXT() REPRESENTATION_CONTEXT('2D SPACE',''
  ) );
#8406 = PCURVE('',#8229,#8407);
#8407 = DEFINITIONAL_REPRESENTATION('',(#8408),#8412);
#8408 = LINE('',#8409,#8410);
#8409 = CARTESIAN_POINT('',(0.,3.));
#8410 = VECTOR('',#8411,1.);
#8411 = DIRECTION('',(1.,0.));
#8412 = ( GEOMETRIC_REPRESENTATION_CONTEXT(2) 
PARAMETRIC_REPRESENTATION_CONTEXT() REPRESENTATION_CONTEXT('2D SPACE',''
  ) );
#8413 = ADVANCED_FACE('',(#8414),#6573,.T.);
#8414 = FACE_BOUND('',#8415,.T.);
#8415 = EDGE_LOOP('',(#8416,#8417));
#8416 = ORIENTED_EDGE('',*,*,#6556,.T.);
#8417 = ORIENTED_EDGE('',*,*,#8367,.T.);
#8418 = ADVANCED_FACE('',(#8419),#6870,.T.);
#8419 = FACE_BOUND('',#8420,.T.);
#8420 = EDGE_LOOP('',(#8421,#8422,#8443,#8444));
#8421 = ORIENTED_EDGE('',*,*,#6852,.F.);
#8422 = ORIENTED_EDGE('',*,*,#8423,.T.);
#8423 = EDGE_CURVE('',#6853,#7067,#8424,.T.);
#8424 = SURFACE_CURVE('',#8425,(#8429,#8436),.PCURVE_S1.);
#8425 = LINE('',#8426,#8427);
#8426 = CARTESIAN_POINT('',(-10.,-65.6,261.));
#8427 = VECTOR('',#8428,1.);
#8428 = DIRECTION('',(-0.,1.,0.));
#8429 = PCURVE('',#6870,#8430);
#8430 = DEFINITIONAL_REPRESENTATION('',(#8431),#8435);
#8431 = LINE('',#8432,#8433);
#8432 = CARTESIAN_POINT('',(0.,0.));
#8433 = VECTOR('',#8434,1.);
#8434 = DIRECTION('',(0.,-1.));
#8435 = ( GEOMETRIC_REPRESENTATION_CONTEXT(2) 
PARAMETRIC_REPRESENTATION_CONTEXT() REPRESENTATION_CONTEXT('2D SPACE',''
  ) );
#8436 = PCURVE('',#6898,#8437);
#8437 = DEFINITIONAL_REPRESENTATION('',(#8438),#8442);
#8438 = LINE('',#8439,#8440);
#8439 = CARTESIAN_POINT('',(16.,0.));
#8440 = VECTOR('',#8441,1.);
#8441 = DIRECTION('',(0.,1.));
#8442 = ( GEOMETRIC_REPRESENTATION_CONTEXT(2) 
PARAMETRIC_REPRESENTATION_CONTEXT() REPRESENTATION_CONTEXT('2D SPACE',''
  ) );
#8443 = ORIENTED_EDGE('',*,*,#7066,.T.);
#8444 = ORIENTED_EDGE('',*,*,#7190,.F.);
#8445 = ADVANCED_FACE('',(#8446),#6926,.F.);
#8446 = FACE_BOUND('',#8447,.F.);
#8447 = EDGE_LOOP('',(#8448,#8449,#8470,#8471));
#8448 = ORIENTED_EDGE('',*,*,#6910,.F.);
#8449 = ORIENTED_EDGE('',*,*,#8450,.T.);
#8450 = EDGE_CURVE('',#6883,#7092,#8451,.T.);
#8451 = SURFACE_CURVE('',#8452,(#8456,#8463),.PCURVE_S1.);
#8452 = LINE('',#8453,#8454);
#8453 = CARTESIAN_POINT('',(-26.,-65.6,261.));
#8454 = VECTOR('',#8455,1.);
#8455 = DIRECTION('',(-0.,1.,0.));
#8456 = PCURVE('',#6926,#8457);
#8457 = DEFINITIONAL_REPRESENTATION('',(#8458),#8462);
#8458 = LINE('',#8459,#8460);
#8459 = CARTESIAN_POINT('',(0.,0.));
#8460 = VECTOR('',#8461,1.);
#8461 = DIRECTION('',(0.,-1.));
#8462 = ( GEOMETRIC_REPRESENTATION_CONTEXT(2) 
PARAMETRIC_REPRESENTATION_CONTEXT() REPRESENTATION_CONTEXT('2D SPACE',''
  ) );
#8463 = PCURVE('',#6898,#8464);
#8464 = DEFINITIONAL_REPRESENTATION('',(#8465),#8469);
#8465 = LINE('',#8466,#8467);
#8466 = CARTESIAN_POINT('',(0.,0.));
#8467 = VECTOR('',#8468,1.);
#8468 = DIRECTION('',(0.,1.));
#8469 = ( GEOMETRIC_REPRESENTATION_CONTEXT(2) 
PARAMETRIC_REPRESENTATION_CONTEXT() REPRESENTATION_CONTEXT('2D SPACE',''
  ) );
#8470 = ORIENTED_EDGE('',*,*,#7114,.T.);
#8471 = ORIENTED_EDGE('',*,*,#7040,.F.);
#8472 = ADVANCED_FACE('',(#8473),#6898,.F.);
#8473 = FACE_BOUND('',#8474,.F.);
#8474 = EDGE_LOOP('',(#8475,#8476,#8477,#8478));
#8475 = ORIENTED_EDGE('',*,*,#8450,.F.);
#8476 = ORIENTED_EDGE('',*,*,#6882,.T.);
#8477 = ORIENTED_EDGE('',*,*,#8423,.T.);
#8478 = ORIENTED_EDGE('',*,*,#7091,.F.);
#8479 = ADVANCED_FACE('',(#8480),#7002,.F.);
#8480 = FACE_BOUND('',#8481,.F.);
#8481 = EDGE_LOOP('',(#8482,#8483,#8504,#8505));
#8482 = ORIENTED_EDGE('',*,*,#7160,.F.);
#8483 = ORIENTED_EDGE('',*,*,#8484,.F.);
#8484 = EDGE_CURVE('',#6986,#7161,#8485,.T.);
#8485 = SEAM_CURVE('',#8486,(#8490,#8497),.PCURVE_S1.);
#8486 = LINE('',#8487,#8488);
#8487 = CARTESIAN_POINT('',(-18.,-67.1,272.75));
#8488 = VECTOR('',#8489,1.);
#8489 = DIRECTION('',(0.,1.,0.));
#8490 = PCURVE('',#7002,#8491);
#8491 = DEFINITIONAL_REPRESENTATION('',(#8492),#8496);
#8492 = LINE('',#8493,#8494);
#8493 = CARTESIAN_POINT('',(6.28318530718,-0.));
#8494 = VECTOR('',#8495,1.);
#8495 = DIRECTION('',(0.,1.));
#8496 = ( GEOMETRIC_REPRESENTATION_CONTEXT(2) 
PARAMETRIC_REPRESENTATION_CONTEXT() REPRESENTATION_CONTEXT('2D SPACE',''
  ) );
#8497 = PCURVE('',#7002,#8498);
#8498 = DEFINITIONAL_REPRESENTATION('',(#8499),#8503);
#8499 = LINE('',#8500,#8501);
#8500 = CARTESIAN_POINT('',(0.,-0.));
#8501 = VECTOR('',#8502,1.);
#8502 = DIRECTION('',(0.,1.));
#8503 = ( GEOMETRIC_REPRESENTATION_CONTEXT(2) 
PARAMETRIC_REPRESENTATION_CONTEXT() REPRESENTATION_CONTEXT('2D SPACE',''
  ) );
#8504 = ORIENTED_EDGE('',*,*,#6985,.T.);
#8505 = ORIENTED_EDGE('',*,*,#8484,.T.);
#8506 = ADVANCED_FACE('',(#8507),#7253,.F.);
#8507 = FACE_BOUND('',#8508,.F.);
#8508 = EDGE_LOOP('',(#8509,#8510,#8531,#8532));
#8509 = ORIENTED_EDGE('',*,*,#7547,.F.);
#8510 = ORIENTED_EDGE('',*,*,#8511,.T.);
#8511 = EDGE_CURVE('',#7525,#7322,#8512,.T.);
#8512 = SURFACE_CURVE('',#8513,(#8517,#8524),.PCURVE_S1.);
#8513 = LINE('',#8514,#8515);
#8514 = CARTESIAN_POINT('',(198.,-63.81700988904,415.40779737626));
#8515 = VECTOR('',#8516,1.);
#8516 = DIRECTION('',(-0.,1.,0.));
#8517 = PCURVE('',#7253,#8518);
#8518 = DEFINITIONAL_REPRESENTATION('',(#8519),#8523);
#8519 = LINE('',#8520,#8521);
#8520 = CARTESIAN_POINT('',(0.,0.));
#8521 = VECTOR('',#8522,1.);
#8522 = DIRECTION('',(0.,-1.));
#8523 = ( GEOMETRIC_REPRESENTATION_CONTEXT(2) 
PARAMETRIC_REPRESENTATION_CONTEXT() REPRESENTATION_CONTEXT('2D SPACE',''
  ) );
#8524 = PCURVE('',#7337,#8525);
#8525 = DEFINITIONAL_REPRESENTATION('',(#8526),#8530);
#8526 = LINE('',#8527,#8528);
#8527 = CARTESIAN_POINT('',(0.,0.));
#8528 = VECTOR('',#8529,1.);
#8529 = DIRECTION('',(0.,1.));
#8530 = ( GEOMETRIC_REPRESENTATION_CONTEXT(2) 
PARAMETRIC_REPRESENTATION_CONTEXT() REPRESENTATION_CONTEXT('2D SPACE',''
  ) );
#8531 = ORIENTED_EDGE('',*,*,#7349,.T.);
#8532 = ORIENTED_EDGE('',*,*,#7237,.F.);
#8533 = ADVANCED_FACE('',(#8534),#7309,.T.);
#8534 = FACE_BOUND('',#8535,.T.);
#8535 = EDGE_LOOP('',(#8536,#8537,#8558,#8559));
#8536 = ORIENTED_EDGE('',*,*,#7501,.F.);
#8537 = ORIENTED_EDGE('',*,*,#8538,.T.);
#8538 = EDGE_CURVE('',#7502,#7292,#8539,.T.);
#8539 = SURFACE_CURVE('',#8540,(#8544,#8551),.PCURVE_S1.);
#8540 = LINE('',#8541,#8542);
#8541 = CARTESIAN_POINT('',(212.,-63.81700988904,415.40779737626));
#8542 = VECTOR('',#8543,1.);
#8543 = DIRECTION('',(-0.,1.,0.));
#8544 = PCURVE('',#7309,#8545);
#8545 = DEFINITIONAL_REPRESENTATION('',(#8546),#8550);
#8546 = LINE('',#8547,#8548);
#8547 = CARTESIAN_POINT('',(0.,0.));
#8548 = VECTOR('',#8549,1.);
#8549 = DIRECTION('',(0.,-1.));
#8550 = ( GEOMETRIC_REPRESENTATION_CONTEXT(2) 
PARAMETRIC_REPRESENTATION_CONTEXT() REPRESENTATION_CONTEXT('2D SPACE',''
  ) );
#8551 = PCURVE('',#7337,#8552);
#8552 = DEFINITIONAL_REPRESENTATION('',(#8553),#8557);
#8553 = LINE('',#8554,#8555);
#8554 = CARTESIAN_POINT('',(14.,0.));
#8555 = VECTOR('',#8556,1.);
#8556 = DIRECTION('',(0.,1.));
#8557 = ( GEOMETRIC_REPRESENTATION_CONTEXT(2) 
PARAMETRIC_REPRESENTATION_CONTEXT() REPRESENTATION_CONTEXT('2D SPACE',''
  ) );
#8558 = ORIENTED_EDGE('',*,*,#7291,.T.);
#8559 = ORIENTED_EDGE('',*,*,#7477,.F.);
#8560 = ADVANCED_FACE('',(#8561),#7337,.F.);
#8561 = FACE_BOUND('',#8562,.F.);
#8562 = EDGE_LOOP('',(#8563,#8564,#8565,#8566));
#8563 = ORIENTED_EDGE('',*,*,#8511,.F.);
#8564 = ORIENTED_EDGE('',*,*,#7524,.T.);
#8565 = ORIENTED_EDGE('',*,*,#8538,.T.);
#8566 = ORIENTED_EDGE('',*,*,#7321,.F.);
#8567 = ADVANCED_FACE('',(#8568),#7432,.F.);
#8568 = FACE_BOUND('',#8569,.F.);
#8569 = EDGE_LOOP('',(#8570,#8571,#8592,#8593));
#8570 = ORIENTED_EDGE('',*,*,#7415,.F.);
#8571 = ORIENTED_EDGE('',*,*,#8572,.F.);
#8572 = EDGE_CURVE('',#7594,#7416,#8573,.T.);
#8573 = SEAM_CURVE('',#8574,(#8578,#8585),.PCURVE_S1.);
#8574 = LINE('',#8575,#8576);
#8575 = CARTESIAN_POINT('',(205.,-63.81700988904,427.15779737626));
#8576 = VECTOR('',#8577,1.);
#8577 = DIRECTION('',(0.,1.,0.));
#8578 = PCURVE('',#7432,#8579);
#8579 = DEFINITIONAL_REPRESENTATION('',(#8580),#8584);
#8580 = LINE('',#8581,#8582);
#8581 = CARTESIAN_POINT('',(6.28318530718,-0.));
#8582 = VECTOR('',#8583,1.);
#8583 = DIRECTION('',(0.,1.));
#8584 = ( GEOMETRIC_REPRESENTATION_CONTEXT(2) 
PARAMETRIC_REPRESENTATION_CONTEXT() REPRESENTATION_CONTEXT('2D SPACE',''
  ) );
#8585 = PCURVE('',#7432,#8586);
#8586 = DEFINITIONAL_REPRESENTATION('',(#8587),#8591);
#8587 = LINE('',#8588,#8589);
#8588 = CARTESIAN_POINT('',(0.,-0.));
#8589 = VECTOR('',#8590,1.);
#8590 = DIRECTION('',(0.,1.));
#8591 = ( GEOMETRIC_REPRESENTATION_CONTEXT(2) 
PARAMETRIC_REPRESENTATION_CONTEXT() REPRESENTATION_CONTEXT('2D SPACE',''
  ) );
#8592 = ORIENTED_EDGE('',*,*,#7593,.T.);
#8593 = ORIENTED_EDGE('',*,*,#8572,.T.);
#8594 = ADVANCED_FACE('',(#8595),#7667,.T.);
#8595 = FACE_BOUND('',#8596,.T.);
#8596 = EDGE_LOOP('',(#8597,#8598,#8619,#8620));
#8597 = ORIENTED_EDGE('',*,*,#7863,.F.);
#8598 = ORIENTED_EDGE('',*,*,#8599,.T.);
#8599 = EDGE_CURVE('',#7864,#7650,#8600,.T.);
#8600 = SURFACE_CURVE('',#8601,(#8605,#8612),.PCURVE_S1.);
#8601 = LINE('',#8602,#8603);
#8602 = CARTESIAN_POINT('',(-10.,62.6,261.));
#8603 = VECTOR('',#8604,1.);
#8604 = DIRECTION('',(-0.,1.,0.));
#8605 = PCURVE('',#7667,#8606);
#8606 = DEFINITIONAL_REPRESENTATION('',(#8607),#8611);
#8607 = LINE('',#8608,#8609);
#8608 = CARTESIAN_POINT('',(0.,0.));
#8609 = VECTOR('',#8610,1.);
#8610 = DIRECTION('',(0.,-1.));
#8611 = ( GEOMETRIC_REPRESENTATION_CONTEXT(2) 
PARAMETRIC_REPRESENTATION_CONTEXT() REPRESENTATION_CONTEXT('2D SPACE',''
  ) );
#8612 = PCURVE('',#7695,#8613);
#8613 = DEFINITIONAL_REPRESENTATION('',(#8614),#8618);
#8614 = LINE('',#8615,#8616);
#8615 = CARTESIAN_POINT('',(16.,0.));
#8616 = VECTOR('',#8617,1.);
#8617 = DIRECTION('',(0.,1.));
#8618 = ( GEOMETRIC_REPRESENTATION_CONTEXT(2) 
PARAMETRIC_REPRESENTATION_CONTEXT() REPRESENTATION_CONTEXT('2D SPACE',''
  ) );
#8619 = ORIENTED_EDGE('',*,*,#7649,.T.);
#8620 = ORIENTED_EDGE('',*,*,#7839,.F.);
#8621 = ADVANCED_FACE('',(#8622),#7723,.F.);
#8622 = FACE_BOUND('',#8623,.F.);
#8623 = EDGE_LOOP('',(#8624,#8625,#8646,#8647));
#8624 = ORIENTED_EDGE('',*,*,#7909,.F.);
#8625 = ORIENTED_EDGE('',*,*,#8626,.T.);
#8626 = EDGE_CURVE('',#7887,#7680,#8627,.T.);
#8627 = SURFACE_CURVE('',#8628,(#8632,#8639),.PCURVE_S1.);
#8628 = LINE('',#8629,#8630);
#8629 = CARTESIAN_POINT('',(-26.,62.6,261.));
#8630 = VECTOR('',#8631,1.);
#8631 = DIRECTION('',(-0.,1.,0.));
#8632 = PCURVE('',#7723,#8633);
#8633 = DEFINITIONAL_REPRESENTATION('',(#8634),#8638);
#8634 = LINE('',#8635,#8636);
#8635 = CARTESIAN_POINT('',(0.,0.));
#8636 = VECTOR('',#8637,1.);
#8637 = DIRECTION('',(0.,-1.));
#8638 = ( GEOMETRIC_REPRESENTATION_CONTEXT(2) 
PARAMETRIC_REPRESENTATION_CONTEXT() REPRESENTATION_CONTEXT('2D SPACE',''
  ) );
#8639 = PCURVE('',#7695,#8640);
#8640 = DEFINITIONAL_REPRESENTATION('',(#8641),#8645);
#8641 = LINE('',#8642,#8643);
#8642 = CARTESIAN_POINT('',(0.,0.));
#8643 = VECTOR('',#8644,1.);
#8644 = DIRECTION('',(0.,1.));
#8645 = ( GEOMETRIC_REPRESENTATION_CONTEXT(2) 
PARAMETRIC_REPRESENTATION_CONTEXT() REPRESENTATION_CONTEXT('2D SPACE',''
  ) );
#8646 = ORIENTED_EDGE('',*,*,#7707,.T.);
#8647 = ORIENTED_EDGE('',*,*,#7985,.F.);
#8648 = ADVANCED_FACE('',(#8649),#7695,.F.);
#8649 = FACE_BOUND('',#8650,.F.);
#8650 = EDGE_LOOP('',(#8651,#8652,#8653,#8654));
#8651 = ORIENTED_EDGE('',*,*,#8626,.F.);
#8652 = ORIENTED_EDGE('',*,*,#7886,.T.);
#8653 = ORIENTED_EDGE('',*,*,#8599,.T.);
#8654 = ORIENTED_EDGE('',*,*,#7679,.F.);
#8655 = ADVANCED_FACE('',(#8656),#7799,.F.);
#8656 = FACE_BOUND('',#8657,.F.);
#8657 = EDGE_LOOP('',(#8658,#8659,#8680,#8681));
#8658 = ORIENTED_EDGE('',*,*,#7782,.F.);
#8659 = ORIENTED_EDGE('',*,*,#8660,.F.);
#8660 = EDGE_CURVE('',#7958,#7783,#8661,.T.);
#8661 = SEAM_CURVE('',#8662,(#8666,#8673),.PCURVE_S1.);
#8662 = LINE('',#8663,#8664);
#8663 = CARTESIAN_POINT('',(-18.,61.1,272.75));
#8664 = VECTOR('',#8665,1.);
#8665 = DIRECTION('',(0.,1.,0.));
#8666 = PCURVE('',#7799,#8667);
#8667 = DEFINITIONAL_REPRESENTATION('',(#8668),#8672);
#8668 = LINE('',#8669,#8670);
#8669 = CARTESIAN_POINT('',(6.28318530718,-0.));
#8670 = VECTOR('',#8671,1.);
#8671 = DIRECTION('',(0.,1.));
#8672 = ( GEOMETRIC_REPRESENTATION_CONTEXT(2) 
PARAMETRIC_REPRESENTATION_CONTEXT() REPRESENTATION_CONTEXT('2D SPACE',''
  ) );
#8673 = PCURVE('',#7799,#8674);
#8674 = DEFINITIONAL_REPRESENTATION('',(#8675),#8679);
#8675 = LINE('',#8676,#8677);
#8676 = CARTESIAN_POINT('',(0.,-0.));
#8677 = VECTOR('',#8678,1.);
#8678 = DIRECTION('',(0.,1.));
#8679 = ( GEOMETRIC_REPRESENTATION_CONTEXT(2) 
PARAMETRIC_REPRESENTATION_CONTEXT() REPRESENTATION_CONTEXT('2D SPACE',''
  ) );
#8680 = ORIENTED_EDGE('',*,*,#7957,.T.);
#8681 = ORIENTED_EDGE('',*,*,#8660,.T.);
#8682 = ADVANCED_FACE('',(#8683),#8050,.F.);
#8683 = FACE_BOUND('',#8684,.F.);
#8684 = EDGE_LOOP('',(#8685,#8686,#8707,#8708));
#8685 = ORIENTED_EDGE('',*,*,#8344,.F.);
#8686 = ORIENTED_EDGE('',*,*,#8687,.T.);
#8687 = EDGE_CURVE('',#8322,#8119,#8688,.T.);
#8688 = SURFACE_CURVE('',#8689,(#8693,#8700),.PCURVE_S1.);
#8689 = LINE('',#8690,#8691);
#8690 = CARTESIAN_POINT('',(198.,60.817009889044,415.40779737626));
#8691 = VECTOR('',#8692,1.);
#8692 = DIRECTION('',(-0.,1.,0.));
#8693 = PCURVE('',#8050,#8694);
#8694 = DEFINITIONAL_REPRESENTATION('',(#8695),#8699);
#8695 = LINE('',#8696,#8697);
#8696 = CARTESIAN_POINT('',(0.,0.));
#8697 = VECTOR('',#8698,1.);
#8698 = DIRECTION('',(0.,-1.));
#8699 = ( GEOMETRIC_REPRESENTATION_CONTEXT(2) 
PARAMETRIC_REPRESENTATION_CONTEXT() REPRESENTATION_CONTEXT('2D SPACE',''
  ) );
#8700 = PCURVE('',#8134,#8701);
#8701 = DEFINITIONAL_REPRESENTATION('',(#8702),#8706);
#8702 = LINE('',#8703,#8704);
#8703 = CARTESIAN_POINT('',(0.,0.));
#8704 = VECTOR('',#8705,1.);
#8705 = DIRECTION('',(0.,1.));
#8706 = ( GEOMETRIC_REPRESENTATION_CONTEXT(2) 
PARAMETRIC_REPRESENTATION_CONTEXT() REPRESENTATION_CONTEXT('2D SPACE',''
  ) );
#8707 = ORIENTED_EDGE('',*,*,#8146,.T.);
#8708 = ORIENTED_EDGE('',*,*,#8034,.F.);
#8709 = ADVANCED_FACE('',(#8710),#8106,.T.);
#8710 = FACE_BOUND('',#8711,.T.);
#8711 = EDGE_LOOP('',(#8712,#8713,#8734,#8735));
#8712 = ORIENTED_EDGE('',*,*,#8298,.F.);
#8713 = ORIENTED_EDGE('',*,*,#8714,.T.);
#8714 = EDGE_CURVE('',#8299,#8089,#8715,.T.);
#8715 = SURFACE_CURVE('',#8716,(#8720,#8727),.PCURVE_S1.);
#8716 = LINE('',#8717,#8718);
#8717 = CARTESIAN_POINT('',(212.,60.817009889044,415.40779737626));
#8718 = VECTOR('',#8719,1.);
#8719 = DIRECTION('',(-0.,1.,0.));
#8720 = PCURVE('',#8106,#8721);
#8721 = DEFINITIONAL_REPRESENTATION('',(#8722),#8726);
#8722 = LINE('',#8723,#8724);
#8723 = CARTESIAN_POINT('',(0.,0.));
#8724 = VECTOR('',#8725,1.);
#8725 = DIRECTION('',(0.,-1.));
#8726 = ( GEOMETRIC_REPRESENTATION_CONTEXT(2) 
PARAMETRIC_REPRESENTATION_CONTEXT() REPRESENTATION_CONTEXT('2D SPACE',''
  ) );
#8727 = PCURVE('',#8134,#8728);
#8728 = DEFINITIONAL_REPRESENTATION('',(#8729),#8733);
#8729 = LINE('',#8730,#8731);
#8730 = CARTESIAN_POINT('',(14.,0.));
#8731 = VECTOR('',#8732,1.);
#8732 = DIRECTION('',(0.,1.));
#8733 = ( GEOMETRIC_REPRESENTATION_CONTEXT(2) 
PARAMETRIC_REPRESENTATION_CONTEXT() REPRESENTATION_CONTEXT('2D SPACE',''
  ) );
#8734 = ORIENTED_EDGE('',*,*,#8088,.T.);
#8735 = ORIENTED_EDGE('',*,*,#8274,.F.);
#8736 = ADVANCED_FACE('',(#8737),#8134,.F.);
#8737 = FACE_BOUND('',#8738,.F.);
#8738 = EDGE_LOOP('',(#8739,#8740,#8741,#8742));
#8739 = ORIENTED_EDGE('',*,*,#8687,.F.);
#8740 = ORIENTED_EDGE('',*,*,#8321,.T.);
#8741 = ORIENTED_EDGE('',*,*,#8714,.T.);
#8742 = ORIENTED_EDGE('',*,*,#8118,.F.);
#8743 = ADVANCED_FACE('',(#8744),#8229,.F.);
#8744 = FACE_BOUND('',#8745,.F.);
#8745 = EDGE_LOOP('',(#8746,#8747,#8768,#8769));
#8746 = ORIENTED_EDGE('',*,*,#8212,.F.);
#8747 = ORIENTED_EDGE('',*,*,#8748,.F.);
#8748 = EDGE_CURVE('',#8391,#8213,#8749,.T.);
#8749 = SEAM_CURVE('',#8750,(#8754,#8761),.PCURVE_S1.);
#8750 = LINE('',#8751,#8752);
#8751 = CARTESIAN_POINT('',(205.,57.817009889044,427.15779737626));
#8752 = VECTOR('',#8753,1.);
#8753 = DIRECTION('',(0.,1.,0.));
#8754 = PCURVE('',#8229,#8755);
#8755 = DEFINITIONAL_REPRESENTATION('',(#8756),#8760);
#8756 = LINE('',#8757,#8758);
#8757 = CARTESIAN_POINT('',(6.28318530718,-0.));
#8758 = VECTOR('',#8759,1.);
#8759 = DIRECTION('',(0.,1.));
#8760 = ( GEOMETRIC_REPRESENTATION_CONTEXT(2) 
PARAMETRIC_REPRESENTATION_CONTEXT() REPRESENTATION_CONTEXT('2D SPACE',''
  ) );
#8761 = PCURVE('',#8229,#8762);
#8762 = DEFINITIONAL_REPRESENTATION('',(#8763),#8767);
#8763 = LINE('',#8764,#8765);
#8764 = CARTESIAN_POINT('',(0.,-0.));
#8765 = VECTOR('',#8766,1.);
#8766 = DIRECTION('',(0.,1.));
#8767 = ( GEOMETRIC_REPRESENTATION_CONTEXT(2) 
PARAMETRIC_REPRESENTATION_CONTEXT() REPRESENTATION_CONTEXT('2D SPACE',''
  ) );
#8768 = ORIENTED_EDGE('',*,*,#8390,.T.);
#8769 = ORIENTED_EDGE('',*,*,#8748,.T.);
#8770 = ( GEOMETRIC_REPRESENTATION_CONTEXT(3) 
GLOBAL_UNCERTAINTY_ASSIGNED_CONTEXT((#8774)) 
GLOBAL_UNIT_ASSIGNED_CONTEXT((#8771,#8772,#8773)) REPRESENTATION_CONTEXT
('Context #1','3D Context with UNIT and UNCERTAINTY') );
#8771 = ( LENGTH_UNIT() NAMED_UNIT(*) SI_UNIT(.MILLI.,.METRE.) );
#8772 = ( NAMED_UNIT(*) PLANE_ANGLE_UNIT() SI_UNIT($,.RADIAN.) );
#8773 = ( NAMED_UNIT(*) SI_UNIT($,.STERADIAN.) SOLID_ANGLE_UNIT() );
#8774 = UNCERTAINTY_MEASURE_WITH_UNIT(LENGTH_MEASURE(1.E-07),#8771,
  'distance_accuracy_value','confusion accuracy');
#8775 = CONTEXT_DEPENDENT_SHAPE_REPRESENTATION(#8776,#8778);
#8776 = ( REPRESENTATION_RELATIONSHIP('','',#36,#10) 
REPRESENTATION_RELATIONSHIP_WITH_TRANSFORMATION(#8777) 
SHAPE_REPRESENTATION_RELATIONSHIP() );
#8777 = ITEM_DEFINED_TRANSFORMATION('','',#11,#15);
#8778 = PRODUCT_DEFINITION_SHAPE('Placement','Placement of an item',
  #8779);
#8779 = NEXT_ASSEMBLY_USAGE_OCCURRENCE('388','=>[0:1:1:2]','',#5,#31,$);
#8780 = PRODUCT_RELATED_PRODUCT_CATEGORY('part',$,(#33));
#8781 = SHAPE_DEFINITION_REPRESENTATION(#8782,#8788);
#8782 = PRODUCT_DEFINITION_SHAPE('','',#8783);
#8783 = PRODUCT_DEFINITION('design','',#8784,#8787);
#8784 = PRODUCT_DEFINITION_FORMATION('','',#8785);
#8785 = PRODUCT('COMPOUND','COMPOUND','',(#8786));
#8786 = PRODUCT_CONTEXT('',#2,'mechanical');
#8787 = PRODUCT_DEFINITION_CONTEXT('part definition',#2,'design');
#8788 = ADVANCED_BREP_SHAPE_REPRESENTATION('',(#11,#8789),#9119);
#8789 = MANIFOLD_SOLID_BREP('',#8790);
#8790 = CLOSED_SHELL('',(#8791,#8911,#9011,#9058,#9105,#9112));
#8791 = ADVANCED_FACE('',(#8792),#8806,.F.);
#8792 = FACE_BOUND('',#8793,.F.);
#8793 = EDGE_LOOP('',(#8794,#8829,#8857,#8885));
#8794 = ORIENTED_EDGE('',*,*,#8795,.F.);
#8795 = EDGE_CURVE('',#8796,#8798,#8800,.T.);
#8796 = VERTEX_POINT('',#8797);
#8797 = CARTESIAN_POINT('',(-1.5,-35.,-25.));
#8798 = VERTEX_POINT('',#8799);
#8799 = CARTESIAN_POINT('',(-1.5,-35.,25.));
#8800 = SURFACE_CURVE('',#8801,(#8805,#8817),.PCURVE_S1.);
#8801 = LINE('',#8802,#8803);
#8802 = CARTESIAN_POINT('',(-1.5,-35.,-25.));
#8803 = VECTOR('',#8804,1.);
#8804 = DIRECTION('',(0.,0.,1.));
#8805 = PCURVE('',#8806,#8811);
#8806 = PLANE('',#8807);
#8807 = AXIS2_PLACEMENT_3D('',#8808,#8809,#8810);
#8808 = CARTESIAN_POINT('',(-1.5,-35.,-25.));
#8809 = DIRECTION('',(1.,0.,-0.));
#8810 = DIRECTION('',(0.,0.,1.));
#8811 = DEFINITIONAL_REPRESENTATION('',(#8812),#8816);
#8812 = LINE('',#8813,#8814);
#8813 = CARTESIAN_POINT('',(0.,0.));
#8814 = VECTOR('',#8815,1.);
#8815 = DIRECTION('',(1.,0.));
#8816 = ( GEOMETRIC_REPRESENTATION_CONTEXT(2) 
PARAMETRIC_REPRESENTATION_CONTEXT() REPRESENTATION_CONTEXT('2D SPACE',''
  ) );
#8817 = PCURVE('',#8818,#8823);
#8818 = PLANE('',#8819);
#8819 = AXIS2_PLACEMENT_3D('',#8820,#8821,#8822);
#8820 = CARTESIAN_POINT('',(-1.5,-35.,-25.));
#8821 = DIRECTION('',(-0.,1.,0.));
#8822 = DIRECTION('',(0.,0.,1.));
#8823 = DEFINITIONAL_REPRESENTATION('',(#8824),#8828);
#8824 = LINE('',#8825,#8826);
#8825 = CARTESIAN_POINT('',(0.,0.));
#8826 = VECTOR('',#8827,1.);
#8827 = DIRECTION('',(1.,0.));
#8828 = ( GEOMETRIC_REPRESENTATION_CONTEXT(2) 
PARAMETRIC_REPRESENTATION_CONTEXT() REPRESENTATION_CONTEXT('2D SPACE',''
  ) );
#8829 = ORIENTED_EDGE('',*,*,#8830,.T.);
#8830 = EDGE_CURVE('',#8796,#8831,#8833,.T.);
#8831 = VERTEX_POINT('',#8832);
#8832 = CARTESIAN_POINT('',(-1.5,35.,-25.));
#8833 = SURFACE_CURVE('',#8834,(#8838,#8845),.PCURVE_S1.);
#8834 = LINE('',#8835,#8836);
#8835 = CARTESIAN_POINT('',(-1.5,-35.,-25.));
#8836 = VECTOR('',#8837,1.);
#8837 = DIRECTION('',(-0.,1.,0.));
#8838 = PCURVE('',#8806,#8839);
#8839 = DEFINITIONAL_REPRESENTATION('',(#8840),#8844);
#8840 = LINE('',#8841,#8842);
#8841 = CARTESIAN_POINT('',(0.,0.));
#8842 = VECTOR('',#8843,1.);
#8843 = DIRECTION('',(0.,-1.));
#8844 = ( GEOMETRIC_REPRESENTATION_CONTEXT(2) 
PARAMETRIC_REPRESENTATION_CONTEXT() REPRESENTATION_CONTEXT('2D SPACE',''
  ) );
#8845 = PCURVE('',#8846,#8851);
#8846 = PLANE('',#8847);
#8847 = AXIS2_PLACEMENT_3D('',#8848,#8849,#8850);
#8848 = CARTESIAN_POINT('',(-1.5,-35.,-25.));
#8849 = DIRECTION('',(0.,0.,1.));
#8850 = DIRECTION('',(1.,0.,-0.));
#8851 = DEFINITIONAL_REPRESENTATION('',(#8852),#8856);
#8852 = LINE('',#8853,#8854);
#8853 = CARTESIAN_POINT('',(0.,0.));
#8854 = VECTOR('',#8855,1.);
#8855 = DIRECTION('',(0.,1.));
#8856 = ( GEOMETRIC_REPRESENTATION_CONTEXT(2) 
PARAMETRIC_REPRESENTATION_CONTEXT() REPRESENTATION_CONTEXT('2D SPACE',''
  ) );
#8857 = ORIENTED_EDGE('',*,*,#8858,.T.);
#8858 = EDGE_CURVE('',#8831,#8859,#8861,.T.);
#8859 = VERTEX_POINT('',#8860);
#8860 = CARTESIAN_POINT('',(-1.5,35.,25.));
#8861 = SURFACE_CURVE('',#8862,(#8866,#8873),.PCURVE_S1.);
#8862 = LINE('',#8863,#8864);
#8863 = CARTESIAN_POINT('',(-1.5,35.,-25.));
#8864 = VECTOR('',#8865,1.);
#8865 = DIRECTION('',(0.,0.,1.));
#8866 = PCURVE('',#8806,#8867);
#8867 = DEFINITIONAL_REPRESENTATION('',(#8868),#8872);
#8868 = LINE('',#8869,#8870);
#8869 = CARTESIAN_POINT('',(0.,-70.));
#8870 = VECTOR('',#8871,1.);
#8871 = DIRECTION('',(1.,0.));
#8872 = ( GEOMETRIC_REPRESENTATION_CONTEXT(2) 
PARAMETRIC_REPRESENTATION_CONTEXT() REPRESENTATION_CONTEXT('2D SPACE',''
  ) );
#8873 = PCURVE('',#8874,#8879);
#8874 = PLANE('',#8875);
#8875 = AXIS2_PLACEMENT_3D('',#8876,#8877,#8878);
#8876 = CARTESIAN_POINT('',(-1.5,35.,-25.));
#8877 = DIRECTION('',(-0.,1.,0.));
#8878 = DIRECTION('',(0.,0.,1.));
#8879 = DEFINITIONAL_REPRESENTATION('',(#8880),#8884);
#8880 = LINE('',#8881,#8882);
#8881 = CARTESIAN_POINT('',(0.,0.));
#8882 = VECTOR('',#8883,1.);
#8883 = DIRECTION('',(1.,0.));
#8884 = ( GEOMETRIC_REPRESENTATION_CONTEXT(2) 
PARAMETRIC_REPRESENTATION_CONTEXT() REPRESENTATION_CONTEXT('2D SPACE',''
  ) );
#8885 = ORIENTED_EDGE('',*,*,#8886,.F.);
#8886 = EDGE_CURVE('',#8798,#8859,#8887,.T.);
#8887 = SURFACE_CURVE('',#8888,(#8892,#8899),.PCURVE_S1.);
#8888 = LINE('',#8889,#8890);
#8889 = CARTESIAN_POINT('',(-1.5,-35.,25.));
#8890 = VECTOR('',#8891,1.);
#8891 = DIRECTION('',(-0.,1.,0.));
#8892 = PCURVE('',#8806,#8893);
#8893 = DEFINITIONAL_REPRESENTATION('',(#8894),#8898);
#8894 = LINE('',#8895,#8896);
#8895 = CARTESIAN_POINT('',(50.,0.));
#8896 = VECTOR('',#8897,1.);
#8897 = DIRECTION('',(0.,-1.));
#8898 = ( GEOMETRIC_REPRESENTATION_CONTEXT(2) 
PARAMETRIC_REPRESENTATION_CONTEXT() REPRESENTATION_CONTEXT('2D SPACE',''
  ) );
#8899 = PCURVE('',#8900,#8905);
#8900 = PLANE('',#8901);
#8901 = AXIS2_PLACEMENT_3D('',#8902,#8903,#8904);
#8902 = CARTESIAN_POINT('',(-1.5,-35.,25.));
#8903 = DIRECTION('',(0.,0.,1.));
#8904 = DIRECTION('',(1.,0.,-0.));
#8905 = DEFINITIONAL_REPRESENTATION('',(#8906),#8910);
#8906 = LINE('',#8907,#8908);
#8907 = CARTESIAN_POINT('',(0.,0.));
#8908 = VECTOR('',#8909,1.);
#8909 = DIRECTION('',(0.,1.));
#8910 = ( GEOMETRIC_REPRESENTATION_CONTEXT(2) 
PARAMETRIC_REPRESENTATION_CONTEXT() REPRESENTATION_CONTEXT('2D SPACE',''
  ) );
#8911 = ADVANCED_FACE('',(#8912),#8926,.T.);
#8912 = FACE_BOUND('',#8913,.T.);
#8913 = EDGE_LOOP('',(#8914,#8944,#8967,#8990));
#8914 = ORIENTED_EDGE('',*,*,#8915,.F.);
#8915 = EDGE_CURVE('',#8916,#8918,#8920,.T.);
#8916 = VERTEX_POINT('',#8917);
#8917 = CARTESIAN_POINT('',(1.5,-35.,-25.));
#8918 = VERTEX_POINT('',#8919);
#8919 = CARTESIAN_POINT('',(1.5,-35.,25.));
#8920 = SURFACE_CURVE('',#8921,(#8925,#8937),.PCURVE_S1.);
#8921 = LINE('',#8922,#8923);
#8922 = CARTESIAN_POINT('',(1.5,-35.,-25.));
#8923 = VECTOR('',#8924,1.);
#8924 = DIRECTION('',(0.,0.,1.));
#8925 = PCURVE('',#8926,#8931);
#8926 = PLANE('',#8927);
#8927 = AXIS2_PLACEMENT_3D('',#8928,#8929,#8930);
#8928 = CARTESIAN_POINT('',(1.5,-35.,-25.));
#8929 = DIRECTION('',(1.,0.,-0.));
#8930 = DIRECTION('',(0.,0.,1.));
#8931 = DEFINITIONAL_REPRESENTATION('',(#8932),#8936);
#8932 = LINE('',#8933,#8934);
#8933 = CARTESIAN_POINT('',(0.,0.));
#8934 = VECTOR('',#8935,1.);
#8935 = DIRECTION('',(1.,0.));
#8936 = ( GEOMETRIC_REPRESENTATION_CONTEXT(2) 
PARAMETRIC_REPRESENTATION_CONTEXT() REPRESENTATION_CONTEXT('2D SPACE',''
  ) );
#8937 = PCURVE('',#8818,#8938);
#8938 = DEFINITIONAL_REPRESENTATION('',(#8939),#8943);
#8939 = LINE('',#8940,#8941);
#8940 = CARTESIAN_POINT('',(0.,3.));
#8941 = VECTOR('',#8942,1.);
#8942 = DIRECTION('',(1.,0.));
#8943 = ( GEOMETRIC_REPRESENTATION_CONTEXT(2) 
PARAMETRIC_REPRESENTATION_CONTEXT() REPRESENTATION_CONTEXT('2D SPACE',''
  ) );
#8944 = ORIENTED_EDGE('',*,*,#8945,.T.);
#8945 = EDGE_CURVE('',#8916,#8946,#8948,.T.);
#8946 = VERTEX_POINT('',#8947);
#8947 = CARTESIAN_POINT('',(1.5,35.,-25.));
#8948 = SURFACE_CURVE('',#8949,(#8953,#8960),.PCURVE_S1.);
#8949 = LINE('',#8950,#8951);
#8950 = CARTESIAN_POINT('',(1.5,-35.,-25.));
#8951 = VECTOR('',#8952,1.);
#8952 = DIRECTION('',(-0.,1.,0.));
#8953 = PCURVE('',#8926,#8954);
#8954 = DEFINITIONAL_REPRESENTATION('',(#8955),#8959);
#8955 = LINE('',#8956,#8957);
#8956 = CARTESIAN_POINT('',(0.,0.));
#8957 = VECTOR('',#8958,1.);
#8958 = DIRECTION('',(0.,-1.));
#8959 = ( GEOMETRIC_REPRESENTATION_CONTEXT(2) 
PARAMETRIC_REPRESENTATION_CONTEXT() REPRESENTATION_CONTEXT('2D SPACE',''
  ) );
#8960 = PCURVE('',#8846,#8961);
#8961 = DEFINITIONAL_REPRESENTATION('',(#8962),#8966);
#8962 = LINE('',#8963,#8964);
#8963 = CARTESIAN_POINT('',(3.,0.));
#8964 = VECTOR('',#8965,1.);
#8965 = DIRECTION('',(0.,1.));
#8966 = ( GEOMETRIC_REPRESENTATION_CONTEXT(2) 
PARAMETRIC_REPRESENTATION_CONTEXT() REPRESENTATION_CONTEXT('2D SPACE',''
  ) );
#8967 = ORIENTED_EDGE('',*,*,#8968,.T.);
#8968 = EDGE_CURVE('',#8946,#8969,#8971,.T.);
#8969 = VERTEX_POINT('',#8970);
#8970 = CARTESIAN_POINT('',(1.5,35.,25.));
#8971 = SURFACE_CURVE('',#8972,(#8976,#8983),.PCURVE_S1.);
#8972 = LINE('',#8973,#8974);
#8973 = CARTESIAN_POINT('',(1.5,35.,-25.));
#8974 = VECTOR('',#8975,1.);
#8975 = DIRECTION('',(0.,0.,1.));
#8976 = PCURVE('',#8926,#8977);
#8977 = DEFINITIONAL_REPRESENTATION('',(#8978),#8982);
#8978 = LINE('',#8979,#8980);
#8979 = CARTESIAN_POINT('',(0.,-70.));
#8980 = VECTOR('',#8981,1.);
#8981 = DIRECTION('',(1.,0.));
#8982 = ( GEOMETRIC_REPRESENTATION_CONTEXT(2) 
PARAMETRIC_REPRESENTATION_CONTEXT() REPRESENTATION_CONTEXT('2D SPACE',''
  ) );
#8983 = PCURVE('',#8874,#8984);
#8984 = DEFINITIONAL_REPRESENTATION('',(#8985),#8989);
#8985 = LINE('',#8986,#8987);
#8986 = CARTESIAN_POINT('',(0.,3.));
#8987 = VECTOR('',#8988,1.);
#8988 = DIRECTION('',(1.,0.));
#8989 = ( GEOMETRIC_REPRESENTATION_CONTEXT(2) 
PARAMETRIC_REPRESENTATION_CONTEXT() REPRESENTATION_CONTEXT('2D SPACE',''
  ) );
#8990 = ORIENTED_EDGE('',*,*,#8991,.F.);
#8991 = EDGE_CURVE('',#8918,#8969,#8992,.T.);
#8992 = SURFACE_CURVE('',#8993,(#8997,#9004),.PCURVE_S1.);
#8993 = LINE('',#8994,#8995);
#8994 = CARTESIAN_POINT('',(1.5,-35.,25.));
#8995 = VECTOR('',#8996,1.);
#8996 = DIRECTION('',(-0.,1.,0.));
#8997 = PCURVE('',#8926,#8998);
#8998 = DEFINITIONAL_REPRESENTATION('',(#8999),#9003);
#8999 = LINE('',#9000,#9001);
#9000 = CARTESIAN_POINT('',(50.,0.));
#9001 = VECTOR('',#9002,1.);
#9002 = DIRECTION('',(0.,-1.));
#9003 = ( GEOMETRIC_REPRESENTATION_CONTEXT(2) 
PARAMETRIC_REPRESENTATION_CONTEXT() REPRESENTATION_CONTEXT('2D SPACE',''
  ) );
#9004 = PCURVE('',#8900,#9005);
#9005 = DEFINITIONAL_REPRESENTATION('',(#9006),#9010);
#9006 = LINE('',#9007,#9008);
#9007 = CARTESIAN_POINT('',(3.,0.));
#9008 = VECTOR('',#9009,1.);
#9009 = DIRECTION('',(0.,1.));
#9010 = ( GEOMETRIC_REPRESENTATION_CONTEXT(2) 
PARAMETRIC_REPRESENTATION_CONTEXT() REPRESENTATION_CONTEXT('2D SPACE',''
  ) );
#9011 = ADVANCED_FACE('',(#9012),#8818,.F.);
#9012 = FACE_BOUND('',#9013,.F.);
#9013 = EDGE_LOOP('',(#9014,#9035,#9036,#9057));
#9014 = ORIENTED_EDGE('',*,*,#9015,.F.);
#9015 = EDGE_CURVE('',#8796,#8916,#9016,.T.);
#9016 = SURFACE_CURVE('',#9017,(#9021,#9028),.PCURVE_S1.);
#9017 = LINE('',#9018,#9019);
#9018 = CARTESIAN_POINT('',(-1.5,-35.,-25.));
#9019 = VECTOR('',#9020,1.);
#9020 = DIRECTION('',(1.,0.,-0.));
#9021 = PCURVE('',#8818,#9022);
#9022 = DEFINITIONAL_REPRESENTATION('',(#9023),#9027);
#9023 = LINE('',#9024,#9025);
#9024 = CARTESIAN_POINT('',(0.,0.));
#9025 = VECTOR('',#9026,1.);
#9026 = DIRECTION('',(0.,1.));
#9027 = ( GEOMETRIC_REPRESENTATION_CONTEXT(2) 
PARAMETRIC_REPRESENTATION_CONTEXT() REPRESENTATION_CONTEXT('2D SPACE',''
  ) );
#9028 = PCURVE('',#8846,#9029);
#9029 = DEFINITIONAL_REPRESENTATION('',(#9030),#9034);
#9030 = LINE('',#9031,#9032);
#9031 = CARTESIAN_POINT('',(0.,0.));
#9032 = VECTOR('',#9033,1.);
#9033 = DIRECTION('',(1.,0.));
#9034 = ( GEOMETRIC_REPRESENTATION_CONTEXT(2) 
PARAMETRIC_REPRESENTATION_CONTEXT() REPRESENTATION_CONTEXT('2D SPACE',''
  ) );
#9035 = ORIENTED_EDGE('',*,*,#8795,.T.);
#9036 = ORIENTED_EDGE('',*,*,#9037,.T.);
#9037 = EDGE_CURVE('',#8798,#8918,#9038,.T.);
#9038 = SURFACE_CURVE('',#9039,(#9043,#9050),.PCURVE_S1.);
#9039 = LINE('',#9040,#9041);
#9040 = CARTESIAN_POINT('',(-1.5,-35.,25.));
#9041 = VECTOR('',#9042,1.);
#9042 = DIRECTION('',(1.,0.,-0.));
#9043 = PCURVE('',#8818,#9044);
#9044 = DEFINITIONAL_REPRESENTATION('',(#9045),#9049);
#9045 = LINE('',#9046,#9047);
#9046 = CARTESIAN_POINT('',(50.,0.));
#9047 = VECTOR('',#9048,1.);
#9048 = DIRECTION('',(0.,1.));
#9049 = ( GEOMETRIC_REPRESENTATION_CONTEXT(2) 
PARAMETRIC_REPRESENTATION_CONTEXT() REPRESENTATION_CONTEXT('2D SPACE',''
  ) );
#9050 = PCURVE('',#8900,#9051);
#9051 = DEFINITIONAL_REPRESENTATION('',(#9052),#9056);
#9052 = LINE('',#9053,#9054);
#9053 = CARTESIAN_POINT('',(0.,0.));
#9054 = VECTOR('',#9055,1.);
#9055 = DIRECTION('',(1.,0.));
#9056 = ( GEOMETRIC_REPRESENTATION_CONTEXT(2) 
PARAMETRIC_REPRESENTATION_CONTEXT() REPRESENTATION_CONTEXT('2D SPACE',''
  ) );
#9057 = ORIENTED_EDGE('',*,*,#8915,.F.);
#9058 = ADVANCED_FACE('',(#9059),#8874,.T.);
#9059 = FACE_BOUND('',#9060,.T.);
#9060 = EDGE_LOOP('',(#9061,#9082,#9083,#9104));
#9061 = ORIENTED_EDGE('',*,*,#9062,.F.);
#9062 = EDGE_CURVE('',#8831,#8946,#9063,.T.);
#9063 = SURFACE_CURVE('',#9064,(#9068,#9075),.PCURVE_S1.);
#9064 = LINE('',#9065,#9066);
#9065 = CARTESIAN_POINT('',(-1.5,35.,-25.));
#9066 = VECTOR('',#9067,1.);
#9067 = DIRECTION('',(1.,0.,-0.));
#9068 = PCURVE('',#8874,#9069);
#9069 = DEFINITIONAL_REPRESENTATION('',(#9070),#9074);
#9070 = LINE('',#9071,#9072);
#9071 = CARTESIAN_POINT('',(0.,0.));
#9072 = VECTOR('',#9073,1.);
#9073 = DIRECTION('',(0.,1.));
#9074 = ( GEOMETRIC_REPRESENTATION_CONTEXT(2) 
PARAMETRIC_REPRESENTATION_CONTEXT() REPRESENTATION_CONTEXT('2D SPACE',''
  ) );
#9075 = PCURVE('',#8846,#9076);
#9076 = DEFINITIONAL_REPRESENTATION('',(#9077),#9081);
#9077 = LINE('',#9078,#9079);
#9078 = CARTESIAN_POINT('',(0.,70.));
#9079 = VECTOR('',#9080,1.);
#9080 = DIRECTION('',(1.,0.));
#9081 = ( GEOMETRIC_REPRESENTATION_CONTEXT(2) 
PARAMETRIC_REPRESENTATION_CONTEXT() REPRESENTATION_CONTEXT('2D SPACE',''
  ) );
#9082 = ORIENTED_EDGE('',*,*,#8858,.T.);
#9083 = ORIENTED_EDGE('',*,*,#9084,.T.);
#9084 = EDGE_CURVE('',#8859,#8969,#9085,.T.);
#9085 = SURFACE_CURVE('',#9086,(#9090,#9097),.PCURVE_S1.);
#9086 = LINE('',#9087,#9088);
#9087 = CARTESIAN_POINT('',(-1.5,35.,25.));
#9088 = VECTOR('',#9089,1.);
#9089 = DIRECTION('',(1.,0.,-0.));
#9090 = PCURVE('',#8874,#9091);
#9091 = DEFINITIONAL_REPRESENTATION('',(#9092),#9096);
#9092 = LINE('',#9093,#9094);
#9093 = CARTESIAN_POINT('',(50.,0.));
#9094 = VECTOR('',#9095,1.);
#9095 = DIRECTION('',(0.,1.));
#9096 = ( GEOMETRIC_REPRESENTATION_CONTEXT(2) 
PARAMETRIC_REPRESENTATION_CONTEXT() REPRESENTATION_CONTEXT('2D SPACE',''
  ) );
#9097 = PCURVE('',#8900,#9098);
#9098 = DEFINITIONAL_REPRESENTATION('',(#9099),#9103);
#9099 = LINE('',#9100,#9101);
#9100 = CARTESIAN_POINT('',(0.,70.));
#9101 = VECTOR('',#9102,1.);
#9102 = DIRECTION('',(1.,0.));
#9103 = ( GEOMETRIC_REPRESENTATION_CONTEXT(2) 
PARAMETRIC_REPRESENTATION_CONTEXT() REPRESENTATION_CONTEXT('2D SPACE',''
  ) );
#9104 = ORIENTED_EDGE('',*,*,#8968,.F.);
#9105 = ADVANCED_FACE('',(#9106),#8846,.F.);
#9106 = FACE_BOUND('',#9107,.F.);
#9107 = EDGE_LOOP('',(#9108,#9109,#9110,#9111));
#9108 = ORIENTED_EDGE('',*,*,#8830,.F.);
#9109 = ORIENTED_EDGE('',*,*,#9015,.T.);
#9110 = ORIENTED_EDGE('',*,*,#8945,.T.);
#9111 = ORIENTED_EDGE('',*,*,#9062,.F.);
#9112 = ADVANCED_FACE('',(#9113),#8900,.T.);
#9113 = FACE_BOUND('',#9114,.T.);
#9114 = EDGE_LOOP('',(#9115,#9116,#9117,#9118));
#9115 = ORIENTED_EDGE('',*,*,#8886,.F.);
#9116 = ORIENTED_EDGE('',*,*,#9037,.T.);
#9117 = ORIENTED_EDGE('',*,*,#8991,.T.);
#9118 = ORIENTED_EDGE('',*,*,#9084,.F.);
#9119 = ( GEOMETRIC_REPRESENTATION_CONTEXT(3) 
GLOBAL_UNCERTAINTY_ASSIGNED_CONTEXT((#9123)) 
GLOBAL_UNIT_ASSIGNED_CONTEXT((#9120,#9121,#9122)) REPRESENTATION_CONTEXT
('Context #1','3D Context with UNIT and UNCERTAINTY') );
#9120 = ( LENGTH_UNIT() NAMED_UNIT(*) SI_UNIT(.MILLI.,.METRE.) );
#9121 = ( NAMED_UNIT(*) PLANE_ANGLE_UNIT() SI_UNIT($,.RADIAN.) );
#9122 = ( NAMED_UNIT(*) SI_UNIT($,.STERADIAN.) SOLID_ANGLE_UNIT() );
#9123 = UNCERTAINTY_MEASURE_WITH_UNIT(LENGTH_MEASURE(1.E-07),#9120,
  'distance_accuracy_value','confusion accuracy');
#9124 = CONTEXT_DEPENDENT_SHAPE_REPRESENTATION(#9125,#9127);
#9125 = ( REPRESENTATION_RELATIONSHIP('','',#8788,#10) 
REPRESENTATION_RELATIONSHIP_WITH_TRANSFORMATION(#9126) 
SHAPE_REPRESENTATION_RELATIONSHIP() );
#9126 = ITEM_DEFINED_TRANSFORMATION('','',#11,#19);
#9127 = PRODUCT_DEFINITION_SHAPE('Placement','Placement of an item',
  #9128);
#9128 = NEXT_ASSEMBLY_USAGE_OCCURRENCE('389','=>[0:1:1:3]','',#5,#8783,$
  );
#9129 = PRODUCT_RELATED_PRODUCT_CATEGORY('part',$,(#8785));
ENDSEC;
END-ISO-10303-21;
