ISO-10303-21;
HEADER;
FILE_DESCRIPTION(('Open CASCADE Model'),'2;1');
FILE_NAME('Open CASCADE Shape Model','2026-10-01T08:50:04',('Author'),(
    'Open CASCADE'),'Open CASCADE STEP processor 8.0','build123d',
  'Unknown');
FILE_SCHEMA(('AUTOMOTIVE_DESIGN { 1 0 10303 214 1 1 1 1 }'));
ENDSEC;
DATA;
#1 = APPLICATION_PROTOCOL_DEFINITION('international standard',
  'automotive_design',2000,#2);
#2 = APPLICATION_CONTEXT(
  'core data for automotive mechanical design processes');
#3 = SHAPE_DEFINITION_REPRESENTATION(#4,#10);
#4 = PRODUCT_DEFINITION_SHAPE('','',#5);
#5 = PRODUCT_DEFINITION('design','',#6,#9);
#6 = PRODUCT_DEFINITION_FORMATION('','',#7);
#7 = PRODUCT('COMPOUND','COMPOUND','',(#8));
#8 = PRODUCT_CONTEXT('',#2,'mechanical');
#9 = PRODUCT_DEFINITION_CONTEXT('part definition',#2,'design');
#10 = SHAPE_REPRESENTATION('',(#11,#15,#19,#23,#27,#31,#35),#39);
#11 = AXIS2_PLACEMENT_3D('',#12,#13,#14);
#12 = CARTESIAN_POINT('',(0.,0.,0.));
#13 = DIRECTION('',(0.,0.,1.));
#14 = DIRECTION('',(1.,0.,-0.));
#15 = AXIS2_PLACEMENT_3D('',#16,#17,#18);
#16 = CARTESIAN_POINT('',(0.,0.,0.));
#17 = DIRECTION('',(0.,0.,1.));
#18 = DIRECTION('',(1.,0.,-0.));
#19 = AXIS2_PLACEMENT_3D('',#20,#21,#22);
#20 = CARTESIAN_POINT('',(0.,0.,0.));
#21 = DIRECTION('',(0.,0.,1.));
#22 = DIRECTION('',(1.,0.,-0.));
#23 = AXIS2_PLACEMENT_3D('',#24,#25,#26);
#24 = CARTESIAN_POINT('',(0.,0.,0.));
#25 = DIRECTION('',(0.,0.,1.));
#26 = DIRECTION('',(1.,0.,-0.));
#27 = AXIS2_PLACEMENT_3D('',#28,#29,#30);
#28 = CARTESIAN_POINT('',(0.,0.,0.));
#29 = DIRECTION('',(0.,0.,1.));
#30 = DIRECTION('',(1.,0.,-0.));
#31 = AXIS2_PLACEMENT_3D('',#32,#33,#34);
#32 = CARTESIAN_POINT('',(0.,0.,0.));
#33 = DIRECTION('',(0.,0.,1.));
#34 = DIRECTION('',(1.,0.,-0.));
#35 = AXIS2_PLACEMENT_3D('',#36,#37,#38);
#36 = CARTESIAN_POINT('',(0.,0.,0.));
#37 = DIRECTION('',(0.,0.,1.));
#38 = DIRECTION('',(1.,0.,-0.));
#39 = ( GEOMETRIC_REPRESENTATION_CONTEXT(3) 
GLOBAL_UNCERTAINTY_ASSIGNED_CONTEXT((#43)) GLOBAL_UNIT_ASSIGNED_CONTEXT(
(#40,#41,#42)) REPRESENTATION_CONTEXT('Context #1',
  '3D Context with UNIT and UNCERTAINTY') );
#40 = ( LENGTH_UNIT() NAMED_UNIT(*) SI_UNIT(.MILLI.,.METRE.) );
#41 = ( NAMED_UNIT(*) PLANE_ANGLE_UNIT() SI_UNIT($,.RADIAN.) );
#42 = ( NAMED_UNIT(*) SI_UNIT($,.STERADIAN.) SOLID_ANGLE_UNIT() );
#43 = UNCERTAINTY_MEASURE_WITH_UNIT(LENGTH_MEASURE(1.E-07),#40,
  'distance_accuracy_value','confusion accuracy');
#44 = PRODUCT_RELATED_PRODUCT_CATEGORY('part',$,(#7));
#45 = SHAPE_DEFINITION_REPRESENTATION(#46,#52);
#46 = PRODUCT_DEFINITION_SHAPE('','',#47);
#47 = PRODUCT_DEFINITION('design','',#48,#51);
#48 = PRODUCT_DEFINITION_FORMATION('','',#49);
#49 = PRODUCT('SOLID','SOLID','',(#50));
#50 = PRODUCT_CONTEXT('',#2,'mechanical');
#51 = PRODUCT_DEFINITION_CONTEXT('part definition',#2,'design');
#52 = ADVANCED_BREP_SHAPE_REPRESENTATION('',(#11,#53),#1205);
#53 = MANIFOLD_SOLID_BREP('',#54);
#54 = CLOSED_SHELL('',(#55,#531,#566,#659,#706,#756,#781,#850,#900,#950,
    #975,#1165));
#55 = ADVANCED_FACE('',(#56,#248,#360),#70,.T.);
#56 = FACE_BOUND('',#57,.T.);
#57 = EDGE_LOOP('',(#58,#88,#117,#143,#172,#198,#220,#221));
#58 = ORIENTED_EDGE('',*,*,#59,.T.);
#59 = EDGE_CURVE('',#60,#62,#64,.T.);
#60 = VERTEX_POINT('',#61);
#61 = CARTESIAN_POINT('',(332.0242847293,-3.57596865351E-15,
    434.13816583401));
#62 = VERTEX_POINT('',#63);
#63 = CARTESIAN_POINT('',(246.51924889788,-3.57596865351E-15,
    669.06132103049));
#64 = SEAM_CURVE('',#65,(#69,#81),.PCURVE_S1.);
#65 = LINE('',#66,#67);
#66 = CARTESIAN_POINT('',(332.0242847293,-3.57596865351E-15,
    434.13816583401));
#67 = VECTOR('',#68,1.);
#68 = DIRECTION('',(-0.342020143326,-1.232595164408E-32,0.939692620786)
  );
#69 = PCURVE('',#70,#75);
#70 = CYLINDRICAL_SURFACE('',#71,14.6);
#71 = AXIS2_PLACEMENT_3D('',#72,#73,#74);
#72 = CARTESIAN_POINT('',(318.30477246583,0.,429.14467174146));
#73 = DIRECTION('',(-0.342020143326,0.,0.939692620786));
#74 = DIRECTION('',(0.939692620786,0.,0.342020143326));
#75 = DEFINITIONAL_REPRESENTATION('',(#76),#80);
#76 = LINE('',#77,#78);
#77 = CARTESIAN_POINT('',(6.28318530718,-0.));
#78 = VECTOR('',#79,1.);
#79 = DIRECTION('',(0.,1.));
#80 = ( GEOMETRIC_REPRESENTATION_CONTEXT(2) 
PARAMETRIC_REPRESENTATION_CONTEXT() REPRESENTATION_CONTEXT('2D SPACE',''
  ) );
#81 = PCURVE('',#70,#82);
#82 = DEFINITIONAL_REPRESENTATION('',(#83),#87);
#83 = LINE('',#84,#85);
#84 = CARTESIAN_POINT('',(0.,-0.));
#85 = VECTOR('',#86,1.);
#86 = DIRECTION('',(0.,1.));
#87 = ( GEOMETRIC_REPRESENTATION_CONTEXT(2) 
PARAMETRIC_REPRESENTATION_CONTEXT() REPRESENTATION_CONTEXT('2D SPACE',''
  ) );
#88 = ORIENTED_EDGE('',*,*,#89,.F.);
#89 = EDGE_CURVE('',#90,#62,#92,.T.);
#90 = VERTEX_POINT('',#91);
#91 = CARTESIAN_POINT('',(219.11244345694,-1.,659.08605963366));
#92 = SURFACE_CURVE('',#93,(#98,#105),.PCURVE_S1.);
#93 = CIRCLE('',#94,14.6);
#94 = AXIS2_PLACEMENT_3D('',#95,#96,#97);
#95 = CARTESIAN_POINT('',(232.79973663441,0.,664.06782693794));
#96 = DIRECTION('',(-0.342020143326,0.,0.939692620786));
#97 = DIRECTION('',(0.939692620786,0.,0.342020143326));
#98 = PCURVE('',#70,#99);
#99 = DEFINITIONAL_REPRESENTATION('',(#100),#104);
#100 = LINE('',#101,#102);
#101 = CARTESIAN_POINT('',(0.,250.));
#102 = VECTOR('',#103,1.);
#103 = DIRECTION('',(1.,0.));
#104 = ( GEOMETRIC_REPRESENTATION_CONTEXT(2) 
PARAMETRIC_REPRESENTATION_CONTEXT() REPRESENTATION_CONTEXT('2D SPACE',''
  ) );
#105 = PCURVE('',#106,#111);
#106 = PLANE('',#107);
#107 = AXIS2_PLACEMENT_3D('',#108,#109,#110);
#108 = CARTESIAN_POINT('',(232.79973663441,0.,664.06782693794));
#109 = DIRECTION('',(-0.342020143326,0.,0.939692620786));
#110 = DIRECTION('',(0.939692620786,0.,0.342020143326));
#111 = DEFINITIONAL_REPRESENTATION('',(#112),#116);
#112 = CIRCLE('',#113,14.6);
#113 = AXIS2_PLACEMENT_2D('',#114,#115);
#114 = CARTESIAN_POINT('',(0.,0.));
#115 = DIRECTION('',(1.,0.));
#116 = ( GEOMETRIC_REPRESENTATION_CONTEXT(2) 
PARAMETRIC_REPRESENTATION_CONTEXT() REPRESENTATION_CONTEXT('2D SPACE',''
  ) );
#117 = ORIENTED_EDGE('',*,*,#118,.F.);
#118 = EDGE_CURVE('',#119,#90,#121,.T.);
#119 = VERTEX_POINT('',#120);
#120 = CARTESIAN_POINT('',(227.66294704008,-1.,635.59374411401));
#121 = SURFACE_CURVE('',#122,(#126,#132),.PCURVE_S1.);
#122 = LINE('',#123,#124);
#123 = CARTESIAN_POINT('',(304.61747928836,-1.,424.16290443718));
#124 = VECTOR('',#125,1.);
#125 = DIRECTION('',(-0.342020143326,0.,0.939692620786));
#126 = PCURVE('',#70,#127);
#127 = DEFINITIONAL_REPRESENTATION('',(#128),#131);
#128 = B_SPLINE_CURVE_WITH_KNOTS('',1,(#129,#130),.UNSPECIFIED.,.F.,.F.,
  (2,2),(222.4,250.0000006),.PIECEWISE_BEZIER_KNOTS.);
#129 = CARTESIAN_POINT('',(3.210139471435,222.4));
#130 = CARTESIAN_POINT('',(3.210139471435,250.0000006));
#131 = ( GEOMETRIC_REPRESENTATION_CONTEXT(2) 
PARAMETRIC_REPRESENTATION_CONTEXT() REPRESENTATION_CONTEXT('2D SPACE',''
  ) );
#132 = PCURVE('',#133,#138);
#133 = PLANE('',#134);
#134 = AXIS2_PLACEMENT_3D('',#135,#136,#137);
#135 = CARTESIAN_POINT('',(224.81165009172,-1.,634.55595689576));
#136 = DIRECTION('',(0.,1.,0.));
#137 = DIRECTION('',(-0.342020143326,0.,0.939692620786));
#138 = DEFINITIONAL_REPRESENTATION('',(#139),#142);
#139 = B_SPLINE_CURVE_WITH_KNOTS('',1,(#140,#141),.UNSPECIFIED.,.F.,.F.,
  (2,2),(222.4,250.0000006),.PIECEWISE_BEZIER_KNOTS.);
#140 = CARTESIAN_POINT('',(-2.6,3.034286835173));
#141 = CARTESIAN_POINT('',(25.0000006,3.034286835173));
#142 = ( GEOMETRIC_REPRESENTATION_CONTEXT(2) 
PARAMETRIC_REPRESENTATION_CONTEXT() REPRESENTATION_CONTEXT('2D SPACE',''
  ) );
#143 = ORIENTED_EDGE('',*,*,#144,.F.);
#144 = EDGE_CURVE('',#145,#119,#147,.T.);
#145 = VERTEX_POINT('',#146);
#146 = CARTESIAN_POINT('',(227.66294704008,1.,635.59374411401));
#147 = SURFACE_CURVE('',#148,(#153,#160),.PCURVE_S1.);
#148 = CIRCLE('',#149,14.6);
#149 = AXIS2_PLACEMENT_3D('',#150,#151,#152);
#150 = CARTESIAN_POINT('',(241.35024021755,0.,640.57551141829));
#151 = DIRECTION('',(-0.342020143326,0.,0.939692620786));
#152 = DIRECTION('',(0.939692620786,0.,0.342020143326));
#153 = PCURVE('',#70,#154);
#154 = DEFINITIONAL_REPRESENTATION('',(#155),#159);
#155 = LINE('',#156,#157);
#156 = CARTESIAN_POINT('',(0.,225.));
#157 = VECTOR('',#158,1.);
#158 = DIRECTION('',(1.,0.));
#159 = ( GEOMETRIC_REPRESENTATION_CONTEXT(2) 
PARAMETRIC_REPRESENTATION_CONTEXT() REPRESENTATION_CONTEXT('2D SPACE',''
  ) );
#160 = PCURVE('',#161,#166);
#161 = PLANE('',#162);
#162 = AXIS2_PLACEMENT_3D('',#163,#164,#165);
#163 = CARTESIAN_POINT('',(224.81165009172,-1.,634.55595689576));
#164 = DIRECTION('',(-0.342020143326,0.,0.939692620786));
#165 = DIRECTION('',(0.939692620786,0.,0.342020143326));
#166 = DEFINITIONAL_REPRESENTATION('',(#167),#171);
#167 = CIRCLE('',#168,14.6);
#168 = AXIS2_PLACEMENT_2D('',#169,#170);
#169 = CARTESIAN_POINT('',(17.6,1.));
#170 = DIRECTION('',(1.,0.));
#171 = ( GEOMETRIC_REPRESENTATION_CONTEXT(2) 
PARAMETRIC_REPRESENTATION_CONTEXT() REPRESENTATION_CONTEXT('2D SPACE',''
  ) );
#172 = ORIENTED_EDGE('',*,*,#173,.T.);
#173 = EDGE_CURVE('',#145,#174,#176,.T.);
#174 = VERTEX_POINT('',#175);
#175 = CARTESIAN_POINT('',(219.11244345694,1.,659.08605963366));
#176 = SURFACE_CURVE('',#177,(#181,#187),.PCURVE_S1.);
#177 = LINE('',#178,#179);
#178 = CARTESIAN_POINT('',(304.61747928836,1.,424.16290443718));
#179 = VECTOR('',#180,1.);
#180 = DIRECTION('',(-0.342020143326,0.,0.939692620786));
#181 = PCURVE('',#70,#182);
#182 = DEFINITIONAL_REPRESENTATION('',(#183),#186);
#183 = B_SPLINE_CURVE_WITH_KNOTS('',1,(#184,#185),.UNSPECIFIED.,.F.,.F.,
  (2,2),(222.4,250.0000006),.PIECEWISE_BEZIER_KNOTS.);
#184 = CARTESIAN_POINT('',(3.073045835745,222.4));
#185 = CARTESIAN_POINT('',(3.073045835745,250.0000006));
#186 = ( GEOMETRIC_REPRESENTATION_CONTEXT(2) 
PARAMETRIC_REPRESENTATION_CONTEXT() REPRESENTATION_CONTEXT('2D SPACE',''
  ) );
#187 = PCURVE('',#188,#193);
#188 = PLANE('',#189);
#189 = AXIS2_PLACEMENT_3D('',#190,#191,#192);
#190 = CARTESIAN_POINT('',(224.81165009172,1.,634.55595689576));
#191 = DIRECTION('',(0.,1.,0.));
#192 = DIRECTION('',(-0.342020143326,0.,0.939692620786));
#193 = DEFINITIONAL_REPRESENTATION('',(#194),#197);
#194 = B_SPLINE_CURVE_WITH_KNOTS('',1,(#195,#196),.UNSPECIFIED.,.F.,.F.,
  (2,2),(222.4,250.0000006),.PIECEWISE_BEZIER_KNOTS.);
#195 = CARTESIAN_POINT('',(-2.6,3.034286835173));
#196 = CARTESIAN_POINT('',(25.0000006,3.034286835173));
#197 = ( GEOMETRIC_REPRESENTATION_CONTEXT(2) 
PARAMETRIC_REPRESENTATION_CONTEXT() REPRESENTATION_CONTEXT('2D SPACE',''
  ) );
#198 = ORIENTED_EDGE('',*,*,#199,.F.);
#199 = EDGE_CURVE('',#62,#174,#200,.T.);
#200 = SURFACE_CURVE('',#201,(#206,#213),.PCURVE_S1.);
#201 = CIRCLE('',#202,14.6);
#202 = AXIS2_PLACEMENT_3D('',#203,#204,#205);
#203 = CARTESIAN_POINT('',(232.79973663441,0.,664.06782693794));
#204 = DIRECTION('',(-0.342020143326,0.,0.939692620786));
#205 = DIRECTION('',(0.939692620786,0.,0.342020143326));
#206 = PCURVE('',#70,#207);
#207 = DEFINITIONAL_REPRESENTATION('',(#208),#212);
#208 = LINE('',#209,#210);
#209 = CARTESIAN_POINT('',(0.,250.));
#210 = VECTOR('',#211,1.);
#211 = DIRECTION('',(1.,0.));
#212 = ( GEOMETRIC_REPRESENTATION_CONTEXT(2) 
PARAMETRIC_REPRESENTATION_CONTEXT() REPRESENTATION_CONTEXT('2D SPACE',''
  ) );
#213 = PCURVE('',#106,#214);
#214 = DEFINITIONAL_REPRESENTATION('',(#215),#219);
#215 = CIRCLE('',#216,14.6);
#216 = AXIS2_PLACEMENT_2D('',#217,#218);
#217 = CARTESIAN_POINT('',(0.,0.));
#218 = DIRECTION('',(1.,0.));
#219 = ( GEOMETRIC_REPRESENTATION_CONTEXT(2) 
PARAMETRIC_REPRESENTATION_CONTEXT() REPRESENTATION_CONTEXT('2D SPACE',''
  ) );
#220 = ORIENTED_EDGE('',*,*,#59,.F.);
#221 = ORIENTED_EDGE('',*,*,#222,.T.);
#222 = EDGE_CURVE('',#60,#60,#223,.T.);
#223 = SURFACE_CURVE('',#224,(#229,#236),.PCURVE_S1.);
#224 = CIRCLE('',#225,14.6);
#225 = AXIS2_PLACEMENT_3D('',#226,#227,#228);
#226 = CARTESIAN_POINT('',(318.30477246583,0.,429.14467174146));
#227 = DIRECTION('',(-0.342020143326,0.,0.939692620786));
#228 = DIRECTION('',(0.939692620786,0.,0.342020143326));
#229 = PCURVE('',#70,#230);
#230 = DEFINITIONAL_REPRESENTATION('',(#231),#235);
#231 = LINE('',#232,#233);
#232 = CARTESIAN_POINT('',(0.,0.));
#233 = VECTOR('',#234,1.);
#234 = DIRECTION('',(1.,0.));
#235 = ( GEOMETRIC_REPRESENTATION_CONTEXT(2) 
PARAMETRIC_REPRESENTATION_CONTEXT() REPRESENTATION_CONTEXT('2D SPACE',''
  ) );
#236 = PCURVE('',#237,#242);
#237 = PLANE('',#238);
#238 = AXIS2_PLACEMENT_3D('',#239,#240,#241);
#239 = CARTESIAN_POINT('',(318.30477246583,0.,429.14467174146));
#240 = DIRECTION('',(-0.342020143326,0.,0.939692620786));
#241 = DIRECTION('',(0.939692620786,0.,0.342020143326));
#242 = DEFINITIONAL_REPRESENTATION('',(#243),#247);
#243 = CIRCLE('',#244,14.6);
#244 = AXIS2_PLACEMENT_2D('',#245,#246);
#245 = CARTESIAN_POINT('',(0.,0.));
#246 = DIRECTION('',(1.,0.));
#247 = ( GEOMETRIC_REPRESENTATION_CONTEXT(2) 
PARAMETRIC_REPRESENTATION_CONTEXT() REPRESENTATION_CONTEXT('2D SPACE',''
  ) );
#248 = FACE_BOUND('',#249,.T.);
#249 = EDGE_LOOP('',(#250,#278,#307,#333));
#250 = ORIENTED_EDGE('',*,*,#251,.F.);
#251 = EDGE_CURVE('',#252,#254,#256,.T.);
#252 = VERTEX_POINT('',#253);
#253 = CARTESIAN_POINT('',(284.70388170416,14.288456879593,
    512.69094718221));
#254 = VERTEX_POINT('',#255);
#255 = CARTESIAN_POINT('',(238.18914221187,14.288456879595,
    640.4891436091));
#256 = SURFACE_CURVE('',#257,(#261,#267),.PCURVE_S1.);
#257 = LINE('',#258,#259);
#258 = CARTESIAN_POINT('',(315.48569460347,14.288456879593,
    428.11861131148));
#259 = VECTOR('',#260,1.);
#260 = DIRECTION('',(-0.342020143326,0.,0.939692620786));
#261 = PCURVE('',#70,#262);
#262 = DEFINITIONAL_REPRESENTATION('',(#263),#266);
#263 = B_SPLINE_CURVE_WITH_KNOTS('',1,(#264,#265),.UNSPECIFIED.,.F.,.F.,
  (2,2),(76.4,239.6),.PIECEWISE_BEZIER_KNOTS.);
#264 = CARTESIAN_POINT('',(1.777749914829,76.4));
#265 = CARTESIAN_POINT('',(1.777749914829,239.6));
#266 = ( GEOMETRIC_REPRESENTATION_CONTEXT(2) 
PARAMETRIC_REPRESENTATION_CONTEXT() REPRESENTATION_CONTEXT('2D SPACE',''
  ) );
#267 = PCURVE('',#268,#273);
#268 = PLANE('',#269);
#269 = AXIS2_PLACEMENT_3D('',#270,#271,#272);
#270 = CARTESIAN_POINT('',(284.70388170416,10.6,512.69094718221));
#271 = DIRECTION('',(0.939692620786,0.,0.342020143326));
#272 = DIRECTION('',(-0.342020143326,0.,0.939692620786));
#273 = DEFINITIONAL_REPRESENTATION('',(#274),#277);
#274 = B_SPLINE_CURVE_WITH_KNOTS('',1,(#275,#276),.UNSPECIFIED.,.F.,.F.,
  (2,2),(76.4,239.6),.PIECEWISE_BEZIER_KNOTS.);
#275 = CARTESIAN_POINT('',(-13.6,-3.688456879593));
#276 = CARTESIAN_POINT('',(149.6,-3.688456879593));
#277 = ( GEOMETRIC_REPRESENTATION_CONTEXT(2) 
PARAMETRIC_REPRESENTATION_CONTEXT() REPRESENTATION_CONTEXT('2D SPACE',''
  ) );
#278 = ORIENTED_EDGE('',*,*,#279,.F.);
#279 = EDGE_CURVE('',#280,#252,#282,.T.);
#280 = VERTEX_POINT('',#281);
#281 = CARTESIAN_POINT('',(290.34203742887,14.288456879593,
    514.74306804217));
#282 = SURFACE_CURVE('',#283,(#288,#295),.PCURVE_S1.);
#283 = CIRCLE('',#284,14.6);
#284 = AXIS2_PLACEMENT_3D('',#285,#286,#287);
#285 = CARTESIAN_POINT('',(287.52295956652,0.,513.71700761219));
#286 = DIRECTION('',(-0.342020143326,0.,0.939692620786));
#287 = DIRECTION('',(0.939692620786,0.,0.342020143326));
#288 = PCURVE('',#70,#289);
#289 = DEFINITIONAL_REPRESENTATION('',(#290),#294);
#290 = LINE('',#291,#292);
#291 = CARTESIAN_POINT('',(0.,90.));
#292 = VECTOR('',#293,1.);
#293 = DIRECTION('',(1.,0.));
#294 = ( GEOMETRIC_REPRESENTATION_CONTEXT(2) 
PARAMETRIC_REPRESENTATION_CONTEXT() REPRESENTATION_CONTEXT('2D SPACE',''
  ) );
#295 = PCURVE('',#296,#301);
#296 = PLANE('',#297);
#297 = AXIS2_PLACEMENT_3D('',#298,#299,#300);
#298 = CARTESIAN_POINT('',(284.70388170416,10.6,512.69094718221));
#299 = DIRECTION('',(-0.342020143326,0.,0.939692620786));
#300 = DIRECTION('',(0.939692620786,0.,0.342020143326));
#301 = DEFINITIONAL_REPRESENTATION('',(#302),#306);
#302 = CIRCLE('',#303,14.6);
#303 = AXIS2_PLACEMENT_2D('',#304,#305);
#304 = CARTESIAN_POINT('',(3.,-10.6));
#305 = DIRECTION('',(1.,0.));
#306 = ( GEOMETRIC_REPRESENTATION_CONTEXT(2) 
PARAMETRIC_REPRESENTATION_CONTEXT() REPRESENTATION_CONTEXT('2D SPACE',''
  ) );
#307 = ORIENTED_EDGE('',*,*,#308,.T.);
#308 = EDGE_CURVE('',#280,#309,#311,.T.);
#309 = VERTEX_POINT('',#310);
#310 = CARTESIAN_POINT('',(243.82729793658,14.288456879593,
    642.54126446905));
#311 = SURFACE_CURVE('',#312,(#316,#322),.PCURVE_S1.);
#312 = LINE('',#313,#314);
#313 = CARTESIAN_POINT('',(321.12385032818,14.288456879593,
    430.17073217144));
#314 = VECTOR('',#315,1.);
#315 = DIRECTION('',(-0.342020143326,0.,0.939692620786));
#316 = PCURVE('',#70,#317);
#317 = DEFINITIONAL_REPRESENTATION('',(#318),#321);
#318 = B_SPLINE_CURVE_WITH_KNOTS('',1,(#319,#320),.UNSPECIFIED.,.F.,.F.,
  (2,2),(76.4,239.6),.PIECEWISE_BEZIER_KNOTS.);
#319 = CARTESIAN_POINT('',(1.363842738761,76.4));
#320 = CARTESIAN_POINT('',(1.363842738761,239.6));
#321 = ( GEOMETRIC_REPRESENTATION_CONTEXT(2) 
PARAMETRIC_REPRESENTATION_CONTEXT() REPRESENTATION_CONTEXT('2D SPACE',''
  ) );
#322 = PCURVE('',#323,#328);
#323 = PLANE('',#324);
#324 = AXIS2_PLACEMENT_3D('',#325,#326,#327);
#325 = CARTESIAN_POINT('',(290.34203742887,10.6,514.74306804217));
#326 = DIRECTION('',(0.939692620786,0.,0.342020143326));
#327 = DIRECTION('',(-0.342020143326,0.,0.939692620786));
#328 = DEFINITIONAL_REPRESENTATION('',(#329),#332);
#329 = B_SPLINE_CURVE_WITH_KNOTS('',1,(#330,#331),.UNSPECIFIED.,.F.,.F.,
  (2,2),(76.4,239.6),.PIECEWISE_BEZIER_KNOTS.);
#330 = CARTESIAN_POINT('',(-13.6,-3.688456879593));
#331 = CARTESIAN_POINT('',(149.6,-3.688456879593));
#332 = ( GEOMETRIC_REPRESENTATION_CONTEXT(2) 
PARAMETRIC_REPRESENTATION_CONTEXT() REPRESENTATION_CONTEXT('2D SPACE',''
  ) );
#333 = ORIENTED_EDGE('',*,*,#334,.T.);
#334 = EDGE_CURVE('',#309,#254,#335,.T.);
#335 = SURFACE_CURVE('',#336,(#341,#348),.PCURVE_S1.);
#336 = CIRCLE('',#337,14.6);
#337 = AXIS2_PLACEMENT_3D('',#338,#339,#340);
#338 = CARTESIAN_POINT('',(241.00822007423,0.,641.51520403907));
#339 = DIRECTION('',(-0.342020143326,0.,0.939692620786));
#340 = DIRECTION('',(0.939692620786,0.,0.342020143326));
#341 = PCURVE('',#70,#342);
#342 = DEFINITIONAL_REPRESENTATION('',(#343),#347);
#343 = LINE('',#344,#345);
#344 = CARTESIAN_POINT('',(0.,226.));
#345 = VECTOR('',#346,1.);
#346 = DIRECTION('',(1.,0.));
#347 = ( GEOMETRIC_REPRESENTATION_CONTEXT(2) 
PARAMETRIC_REPRESENTATION_CONTEXT() REPRESENTATION_CONTEXT('2D SPACE',''
  ) );
#348 = PCURVE('',#349,#354);
#349 = PLANE('',#350);
#350 = AXIS2_PLACEMENT_3D('',#351,#352,#353);
#351 = CARTESIAN_POINT('',(238.18914221187,10.6,640.4891436091));
#352 = DIRECTION('',(-0.342020143326,0.,0.939692620786));
#353 = DIRECTION('',(0.939692620786,0.,0.342020143326));
#354 = DEFINITIONAL_REPRESENTATION('',(#355),#359);
#355 = CIRCLE('',#356,14.6);
#356 = AXIS2_PLACEMENT_2D('',#357,#358);
#357 = CARTESIAN_POINT('',(3.,-10.6));
#358 = DIRECTION('',(1.,0.));
#359 = ( GEOMETRIC_REPRESENTATION_CONTEXT(2) 
PARAMETRIC_REPRESENTATION_CONTEXT() REPRESENTATION_CONTEXT('2D SPACE',''
  ) );
#360 = FACE_BOUND('',#361,.T.);
#361 = EDGE_LOOP('',(#362));
#362 = ORIENTED_EDGE('',*,*,#363,.F.);
#363 = EDGE_CURVE('',#364,#364,#366,.T.);
#364 = VERTEX_POINT('',#365);
#365 = CARTESIAN_POINT('',(237.77803234485,-14.33867148657,
    658.43053398658));
#366 = SURFACE_CURVE('',#367,(#418,#472),.PCURVE_S1.);
#367 = B_SPLINE_CURVE_WITH_KNOTS('',7,(#368,#369,#370,#371,#372,#373,
    #374,#375,#376,#377,#378,#379,#380,#381,#382,#383,#384,#385,#386,
    #387,#388,#389,#390,#391,#392,#393,#394,#395,#396,#397,#398,#399,
    #400,#401,#402,#403,#404,#405,#406,#407,#408,#409,#410,#411,#412,
    #413,#414,#415,#416,#417),.UNSPECIFIED.,.T.,.F.,(8,6,6,6,6,6,6,6,8),
  (0.,0.140629144013,0.254197438702,0.369332562026,0.500423751782,
    0.640815261246,0.754191650059,0.869132219895,1.),.UNSPECIFIED.);
#368 = CARTESIAN_POINT('',(237.77803234485,-14.33867148657,
    658.43053398658));
#369 = CARTESIAN_POINT('',(237.67515258637,-14.33867148657,
    658.71319379991));
#370 = CARTESIAN_POINT('',(237.53636533839,-14.346033325,658.98227542348
    ));
#371 = CARTESIAN_POINT('',(237.36283757839,-14.36071576445,
    659.23522018936));
#372 = CARTESIAN_POINT('',(237.15465357775,-14.38223869224,
    659.46882220901));
#373 = CARTESIAN_POINT('',(236.91151565439,-14.4096384446,
    659.67856940334));
#374 = CARTESIAN_POINT('',(236.63309608807,-14.44110284174,
    659.85824107636));
#375 = CARTESIAN_POINT('',(236.06782077396,-14.49994564751,
    660.11207029539));
#376 = CARTESIAN_POINT('',(235.78599430141,-14.52766370938,
    660.20297952748));
#377 = CARTESIAN_POINT('',(235.4801570113,-14.55459274143,
    660.26091303597));
#378 = CARTESIAN_POINT('',(235.15758807576,-14.57775044473,
    660.27813282097));
#379 = CARTESIAN_POINT('',(234.82697904922,-14.59409381816,
    660.24950623377));
#380 = CARTESIAN_POINT('',(234.49781566455,-14.60162759765,
    660.17232110878));
#381 = CARTESIAN_POINT('',(233.85762354236,-14.59792464533,
    659.91838099837));
#382 = CARTESIAN_POINT('',(233.56399187013,-14.58652645043,
    659.74704380129));
#383 = CARTESIAN_POINT('',(233.30469392443,-14.56683610373,
    659.54049465524));
#384 = CARTESIAN_POINT('',(233.08347537293,-14.54133635915,
    659.3074991665));
#385 = CARTESIAN_POINT('',(232.90210509116,-14.51311306191,
    659.0573432357));
#386 = CARTESIAN_POINT('',(232.76003970397,-14.48493362055,
    658.7996949899));
#387 = CARTESIAN_POINT('',(232.53336012244,-14.4289168476,
    658.25366769276));
#388 = CARTESIAN_POINT('',(232.45615826253,-14.4008582388,
    657.95808235008));
#389 = CARTESIAN_POINT('',(232.41841413419,-14.37673849315,
    657.66315182012));
#390 = CARTESIAN_POINT('',(232.4168824385,-14.35790240604,
    657.37241884136));
#391 = CARTESIAN_POINT('',(232.44915400011,-14.34509018101,
    657.08843564962));
#392 = CARTESIAN_POINT('',(232.51365850447,-14.33867148657,
    656.8133580397));
#393 = CARTESIAN_POINT('',(232.71260268778,-14.33867148657,
    656.26676338831));
#394 = CARTESIAN_POINT('',(232.85138994399,-14.34603332538,
    655.99768174977));
#395 = CARTESIAN_POINT('',(233.02491768111,-14.36071576324,
    655.74473701433));
#396 = CARTESIAN_POINT('',(233.23310171657,-14.38223869393,
    655.51113495907));
#397 = CARTESIAN_POINT('',(233.47623960868,-14.40963844339,
    655.30138778961));
#398 = CARTESIAN_POINT('',(233.75465919102,-14.44110284212,
    655.12171610684));
#399 = CARTESIAN_POINT('',(234.31993450145,-14.49994564752,
    654.86788688946));
#400 = CARTESIAN_POINT('',(234.60176097393,-14.52766370938,
    654.77697765741));
#401 = CARTESIAN_POINT('',(234.90759826405,-14.55459274143,
    654.71904414889));
#402 = CARTESIAN_POINT('',(235.23016719965,-14.57775044473,
    654.70182436388));
#403 = CARTESIAN_POINT('',(235.56077622619,-14.59409381816,
    654.73045095112));
#404 = CARTESIAN_POINT('',(235.8899396108,-14.60162759765,
    654.80763607608));
#405 = CARTESIAN_POINT('',(236.53013173302,-14.59792464533,
    655.0615761865));
#406 = CARTESIAN_POINT('',(236.82376340525,-14.58652645043,
    655.23291338358));
#407 = CARTESIAN_POINT('',(237.08306135095,-14.56683610373,
    655.43946252963));
#408 = CARTESIAN_POINT('',(237.30427990245,-14.54133635915,
    655.67245801837));
#409 = CARTESIAN_POINT('',(237.48565018422,-14.51311306191,
    655.92261394917));
#410 = CARTESIAN_POINT('',(237.62771557141,-14.48493362055,
    656.18026219497));
#411 = CARTESIAN_POINT('',(237.85439340647,-14.42891727918,
    656.72628528522));
#412 = CARTESIAN_POINT('',(237.93159953587,-14.400857867,657.02187783865
    ));
#413 = CARTESIAN_POINT('',(237.96934044732,-14.37673806046,
    657.31681017661));
#414 = CARTESIAN_POINT('',(237.97086968813,-14.35790342116,
    657.6075320185));
#415 = CARTESIAN_POINT('',(237.93860259229,-14.34509127623,
    657.8915010743));
#416 = CARTESIAN_POINT('',(237.87410516751,-14.33867148657,
    658.1665760757));
#417 = CARTESIAN_POINT('',(237.77803234485,-14.33867148657,
    658.43053398658));
#418 = PCURVE('',#70,#419);
#419 = DEFINITIONAL_REPRESENTATION('',(#420),#471);
#420 = B_SPLINE_CURVE_WITH_KNOTS('',7,(#421,#422,#423,#424,#425,#426,
    #427,#428,#429,#430,#431,#432,#433,#434,#435,#436,#437,#438,#439,
    #440,#441,#442,#443,#444,#445,#446,#447,#448,#449,#450,#451,#452,
    #453,#454,#455,#456,#457,#458,#459,#460,#461,#462,#463,#464,#465,
    #466,#467,#468,#469,#470),.UNSPECIFIED.,.T.,.F.,(8,6,6,6,6,6,6,6,8),
  (0.,0.140629144013,0.254197438702,0.369332562026,0.500423751782,
    0.640815261246,0.754191650059,0.869132219895,1.),.UNSPECIFIED.);
#421 = CARTESIAN_POINT('',(4.901877062156,243.));
#422 = CARTESIAN_POINT('',(4.901877062156,243.30080029051));
#423 = CARTESIAN_POINT('',(4.899199969156,243.60112234101));
#424 = CARTESIAN_POINT('',(4.893861198262,243.89816266033));
#425 = CARTESIAN_POINT('',(4.885798579613,244.18887987613));
#426 = CARTESIAN_POINT('',(4.87490170179,244.46913583427));
#427 = CARTESIAN_POINT('',(4.861026658208,244.73319707955));
#428 = CARTESIAN_POINT('',(4.830324648614,245.16505406756));
#429 = CARTESIAN_POINT('',(4.81420457375,245.34687113265));
#430 = CARTESIAN_POINT('',(4.795789417432,245.50591333687));
#431 = CARTESIAN_POINT('',(4.775380426251,245.63241971534));
#432 = CARTESIAN_POINT('',(4.753416492664,245.71859446922));
#433 = CARTESIAN_POINT('',(4.730425654266,245.75864468484));
#434 = CARTESIAN_POINT('',(4.683271790931,245.73897763836));
#435 = CARTESIAN_POINT('',(4.660355287187,245.67840128521));
#436 = CARTESIAN_POINT('',(4.638798877072,245.57299369739));
#437 = CARTESIAN_POINT('',(4.619034462004,245.42971075663));
#438 = CARTESIAN_POINT('',(4.601398656187,245.25667336418));
#439 = CARTESIAN_POINT('',(4.586098330779,245.06315243294));
#440 = CARTESIAN_POINT('',(4.558449900994,244.62758359403));
#441 = CARTESIAN_POINT('',(4.546404981786,244.37622881989));
#442 = CARTESIAN_POINT('',(4.536922517346,244.11199402943));
#443 = CARTESIAN_POINT('',(4.52989390643,243.83931826545));
#444 = CARTESIAN_POINT('',(4.525234981511,243.56142383162));
#445 = CARTESIAN_POINT('',(4.522900898613,243.28087359161));
#446 = CARTESIAN_POINT('',(4.522900898613,242.69919971305));
#447 = CARTESIAN_POINT('',(4.525577991794,242.39887764566));
#448 = CARTESIAN_POINT('',(4.530916761921,242.10183736278));
#449 = CARTESIAN_POINT('',(4.53897938199,241.8111201016));
#450 = CARTESIAN_POINT('',(4.549876258371,241.53086417753));
#451 = CARTESIAN_POINT('',(4.563751302764,241.2668029176));
#452 = CARTESIAN_POINT('',(4.594453312157,240.8349459324));
#453 = CARTESIAN_POINT('',(4.610573387018,240.65312886737));
#454 = CARTESIAN_POINT('',(4.628988543336,240.49408666312));
#455 = CARTESIAN_POINT('',(4.64939753452,240.36758028463));
#456 = CARTESIAN_POINT('',(4.671361468108,240.28140553078));
#457 = CARTESIAN_POINT('',(4.694352306501,240.24135531515));
#458 = CARTESIAN_POINT('',(4.741506169838,240.26102236163));
#459 = CARTESIAN_POINT('',(4.764422673582,240.32159871478));
#460 = CARTESIAN_POINT('',(4.785979083698,240.4270063026));
#461 = CARTESIAN_POINT('',(4.805743498765,240.57028924336));
#462 = CARTESIAN_POINT('',(4.823379304582,240.74332663581));
#463 = CARTESIAN_POINT('',(4.83867962999,240.93684756705));
#464 = CARTESIAN_POINT('',(4.866327846757,241.3724130501));
#465 = CARTESIAN_POINT('',(4.878373212843,241.62377313987));
#466 = CARTESIAN_POINT('',(4.887855515468,241.88801072955));
#467 = CARTESIAN_POINT('',(4.894883696765,242.16067686791));
#468 = CARTESIAN_POINT('',(4.899542577677,242.43855649093));
#469 = CARTESIAN_POINT('',(4.901877062156,242.71910185837));
#470 = CARTESIAN_POINT('',(4.901877062156,243.));
#471 = ( GEOMETRIC_REPRESENTATION_CONTEXT(2) 
PARAMETRIC_REPRESENTATION_CONTEXT() REPRESENTATION_CONTEXT('2D SPACE',''
  ) );
#472 = PCURVE('',#473,#478);
#473 = CYLINDRICAL_SURFACE('',#474,2.75);
#474 = AXIS2_PLACEMENT_3D('',#475,#476,#477);
#475 = CARTESIAN_POINT('',(235.19387763769,-10.6,657.48997859243));
#476 = DIRECTION('',(-7.594372760115E-17,-1.,2.086536767334E-16));
#477 = DIRECTION('',(0.939692620786,0.,0.342020143326));
#478 = DEFINITIONAL_REPRESENTATION('',(#479),#530);
#479 = B_SPLINE_CURVE_WITH_KNOTS('',7,(#480,#481,#482,#483,#484,#485,
    #486,#487,#488,#489,#490,#491,#492,#493,#494,#495,#496,#497,#498,
    #499,#500,#501,#502,#503,#504,#505,#506,#507,#508,#509,#510,#511,
    #512,#513,#514,#515,#516,#517,#518,#519,#520,#521,#522,#523,#524,
    #525,#526,#527,#528,#529),.UNSPECIFIED.,.F.,.F.,(8,6,6,6,6,6,6,6,8),
  (0.,0.140629144013,0.254197438702,0.369332562026,0.500423751782,
    0.640815261246,0.754191650059,0.869132219895,1.),.UNSPECIFIED.);
#480 = CARTESIAN_POINT('',(0.,3.738671486578));
#481 = CARTESIAN_POINT('',(0.109381923825,3.738671486578));
#482 = CARTESIAN_POINT('',(0.218589659677,3.746033325009));
#483 = CARTESIAN_POINT('',(0.328743212123,3.760715764458));
#484 = CARTESIAN_POINT('',(0.440837481291,3.782238692242));
#485 = CARTESIAN_POINT('',(0.555897558385,3.809638444601));
#486 = CARTESIAN_POINT('',(0.675020879209,3.84110284174));
#487 = CARTESIAN_POINT('',(0.900347955543,3.899945647517));
#488 = CARTESIAN_POINT('',(1.007379317293,3.927663709386));
#489 = CARTESIAN_POINT('',(1.119128700174,3.954592741435));
#490 = CARTESIAN_POINT('',(1.234650020727,3.977750444731));
#491 = CARTESIAN_POINT('',(1.353381874857,3.994093818167));
#492 = CARTESIAN_POINT('',(1.474992812139,4.001627597655));
#493 = CARTESIAN_POINT('',(1.725435470293,3.997924645335));
#494 = CARTESIAN_POINT('',(1.847660074971,3.986526450439));
#495 = CARTESIAN_POINT('',(1.966273833484,3.966836103737));
#496 = CARTESIAN_POINT('',(2.081209630731,3.941336359159));
#497 = CARTESIAN_POINT('',(2.192170062236,3.913113061918));
#498 = CARTESIAN_POINT('',(2.298507428422,3.884933620558));
#499 = CARTESIAN_POINT('',(2.513492937651,3.828916847602));
#500 = CARTESIAN_POINT('',(2.623527978291,3.800858238806));
#501 = CARTESIAN_POINT('',(2.730289540048,3.776738493153));
#502 = CARTESIAN_POINT('',(2.834644940372,3.757902406047));
#503 = CARTESIAN_POINT('',(2.937438746838,3.745090181019));
#504 = CARTESIAN_POINT('',(3.039456802094,3.738671486578));
#505 = CARTESIAN_POINT('',(3.250974576117,3.738671486578));
#506 = CARTESIAN_POINT('',(3.360182318447,3.746033325386));
#507 = CARTESIAN_POINT('',(3.470335856167,3.760715763246));
#508 = CARTESIAN_POINT('',(3.58243014466,3.782238693931));
#509 = CARTESIAN_POINT('',(3.697490206394,3.809638443399));
#510 = CARTESIAN_POINT('',(3.816613534281,3.841102842127));
#511 = CARTESIAN_POINT('',(4.041940609145,3.899945647521));
#512 = CARTESIAN_POINT('',(4.148971970869,3.927663709382));
#513 = CARTESIAN_POINT('',(4.260721353759,3.954592741433));
#514 = CARTESIAN_POINT('',(4.376242674325,3.977750444735));
#515 = CARTESIAN_POINT('',(4.494974528459,3.994093818165));
#516 = CARTESIAN_POINT('',(4.616585465717,4.001627597656));
#517 = CARTESIAN_POINT('',(4.867028123883,3.997924645335));
#518 = CARTESIAN_POINT('',(4.989252728561,3.986526450439));
#519 = CARTESIAN_POINT('',(5.107866487073,3.966836103737));
#520 = CARTESIAN_POINT('',(5.222802284321,3.941336359159));
#521 = CARTESIAN_POINT('',(5.333762715826,3.913113061918));
#522 = CARTESIAN_POINT('',(5.440100082012,3.884933620558));
#523 = CARTESIAN_POINT('',(5.655083934874,3.828917279186));
#524 = CARTESIAN_POINT('',(5.765121976489,3.800857867007));
#525 = CARTESIAN_POINT('',(5.871883675289,3.776738060469));
#526 = CARTESIAN_POINT('',(5.976235357944,3.757903421162));
#527 = CARTESIAN_POINT('',(6.079024263792,3.745091276238));
#528 = CARTESIAN_POINT('',(6.181040528406,3.738671486578));
#529 = CARTESIAN_POINT('',(6.28318530718,3.738671486578));
#530 = ( GEOMETRIC_REPRESENTATION_CONTEXT(2) 
PARAMETRIC_REPRESENTATION_CONTEXT() REPRESENTATION_CONTEXT('2D SPACE',''
  ) );
#531 = ADVANCED_FACE('',(#532,#535),#237,.F.);
#532 = FACE_BOUND('',#533,.F.);
#533 = EDGE_LOOP('',(#534));
#534 = ORIENTED_EDGE('',*,*,#222,.T.);
#535 = FACE_BOUND('',#536,.F.);
#536 = EDGE_LOOP('',(#537));
#537 = ORIENTED_EDGE('',*,*,#538,.F.);
#538 = EDGE_CURVE('',#539,#539,#541,.T.);
#539 = VERTEX_POINT('',#540);
#540 = CARTESIAN_POINT('',(330.33283801189,-3.135095805817E-15,
    433.52252957603));
#541 = SURFACE_CURVE('',#542,(#547,#554),.PCURVE_S1.);
#542 = CIRCLE('',#543,12.8);
#543 = AXIS2_PLACEMENT_3D('',#544,#545,#546);
#544 = CARTESIAN_POINT('',(318.30477246583,0.,429.14467174146));
#545 = DIRECTION('',(-0.342020143326,0.,0.939692620786));
#546 = DIRECTION('',(0.939692620786,0.,0.342020143326));
#547 = PCURVE('',#237,#548);
#548 = DEFINITIONAL_REPRESENTATION('',(#549),#553);
#549 = CIRCLE('',#550,12.8);
#550 = AXIS2_PLACEMENT_2D('',#551,#552);
#551 = CARTESIAN_POINT('',(0.,0.));
#552 = DIRECTION('',(1.,0.));
#553 = ( GEOMETRIC_REPRESENTATION_CONTEXT(2) 
PARAMETRIC_REPRESENTATION_CONTEXT() REPRESENTATION_CONTEXT('2D SPACE',''
  ) );
#554 = PCURVE('',#555,#560);
#555 = CYLINDRICAL_SURFACE('',#556,12.8);
#556 = AXIS2_PLACEMENT_3D('',#557,#558,#559);
#557 = CARTESIAN_POINT('',(318.30477246583,0.,429.14467174146));
#558 = DIRECTION('',(-0.342020143326,0.,0.939692620786));
#559 = DIRECTION('',(0.939692620786,0.,0.342020143326));
#560 = DEFINITIONAL_REPRESENTATION('',(#561),#565);
#561 = LINE('',#562,#563);
#562 = CARTESIAN_POINT('',(0.,0.));
#563 = VECTOR('',#564,1.);
#564 = DIRECTION('',(1.,0.));
#565 = ( GEOMETRIC_REPRESENTATION_CONTEXT(2) 
PARAMETRIC_REPRESENTATION_CONTEXT() REPRESENTATION_CONTEXT('2D SPACE',''
  ) );
#566 = ADVANCED_FACE('',(#567),#106,.T.);
#567 = FACE_BOUND('',#568,.T.);
#568 = EDGE_LOOP('',(#569,#570,#571,#592,#616,#640));
#569 = ORIENTED_EDGE('',*,*,#89,.T.);
#570 = ORIENTED_EDGE('',*,*,#199,.T.);
#571 = ORIENTED_EDGE('',*,*,#572,.F.);
#572 = EDGE_CURVE('',#573,#174,#575,.T.);
#573 = VERTEX_POINT('',#574);
#574 = CARTESIAN_POINT('',(220.80843401298,1.,659.70334971366));
#575 = SURFACE_CURVE('',#576,(#580,#586),.PCURVE_S1.);
#576 = LINE('',#577,#578);
#577 = CARTESIAN_POINT('',(224.53044157149,1.,661.05804967667));
#578 = VECTOR('',#579,1.);
#579 = DIRECTION('',(-0.939692620786,0.,-0.342020143326));
#580 = PCURVE('',#106,#581);
#581 = DEFINITIONAL_REPRESENTATION('',(#582),#585);
#582 = B_SPLINE_CURVE_WITH_KNOTS('',1,(#583,#584),.UNSPECIFIED.,.F.,.F.,
  (2,2),(2.8,5.8),.PIECEWISE_BEZIER_KNOTS.);
#583 = CARTESIAN_POINT('',(-11.6,1.));
#584 = CARTESIAN_POINT('',(-14.6,1.));
#585 = ( GEOMETRIC_REPRESENTATION_CONTEXT(2) 
PARAMETRIC_REPRESENTATION_CONTEXT() REPRESENTATION_CONTEXT('2D SPACE',''
  ) );
#586 = PCURVE('',#188,#587);
#587 = DEFINITIONAL_REPRESENTATION('',(#588),#591);
#588 = B_SPLINE_CURVE_WITH_KNOTS('',1,(#589,#590),.UNSPECIFIED.,.F.,.F.,
  (2,2),(2.8,5.8),.PIECEWISE_BEZIER_KNOTS.);
#589 = CARTESIAN_POINT('',(25.,6.));
#590 = CARTESIAN_POINT('',(25.,3.));
#591 = ( GEOMETRIC_REPRESENTATION_CONTEXT(2) 
PARAMETRIC_REPRESENTATION_CONTEXT() REPRESENTATION_CONTEXT('2D SPACE',''
  ) );
#592 = ORIENTED_EDGE('',*,*,#593,.F.);
#593 = EDGE_CURVE('',#594,#573,#596,.T.);
#594 = VERTEX_POINT('',#595);
#595 = CARTESIAN_POINT('',(244.82780218047,-3.135095805817E-15,
    668.4456847725));
#596 = SURFACE_CURVE('',#597,(#602,#609),.PCURVE_S1.);
#597 = CIRCLE('',#598,12.8);
#598 = AXIS2_PLACEMENT_3D('',#599,#600,#601);
#599 = CARTESIAN_POINT('',(232.79973663441,0.,664.06782693794));
#600 = DIRECTION('',(-0.342020143326,0.,0.939692620786));
#601 = DIRECTION('',(0.939692620786,0.,0.342020143326));
#602 = PCURVE('',#106,#603);
#603 = DEFINITIONAL_REPRESENTATION('',(#604),#608);
#604 = CIRCLE('',#605,12.8);
#605 = AXIS2_PLACEMENT_2D('',#606,#607);
#606 = CARTESIAN_POINT('',(0.,0.));
#607 = DIRECTION('',(1.,0.));
#608 = ( GEOMETRIC_REPRESENTATION_CONTEXT(2) 
PARAMETRIC_REPRESENTATION_CONTEXT() REPRESENTATION_CONTEXT('2D SPACE',''
  ) );
#609 = PCURVE('',#555,#610);
#610 = DEFINITIONAL_REPRESENTATION('',(#611),#615);
#611 = LINE('',#612,#613);
#612 = CARTESIAN_POINT('',(0.,250.));
#613 = VECTOR('',#614,1.);
#614 = DIRECTION('',(1.,0.));
#615 = ( GEOMETRIC_REPRESENTATION_CONTEXT(2) 
PARAMETRIC_REPRESENTATION_CONTEXT() REPRESENTATION_CONTEXT('2D SPACE',''
  ) );
#616 = ORIENTED_EDGE('',*,*,#617,.F.);
#617 = EDGE_CURVE('',#618,#594,#620,.T.);
#618 = VERTEX_POINT('',#619);
#619 = CARTESIAN_POINT('',(220.80843401298,-1.,659.70334971366));
#620 = SURFACE_CURVE('',#621,(#626,#633),.PCURVE_S1.);
#621 = CIRCLE('',#622,12.8);
#622 = AXIS2_PLACEMENT_3D('',#623,#624,#625);
#623 = CARTESIAN_POINT('',(232.79973663441,0.,664.06782693794));
#624 = DIRECTION('',(-0.342020143326,0.,0.939692620786));
#625 = DIRECTION('',(0.939692620786,0.,0.342020143326));
#626 = PCURVE('',#106,#627);
#627 = DEFINITIONAL_REPRESENTATION('',(#628),#632);
#628 = CIRCLE('',#629,12.8);
#629 = AXIS2_PLACEMENT_2D('',#630,#631);
#630 = CARTESIAN_POINT('',(0.,0.));
#631 = DIRECTION('',(1.,0.));
#632 = ( GEOMETRIC_REPRESENTATION_CONTEXT(2) 
PARAMETRIC_REPRESENTATION_CONTEXT() REPRESENTATION_CONTEXT('2D SPACE',''
  ) );
#633 = PCURVE('',#555,#634);
#634 = DEFINITIONAL_REPRESENTATION('',(#635),#639);
#635 = LINE('',#636,#637);
#636 = CARTESIAN_POINT('',(0.,250.));
#637 = VECTOR('',#638,1.);
#638 = DIRECTION('',(1.,0.));
#639 = ( GEOMETRIC_REPRESENTATION_CONTEXT(2) 
PARAMETRIC_REPRESENTATION_CONTEXT() REPRESENTATION_CONTEXT('2D SPACE',''
  ) );
#640 = ORIENTED_EDGE('',*,*,#641,.T.);
#641 = EDGE_CURVE('',#618,#90,#642,.T.);
#642 = SURFACE_CURVE('',#643,(#647,#653),.PCURVE_S1.);
#643 = LINE('',#644,#645);
#644 = CARTESIAN_POINT('',(224.53044157149,-1.,661.05804967667));
#645 = VECTOR('',#646,1.);
#646 = DIRECTION('',(-0.939692620786,0.,-0.342020143326));
#647 = PCURVE('',#106,#648);
#648 = DEFINITIONAL_REPRESENTATION('',(#649),#652);
#649 = B_SPLINE_CURVE_WITH_KNOTS('',1,(#650,#651),.UNSPECIFIED.,.F.,.F.,
  (2,2),(2.8,5.8),.PIECEWISE_BEZIER_KNOTS.);
#650 = CARTESIAN_POINT('',(-11.6,-1.));
#651 = CARTESIAN_POINT('',(-14.6,-1.));
#652 = ( GEOMETRIC_REPRESENTATION_CONTEXT(2) 
PARAMETRIC_REPRESENTATION_CONTEXT() REPRESENTATION_CONTEXT('2D SPACE',''
  ) );
#653 = PCURVE('',#133,#654);
#654 = DEFINITIONAL_REPRESENTATION('',(#655),#658);
#655 = B_SPLINE_CURVE_WITH_KNOTS('',1,(#656,#657),.UNSPECIFIED.,.F.,.F.,
  (2,2),(2.8,5.8),.PIECEWISE_BEZIER_KNOTS.);
#656 = CARTESIAN_POINT('',(25.,6.));
#657 = CARTESIAN_POINT('',(25.,3.));
#658 = ( GEOMETRIC_REPRESENTATION_CONTEXT(2) 
PARAMETRIC_REPRESENTATION_CONTEXT() REPRESENTATION_CONTEXT('2D SPACE',''
  ) );
#659 = ADVANCED_FACE('',(#660),#188,.F.);
#660 = FACE_BOUND('',#661,.F.);
#661 = EDGE_LOOP('',(#662,#685,#686,#687));
#662 = ORIENTED_EDGE('',*,*,#663,.F.);
#663 = EDGE_CURVE('',#145,#664,#666,.T.);
#664 = VERTEX_POINT('',#665);
#665 = CARTESIAN_POINT('',(229.35893759612,1.,636.21103419401));
#666 = SURFACE_CURVE('',#667,(#671,#678),.PCURVE_S1.);
#667 = LINE('',#668,#669);
#668 = CARTESIAN_POINT('',(224.81165009172,1.,634.55595689576));
#669 = VECTOR('',#670,1.);
#670 = DIRECTION('',(0.939692620786,0.,0.342020143326));
#671 = PCURVE('',#188,#672);
#672 = DEFINITIONAL_REPRESENTATION('',(#673),#677);
#673 = LINE('',#674,#675);
#674 = CARTESIAN_POINT('',(0.,0.));
#675 = VECTOR('',#676,1.);
#676 = DIRECTION('',(0.,1.));
#677 = ( GEOMETRIC_REPRESENTATION_CONTEXT(2) 
PARAMETRIC_REPRESENTATION_CONTEXT() REPRESENTATION_CONTEXT('2D SPACE',''
  ) );
#678 = PCURVE('',#161,#679);
#679 = DEFINITIONAL_REPRESENTATION('',(#680),#684);
#680 = LINE('',#681,#682);
#681 = CARTESIAN_POINT('',(0.,2.));
#682 = VECTOR('',#683,1.);
#683 = DIRECTION('',(1.,0.));
#684 = ( GEOMETRIC_REPRESENTATION_CONTEXT(2) 
PARAMETRIC_REPRESENTATION_CONTEXT() REPRESENTATION_CONTEXT('2D SPACE',''
  ) );
#685 = ORIENTED_EDGE('',*,*,#173,.T.);
#686 = ORIENTED_EDGE('',*,*,#572,.F.);
#687 = ORIENTED_EDGE('',*,*,#688,.F.);
#688 = EDGE_CURVE('',#664,#573,#689,.T.);
#689 = SURFACE_CURVE('',#690,(#694,#700),.PCURVE_S1.);
#690 = LINE('',#691,#692);
#691 = CARTESIAN_POINT('',(306.3134698444,1.,424.78019451718));
#692 = VECTOR('',#693,1.);
#693 = DIRECTION('',(-0.342020143326,0.,0.939692620786));
#694 = PCURVE('',#188,#695);
#695 = DEFINITIONAL_REPRESENTATION('',(#696),#699);
#696 = B_SPLINE_CURVE_WITH_KNOTS('',1,(#697,#698),.UNSPECIFIED.,.F.,.F.,
  (2,2),(222.4,250.0000006),.PIECEWISE_BEZIER_KNOTS.);
#697 = CARTESIAN_POINT('',(-2.6,4.83912228724));
#698 = CARTESIAN_POINT('',(25.0000006,4.83912228724));
#699 = ( GEOMETRIC_REPRESENTATION_CONTEXT(2) 
PARAMETRIC_REPRESENTATION_CONTEXT() REPRESENTATION_CONTEXT('2D SPACE',''
  ) );
#700 = PCURVE('',#555,#701);
#701 = DEFINITIONAL_REPRESENTATION('',(#702),#705);
#702 = B_SPLINE_CURVE_WITH_KNOTS('',1,(#703,#704),.UNSPECIFIED.,.F.,.F.,
  (2,2),(222.4,250.0000006),.PIECEWISE_BEZIER_KNOTS.);
#703 = CARTESIAN_POINT('',(3.063387961655,222.4));
#704 = CARTESIAN_POINT('',(3.063387961655,250.0000006));
#705 = ( GEOMETRIC_REPRESENTATION_CONTEXT(2) 
PARAMETRIC_REPRESENTATION_CONTEXT() REPRESENTATION_CONTEXT('2D SPACE',''
  ) );
#706 = ADVANCED_FACE('',(#707),#161,.T.);
#707 = FACE_BOUND('',#708,.T.);
#708 = EDGE_LOOP('',(#709,#710,#711,#734));
#709 = ORIENTED_EDGE('',*,*,#663,.F.);
#710 = ORIENTED_EDGE('',*,*,#144,.T.);
#711 = ORIENTED_EDGE('',*,*,#712,.T.);
#712 = EDGE_CURVE('',#119,#713,#715,.T.);
#713 = VERTEX_POINT('',#714);
#714 = CARTESIAN_POINT('',(229.35893759612,-1.,636.21103419401));
#715 = SURFACE_CURVE('',#716,(#720,#727),.PCURVE_S1.);
#716 = LINE('',#717,#718);
#717 = CARTESIAN_POINT('',(224.81165009172,-1.,634.55595689576));
#718 = VECTOR('',#719,1.);
#719 = DIRECTION('',(0.939692620786,0.,0.342020143326));
#720 = PCURVE('',#161,#721);
#721 = DEFINITIONAL_REPRESENTATION('',(#722),#726);
#722 = LINE('',#723,#724);
#723 = CARTESIAN_POINT('',(0.,0.));
#724 = VECTOR('',#725,1.);
#725 = DIRECTION('',(1.,0.));
#726 = ( GEOMETRIC_REPRESENTATION_CONTEXT(2) 
PARAMETRIC_REPRESENTATION_CONTEXT() REPRESENTATION_CONTEXT('2D SPACE',''
  ) );
#727 = PCURVE('',#133,#728);
#728 = DEFINITIONAL_REPRESENTATION('',(#729),#733);
#729 = LINE('',#730,#731);
#730 = CARTESIAN_POINT('',(0.,0.));
#731 = VECTOR('',#732,1.);
#732 = DIRECTION('',(0.,1.));
#733 = ( GEOMETRIC_REPRESENTATION_CONTEXT(2) 
PARAMETRIC_REPRESENTATION_CONTEXT() REPRESENTATION_CONTEXT('2D SPACE',''
  ) );
#734 = ORIENTED_EDGE('',*,*,#735,.F.);
#735 = EDGE_CURVE('',#664,#713,#736,.T.);
#736 = SURFACE_CURVE('',#737,(#742,#749),.PCURVE_S1.);
#737 = CIRCLE('',#738,12.8);
#738 = AXIS2_PLACEMENT_3D('',#739,#740,#741);
#739 = CARTESIAN_POINT('',(241.35024021755,0.,640.57551141829));
#740 = DIRECTION('',(-0.342020143326,0.,0.939692620786));
#741 = DIRECTION('',(0.939692620786,0.,0.342020143326));
#742 = PCURVE('',#161,#743);
#743 = DEFINITIONAL_REPRESENTATION('',(#744),#748);
#744 = CIRCLE('',#745,12.8);
#745 = AXIS2_PLACEMENT_2D('',#746,#747);
#746 = CARTESIAN_POINT('',(17.6,1.));
#747 = DIRECTION('',(1.,0.));
#748 = ( GEOMETRIC_REPRESENTATION_CONTEXT(2) 
PARAMETRIC_REPRESENTATION_CONTEXT() REPRESENTATION_CONTEXT('2D SPACE',''
  ) );
#749 = PCURVE('',#555,#750);
#750 = DEFINITIONAL_REPRESENTATION('',(#751),#755);
#751 = LINE('',#752,#753);
#752 = CARTESIAN_POINT('',(0.,225.));
#753 = VECTOR('',#754,1.);
#754 = DIRECTION('',(1.,0.));
#755 = ( GEOMETRIC_REPRESENTATION_CONTEXT(2) 
PARAMETRIC_REPRESENTATION_CONTEXT() REPRESENTATION_CONTEXT('2D SPACE',''
  ) );
#756 = ADVANCED_FACE('',(#757),#133,.T.);
#757 = FACE_BOUND('',#758,.T.);
#758 = EDGE_LOOP('',(#759,#760,#761,#762));
#759 = ORIENTED_EDGE('',*,*,#712,.F.);
#760 = ORIENTED_EDGE('',*,*,#118,.T.);
#761 = ORIENTED_EDGE('',*,*,#641,.F.);
#762 = ORIENTED_EDGE('',*,*,#763,.F.);
#763 = EDGE_CURVE('',#713,#618,#764,.T.);
#764 = SURFACE_CURVE('',#765,(#769,#775),.PCURVE_S1.);
#765 = LINE('',#766,#767);
#766 = CARTESIAN_POINT('',(306.3134698444,-1.,424.78019451718));
#767 = VECTOR('',#768,1.);
#768 = DIRECTION('',(-0.342020143326,0.,0.939692620786));
#769 = PCURVE('',#133,#770);
#770 = DEFINITIONAL_REPRESENTATION('',(#771),#774);
#771 = B_SPLINE_CURVE_WITH_KNOTS('',1,(#772,#773),.UNSPECIFIED.,.F.,.F.,
  (2,2),(222.4,250.0000006),.PIECEWISE_BEZIER_KNOTS.);
#772 = CARTESIAN_POINT('',(-2.6,4.83912228724));
#773 = CARTESIAN_POINT('',(25.0000006,4.83912228724));
#774 = ( GEOMETRIC_REPRESENTATION_CONTEXT(2) 
PARAMETRIC_REPRESENTATION_CONTEXT() REPRESENTATION_CONTEXT('2D SPACE',''
  ) );
#775 = PCURVE('',#555,#776);
#776 = DEFINITIONAL_REPRESENTATION('',(#777),#780);
#777 = B_SPLINE_CURVE_WITH_KNOTS('',1,(#778,#779),.UNSPECIFIED.,.F.,.F.,
  (2,2),(222.4,250.0000006),.PIECEWISE_BEZIER_KNOTS.);
#778 = CARTESIAN_POINT('',(3.219797345525,222.4));
#779 = CARTESIAN_POINT('',(3.219797345525,250.0000006));
#780 = ( GEOMETRIC_REPRESENTATION_CONTEXT(2) 
PARAMETRIC_REPRESENTATION_CONTEXT() REPRESENTATION_CONTEXT('2D SPACE',''
  ) );
#781 = ADVANCED_FACE('',(#782),#268,.T.);
#782 = FACE_BOUND('',#783,.T.);
#783 = EDGE_LOOP('',(#784,#807,#828,#849));
#784 = ORIENTED_EDGE('',*,*,#785,.F.);
#785 = EDGE_CURVE('',#786,#254,#788,.T.);
#786 = VERTEX_POINT('',#787);
#787 = CARTESIAN_POINT('',(238.18914221187,12.443472184246,
    640.4891436091));
#788 = SURFACE_CURVE('',#789,(#793,#800),.PCURVE_S1.);
#789 = LINE('',#790,#791);
#790 = CARTESIAN_POINT('',(238.18914221187,10.6,640.4891436091));
#791 = VECTOR('',#792,1.);
#792 = DIRECTION('',(0.,1.,0.));
#793 = PCURVE('',#268,#794);
#794 = DEFINITIONAL_REPRESENTATION('',(#795),#799);
#795 = LINE('',#796,#797);
#796 = CARTESIAN_POINT('',(136.,0.));
#797 = VECTOR('',#798,1.);
#798 = DIRECTION('',(0.,-1.));
#799 = ( GEOMETRIC_REPRESENTATION_CONTEXT(2) 
PARAMETRIC_REPRESENTATION_CONTEXT() REPRESENTATION_CONTEXT('2D SPACE',''
  ) );
#800 = PCURVE('',#349,#801);
#801 = DEFINITIONAL_REPRESENTATION('',(#802),#806);
#802 = LINE('',#803,#804);
#803 = CARTESIAN_POINT('',(0.,0.));
#804 = VECTOR('',#805,1.);
#805 = DIRECTION('',(0.,1.));
#806 = ( GEOMETRIC_REPRESENTATION_CONTEXT(2) 
PARAMETRIC_REPRESENTATION_CONTEXT() REPRESENTATION_CONTEXT('2D SPACE',''
  ) );
#807 = ORIENTED_EDGE('',*,*,#808,.F.);
#808 = EDGE_CURVE('',#809,#786,#811,.T.);
#809 = VERTEX_POINT('',#810);
#810 = CARTESIAN_POINT('',(284.70388170416,12.443472184241,
    512.69094718221));
#811 = SURFACE_CURVE('',#812,(#816,#822),.PCURVE_S1.);
#812 = LINE('',#813,#814);
#813 = CARTESIAN_POINT('',(315.48569460347,12.443472184242,
    428.11861131148));
#814 = VECTOR('',#815,1.);
#815 = DIRECTION('',(-0.342020143326,0.,0.939692620786));
#816 = PCURVE('',#268,#817);
#817 = DEFINITIONAL_REPRESENTATION('',(#818),#821);
#818 = B_SPLINE_CURVE_WITH_KNOTS('',1,(#819,#820),.UNSPECIFIED.,.F.,.F.,
  (2,2),(76.4,239.6),.PIECEWISE_BEZIER_KNOTS.);
#819 = CARTESIAN_POINT('',(-13.6,-1.843472184242));
#820 = CARTESIAN_POINT('',(149.6,-1.843472184242));
#821 = ( GEOMETRIC_REPRESENTATION_CONTEXT(2) 
PARAMETRIC_REPRESENTATION_CONTEXT() REPRESENTATION_CONTEXT('2D SPACE',''
  ) );
#822 = PCURVE('',#555,#823);
#823 = DEFINITIONAL_REPRESENTATION('',(#824),#827);
#824 = B_SPLINE_CURVE_WITH_KNOTS('',1,(#825,#826),.UNSPECIFIED.,.F.,.F.,
  (2,2),(76.4,239.6),.PIECEWISE_BEZIER_KNOTS.);
#825 = CARTESIAN_POINT('',(1.80737193764,76.4));
#826 = CARTESIAN_POINT('',(1.80737193764,239.6));
#827 = ( GEOMETRIC_REPRESENTATION_CONTEXT(2) 
PARAMETRIC_REPRESENTATION_CONTEXT() REPRESENTATION_CONTEXT('2D SPACE',''
  ) );
#828 = ORIENTED_EDGE('',*,*,#829,.T.);
#829 = EDGE_CURVE('',#809,#252,#830,.T.);
#830 = SURFACE_CURVE('',#831,(#835,#842),.PCURVE_S1.);
#831 = LINE('',#832,#833);
#832 = CARTESIAN_POINT('',(284.70388170416,10.6,512.69094718221));
#833 = VECTOR('',#834,1.);
#834 = DIRECTION('',(0.,1.,0.));
#835 = PCURVE('',#268,#836);
#836 = DEFINITIONAL_REPRESENTATION('',(#837),#841);
#837 = LINE('',#838,#839);
#838 = CARTESIAN_POINT('',(0.,0.));
#839 = VECTOR('',#840,1.);
#840 = DIRECTION('',(0.,-1.));
#841 = ( GEOMETRIC_REPRESENTATION_CONTEXT(2) 
PARAMETRIC_REPRESENTATION_CONTEXT() REPRESENTATION_CONTEXT('2D SPACE',''
  ) );
#842 = PCURVE('',#296,#843);
#843 = DEFINITIONAL_REPRESENTATION('',(#844),#848);
#844 = LINE('',#845,#846);
#845 = CARTESIAN_POINT('',(0.,0.));
#846 = VECTOR('',#847,1.);
#847 = DIRECTION('',(0.,1.));
#848 = ( GEOMETRIC_REPRESENTATION_CONTEXT(2) 
PARAMETRIC_REPRESENTATION_CONTEXT() REPRESENTATION_CONTEXT('2D SPACE',''
  ) );
#849 = ORIENTED_EDGE('',*,*,#251,.T.);
#850 = ADVANCED_FACE('',(#851),#296,.T.);
#851 = FACE_BOUND('',#852,.T.);
#852 = EDGE_LOOP('',(#853,#854,#878,#899));
#853 = ORIENTED_EDGE('',*,*,#829,.F.);
#854 = ORIENTED_EDGE('',*,*,#855,.F.);
#855 = EDGE_CURVE('',#856,#809,#858,.T.);
#856 = VERTEX_POINT('',#857);
#857 = CARTESIAN_POINT('',(290.34203742887,12.443472184243,
    514.74306804217));
#858 = SURFACE_CURVE('',#859,(#864,#871),.PCURVE_S1.);
#859 = CIRCLE('',#860,12.8);
#860 = AXIS2_PLACEMENT_3D('',#861,#862,#863);
#861 = CARTESIAN_POINT('',(287.52295956652,0.,513.71700761219));
#862 = DIRECTION('',(-0.342020143326,0.,0.939692620786));
#863 = DIRECTION('',(0.939692620786,0.,0.342020143326));
#864 = PCURVE('',#296,#865);
#865 = DEFINITIONAL_REPRESENTATION('',(#866),#870);
#866 = CIRCLE('',#867,12.8);
#867 = AXIS2_PLACEMENT_2D('',#868,#869);
#868 = CARTESIAN_POINT('',(3.,-10.6));
#869 = DIRECTION('',(1.,0.));
#870 = ( GEOMETRIC_REPRESENTATION_CONTEXT(2) 
PARAMETRIC_REPRESENTATION_CONTEXT() REPRESENTATION_CONTEXT('2D SPACE',''
  ) );
#871 = PCURVE('',#555,#872);
#872 = DEFINITIONAL_REPRESENTATION('',(#873),#877);
#873 = LINE('',#874,#875);
#874 = CARTESIAN_POINT('',(0.,90.));
#875 = VECTOR('',#876,1.);
#876 = DIRECTION('',(1.,0.));
#877 = ( GEOMETRIC_REPRESENTATION_CONTEXT(2) 
PARAMETRIC_REPRESENTATION_CONTEXT() REPRESENTATION_CONTEXT('2D SPACE',''
  ) );
#878 = ORIENTED_EDGE('',*,*,#879,.T.);
#879 = EDGE_CURVE('',#856,#280,#880,.T.);
#880 = SURFACE_CURVE('',#881,(#885,#892),.PCURVE_S1.);
#881 = LINE('',#882,#883);
#882 = CARTESIAN_POINT('',(290.34203742887,10.6,514.74306804217));
#883 = VECTOR('',#884,1.);
#884 = DIRECTION('',(0.,1.,0.));
#885 = PCURVE('',#296,#886);
#886 = DEFINITIONAL_REPRESENTATION('',(#887),#891);
#887 = LINE('',#888,#889);
#888 = CARTESIAN_POINT('',(6.,0.));
#889 = VECTOR('',#890,1.);
#890 = DIRECTION('',(0.,1.));
#891 = ( GEOMETRIC_REPRESENTATION_CONTEXT(2) 
PARAMETRIC_REPRESENTATION_CONTEXT() REPRESENTATION_CONTEXT('2D SPACE',''
  ) );
#892 = PCURVE('',#323,#893);
#893 = DEFINITIONAL_REPRESENTATION('',(#894),#898);
#894 = LINE('',#895,#896);
#895 = CARTESIAN_POINT('',(0.,0.));
#896 = VECTOR('',#897,1.);
#897 = DIRECTION('',(0.,-1.));
#898 = ( GEOMETRIC_REPRESENTATION_CONTEXT(2) 
PARAMETRIC_REPRESENTATION_CONTEXT() REPRESENTATION_CONTEXT('2D SPACE',''
  ) );
#899 = ORIENTED_EDGE('',*,*,#279,.T.);
#900 = ADVANCED_FACE('',(#901),#349,.F.);
#901 = FACE_BOUND('',#902,.F.);
#902 = EDGE_LOOP('',(#903,#904,#928,#949));
#903 = ORIENTED_EDGE('',*,*,#785,.F.);
#904 = ORIENTED_EDGE('',*,*,#905,.F.);
#905 = EDGE_CURVE('',#906,#786,#908,.T.);
#906 = VERTEX_POINT('',#907);
#907 = CARTESIAN_POINT('',(243.82729793658,12.443472184241,
    642.54126446905));
#908 = SURFACE_CURVE('',#909,(#914,#921),.PCURVE_S1.);
#909 = CIRCLE('',#910,12.8);
#910 = AXIS2_PLACEMENT_3D('',#911,#912,#913);
#911 = CARTESIAN_POINT('',(241.00822007423,0.,641.51520403907));
#912 = DIRECTION('',(-0.342020143326,0.,0.939692620786));
#913 = DIRECTION('',(0.939692620786,0.,0.342020143326));
#914 = PCURVE('',#349,#915);
#915 = DEFINITIONAL_REPRESENTATION('',(#916),#920);
#916 = CIRCLE('',#917,12.8);
#917 = AXIS2_PLACEMENT_2D('',#918,#919);
#918 = CARTESIAN_POINT('',(3.,-10.6));
#919 = DIRECTION('',(1.,0.));
#920 = ( GEOMETRIC_REPRESENTATION_CONTEXT(2) 
PARAMETRIC_REPRESENTATION_CONTEXT() REPRESENTATION_CONTEXT('2D SPACE',''
  ) );
#921 = PCURVE('',#555,#922);
#922 = DEFINITIONAL_REPRESENTATION('',(#923),#927);
#923 = LINE('',#924,#925);
#924 = CARTESIAN_POINT('',(0.,226.));
#925 = VECTOR('',#926,1.);
#926 = DIRECTION('',(1.,0.));
#927 = ( GEOMETRIC_REPRESENTATION_CONTEXT(2) 
PARAMETRIC_REPRESENTATION_CONTEXT() REPRESENTATION_CONTEXT('2D SPACE',''
  ) );
#928 = ORIENTED_EDGE('',*,*,#929,.T.);
#929 = EDGE_CURVE('',#906,#309,#930,.T.);
#930 = SURFACE_CURVE('',#931,(#935,#942),.PCURVE_S1.);
#931 = LINE('',#932,#933);
#932 = CARTESIAN_POINT('',(243.82729793658,10.6,642.54126446905));
#933 = VECTOR('',#934,1.);
#934 = DIRECTION('',(0.,1.,0.));
#935 = PCURVE('',#349,#936);
#936 = DEFINITIONAL_REPRESENTATION('',(#937),#941);
#937 = LINE('',#938,#939);
#938 = CARTESIAN_POINT('',(6.,0.));
#939 = VECTOR('',#940,1.);
#940 = DIRECTION('',(0.,1.));
#941 = ( GEOMETRIC_REPRESENTATION_CONTEXT(2) 
PARAMETRIC_REPRESENTATION_CONTEXT() REPRESENTATION_CONTEXT('2D SPACE',''
  ) );
#942 = PCURVE('',#323,#943);
#943 = DEFINITIONAL_REPRESENTATION('',(#944),#948);
#944 = LINE('',#945,#946);
#945 = CARTESIAN_POINT('',(136.,0.));
#946 = VECTOR('',#947,1.);
#947 = DIRECTION('',(0.,-1.));
#948 = ( GEOMETRIC_REPRESENTATION_CONTEXT(2) 
PARAMETRIC_REPRESENTATION_CONTEXT() REPRESENTATION_CONTEXT('2D SPACE',''
  ) );
#949 = ORIENTED_EDGE('',*,*,#334,.T.);
#950 = ADVANCED_FACE('',(#951),#323,.F.);
#951 = FACE_BOUND('',#952,.F.);
#952 = EDGE_LOOP('',(#953,#954,#973,#974));
#953 = ORIENTED_EDGE('',*,*,#929,.F.);
#954 = ORIENTED_EDGE('',*,*,#955,.F.);
#955 = EDGE_CURVE('',#856,#906,#956,.T.);
#956 = SURFACE_CURVE('',#957,(#961,#967),.PCURVE_S1.);
#957 = LINE('',#958,#959);
#958 = CARTESIAN_POINT('',(321.12385032818,12.443472184242,
    430.17073217144));
#959 = VECTOR('',#960,1.);
#960 = DIRECTION('',(-0.342020143326,0.,0.939692620786));
#961 = PCURVE('',#323,#962);
#962 = DEFINITIONAL_REPRESENTATION('',(#963),#966);
#963 = B_SPLINE_CURVE_WITH_KNOTS('',1,(#964,#965),.UNSPECIFIED.,.F.,.F.,
  (2,2),(76.4,239.6),.PIECEWISE_BEZIER_KNOTS.);
#964 = CARTESIAN_POINT('',(-13.6,-1.843472184242));
#965 = CARTESIAN_POINT('',(149.6,-1.843472184242));
#966 = ( GEOMETRIC_REPRESENTATION_CONTEXT(2) 
PARAMETRIC_REPRESENTATION_CONTEXT() REPRESENTATION_CONTEXT('2D SPACE',''
  ) );
#967 = PCURVE('',#555,#968);
#968 = DEFINITIONAL_REPRESENTATION('',(#969),#972);
#969 = B_SPLINE_CURVE_WITH_KNOTS('',1,(#970,#971),.UNSPECIFIED.,.F.,.F.,
  (2,2),(76.4,239.6),.PIECEWISE_BEZIER_KNOTS.);
#970 = CARTESIAN_POINT('',(1.334220715949,76.4));
#971 = CARTESIAN_POINT('',(1.334220715949,239.6));
#972 = ( GEOMETRIC_REPRESENTATION_CONTEXT(2) 
PARAMETRIC_REPRESENTATION_CONTEXT() REPRESENTATION_CONTEXT('2D SPACE',''
  ) );
#973 = ORIENTED_EDGE('',*,*,#879,.T.);
#974 = ORIENTED_EDGE('',*,*,#308,.T.);
#975 = ADVANCED_FACE('',(#976),#473,.F.);
#976 = FACE_BOUND('',#977,.F.);
#977 = EDGE_LOOP('',(#978,#979,#1002,#1164));
#978 = ORIENTED_EDGE('',*,*,#363,.F.);
#979 = ORIENTED_EDGE('',*,*,#980,.F.);
#980 = EDGE_CURVE('',#981,#364,#983,.T.);
#981 = VERTEX_POINT('',#982);
#982 = CARTESIAN_POINT('',(237.77803234485,-12.5010999516,
    658.43053398658));
#983 = SEAM_CURVE('',#984,(#988,#995),.PCURVE_S1.);
#984 = LINE('',#985,#986);
#985 = CARTESIAN_POINT('',(237.77803234485,-10.6,658.43053398658));
#986 = VECTOR('',#987,1.);
#987 = DIRECTION('',(-7.594372760115E-17,-1.,2.086536767334E-16));
#988 = PCURVE('',#473,#989);
#989 = DEFINITIONAL_REPRESENTATION('',(#990),#994);
#990 = LINE('',#991,#992);
#991 = CARTESIAN_POINT('',(6.28318530718,-0.));
#992 = VECTOR('',#993,1.);
#993 = DIRECTION('',(0.,1.));
#994 = ( GEOMETRIC_REPRESENTATION_CONTEXT(2) 
PARAMETRIC_REPRESENTATION_CONTEXT() REPRESENTATION_CONTEXT('2D SPACE',''
  ) );
#995 = PCURVE('',#473,#996);
#996 = DEFINITIONAL_REPRESENTATION('',(#997),#1001);
#997 = LINE('',#998,#999);
#998 = CARTESIAN_POINT('',(0.,-0.));
#999 = VECTOR('',#1000,1.);
#1000 = DIRECTION('',(0.,1.));
#1001 = ( GEOMETRIC_REPRESENTATION_CONTEXT(2) 
PARAMETRIC_REPRESENTATION_CONTEXT() REPRESENTATION_CONTEXT('2D SPACE',''
  ) );
#1002 = ORIENTED_EDGE('',*,*,#1003,.T.);
#1003 = EDGE_CURVE('',#981,#981,#1004,.T.);
#1004 = SURFACE_CURVE('',#1005,(#1056,#1110),.PCURVE_S1.);
#1005 = B_SPLINE_CURVE_WITH_KNOTS('',7,(#1006,#1007,#1008,#1009,#1010,
    #1011,#1012,#1013,#1014,#1015,#1016,#1017,#1018,#1019,#1020,#1021,
    #1022,#1023,#1024,#1025,#1026,#1027,#1028,#1029,#1030,#1031,#1032,
    #1033,#1034,#1035,#1036,#1037,#1038,#1039,#1040,#1041,#1042,#1043,
    #1044,#1045,#1046,#1047,#1048,#1049,#1050,#1051,#1052,#1053,#1054,
    #1055),.UNSPECIFIED.,.T.,.F.,(8,6,6,6,6,6,6,6,8),(0.,0.140618197001,
    0.254228780555,0.369408562218,0.500458264843,0.640819323816,
    0.754222157477,0.869191319791,1.),.UNSPECIFIED.);
#1006 = CARTESIAN_POINT('',(237.77803234485,-12.5010999516,
    658.43053398658));
#1007 = CARTESIAN_POINT('',(237.6750600768,-12.5010999516,
    658.71344796788));
#1008 = CARTESIAN_POINT('',(237.53612627342,-12.50955914241,
    658.98273031613));
#1009 = CARTESIAN_POINT('',(237.36243185988,-12.52642681305,
    659.23577233154));
#1010 = CARTESIAN_POINT('',(237.15412322152,-12.55113051399,
    659.46934213997));
#1011 = CARTESIAN_POINT('',(236.91097503617,-12.58252670679,
    659.67894308261));
#1012 = CARTESIAN_POINT('',(236.63272124452,-12.6185143262,
    659.85840939478));
#1013 = CARTESIAN_POINT('',(236.06800991522,-12.68574259977,
    660.11198536408));
#1014 = CARTESIAN_POINT('',(235.78635181888,-12.71740535061,
    660.20287239819));
#1015 = CARTESIAN_POINT('',(235.48065624024,-12.74815150864,
    660.26083417354));
#1016 = CARTESIAN_POINT('',(235.15817438784,-12.77457906978,
    660.27813030559));
#1017 = CARTESIAN_POINT('',(234.82754233104,-12.79324163744,
    660.24960488385));
#1018 = CARTESIAN_POINT('',(234.49818712534,-12.80185893791,
    660.17246845329));
#1019 = CARTESIAN_POINT('',(233.85724195326,-12.79763027124,
    659.91822963634));
#1020 = CARTESIAN_POINT('',(233.56351888789,-12.78460217111,
    659.74672624126));
#1021 = CARTESIAN_POINT('',(233.3042980802,-12.76212164603,
    659.54010527136));
#1022 = CARTESIAN_POINT('',(233.08321507709,-12.7330193422,
    659.30714398177));
#1023 = CARTESIAN_POINT('',(232.90196988457,-12.70079041327,
    659.05709433082));
#1024 = CARTESIAN_POINT('',(232.75999161924,-12.66858987418,
    658.79957916309));
#1025 = CARTESIAN_POINT('',(232.53349980399,-12.60455915518,
    658.25400415861));
#1026 = CARTESIAN_POINT('',(232.45628583122,-12.57245486314,
    657.95864319284));
#1027 = CARTESIAN_POINT('',(232.41845551187,-12.54481094072,
    657.66379243138));
#1028 = CARTESIAN_POINT('',(232.41683230069,-12.52319107983,
    657.37300114715));
#1029 = CARTESIAN_POINT('',(232.44905740378,-12.5084739384,
    657.08885762273));
#1030 = CARTESIAN_POINT('',(232.51358169985,-12.5010999516,
    656.81356905866));
#1031 = CARTESIAN_POINT('',(232.71269519738,-12.5010999516,
    656.26650922029));
#1032 = CARTESIAN_POINT('',(232.85162900885,-12.50955914284,
    655.99722685729));
#1033 = CARTESIAN_POINT('',(233.02532339989,-12.52642681169,
    655.74418487186));
#1034 = CARTESIAN_POINT('',(233.23363207246,-12.55113051589,
    655.51061502838));
#1035 = CARTESIAN_POINT('',(233.47678022713,-12.58252670544,
    655.30101411021));
#1036 = CARTESIAN_POINT('',(233.7550340345,-12.61851432664,
    655.12154778845));
#1037 = CARTESIAN_POINT('',(234.31974536016,-12.68574259977,
    654.86797182079));
#1038 = CARTESIAN_POINT('',(234.6014034565,-12.71740535061,
    654.77708478668));
#1039 = CARTESIAN_POINT('',(234.90709903513,-12.74815150864,
    654.71912301133));
#1040 = CARTESIAN_POINT('',(235.22958088753,-12.77457906978,
    654.70182687928));
#1041 = CARTESIAN_POINT('',(235.56021294434,-12.79324163744,
    654.73035230102));
#1042 = CARTESIAN_POINT('',(235.88956815004,-12.80185893791,
    654.80748873158));
#1043 = CARTESIAN_POINT('',(236.53051332212,-12.79763027124,
    655.06172754853));
#1044 = CARTESIAN_POINT('',(236.82423638749,-12.78460217111,
    655.23323094361));
#1045 = CARTESIAN_POINT('',(237.08345719518,-12.76212164603,
    655.43985191351));
#1046 = CARTESIAN_POINT('',(237.30454019829,-12.7330193422,
    655.6728132031));
#1047 = CARTESIAN_POINT('',(237.48578539081,-12.70079041327,
    655.92286285405));
#1048 = CARTESIAN_POINT('',(237.62776365614,-12.66858987418,
    656.18037802178));
#1049 = CARTESIAN_POINT('',(237.85425419682,-12.6045595155,
    656.72594995607));
#1050 = CARTESIAN_POINT('',(237.93147201915,-12.57245434227,
    657.021317982));
#1051 = CARTESIAN_POINT('',(237.96929874525,-12.54481050989,
    657.31616935891));
#1052 = CARTESIAN_POINT('',(237.97091968311,-12.52319238494,
    657.60694821948));
#1053 = CARTESIAN_POINT('',(237.93869952536,-12.5084752799,
    657.89107705364));
#1054 = CARTESIAN_POINT('',(237.87418251235,-12.5010999516,
    658.16636357249));
#1055 = CARTESIAN_POINT('',(237.77803234485,-12.5010999516,
    658.43053398658));
#1056 = PCURVE('',#473,#1057);
#1057 = DEFINITIONAL_REPRESENTATION('',(#1058),#1109);
#1058 = B_SPLINE_CURVE_WITH_KNOTS('',7,(#1059,#1060,#1061,#1062,#1063,
    #1064,#1065,#1066,#1067,#1068,#1069,#1070,#1071,#1072,#1073,#1074,
    #1075,#1076,#1077,#1078,#1079,#1080,#1081,#1082,#1083,#1084,#1085,
    #1086,#1087,#1088,#1089,#1090,#1091,#1092,#1093,#1094,#1095,#1096,
    #1097,#1098,#1099,#1100,#1101,#1102,#1103,#1104,#1105,#1106,#1107,
    #1108),.UNSPECIFIED.,.F.,.F.,(8,6,6,6,6,6,6,6,8),(0.,0.140618197001,
    0.254228780555,0.369408562218,0.500458264843,0.640819323816,
    0.754222157477,0.869191319791,1.),.UNSPECIFIED.);
#1059 = CARTESIAN_POINT('',(0.,1.901099951604));
#1060 = CARTESIAN_POINT('',(0.109480280154,1.901099951604));
#1061 = CARTESIAN_POINT('',(0.218774840816,1.909559142416));
#1062 = CARTESIAN_POINT('',(0.328988078921,1.926426813054));
#1063 = CARTESIAN_POINT('',(0.441102176263,1.951130513998));
#1064 = CARTESIAN_POINT('',(0.556132568684,1.982526706796));
#1065 = CARTESIAN_POINT('',(0.675170297376,2.018514326205));
#1066 = CARTESIAN_POINT('',(0.90027256105,2.085742599771));
#1067 = CARTESIAN_POINT('',(1.007244755114,2.117405350611));
#1068 = CARTESIAN_POINT('',(1.118947623301,2.148151508648));
#1069 = CARTESIAN_POINT('',(1.234441169405,2.174579069786));
#1070 = CARTESIAN_POINT('',(1.353178247581,2.193241637448));
#1071 = CARTESIAN_POINT('',(1.474847496969,2.201858937915));
#1072 = CARTESIAN_POINT('',(1.725584747652,2.197630271249));
#1073 = CARTESIAN_POINT('',(1.84786254184,2.184602171116));
#1074 = CARTESIAN_POINT('',(1.966471411858,2.162121646033));
#1075 = CARTESIAN_POINT('',(2.081367399104,2.133019342201));
#1076 = CARTESIAN_POINT('',(2.192272524113,2.100790413271));
#1077 = CARTESIAN_POINT('',(2.298553032528,2.068589874185));
#1078 = CARTESIAN_POINT('',(2.51336046207,2.00455915518));
#1079 = CARTESIAN_POINT('',(2.623321830862,1.972454863141));
#1080 = CARTESIAN_POINT('',(2.730060155198,1.944810940721));
#1081 = CARTESIAN_POINT('',(2.834435571715,1.923191079834));
#1082 = CARTESIAN_POINT('',(2.937282536743,1.908473938407));
#1083 = CARTESIAN_POINT('',(3.0393751433,1.901099951604));
#1084 = CARTESIAN_POINT('',(3.251072932464,1.901099951604));
#1085 = CARTESIAN_POINT('',(3.360367499508,1.909559142841));
#1086 = CARTESIAN_POINT('',(3.470580723118,1.926426811692));
#1087 = CARTESIAN_POINT('',(3.582694839465,1.951130515895));
#1088 = CARTESIAN_POINT('',(3.697725216794,1.982526705446));
#1089 = CARTESIAN_POINT('',(3.816762952419,2.01851432664));
#1090 = CARTESIAN_POINT('',(4.04186521464,2.085742599771));
#1091 = CARTESIAN_POINT('',(4.148837408704,2.117405350611));
#1092 = CARTESIAN_POINT('',(4.260540276891,2.148151508648));
#1093 = CARTESIAN_POINT('',(4.376033822995,2.174579069786));
#1094 = CARTESIAN_POINT('',(4.494770901171,2.193241637448));
#1095 = CARTESIAN_POINT('',(4.616440150559,2.201858937915));
#1096 = CARTESIAN_POINT('',(4.867177401242,2.197630271249));
#1097 = CARTESIAN_POINT('',(4.989455195431,2.184602171116));
#1098 = CARTESIAN_POINT('',(5.108064065447,2.162121646033));
#1099 = CARTESIAN_POINT('',(5.222960052694,2.133019342201));
#1100 = CARTESIAN_POINT('',(5.333865177702,2.10079041327));
#1101 = CARTESIAN_POINT('',(5.440145686118,2.068589874185));
#1102 = CARTESIAN_POINT('',(5.654951906844,2.004559515509));
#1103 = CARTESIAN_POINT('',(5.764916167687,1.972454342277));
#1104 = CARTESIAN_POINT('',(5.871654204161,1.944810509893));
#1105 = CARTESIAN_POINT('',(5.976025468156,1.923192384946));
#1106 = CARTESIAN_POINT('',(6.07886731143,1.908475279906));
#1107 = CARTESIAN_POINT('',(6.180958295246,1.901099951604));
#1108 = CARTESIAN_POINT('',(6.28318530718,1.901099951604));
#1109 = ( GEOMETRIC_REPRESENTATION_CONTEXT(2) 
PARAMETRIC_REPRESENTATION_CONTEXT() REPRESENTATION_CONTEXT('2D SPACE',''
  ) );
#1110 = PCURVE('',#555,#1111);
#1111 = DEFINITIONAL_REPRESENTATION('',(#1112),#1163);
#1112 = B_SPLINE_CURVE_WITH_KNOTS('',7,(#1113,#1114,#1115,#1116,#1117,
    #1118,#1119,#1120,#1121,#1122,#1123,#1124,#1125,#1126,#1127,#1128,
    #1129,#1130,#1131,#1132,#1133,#1134,#1135,#1136,#1137,#1138,#1139,
    #1140,#1141,#1142,#1143,#1144,#1145,#1146,#1147,#1148,#1149,#1150,
    #1151,#1152,#1153,#1154,#1155,#1156,#1157,#1158,#1159,#1160,#1161,
    #1162),.UNSPECIFIED.,.T.,.F.,(8,6,6,6,6,6,6,6,8),(0.,0.140618197001,
    0.254228780555,0.369408562218,0.500458264843,0.640819323816,
    0.754222157477,0.869191319791,1.),.UNSPECIFIED.);
#1113 = CARTESIAN_POINT('',(4.928920821489,243.));
#1114 = CARTESIAN_POINT('',(4.928920821489,243.30107077042));
#1115 = CARTESIAN_POINT('',(4.925844691161,243.60163156532));
#1116 = CARTESIAN_POINT('',(4.919711288762,243.89882026817));
#1117 = CARTESIAN_POINT('',(4.910456467216,244.18954984393));
#1118 = CARTESIAN_POINT('',(4.897965621838,244.46967188024));
#1119 = CARTESIAN_POINT('',(4.882088688283,244.73348345117));
#1120 = CARTESIAN_POINT('',(4.847011450331,245.16490956811));
#1121 = CARTESIAN_POINT('',(4.828597850382,245.34664818587));
#1122 = CARTESIAN_POINT('',(4.807573862009,245.50566848407));
#1123 = CARTESIAN_POINT('',(4.784285699822,245.63221682111));
#1124 = CARTESIAN_POINT('',(4.75922901013,245.71849451625));
#1125 = CARTESIAN_POINT('',(4.732993376839,245.75865609632));
#1126 = CARTESIAN_POINT('',(4.67914500052,245.73896591574));
#1127 = CARTESIAN_POINT('',(4.652993369098,245.67826464585));
#1128 = CARTESIAN_POINT('',(4.628399338196,245.57276318293));
#1129 = CARTESIAN_POINT('',(4.605842954529,245.42946601859));
#1130 = CARTESIAN_POINT('',(4.58570377978,245.25648571349));
#1131 = CARTESIAN_POINT('',(4.56821973701,245.06306003728));
#1132 = CARTESIAN_POINT('',(4.536615830804,244.62785199461));
#1133 = CARTESIAN_POINT('',(4.522829092818,244.37671220864));
#1134 = CARTESIAN_POINT('',(4.51195805262,244.1125818551));
#1135 = CARTESIAN_POINT('',(4.503890232999,243.83988260205));
#1136 = CARTESIAN_POINT('',(4.498538599043,243.56185339452));
#1137 = CARTESIAN_POINT('',(4.495857139281,243.28109815329));
#1138 = CARTESIAN_POINT('',(4.495857139281,242.69892923309));
#1139 = CARTESIAN_POINT('',(4.498933269811,242.39836842156));
#1140 = CARTESIAN_POINT('',(4.505066671347,242.10117975458));
#1141 = CARTESIAN_POINT('',(4.51432149449,241.81045013417));
#1142 = CARTESIAN_POINT('',(4.526812338249,241.53032813135));
#1143 = CARTESIAN_POINT('',(4.542689272713,241.26651654604));
#1144 = CARTESIAN_POINT('',(4.577766510438,240.83509043188));
#1145 = CARTESIAN_POINT('',(4.596180110388,240.65335181412));
#1146 = CARTESIAN_POINT('',(4.61720409876,240.49433151592));
#1147 = CARTESIAN_POINT('',(4.640492260947,240.36778317888));
#1148 = CARTESIAN_POINT('',(4.66554895064,240.28150548374));
#1149 = CARTESIAN_POINT('',(4.69178458393,240.24134390367));
#1150 = CARTESIAN_POINT('',(4.745632960249,240.26103408426));
#1151 = CARTESIAN_POINT('',(4.771784591672,240.32173535414));
#1152 = CARTESIAN_POINT('',(4.796378622573,240.42723681706));
#1153 = CARTESIAN_POINT('',(4.818935006241,240.5705339814));
#1154 = CARTESIAN_POINT('',(4.83907418099,240.74351428651));
#1155 = CARTESIAN_POINT('',(4.856558223759,240.93693996271));
#1156 = CARTESIAN_POINT('',(4.888161952117,241.37214555628));
#1157 = CARTESIAN_POINT('',(4.901949166066,241.62329066));
#1158 = CARTESIAN_POINT('',(4.912819961998,241.88742282083));
#1159 = CARTESIAN_POINT('',(4.920887265962,242.16011117699));
#1160 = CARTESIAN_POINT('',(4.926238870437,242.43812488877));
#1161 = CARTESIAN_POINT('',(4.928920821489,242.71887571718));
#1162 = CARTESIAN_POINT('',(4.928920821489,243.));
#1163 = ( GEOMETRIC_REPRESENTATION_CONTEXT(2) 
PARAMETRIC_REPRESENTATION_CONTEXT() REPRESENTATION_CONTEXT('2D SPACE',''
  ) );
#1164 = ORIENTED_EDGE('',*,*,#980,.T.);
#1165 = ADVANCED_FACE('',(#1166,#1196,#1202),#555,.F.);
#1166 = FACE_BOUND('',#1167,.F.);
#1167 = EDGE_LOOP('',(#1168,#1189,#1190,#1191,#1192,#1193,#1194,#1195));
#1168 = ORIENTED_EDGE('',*,*,#1169,.T.);
#1169 = EDGE_CURVE('',#539,#594,#1170,.T.);
#1170 = SEAM_CURVE('',#1171,(#1175,#1182),.PCURVE_S1.);
#1171 = LINE('',#1172,#1173);
#1172 = CARTESIAN_POINT('',(330.33283801189,-3.135095805817E-15,
    433.52252957603));
#1173 = VECTOR('',#1174,1.);
#1174 = DIRECTION('',(-0.342020143326,-1.232595164408E-32,0.939692620786
    ));
#1175 = PCURVE('',#555,#1176);
#1176 = DEFINITIONAL_REPRESENTATION('',(#1177),#1181);
#1177 = LINE('',#1178,#1179);
#1178 = CARTESIAN_POINT('',(6.28318530718,-0.));
#1179 = VECTOR('',#1180,1.);
#1180 = DIRECTION('',(0.,1.));
#1181 = ( GEOMETRIC_REPRESENTATION_CONTEXT(2) 
PARAMETRIC_REPRESENTATION_CONTEXT() REPRESENTATION_CONTEXT('2D SPACE',''
  ) );
#1182 = PCURVE('',#555,#1183);
#1183 = DEFINITIONAL_REPRESENTATION('',(#1184),#1188);
#1184 = LINE('',#1185,#1186);
#1185 = CARTESIAN_POINT('',(0.,-0.));
#1186 = VECTOR('',#1187,1.);
#1187 = DIRECTION('',(0.,1.));
#1188 = ( GEOMETRIC_REPRESENTATION_CONTEXT(2) 
PARAMETRIC_REPRESENTATION_CONTEXT() REPRESENTATION_CONTEXT('2D SPACE',''
  ) );
#1189 = ORIENTED_EDGE('',*,*,#617,.F.);
#1190 = ORIENTED_EDGE('',*,*,#763,.F.);
#1191 = ORIENTED_EDGE('',*,*,#735,.F.);
#1192 = ORIENTED_EDGE('',*,*,#688,.T.);
#1193 = ORIENTED_EDGE('',*,*,#593,.F.);
#1194 = ORIENTED_EDGE('',*,*,#1169,.F.);
#1195 = ORIENTED_EDGE('',*,*,#538,.T.);
#1196 = FACE_BOUND('',#1197,.F.);
#1197 = EDGE_LOOP('',(#1198,#1199,#1200,#1201));
#1198 = ORIENTED_EDGE('',*,*,#808,.F.);
#1199 = ORIENTED_EDGE('',*,*,#855,.F.);
#1200 = ORIENTED_EDGE('',*,*,#955,.T.);
#1201 = ORIENTED_EDGE('',*,*,#905,.T.);
#1202 = FACE_BOUND('',#1203,.F.);
#1203 = EDGE_LOOP('',(#1204));
#1204 = ORIENTED_EDGE('',*,*,#1003,.F.);
#1205 = ( GEOMETRIC_REPRESENTATION_CONTEXT(3) 
GLOBAL_UNCERTAINTY_ASSIGNED_CONTEXT((#1209)) 
GLOBAL_UNIT_ASSIGNED_CONTEXT((#1206,#1207,#1208)) REPRESENTATION_CONTEXT
('Context #1','3D Context with UNIT and UNCERTAINTY') );
#1206 = ( LENGTH_UNIT() NAMED_UNIT(*) SI_UNIT(.MILLI.,.METRE.) );
#1207 = ( NAMED_UNIT(*) PLANE_ANGLE_UNIT() SI_UNIT($,.RADIAN.) );
#1208 = ( NAMED_UNIT(*) SI_UNIT($,.STERADIAN.) SOLID_ANGLE_UNIT() );
#1209 = UNCERTAINTY_MEASURE_WITH_UNIT(LENGTH_MEASURE(1.E-07),#1206,
  'distance_accuracy_value','confusion accuracy');
#1210 = CONTEXT_DEPENDENT_SHAPE_REPRESENTATION(#1211,#1213);
#1211 = ( REPRESENTATION_RELATIONSHIP('','',#52,#10) 
REPRESENTATION_RELATIONSHIP_WITH_TRANSFORMATION(#1212) 
SHAPE_REPRESENTATION_RELATIONSHIP() );
#1212 = ITEM_DEFINED_TRANSFORMATION('','',#11,#15);
#1213 = PRODUCT_DEFINITION_SHAPE('Placement','Placement of an item',
  #1214);
#1214 = NEXT_ASSEMBLY_USAGE_OCCURRENCE('378','=>[0:1:1:2]','',#5,#47,$);
#1215 = PRODUCT_RELATED_PRODUCT_CATEGORY('part',$,(#49));
#1216 = SHAPE_DEFINITION_REPRESENTATION(#1217,#1223);
#1217 = PRODUCT_DEFINITION_SHAPE('','',#1218);
#1218 = PRODUCT_DEFINITION('design','',#1219,#1222);
#1219 = PRODUCT_DEFINITION_FORMATION('','',#1220);
#1220 = PRODUCT('SOLID','SOLID','',(#1221));
#1221 = PRODUCT_CONTEXT('',#2,'mechanical');
#1222 = PRODUCT_DEFINITION_CONTEXT('part definition',#2,'design');
#1223 = ADVANCED_BREP_SHAPE_REPRESENTATION('',(#11,#1224),#1718);
#1224 = MANIFOLD_SOLID_BREP('',#1225);
#1225 = CLOSED_SHELL('',(#1226,#1426,#1461,#1491,#1563,#1610,#1660,#1685
    ));
#1226 = ADVANCED_FACE('',(#1227,#1314),#1241,.T.);
#1227 = FACE_BOUND('',#1228,.T.);
#1228 = EDGE_LOOP('',(#1229,#1259,#1286,#1287));
#1229 = ORIENTED_EDGE('',*,*,#1230,.T.);
#1230 = EDGE_CURVE('',#1231,#1233,#1235,.T.);
#1231 = VERTEX_POINT('',#1232);
#1232 = CARTESIAN_POINT('',(278.93584725096,-3.110602869834E-15,
    574.44222067958));
#1233 = VERTEX_POINT('',#1234);
#1234 = CARTESIAN_POINT('',(183.17020711977,-3.110602869834E-15,
    837.55615449964));
#1235 = SEAM_CURVE('',#1236,(#1240,#1252),.PCURVE_S1.);
#1236 = LINE('',#1237,#1238);
#1237 = CARTESIAN_POINT('',(278.93584725096,-3.110602869834E-15,
    574.44222067958));
#1238 = VECTOR('',#1239,1.);
#1239 = DIRECTION('',(-0.342020143326,-1.232595164408E-32,0.939692620786
    ));
#1240 = PCURVE('',#1241,#1246);
#1241 = CYLINDRICAL_SURFACE('',#1242,12.7);
#1242 = AXIS2_PLACEMENT_3D('',#1243,#1244,#1245);
#1243 = CARTESIAN_POINT('',(267.00175096698,0.,570.09856485935));
#1244 = DIRECTION('',(-0.342020143326,0.,0.939692620786));
#1245 = DIRECTION('',(0.939692620786,0.,0.342020143326));
#1246 = DEFINITIONAL_REPRESENTATION('',(#1247),#1251);
#1247 = LINE('',#1248,#1249);
#1248 = CARTESIAN_POINT('',(6.28318530718,-0.));
#1249 = VECTOR('',#1250,1.);
#1250 = DIRECTION('',(0.,1.));
#1251 = ( GEOMETRIC_REPRESENTATION_CONTEXT(2) 
PARAMETRIC_REPRESENTATION_CONTEXT() REPRESENTATION_CONTEXT('2D SPACE',''
  ) );
#1252 = PCURVE('',#1241,#1253);
#1253 = DEFINITIONAL_REPRESENTATION('',(#1254),#1258);
#1254 = LINE('',#1255,#1256);
#1255 = CARTESIAN_POINT('',(0.,-0.));
#1256 = VECTOR('',#1257,1.);
#1257 = DIRECTION('',(0.,1.));
#1258 = ( GEOMETRIC_REPRESENTATION_CONTEXT(2) 
PARAMETRIC_REPRESENTATION_CONTEXT() REPRESENTATION_CONTEXT('2D SPACE',''
  ) );
#1259 = ORIENTED_EDGE('',*,*,#1260,.F.);
#1260 = EDGE_CURVE('',#1233,#1233,#1261,.T.);
#1261 = SURFACE_CURVE('',#1262,(#1267,#1274),.PCURVE_S1.);
#1262 = CIRCLE('',#1263,12.7);
#1263 = AXIS2_PLACEMENT_3D('',#1264,#1265,#1266);
#1264 = CARTESIAN_POINT('',(171.23611083579,0.,833.2124986794));
#1265 = DIRECTION('',(-0.342020143326,0.,0.939692620786));
#1266 = DIRECTION('',(0.939692620786,0.,0.342020143326));
#1267 = PCURVE('',#1241,#1268);
#1268 = DEFINITIONAL_REPRESENTATION('',(#1269),#1273);
#1269 = LINE('',#1270,#1271);
#1270 = CARTESIAN_POINT('',(0.,280.));
#1271 = VECTOR('',#1272,1.);
#1272 = DIRECTION('',(1.,0.));
#1273 = ( GEOMETRIC_REPRESENTATION_CONTEXT(2) 
PARAMETRIC_REPRESENTATION_CONTEXT() REPRESENTATION_CONTEXT('2D SPACE',''
  ) );
#1274 = PCURVE('',#1275,#1280);
#1275 = PLANE('',#1276);
#1276 = AXIS2_PLACEMENT_3D('',#1277,#1278,#1279);
#1277 = CARTESIAN_POINT('',(171.23611083579,0.,833.2124986794));
#1278 = DIRECTION('',(-0.342020143326,0.,0.939692620786));
#1279 = DIRECTION('',(0.939692620786,0.,0.342020143326));
#1280 = DEFINITIONAL_REPRESENTATION('',(#1281),#1285);
#1281 = CIRCLE('',#1282,12.7);
#1282 = AXIS2_PLACEMENT_2D('',#1283,#1284);
#1283 = CARTESIAN_POINT('',(0.,0.));
#1284 = DIRECTION('',(1.,0.));
#1285 = ( GEOMETRIC_REPRESENTATION_CONTEXT(2) 
PARAMETRIC_REPRESENTATION_CONTEXT() REPRESENTATION_CONTEXT('2D SPACE',''
  ) );
#1286 = ORIENTED_EDGE('',*,*,#1230,.F.);
#1287 = ORIENTED_EDGE('',*,*,#1288,.T.);
#1288 = EDGE_CURVE('',#1231,#1231,#1289,.T.);
#1289 = SURFACE_CURVE('',#1290,(#1295,#1302),.PCURVE_S1.);
#1290 = CIRCLE('',#1291,12.7);
#1291 = AXIS2_PLACEMENT_3D('',#1292,#1293,#1294);
#1292 = CARTESIAN_POINT('',(267.00175096698,0.,570.09856485935));
#1293 = DIRECTION('',(-0.342020143326,0.,0.939692620786));
#1294 = DIRECTION('',(0.939692620786,0.,0.342020143326));
#1295 = PCURVE('',#1241,#1296);
#1296 = DEFINITIONAL_REPRESENTATION('',(#1297),#1301);
#1297 = LINE('',#1298,#1299);
#1298 = CARTESIAN_POINT('',(0.,0.));
#1299 = VECTOR('',#1300,1.);
#1300 = DIRECTION('',(1.,0.));
#1301 = ( GEOMETRIC_REPRESENTATION_CONTEXT(2) 
PARAMETRIC_REPRESENTATION_CONTEXT() REPRESENTATION_CONTEXT('2D SPACE',''
  ) );
#1302 = PCURVE('',#1303,#1308);
#1303 = PLANE('',#1304);
#1304 = AXIS2_PLACEMENT_3D('',#1305,#1306,#1307);
#1305 = CARTESIAN_POINT('',(267.00175096698,0.,570.09856485935));
#1306 = DIRECTION('',(-0.342020143326,0.,0.939692620786));
#1307 = DIRECTION('',(0.939692620786,0.,0.342020143326));
#1308 = DEFINITIONAL_REPRESENTATION('',(#1309),#1313);
#1309 = CIRCLE('',#1310,12.7);
#1310 = AXIS2_PLACEMENT_2D('',#1311,#1312);
#1311 = CARTESIAN_POINT('',(0.,0.));
#1312 = DIRECTION('',(1.,0.));
#1313 = ( GEOMETRIC_REPRESENTATION_CONTEXT(2) 
PARAMETRIC_REPRESENTATION_CONTEXT() REPRESENTATION_CONTEXT('2D SPACE',''
  ) );
#1314 = FACE_BOUND('',#1315,.T.);
#1315 = EDGE_LOOP('',(#1316,#1347,#1373,#1402));
#1316 = ORIENTED_EDGE('',*,*,#1317,.F.);
#1317 = EDGE_CURVE('',#1318,#1320,#1322,.T.);
#1318 = VERTEX_POINT('',#1319);
#1319 = CARTESIAN_POINT('',(233.40086020531,-12.3405834546,
    653.6448403001));
#1320 = VERTEX_POINT('',#1321);
#1321 = CARTESIAN_POINT('',(239.03901593002,-12.3405834546,
    655.69696116005));
#1322 = SURFACE_CURVE('',#1323,(#1328,#1335),.PCURVE_S1.);
#1323 = CIRCLE('',#1324,12.7);
#1324 = AXIS2_PLACEMENT_3D('',#1325,#1326,#1327);
#1325 = CARTESIAN_POINT('',(236.21993806767,0.,654.67090073008));
#1326 = DIRECTION('',(-0.342020143326,0.,0.939692620786));
#1327 = DIRECTION('',(0.939692620786,0.,0.342020143326));
#1328 = PCURVE('',#1241,#1329);
#1329 = DEFINITIONAL_REPRESENTATION('',(#1330),#1334);
#1330 = LINE('',#1331,#1332);
#1331 = CARTESIAN_POINT('',(0.,90.));
#1332 = VECTOR('',#1333,1.);
#1333 = DIRECTION('',(1.,0.));
#1334 = ( GEOMETRIC_REPRESENTATION_CONTEXT(2) 
PARAMETRIC_REPRESENTATION_CONTEXT() REPRESENTATION_CONTEXT('2D SPACE',''
  ) );
#1335 = PCURVE('',#1336,#1341);
#1336 = PLANE('',#1337);
#1337 = AXIS2_PLACEMENT_3D('',#1338,#1339,#1340);
#1338 = CARTESIAN_POINT('',(233.40086020531,-16.7,653.6448403001));
#1339 = DIRECTION('',(-0.342020143326,0.,0.939692620786));
#1340 = DIRECTION('',(0.939692620786,0.,0.342020143326));
#1341 = DEFINITIONAL_REPRESENTATION('',(#1342),#1346);
#1342 = CIRCLE('',#1343,12.7);
#1343 = AXIS2_PLACEMENT_2D('',#1344,#1345);
#1344 = CARTESIAN_POINT('',(3.,16.7));
#1345 = DIRECTION('',(1.,0.));
#1346 = ( GEOMETRIC_REPRESENTATION_CONTEXT(2) 
PARAMETRIC_REPRESENTATION_CONTEXT() REPRESENTATION_CONTEXT('2D SPACE',''
  ) );
#1347 = ORIENTED_EDGE('',*,*,#1348,.T.);
#1348 = EDGE_CURVE('',#1318,#1349,#1351,.T.);
#1349 = VERTEX_POINT('',#1350);
#1350 = CARTESIAN_POINT('',(183.46591927976,-12.3405834546,
    790.83996293484));
#1351 = SURFACE_CURVE('',#1352,(#1356,#1362),.PCURVE_S1.);
#1352 = LINE('',#1353,#1354);
#1353 = CARTESIAN_POINT('',(264.18267310462,-12.3405834546,
    569.07250442937));
#1354 = VECTOR('',#1355,1.);
#1355 = DIRECTION('',(-0.342020143326,0.,0.939692620786));
#1356 = PCURVE('',#1241,#1357);
#1357 = DEFINITIONAL_REPRESENTATION('',(#1358),#1361);
#1358 = B_SPLINE_CURVE_WITH_KNOTS('',1,(#1359,#1360),.UNSPECIFIED.,.F.,
  .F.,(2,2),(75.4,250.6),.PIECEWISE_BEZIER_KNOTS.);
#1359 = CARTESIAN_POINT('',(4.473914585248,75.4));
#1360 = CARTESIAN_POINT('',(4.473914585248,250.6));
#1361 = ( GEOMETRIC_REPRESENTATION_CONTEXT(2) 
PARAMETRIC_REPRESENTATION_CONTEXT() REPRESENTATION_CONTEXT('2D SPACE',''
  ) );
#1362 = PCURVE('',#1363,#1368);
#1363 = PLANE('',#1364);
#1364 = AXIS2_PLACEMENT_3D('',#1365,#1366,#1367);
#1365 = CARTESIAN_POINT('',(233.40086020531,-16.7,653.6448403001));
#1366 = DIRECTION('',(0.939692620786,0.,0.342020143326));
#1367 = DIRECTION('',(-0.342020143326,0.,0.939692620786));
#1368 = DEFINITIONAL_REPRESENTATION('',(#1369),#1372);
#1369 = B_SPLINE_CURVE_WITH_KNOTS('',1,(#1370,#1371),.UNSPECIFIED.,.F.,
  .F.,(2,2),(75.4,250.6),.PIECEWISE_BEZIER_KNOTS.);
#1370 = CARTESIAN_POINT('',(-14.6,-4.359416545398));
#1371 = CARTESIAN_POINT('',(160.6,-4.359416545398));
#1372 = ( GEOMETRIC_REPRESENTATION_CONTEXT(2) 
PARAMETRIC_REPRESENTATION_CONTEXT() REPRESENTATION_CONTEXT('2D SPACE',''
  ) );
#1373 = ORIENTED_EDGE('',*,*,#1374,.T.);
#1374 = EDGE_CURVE('',#1349,#1375,#1377,.T.);
#1375 = VERTEX_POINT('',#1376);
#1376 = CARTESIAN_POINT('',(189.10407500448,-12.3405834546,
    792.8920837948));
#1377 = SURFACE_CURVE('',#1378,(#1383,#1390),.PCURVE_S1.);
#1378 = CIRCLE('',#1379,12.7);
#1379 = AXIS2_PLACEMENT_3D('',#1380,#1381,#1382);
#1380 = CARTESIAN_POINT('',(186.28499714212,0.,791.86602336482));
#1381 = DIRECTION('',(-0.342020143326,0.,0.939692620786));
#1382 = DIRECTION('',(0.939692620786,0.,0.342020143326));
#1383 = PCURVE('',#1241,#1384);
#1384 = DEFINITIONAL_REPRESENTATION('',(#1385),#1389);
#1385 = LINE('',#1386,#1387);
#1386 = CARTESIAN_POINT('',(0.,236.));
#1387 = VECTOR('',#1388,1.);
#1388 = DIRECTION('',(1.,0.));
#1389 = ( GEOMETRIC_REPRESENTATION_CONTEXT(2) 
PARAMETRIC_REPRESENTATION_CONTEXT() REPRESENTATION_CONTEXT('2D SPACE',''
  ) );
#1390 = PCURVE('',#1391,#1396);
#1391 = PLANE('',#1392);
#1392 = AXIS2_PLACEMENT_3D('',#1393,#1394,#1395);
#1393 = CARTESIAN_POINT('',(183.46591927976,-16.7,790.83996293484));
#1394 = DIRECTION('',(-0.342020143326,0.,0.939692620786));
#1395 = DIRECTION('',(0.939692620786,0.,0.342020143326));
#1396 = DEFINITIONAL_REPRESENTATION('',(#1397),#1401);
#1397 = CIRCLE('',#1398,12.7);
#1398 = AXIS2_PLACEMENT_2D('',#1399,#1400);
#1399 = CARTESIAN_POINT('',(3.,16.7));
#1400 = DIRECTION('',(1.,0.));
#1401 = ( GEOMETRIC_REPRESENTATION_CONTEXT(2) 
PARAMETRIC_REPRESENTATION_CONTEXT() REPRESENTATION_CONTEXT('2D SPACE',''
  ) );
#1402 = ORIENTED_EDGE('',*,*,#1403,.F.);
#1403 = EDGE_CURVE('',#1320,#1375,#1404,.T.);
#1404 = SURFACE_CURVE('',#1405,(#1409,#1415),.PCURVE_S1.);
#1405 = LINE('',#1406,#1407);
#1406 = CARTESIAN_POINT('',(269.82082882933,-12.3405834546,
    571.12462528932));
#1407 = VECTOR('',#1408,1.);
#1408 = DIRECTION('',(-0.342020143326,0.,0.939692620786));
#1409 = PCURVE('',#1241,#1410);
#1410 = DEFINITIONAL_REPRESENTATION('',(#1411),#1414);
#1411 = B_SPLINE_CURVE_WITH_KNOTS('',1,(#1412,#1413),.UNSPECIFIED.,.F.,
  .F.,(2,2),(75.4,250.6),.PIECEWISE_BEZIER_KNOTS.);
#1412 = CARTESIAN_POINT('',(4.950863375522,75.4));
#1413 = CARTESIAN_POINT('',(4.950863375522,250.6));
#1414 = ( GEOMETRIC_REPRESENTATION_CONTEXT(2) 
PARAMETRIC_REPRESENTATION_CONTEXT() REPRESENTATION_CONTEXT('2D SPACE',''
  ) );
#1415 = PCURVE('',#1416,#1421);
#1416 = PLANE('',#1417);
#1417 = AXIS2_PLACEMENT_3D('',#1418,#1419,#1420);
#1418 = CARTESIAN_POINT('',(239.03901593002,-16.7,655.69696116005));
#1419 = DIRECTION('',(0.939692620786,0.,0.342020143326));
#1420 = DIRECTION('',(-0.342020143326,0.,0.939692620786));
#1421 = DEFINITIONAL_REPRESENTATION('',(#1422),#1425);
#1422 = B_SPLINE_CURVE_WITH_KNOTS('',1,(#1423,#1424),.UNSPECIFIED.,.F.,
  .F.,(2,2),(75.4,250.6),.PIECEWISE_BEZIER_KNOTS.);
#1423 = CARTESIAN_POINT('',(-14.6,-4.359416545398));
#1424 = CARTESIAN_POINT('',(160.6,-4.359416545398));
#1425 = ( GEOMETRIC_REPRESENTATION_CONTEXT(2) 
PARAMETRIC_REPRESENTATION_CONTEXT() REPRESENTATION_CONTEXT('2D SPACE',''
  ) );
#1426 = ADVANCED_FACE('',(#1427,#1430),#1303,.F.);
#1427 = FACE_BOUND('',#1428,.F.);
#1428 = EDGE_LOOP('',(#1429));
#1429 = ORIENTED_EDGE('',*,*,#1288,.T.);
#1430 = FACE_BOUND('',#1431,.F.);
#1431 = EDGE_LOOP('',(#1432));
#1432 = ORIENTED_EDGE('',*,*,#1433,.F.);
#1433 = EDGE_CURVE('',#1434,#1434,#1436,.T.);
#1434 = VERTEX_POINT('',#1435);
#1435 = CARTESIAN_POINT('',(277.24440053354,-2.669730022141E-15,
    573.82658442159));
#1436 = SURFACE_CURVE('',#1437,(#1442,#1449),.PCURVE_S1.);
#1437 = CIRCLE('',#1438,10.9);
#1438 = AXIS2_PLACEMENT_3D('',#1439,#1440,#1441);
#1439 = CARTESIAN_POINT('',(267.00175096698,0.,570.09856485935));
#1440 = DIRECTION('',(-0.342020143326,0.,0.939692620786));
#1441 = DIRECTION('',(0.939692620786,0.,0.342020143326));
#1442 = PCURVE('',#1303,#1443);
#1443 = DEFINITIONAL_REPRESENTATION('',(#1444),#1448);
#1444 = CIRCLE('',#1445,10.9);
#1445 = AXIS2_PLACEMENT_2D('',#1446,#1447);
#1446 = CARTESIAN_POINT('',(0.,0.));
#1447 = DIRECTION('',(1.,0.));
#1448 = ( GEOMETRIC_REPRESENTATION_CONTEXT(2) 
PARAMETRIC_REPRESENTATION_CONTEXT() REPRESENTATION_CONTEXT('2D SPACE',''
  ) );
#1449 = PCURVE('',#1450,#1455);
#1450 = CYLINDRICAL_SURFACE('',#1451,10.9);
#1451 = AXIS2_PLACEMENT_3D('',#1452,#1453,#1454);
#1452 = CARTESIAN_POINT('',(267.00175096698,0.,570.09856485935));
#1453 = DIRECTION('',(-0.342020143326,0.,0.939692620786));
#1454 = DIRECTION('',(0.939692620786,0.,0.342020143326));
#1455 = DEFINITIONAL_REPRESENTATION('',(#1456),#1460);
#1456 = LINE('',#1457,#1458);
#1457 = CARTESIAN_POINT('',(0.,0.));
#1458 = VECTOR('',#1459,1.);
#1459 = DIRECTION('',(1.,0.));
#1460 = ( GEOMETRIC_REPRESENTATION_CONTEXT(2) 
PARAMETRIC_REPRESENTATION_CONTEXT() REPRESENTATION_CONTEXT('2D SPACE',''
  ) );
#1461 = ADVANCED_FACE('',(#1462,#1465),#1275,.T.);
#1462 = FACE_BOUND('',#1463,.T.);
#1463 = EDGE_LOOP('',(#1464));
#1464 = ORIENTED_EDGE('',*,*,#1260,.T.);
#1465 = FACE_BOUND('',#1466,.T.);
#1466 = EDGE_LOOP('',(#1467));
#1467 = ORIENTED_EDGE('',*,*,#1468,.F.);
#1468 = EDGE_CURVE('',#1469,#1469,#1471,.T.);
#1469 = VERTEX_POINT('',#1470);
#1470 = CARTESIAN_POINT('',(181.47876040236,-2.669730022141E-15,
    836.94051824165));
#1471 = SURFACE_CURVE('',#1472,(#1477,#1484),.PCURVE_S1.);
#1472 = CIRCLE('',#1473,10.9);
#1473 = AXIS2_PLACEMENT_3D('',#1474,#1475,#1476);
#1474 = CARTESIAN_POINT('',(171.23611083579,0.,833.2124986794));
#1475 = DIRECTION('',(-0.342020143326,0.,0.939692620786));
#1476 = DIRECTION('',(0.939692620786,0.,0.342020143326));
#1477 = PCURVE('',#1275,#1478);
#1478 = DEFINITIONAL_REPRESENTATION('',(#1479),#1483);
#1479 = CIRCLE('',#1480,10.9);
#1480 = AXIS2_PLACEMENT_2D('',#1481,#1482);
#1481 = CARTESIAN_POINT('',(0.,0.));
#1482 = DIRECTION('',(1.,0.));
#1483 = ( GEOMETRIC_REPRESENTATION_CONTEXT(2) 
PARAMETRIC_REPRESENTATION_CONTEXT() REPRESENTATION_CONTEXT('2D SPACE',''
  ) );
#1484 = PCURVE('',#1450,#1485);
#1485 = DEFINITIONAL_REPRESENTATION('',(#1486),#1490);
#1486 = LINE('',#1487,#1488);
#1487 = CARTESIAN_POINT('',(0.,280.));
#1488 = VECTOR('',#1489,1.);
#1489 = DIRECTION('',(1.,0.));
#1490 = ( GEOMETRIC_REPRESENTATION_CONTEXT(2) 
PARAMETRIC_REPRESENTATION_CONTEXT() REPRESENTATION_CONTEXT('2D SPACE',''
  ) );
#1491 = ADVANCED_FACE('',(#1492),#1336,.T.);
#1492 = FACE_BOUND('',#1493,.T.);
#1493 = EDGE_LOOP('',(#1494,#1517,#1518,#1541));
#1494 = ORIENTED_EDGE('',*,*,#1495,.F.);
#1495 = EDGE_CURVE('',#1318,#1496,#1498,.T.);
#1496 = VERTEX_POINT('',#1497);
#1497 = CARTESIAN_POINT('',(233.40086020531,-10.47902667235,
    653.6448403001));
#1498 = SURFACE_CURVE('',#1499,(#1503,#1510),.PCURVE_S1.);
#1499 = LINE('',#1500,#1501);
#1500 = CARTESIAN_POINT('',(233.40086020531,-16.7,653.6448403001));
#1501 = VECTOR('',#1502,1.);
#1502 = DIRECTION('',(0.,1.,0.));
#1503 = PCURVE('',#1336,#1504);
#1504 = DEFINITIONAL_REPRESENTATION('',(#1505),#1509);
#1505 = LINE('',#1506,#1507);
#1506 = CARTESIAN_POINT('',(0.,0.));
#1507 = VECTOR('',#1508,1.);
#1508 = DIRECTION('',(0.,1.));
#1509 = ( GEOMETRIC_REPRESENTATION_CONTEXT(2) 
PARAMETRIC_REPRESENTATION_CONTEXT() REPRESENTATION_CONTEXT('2D SPACE',''
  ) );
#1510 = PCURVE('',#1363,#1511);
#1511 = DEFINITIONAL_REPRESENTATION('',(#1512),#1516);
#1512 = LINE('',#1513,#1514);
#1513 = CARTESIAN_POINT('',(0.,0.));
#1514 = VECTOR('',#1515,1.);
#1515 = DIRECTION('',(0.,-1.));
#1516 = ( GEOMETRIC_REPRESENTATION_CONTEXT(2) 
PARAMETRIC_REPRESENTATION_CONTEXT() REPRESENTATION_CONTEXT('2D SPACE',''
  ) );
#1517 = ORIENTED_EDGE('',*,*,#1317,.T.);
#1518 = ORIENTED_EDGE('',*,*,#1519,.T.);
#1519 = EDGE_CURVE('',#1320,#1520,#1522,.T.);
#1520 = VERTEX_POINT('',#1521);
#1521 = CARTESIAN_POINT('',(239.03901593002,-10.47902667235,
    655.69696116005));
#1522 = SURFACE_CURVE('',#1523,(#1527,#1534),.PCURVE_S1.);
#1523 = LINE('',#1524,#1525);
#1524 = CARTESIAN_POINT('',(239.03901593002,-16.7,655.69696116005));
#1525 = VECTOR('',#1526,1.);
#1526 = DIRECTION('',(0.,1.,0.));
#1527 = PCURVE('',#1336,#1528);
#1528 = DEFINITIONAL_REPRESENTATION('',(#1529),#1533);
#1529 = LINE('',#1530,#1531);
#1530 = CARTESIAN_POINT('',(6.,0.));
#1531 = VECTOR('',#1532,1.);
#1532 = DIRECTION('',(0.,1.));
#1533 = ( GEOMETRIC_REPRESENTATION_CONTEXT(2) 
PARAMETRIC_REPRESENTATION_CONTEXT() REPRESENTATION_CONTEXT('2D SPACE',''
  ) );
#1534 = PCURVE('',#1416,#1535);
#1535 = DEFINITIONAL_REPRESENTATION('',(#1536),#1540);
#1536 = LINE('',#1537,#1538);
#1537 = CARTESIAN_POINT('',(0.,0.));
#1538 = VECTOR('',#1539,1.);
#1539 = DIRECTION('',(0.,-1.));
#1540 = ( GEOMETRIC_REPRESENTATION_CONTEXT(2) 
PARAMETRIC_REPRESENTATION_CONTEXT() REPRESENTATION_CONTEXT('2D SPACE',''
  ) );
#1541 = ORIENTED_EDGE('',*,*,#1542,.F.);
#1542 = EDGE_CURVE('',#1496,#1520,#1543,.T.);
#1543 = SURFACE_CURVE('',#1544,(#1549,#1556),.PCURVE_S1.);
#1544 = CIRCLE('',#1545,10.9);
#1545 = AXIS2_PLACEMENT_3D('',#1546,#1547,#1548);
#1546 = CARTESIAN_POINT('',(236.21993806767,0.,654.67090073008));
#1547 = DIRECTION('',(-0.342020143326,0.,0.939692620786));
#1548 = DIRECTION('',(0.939692620786,0.,0.342020143326));
#1549 = PCURVE('',#1336,#1550);
#1550 = DEFINITIONAL_REPRESENTATION('',(#1551),#1555);
#1551 = CIRCLE('',#1552,10.9);
#1552 = AXIS2_PLACEMENT_2D('',#1553,#1554);
#1553 = CARTESIAN_POINT('',(3.,16.7));
#1554 = DIRECTION('',(1.,0.));
#1555 = ( GEOMETRIC_REPRESENTATION_CONTEXT(2) 
PARAMETRIC_REPRESENTATION_CONTEXT() REPRESENTATION_CONTEXT('2D SPACE',''
  ) );
#1556 = PCURVE('',#1450,#1557);
#1557 = DEFINITIONAL_REPRESENTATION('',(#1558),#1562);
#1558 = LINE('',#1559,#1560);
#1559 = CARTESIAN_POINT('',(0.,90.));
#1560 = VECTOR('',#1561,1.);
#1561 = DIRECTION('',(1.,0.));
#1562 = ( GEOMETRIC_REPRESENTATION_CONTEXT(2) 
PARAMETRIC_REPRESENTATION_CONTEXT() REPRESENTATION_CONTEXT('2D SPACE',''
  ) );
#1563 = ADVANCED_FACE('',(#1564),#1416,.F.);
#1564 = FACE_BOUND('',#1565,.F.);
#1565 = EDGE_LOOP('',(#1566,#1589,#1590,#1591));
#1566 = ORIENTED_EDGE('',*,*,#1567,.F.);
#1567 = EDGE_CURVE('',#1375,#1568,#1570,.T.);
#1568 = VERTEX_POINT('',#1569);
#1569 = CARTESIAN_POINT('',(189.10407500448,-10.47902667235,
    792.8920837948));
#1570 = SURFACE_CURVE('',#1571,(#1575,#1582),.PCURVE_S1.);
#1571 = LINE('',#1572,#1573);
#1572 = CARTESIAN_POINT('',(189.10407500448,-16.7,792.8920837948));
#1573 = VECTOR('',#1574,1.);
#1574 = DIRECTION('',(0.,1.,0.));
#1575 = PCURVE('',#1416,#1576);
#1576 = DEFINITIONAL_REPRESENTATION('',(#1577),#1581);
#1577 = LINE('',#1578,#1579);
#1578 = CARTESIAN_POINT('',(146.,0.));
#1579 = VECTOR('',#1580,1.);
#1580 = DIRECTION('',(0.,-1.));
#1581 = ( GEOMETRIC_REPRESENTATION_CONTEXT(2) 
PARAMETRIC_REPRESENTATION_CONTEXT() REPRESENTATION_CONTEXT('2D SPACE',''
  ) );
#1582 = PCURVE('',#1391,#1583);
#1583 = DEFINITIONAL_REPRESENTATION('',(#1584),#1588);
#1584 = LINE('',#1585,#1586);
#1585 = CARTESIAN_POINT('',(6.,0.));
#1586 = VECTOR('',#1587,1.);
#1587 = DIRECTION('',(0.,1.));
#1588 = ( GEOMETRIC_REPRESENTATION_CONTEXT(2) 
PARAMETRIC_REPRESENTATION_CONTEXT() REPRESENTATION_CONTEXT('2D SPACE',''
  ) );
#1589 = ORIENTED_EDGE('',*,*,#1403,.F.);
#1590 = ORIENTED_EDGE('',*,*,#1519,.T.);
#1591 = ORIENTED_EDGE('',*,*,#1592,.T.);
#1592 = EDGE_CURVE('',#1520,#1568,#1593,.T.);
#1593 = SURFACE_CURVE('',#1594,(#1598,#1604),.PCURVE_S1.);
#1594 = LINE('',#1595,#1596);
#1595 = CARTESIAN_POINT('',(269.82082882933,-10.47902667235,
    571.12462528932));
#1596 = VECTOR('',#1597,1.);
#1597 = DIRECTION('',(-0.342020143326,0.,0.939692620786));
#1598 = PCURVE('',#1416,#1599);
#1599 = DEFINITIONAL_REPRESENTATION('',(#1600),#1603);
#1600 = B_SPLINE_CURVE_WITH_KNOTS('',1,(#1601,#1602),.UNSPECIFIED.,.F.,
  .F.,(2,2),(75.4,250.6),.PIECEWISE_BEZIER_KNOTS.);
#1601 = CARTESIAN_POINT('',(-14.6,-6.220973327642));
#1602 = CARTESIAN_POINT('',(160.6,-6.220973327642));
#1603 = ( GEOMETRIC_REPRESENTATION_CONTEXT(2) 
PARAMETRIC_REPRESENTATION_CONTEXT() REPRESENTATION_CONTEXT('2D SPACE',''
  ) );
#1604 = PCURVE('',#1450,#1605);
#1605 = DEFINITIONAL_REPRESENTATION('',(#1606),#1609);
#1606 = B_SPLINE_CURVE_WITH_KNOTS('',1,(#1607,#1608),.UNSPECIFIED.,.F.,
  .F.,(2,2),(75.4,250.6),.PIECEWISE_BEZIER_KNOTS.);
#1607 = CARTESIAN_POINT('',(4.991217246408,75.4));
#1608 = CARTESIAN_POINT('',(4.991217246408,250.6));
#1609 = ( GEOMETRIC_REPRESENTATION_CONTEXT(2) 
PARAMETRIC_REPRESENTATION_CONTEXT() REPRESENTATION_CONTEXT('2D SPACE',''
  ) );
#1610 = ADVANCED_FACE('',(#1611),#1391,.F.);
#1611 = FACE_BOUND('',#1612,.F.);
#1612 = EDGE_LOOP('',(#1613,#1636,#1637,#1638));
#1613 = ORIENTED_EDGE('',*,*,#1614,.F.);
#1614 = EDGE_CURVE('',#1349,#1615,#1617,.T.);
#1615 = VERTEX_POINT('',#1616);
#1616 = CARTESIAN_POINT('',(183.46591927976,-10.47902667235,
    790.83996293484));
#1617 = SURFACE_CURVE('',#1618,(#1622,#1629),.PCURVE_S1.);
#1618 = LINE('',#1619,#1620);
#1619 = CARTESIAN_POINT('',(183.46591927976,-16.7,790.83996293484));
#1620 = VECTOR('',#1621,1.);
#1621 = DIRECTION('',(0.,1.,0.));
#1622 = PCURVE('',#1391,#1623);
#1623 = DEFINITIONAL_REPRESENTATION('',(#1624),#1628);
#1624 = LINE('',#1625,#1626);
#1625 = CARTESIAN_POINT('',(0.,0.));
#1626 = VECTOR('',#1627,1.);
#1627 = DIRECTION('',(0.,1.));
#1628 = ( GEOMETRIC_REPRESENTATION_CONTEXT(2) 
PARAMETRIC_REPRESENTATION_CONTEXT() REPRESENTATION_CONTEXT('2D SPACE',''
  ) );
#1629 = PCURVE('',#1363,#1630);
#1630 = DEFINITIONAL_REPRESENTATION('',(#1631),#1635);
#1631 = LINE('',#1632,#1633);
#1632 = CARTESIAN_POINT('',(146.,0.));
#1633 = VECTOR('',#1634,1.);
#1634 = DIRECTION('',(0.,-1.));
#1635 = ( GEOMETRIC_REPRESENTATION_CONTEXT(2) 
PARAMETRIC_REPRESENTATION_CONTEXT() REPRESENTATION_CONTEXT('2D SPACE',''
  ) );
#1636 = ORIENTED_EDGE('',*,*,#1374,.T.);
#1637 = ORIENTED_EDGE('',*,*,#1567,.T.);
#1638 = ORIENTED_EDGE('',*,*,#1639,.F.);
#1639 = EDGE_CURVE('',#1615,#1568,#1640,.T.);
#1640 = SURFACE_CURVE('',#1641,(#1646,#1653),.PCURVE_S1.);
#1641 = CIRCLE('',#1642,10.9);
#1642 = AXIS2_PLACEMENT_3D('',#1643,#1644,#1645);
#1643 = CARTESIAN_POINT('',(186.28499714212,0.,791.86602336482));
#1644 = DIRECTION('',(-0.342020143326,0.,0.939692620786));
#1645 = DIRECTION('',(0.939692620786,0.,0.342020143326));
#1646 = PCURVE('',#1391,#1647);
#1647 = DEFINITIONAL_REPRESENTATION('',(#1648),#1652);
#1648 = CIRCLE('',#1649,10.9);
#1649 = AXIS2_PLACEMENT_2D('',#1650,#1651);
#1650 = CARTESIAN_POINT('',(3.,16.7));
#1651 = DIRECTION('',(1.,0.));
#1652 = ( GEOMETRIC_REPRESENTATION_CONTEXT(2) 
PARAMETRIC_REPRESENTATION_CONTEXT() REPRESENTATION_CONTEXT('2D SPACE',''
  ) );
#1653 = PCURVE('',#1450,#1654);
#1654 = DEFINITIONAL_REPRESENTATION('',(#1655),#1659);
#1655 = LINE('',#1656,#1657);
#1656 = CARTESIAN_POINT('',(0.,236.));
#1657 = VECTOR('',#1658,1.);
#1658 = DIRECTION('',(1.,0.));
#1659 = ( GEOMETRIC_REPRESENTATION_CONTEXT(2) 
PARAMETRIC_REPRESENTATION_CONTEXT() REPRESENTATION_CONTEXT('2D SPACE',''
  ) );
#1660 = ADVANCED_FACE('',(#1661),#1363,.T.);
#1661 = FACE_BOUND('',#1662,.T.);
#1662 = EDGE_LOOP('',(#1663,#1664,#1665,#1666));
#1663 = ORIENTED_EDGE('',*,*,#1614,.F.);
#1664 = ORIENTED_EDGE('',*,*,#1348,.F.);
#1665 = ORIENTED_EDGE('',*,*,#1495,.T.);
#1666 = ORIENTED_EDGE('',*,*,#1667,.T.);
#1667 = EDGE_CURVE('',#1496,#1615,#1668,.T.);
#1668 = SURFACE_CURVE('',#1669,(#1673,#1679),.PCURVE_S1.);
#1669 = LINE('',#1670,#1671);
#1670 = CARTESIAN_POINT('',(264.18267310462,-10.47902667235,
    569.07250442937));
#1671 = VECTOR('',#1672,1.);
#1672 = DIRECTION('',(-0.342020143326,0.,0.939692620786));
#1673 = PCURVE('',#1363,#1674);
#1674 = DEFINITIONAL_REPRESENTATION('',(#1675),#1678);
#1675 = B_SPLINE_CURVE_WITH_KNOTS('',1,(#1676,#1677),.UNSPECIFIED.,.F.,
  .F.,(2,2),(75.4,250.6),.PIECEWISE_BEZIER_KNOTS.);
#1676 = CARTESIAN_POINT('',(-14.6,-6.220973327642));
#1677 = CARTESIAN_POINT('',(160.6,-6.220973327642));
#1678 = ( GEOMETRIC_REPRESENTATION_CONTEXT(2) 
PARAMETRIC_REPRESENTATION_CONTEXT() REPRESENTATION_CONTEXT('2D SPACE',''
  ) );
#1679 = PCURVE('',#1450,#1680);
#1680 = DEFINITIONAL_REPRESENTATION('',(#1681),#1684);
#1681 = B_SPLINE_CURVE_WITH_KNOTS('',1,(#1682,#1683),.UNSPECIFIED.,.F.,
  .F.,(2,2),(75.4,250.6),.PIECEWISE_BEZIER_KNOTS.);
#1682 = CARTESIAN_POINT('',(4.433560714362,75.4));
#1683 = CARTESIAN_POINT('',(4.433560714362,250.6));
#1684 = ( GEOMETRIC_REPRESENTATION_CONTEXT(2) 
PARAMETRIC_REPRESENTATION_CONTEXT() REPRESENTATION_CONTEXT('2D SPACE',''
  ) );
#1685 = ADVANCED_FACE('',(#1686,#1712),#1450,.F.);
#1686 = FACE_BOUND('',#1687,.F.);
#1687 = EDGE_LOOP('',(#1688,#1709,#1710,#1711));
#1688 = ORIENTED_EDGE('',*,*,#1689,.T.);
#1689 = EDGE_CURVE('',#1434,#1469,#1690,.T.);
#1690 = SEAM_CURVE('',#1691,(#1695,#1702),.PCURVE_S1.);
#1691 = LINE('',#1692,#1693);
#1692 = CARTESIAN_POINT('',(277.24440053354,-2.669730022141E-15,
    573.82658442159));
#1693 = VECTOR('',#1694,1.);
#1694 = DIRECTION('',(-0.342020143326,-1.232595164408E-32,0.939692620786
    ));
#1695 = PCURVE('',#1450,#1696);
#1696 = DEFINITIONAL_REPRESENTATION('',(#1697),#1701);
#1697 = LINE('',#1698,#1699);
#1698 = CARTESIAN_POINT('',(6.28318530718,-0.));
#1699 = VECTOR('',#1700,1.);
#1700 = DIRECTION('',(0.,1.));
#1701 = ( GEOMETRIC_REPRESENTATION_CONTEXT(2) 
PARAMETRIC_REPRESENTATION_CONTEXT() REPRESENTATION_CONTEXT('2D SPACE',''
  ) );
#1702 = PCURVE('',#1450,#1703);
#1703 = DEFINITIONAL_REPRESENTATION('',(#1704),#1708);
#1704 = LINE('',#1705,#1706);
#1705 = CARTESIAN_POINT('',(0.,-0.));
#1706 = VECTOR('',#1707,1.);
#1707 = DIRECTION('',(0.,1.));
#1708 = ( GEOMETRIC_REPRESENTATION_CONTEXT(2) 
PARAMETRIC_REPRESENTATION_CONTEXT() REPRESENTATION_CONTEXT('2D SPACE',''
  ) );
#1709 = ORIENTED_EDGE('',*,*,#1468,.F.);
#1710 = ORIENTED_EDGE('',*,*,#1689,.F.);
#1711 = ORIENTED_EDGE('',*,*,#1433,.T.);
#1712 = FACE_BOUND('',#1713,.F.);
#1713 = EDGE_LOOP('',(#1714,#1715,#1716,#1717));
#1714 = ORIENTED_EDGE('',*,*,#1542,.F.);
#1715 = ORIENTED_EDGE('',*,*,#1667,.T.);
#1716 = ORIENTED_EDGE('',*,*,#1639,.T.);
#1717 = ORIENTED_EDGE('',*,*,#1592,.F.);
#1718 = ( GEOMETRIC_REPRESENTATION_CONTEXT(3) 
GLOBAL_UNCERTAINTY_ASSIGNED_CONTEXT((#1722)) 
GLOBAL_UNIT_ASSIGNED_CONTEXT((#1719,#1720,#1721)) REPRESENTATION_CONTEXT
('Context #1','3D Context with UNIT and UNCERTAINTY') );
#1719 = ( LENGTH_UNIT() NAMED_UNIT(*) SI_UNIT(.MILLI.,.METRE.) );
#1720 = ( NAMED_UNIT(*) PLANE_ANGLE_UNIT() SI_UNIT($,.RADIAN.) );
#1721 = ( NAMED_UNIT(*) SI_UNIT($,.STERADIAN.) SOLID_ANGLE_UNIT() );
#1722 = UNCERTAINTY_MEASURE_WITH_UNIT(LENGTH_MEASURE(1.E-07),#1719,
  'distance_accuracy_value','confusion accuracy');
#1723 = CONTEXT_DEPENDENT_SHAPE_REPRESENTATION(#1724,#1726);
#1724 = ( REPRESENTATION_RELATIONSHIP('','',#1223,#10) 
REPRESENTATION_RELATIONSHIP_WITH_TRANSFORMATION(#1725) 
SHAPE_REPRESENTATION_RELATIONSHIP() );
#1725 = ITEM_DEFINED_TRANSFORMATION('','',#11,#19);
#1726 = PRODUCT_DEFINITION_SHAPE('Placement','Placement of an item',
  #1727);
#1727 = NEXT_ASSEMBLY_USAGE_OCCURRENCE('379','=>[0:1:1:3]','',#5,#1218,$
  );
#1728 = PRODUCT_RELATED_PRODUCT_CATEGORY('part',$,(#1220));
#1729 = SHAPE_DEFINITION_REPRESENTATION(#1730,#1736);
#1730 = PRODUCT_DEFINITION_SHAPE('','',#1731);
#1731 = PRODUCT_DEFINITION('design','',#1732,#1735);
#1732 = PRODUCT_DEFINITION_FORMATION('','',#1733);
#1733 = PRODUCT('SOLID','SOLID','',(#1734));
#1734 = PRODUCT_CONTEXT('',#2,'mechanical');
#1735 = PRODUCT_DEFINITION_CONTEXT('part definition',#2,'design');
#1736 = ADVANCED_BREP_SHAPE_REPRESENTATION('',(#11,#1737),#3173);
#1737 = MANIFOLD_SOLID_BREP('',#1738);
#1738 = CLOSED_SHELL('',(#1739,#2068,#2392,#2441,#2490,#2720,#2946,#2973
    ,#2998,#3025,#3050,#3077,#3102,#3129,#3136,#3163));
#1739 = ADVANCED_FACE('',(#1740,#1861),#1755,.T.);
#1740 = FACE_BOUND('',#1741,.T.);
#1741 = EDGE_LOOP('',(#1742,#1778,#1804,#1837));
#1742 = ORIENTED_EDGE('',*,*,#1743,.T.);
#1743 = EDGE_CURVE('',#1744,#1746,#1748,.T.);
#1744 = VERTEX_POINT('',#1745);
#1745 = CARTESIAN_POINT('',(271.13084960697,-6.228964600958,
    503.49405642019));
#1746 = VERTEX_POINT('',#1747);
#1747 = CARTESIAN_POINT('',(271.13084960697,6.228964600958,
    503.49405642019));
#1748 = SURFACE_CURVE('',#1749,(#1754,#1766),.PCURVE_S1.);
#1749 = CIRCLE('',#1750,19.9);
#1750 = AXIS2_PLACEMENT_3D('',#1751,#1752,#1753);
#1751 = CARTESIAN_POINT('',(288.89104013982,0.,509.95823712905));
#1752 = DIRECTION('',(-0.342020143326,8.049116928532E-16,0.939692620786)
  );
#1753 = DIRECTION('',(-0.892471886073,-0.313013296531,-0.32483320145));
#1754 = PCURVE('',#1755,#1760);
#1755 = CYLINDRICAL_SURFACE('',#1756,19.9);
#1756 = AXIS2_PLACEMENT_3D('',#1757,#1758,#1759);
#1757 = CARTESIAN_POINT('',(288.89104013982,0.,509.95823712905));
#1758 = DIRECTION('',(-0.342020143326,0.,0.939692620786));
#1759 = DIRECTION('',(0.939692620786,0.,0.342020143326));
#1760 = DEFINITIONAL_REPRESENTATION('',(#1761),#1765);
#1761 = LINE('',#1762,#1763);
#1762 = CARTESIAN_POINT('',(3.459956764497,0.));
#1763 = VECTOR('',#1764,1.);
#1764 = DIRECTION('',(1.,0.));
#1765 = ( GEOMETRIC_REPRESENTATION_CONTEXT(2) 
PARAMETRIC_REPRESENTATION_CONTEXT() REPRESENTATION_CONTEXT('2D SPACE',''
  ) );
#1766 = PCURVE('',#1767,#1772);
#1767 = PLANE('',#1768);
#1768 = AXIS2_PLACEMENT_3D('',#1769,#1770,#1771);
#1769 = CARTESIAN_POINT('',(288.89104013982,0.,509.95823712905));
#1770 = DIRECTION('',(-0.342020143326,0.,0.939692620786));
#1771 = DIRECTION('',(0.939692620786,0.,0.342020143326));
#1772 = DEFINITIONAL_REPRESENTATION('',(#1773),#1777);
#1773 = CIRCLE('',#1774,19.9);
#1774 = AXIS2_PLACEMENT_2D('',#1775,#1776);
#1775 = CARTESIAN_POINT('',(0.,0.));
#1776 = DIRECTION('',(-0.949748743719,-0.313013296531));
#1777 = ( GEOMETRIC_REPRESENTATION_CONTEXT(2) 
PARAMETRIC_REPRESENTATION_CONTEXT() REPRESENTATION_CONTEXT('2D SPACE',''
  ) );
#1778 = ORIENTED_EDGE('',*,*,#1779,.T.);
#1779 = EDGE_CURVE('',#1746,#1780,#1782,.T.);
#1780 = VERTEX_POINT('',#1781);
#1781 = CARTESIAN_POINT('',(266.34256760041,6.228964600958,
    516.64975311119));
#1782 = SURFACE_CURVE('',#1783,(#1787,#1793),.PCURVE_S1.);
#1783 = LINE('',#1784,#1785);
#1784 = CARTESIAN_POINT('',(271.13084960697,6.228964600959,
    503.49405642019));
#1785 = VECTOR('',#1786,1.);
#1786 = DIRECTION('',(-0.342020143326,0.,0.939692620786));
#1787 = PCURVE('',#1755,#1788);
#1788 = DEFINITIONAL_REPRESENTATION('',(#1789),#1792);
#1789 = B_SPLINE_CURVE_WITH_KNOTS('',1,(#1790,#1791),.UNSPECIFIED.,.F.,
  .F.,(2,2),(-4.85058996898E-14,14.),.PIECEWISE_BEZIER_KNOTS.);
#1790 = CARTESIAN_POINT('',(9.106413849862,-2.89659744564E-14));
#1791 = CARTESIAN_POINT('',(9.106413849862,14.));
#1792 = ( GEOMETRIC_REPRESENTATION_CONTEXT(2) 
PARAMETRIC_REPRESENTATION_CONTEXT() REPRESENTATION_CONTEXT('2D SPACE',''
  ) );
#1793 = PCURVE('',#1794,#1799);
#1794 = PLANE('',#1795);
#1795 = AXIS2_PLACEMENT_3D('',#1796,#1797,#1798);
#1796 = CARTESIAN_POINT('',(271.13084960697,-7.,503.49405642019));
#1797 = DIRECTION('',(0.939692620786,0.,0.342020143326));
#1798 = DIRECTION('',(-0.342020143326,0.,0.939692620786));
#1799 = DEFINITIONAL_REPRESENTATION('',(#1800),#1803);
#1800 = B_SPLINE_CURVE_WITH_KNOTS('',1,(#1801,#1802),.UNSPECIFIED.,.F.,
  .F.,(2,2),(-6.000000258116E-07,14.0000006),.PIECEWISE_BEZIER_KNOTS.);
#1801 = CARTESIAN_POINT('',(-5.999999723962E-07,-13.22896460095));
#1802 = CARTESIAN_POINT('',(14.0000006,-13.22896460095));
#1803 = ( GEOMETRIC_REPRESENTATION_CONTEXT(2) 
PARAMETRIC_REPRESENTATION_CONTEXT() REPRESENTATION_CONTEXT('2D SPACE',''
  ) );
#1804 = ORIENTED_EDGE('',*,*,#1805,.T.);
#1805 = EDGE_CURVE('',#1780,#1806,#1808,.T.);
#1806 = VERTEX_POINT('',#1807);
#1807 = CARTESIAN_POINT('',(266.34256760041,-6.228964600958,
    516.64975311119));
#1808 = SURFACE_CURVE('',#1809,(#1814,#1821),.PCURVE_S1.);
#1809 = CIRCLE('',#1810,19.9);
#1810 = AXIS2_PLACEMENT_3D('',#1811,#1812,#1813);
#1811 = CARTESIAN_POINT('',(284.10275813326,0.,523.11393382005));
#1812 = DIRECTION('',(0.342020143326,7.771561172376E-16,-0.939692620786)
  );
#1813 = DIRECTION('',(-0.892471886073,0.313013296531,-0.32483320145));
#1814 = PCURVE('',#1755,#1815);
#1815 = DEFINITIONAL_REPRESENTATION('',(#1816),#1820);
#1816 = LINE('',#1817,#1818);
#1817 = CARTESIAN_POINT('',(9.106413849863,14.));
#1818 = VECTOR('',#1819,1.);
#1819 = DIRECTION('',(-1.,-0.));
#1820 = ( GEOMETRIC_REPRESENTATION_CONTEXT(2) 
PARAMETRIC_REPRESENTATION_CONTEXT() REPRESENTATION_CONTEXT('2D SPACE',''
  ) );
#1821 = PCURVE('',#1822,#1827);
#1822 = PLANE('',#1823);
#1823 = AXIS2_PLACEMENT_3D('',#1824,#1825,#1826);
#1824 = CARTESIAN_POINT('',(284.10275813326,0.,523.11393382005));
#1825 = DIRECTION('',(-0.342020143326,0.,0.939692620786));
#1826 = DIRECTION('',(0.939692620786,0.,0.342020143326));
#1827 = DEFINITIONAL_REPRESENTATION('',(#1828),#1836);
#1828 = ( BOUNDED_CURVE() B_SPLINE_CURVE(2,(#1829,#1830,#1831,#1832,
#1833,#1834,#1835),.UNSPECIFIED.,.T.,.F.) B_SPLINE_CURVE_WITH_KNOTS((1,2
    ,2,2,2,1),(-2.094395102393,0.,2.094395102393,4.188790204786,
6.28318530718,8.377580409573),.UNSPECIFIED.) CURVE() 
GEOMETRIC_REPRESENTATION_ITEM() RATIONAL_B_SPLINE_CURVE((1.,0.5,1.,0.5,
1.,0.5,1.)) REPRESENTATION_ITEM('') );
#1829 = CARTESIAN_POINT('',(-18.9,6.228964600958));
#1830 = CARTESIAN_POINT('',(-8.111116832593,38.96472486401));
#1831 = CARTESIAN_POINT('',(14.844441583704,13.253397831047));
#1832 = CARTESIAN_POINT('',(37.800000000001,-12.45792920191));
#1833 = CARTESIAN_POINT('',(4.055558416297,-19.482362432));
#1834 = CARTESIAN_POINT('',(-29.6888831674,-26.50679566209));
#1835 = CARTESIAN_POINT('',(-18.9,6.228964600958));
#1836 = ( GEOMETRIC_REPRESENTATION_CONTEXT(2) 
PARAMETRIC_REPRESENTATION_CONTEXT() REPRESENTATION_CONTEXT('2D SPACE',''
  ) );
#1837 = ORIENTED_EDGE('',*,*,#1838,.F.);
#1838 = EDGE_CURVE('',#1744,#1806,#1839,.T.);
#1839 = SURFACE_CURVE('',#1840,(#1844,#1850),.PCURVE_S1.);
#1840 = LINE('',#1841,#1842);
#1841 = CARTESIAN_POINT('',(271.13084960697,-6.228964600959,
    503.49405642019));
#1842 = VECTOR('',#1843,1.);
#1843 = DIRECTION('',(-0.342020143326,0.,0.939692620786));
#1844 = PCURVE('',#1755,#1845);
#1845 = DEFINITIONAL_REPRESENTATION('',(#1846),#1849);
#1846 = B_SPLINE_CURVE_WITH_KNOTS('',1,(#1847,#1848),.UNSPECIFIED.,.F.,
  .F.,(2,2),(-4.85058996898E-14,14.),.PIECEWISE_BEZIER_KNOTS.);
#1847 = CARTESIAN_POINT('',(3.459956764497,-2.89659744564E-14));
#1848 = CARTESIAN_POINT('',(3.459956764497,14.));
#1849 = ( GEOMETRIC_REPRESENTATION_CONTEXT(2) 
PARAMETRIC_REPRESENTATION_CONTEXT() REPRESENTATION_CONTEXT('2D SPACE',''
  ) );
#1850 = PCURVE('',#1851,#1856);
#1851 = PLANE('',#1852);
#1852 = AXIS2_PLACEMENT_3D('',#1853,#1854,#1855);
#1853 = CARTESIAN_POINT('',(271.13084960697,-7.,503.49405642019));
#1854 = DIRECTION('',(0.939692620786,0.,0.342020143326));
#1855 = DIRECTION('',(-0.342020143326,0.,0.939692620786));
#1856 = DEFINITIONAL_REPRESENTATION('',(#1857),#1860);
#1857 = B_SPLINE_CURVE_WITH_KNOTS('',1,(#1858,#1859),.UNSPECIFIED.,.F.,
  .F.,(2,2),(-6.000000258116E-07,14.0000006),.PIECEWISE_BEZIER_KNOTS.);
#1858 = CARTESIAN_POINT('',(-5.999999723962E-07,-0.771035399041));
#1859 = CARTESIAN_POINT('',(14.0000006,-0.771035399041));
#1860 = ( GEOMETRIC_REPRESENTATION_CONTEXT(2) 
PARAMETRIC_REPRESENTATION_CONTEXT() REPRESENTATION_CONTEXT('2D SPACE',''
  ) );
#1861 = FACE_BOUND('',#1862,.T.);
#1862 = EDGE_LOOP('',(#1863));
#1863 = ORIENTED_EDGE('',*,*,#1864,.F.);
#1864 = EDGE_CURVE('',#1865,#1865,#1867,.T.);
#1865 = VERTEX_POINT('',#1866);
#1866 = CARTESIAN_POINT('',(286.49689913654,19.881621887682,
    519.03608547455));
#1867 = SURFACE_CURVE('',#1868,(#1931,#1997),.PCURVE_S1.);
#1868 = B_SPLINE_CURVE_WITH_KNOTS('',7,(#1869,#1870,#1871,#1872,#1873,
    #1874,#1875,#1876,#1877,#1878,#1879,#1880,#1881,#1882,#1883,#1884,
    #1885,#1886,#1887,#1888,#1889,#1890,#1891,#1892,#1893,#1894,#1895,
    #1896,#1897,#1898,#1899,#1900,#1901,#1902,#1903,#1904,#1905,#1906,
    #1907,#1908,#1909,#1910,#1911,#1912,#1913,#1914,#1915,#1916,#1917,
    #1918,#1919,#1920,#1921,#1922,#1923,#1924,#1925,#1926,#1927,#1928,
    #1929,#1930),.UNSPECIFIED.,.T.,.F.,(8,6,6,6,6,6,6,6,6,6,8),(0.,
    5.615006782877E-02,0.130444440239,0.218251322659,0.368171160497,
    0.496312988591,0.604299606338,0.732513004165,0.847014395032,
    0.927159284304,1.),.UNSPECIFIED.);
#1869 = CARTESIAN_POINT('',(286.49689913654,19.881621887682,
    519.03608547455));
#1870 = CARTESIAN_POINT('',(286.62688321103,19.876368785532,
    519.03608547455));
#1871 = CARTESIAN_POINT('',(286.75460777255,19.87044576783,
    519.02820091091));
#1872 = CARTESIAN_POINT('',(286.8795707164,19.863989907489,
    519.01292448634));
#1873 = CARTESIAN_POINT('',(287.00132699218,19.857140670003,
    518.99076393417));
#1874 = CARTESIAN_POINT('',(287.11948778545,19.850034615404,
    518.9622423561));
#1875 = CARTESIAN_POINT('',(287.23371969952,19.84280010022,
    518.92789855986));
#1876 = CARTESIAN_POINT('',(287.48932135141,19.82596170456,
    518.83587630281));
#1877 = CARTESIAN_POINT('',(287.62774592157,19.816333719829,
    518.77416667928));
#1878 = CARTESIAN_POINT('',(287.75881177,19.806903600767,518.70422103531
    ));
#1879 = CARTESIAN_POINT('',(287.88241529748,19.797865324475,
    518.62695396273));
#1880 = CARTESIAN_POINT('',(287.99852179298,19.789374105397,
    518.54314928898));
#1881 = CARTESIAN_POINT('',(288.10713460888,19.78155150455,
    518.4534765871));
#1882 = CARTESIAN_POINT('',(288.32779293041,19.766150299158,
    518.24626463076));
#1883 = CARTESIAN_POINT('',(288.43690563507,19.758872292931,
    518.12659016729));
#1884 = CARTESIAN_POINT('',(288.53562548201,19.75281638562,
    518.00040951281));
#1885 = CARTESIAN_POINT('',(288.62396373861,19.748090218963,
    517.86848449715));
#1886 = CARTESIAN_POINT('',(288.70189691183,19.744762694826,
    517.73145206047));
#1887 = CARTESIAN_POINT('',(288.76934123538,19.742870759316,
    517.58986203248));
#1888 = CARTESIAN_POINT('',(288.92308251467,19.741655148269,
    517.19553604205));
#1889 = CARTESIAN_POINT('',(288.98882363873,19.745095806386,
    516.93539921457));
#1890 = CARTESIAN_POINT('',(289.02276752752,19.752757839676,
    516.66609336514));
#1891 = CARTESIAN_POINT('',(289.02331598528,19.764421490358,
    516.38976905277));
#1892 = CARTESIAN_POINT('',(288.98792809579,19.779622836498,
    516.10900987798));
#1893 = CARTESIAN_POINT('',(288.91315288259,19.797452943865,
    515.82751452387));
#1894 = CARTESIAN_POINT('',(288.69352362411,19.832551233122,
    515.31508107087));
#1895 = CARTESIAN_POINT('',(288.55785377093,19.849936068869,
    515.07673471129));
#1896 = CARTESIAN_POINT('',(288.38472758052,19.86723393799,
    514.84629083913));
#1897 = CARTESIAN_POINT('',(288.17409080815,19.882600861425,
    514.63348001617));
#1898 = CARTESIAN_POINT('',(287.92840953047,19.894013253067,
    514.44737983399));
#1899 = CARTESIAN_POINT('',(287.65223271712,19.9,514.29614807734));
#1900 = CARTESIAN_POINT('',(287.09889731024,19.9,514.09475045967));
#1901 = CARTESIAN_POINT('',(286.83427655338,19.895748900384,
    514.03445051208));
#1902 = CARTESIAN_POINT('',(286.56291043391,19.887244957702,
    514.00770448846));
#1903 = CARTESIAN_POINT('',(286.28988805949,19.874973379715,
    514.01532219683));
#1904 = CARTESIAN_POINT('',(286.02039501887,19.859879620299,
    514.05717541374));
#1905 = CARTESIAN_POINT('',(285.75952098852,19.843218050923,
    514.13217850904));
#1906 = CARTESIAN_POINT('',(285.21821333278,19.806160582894,
    514.36418326664));
#1907 = CARTESIAN_POINT('',(284.95675981073,19.786573864076,
    514.52812978916));
#1908 = CARTESIAN_POINT('',(284.72880407236,19.769485250819,
    514.72096951691));
#1909 = CARTESIAN_POINT('',(284.53403080972,19.756070680297,
    514.9365187456));
#1910 = CARTESIAN_POINT('',(284.37207835371,19.746924732604,
    515.17032595581));
#1911 = CARTESIAN_POINT('',(284.24293122373,19.742340286805,
    515.41930041877));
#1912 = CARTESIAN_POINT('',(284.06259208259,19.742340286805,
    515.9147781369));
#1913 = CARTESIAN_POINT('',(284.00473116608,19.745996575264,
    516.15817075749));
#1914 = CARTESIAN_POINT('',(283.9746563473,19.753297249465,
    516.40936317961));
#1915 = CARTESIAN_POINT('',(283.97369401125,19.76405196446,
    516.6665736909));
#1916 = CARTESIAN_POINT('',(284.00388196214,19.777877495236,
    516.92768696553));
#1917 = CARTESIAN_POINT('',(284.0679497955,19.794064062977,
    517.18976529148));
#1918 = CARTESIAN_POINT('',(284.24017107449,19.823609902462,
    517.62922219941));
#1919 = CARTESIAN_POINT('',(284.32980133687,19.836441297883,
    517.80962395595));
#1920 = CARTESIAN_POINT('',(284.43928349088,19.849474132663,
    517.98672343787));
#1921 = CARTESIAN_POINT('',(284.56936682978,19.862103296732,
    518.15754946741));
#1922 = CARTESIAN_POINT('',(284.72040077805,19.873610205304,
    518.31889612991));
#1923 = CARTESIAN_POINT('',(284.892298708,19.883233806653,
    518.46727882858));
#1924 = CARTESIAN_POINT('',(285.25914955206,19.896694575353,
    518.71846684393));
#1925 = CARTESIAN_POINT('',(285.44940015471,19.90093621313,
    518.82338904087));
#1926 = CARTESIAN_POINT('',(285.65210479439,19.902460511208,
    518.90952561364));
#1927 = CARTESIAN_POINT('',(285.86310667465,19.90098667479,
    518.97418743245));
#1928 = CARTESIAN_POINT('',(286.07760597541,19.896648151525,
    519.01621179412));
#1929 = CARTESIAN_POINT('',(286.29053154263,19.889961909761,
    519.03608547455));
#1930 = CARTESIAN_POINT('',(286.49689913654,19.881621887682,
    519.03608547455));
#1931 = PCURVE('',#1755,#1932);
#1932 = DEFINITIONAL_REPRESENTATION('',(#1933),#1996);
#1933 = B_SPLINE_CURVE_WITH_KNOTS('',7,(#1934,#1935,#1936,#1937,#1938,
    #1939,#1940,#1941,#1942,#1943,#1944,#1945,#1946,#1947,#1948,#1949,
    #1950,#1951,#1952,#1953,#1954,#1955,#1956,#1957,#1958,#1959,#1960,
    #1961,#1962,#1963,#1964,#1965,#1966,#1967,#1968,#1969,#1970,#1971,
    #1972,#1973,#1974,#1975,#1976,#1977,#1978,#1979,#1980,#1981,#1982,
    #1983,#1984,#1985,#1986,#1987,#1988,#1989,#1990,#1991,#1992,#1993,
    #1994,#1995),.UNSPECIFIED.,.T.,.F.,(8,6,6,6,6,6,6,6,6,6,8),(0.,
    5.615006782877E-02,0.130444440239,0.218251322659,0.368171160497,
    0.496312988591,0.604299606338,0.732513004165,0.847014395032,
    0.927159284304,1.),.UNSPECIFIED.);
#1934 = CARTESIAN_POINT('',(7.81100104728,9.349231551965));
#1935 = CARTESIAN_POINT('',(7.804857430009,9.304774380177));
#1936 = CARTESIAN_POINT('',(7.798954351185,9.253680941076));
#1937 = CARTESIAN_POINT('',(7.793306950878,9.196585953665));
#1938 = CARTESIAN_POINT('',(7.787927569361,9.134118747429));
#1939 = CARTESIAN_POINT('',(7.782825745934,9.066903859532));
#1940 = CARTESIAN_POINT('',(7.778008217744,8.995561632012));
#1941 = CARTESIAN_POINT('',(7.767486024017,8.821668082498));
#1942 = CARTESIAN_POINT('',(7.761988941426,8.716336013313));
#1943 = CARTESIAN_POINT('',(7.756979759358,8.605781447546));
#1944 = CARTESIAN_POINT('',(7.752448379999,8.490899253431));
#1945 = CARTESIAN_POINT('',(7.748383687757,8.372437859687));
#1946 = CARTESIAN_POINT('',(7.744774657436,8.251025312583));
#1947 = CARTESIAN_POINT('',(7.737872820067,7.980840175519));
#1948 = CARTESIAN_POINT('',(7.734755788459,7.831064222417));
#1949 = CARTESIAN_POINT('',(7.732244338443,7.67872901631));
#1950 = CARTESIAN_POINT('',(7.730325575996,7.524546589421));
#1951 = CARTESIAN_POINT('',(7.728990173479,7.369123504785));
#1952 = CARTESIAN_POINT('',(7.728232910631,7.213005083102));
#1953 = CARTESIAN_POINT('',(7.727746541025,6.789877245328));
#1954 = CARTESIAN_POINT('',(7.729124046276,6.522943799481));
#1955 = CARTESIAN_POINT('',(7.732174138085,6.258269586326));
#1956 = CARTESIAN_POINT('',(7.736933609595,5.998422085447));
#1957 = CARTESIAN_POINT('',(7.743474526086,5.746698131712));
#1958 = CARTESIAN_POINT('',(7.75189039685,5.507753653803));
#1959 = CARTESIAN_POINT('',(7.771149546249,5.10134134985));
#1960 = CARTESIAN_POINT('',(7.781688284764,4.923770857188));
#1961 = CARTESIAN_POINT('',(7.793853836236,4.766437095475));
#1962 = CARTESIAN_POINT('',(7.807476649052,4.63850235459));
#1963 = CARTESIAN_POINT('',(7.822283116931,4.547653332466));
#1964 = CARTESIAN_POINT('',(7.837923607312,4.5));
#1965 = CARTESIAN_POINT('',(7.867513920916,4.5));
#1966 = CARTESIAN_POINT('',(7.881045890513,4.533842213405));
#1967 = CARTESIAN_POINT('',(7.894323685144,4.601521851451));
#1968 = CARTESIAN_POINT('',(7.907097290775,4.702059307426));
#1969 = CARTESIAN_POINT('',(7.919125921711,4.833560514882));
#1970 = CARTESIAN_POINT('',(7.930186663187,4.993264543332));
#1971 = CARTESIAN_POINT('',(7.951840377129,5.396415824028));
#1972 = CARTESIAN_POINT('',(7.961418010294,5.639897532531));
#1973 = CARTESIAN_POINT('',(7.968916823404,5.899073055996));
#1974 = CARTESIAN_POINT('',(7.974450683802,6.168239454822));
#1975 = CARTESIAN_POINT('',(7.978108756774,6.443337367158));
#1976 = CARTESIAN_POINT('',(7.979942596756,6.721467752677));
#1977 = CARTESIAN_POINT('',(7.979942596756,7.248744127062));
#1978 = CARTESIAN_POINT('',(7.978480070553,7.497247975543));
#1979 = CARTESIAN_POINT('',(7.975559856787,7.743577834838));
#1980 = CARTESIAN_POINT('',(7.971151414115,7.985605792595));
#1981 = CARTESIAN_POINT('',(7.965197723897,8.220647122667));
#1982 = CARTESIAN_POINT('',(7.957624925203,8.445007702077));
#1983 = CARTESIAN_POINT('',(7.941869477413,8.799058969089));
#1984 = CARTESIAN_POINT('',(7.934508390873,8.937925813306));
#1985 = CARTESIAN_POINT('',(7.926269135958,9.066899787604));
#1986 = CARTESIAN_POINT('',(7.917169268428,9.182932624783));
#1987 = CARTESIAN_POINT('',(7.907248646338,9.282892240286));
#1988 = CARTESIAN_POINT('',(7.896571358869,9.363533812641));
#1989 = CARTESIAN_POINT('',(7.874920669566,9.474102958832));
#1990 = CARTESIAN_POINT('',(7.864132195373,9.507628034665));
#1991 = CARTESIAN_POINT('',(7.853081178281,9.519240866561));
#1992 = CARTESIAN_POINT('',(7.842007698028,9.507836207214));
#1993 = CARTESIAN_POINT('',(7.831155805652,9.473963108186));
#1994 = CARTESIAN_POINT('',(7.820754884581,9.419813426011));
#1995 = CARTESIAN_POINT('',(7.81100104728,9.349231551965));
#1996 = ( GEOMETRIC_REPRESENTATION_CONTEXT(2) 
PARAMETRIC_REPRESENTATION_CONTEXT() REPRESENTATION_CONTEXT('2D SPACE',''
  ) );
#1997 = PCURVE('',#1998,#2003);
#1998 = CYLINDRICAL_SURFACE('',#1999,2.5);
#1999 = AXIS2_PLACEMENT_3D('',#2000,#2001,#2002);
#2000 = CARTESIAN_POINT('',(286.49689913654,14.9,516.53608547455));
#2001 = DIRECTION('',(0.,1.,0.));
#2002 = DIRECTION('',(0.,-0.,1.));
#2003 = DEFINITIONAL_REPRESENTATION('',(#2004),#2067);
#2004 = B_SPLINE_CURVE_WITH_KNOTS('',7,(#2005,#2006,#2007,#2008,#2009,
    #2010,#2011,#2012,#2013,#2014,#2015,#2016,#2017,#2018,#2019,#2020,
    #2021,#2022,#2023,#2024,#2025,#2026,#2027,#2028,#2029,#2030,#2031,
    #2032,#2033,#2034,#2035,#2036,#2037,#2038,#2039,#2040,#2041,#2042,
    #2043,#2044,#2045,#2046,#2047,#2048,#2049,#2050,#2051,#2052,#2053,
    #2054,#2055,#2056,#2057,#2058,#2059,#2060,#2061,#2062,#2063,#2064,
    #2065,#2066),.UNSPECIFIED.,.F.,.F.,(8,6,6,6,6,6,6,6,6,6,8),(0.,
    5.615006782877E-02,0.130444440239,0.218251322659,0.368171160497,
    0.496312988591,0.604299606338,0.732513004165,0.847014395032,
    0.927159284304,1.),.UNSPECIFIED.);
#2005 = CARTESIAN_POINT('',(0.,4.981621887682));
#2006 = CARTESIAN_POINT('',(5.199362979701E-02,4.976368785532));
#2007 = CARTESIAN_POINT('',(0.103083593246,4.97044576783));
#2008 = CARTESIAN_POINT('',(0.153298068744,4.963989907489));
#2009 = CARTESIAN_POINT('',(0.202653458657,4.957140670003));
#2010 = CARTESIAN_POINT('',(0.251155469982,4.950034615404));
#2011 = CARTESIAN_POINT('',(0.298800194992,4.94280010022));
#2012 = CARTESIAN_POINT('',(0.407465037692,4.92596170456));
#2013 = CARTESIAN_POINT('',(0.467922846565,4.916333719829));
#2014 = CARTESIAN_POINT('',(0.527114096663,4.906903600767));
#2015 = CARTESIAN_POINT('',(0.585183164269,4.897865324475));
#2016 = CARTESIAN_POINT('',(0.642264618452,4.889374105397));
#2017 = CARTESIAN_POINT('',(0.69848887889,4.88155150455));
#2018 = CARTESIAN_POINT('',(0.819568614408,4.866150299158));
#2019 = CARTESIAN_POINT('',(0.884153701535,4.858872292931));
#2020 = CARTESIAN_POINT('',(0.947950357552,4.85281638562));
#2021 = CARTESIAN_POINT('',(1.011151763249,4.848090218963));
#2022 = CARTESIAN_POINT('',(1.073943356322,4.844762694826));
#2023 = CARTESIAN_POINT('',(1.136510401608,4.842870759316));
#2024 = CARTESIAN_POINT('',(1.305805111598,4.841655148269));
#2025 = CARTESIAN_POINT('',(1.412303872977,4.845095806386));
#2026 = CARTESIAN_POINT('',(1.519589112793,4.852757839676));
#2027 = CARTESIAN_POINT('',(1.62856420793,4.864421490358));
#2028 = CARTESIAN_POINT('',(1.740200311056,4.879622836498));
#2029 = CARTESIAN_POINT('',(1.855476307803,4.897452943865));
#2030 = CARTESIAN_POINT('',(2.078483053864,4.932551233122));
#2031 = CARTESIAN_POINT('',(2.187490587918,4.949936068869));
#2032 = CARTESIAN_POINT('',(2.301267093062,4.96723393799));
#2033 = CARTESIAN_POINT('',(2.418989277857,4.982600861425));
#2034 = CARTESIAN_POINT('',(2.540206778443,4.994013253067));
#2035 = CARTESIAN_POINT('',(2.664704910957,5.));
#2036 = CARTESIAN_POINT('',(2.900243807247,5.));
#2037 = CARTESIAN_POINT('',(3.007957791784,4.995748900384));
#2038 = CARTESIAN_POINT('',(3.115659975418,4.987244957702));
#2039 = CARTESIAN_POINT('',(3.223362287757,4.974973379715));
#2040 = CARTESIAN_POINT('',(3.331079555746,4.959879620299));
#2041 = CARTESIAN_POINT('',(3.438809285562,4.943218050923));
#2042 = CARTESIAN_POINT('',(3.674381842778,4.906160582894));
#2043 = CARTESIAN_POINT('',(3.796341031665,4.886573864076));
#2044 = CARTESIAN_POINT('',(3.913948774486,4.869485250819));
#2045 = CARTESIAN_POINT('',(4.028358806513,4.856070680297));
#2046 = CARTESIAN_POINT('',(4.140658413571,4.846924732604));
#2047 = CARTESIAN_POINT('',(4.251910231057,4.842340286805));
#2048 = CARTESIAN_POINT('',(4.462820780811,4.842340286805));
#2049 = CARTESIAN_POINT('',(4.562222128779,4.845996575264));
#2050 = CARTESIAN_POINT('',(4.662363794781,4.853297249465));
#2051 = CARTESIAN_POINT('',(4.76398580792,4.86405196446));
#2052 = CARTESIAN_POINT('',(4.867872810096,4.877877495236));
#2053 = CARTESIAN_POINT('',(4.974827508465,4.894064062977));
#2054 = CARTESIAN_POINT('',(5.163626891034,4.923609902462));
#2055 = CARTESIAN_POINT('',(5.243894493355,4.936441297883));
#2056 = CARTESIAN_POINT('',(5.326595466554,4.949474132663));
#2057 = CARTESIAN_POINT('',(5.411728433763,4.962103296732));
#2058 = CARTESIAN_POINT('',(5.499358296234,4.973610205304));
#2059 = CARTESIAN_POINT('',(5.589625264227,4.983233806653));
#2060 = CARTESIAN_POINT('',(5.767467873673,4.996694575353));
#2061 = CARTESIAN_POINT('',(5.853969978967,5.00093621313));
#2062 = CARTESIAN_POINT('',(5.941330029312,5.002460511208));
#2063 = CARTESIAN_POINT('',(6.028749042376,5.00098667479));
#2064 = CARTESIAN_POINT('',(6.115468310689,4.996648151525));
#2065 = CARTESIAN_POINT('',(6.200638269616,4.989961909761));
#2066 = CARTESIAN_POINT('',(6.28318530718,4.981621887682));
#2067 = ( GEOMETRIC_REPRESENTATION_CONTEXT(2) 
PARAMETRIC_REPRESENTATION_CONTEXT() REPRESENTATION_CONTEXT('2D SPACE',''
  ) );
#2068 = ADVANCED_FACE('',(#2069,#2332),#1767,.F.);
#2069 = FACE_BOUND('',#2070,.F.);
#2070 = EDGE_LOOP('',(#2071,#2094,#2095,#2118,#2146,#2174,#2200,#2226,
    #2252,#2278,#2306));
#2071 = ORIENTED_EDGE('',*,*,#2072,.T.);
#2072 = EDGE_CURVE('',#2073,#1744,#2075,.T.);
#2073 = VERTEX_POINT('',#2074);
#2074 = CARTESIAN_POINT('',(271.13084960697,-7.,503.49405642019));
#2075 = SURFACE_CURVE('',#2076,(#2080,#2087),.PCURVE_S1.);
#2076 = LINE('',#2077,#2078);
#2077 = CARTESIAN_POINT('',(271.13084960697,-7.,503.49405642019));
#2078 = VECTOR('',#2079,1.);
#2079 = DIRECTION('',(0.,1.,0.));
#2080 = PCURVE('',#1767,#2081);
#2081 = DEFINITIONAL_REPRESENTATION('',(#2082),#2086);
#2082 = LINE('',#2083,#2084);
#2083 = CARTESIAN_POINT('',(-18.9,-7.));
#2084 = VECTOR('',#2085,1.);
#2085 = DIRECTION('',(0.,1.));
#2086 = ( GEOMETRIC_REPRESENTATION_CONTEXT(2) 
PARAMETRIC_REPRESENTATION_CONTEXT() REPRESENTATION_CONTEXT('2D SPACE',''
  ) );
#2087 = PCURVE('',#1851,#2088);
#2088 = DEFINITIONAL_REPRESENTATION('',(#2089),#2093);
#2089 = LINE('',#2090,#2091);
#2090 = CARTESIAN_POINT('',(0.,0.));
#2091 = VECTOR('',#2092,1.);
#2092 = DIRECTION('',(0.,-1.));
#2093 = ( GEOMETRIC_REPRESENTATION_CONTEXT(2) 
PARAMETRIC_REPRESENTATION_CONTEXT() REPRESENTATION_CONTEXT('2D SPACE',''
  ) );
#2094 = ORIENTED_EDGE('',*,*,#1743,.T.);
#2095 = ORIENTED_EDGE('',*,*,#2096,.T.);
#2096 = EDGE_CURVE('',#1746,#2097,#2099,.T.);
#2097 = VERTEX_POINT('',#2098);
#2098 = CARTESIAN_POINT('',(271.13084960697,7.,503.49405642019));
#2099 = SURFACE_CURVE('',#2100,(#2104,#2111),.PCURVE_S1.);
#2100 = LINE('',#2101,#2102);
#2101 = CARTESIAN_POINT('',(271.13084960697,-7.,503.49405642019));
#2102 = VECTOR('',#2103,1.);
#2103 = DIRECTION('',(0.,1.,0.));
#2104 = PCURVE('',#1767,#2105);
#2105 = DEFINITIONAL_REPRESENTATION('',(#2106),#2110);
#2106 = LINE('',#2107,#2108);
#2107 = CARTESIAN_POINT('',(-18.9,-7.));
#2108 = VECTOR('',#2109,1.);
#2109 = DIRECTION('',(0.,1.));
#2110 = ( GEOMETRIC_REPRESENTATION_CONTEXT(2) 
PARAMETRIC_REPRESENTATION_CONTEXT() REPRESENTATION_CONTEXT('2D SPACE',''
  ) );
#2111 = PCURVE('',#1794,#2112);
#2112 = DEFINITIONAL_REPRESENTATION('',(#2113),#2117);
#2113 = LINE('',#2114,#2115);
#2114 = CARTESIAN_POINT('',(0.,0.));
#2115 = VECTOR('',#2116,1.);
#2116 = DIRECTION('',(0.,-1.));
#2117 = ( GEOMETRIC_REPRESENTATION_CONTEXT(2) 
PARAMETRIC_REPRESENTATION_CONTEXT() REPRESENTATION_CONTEXT('2D SPACE',''
  ) );
#2118 = ORIENTED_EDGE('',*,*,#2119,.F.);
#2119 = EDGE_CURVE('',#2120,#2097,#2122,.T.);
#2120 = VERTEX_POINT('',#2121);
#2121 = CARTESIAN_POINT('',(261.73392339911,7.,500.07385498694));
#2122 = SURFACE_CURVE('',#2123,(#2127,#2134),.PCURVE_S1.);
#2123 = LINE('',#2124,#2125);
#2124 = CARTESIAN_POINT('',(261.73392339911,7.,500.07385498694));
#2125 = VECTOR('',#2126,1.);
#2126 = DIRECTION('',(0.939692620786,0.,0.342020143326));
#2127 = PCURVE('',#1767,#2128);
#2128 = DEFINITIONAL_REPRESENTATION('',(#2129),#2133);
#2129 = LINE('',#2130,#2131);
#2130 = CARTESIAN_POINT('',(-28.9,7.));
#2131 = VECTOR('',#2132,1.);
#2132 = DIRECTION('',(1.,0.));
#2133 = ( GEOMETRIC_REPRESENTATION_CONTEXT(2) 
PARAMETRIC_REPRESENTATION_CONTEXT() REPRESENTATION_CONTEXT('2D SPACE',''
  ) );
#2134 = PCURVE('',#2135,#2140);
#2135 = PLANE('',#2136);
#2136 = AXIS2_PLACEMENT_3D('',#2137,#2138,#2139);
#2137 = CARTESIAN_POINT('',(261.73392339911,7.,500.07385498694));
#2138 = DIRECTION('',(0.,1.,0.));
#2139 = DIRECTION('',(-0.342020143326,0.,0.939692620786));
#2140 = DEFINITIONAL_REPRESENTATION('',(#2141),#2145);
#2141 = LINE('',#2142,#2143);
#2142 = CARTESIAN_POINT('',(0.,0.));
#2143 = VECTOR('',#2144,1.);
#2144 = DIRECTION('',(0.,1.));
#2145 = ( GEOMETRIC_REPRESENTATION_CONTEXT(2) 
PARAMETRIC_REPRESENTATION_CONTEXT() REPRESENTATION_CONTEXT('2D SPACE',''
  ) );
#2146 = ORIENTED_EDGE('',*,*,#2147,.F.);
#2147 = EDGE_CURVE('',#2148,#2120,#2150,.T.);
#2148 = VERTEX_POINT('',#2149);
#2149 = CARTESIAN_POINT('',(261.73392339911,1.,500.07385498694));
#2150 = SURFACE_CURVE('',#2151,(#2155,#2162),.PCURVE_S1.);
#2151 = LINE('',#2152,#2153);
#2152 = CARTESIAN_POINT('',(261.73392339911,-7.,500.07385498694));
#2153 = VECTOR('',#2154,1.);
#2154 = DIRECTION('',(0.,1.,0.));
#2155 = PCURVE('',#1767,#2156);
#2156 = DEFINITIONAL_REPRESENTATION('',(#2157),#2161);
#2157 = LINE('',#2158,#2159);
#2158 = CARTESIAN_POINT('',(-28.9,-7.));
#2159 = VECTOR('',#2160,1.);
#2160 = DIRECTION('',(0.,1.));
#2161 = ( GEOMETRIC_REPRESENTATION_CONTEXT(2) 
PARAMETRIC_REPRESENTATION_CONTEXT() REPRESENTATION_CONTEXT('2D SPACE',''
  ) );
#2162 = PCURVE('',#2163,#2168);
#2163 = PLANE('',#2164);
#2164 = AXIS2_PLACEMENT_3D('',#2165,#2166,#2167);
#2165 = CARTESIAN_POINT('',(261.73392339911,-7.,500.07385498694));
#2166 = DIRECTION('',(0.939692620786,0.,0.342020143326));
#2167 = DIRECTION('',(-0.342020143326,0.,0.939692620786));
#2168 = DEFINITIONAL_REPRESENTATION('',(#2169),#2173);
#2169 = LINE('',#2170,#2171);
#2170 = CARTESIAN_POINT('',(0.,0.));
#2171 = VECTOR('',#2172,1.);
#2172 = DIRECTION('',(0.,-1.));
#2173 = ( GEOMETRIC_REPRESENTATION_CONTEXT(2) 
PARAMETRIC_REPRESENTATION_CONTEXT() REPRESENTATION_CONTEXT('2D SPACE',''
  ) );
#2174 = ORIENTED_EDGE('',*,*,#2175,.F.);
#2175 = EDGE_CURVE('',#2176,#2148,#2178,.T.);
#2176 = VERTEX_POINT('',#2177);
#2177 = CARTESIAN_POINT('',(273.94992746932,1.,504.52011685017));
#2178 = SURFACE_CURVE('',#2179,(#2183,#2189),.PCURVE_S1.);
#2179 = LINE('',#2180,#2181);
#2180 = CARTESIAN_POINT('',(274.84263545907,1.,504.84503598633));
#2181 = VECTOR('',#2182,1.);
#2182 = DIRECTION('',(-0.939692620786,0.,-0.342020143326));
#2183 = PCURVE('',#1767,#2184);
#2184 = DEFINITIONAL_REPRESENTATION('',(#2185),#2188);
#2185 = B_SPLINE_CURVE_WITH_KNOTS('',1,(#2186,#2187),.UNSPECIFIED.,.F.,
  .F.,(2,2),(0.95,13.95),.PIECEWISE_BEZIER_KNOTS.);
#2186 = CARTESIAN_POINT('',(-15.9,1.));
#2187 = CARTESIAN_POINT('',(-28.9,1.));
#2188 = ( GEOMETRIC_REPRESENTATION_CONTEXT(2) 
PARAMETRIC_REPRESENTATION_CONTEXT() REPRESENTATION_CONTEXT('2D SPACE',''
  ) );
#2189 = PCURVE('',#2190,#2195);
#2190 = PLANE('',#2191);
#2191 = AXIS2_PLACEMENT_3D('',#2192,#2193,#2194);
#2192 = CARTESIAN_POINT('',(261.13625092165,1.,498.79214222282));
#2193 = DIRECTION('',(0.,1.,0.));
#2194 = DIRECTION('',(-0.342020143326,0.,0.939692620786));
#2195 = DEFINITIONAL_REPRESENTATION('',(#2196),#2199);
#2196 = B_SPLINE_CURVE_WITH_KNOTS('',1,(#2197,#2198),.UNSPECIFIED.,.F.,
  .F.,(2,2),(0.95,13.95),.PIECEWISE_BEZIER_KNOTS.);
#2197 = CARTESIAN_POINT('',(1.,14.));
#2198 = CARTESIAN_POINT('',(1.,1.));
#2199 = ( GEOMETRIC_REPRESENTATION_CONTEXT(2) 
PARAMETRIC_REPRESENTATION_CONTEXT() REPRESENTATION_CONTEXT('2D SPACE',''
  ) );
#2200 = ORIENTED_EDGE('',*,*,#2201,.F.);
#2201 = EDGE_CURVE('',#2202,#2176,#2204,.T.);
#2202 = VERTEX_POINT('',#2203);
#2203 = CARTESIAN_POINT('',(273.94992746932,-2.19307976904E-09,
    504.52011685017));
#2204 = SURFACE_CURVE('',#2205,(#2209,#2215),.PCURVE_S1.);
#2205 = LINE('',#2206,#2207);
#2206 = CARTESIAN_POINT('',(273.94992746932,-0.5,504.52011685017));
#2207 = VECTOR('',#2208,1.);
#2208 = DIRECTION('',(0.,1.,-0.));
#2209 = PCURVE('',#1767,#2210);
#2210 = DEFINITIONAL_REPRESENTATION('',(#2211),#2214);
#2211 = B_SPLINE_CURVE_WITH_KNOTS('',1,(#2212,#2213),.UNSPECIFIED.,.F.,
  .F.,(2,2),(-0.5,1.5),.PIECEWISE_BEZIER_KNOTS.);
#2212 = CARTESIAN_POINT('',(-15.9,-1.));
#2213 = CARTESIAN_POINT('',(-15.9,1.));
#2214 = ( GEOMETRIC_REPRESENTATION_CONTEXT(2) 
PARAMETRIC_REPRESENTATION_CONTEXT() REPRESENTATION_CONTEXT('2D SPACE',''
  ) );
#2215 = PCURVE('',#2216,#2221);
#2216 = PLANE('',#2217);
#2217 = AXIS2_PLACEMENT_3D('',#2218,#2219,#2220);
#2218 = CARTESIAN_POINT('',(274.29194761265,-1.,503.58042422938));
#2219 = DIRECTION('',(0.939692620786,0.,0.342020143326));
#2220 = DIRECTION('',(-0.342020143326,0.,0.939692620786));
#2221 = DEFINITIONAL_REPRESENTATION('',(#2222),#2225);
#2222 = B_SPLINE_CURVE_WITH_KNOTS('',1,(#2223,#2224),.UNSPECIFIED.,.F.,
  .F.,(2,2),(-0.5,1.5),.PIECEWISE_BEZIER_KNOTS.);
#2223 = CARTESIAN_POINT('',(1.,0.));
#2224 = CARTESIAN_POINT('',(1.,-2.));
#2225 = ( GEOMETRIC_REPRESENTATION_CONTEXT(2) 
PARAMETRIC_REPRESENTATION_CONTEXT() REPRESENTATION_CONTEXT('2D SPACE',''
  ) );
#2226 = ORIENTED_EDGE('',*,*,#2227,.F.);
#2227 = EDGE_CURVE('',#2228,#2202,#2230,.T.);
#2228 = VERTEX_POINT('',#2229);
#2229 = CARTESIAN_POINT('',(273.94992746932,-1.,504.52011685017));
#2230 = SURFACE_CURVE('',#2231,(#2235,#2241),.PCURVE_S1.);
#2231 = LINE('',#2232,#2233);
#2232 = CARTESIAN_POINT('',(273.94992746932,-0.5,504.52011685017));
#2233 = VECTOR('',#2234,1.);
#2234 = DIRECTION('',(0.,1.,-0.));
#2235 = PCURVE('',#1767,#2236);
#2236 = DEFINITIONAL_REPRESENTATION('',(#2237),#2240);
#2237 = B_SPLINE_CURVE_WITH_KNOTS('',1,(#2238,#2239),.UNSPECIFIED.,.F.,
  .F.,(2,2),(-0.5,1.5),.PIECEWISE_BEZIER_KNOTS.);
#2238 = CARTESIAN_POINT('',(-15.9,-1.));
#2239 = CARTESIAN_POINT('',(-15.9,1.));
#2240 = ( GEOMETRIC_REPRESENTATION_CONTEXT(2) 
PARAMETRIC_REPRESENTATION_CONTEXT() REPRESENTATION_CONTEXT('2D SPACE',''
  ) );
#2241 = PCURVE('',#2242,#2247);
#2242 = PLANE('',#2243);
#2243 = AXIS2_PLACEMENT_3D('',#2244,#2245,#2246);
#2244 = CARTESIAN_POINT('',(274.29194761265,-1.,503.58042422938));
#2245 = DIRECTION('',(0.939692620786,0.,0.342020143326));
#2246 = DIRECTION('',(-0.342020143326,0.,0.939692620786));
#2247 = DEFINITIONAL_REPRESENTATION('',(#2248),#2251);
#2248 = B_SPLINE_CURVE_WITH_KNOTS('',1,(#2249,#2250),.UNSPECIFIED.,.F.,
  .F.,(2,2),(-0.5,1.5),.PIECEWISE_BEZIER_KNOTS.);
#2249 = CARTESIAN_POINT('',(1.,0.));
#2250 = CARTESIAN_POINT('',(1.,-2.));
#2251 = ( GEOMETRIC_REPRESENTATION_CONTEXT(2) 
PARAMETRIC_REPRESENTATION_CONTEXT() REPRESENTATION_CONTEXT('2D SPACE',''
  ) );
#2252 = ORIENTED_EDGE('',*,*,#2253,.T.);
#2253 = EDGE_CURVE('',#2228,#2254,#2256,.T.);
#2254 = VERTEX_POINT('',#2255);
#2255 = CARTESIAN_POINT('',(261.73392339911,-1.,500.07385498694));
#2256 = SURFACE_CURVE('',#2257,(#2261,#2267),.PCURVE_S1.);
#2257 = LINE('',#2258,#2259);
#2258 = CARTESIAN_POINT('',(274.84263545907,-1.,504.84503598633));
#2259 = VECTOR('',#2260,1.);
#2260 = DIRECTION('',(-0.939692620786,0.,-0.342020143326));
#2261 = PCURVE('',#1767,#2262);
#2262 = DEFINITIONAL_REPRESENTATION('',(#2263),#2266);
#2263 = B_SPLINE_CURVE_WITH_KNOTS('',1,(#2264,#2265),.UNSPECIFIED.,.F.,
  .F.,(2,2),(0.95,13.95),.PIECEWISE_BEZIER_KNOTS.);
#2264 = CARTESIAN_POINT('',(-15.9,-1.));
#2265 = CARTESIAN_POINT('',(-28.9,-1.));
#2266 = ( GEOMETRIC_REPRESENTATION_CONTEXT(2) 
PARAMETRIC_REPRESENTATION_CONTEXT() REPRESENTATION_CONTEXT('2D SPACE',''
  ) );
#2267 = PCURVE('',#2268,#2273);
#2268 = PLANE('',#2269);
#2269 = AXIS2_PLACEMENT_3D('',#2270,#2271,#2272);
#2270 = CARTESIAN_POINT('',(261.13625092165,-1.,498.79214222282));
#2271 = DIRECTION('',(0.,1.,0.));
#2272 = DIRECTION('',(-0.342020143326,0.,0.939692620786));
#2273 = DEFINITIONAL_REPRESENTATION('',(#2274),#2277);
#2274 = B_SPLINE_CURVE_WITH_KNOTS('',1,(#2275,#2276),.UNSPECIFIED.,.F.,
  .F.,(2,2),(0.95,13.95),.PIECEWISE_BEZIER_KNOTS.);
#2275 = CARTESIAN_POINT('',(1.,14.));
#2276 = CARTESIAN_POINT('',(1.,1.));
#2277 = ( GEOMETRIC_REPRESENTATION_CONTEXT(2) 
PARAMETRIC_REPRESENTATION_CONTEXT() REPRESENTATION_CONTEXT('2D SPACE',''
  ) );
#2278 = ORIENTED_EDGE('',*,*,#2279,.F.);
#2279 = EDGE_CURVE('',#2280,#2254,#2282,.T.);
#2280 = VERTEX_POINT('',#2281);
#2281 = CARTESIAN_POINT('',(261.73392339911,-7.,500.07385498694));
#2282 = SURFACE_CURVE('',#2283,(#2287,#2294),.PCURVE_S1.);
#2283 = LINE('',#2284,#2285);
#2284 = CARTESIAN_POINT('',(261.73392339911,-7.,500.07385498694));
#2285 = VECTOR('',#2286,1.);
#2286 = DIRECTION('',(0.,1.,0.));
#2287 = PCURVE('',#1767,#2288);
#2288 = DEFINITIONAL_REPRESENTATION('',(#2289),#2293);
#2289 = LINE('',#2290,#2291);
#2290 = CARTESIAN_POINT('',(-28.9,-7.));
#2291 = VECTOR('',#2292,1.);
#2292 = DIRECTION('',(0.,1.));
#2293 = ( GEOMETRIC_REPRESENTATION_CONTEXT(2) 
PARAMETRIC_REPRESENTATION_CONTEXT() REPRESENTATION_CONTEXT('2D SPACE',''
  ) );
#2294 = PCURVE('',#2295,#2300);
#2295 = PLANE('',#2296);
#2296 = AXIS2_PLACEMENT_3D('',#2297,#2298,#2299);
#2297 = CARTESIAN_POINT('',(261.73392339911,-7.,500.07385498694));
#2298 = DIRECTION('',(0.939692620786,0.,0.342020143326));
#2299 = DIRECTION('',(-0.342020143326,0.,0.939692620786));
#2300 = DEFINITIONAL_REPRESENTATION('',(#2301),#2305);
#2301 = LINE('',#2302,#2303);
#2302 = CARTESIAN_POINT('',(0.,0.));
#2303 = VECTOR('',#2304,1.);
#2304 = DIRECTION('',(0.,-1.));
#2305 = ( GEOMETRIC_REPRESENTATION_CONTEXT(2) 
PARAMETRIC_REPRESENTATION_CONTEXT() REPRESENTATION_CONTEXT('2D SPACE',''
  ) );
#2306 = ORIENTED_EDGE('',*,*,#2307,.T.);
#2307 = EDGE_CURVE('',#2280,#2073,#2308,.T.);
#2308 = SURFACE_CURVE('',#2309,(#2313,#2320),.PCURVE_S1.);
#2309 = LINE('',#2310,#2311);
#2310 = CARTESIAN_POINT('',(261.73392339911,-7.,500.07385498694));
#2311 = VECTOR('',#2312,1.);
#2312 = DIRECTION('',(0.939692620786,0.,0.342020143326));
#2313 = PCURVE('',#1767,#2314);
#2314 = DEFINITIONAL_REPRESENTATION('',(#2315),#2319);
#2315 = LINE('',#2316,#2317);
#2316 = CARTESIAN_POINT('',(-28.9,-7.));
#2317 = VECTOR('',#2318,1.);
#2318 = DIRECTION('',(1.,0.));
#2319 = ( GEOMETRIC_REPRESENTATION_CONTEXT(2) 
PARAMETRIC_REPRESENTATION_CONTEXT() REPRESENTATION_CONTEXT('2D SPACE',''
  ) );
#2320 = PCURVE('',#2321,#2326);
#2321 = PLANE('',#2322);
#2322 = AXIS2_PLACEMENT_3D('',#2323,#2324,#2325);
#2323 = CARTESIAN_POINT('',(261.73392339911,-7.,500.07385498694));
#2324 = DIRECTION('',(0.,1.,0.));
#2325 = DIRECTION('',(-0.342020143326,0.,0.939692620786));
#2326 = DEFINITIONAL_REPRESENTATION('',(#2327),#2331);
#2327 = LINE('',#2328,#2329);
#2328 = CARTESIAN_POINT('',(0.,0.));
#2329 = VECTOR('',#2330,1.);
#2330 = DIRECTION('',(0.,1.));
#2331 = ( GEOMETRIC_REPRESENTATION_CONTEXT(2) 
PARAMETRIC_REPRESENTATION_CONTEXT() REPRESENTATION_CONTEXT('2D SPACE',''
  ) );
#2332 = FACE_BOUND('',#2333,.F.);
#2333 = EDGE_LOOP('',(#2334,#2365));
#2334 = ORIENTED_EDGE('',*,*,#2335,.F.);
#2335 = EDGE_CURVE('',#2336,#2338,#2340,.T.);
#2336 = VERTEX_POINT('',#2337);
#2337 = CARTESIAN_POINT('',(273.94992746932,-2.19307976904E-09,
    504.52011685017));
#2338 = VERTEX_POINT('',#2339);
#2339 = CARTESIAN_POINT('',(303.83215281032,-3.894376821289E-15,
    515.39635740793));
#2340 = SURFACE_CURVE('',#2341,(#2346,#2353),.PCURVE_S1.);
#2341 = CIRCLE('',#2342,15.9);
#2342 = AXIS2_PLACEMENT_3D('',#2343,#2344,#2345);
#2343 = CARTESIAN_POINT('',(288.89104013982,0.,509.95823712905));
#2344 = DIRECTION('',(-0.342020143326,0.,0.939692620786));
#2345 = DIRECTION('',(0.939692620786,0.,0.342020143326));
#2346 = PCURVE('',#1767,#2347);
#2347 = DEFINITIONAL_REPRESENTATION('',(#2348),#2352);
#2348 = CIRCLE('',#2349,15.9);
#2349 = AXIS2_PLACEMENT_2D('',#2350,#2351);
#2350 = CARTESIAN_POINT('',(0.,0.));
#2351 = DIRECTION('',(1.,0.));
#2352 = ( GEOMETRIC_REPRESENTATION_CONTEXT(2) 
PARAMETRIC_REPRESENTATION_CONTEXT() REPRESENTATION_CONTEXT('2D SPACE',''
  ) );
#2353 = PCURVE('',#2354,#2359);
#2354 = CYLINDRICAL_SURFACE('',#2355,15.9);
#2355 = AXIS2_PLACEMENT_3D('',#2356,#2357,#2358);
#2356 = CARTESIAN_POINT('',(288.89104013982,0.,509.95823712905));
#2357 = DIRECTION('',(-0.342020143326,0.,0.939692620786));
#2358 = DIRECTION('',(0.939692620786,0.,0.342020143326));
#2359 = DEFINITIONAL_REPRESENTATION('',(#2360),#2364);
#2360 = LINE('',#2361,#2362);
#2361 = CARTESIAN_POINT('',(0.,0.));
#2362 = VECTOR('',#2363,1.);
#2363 = DIRECTION('',(1.,0.));
#2364 = ( GEOMETRIC_REPRESENTATION_CONTEXT(2) 
PARAMETRIC_REPRESENTATION_CONTEXT() REPRESENTATION_CONTEXT('2D SPACE',''
  ) );
#2365 = ORIENTED_EDGE('',*,*,#2366,.F.);
#2366 = EDGE_CURVE('',#2338,#2336,#2367,.T.);
#2367 = SURFACE_CURVE('',#2368,(#2373,#2380),.PCURVE_S1.);
#2368 = CIRCLE('',#2369,15.9);
#2369 = AXIS2_PLACEMENT_3D('',#2370,#2371,#2372);
#2370 = CARTESIAN_POINT('',(288.89104013982,0.,509.95823712905));
#2371 = DIRECTION('',(-0.342020143326,0.,0.939692620786));
#2372 = DIRECTION('',(0.939692620786,0.,0.342020143326));
#2373 = PCURVE('',#1767,#2374);
#2374 = DEFINITIONAL_REPRESENTATION('',(#2375),#2379);
#2375 = CIRCLE('',#2376,15.9);
#2376 = AXIS2_PLACEMENT_2D('',#2377,#2378);
#2377 = CARTESIAN_POINT('',(0.,0.));
#2378 = DIRECTION('',(1.,0.));
#2379 = ( GEOMETRIC_REPRESENTATION_CONTEXT(2) 
PARAMETRIC_REPRESENTATION_CONTEXT() REPRESENTATION_CONTEXT('2D SPACE',''
  ) );
#2380 = PCURVE('',#2381,#2386);
#2381 = CYLINDRICAL_SURFACE('',#2382,15.9);
#2382 = AXIS2_PLACEMENT_3D('',#2383,#2384,#2385);
#2383 = CARTESIAN_POINT('',(288.89104013982,0.,509.95823712905));
#2384 = DIRECTION('',(-0.342020143326,0.,0.939692620786));
#2385 = DIRECTION('',(0.939692620786,0.,0.342020143326));
#2386 = DEFINITIONAL_REPRESENTATION('',(#2387),#2391);
#2387 = LINE('',#2388,#2389);
#2388 = CARTESIAN_POINT('',(0.,0.));
#2389 = VECTOR('',#2390,1.);
#2390 = DIRECTION('',(1.,0.));
#2391 = ( GEOMETRIC_REPRESENTATION_CONTEXT(2) 
PARAMETRIC_REPRESENTATION_CONTEXT() REPRESENTATION_CONTEXT('2D SPACE',''
  ) );
#2392 = ADVANCED_FACE('',(#2393),#1851,.T.);
#2393 = FACE_BOUND('',#2394,.T.);
#2394 = EDGE_LOOP('',(#2395,#2418,#2439,#2440));
#2395 = ORIENTED_EDGE('',*,*,#2396,.F.);
#2396 = EDGE_CURVE('',#2397,#1806,#2399,.T.);
#2397 = VERTEX_POINT('',#2398);
#2398 = CARTESIAN_POINT('',(266.34256760041,-7.,516.64975311119));
#2399 = SURFACE_CURVE('',#2400,(#2404,#2411),.PCURVE_S1.);
#2400 = LINE('',#2401,#2402);
#2401 = CARTESIAN_POINT('',(266.34256760041,-7.,516.64975311119));
#2402 = VECTOR('',#2403,1.);
#2403 = DIRECTION('',(0.,1.,0.));
#2404 = PCURVE('',#1851,#2405);
#2405 = DEFINITIONAL_REPRESENTATION('',(#2406),#2410);
#2406 = LINE('',#2407,#2408);
#2407 = CARTESIAN_POINT('',(14.,0.));
#2408 = VECTOR('',#2409,1.);
#2409 = DIRECTION('',(0.,-1.));
#2410 = ( GEOMETRIC_REPRESENTATION_CONTEXT(2) 
PARAMETRIC_REPRESENTATION_CONTEXT() REPRESENTATION_CONTEXT('2D SPACE',''
  ) );
#2411 = PCURVE('',#1822,#2412);
#2412 = DEFINITIONAL_REPRESENTATION('',(#2413),#2417);
#2413 = LINE('',#2414,#2415);
#2414 = CARTESIAN_POINT('',(-18.9,-7.));
#2415 = VECTOR('',#2416,1.);
#2416 = DIRECTION('',(0.,1.));
#2417 = ( GEOMETRIC_REPRESENTATION_CONTEXT(2) 
PARAMETRIC_REPRESENTATION_CONTEXT() REPRESENTATION_CONTEXT('2D SPACE',''
  ) );
#2418 = ORIENTED_EDGE('',*,*,#2419,.F.);
#2419 = EDGE_CURVE('',#2073,#2397,#2420,.T.);
#2420 = SURFACE_CURVE('',#2421,(#2425,#2432),.PCURVE_S1.);
#2421 = LINE('',#2422,#2423);
#2422 = CARTESIAN_POINT('',(271.13084960697,-7.,503.49405642019));
#2423 = VECTOR('',#2424,1.);
#2424 = DIRECTION('',(-0.342020143326,0.,0.939692620786));
#2425 = PCURVE('',#1851,#2426);
#2426 = DEFINITIONAL_REPRESENTATION('',(#2427),#2431);
#2427 = LINE('',#2428,#2429);
#2428 = CARTESIAN_POINT('',(0.,0.));
#2429 = VECTOR('',#2430,1.);
#2430 = DIRECTION('',(1.,0.));
#2431 = ( GEOMETRIC_REPRESENTATION_CONTEXT(2) 
PARAMETRIC_REPRESENTATION_CONTEXT() REPRESENTATION_CONTEXT('2D SPACE',''
  ) );
#2432 = PCURVE('',#2321,#2433);
#2433 = DEFINITIONAL_REPRESENTATION('',(#2434),#2438);
#2434 = LINE('',#2435,#2436);
#2435 = CARTESIAN_POINT('',(0.,10.));
#2436 = VECTOR('',#2437,1.);
#2437 = DIRECTION('',(1.,0.));
#2438 = ( GEOMETRIC_REPRESENTATION_CONTEXT(2) 
PARAMETRIC_REPRESENTATION_CONTEXT() REPRESENTATION_CONTEXT('2D SPACE',''
  ) );
#2439 = ORIENTED_EDGE('',*,*,#2072,.T.);
#2440 = ORIENTED_EDGE('',*,*,#1838,.T.);
#2441 = ADVANCED_FACE('',(#2442),#1794,.T.);
#2442 = FACE_BOUND('',#2443,.T.);
#2443 = EDGE_LOOP('',(#2444,#2467,#2468,#2469));
#2444 = ORIENTED_EDGE('',*,*,#2445,.F.);
#2445 = EDGE_CURVE('',#1780,#2446,#2448,.T.);
#2446 = VERTEX_POINT('',#2447);
#2447 = CARTESIAN_POINT('',(266.34256760041,7.,516.64975311119));
#2448 = SURFACE_CURVE('',#2449,(#2453,#2460),.PCURVE_S1.);
#2449 = LINE('',#2450,#2451);
#2450 = CARTESIAN_POINT('',(266.34256760041,-7.,516.64975311119));
#2451 = VECTOR('',#2452,1.);
#2452 = DIRECTION('',(0.,1.,0.));
#2453 = PCURVE('',#1794,#2454);
#2454 = DEFINITIONAL_REPRESENTATION('',(#2455),#2459);
#2455 = LINE('',#2456,#2457);
#2456 = CARTESIAN_POINT('',(14.,0.));
#2457 = VECTOR('',#2458,1.);
#2458 = DIRECTION('',(0.,-1.));
#2459 = ( GEOMETRIC_REPRESENTATION_CONTEXT(2) 
PARAMETRIC_REPRESENTATION_CONTEXT() REPRESENTATION_CONTEXT('2D SPACE',''
  ) );
#2460 = PCURVE('',#1822,#2461);
#2461 = DEFINITIONAL_REPRESENTATION('',(#2462),#2466);
#2462 = LINE('',#2463,#2464);
#2463 = CARTESIAN_POINT('',(-18.9,-7.));
#2464 = VECTOR('',#2465,1.);
#2465 = DIRECTION('',(0.,1.));
#2466 = ( GEOMETRIC_REPRESENTATION_CONTEXT(2) 
PARAMETRIC_REPRESENTATION_CONTEXT() REPRESENTATION_CONTEXT('2D SPACE',''
  ) );
#2467 = ORIENTED_EDGE('',*,*,#1779,.F.);
#2468 = ORIENTED_EDGE('',*,*,#2096,.T.);
#2469 = ORIENTED_EDGE('',*,*,#2470,.T.);
#2470 = EDGE_CURVE('',#2097,#2446,#2471,.T.);
#2471 = SURFACE_CURVE('',#2472,(#2476,#2483),.PCURVE_S1.);
#2472 = LINE('',#2473,#2474);
#2473 = CARTESIAN_POINT('',(271.13084960697,7.,503.49405642019));
#2474 = VECTOR('',#2475,1.);
#2475 = DIRECTION('',(-0.342020143326,0.,0.939692620786));
#2476 = PCURVE('',#1794,#2477);
#2477 = DEFINITIONAL_REPRESENTATION('',(#2478),#2482);
#2478 = LINE('',#2479,#2480);
#2479 = CARTESIAN_POINT('',(0.,-14.));
#2480 = VECTOR('',#2481,1.);
#2481 = DIRECTION('',(1.,0.));
#2482 = ( GEOMETRIC_REPRESENTATION_CONTEXT(2) 
PARAMETRIC_REPRESENTATION_CONTEXT() REPRESENTATION_CONTEXT('2D SPACE',''
  ) );
#2483 = PCURVE('',#2135,#2484);
#2484 = DEFINITIONAL_REPRESENTATION('',(#2485),#2489);
#2485 = LINE('',#2486,#2487);
#2486 = CARTESIAN_POINT('',(0.,10.));
#2487 = VECTOR('',#2488,1.);
#2488 = DIRECTION('',(1.,0.));
#2489 = ( GEOMETRIC_REPRESENTATION_CONTEXT(2) 
PARAMETRIC_REPRESENTATION_CONTEXT() REPRESENTATION_CONTEXT('2D SPACE',''
  ) );
#2490 = ADVANCED_FACE('',(#2491,#2670),#1822,.T.);
#2491 = FACE_BOUND('',#2492,.T.);
#2492 = EDGE_LOOP('',(#2493,#2494,#2495,#2518,#2541,#2562,#2583,#2604,
    #2625,#2648,#2669));
#2493 = ORIENTED_EDGE('',*,*,#1805,.F.);
#2494 = ORIENTED_EDGE('',*,*,#2445,.T.);
#2495 = ORIENTED_EDGE('',*,*,#2496,.F.);
#2496 = EDGE_CURVE('',#2497,#2446,#2499,.T.);
#2497 = VERTEX_POINT('',#2498);
#2498 = CARTESIAN_POINT('',(256.94564139255,7.,513.22955167794));
#2499 = SURFACE_CURVE('',#2500,(#2504,#2511),.PCURVE_S1.);
#2500 = LINE('',#2501,#2502);
#2501 = CARTESIAN_POINT('',(256.94564139255,7.,513.22955167794));
#2502 = VECTOR('',#2503,1.);
#2503 = DIRECTION('',(0.939692620786,0.,0.342020143326));
#2504 = PCURVE('',#1822,#2505);
#2505 = DEFINITIONAL_REPRESENTATION('',(#2506),#2510);
#2506 = LINE('',#2507,#2508);
#2507 = CARTESIAN_POINT('',(-28.9,7.));
#2508 = VECTOR('',#2509,1.);
#2509 = DIRECTION('',(1.,0.));
#2510 = ( GEOMETRIC_REPRESENTATION_CONTEXT(2) 
PARAMETRIC_REPRESENTATION_CONTEXT() REPRESENTATION_CONTEXT('2D SPACE',''
  ) );
#2511 = PCURVE('',#2135,#2512);
#2512 = DEFINITIONAL_REPRESENTATION('',(#2513),#2517);
#2513 = LINE('',#2514,#2515);
#2514 = CARTESIAN_POINT('',(14.,0.));
#2515 = VECTOR('',#2516,1.);
#2516 = DIRECTION('',(0.,1.));
#2517 = ( GEOMETRIC_REPRESENTATION_CONTEXT(2) 
PARAMETRIC_REPRESENTATION_CONTEXT() REPRESENTATION_CONTEXT('2D SPACE',''
  ) );
#2518 = ORIENTED_EDGE('',*,*,#2519,.F.);
#2519 = EDGE_CURVE('',#2520,#2497,#2522,.T.);
#2520 = VERTEX_POINT('',#2521);
#2521 = CARTESIAN_POINT('',(256.94564139255,1.,513.22955167794));
#2522 = SURFACE_CURVE('',#2523,(#2527,#2534),.PCURVE_S1.);
#2523 = LINE('',#2524,#2525);
#2524 = CARTESIAN_POINT('',(256.94564139255,-7.,513.22955167794));
#2525 = VECTOR('',#2526,1.);
#2526 = DIRECTION('',(0.,1.,0.));
#2527 = PCURVE('',#1822,#2528);
#2528 = DEFINITIONAL_REPRESENTATION('',(#2529),#2533);
#2529 = LINE('',#2530,#2531);
#2530 = CARTESIAN_POINT('',(-28.9,-7.));
#2531 = VECTOR('',#2532,1.);
#2532 = DIRECTION('',(0.,1.));
#2533 = ( GEOMETRIC_REPRESENTATION_CONTEXT(2) 
PARAMETRIC_REPRESENTATION_CONTEXT() REPRESENTATION_CONTEXT('2D SPACE',''
  ) );
#2534 = PCURVE('',#2163,#2535);
#2535 = DEFINITIONAL_REPRESENTATION('',(#2536),#2540);
#2536 = LINE('',#2537,#2538);
#2537 = CARTESIAN_POINT('',(14.,0.));
#2538 = VECTOR('',#2539,1.);
#2539 = DIRECTION('',(0.,-1.));
#2540 = ( GEOMETRIC_REPRESENTATION_CONTEXT(2) 
PARAMETRIC_REPRESENTATION_CONTEXT() REPRESENTATION_CONTEXT('2D SPACE',''
  ) );
#2541 = ORIENTED_EDGE('',*,*,#2542,.F.);
#2542 = EDGE_CURVE('',#2543,#2520,#2545,.T.);
#2543 = VERTEX_POINT('',#2544);
#2544 = CARTESIAN_POINT('',(269.16164546276,1.,517.67581354117));
#2545 = SURFACE_CURVE('',#2546,(#2550,#2556),.PCURVE_S1.);
#2546 = LINE('',#2547,#2548);
#2547 = CARTESIAN_POINT('',(270.05435345251,1.,518.00073267733));
#2548 = VECTOR('',#2549,1.);
#2549 = DIRECTION('',(-0.939692620786,0.,-0.342020143326));
#2550 = PCURVE('',#1822,#2551);
#2551 = DEFINITIONAL_REPRESENTATION('',(#2552),#2555);
#2552 = B_SPLINE_CURVE_WITH_KNOTS('',1,(#2553,#2554),.UNSPECIFIED.,.F.,
  .F.,(2,2),(0.95,13.95),.PIECEWISE_BEZIER_KNOTS.);
#2553 = CARTESIAN_POINT('',(-15.9,1.));
#2554 = CARTESIAN_POINT('',(-28.9,1.));
#2555 = ( GEOMETRIC_REPRESENTATION_CONTEXT(2) 
PARAMETRIC_REPRESENTATION_CONTEXT() REPRESENTATION_CONTEXT('2D SPACE',''
  ) );
#2556 = PCURVE('',#2190,#2557);
#2557 = DEFINITIONAL_REPRESENTATION('',(#2558),#2561);
#2558 = B_SPLINE_CURVE_WITH_KNOTS('',1,(#2559,#2560),.UNSPECIFIED.,.F.,
  .F.,(2,2),(0.95,13.95),.PIECEWISE_BEZIER_KNOTS.);
#2559 = CARTESIAN_POINT('',(15.,14.));
#2560 = CARTESIAN_POINT('',(15.,1.));
#2561 = ( GEOMETRIC_REPRESENTATION_CONTEXT(2) 
PARAMETRIC_REPRESENTATION_CONTEXT() REPRESENTATION_CONTEXT('2D SPACE',''
  ) );
#2562 = ORIENTED_EDGE('',*,*,#2563,.F.);
#2563 = EDGE_CURVE('',#2564,#2543,#2566,.T.);
#2564 = VERTEX_POINT('',#2565);
#2565 = CARTESIAN_POINT('',(269.16164546276,1.947188410644E-15,
    517.67581354117));
#2566 = SURFACE_CURVE('',#2567,(#2571,#2577),.PCURVE_S1.);
#2567 = LINE('',#2568,#2569);
#2568 = CARTESIAN_POINT('',(269.16164546276,-0.5,517.67581354117));
#2569 = VECTOR('',#2570,1.);
#2570 = DIRECTION('',(0.,1.,-0.));
#2571 = PCURVE('',#1822,#2572);
#2572 = DEFINITIONAL_REPRESENTATION('',(#2573),#2576);
#2573 = B_SPLINE_CURVE_WITH_KNOTS('',1,(#2574,#2575),.UNSPECIFIED.,.F.,
  .F.,(2,2),(-0.5,1.5),.PIECEWISE_BEZIER_KNOTS.);
#2574 = CARTESIAN_POINT('',(-15.9,-1.));
#2575 = CARTESIAN_POINT('',(-15.9,1.));
#2576 = ( GEOMETRIC_REPRESENTATION_CONTEXT(2) 
PARAMETRIC_REPRESENTATION_CONTEXT() REPRESENTATION_CONTEXT('2D SPACE',''
  ) );
#2577 = PCURVE('',#2216,#2578);
#2578 = DEFINITIONAL_REPRESENTATION('',(#2579),#2582);
#2579 = B_SPLINE_CURVE_WITH_KNOTS('',1,(#2580,#2581),.UNSPECIFIED.,.F.,
  .F.,(2,2),(-0.5,1.5),.PIECEWISE_BEZIER_KNOTS.);
#2580 = CARTESIAN_POINT('',(15.,0.));
#2581 = CARTESIAN_POINT('',(15.,-2.));
#2582 = ( GEOMETRIC_REPRESENTATION_CONTEXT(2) 
PARAMETRIC_REPRESENTATION_CONTEXT() REPRESENTATION_CONTEXT('2D SPACE',''
  ) );
#2583 = ORIENTED_EDGE('',*,*,#2584,.F.);
#2584 = EDGE_CURVE('',#2585,#2564,#2587,.T.);
#2585 = VERTEX_POINT('',#2586);
#2586 = CARTESIAN_POINT('',(269.16164546276,-1.,517.67581354117));
#2587 = SURFACE_CURVE('',#2588,(#2592,#2598),.PCURVE_S1.);
#2588 = LINE('',#2589,#2590);
#2589 = CARTESIAN_POINT('',(269.16164546276,-0.5,517.67581354117));
#2590 = VECTOR('',#2591,1.);
#2591 = DIRECTION('',(0.,1.,-0.));
#2592 = PCURVE('',#1822,#2593);
#2593 = DEFINITIONAL_REPRESENTATION('',(#2594),#2597);
#2594 = B_SPLINE_CURVE_WITH_KNOTS('',1,(#2595,#2596),.UNSPECIFIED.,.F.,
  .F.,(2,2),(-0.5,1.5),.PIECEWISE_BEZIER_KNOTS.);
#2595 = CARTESIAN_POINT('',(-15.9,-1.));
#2596 = CARTESIAN_POINT('',(-15.9,1.));
#2597 = ( GEOMETRIC_REPRESENTATION_CONTEXT(2) 
PARAMETRIC_REPRESENTATION_CONTEXT() REPRESENTATION_CONTEXT('2D SPACE',''
  ) );
#2598 = PCURVE('',#2242,#2599);
#2599 = DEFINITIONAL_REPRESENTATION('',(#2600),#2603);
#2600 = B_SPLINE_CURVE_WITH_KNOTS('',1,(#2601,#2602),.UNSPECIFIED.,.F.,
  .F.,(2,2),(-0.5,1.5),.PIECEWISE_BEZIER_KNOTS.);
#2601 = CARTESIAN_POINT('',(15.,0.));
#2602 = CARTESIAN_POINT('',(15.,-2.));
#2603 = ( GEOMETRIC_REPRESENTATION_CONTEXT(2) 
PARAMETRIC_REPRESENTATION_CONTEXT() REPRESENTATION_CONTEXT('2D SPACE',''
  ) );
#2604 = ORIENTED_EDGE('',*,*,#2605,.T.);
#2605 = EDGE_CURVE('',#2585,#2606,#2608,.T.);
#2606 = VERTEX_POINT('',#2607);
#2607 = CARTESIAN_POINT('',(256.94564139255,-1.,513.22955167794));
#2608 = SURFACE_CURVE('',#2609,(#2613,#2619),.PCURVE_S1.);
#2609 = LINE('',#2610,#2611);
#2610 = CARTESIAN_POINT('',(270.05435345251,-1.,518.00073267733));
#2611 = VECTOR('',#2612,1.);
#2612 = DIRECTION('',(-0.939692620786,0.,-0.342020143326));
#2613 = PCURVE('',#1822,#2614);
#2614 = DEFINITIONAL_REPRESENTATION('',(#2615),#2618);
#2615 = B_SPLINE_CURVE_WITH_KNOTS('',1,(#2616,#2617),.UNSPECIFIED.,.F.,
  .F.,(2,2),(0.95,13.95),.PIECEWISE_BEZIER_KNOTS.);
#2616 = CARTESIAN_POINT('',(-15.9,-1.));
#2617 = CARTESIAN_POINT('',(-28.9,-1.));
#2618 = ( GEOMETRIC_REPRESENTATION_CONTEXT(2) 
PARAMETRIC_REPRESENTATION_CONTEXT() REPRESENTATION_CONTEXT('2D SPACE',''
  ) );
#2619 = PCURVE('',#2268,#2620);
#2620 = DEFINITIONAL_REPRESENTATION('',(#2621),#2624);
#2621 = B_SPLINE_CURVE_WITH_KNOTS('',1,(#2622,#2623),.UNSPECIFIED.,.F.,
  .F.,(2,2),(0.95,13.95),.PIECEWISE_BEZIER_KNOTS.);
#2622 = CARTESIAN_POINT('',(15.,14.));
#2623 = CARTESIAN_POINT('',(15.,1.));
#2624 = ( GEOMETRIC_REPRESENTATION_CONTEXT(2) 
PARAMETRIC_REPRESENTATION_CONTEXT() REPRESENTATION_CONTEXT('2D SPACE',''
  ) );
#2625 = ORIENTED_EDGE('',*,*,#2626,.F.);
#2626 = EDGE_CURVE('',#2627,#2606,#2629,.T.);
#2627 = VERTEX_POINT('',#2628);
#2628 = CARTESIAN_POINT('',(256.94564139255,-7.,513.22955167794));
#2629 = SURFACE_CURVE('',#2630,(#2634,#2641),.PCURVE_S1.);
#2630 = LINE('',#2631,#2632);
#2631 = CARTESIAN_POINT('',(256.94564139255,-7.,513.22955167794));
#2632 = VECTOR('',#2633,1.);
#2633 = DIRECTION('',(0.,1.,0.));
#2634 = PCURVE('',#1822,#2635);
#2635 = DEFINITIONAL_REPRESENTATION('',(#2636),#2640);
#2636 = LINE('',#2637,#2638);
#2637 = CARTESIAN_POINT('',(-28.9,-7.));
#2638 = VECTOR('',#2639,1.);
#2639 = DIRECTION('',(0.,1.));
#2640 = ( GEOMETRIC_REPRESENTATION_CONTEXT(2) 
PARAMETRIC_REPRESENTATION_CONTEXT() REPRESENTATION_CONTEXT('2D SPACE',''
  ) );
#2641 = PCURVE('',#2295,#2642);
#2642 = DEFINITIONAL_REPRESENTATION('',(#2643),#2647);
#2643 = LINE('',#2644,#2645);
#2644 = CARTESIAN_POINT('',(14.,0.));
#2645 = VECTOR('',#2646,1.);
#2646 = DIRECTION('',(0.,-1.));
#2647 = ( GEOMETRIC_REPRESENTATION_CONTEXT(2) 
PARAMETRIC_REPRESENTATION_CONTEXT() REPRESENTATION_CONTEXT('2D SPACE',''
  ) );
#2648 = ORIENTED_EDGE('',*,*,#2649,.T.);
#2649 = EDGE_CURVE('',#2627,#2397,#2650,.T.);
#2650 = SURFACE_CURVE('',#2651,(#2655,#2662),.PCURVE_S1.);
#2651 = LINE('',#2652,#2653);
#2652 = CARTESIAN_POINT('',(256.94564139255,-7.,513.22955167794));
#2653 = VECTOR('',#2654,1.);
#2654 = DIRECTION('',(0.939692620786,0.,0.342020143326));
#2655 = PCURVE('',#1822,#2656);
#2656 = DEFINITIONAL_REPRESENTATION('',(#2657),#2661);
#2657 = LINE('',#2658,#2659);
#2658 = CARTESIAN_POINT('',(-28.9,-7.));
#2659 = VECTOR('',#2660,1.);
#2660 = DIRECTION('',(1.,0.));
#2661 = ( GEOMETRIC_REPRESENTATION_CONTEXT(2) 
PARAMETRIC_REPRESENTATION_CONTEXT() REPRESENTATION_CONTEXT('2D SPACE',''
  ) );
#2662 = PCURVE('',#2321,#2663);
#2663 = DEFINITIONAL_REPRESENTATION('',(#2664),#2668);
#2664 = LINE('',#2665,#2666);
#2665 = CARTESIAN_POINT('',(14.,0.));
#2666 = VECTOR('',#2667,1.);
#2667 = DIRECTION('',(0.,1.));
#2668 = ( GEOMETRIC_REPRESENTATION_CONTEXT(2) 
PARAMETRIC_REPRESENTATION_CONTEXT() REPRESENTATION_CONTEXT('2D SPACE',''
  ) );
#2669 = ORIENTED_EDGE('',*,*,#2396,.T.);
#2670 = FACE_BOUND('',#2671,.T.);
#2671 = EDGE_LOOP('',(#2672,#2698));
#2672 = ORIENTED_EDGE('',*,*,#2673,.F.);
#2673 = EDGE_CURVE('',#2674,#2676,#2678,.T.);
#2674 = VERTEX_POINT('',#2675);
#2675 = CARTESIAN_POINT('',(269.16164546276,1.947188410644E-15,
    517.67581354117));
#2676 = VERTEX_POINT('',#2677);
#2677 = CARTESIAN_POINT('',(299.04387080376,-3.894376821289E-15,
    528.55205409893));
#2678 = SURFACE_CURVE('',#2679,(#2684,#2691),.PCURVE_S1.);
#2679 = CIRCLE('',#2680,15.9);
#2680 = AXIS2_PLACEMENT_3D('',#2681,#2682,#2683);
#2681 = CARTESIAN_POINT('',(284.10275813326,0.,523.11393382005));
#2682 = DIRECTION('',(-0.342020143326,0.,0.939692620786));
#2683 = DIRECTION('',(0.939692620786,0.,0.342020143326));
#2684 = PCURVE('',#1822,#2685);
#2685 = DEFINITIONAL_REPRESENTATION('',(#2686),#2690);
#2686 = CIRCLE('',#2687,15.9);
#2687 = AXIS2_PLACEMENT_2D('',#2688,#2689);
#2688 = CARTESIAN_POINT('',(0.,0.));
#2689 = DIRECTION('',(1.,0.));
#2690 = ( GEOMETRIC_REPRESENTATION_CONTEXT(2) 
PARAMETRIC_REPRESENTATION_CONTEXT() REPRESENTATION_CONTEXT('2D SPACE',''
  ) );
#2691 = PCURVE('',#2354,#2692);
#2692 = DEFINITIONAL_REPRESENTATION('',(#2693),#2697);
#2693 = LINE('',#2694,#2695);
#2694 = CARTESIAN_POINT('',(0.,14.));
#2695 = VECTOR('',#2696,1.);
#2696 = DIRECTION('',(1.,0.));
#2697 = ( GEOMETRIC_REPRESENTATION_CONTEXT(2) 
PARAMETRIC_REPRESENTATION_CONTEXT() REPRESENTATION_CONTEXT('2D SPACE',''
  ) );
#2698 = ORIENTED_EDGE('',*,*,#2699,.F.);
#2699 = EDGE_CURVE('',#2676,#2674,#2700,.T.);
#2700 = SURFACE_CURVE('',#2701,(#2706,#2713),.PCURVE_S1.);
#2701 = CIRCLE('',#2702,15.9);
#2702 = AXIS2_PLACEMENT_3D('',#2703,#2704,#2705);
#2703 = CARTESIAN_POINT('',(284.10275813326,0.,523.11393382005));
#2704 = DIRECTION('',(-0.342020143326,0.,0.939692620786));
#2705 = DIRECTION('',(0.939692620786,0.,0.342020143326));
#2706 = PCURVE('',#1822,#2707);
#2707 = DEFINITIONAL_REPRESENTATION('',(#2708),#2712);
#2708 = CIRCLE('',#2709,15.9);
#2709 = AXIS2_PLACEMENT_2D('',#2710,#2711);
#2710 = CARTESIAN_POINT('',(0.,0.));
#2711 = DIRECTION('',(1.,0.));
#2712 = ( GEOMETRIC_REPRESENTATION_CONTEXT(2) 
PARAMETRIC_REPRESENTATION_CONTEXT() REPRESENTATION_CONTEXT('2D SPACE',''
  ) );
#2713 = PCURVE('',#2381,#2714);
#2714 = DEFINITIONAL_REPRESENTATION('',(#2715),#2719);
#2715 = LINE('',#2716,#2717);
#2716 = CARTESIAN_POINT('',(0.,14.));
#2717 = VECTOR('',#2718,1.);
#2718 = DIRECTION('',(1.,0.));
#2719 = ( GEOMETRIC_REPRESENTATION_CONTEXT(2) 
PARAMETRIC_REPRESENTATION_CONTEXT() REPRESENTATION_CONTEXT('2D SPACE',''
  ) );
#2720 = ADVANCED_FACE('',(#2721),#1998,.F.);
#2721 = FACE_BOUND('',#2722,.F.);
#2722 = EDGE_LOOP('',(#2723,#2724,#2747,#2945));
#2723 = ORIENTED_EDGE('',*,*,#1864,.F.);
#2724 = ORIENTED_EDGE('',*,*,#2725,.F.);
#2725 = EDGE_CURVE('',#2726,#1865,#2728,.T.);
#2726 = VERTEX_POINT('',#2727);
#2727 = CARTESIAN_POINT('',(286.49689913654,15.876992438265,
    519.03608547455));
#2728 = SEAM_CURVE('',#2729,(#2733,#2740),.PCURVE_S1.);
#2729 = LINE('',#2730,#2731);
#2730 = CARTESIAN_POINT('',(286.49689913654,14.9,519.03608547455));
#2731 = VECTOR('',#2732,1.);
#2732 = DIRECTION('',(0.,1.,0.));
#2733 = PCURVE('',#1998,#2734);
#2734 = DEFINITIONAL_REPRESENTATION('',(#2735),#2739);
#2735 = LINE('',#2736,#2737);
#2736 = CARTESIAN_POINT('',(6.28318530718,-0.));
#2737 = VECTOR('',#2738,1.);
#2738 = DIRECTION('',(0.,1.));
#2739 = ( GEOMETRIC_REPRESENTATION_CONTEXT(2) 
PARAMETRIC_REPRESENTATION_CONTEXT() REPRESENTATION_CONTEXT('2D SPACE',''
  ) );
#2740 = PCURVE('',#1998,#2741);
#2741 = DEFINITIONAL_REPRESENTATION('',(#2742),#2746);
#2742 = LINE('',#2743,#2744);
#2743 = CARTESIAN_POINT('',(0.,-0.));
#2744 = VECTOR('',#2745,1.);
#2745 = DIRECTION('',(0.,1.));
#2746 = ( GEOMETRIC_REPRESENTATION_CONTEXT(2) 
PARAMETRIC_REPRESENTATION_CONTEXT() REPRESENTATION_CONTEXT('2D SPACE',''
  ) );
#2747 = ORIENTED_EDGE('',*,*,#2748,.T.);
#2748 = EDGE_CURVE('',#2726,#2726,#2749,.T.);
#2749 = SURFACE_CURVE('',#2750,(#2813,#2879),.PCURVE_S1.);
#2750 = B_SPLINE_CURVE_WITH_KNOTS('',7,(#2751,#2752,#2753,#2754,#2755,
    #2756,#2757,#2758,#2759,#2760,#2761,#2762,#2763,#2764,#2765,#2766,
    #2767,#2768,#2769,#2770,#2771,#2772,#2773,#2774,#2775,#2776,#2777,
    #2778,#2779,#2780,#2781,#2782,#2783,#2784,#2785,#2786,#2787,#2788,
    #2789,#2790,#2791,#2792,#2793,#2794,#2795,#2796,#2797,#2798,#2799,
    #2800,#2801,#2802,#2803,#2804,#2805,#2806,#2807,#2808,#2809,#2810,
    #2811,#2812),.UNSPECIFIED.,.T.,.F.,(8,6,6,6,6,6,6,6,6,6,8),(0.,
    5.621603721948E-02,0.130580863077,0.218379777473,0.368334396431,
    0.496580086019,0.604553390322,0.732624830496,0.851597466709,
    0.927162064221,1.),.UNSPECIFIED.);
#2751 = CARTESIAN_POINT('',(286.49689913654,15.876992438266,
    519.03608547455));
#2752 = CARTESIAN_POINT('',(286.62692476133,15.870412251489,
    519.03608547455));
#2753 = CARTESIAN_POINT('',(286.75466790647,15.862992582912,
    519.02819588326));
#2754 = CARTESIAN_POINT('',(286.87963182073,15.854904965517,
    519.0129145209));
#2755 = CARTESIAN_POINT('',(287.00137705545,15.846323630471,
    518.99075202504));
#2756 = CARTESIAN_POINT('',(287.11952042658,15.837419039274,
    518.9622323756));
#2757 = CARTESIAN_POINT('',(287.23373397672,15.828351415912,
    518.92789341975));
#2758 = CARTESIAN_POINT('',(287.48926951944,15.807243450298,
    518.83589496347));
#2759 = CARTESIAN_POINT('',(287.62765764549,15.795170643381,
    518.77420691271));
#2760 = CARTESIAN_POINT('',(287.75870460203,15.783340530384,
    518.70428090548));
#2761 = CARTESIAN_POINT('',(287.88230808902,15.77199642584,
    518.62702591466));
#2762 = CARTESIAN_POINT('',(287.99843351062,15.761333758545,
    518.54321960548));
#2763 = CARTESIAN_POINT('',(288.1070829605,15.751506320559,
    518.45352508816));
#2764 = CARTESIAN_POINT('',(288.32772983373,15.732161705201,
    518.24632388248));
#2765 = CARTESIAN_POINT('',(288.4368177473,15.723018473283,
    518.12669086981));
#2766 = CARTESIAN_POINT('',(288.53554024805,15.715405885851,
    518.00052839309));
#2767 = CARTESIAN_POINT('',(288.62389734066,15.709462128785,
    517.868597522));
#2768 = CARTESIAN_POINT('',(288.70185549559,15.705276293621,
    517.73153852463));
#2769 = CARTESIAN_POINT('',(288.7693233733,15.70289627785,
    517.58990784636));
#2770 = CARTESIAN_POINT('',(288.9231443164,15.701367107392,
    517.19537752882));
#2771 = CARTESIAN_POINT('',(288.98890663233,15.705699146142,
    516.93506958769));
#2772 = CARTESIAN_POINT('',(289.02281477345,15.715345886787,
    516.66562645638));
#2773 = CARTESIAN_POINT('',(289.0232853932,15.730021624031,
    516.38924859396));
#2774 = CARTESIAN_POINT('',(288.98782269821,15.749123806254,
    516.10855346135));
#2775 = CARTESIAN_POINT('',(288.91303635089,15.771495983627,
    515.82724263502));
#2776 = CARTESIAN_POINT('',(288.69356474469,15.815498025739,
    515.31517701237));
#2777 = CARTESIAN_POINT('',(288.55796187692,15.837288524561,
    515.07692333501));
#2778 = CARTESIAN_POINT('',(288.3849265124,15.85895816234,
    514.84654992287));
#2779 = CARTESIAN_POINT('',(288.17438813304,15.878198481512,
    514.6337605039));
#2780 = CARTESIAN_POINT('',(287.92876449901,15.89249277903,
    514.44760597409));
#2781 = CARTESIAN_POINT('',(287.65251971039,15.9,514.29625253434));
#2782 = CARTESIAN_POINT('',(287.09889179404,15.9,514.09474845194));
#2783 = CARTESIAN_POINT('',(286.83427398217,15.894679081337,
    514.03445116839));
#2784 = CARTESIAN_POINT('',(286.56291415032,15.884036438159,
    514.00770587226));
#2785 = CARTESIAN_POINT('',(286.28989365803,15.868673548801,
    514.0153212946));
#2786 = CARTESIAN_POINT('',(286.02039577692,15.849766211355,
    514.05717363486));
#2787 = CARTESIAN_POINT('',(285.75951604942,15.828880367272,
    514.13218062595));
#2788 = CARTESIAN_POINT('',(285.21850833028,15.78242783715,
    514.36405683054));
#2789 = CARTESIAN_POINT('',(284.95718874208,15.757860435429,
    514.52784183489));
#2790 = CARTESIAN_POINT('',(284.72922585814,15.736392992307,
    514.72056324506));
#2791 = CARTESIAN_POINT('',(284.53435122497,15.719516607238,
    514.93608587895));
#2792 = CARTESIAN_POINT('',(284.37226427499,15.708001705476,
    515.16997209966));
#2793 = CARTESIAN_POINT('',(284.24300181335,15.702229141112,
    515.41910647538));
#2794 = CARTESIAN_POINT('',(284.05910635263,15.702229141112,
    515.92435510124));
#2795 = CARTESIAN_POINT('',(284.0000489917,15.707210552995,
    516.17809395895));
#2796 = CARTESIAN_POINT('',(283.97112776674,15.717153974388,
    516.4401513823));
#2797 = CARTESIAN_POINT('',(283.97385463317,15.731771010635,
    516.70849643026));
#2798 = CARTESIAN_POINT('',(284.01055665858,15.750483340521,
    516.98069141105));
#2799 = CARTESIAN_POINT('',(284.08435244014,15.772215849511,
    517.2533056201));
#2800 = CARTESIAN_POINT('',(284.27191695469,15.809820812681,
    517.69092642032));
#2801 = CARTESIAN_POINT('',(284.36171482441,15.825025909636,
    517.8599219547));
#2802 = CARTESIAN_POINT('',(284.46935584149,15.840303897484,
    518.02548983257));
#2803 = CARTESIAN_POINT('',(284.59540922469,15.854992894463,
    518.18503720069));
#2804 = CARTESIAN_POINT('',(284.74010374291,15.86832899284,
    518.3358005859));
#2805 = CARTESIAN_POINT('',(284.90330548552,15.879517382094,
    518.47481532643));
#2806 = CARTESIAN_POINT('',(285.25912023737,15.895862213677,
    518.71844677174));
#2807 = CARTESIAN_POINT('',(285.44938729378,15.901172588625,
    518.82338873579));
#2808 = CARTESIAN_POINT('',(285.65213697353,15.903080598159,
    518.90954753466));
#2809 = CARTESIAN_POINT('',(285.86319150601,15.901234805836,
    518.97421794601));
#2810 = CARTESIAN_POINT('',(286.07772647384,15.895802282175,
    519.01623250068));
#2811 = CARTESIAN_POINT('',(286.29063904496,15.887430610967,
    519.03608547455));
#2812 = CARTESIAN_POINT('',(286.49689913654,15.876992438266,
    519.03608547455));
#2813 = PCURVE('',#1998,#2814);
#2814 = DEFINITIONAL_REPRESENTATION('',(#2815),#2878);
#2815 = B_SPLINE_CURVE_WITH_KNOTS('',7,(#2816,#2817,#2818,#2819,#2820,
    #2821,#2822,#2823,#2824,#2825,#2826,#2827,#2828,#2829,#2830,#2831,
    #2832,#2833,#2834,#2835,#2836,#2837,#2838,#2839,#2840,#2841,#2842,
    #2843,#2844,#2845,#2846,#2847,#2848,#2849,#2850,#2851,#2852,#2853,
    #2854,#2855,#2856,#2857,#2858,#2859,#2860,#2861,#2862,#2863,#2864,
    #2865,#2866,#2867,#2868,#2869,#2870,#2871,#2872,#2873,#2874,#2875,
    #2876,#2877),.UNSPECIFIED.,.F.,.F.,(8,6,6,6,6,6,6,6,6,6,8),(0.,
    5.621603721948E-02,0.130580863077,0.218379777473,0.368334396431,
    0.496580086019,0.604553390322,0.732624830496,0.851597466709,
    0.927162064221,1.),.UNSPECIFIED.);
#2816 = CARTESIAN_POINT('',(0.,0.976992438266));
#2817 = CARTESIAN_POINT('',(5.201024991661E-02,0.970412251489));
#2818 = CARTESIAN_POINT('',(0.103107652096,0.962992582912));
#2819 = CARTESIAN_POINT('',(0.153322724934,0.954904965517));
#2820 = CARTESIAN_POINT('',(0.202673975148,0.946323630471));
#2821 = CARTESIAN_POINT('',(0.251169112531,0.937419039274));
#2822 = CARTESIAN_POINT('',(0.298806264709,0.928351415912));
#2823 = CARTESIAN_POINT('',(0.407443002181,0.907243450298));
#2824 = CARTESIAN_POINT('',(0.467884172264,0.895170643381));
#2825 = CARTESIAN_POINT('',(0.52706523821,0.883340530384));
#2826 = CARTESIAN_POINT('',(0.585131773851,0.87199642584));
#2827 = CARTESIAN_POINT('',(0.642219622537,0.861333758545));
#2828 = CARTESIAN_POINT('',(0.698460538366,0.851506320559));
#2829 = CARTESIAN_POINT('',(0.81953399197,0.832161705201));
#2830 = CARTESIAN_POINT('',(0.884100499787,0.823018473283));
#2831 = CARTESIAN_POINT('',(0.947892224555,0.815405885851));
#2832 = CARTESIAN_POINT('',(1.01109961619,0.809462128785));
#2833 = CARTESIAN_POINT('',(1.073905115574,0.805276293621));
#2834 = CARTESIAN_POINT('',(1.136490732482,0.80289627785));
#2835 = CARTESIAN_POINT('',(1.305873165571,0.801367107392));
#2836 = CARTESIAN_POINT('',(1.412438782866,0.805699146142));
#2837 = CARTESIAN_POINT('',(1.519773761818,0.815345886787));
#2838 = CARTESIAN_POINT('',(1.628768725759,0.830021624031));
#2839 = CARTESIAN_POINT('',(1.740384727276,0.849123806254));
#2840 = CARTESIAN_POINT('',(1.855594631553,0.871495983627));
#2841 = CARTESIAN_POINT('',(2.078441300927,0.915498025739));
#2842 = CARTESIAN_POINT('',(2.187404196042,0.937288524561));
#2843 = CARTESIAN_POINT('',(2.30113836338,0.95895816234));
#2844 = CARTESIAN_POINT('',(2.418829387155,0.978198481512));
#2845 = CARTESIAN_POINT('',(2.540042411503,0.99249277903));
#2846 = CARTESIAN_POINT('',(2.664582746216,1.));
#2847 = CARTESIAN_POINT('',(2.900246155334,1.));
#2848 = CARTESIAN_POINT('',(3.00795863932,0.994679081337));
#2849 = CARTESIAN_POINT('',(3.115658593553,0.984036438159));
#2850 = CARTESIAN_POINT('',(3.223360121767,0.968673548801));
#2851 = CARTESIAN_POINT('',(3.331079030196,0.949766211355));
#2852 = CARTESIAN_POINT('',(3.438811435017,0.928880367272));
#2853 = CARTESIAN_POINT('',(3.674253462335,0.88242783715));
#2854 = CARTESIAN_POINT('',(3.79613794967,0.857860435429));
#2855 = CARTESIAN_POINT('',(3.913719453058,0.836392992307));
#2856 = CARTESIAN_POINT('',(4.028147277529,0.819516607238));
#2857 = CARTESIAN_POINT('',(4.140499962425,0.808001705476));
#2858 = CARTESIAN_POINT('',(4.251827674955,0.802229141112));
#2859 = CARTESIAN_POINT('',(4.466897417843,0.802229141112));
#2860 = CARTESIAN_POINT('',(4.570351284309,0.807210552995));
#2861 = CARTESIAN_POINT('',(4.674625354077,0.817153974388));
#2862 = CARTESIAN_POINT('',(4.780540144272,0.831771010635));
#2863 = CARTESIAN_POINT('',(4.888976588372,0.850483340521));
#2864 = CARTESIAN_POINT('',(5.000833018544,0.872215849511));
#2865 = CARTESIAN_POINT('',(5.191281924828,0.909820812681));
#2866 = CARTESIAN_POINT('',(5.267564132836,0.925025909636));
#2867 = CARTESIAN_POINT('',(5.346058040273,0.940303897484));
#2868 = CARTESIAN_POINT('',(5.426749350745,0.954992894463));
#2869 = CARTESIAN_POINT('',(5.509681454833,0.96832899284));
#2870 = CARTESIAN_POINT('',(5.594961149551,0.979517382094));
#2871 = CARTESIAN_POINT('',(5.767453662444,0.995862213677));
#2872 = CARTESIAN_POINT('',(5.853965627743,1.001172588625));
#2873 = CARTESIAN_POINT('',(5.941345199597,1.003080598159));
#2874 = CARTESIAN_POINT('',(6.028784322498,1.001234805836));
#2875 = CARTESIAN_POINT('',(6.11551654658,0.995802282175));
#2876 = CARTESIAN_POINT('',(6.200681270546,0.987430610967));
#2877 = CARTESIAN_POINT('',(6.28318530718,0.976992438266));
#2878 = ( GEOMETRIC_REPRESENTATION_CONTEXT(2) 
PARAMETRIC_REPRESENTATION_CONTEXT() REPRESENTATION_CONTEXT('2D SPACE',''
  ) );
#2879 = PCURVE('',#2381,#2880);
#2880 = DEFINITIONAL_REPRESENTATION('',(#2881),#2944);
#2881 = B_SPLINE_CURVE_WITH_KNOTS('',7,(#2882,#2883,#2884,#2885,#2886,
    #2887,#2888,#2889,#2890,#2891,#2892,#2893,#2894,#2895,#2896,#2897,
    #2898,#2899,#2900,#2901,#2902,#2903,#2904,#2905,#2906,#2907,#2908,
    #2909,#2910,#2911,#2912,#2913,#2914,#2915,#2916,#2917,#2918,#2919,
    #2920,#2921,#2922,#2923,#2924,#2925,#2926,#2927,#2928,#2929,#2930,
    #2931,#2932,#2933,#2934,#2935,#2936,#2937,#2938,#2939,#2940,#2941,
    #2942,#2943),.UNSPECIFIED.,.T.,.F.,(8,6,6,6,6,6,6,6,6,6,8),(0.,
    5.621603721948E-02,0.130580863077,0.218379777473,0.368334396431,
    0.496580086019,0.604553390322,0.732624830496,0.851597466709,
    0.927162064221,1.),.UNSPECIFIED.);
#2882 = CARTESIAN_POINT('',(1.516993621062,9.349231551965));
#2883 = CARTESIAN_POINT('',(1.509297949441,9.304760169137));
#2884 = CARTESIAN_POINT('',(1.501903605595,9.253655649613));
#2885 = CARTESIAN_POINT('',(1.494829038813,9.1965556903));
#2886 = CARTESIAN_POINT('',(1.488089334391,9.134090433858));
#2887 = CARTESIAN_POINT('',(1.481696197514,9.066883317001));
#2888 = CARTESIAN_POINT('',(1.475657937141,8.995551918799));
#2889 = CARTESIAN_POINT('',(1.462467719508,8.821703345358));
#2890 = CARTESIAN_POINT('',(1.455574282932,8.716404012571));
#2891 = CARTESIAN_POINT('',(1.449289656066,8.605874360711));
#2892 = CARTESIAN_POINT('',(1.443601761641,8.491003533587));
#2893 = CARTESIAN_POINT('',(1.438497326945,8.372534129933));
#2894 = CARTESIAN_POINT('',(1.433963231252,8.251088553458));
#2895 = CARTESIAN_POINT('',(1.4252942092,7.980917434262));
#2896 = CARTESIAN_POINT('',(1.421378119807,7.831188911219));
#2897 = CARTESIAN_POINT('',(1.418220971847,7.678869878967));
#2898 = CARTESIAN_POINT('',(1.415807852552,7.524675507469));
#2899 = CARTESIAN_POINT('',(1.41412799252,7.369218919712));
#2900 = CARTESIAN_POINT('',(1.413175370902,7.213054243261));
#2901 = CARTESIAN_POINT('',(1.41256354524,6.789707154186));
#2902 = CARTESIAN_POINT('',(1.414297920222,6.522605666055));
#2903 = CARTESIAN_POINT('',(1.418138091414,6.257814676547));
#2904 = CARTESIAN_POINT('',(1.424126863316,5.997943477258));
#2905 = CARTESIAN_POINT('',(1.432348355805,5.746305288468));
#2906 = CARTESIAN_POINT('',(1.442911700917,5.50753801805));
#2907 = CARTESIAN_POINT('',(1.467056521672,5.101417441302));
#2908 = CARTESIAN_POINT('',(1.480266155154,4.923911131075));
#2909 = CARTESIAN_POINT('',(1.49550653177,4.766612515837));
#2910 = CARTESIAN_POINT('',(1.512563555694,4.638664235734));
#2911 = CARTESIAN_POINT('',(1.531097492671,4.547744428257));
#2912 = CARTESIAN_POINT('',(1.550679336704,4.5));
#2913 = CARTESIAN_POINT('',(1.587733331849,4.5));
#2914 = CARTESIAN_POINT('',(1.604669347569,4.533843709536));
#2915 = CARTESIAN_POINT('',(1.621289919573,4.60152188071));
#2916 = CARTESIAN_POINT('',(1.637285605185,4.702056544789));
#2917 = CARTESIAN_POINT('',(1.652356457416,4.833558584023));
#2918 = CARTESIAN_POINT('',(1.666222248151,4.99326822184));
#2919 = CARTESIAN_POINT('',(1.693365759368,5.396196117877));
#2920 = CARTESIAN_POINT('',(1.70538371404,5.639480240866));
#2921 = CARTESIAN_POINT('',(1.714807139461,5.898547026102));
#2922 = CARTESIAN_POINT('',(1.721769493596,6.167723104756));
#2923 = CARTESIAN_POINT('',(1.726375104289,6.442941262321));
#2924 = CARTESIAN_POINT('',(1.728684200811,6.721261362423));
#2925 = CARTESIAN_POINT('',(1.728684200811,7.258935719642));
#2926 = CARTESIAN_POINT('',(1.726691616809,7.517571058891));
#2927 = CARTESIAN_POINT('',(1.722714347833,7.773716127336));
#2928 = CARTESIAN_POINT('',(1.716710175381,8.024945345483));
#2929 = CARTESIAN_POINT('',(1.708600686924,8.268172128358));
#2930 = CARTESIAN_POINT('',(1.698285947534,8.499106045134));
#2931 = CARTESIAN_POINT('',(1.677651334874,8.846184239653));
#2932 = CARTESIAN_POINT('',(1.668658384431,8.974275415984));
#2933 = CARTESIAN_POINT('',(1.658689699996,9.093042932975));
#2934 = CARTESIAN_POINT('',(1.647770359411,9.199855621272));
#2935 = CARTESIAN_POINT('',(1.635948144483,9.292038421979));
#2936 = CARTESIAN_POINT('',(1.623294745252,9.366851264439));
#2937 = CARTESIAN_POINT('',(1.597005245877,9.47409412336));
#2938 = CARTESIAN_POINT('',(1.583500292097,9.507632146689));
#2939 = CARTESIAN_POINT('',(1.569666905939,9.519250459669));
#2940 = CARTESIAN_POINT('',(1.55580542932,9.507835866548));
#2941 = CARTESIAN_POINT('',(1.542221029998,9.473941353091));
#2942 = CARTESIAN_POINT('',(1.529201291172,9.41977665805));
#2943 = CARTESIAN_POINT('',(1.516993621062,9.349231551965));
#2944 = ( GEOMETRIC_REPRESENTATION_CONTEXT(2) 
PARAMETRIC_REPRESENTATION_CONTEXT() REPRESENTATION_CONTEXT('2D SPACE',''
  ) );
#2945 = ORIENTED_EDGE('',*,*,#2725,.T.);
#2946 = ADVANCED_FACE('',(#2947),#2321,.F.);
#2947 = FACE_BOUND('',#2948,.F.);
#2948 = EDGE_LOOP('',(#2949,#2950,#2971,#2972));
#2949 = ORIENTED_EDGE('',*,*,#2307,.F.);
#2950 = ORIENTED_EDGE('',*,*,#2951,.T.);
#2951 = EDGE_CURVE('',#2280,#2627,#2952,.T.);
#2952 = SURFACE_CURVE('',#2953,(#2957,#2964),.PCURVE_S1.);
#2953 = LINE('',#2954,#2955);
#2954 = CARTESIAN_POINT('',(261.73392339911,-7.,500.07385498694));
#2955 = VECTOR('',#2956,1.);
#2956 = DIRECTION('',(-0.342020143326,0.,0.939692620786));
#2957 = PCURVE('',#2321,#2958);
#2958 = DEFINITIONAL_REPRESENTATION('',(#2959),#2963);
#2959 = LINE('',#2960,#2961);
#2960 = CARTESIAN_POINT('',(0.,0.));
#2961 = VECTOR('',#2962,1.);
#2962 = DIRECTION('',(1.,0.));
#2963 = ( GEOMETRIC_REPRESENTATION_CONTEXT(2) 
PARAMETRIC_REPRESENTATION_CONTEXT() REPRESENTATION_CONTEXT('2D SPACE',''
  ) );
#2964 = PCURVE('',#2295,#2965);
#2965 = DEFINITIONAL_REPRESENTATION('',(#2966),#2970);
#2966 = LINE('',#2967,#2968);
#2967 = CARTESIAN_POINT('',(0.,0.));
#2968 = VECTOR('',#2969,1.);
#2969 = DIRECTION('',(1.,0.));
#2970 = ( GEOMETRIC_REPRESENTATION_CONTEXT(2) 
PARAMETRIC_REPRESENTATION_CONTEXT() REPRESENTATION_CONTEXT('2D SPACE',''
  ) );
#2971 = ORIENTED_EDGE('',*,*,#2649,.T.);
#2972 = ORIENTED_EDGE('',*,*,#2419,.F.);
#2973 = ADVANCED_FACE('',(#2974),#2295,.F.);
#2974 = FACE_BOUND('',#2975,.F.);
#2975 = EDGE_LOOP('',(#2976,#2977,#2978,#2979));
#2976 = ORIENTED_EDGE('',*,*,#2626,.F.);
#2977 = ORIENTED_EDGE('',*,*,#2951,.F.);
#2978 = ORIENTED_EDGE('',*,*,#2279,.T.);
#2979 = ORIENTED_EDGE('',*,*,#2980,.T.);
#2980 = EDGE_CURVE('',#2254,#2606,#2981,.T.);
#2981 = SURFACE_CURVE('',#2982,(#2986,#2992),.PCURVE_S1.);
#2982 = LINE('',#2983,#2984);
#2983 = CARTESIAN_POINT('',(261.90493347077,-1.,499.60400867654));
#2984 = VECTOR('',#2985,1.);
#2985 = DIRECTION('',(-0.342020143326,0.,0.939692620786));
#2986 = PCURVE('',#2295,#2987);
#2987 = DEFINITIONAL_REPRESENTATION('',(#2988),#2991);
#2988 = B_SPLINE_CURVE_WITH_KNOTS('',1,(#2989,#2990),.UNSPECIFIED.,.F.,
  .F.,(2,2),(0.5,14.5),.PIECEWISE_BEZIER_KNOTS.);
#2989 = CARTESIAN_POINT('',(0.,-6.));
#2990 = CARTESIAN_POINT('',(14.,-6.));
#2991 = ( GEOMETRIC_REPRESENTATION_CONTEXT(2) 
PARAMETRIC_REPRESENTATION_CONTEXT() REPRESENTATION_CONTEXT('2D SPACE',''
  ) );
#2992 = PCURVE('',#2268,#2993);
#2993 = DEFINITIONAL_REPRESENTATION('',(#2994),#2997);
#2994 = B_SPLINE_CURVE_WITH_KNOTS('',1,(#2995,#2996),.UNSPECIFIED.,.F.,
  .F.,(2,2),(0.5,14.5),.PIECEWISE_BEZIER_KNOTS.);
#2995 = CARTESIAN_POINT('',(1.,1.));
#2996 = CARTESIAN_POINT('',(15.,1.));
#2997 = ( GEOMETRIC_REPRESENTATION_CONTEXT(2) 
PARAMETRIC_REPRESENTATION_CONTEXT() REPRESENTATION_CONTEXT('2D SPACE',''
  ) );
#2998 = ADVANCED_FACE('',(#2999),#2268,.T.);
#2999 = FACE_BOUND('',#3000,.T.);
#3000 = EDGE_LOOP('',(#3001,#3022,#3023,#3024));
#3001 = ORIENTED_EDGE('',*,*,#3002,.F.);
#3002 = EDGE_CURVE('',#2228,#2585,#3003,.T.);
#3003 = SURFACE_CURVE('',#3004,(#3008,#3015),.PCURVE_S1.);
#3004 = LINE('',#3005,#3006);
#3005 = CARTESIAN_POINT('',(274.29194761265,-1.,503.58042422938));
#3006 = VECTOR('',#3007,1.);
#3007 = DIRECTION('',(-0.342020143326,0.,0.939692620786));
#3008 = PCURVE('',#2268,#3009);
#3009 = DEFINITIONAL_REPRESENTATION('',(#3010),#3014);
#3010 = LINE('',#3011,#3012);
#3011 = CARTESIAN_POINT('',(0.,14.));
#3012 = VECTOR('',#3013,1.);
#3013 = DIRECTION('',(1.,0.));
#3014 = ( GEOMETRIC_REPRESENTATION_CONTEXT(2) 
PARAMETRIC_REPRESENTATION_CONTEXT() REPRESENTATION_CONTEXT('2D SPACE',''
  ) );
#3015 = PCURVE('',#2242,#3016);
#3016 = DEFINITIONAL_REPRESENTATION('',(#3017),#3021);
#3017 = LINE('',#3018,#3019);
#3018 = CARTESIAN_POINT('',(0.,0.));
#3019 = VECTOR('',#3020,1.);
#3020 = DIRECTION('',(1.,0.));
#3021 = ( GEOMETRIC_REPRESENTATION_CONTEXT(2) 
PARAMETRIC_REPRESENTATION_CONTEXT() REPRESENTATION_CONTEXT('2D SPACE',''
  ) );
#3022 = ORIENTED_EDGE('',*,*,#2253,.T.);
#3023 = ORIENTED_EDGE('',*,*,#2980,.T.);
#3024 = ORIENTED_EDGE('',*,*,#2605,.F.);
#3025 = ADVANCED_FACE('',(#3026),#2242,.F.);
#3026 = FACE_BOUND('',#3027,.F.);
#3027 = EDGE_LOOP('',(#3028,#3029,#3030,#3049));
#3028 = ORIENTED_EDGE('',*,*,#3002,.F.);
#3029 = ORIENTED_EDGE('',*,*,#2227,.T.);
#3030 = ORIENTED_EDGE('',*,*,#3031,.T.);
#3031 = EDGE_CURVE('',#2202,#2564,#3032,.T.);
#3032 = SURFACE_CURVE('',#3033,(#3037,#3043),.PCURVE_S1.);
#3033 = LINE('',#3034,#3035);
#3034 = CARTESIAN_POINT('',(273.94992746932,0.,504.52011685017));
#3035 = VECTOR('',#3036,1.);
#3036 = DIRECTION('',(-0.342020143326,0.,0.939692620786));
#3037 = PCURVE('',#2242,#3038);
#3038 = DEFINITIONAL_REPRESENTATION('',(#3039),#3042);
#3039 = B_SPLINE_CURVE_WITH_KNOTS('',1,(#3040,#3041),.UNSPECIFIED.,.F.,
  .F.,(2,2),(-6.0000000637E-07,14.0000006),.PIECEWISE_BEZIER_KNOTS.);
#3040 = CARTESIAN_POINT('',(0.9999994,-1.));
#3041 = CARTESIAN_POINT('',(15.0000006,-1.));
#3042 = ( GEOMETRIC_REPRESENTATION_CONTEXT(2) 
PARAMETRIC_REPRESENTATION_CONTEXT() REPRESENTATION_CONTEXT('2D SPACE',''
  ) );
#3043 = PCURVE('',#2216,#3044);
#3044 = DEFINITIONAL_REPRESENTATION('',(#3045),#3048);
#3045 = B_SPLINE_CURVE_WITH_KNOTS('',1,(#3046,#3047),.UNSPECIFIED.,.F.,
  .F.,(2,2),(-6.0000000637E-07,14.0000006),.PIECEWISE_BEZIER_KNOTS.);
#3046 = CARTESIAN_POINT('',(0.9999994,-1.));
#3047 = CARTESIAN_POINT('',(15.0000006,-1.));
#3048 = ( GEOMETRIC_REPRESENTATION_CONTEXT(2) 
PARAMETRIC_REPRESENTATION_CONTEXT() REPRESENTATION_CONTEXT('2D SPACE',''
  ) );
#3049 = ORIENTED_EDGE('',*,*,#2584,.F.);
#3050 = ADVANCED_FACE('',(#3051),#2216,.F.);
#3051 = FACE_BOUND('',#3052,.F.);
#3052 = EDGE_LOOP('',(#3053,#3054,#3055,#3076));
#3053 = ORIENTED_EDGE('',*,*,#3031,.F.);
#3054 = ORIENTED_EDGE('',*,*,#2201,.T.);
#3055 = ORIENTED_EDGE('',*,*,#3056,.T.);
#3056 = EDGE_CURVE('',#2176,#2543,#3057,.T.);
#3057 = SURFACE_CURVE('',#3058,(#3062,#3069),.PCURVE_S1.);
#3058 = LINE('',#3059,#3060);
#3059 = CARTESIAN_POINT('',(274.29194761265,1.,503.58042422938));
#3060 = VECTOR('',#3061,1.);
#3061 = DIRECTION('',(-0.342020143326,0.,0.939692620786));
#3062 = PCURVE('',#2216,#3063);
#3063 = DEFINITIONAL_REPRESENTATION('',(#3064),#3068);
#3064 = LINE('',#3065,#3066);
#3065 = CARTESIAN_POINT('',(0.,-2.));
#3066 = VECTOR('',#3067,1.);
#3067 = DIRECTION('',(1.,0.));
#3068 = ( GEOMETRIC_REPRESENTATION_CONTEXT(2) 
PARAMETRIC_REPRESENTATION_CONTEXT() REPRESENTATION_CONTEXT('2D SPACE',''
  ) );
#3069 = PCURVE('',#2190,#3070);
#3070 = DEFINITIONAL_REPRESENTATION('',(#3071),#3075);
#3071 = LINE('',#3072,#3073);
#3072 = CARTESIAN_POINT('',(0.,14.));
#3073 = VECTOR('',#3074,1.);
#3074 = DIRECTION('',(1.,0.));
#3075 = ( GEOMETRIC_REPRESENTATION_CONTEXT(2) 
PARAMETRIC_REPRESENTATION_CONTEXT() REPRESENTATION_CONTEXT('2D SPACE',''
  ) );
#3076 = ORIENTED_EDGE('',*,*,#2563,.F.);
#3077 = ADVANCED_FACE('',(#3078),#2190,.F.);
#3078 = FACE_BOUND('',#3079,.F.);
#3079 = EDGE_LOOP('',(#3080,#3081,#3082,#3101));
#3080 = ORIENTED_EDGE('',*,*,#3056,.F.);
#3081 = ORIENTED_EDGE('',*,*,#2175,.T.);
#3082 = ORIENTED_EDGE('',*,*,#3083,.T.);
#3083 = EDGE_CURVE('',#2148,#2520,#3084,.T.);
#3084 = SURFACE_CURVE('',#3085,(#3089,#3095),.PCURVE_S1.);
#3085 = LINE('',#3086,#3087);
#3086 = CARTESIAN_POINT('',(261.90493347077,1.,499.60400867654));
#3087 = VECTOR('',#3088,1.);
#3088 = DIRECTION('',(-0.342020143326,0.,0.939692620786));
#3089 = PCURVE('',#2190,#3090);
#3090 = DEFINITIONAL_REPRESENTATION('',(#3091),#3094);
#3091 = B_SPLINE_CURVE_WITH_KNOTS('',1,(#3092,#3093),.UNSPECIFIED.,.F.,
  .F.,(2,2),(0.5,14.5),.PIECEWISE_BEZIER_KNOTS.);
#3092 = CARTESIAN_POINT('',(1.,1.));
#3093 = CARTESIAN_POINT('',(15.,1.));
#3094 = ( GEOMETRIC_REPRESENTATION_CONTEXT(2) 
PARAMETRIC_REPRESENTATION_CONTEXT() REPRESENTATION_CONTEXT('2D SPACE',''
  ) );
#3095 = PCURVE('',#2163,#3096);
#3096 = DEFINITIONAL_REPRESENTATION('',(#3097),#3100);
#3097 = B_SPLINE_CURVE_WITH_KNOTS('',1,(#3098,#3099),.UNSPECIFIED.,.F.,
  .F.,(2,2),(0.5,14.5),.PIECEWISE_BEZIER_KNOTS.);
#3098 = CARTESIAN_POINT('',(0.,-8.));
#3099 = CARTESIAN_POINT('',(14.,-8.));
#3100 = ( GEOMETRIC_REPRESENTATION_CONTEXT(2) 
PARAMETRIC_REPRESENTATION_CONTEXT() REPRESENTATION_CONTEXT('2D SPACE',''
  ) );
#3101 = ORIENTED_EDGE('',*,*,#2542,.F.);
#3102 = ADVANCED_FACE('',(#3103),#2163,.F.);
#3103 = FACE_BOUND('',#3104,.F.);
#3104 = EDGE_LOOP('',(#3105,#3106,#3107,#3108));
#3105 = ORIENTED_EDGE('',*,*,#2519,.F.);
#3106 = ORIENTED_EDGE('',*,*,#3083,.F.);
#3107 = ORIENTED_EDGE('',*,*,#2147,.T.);
#3108 = ORIENTED_EDGE('',*,*,#3109,.T.);
#3109 = EDGE_CURVE('',#2120,#2497,#3110,.T.);
#3110 = SURFACE_CURVE('',#3111,(#3115,#3122),.PCURVE_S1.);
#3111 = LINE('',#3112,#3113);
#3112 = CARTESIAN_POINT('',(261.73392339911,7.,500.07385498694));
#3113 = VECTOR('',#3114,1.);
#3114 = DIRECTION('',(-0.342020143326,0.,0.939692620786));
#3115 = PCURVE('',#2163,#3116);
#3116 = DEFINITIONAL_REPRESENTATION('',(#3117),#3121);
#3117 = LINE('',#3118,#3119);
#3118 = CARTESIAN_POINT('',(0.,-14.));
#3119 = VECTOR('',#3120,1.);
#3120 = DIRECTION('',(1.,0.));
#3121 = ( GEOMETRIC_REPRESENTATION_CONTEXT(2) 
PARAMETRIC_REPRESENTATION_CONTEXT() REPRESENTATION_CONTEXT('2D SPACE',''
  ) );
#3122 = PCURVE('',#2135,#3123);
#3123 = DEFINITIONAL_REPRESENTATION('',(#3124),#3128);
#3124 = LINE('',#3125,#3126);
#3125 = CARTESIAN_POINT('',(0.,0.));
#3126 = VECTOR('',#3127,1.);
#3127 = DIRECTION('',(1.,0.));
#3128 = ( GEOMETRIC_REPRESENTATION_CONTEXT(2) 
PARAMETRIC_REPRESENTATION_CONTEXT() REPRESENTATION_CONTEXT('2D SPACE',''
  ) );
#3129 = ADVANCED_FACE('',(#3130),#2135,.T.);
#3130 = FACE_BOUND('',#3131,.T.);
#3131 = EDGE_LOOP('',(#3132,#3133,#3134,#3135));
#3132 = ORIENTED_EDGE('',*,*,#2119,.F.);
#3133 = ORIENTED_EDGE('',*,*,#3109,.T.);
#3134 = ORIENTED_EDGE('',*,*,#2496,.T.);
#3135 = ORIENTED_EDGE('',*,*,#2470,.F.);
#3136 = ADVANCED_FACE('',(#3137),#2354,.F.);
#3137 = FACE_BOUND('',#3138,.F.);
#3138 = EDGE_LOOP('',(#3139,#3160,#3161,#3162));
#3139 = ORIENTED_EDGE('',*,*,#3140,.T.);
#3140 = EDGE_CURVE('',#2338,#2676,#3141,.T.);
#3141 = SURFACE_CURVE('',#3142,(#3146,#3153),.PCURVE_S1.);
#3142 = LINE('',#3143,#3144);
#3143 = CARTESIAN_POINT('',(303.83215281032,-3.894376821289E-15,
    515.39635740793));
#3144 = VECTOR('',#3145,1.);
#3145 = DIRECTION('',(-0.342020143326,0.,0.939692620786));
#3146 = PCURVE('',#2354,#3147);
#3147 = DEFINITIONAL_REPRESENTATION('',(#3148),#3152);
#3148 = LINE('',#3149,#3150);
#3149 = CARTESIAN_POINT('',(6.28318530718,-0.));
#3150 = VECTOR('',#3151,1.);
#3151 = DIRECTION('',(0.,1.));
#3152 = ( GEOMETRIC_REPRESENTATION_CONTEXT(2) 
PARAMETRIC_REPRESENTATION_CONTEXT() REPRESENTATION_CONTEXT('2D SPACE',''
  ) );
#3153 = PCURVE('',#2381,#3154);
#3154 = DEFINITIONAL_REPRESENTATION('',(#3155),#3159);
#3155 = LINE('',#3156,#3157);
#3156 = CARTESIAN_POINT('',(0.,-0.));
#3157 = VECTOR('',#3158,1.);
#3158 = DIRECTION('',(0.,1.));
#3159 = ( GEOMETRIC_REPRESENTATION_CONTEXT(2) 
PARAMETRIC_REPRESENTATION_CONTEXT() REPRESENTATION_CONTEXT('2D SPACE',''
  ) );
#3160 = ORIENTED_EDGE('',*,*,#2673,.F.);
#3161 = ORIENTED_EDGE('',*,*,#3031,.F.);
#3162 = ORIENTED_EDGE('',*,*,#2335,.T.);
#3163 = ADVANCED_FACE('',(#3164,#3170),#2381,.F.);
#3164 = FACE_BOUND('',#3165,.F.);
#3165 = EDGE_LOOP('',(#3166,#3167,#3168,#3169));
#3166 = ORIENTED_EDGE('',*,*,#2699,.F.);
#3167 = ORIENTED_EDGE('',*,*,#3140,.F.);
#3168 = ORIENTED_EDGE('',*,*,#2366,.T.);
#3169 = ORIENTED_EDGE('',*,*,#3031,.T.);
#3170 = FACE_BOUND('',#3171,.F.);
#3171 = EDGE_LOOP('',(#3172));
#3172 = ORIENTED_EDGE('',*,*,#2748,.F.);
#3173 = ( GEOMETRIC_REPRESENTATION_CONTEXT(3) 
GLOBAL_UNCERTAINTY_ASSIGNED_CONTEXT((#3177)) 
GLOBAL_UNIT_ASSIGNED_CONTEXT((#3174,#3175,#3176)) REPRESENTATION_CONTEXT
('Context #1','3D Context with UNIT and UNCERTAINTY') );
#3174 = ( LENGTH_UNIT() NAMED_UNIT(*) SI_UNIT(.MILLI.,.METRE.) );
#3175 = ( NAMED_UNIT(*) PLANE_ANGLE_UNIT() SI_UNIT($,.RADIAN.) );
#3176 = ( NAMED_UNIT(*) SI_UNIT($,.STERADIAN.) SOLID_ANGLE_UNIT() );
#3177 = UNCERTAINTY_MEASURE_WITH_UNIT(LENGTH_MEASURE(1.E-07),#3174,
  'distance_accuracy_value','confusion accuracy');
#3178 = CONTEXT_DEPENDENT_SHAPE_REPRESENTATION(#3179,#3181);
#3179 = ( REPRESENTATION_RELATIONSHIP('','',#1736,#10) 
REPRESENTATION_RELATIONSHIP_WITH_TRANSFORMATION(#3180) 
SHAPE_REPRESENTATION_RELATIONSHIP() );
#3180 = ITEM_DEFINED_TRANSFORMATION('','',#11,#23);
#3181 = PRODUCT_DEFINITION_SHAPE('Placement','Placement of an item',
  #3182);
#3182 = NEXT_ASSEMBLY_USAGE_OCCURRENCE('380','=>[0:1:1:4]','',#5,#1731,$
  );
#3183 = PRODUCT_RELATED_PRODUCT_CATEGORY('part',$,(#1733));
#3184 = SHAPE_DEFINITION_REPRESENTATION(#3185,#3191);
#3185 = PRODUCT_DEFINITION_SHAPE('','',#3186);
#3186 = PRODUCT_DEFINITION('design','',#3187,#3190);
#3187 = PRODUCT_DEFINITION_FORMATION('','',#3188);
#3188 = PRODUCT('COMPOUND','COMPOUND','',(#3189));
#3189 = PRODUCT_CONTEXT('',#2,'mechanical');
#3190 = PRODUCT_DEFINITION_CONTEXT('part definition',#2,'design');
#3191 = SHAPE_REPRESENTATION('',(#11,#3192,#3196),#3200);
#3192 = AXIS2_PLACEMENT_3D('',#3193,#3194,#3195);
#3193 = CARTESIAN_POINT('',(0.,0.,0.));
#3194 = DIRECTION('',(0.,0.,1.));
#3195 = DIRECTION('',(1.,0.,-0.));
#3196 = AXIS2_PLACEMENT_3D('',#3197,#3198,#3199);
#3197 = CARTESIAN_POINT('',(0.,0.,0.));
#3198 = DIRECTION('',(0.,0.,1.));
#3199 = DIRECTION('',(1.,0.,-0.));
#3200 = ( GEOMETRIC_REPRESENTATION_CONTEXT(3) 
GLOBAL_UNCERTAINTY_ASSIGNED_CONTEXT((#3204)) 
GLOBAL_UNIT_ASSIGNED_CONTEXT((#3201,#3202,#3203)) REPRESENTATION_CONTEXT
('Context #1','3D Context with UNIT and UNCERTAINTY') );
#3201 = ( LENGTH_UNIT() NAMED_UNIT(*) SI_UNIT(.MILLI.,.METRE.) );
#3202 = ( NAMED_UNIT(*) PLANE_ANGLE_UNIT() SI_UNIT($,.RADIAN.) );
#3203 = ( NAMED_UNIT(*) SI_UNIT($,.STERADIAN.) SOLID_ANGLE_UNIT() );
#3204 = UNCERTAINTY_MEASURE_WITH_UNIT(LENGTH_MEASURE(1.E-07),#3201,
  'distance_accuracy_value','confusion accuracy');
#3205 = CONTEXT_DEPENDENT_SHAPE_REPRESENTATION(#3206,#3208);
#3206 = ( REPRESENTATION_RELATIONSHIP('','',#3191,#10) 
REPRESENTATION_RELATIONSHIP_WITH_TRANSFORMATION(#3207) 
SHAPE_REPRESENTATION_RELATIONSHIP() );
#3207 = ITEM_DEFINED_TRANSFORMATION('','',#11,#27);
#3208 = PRODUCT_DEFINITION_SHAPE('Placement','Placement of an item',
  #3209);
#3209 = NEXT_ASSEMBLY_USAGE_OCCURRENCE('383','=>[0:1:1:5]','',#5,#3186,$
  );
#3210 = PRODUCT_RELATED_PRODUCT_CATEGORY('part',$,(#3188));
#3211 = SHAPE_DEFINITION_REPRESENTATION(#3212,#3218);
#3212 = PRODUCT_DEFINITION_SHAPE('','',#3213);
#3213 = PRODUCT_DEFINITION('design','',#3214,#3217);
#3214 = PRODUCT_DEFINITION_FORMATION('','',#3215);
#3215 = PRODUCT('SOLID','SOLID','',(#3216));
#3216 = PRODUCT_CONTEXT('',#2,'mechanical');
#3217 = PRODUCT_DEFINITION_CONTEXT('part definition',#2,'design');
#3218 = ADVANCED_BREP_SHAPE_REPRESENTATION('',(#11,#3219),#3317);
#3219 = MANIFOLD_SOLID_BREP('',#3220);
#3220 = CLOSED_SHELL('',(#3221,#3309,#3313));
#3221 = ADVANCED_FACE('',(#3222),#3235,.T.);
#3222 = FACE_BOUND('',#3223,.T.);
#3223 = EDGE_LOOP('',(#3224,#3258,#3281,#3308));
#3224 = ORIENTED_EDGE('',*,*,#3225,.F.);
#3225 = EDGE_CURVE('',#3226,#3226,#3228,.T.);
#3226 = VERTEX_POINT('',#3227);
#3227 = CARTESIAN_POINT('',(264.03824549976,12.,512.36180404907));
#3228 = SURFACE_CURVE('',#3229,(#3234,#3246),.PCURVE_S1.);
#3229 = CIRCLE('',#3230,4.);
#3230 = AXIS2_PLACEMENT_3D('',#3231,#3232,#3233);
#3231 = CARTESIAN_POINT('',(264.03824549976,12.,508.36180404907));
#3232 = DIRECTION('',(0.,1.,0.));
#3233 = DIRECTION('',(0.,-0.,1.));
#3234 = PCURVE('',#3235,#3240);
#3235 = CYLINDRICAL_SURFACE('',#3236,4.);
#3236 = AXIS2_PLACEMENT_3D('',#3237,#3238,#3239);
#3237 = CARTESIAN_POINT('',(264.03824549976,-12.,508.36180404907));
#3238 = DIRECTION('',(0.,1.,0.));
#3239 = DIRECTION('',(0.,-0.,1.));
#3240 = DEFINITIONAL_REPRESENTATION('',(#3241),#3245);
#3241 = LINE('',#3242,#3243);
#3242 = CARTESIAN_POINT('',(0.,24.));
#3243 = VECTOR('',#3244,1.);
#3244 = DIRECTION('',(1.,0.));
#3245 = ( GEOMETRIC_REPRESENTATION_CONTEXT(2) 
PARAMETRIC_REPRESENTATION_CONTEXT() REPRESENTATION_CONTEXT('2D SPACE',''
  ) );
#3246 = PCURVE('',#3247,#3252);
#3247 = PLANE('',#3248);
#3248 = AXIS2_PLACEMENT_3D('',#3249,#3250,#3251);
#3249 = CARTESIAN_POINT('',(264.03824549976,12.,508.36180404907));
#3250 = DIRECTION('',(0.,1.,0.));
#3251 = DIRECTION('',(0.,-0.,1.));
#3252 = DEFINITIONAL_REPRESENTATION('',(#3253),#3257);
#3253 = CIRCLE('',#3254,4.);
#3254 = AXIS2_PLACEMENT_2D('',#3255,#3256);
#3255 = CARTESIAN_POINT('',(0.,0.));
#3256 = DIRECTION('',(1.,0.));
#3257 = ( GEOMETRIC_REPRESENTATION_CONTEXT(2) 
PARAMETRIC_REPRESENTATION_CONTEXT() REPRESENTATION_CONTEXT('2D SPACE',''
  ) );
#3258 = ORIENTED_EDGE('',*,*,#3259,.F.);
#3259 = EDGE_CURVE('',#3260,#3226,#3262,.T.);
#3260 = VERTEX_POINT('',#3261);
#3261 = CARTESIAN_POINT('',(264.03824549976,-12.,512.36180404907));
#3262 = SEAM_CURVE('',#3263,(#3267,#3274),.PCURVE_S1.);
#3263 = LINE('',#3264,#3265);
#3264 = CARTESIAN_POINT('',(264.03824549976,-12.,512.36180404907));
#3265 = VECTOR('',#3266,1.);
#3266 = DIRECTION('',(0.,1.,0.));
#3267 = PCURVE('',#3235,#3268);
#3268 = DEFINITIONAL_REPRESENTATION('',(#3269),#3273);
#3269 = LINE('',#3270,#3271);
#3270 = CARTESIAN_POINT('',(6.28318530718,-0.));
#3271 = VECTOR('',#3272,1.);
#3272 = DIRECTION('',(0.,1.));
#3273 = ( GEOMETRIC_REPRESENTATION_CONTEXT(2) 
PARAMETRIC_REPRESENTATION_CONTEXT() REPRESENTATION_CONTEXT('2D SPACE',''
  ) );
#3274 = PCURVE('',#3235,#3275);
#3275 = DEFINITIONAL_REPRESENTATION('',(#3276),#3280);
#3276 = LINE('',#3277,#3278);
#3277 = CARTESIAN_POINT('',(0.,-0.));
#3278 = VECTOR('',#3279,1.);
#3279 = DIRECTION('',(0.,1.));
#3280 = ( GEOMETRIC_REPRESENTATION_CONTEXT(2) 
PARAMETRIC_REPRESENTATION_CONTEXT() REPRESENTATION_CONTEXT('2D SPACE',''
  ) );
#3281 = ORIENTED_EDGE('',*,*,#3282,.T.);
#3282 = EDGE_CURVE('',#3260,#3260,#3283,.T.);
#3283 = SURFACE_CURVE('',#3284,(#3289,#3296),.PCURVE_S1.);
#3284 = CIRCLE('',#3285,4.);
#3285 = AXIS2_PLACEMENT_3D('',#3286,#3287,#3288);
#3286 = CARTESIAN_POINT('',(264.03824549976,-12.,508.36180404907));
#3287 = DIRECTION('',(0.,1.,0.));
#3288 = DIRECTION('',(0.,-0.,1.));
#3289 = PCURVE('',#3235,#3290);
#3290 = DEFINITIONAL_REPRESENTATION('',(#3291),#3295);
#3291 = LINE('',#3292,#3293);
#3292 = CARTESIAN_POINT('',(0.,0.));
#3293 = VECTOR('',#3294,1.);
#3294 = DIRECTION('',(1.,0.));
#3295 = ( GEOMETRIC_REPRESENTATION_CONTEXT(2) 
PARAMETRIC_REPRESENTATION_CONTEXT() REPRESENTATION_CONTEXT('2D SPACE',''
  ) );
#3296 = PCURVE('',#3297,#3302);
#3297 = PLANE('',#3298);
#3298 = AXIS2_PLACEMENT_3D('',#3299,#3300,#3301);
#3299 = CARTESIAN_POINT('',(264.03824549976,-12.,508.36180404907));
#3300 = DIRECTION('',(0.,1.,0.));
#3301 = DIRECTION('',(0.,-0.,1.));
#3302 = DEFINITIONAL_REPRESENTATION('',(#3303),#3307);
#3303 = CIRCLE('',#3304,4.);
#3304 = AXIS2_PLACEMENT_2D('',#3305,#3306);
#3305 = CARTESIAN_POINT('',(0.,0.));
#3306 = DIRECTION('',(1.,0.));
#3307 = ( GEOMETRIC_REPRESENTATION_CONTEXT(2) 
PARAMETRIC_REPRESENTATION_CONTEXT() REPRESENTATION_CONTEXT('2D SPACE',''
  ) );
#3308 = ORIENTED_EDGE('',*,*,#3259,.T.);
#3309 = ADVANCED_FACE('',(#3310),#3247,.T.);
#3310 = FACE_BOUND('',#3311,.T.);
#3311 = EDGE_LOOP('',(#3312));
#3312 = ORIENTED_EDGE('',*,*,#3225,.T.);
#3313 = ADVANCED_FACE('',(#3314),#3297,.F.);
#3314 = FACE_BOUND('',#3315,.T.);
#3315 = EDGE_LOOP('',(#3316));
#3316 = ORIENTED_EDGE('',*,*,#3282,.F.);
#3317 = ( GEOMETRIC_REPRESENTATION_CONTEXT(3) 
GLOBAL_UNCERTAINTY_ASSIGNED_CONTEXT((#3321)) 
GLOBAL_UNIT_ASSIGNED_CONTEXT((#3318,#3319,#3320)) REPRESENTATION_CONTEXT
('Context #1','3D Context with UNIT and UNCERTAINTY') );
#3318 = ( LENGTH_UNIT() NAMED_UNIT(*) SI_UNIT(.MILLI.,.METRE.) );
#3319 = ( NAMED_UNIT(*) PLANE_ANGLE_UNIT() SI_UNIT($,.RADIAN.) );
#3320 = ( NAMED_UNIT(*) SI_UNIT($,.STERADIAN.) SOLID_ANGLE_UNIT() );
#3321 = UNCERTAINTY_MEASURE_WITH_UNIT(LENGTH_MEASURE(1.E-07),#3318,
  'distance_accuracy_value','confusion accuracy');
#3322 = CONTEXT_DEPENDENT_SHAPE_REPRESENTATION(#3323,#3325);
#3323 = ( REPRESENTATION_RELATIONSHIP('','',#3218,#3191) 
REPRESENTATION_RELATIONSHIP_WITH_TRANSFORMATION(#3324) 
SHAPE_REPRESENTATION_RELATIONSHIP() );
#3324 = ITEM_DEFINED_TRANSFORMATION('','',#11,#3192);
#3325 = PRODUCT_DEFINITION_SHAPE('Placement','Placement of an item',
  #3326);
#3326 = NEXT_ASSEMBLY_USAGE_OCCURRENCE('381','=>[0:1:1:6]','',#3186,
  #3213,$);
#3327 = PRODUCT_RELATED_PRODUCT_CATEGORY('part',$,(#3215));
#3328 = SHAPE_DEFINITION_REPRESENTATION(#3329,#3335);
#3329 = PRODUCT_DEFINITION_SHAPE('','',#3330);
#3330 = PRODUCT_DEFINITION('design','',#3331,#3334);
#3331 = PRODUCT_DEFINITION_FORMATION('','',#3332);
#3332 = PRODUCT('SOLID','SOLID','',(#3333));
#3333 = PRODUCT_CONTEXT('',#2,'mechanical');
#3334 = PRODUCT_DEFINITION_CONTEXT('part definition',#2,'design');
#3335 = ADVANCED_BREP_SHAPE_REPRESENTATION('',(#11,#3336),#3524);
#3336 = MANIFOLD_SOLID_BREP('',#3337);
#3337 = CLOSED_SHELL('',(#3338,#3426,#3430,#3465,#3520));
#3338 = ADVANCED_FACE('',(#3339),#3352,.T.);
#3339 = FACE_BOUND('',#3340,.T.);
#3340 = EDGE_LOOP('',(#3341,#3375,#3398,#3425));
#3341 = ORIENTED_EDGE('',*,*,#3342,.F.);
#3342 = EDGE_CURVE('',#3343,#3343,#3345,.T.);
#3343 = VERTEX_POINT('',#3344);
#3344 = CARTESIAN_POINT('',(286.49689913654,24.9,520.73608547455));
#3345 = SURFACE_CURVE('',#3346,(#3351,#3363),.PCURVE_S1.);
#3346 = CIRCLE('',#3347,4.2);
#3347 = AXIS2_PLACEMENT_3D('',#3348,#3349,#3350);
#3348 = CARTESIAN_POINT('',(286.49689913654,24.9,516.53608547455));
#3349 = DIRECTION('',(0.,1.,0.));
#3350 = DIRECTION('',(0.,-0.,1.));
#3351 = PCURVE('',#3352,#3357);
#3352 = CYLINDRICAL_SURFACE('',#3353,4.2);
#3353 = AXIS2_PLACEMENT_3D('',#3354,#3355,#3356);
#3354 = CARTESIAN_POINT('',(286.49689913654,20.4,516.53608547455));
#3355 = DIRECTION('',(0.,1.,0.));
#3356 = DIRECTION('',(0.,-0.,1.));
#3357 = DEFINITIONAL_REPRESENTATION('',(#3358),#3362);
#3358 = LINE('',#3359,#3360);
#3359 = CARTESIAN_POINT('',(0.,4.5));
#3360 = VECTOR('',#3361,1.);
#3361 = DIRECTION('',(1.,0.));
#3362 = ( GEOMETRIC_REPRESENTATION_CONTEXT(2) 
PARAMETRIC_REPRESENTATION_CONTEXT() REPRESENTATION_CONTEXT('2D SPACE',''
  ) );
#3363 = PCURVE('',#3364,#3369);
#3364 = PLANE('',#3365);
#3365 = AXIS2_PLACEMENT_3D('',#3366,#3367,#3368);
#3366 = CARTESIAN_POINT('',(286.49689913654,24.9,516.53608547455));
#3367 = DIRECTION('',(0.,1.,0.));
#3368 = DIRECTION('',(0.,-0.,1.));
#3369 = DEFINITIONAL_REPRESENTATION('',(#3370),#3374);
#3370 = CIRCLE('',#3371,4.2);
#3371 = AXIS2_PLACEMENT_2D('',#3372,#3373);
#3372 = CARTESIAN_POINT('',(0.,0.));
#3373 = DIRECTION('',(1.,0.));
#3374 = ( GEOMETRIC_REPRESENTATION_CONTEXT(2) 
PARAMETRIC_REPRESENTATION_CONTEXT() REPRESENTATION_CONTEXT('2D SPACE',''
  ) );
#3375 = ORIENTED_EDGE('',*,*,#3376,.F.);
#3376 = EDGE_CURVE('',#3377,#3343,#3379,.T.);
#3377 = VERTEX_POINT('',#3378);
#3378 = CARTESIAN_POINT('',(286.49689913654,20.4,520.73608547455));
#3379 = SEAM_CURVE('',#3380,(#3384,#3391),.PCURVE_S1.);
#3380 = LINE('',#3381,#3382);
#3381 = CARTESIAN_POINT('',(286.49689913654,20.4,520.73608547455));
#3382 = VECTOR('',#3383,1.);
#3383 = DIRECTION('',(0.,1.,0.));
#3384 = PCURVE('',#3352,#3385);
#3385 = DEFINITIONAL_REPRESENTATION('',(#3386),#3390);
#3386 = LINE('',#3387,#3388);
#3387 = CARTESIAN_POINT('',(6.28318530718,-0.));
#3388 = VECTOR('',#3389,1.);
#3389 = DIRECTION('',(0.,1.));
#3390 = ( GEOMETRIC_REPRESENTATION_CONTEXT(2) 
PARAMETRIC_REPRESENTATION_CONTEXT() REPRESENTATION_CONTEXT('2D SPACE',''
  ) );
#3391 = PCURVE('',#3352,#3392);
#3392 = DEFINITIONAL_REPRESENTATION('',(#3393),#3397);
#3393 = LINE('',#3394,#3395);
#3394 = CARTESIAN_POINT('',(0.,-0.));
#3395 = VECTOR('',#3396,1.);
#3396 = DIRECTION('',(0.,1.));
#3397 = ( GEOMETRIC_REPRESENTATION_CONTEXT(2) 
PARAMETRIC_REPRESENTATION_CONTEXT() REPRESENTATION_CONTEXT('2D SPACE',''
  ) );
#3398 = ORIENTED_EDGE('',*,*,#3399,.T.);
#3399 = EDGE_CURVE('',#3377,#3377,#3400,.T.);
#3400 = SURFACE_CURVE('',#3401,(#3406,#3413),.PCURVE_S1.);
#3401 = CIRCLE('',#3402,4.2);
#3402 = AXIS2_PLACEMENT_3D('',#3403,#3404,#3405);
#3403 = CARTESIAN_POINT('',(286.49689913654,20.4,516.53608547455));
#3404 = DIRECTION('',(0.,1.,0.));
#3405 = DIRECTION('',(0.,-0.,1.));
#3406 = PCURVE('',#3352,#3407);
#3407 = DEFINITIONAL_REPRESENTATION('',(#3408),#3412);
#3408 = LINE('',#3409,#3410);
#3409 = CARTESIAN_POINT('',(0.,0.));
#3410 = VECTOR('',#3411,1.);
#3411 = DIRECTION('',(1.,0.));
#3412 = ( GEOMETRIC_REPRESENTATION_CONTEXT(2) 
PARAMETRIC_REPRESENTATION_CONTEXT() REPRESENTATION_CONTEXT('2D SPACE',''
  ) );
#3413 = PCURVE('',#3414,#3419);
#3414 = PLANE('',#3415);
#3415 = AXIS2_PLACEMENT_3D('',#3416,#3417,#3418);
#3416 = CARTESIAN_POINT('',(286.49689913654,20.4,516.53608547455));
#3417 = DIRECTION('',(0.,1.,0.));
#3418 = DIRECTION('',(0.,-0.,1.));
#3419 = DEFINITIONAL_REPRESENTATION('',(#3420),#3424);
#3420 = CIRCLE('',#3421,4.2);
#3421 = AXIS2_PLACEMENT_2D('',#3422,#3423);
#3422 = CARTESIAN_POINT('',(0.,0.));
#3423 = DIRECTION('',(1.,0.));
#3424 = ( GEOMETRIC_REPRESENTATION_CONTEXT(2) 
PARAMETRIC_REPRESENTATION_CONTEXT() REPRESENTATION_CONTEXT('2D SPACE',''
  ) );
#3425 = ORIENTED_EDGE('',*,*,#3376,.T.);
#3426 = ADVANCED_FACE('',(#3427),#3364,.T.);
#3427 = FACE_BOUND('',#3428,.T.);
#3428 = EDGE_LOOP('',(#3429));
#3429 = ORIENTED_EDGE('',*,*,#3342,.T.);
#3430 = ADVANCED_FACE('',(#3431,#3434),#3414,.F.);
#3431 = FACE_BOUND('',#3432,.F.);
#3432 = EDGE_LOOP('',(#3433));
#3433 = ORIENTED_EDGE('',*,*,#3399,.T.);
#3434 = FACE_BOUND('',#3435,.F.);
#3435 = EDGE_LOOP('',(#3436));
#3436 = ORIENTED_EDGE('',*,*,#3437,.F.);
#3437 = EDGE_CURVE('',#3438,#3438,#3440,.T.);
#3438 = VERTEX_POINT('',#3439);
#3439 = CARTESIAN_POINT('',(286.49689913654,20.4,519.03608547455));
#3440 = SURFACE_CURVE('',#3441,(#3446,#3453),.PCURVE_S1.);
#3441 = CIRCLE('',#3442,2.5);
#3442 = AXIS2_PLACEMENT_3D('',#3443,#3444,#3445);
#3443 = CARTESIAN_POINT('',(286.49689913654,20.4,516.53608547455));
#3444 = DIRECTION('',(0.,1.,0.));
#3445 = DIRECTION('',(0.,-0.,1.));
#3446 = PCURVE('',#3414,#3447);
#3447 = DEFINITIONAL_REPRESENTATION('',(#3448),#3452);
#3448 = CIRCLE('',#3449,2.5);
#3449 = AXIS2_PLACEMENT_2D('',#3450,#3451);
#3450 = CARTESIAN_POINT('',(0.,0.));
#3451 = DIRECTION('',(1.,0.));
#3452 = ( GEOMETRIC_REPRESENTATION_CONTEXT(2) 
PARAMETRIC_REPRESENTATION_CONTEXT() REPRESENTATION_CONTEXT('2D SPACE',''
  ) );
#3453 = PCURVE('',#3454,#3459);
#3454 = CYLINDRICAL_SURFACE('',#3455,2.5);
#3455 = AXIS2_PLACEMENT_3D('',#3456,#3457,#3458);
#3456 = CARTESIAN_POINT('',(286.49689913654,13.3,516.53608547455));
#3457 = DIRECTION('',(0.,1.,0.));
#3458 = DIRECTION('',(0.,-0.,1.));
#3459 = DEFINITIONAL_REPRESENTATION('',(#3460),#3464);
#3460 = LINE('',#3461,#3462);
#3461 = CARTESIAN_POINT('',(0.,7.1));
#3462 = VECTOR('',#3463,1.);
#3463 = DIRECTION('',(1.,0.));
#3464 = ( GEOMETRIC_REPRESENTATION_CONTEXT(2) 
PARAMETRIC_REPRESENTATION_CONTEXT() REPRESENTATION_CONTEXT('2D SPACE',''
  ) );
#3465 = ADVANCED_FACE('',(#3466),#3454,.T.);
#3466 = FACE_BOUND('',#3467,.T.);
#3467 = EDGE_LOOP('',(#3468,#3469,#3492,#3519));
#3468 = ORIENTED_EDGE('',*,*,#3437,.F.);
#3469 = ORIENTED_EDGE('',*,*,#3470,.F.);
#3470 = EDGE_CURVE('',#3471,#3438,#3473,.T.);
#3471 = VERTEX_POINT('',#3472);
#3472 = CARTESIAN_POINT('',(286.49689913654,13.3,519.03608547455));
#3473 = SEAM_CURVE('',#3474,(#3478,#3485),.PCURVE_S1.);
#3474 = LINE('',#3475,#3476);
#3475 = CARTESIAN_POINT('',(286.49689913654,13.3,519.03608547455));
#3476 = VECTOR('',#3477,1.);
#3477 = DIRECTION('',(0.,1.,0.));
#3478 = PCURVE('',#3454,#3479);
#3479 = DEFINITIONAL_REPRESENTATION('',(#3480),#3484);
#3480 = LINE('',#3481,#3482);
#3481 = CARTESIAN_POINT('',(6.28318530718,-0.));
#3482 = VECTOR('',#3483,1.);
#3483 = DIRECTION('',(0.,1.));
#3484 = ( GEOMETRIC_REPRESENTATION_CONTEXT(2) 
PARAMETRIC_REPRESENTATION_CONTEXT() REPRESENTATION_CONTEXT('2D SPACE',''
  ) );
#3485 = PCURVE('',#3454,#3486);
#3486 = DEFINITIONAL_REPRESENTATION('',(#3487),#3491);
#3487 = LINE('',#3488,#3489);
#3488 = CARTESIAN_POINT('',(0.,-0.));
#3489 = VECTOR('',#3490,1.);
#3490 = DIRECTION('',(0.,1.));
#3491 = ( GEOMETRIC_REPRESENTATION_CONTEXT(2) 
PARAMETRIC_REPRESENTATION_CONTEXT() REPRESENTATION_CONTEXT('2D SPACE',''
  ) );
#3492 = ORIENTED_EDGE('',*,*,#3493,.T.);
#3493 = EDGE_CURVE('',#3471,#3471,#3494,.T.);
#3494 = SURFACE_CURVE('',#3495,(#3500,#3507),.PCURVE_S1.);
#3495 = CIRCLE('',#3496,2.5);
#3496 = AXIS2_PLACEMENT_3D('',#3497,#3498,#3499);
#3497 = CARTESIAN_POINT('',(286.49689913654,13.3,516.53608547455));
#3498 = DIRECTION('',(0.,1.,0.));
#3499 = DIRECTION('',(0.,-0.,1.));
#3500 = PCURVE('',#3454,#3501);
#3501 = DEFINITIONAL_REPRESENTATION('',(#3502),#3506);
#3502 = LINE('',#3503,#3504);
#3503 = CARTESIAN_POINT('',(0.,0.));
#3504 = VECTOR('',#3505,1.);
#3505 = DIRECTION('',(1.,0.));
#3506 = ( GEOMETRIC_REPRESENTATION_CONTEXT(2) 
PARAMETRIC_REPRESENTATION_CONTEXT() REPRESENTATION_CONTEXT('2D SPACE',''
  ) );
#3507 = PCURVE('',#3508,#3513);
#3508 = PLANE('',#3509);
#3509 = AXIS2_PLACEMENT_3D('',#3510,#3511,#3512);
#3510 = CARTESIAN_POINT('',(286.49689913654,13.3,516.53608547455));
#3511 = DIRECTION('',(0.,1.,0.));
#3512 = DIRECTION('',(0.,-0.,1.));
#3513 = DEFINITIONAL_REPRESENTATION('',(#3514),#3518);
#3514 = CIRCLE('',#3515,2.5);
#3515 = AXIS2_PLACEMENT_2D('',#3516,#3517);
#3516 = CARTESIAN_POINT('',(0.,0.));
#3517 = DIRECTION('',(1.,0.));
#3518 = ( GEOMETRIC_REPRESENTATION_CONTEXT(2) 
PARAMETRIC_REPRESENTATION_CONTEXT() REPRESENTATION_CONTEXT('2D SPACE',''
  ) );
#3519 = ORIENTED_EDGE('',*,*,#3470,.T.);
#3520 = ADVANCED_FACE('',(#3521),#3508,.F.);
#3521 = FACE_BOUND('',#3522,.T.);
#3522 = EDGE_LOOP('',(#3523));
#3523 = ORIENTED_EDGE('',*,*,#3493,.F.);
#3524 = ( GEOMETRIC_REPRESENTATION_CONTEXT(3) 
GLOBAL_UNCERTAINTY_ASSIGNED_CONTEXT((#3528)) 
GLOBAL_UNIT_ASSIGNED_CONTEXT((#3525,#3526,#3527)) REPRESENTATION_CONTEXT
('Context #1','3D Context with UNIT and UNCERTAINTY') );
#3525 = ( LENGTH_UNIT() NAMED_UNIT(*) SI_UNIT(.MILLI.,.METRE.) );
#3526 = ( NAMED_UNIT(*) PLANE_ANGLE_UNIT() SI_UNIT($,.RADIAN.) );
#3527 = ( NAMED_UNIT(*) SI_UNIT($,.STERADIAN.) SOLID_ANGLE_UNIT() );
#3528 = UNCERTAINTY_MEASURE_WITH_UNIT(LENGTH_MEASURE(1.E-07),#3525,
  'distance_accuracy_value','confusion accuracy');
#3529 = CONTEXT_DEPENDENT_SHAPE_REPRESENTATION(#3530,#3532);
#3530 = ( REPRESENTATION_RELATIONSHIP('','',#3335,#3191) 
REPRESENTATION_RELATIONSHIP_WITH_TRANSFORMATION(#3531) 
SHAPE_REPRESENTATION_RELATIONSHIP() );
#3531 = ITEM_DEFINED_TRANSFORMATION('','',#11,#3196);
#3532 = PRODUCT_DEFINITION_SHAPE('Placement','Placement of an item',
  #3533);
#3533 = NEXT_ASSEMBLY_USAGE_OCCURRENCE('382','=>[0:1:1:7]','',#3186,
  #3330,$);
#3534 = PRODUCT_RELATED_PRODUCT_CATEGORY('part',$,(#3332));
#3535 = SHAPE_DEFINITION_REPRESENTATION(#3536,#3542);
#3536 = PRODUCT_DEFINITION_SHAPE('','',#3537);
#3537 = PRODUCT_DEFINITION('design','',#3538,#3541);
#3538 = PRODUCT_DEFINITION_FORMATION('','',#3539);
#3539 = PRODUCT('SOLID','SOLID','',(#3540));
#3540 = PRODUCT_CONTEXT('',#2,'mechanical');
#3541 = PRODUCT_DEFINITION_CONTEXT('part definition',#2,'design');
#3542 = ADVANCED_BREP_SHAPE_REPRESENTATION('',(#11,#3543),#5018);
#3543 = MANIFOLD_SOLID_BREP('',#3544);
#3544 = CLOSED_SHELL('',(#3545,#3883,#4207,#4256,#4305,#4535,#4791,#4818
    ,#4843,#4870,#4895,#4922,#4947,#4974,#4981,#5011));
#3545 = ADVANCED_FACE('',(#3546,#3667),#3561,.T.);
#3546 = FACE_BOUND('',#3547,.T.);
#3547 = EDGE_LOOP('',(#3548,#3584,#3610,#3643));
#3548 = ORIENTED_EDGE('',*,*,#3549,.T.);
#3549 = EDGE_CURVE('',#3550,#3552,#3554,.T.);
#3550 = VERTEX_POINT('',#3551);
#3551 = CARTESIAN_POINT('',(221.04942851514,-6.016643582596,
    644.8925757244));
#3552 = VERTEX_POINT('',#3553);
#3553 = CARTESIAN_POINT('',(221.04942851514,6.016643582596,
    644.8925757244));
#3554 = SURFACE_CURVE('',#3555,(#3560,#3572),.PCURVE_S1.);
#3555 = CIRCLE('',#3556,18.6);
#3556 = AXIS2_PLACEMENT_3D('',#3557,#3558,#3559);
#3557 = CARTESIAN_POINT('',(237.58801864097,0.,650.91213024693));
#3558 = DIRECTION('',(-0.342020143326,-8.049116928532E-16,0.939692620786
    ));
#3559 = DIRECTION('',(-0.889171512142,-0.32347546143,-0.323631963577));
#3560 = PCURVE('',#3561,#3566);
#3561 = CYLINDRICAL_SURFACE('',#3562,18.6);
#3562 = AXIS2_PLACEMENT_3D('',#3563,#3564,#3565);
#3563 = CARTESIAN_POINT('',(237.58801864097,0.,650.91213024693));
#3564 = DIRECTION('',(-0.342020143326,0.,0.939692620786));
#3565 = DIRECTION('',(0.939692620786,0.,0.342020143326));
#3566 = DEFINITIONAL_REPRESENTATION('',(#3567),#3571);
#3567 = LINE('',#3568,#3569);
#3568 = CARTESIAN_POINT('',(3.470992776957,0.));
#3569 = VECTOR('',#3570,1.);
#3570 = DIRECTION('',(1.,0.));
#3571 = ( GEOMETRIC_REPRESENTATION_CONTEXT(2) 
PARAMETRIC_REPRESENTATION_CONTEXT() REPRESENTATION_CONTEXT('2D SPACE',''
  ) );
#3572 = PCURVE('',#3573,#3578);
#3573 = PLANE('',#3574);
#3574 = AXIS2_PLACEMENT_3D('',#3575,#3576,#3577);
#3575 = CARTESIAN_POINT('',(237.58801864097,0.,650.91213024693));
#3576 = DIRECTION('',(-0.342020143326,0.,0.939692620786));
#3577 = DIRECTION('',(0.939692620786,0.,0.342020143326));
#3578 = DEFINITIONAL_REPRESENTATION('',(#3579),#3583);
#3579 = CIRCLE('',#3580,18.6);
#3580 = AXIS2_PLACEMENT_2D('',#3581,#3582);
#3581 = CARTESIAN_POINT('',(0.,0.));
#3582 = DIRECTION('',(-0.94623655914,-0.32347546143));
#3583 = ( GEOMETRIC_REPRESENTATION_CONTEXT(2) 
PARAMETRIC_REPRESENTATION_CONTEXT() REPRESENTATION_CONTEXT('2D SPACE',''
  ) );
#3584 = ORIENTED_EDGE('',*,*,#3585,.T.);
#3585 = EDGE_CURVE('',#3552,#3586,#3588,.T.);
#3586 = VERTEX_POINT('',#3587);
#3587 = CARTESIAN_POINT('',(216.26114650858,6.016643582596,
    658.0482724154));
#3588 = SURFACE_CURVE('',#3589,(#3593,#3599),.PCURVE_S1.);
#3589 = LINE('',#3590,#3591);
#3590 = CARTESIAN_POINT('',(221.04942851514,6.016643582597,
    644.8925757244));
#3591 = VECTOR('',#3592,1.);
#3592 = DIRECTION('',(-0.342020143326,0.,0.939692620786));
#3593 = PCURVE('',#3561,#3594);
#3594 = DEFINITIONAL_REPRESENTATION('',(#3595),#3598);
#3595 = B_SPLINE_CURVE_WITH_KNOTS('',1,(#3596,#3597),.UNSPECIFIED.,.F.,
  .F.,(2,2),(1.944159426589E-14,14.),.PIECEWISE_BEZIER_KNOTS.);
#3596 = CARTESIAN_POINT('',(9.095377837402,3.9869697919E-14));
#3597 = CARTESIAN_POINT('',(9.095377837402,14.));
#3598 = ( GEOMETRIC_REPRESENTATION_CONTEXT(2) 
PARAMETRIC_REPRESENTATION_CONTEXT() REPRESENTATION_CONTEXT('2D SPACE',''
  ) );
#3599 = PCURVE('',#3600,#3605);
#3600 = PLANE('',#3601);
#3601 = AXIS2_PLACEMENT_3D('',#3602,#3603,#3604);
#3602 = CARTESIAN_POINT('',(221.04942851514,-7.,644.8925757244));
#3603 = DIRECTION('',(0.939692620786,0.,0.342020143326));
#3604 = DIRECTION('',(-0.342020143326,0.,0.939692620786));
#3605 = DEFINITIONAL_REPRESENTATION('',(#3606),#3609);
#3606 = B_SPLINE_CURVE_WITH_KNOTS('',1,(#3607,#3608),.UNSPECIFIED.,.F.,
  .F.,(2,2),(-5.999999723962E-07,14.0000006),.PIECEWISE_BEZIER_KNOTS.);
#3607 = CARTESIAN_POINT('',(-5.99999982117E-07,-13.01664358259));
#3608 = CARTESIAN_POINT('',(14.0000006,-13.01664358259));
#3609 = ( GEOMETRIC_REPRESENTATION_CONTEXT(2) 
PARAMETRIC_REPRESENTATION_CONTEXT() REPRESENTATION_CONTEXT('2D SPACE',''
  ) );
#3610 = ORIENTED_EDGE('',*,*,#3611,.T.);
#3611 = EDGE_CURVE('',#3586,#3612,#3614,.T.);
#3612 = VERTEX_POINT('',#3613);
#3613 = CARTESIAN_POINT('',(216.26114650858,-6.016643582596,
    658.0482724154));
#3614 = SURFACE_CURVE('',#3615,(#3620,#3627),.PCURVE_S1.);
#3615 = CIRCLE('',#3616,18.6);
#3616 = AXIS2_PLACEMENT_3D('',#3617,#3618,#3619);
#3617 = CARTESIAN_POINT('',(232.79973663441,0.,664.06782693794));
#3618 = DIRECTION('',(0.342020143326,-7.216449660064E-16,-0.939692620786
    ));
#3619 = DIRECTION('',(-0.889171512142,0.32347546143,-0.323631963577));
#3620 = PCURVE('',#3561,#3621);
#3621 = DEFINITIONAL_REPRESENTATION('',(#3622),#3626);
#3622 = LINE('',#3623,#3624);
#3623 = CARTESIAN_POINT('',(9.095377837402,14.));
#3624 = VECTOR('',#3625,1.);
#3625 = DIRECTION('',(-1.,-0.));
#3626 = ( GEOMETRIC_REPRESENTATION_CONTEXT(2) 
PARAMETRIC_REPRESENTATION_CONTEXT() REPRESENTATION_CONTEXT('2D SPACE',''
  ) );
#3627 = PCURVE('',#3628,#3633);
#3628 = PLANE('',#3629);
#3629 = AXIS2_PLACEMENT_3D('',#3630,#3631,#3632);
#3630 = CARTESIAN_POINT('',(232.79973663441,0.,664.06782693794));
#3631 = DIRECTION('',(-0.342020143326,0.,0.939692620786));
#3632 = DIRECTION('',(0.939692620786,0.,0.342020143326));
#3633 = DEFINITIONAL_REPRESENTATION('',(#3634),#3642);
#3634 = ( BOUNDED_CURVE() B_SPLINE_CURVE(2,(#3635,#3636,#3637,#3638,
#3639,#3640,#3641),.UNSPECIFIED.,.T.,.F.) B_SPLINE_CURVE_WITH_KNOTS((1,2
    ,2,2,2,1),(-2.094395102393,0.,2.094395102393,4.188790204786,
6.28318530718,8.377580409573),.UNSPECIFIED.) CURVE() 
GEOMETRIC_REPRESENTATION_ITEM() RATIONAL_B_SPLINE_CURVE((1.,0.5,1.,0.5,
1.,0.5,1.)) REPRESENTATION_ITEM('') );
#3635 = CARTESIAN_POINT('',(-17.6,6.016643582596));
#3636 = CARTESIAN_POINT('',(-7.17886762391,36.500737795809));
#3637 = CARTESIAN_POINT('',(14.010566188045,12.233725315308));
#3638 = CARTESIAN_POINT('',(35.2,-12.03328716519));
#3639 = CARTESIAN_POINT('',(3.589433811955,-18.2503688979));
#3640 = CARTESIAN_POINT('',(-28.02113237609,-24.46745063061));
#3641 = CARTESIAN_POINT('',(-17.6,6.016643582596));
#3642 = ( GEOMETRIC_REPRESENTATION_CONTEXT(2) 
PARAMETRIC_REPRESENTATION_CONTEXT() REPRESENTATION_CONTEXT('2D SPACE',''
  ) );
#3643 = ORIENTED_EDGE('',*,*,#3644,.F.);
#3644 = EDGE_CURVE('',#3550,#3612,#3645,.T.);
#3645 = SURFACE_CURVE('',#3646,(#3650,#3656),.PCURVE_S1.);
#3646 = LINE('',#3647,#3648);
#3647 = CARTESIAN_POINT('',(221.04942851514,-6.016643582597,
    644.8925757244));
#3648 = VECTOR('',#3649,1.);
#3649 = DIRECTION('',(-0.342020143326,0.,0.939692620786));
#3650 = PCURVE('',#3561,#3651);
#3651 = DEFINITIONAL_REPRESENTATION('',(#3652),#3655);
#3652 = B_SPLINE_CURVE_WITH_KNOTS('',1,(#3653,#3654),.UNSPECIFIED.,.F.,
  .F.,(2,2),(1.944159426589E-14,14.),.PIECEWISE_BEZIER_KNOTS.);
#3653 = CARTESIAN_POINT('',(3.470992776957,3.9869697919E-14));
#3654 = CARTESIAN_POINT('',(3.470992776957,14.));
#3655 = ( GEOMETRIC_REPRESENTATION_CONTEXT(2) 
PARAMETRIC_REPRESENTATION_CONTEXT() REPRESENTATION_CONTEXT('2D SPACE',''
  ) );
#3656 = PCURVE('',#3657,#3662);
#3657 = PLANE('',#3658);
#3658 = AXIS2_PLACEMENT_3D('',#3659,#3660,#3661);
#3659 = CARTESIAN_POINT('',(221.04942851514,-7.,644.8925757244));
#3660 = DIRECTION('',(0.939692620786,0.,0.342020143326));
#3661 = DIRECTION('',(-0.342020143326,0.,0.939692620786));
#3662 = DEFINITIONAL_REPRESENTATION('',(#3663),#3666);
#3663 = B_SPLINE_CURVE_WITH_KNOTS('',1,(#3664,#3665),.UNSPECIFIED.,.F.,
  .F.,(2,2),(-5.999999723962E-07,14.0000006),.PIECEWISE_BEZIER_KNOTS.);
#3664 = CARTESIAN_POINT('',(-5.99999982117E-07,-0.983356417403));
#3665 = CARTESIAN_POINT('',(14.0000006,-0.983356417403));
#3666 = ( GEOMETRIC_REPRESENTATION_CONTEXT(2) 
PARAMETRIC_REPRESENTATION_CONTEXT() REPRESENTATION_CONTEXT('2D SPACE',''
  ) );
#3667 = FACE_BOUND('',#3668,.T.);
#3668 = EDGE_LOOP('',(#3669));
#3669 = ORIENTED_EDGE('',*,*,#3670,.F.);
#3670 = EDGE_CURVE('',#3671,#3671,#3673,.T.);
#3671 = VERTEX_POINT('',#3672);
#3672 = CARTESIAN_POINT('',(235.19387763769,-18.58033608104,
    654.98997859243));
#3673 = SURFACE_CURVE('',#3674,(#3740,#3809),.PCURVE_S1.);
#3674 = B_SPLINE_CURVE_WITH_KNOTS('',8,(#3675,#3676,#3677,#3678,#3679,
    #3680,#3681,#3682,#3683,#3684,#3685,#3686,#3687,#3688,#3689,#3690,
    #3691,#3692,#3693,#3694,#3695,#3696,#3697,#3698,#3699,#3700,#3701,
    #3702,#3703,#3704,#3705,#3706,#3707,#3708,#3709,#3710,#3711,#3712,
    #3713,#3714,#3715,#3716,#3717,#3718,#3719,#3720,#3721,#3722,#3723,
    #3724,#3725,#3726,#3727,#3728,#3729,#3730,#3731,#3732,#3733,#3734,
    #3735,#3736,#3737,#3738,#3739),.UNSPECIFIED.,.T.,.F.,(9,7,7,7,7,7,7,
    7,7,9),(0.,9.809965180236E-02,0.229305935702,0.321564284832,
    0.471078564497,0.591453190147,0.730020362962,0.879535295434,
    0.947153511003,1.),.UNSPECIFIED.);
#3675 = CARTESIAN_POINT('',(235.19387763769,-18.58033608104,
    654.98997859243));
#3676 = CARTESIAN_POINT('',(235.41228478409,-18.58978083806,
    654.98997859243));
#3677 = CARTESIAN_POINT('',(235.63777413753,-18.59727832727,
    655.01178454445));
#3678 = CARTESIAN_POINT('',(235.864871433,-18.60201367953,
    655.05787469838));
#3679 = CARTESIAN_POINT('',(236.08803449675,-18.60337524188,
    655.12883087833));
#3680 = CARTESIAN_POINT('',(236.30198626298,-18.60116460416,
    655.22349112536));
#3681 = CARTESIAN_POINT('',(236.50206573247,-18.59565821299,
    655.33908855141));
#3682 = CARTESIAN_POINT('',(236.68458210301,-18.58752674502,
    655.47137160115));
#3683 = CARTESIAN_POINT('',(237.06459831318,-18.5643662164,
    655.80640095744));
#3684 = CARTESIAN_POINT('',(237.24663796064,-18.54791935687,
    656.01810059496));
#3685 = CARTESIAN_POINT('',(237.39460349205,-18.5298639021,
    656.24273107617));
#3686 = CARTESIAN_POINT('',(237.51039805561,-18.51162384734,
    656.47501387763));
#3687 = CARTESIAN_POINT('',(237.59610543602,-18.49430540047,
    656.71086478161));
#3688 = CARTESIAN_POINT('',(237.65379432441,-18.47869934108,
    656.94710031699));
#3689 = CARTESIAN_POINT('',(237.68541034198,-18.46534906409,
    657.18127173584));
#3690 = CARTESIAN_POINT('',(237.69773044826,-18.44702798075,
    657.57330387422));
#3691 = CARTESIAN_POINT('',(237.6907737642,-18.44072854729,
    657.73356178245));
#3692 = CARTESIAN_POINT('',(237.67226649468,-18.43581670328,
    657.89165396093));
#3693 = CARTESIAN_POINT('',(237.64260508876,-18.4323754659,
    658.04707705103));
#3694 = CARTESIAN_POINT('',(237.60209805146,-18.43045479181,
    658.19936584119));
#3695 = CARTESIAN_POINT('',(237.55097331289,-18.43007571637,
    658.34806352535));
#3696 = CARTESIAN_POINT('',(237.48938485144,-18.4312316264,
    658.49269217294));
#3697 = CARTESIAN_POINT('',(237.30078970541,-18.43818943511,
    658.85965863871));
#3698 = CARTESIAN_POINT('',(237.15703154024,-18.44642434596,
    659.07427249789));
#3699 = CARTESIAN_POINT('',(236.98648245696,-18.45843069187,
    659.27462554298));
#3700 = CARTESIAN_POINT('',(236.78896472812,-18.4738590206,
    659.45808954865));
#3701 = CARTESIAN_POINT('',(236.56422293699,-18.49212642443,
    659.6210657488));
#3702 = CARTESIAN_POINT('',(236.3122162976,-18.51226635207,
    659.7587939623));
#3703 = CARTESIAN_POINT('',(236.03359815627,-18.5327929149,
    659.86506631753));
#3704 = CARTESIAN_POINT('',(235.48686412017,-18.5669215669,
    659.98527359148));
#3705 = CARTESIAN_POINT('',(235.22094552776,-18.58148959892,
    660.01456202818));
#3706 = CARTESIAN_POINT('',(234.94130255007,-18.59372912042,
    660.01100677934));
#3707 = CARTESIAN_POINT('',(234.65717679638,-18.60192284183,
    659.96997465148));
#3708 = CARTESIAN_POINT('',(234.37819883948,-18.60480262303,
    659.89048709331));
#3709 = CARTESIAN_POINT('',(234.11343944588,-18.60216643762,
    659.77488498197));
#3710 = CARTESIAN_POINT('',(233.87052700788,-18.59477667484,
    659.62860930422));
#3711 = CARTESIAN_POINT('',(233.40630598304,-18.5714859318,
    659.26592008999));
#3712 = CARTESIAN_POINT('',(233.1981881521,-18.55468653066,
    659.04566821604));
#3713 = CARTESIAN_POINT('',(233.02930823267,-18.5354983365,
    658.80843073335));
#3714 = CARTESIAN_POINT('',(232.89764099916,-18.51575618129,
    658.56103147266));
#3715 = CARTESIAN_POINT('',(232.80079569259,-18.49689891536,
    658.3087681384));
#3716 = CARTESIAN_POINT('',(232.73629405505,-18.47994409911,
    658.0557904286));
#3717 = CARTESIAN_POINT('',(232.70171004525,-18.46557400346,
    657.80529197049));
#3718 = CARTESIAN_POINT('',(232.68745284984,-18.44189782188,
    657.29487648628));
#3719 = CARTESIAN_POINT('',(232.71229514198,-18.43301881703,
    657.0344145143));
#3720 = CARTESIAN_POINT('',(232.76717990058,-18.4280726816,
    656.78078272687));
#3721 = CARTESIAN_POINT('',(232.85069012589,-18.42730753564,
    656.53592146855));
#3722 = CARTESIAN_POINT('',(232.96198709008,-18.4307726588,
    656.30177027786));
#3723 = CARTESIAN_POINT('',(233.10069389316,-18.43833483544,
    656.08052398849));
#3724 = CARTESIAN_POINT('',(233.26678161722,-18.44963798968,
    655.87489802802));
#3725 = CARTESIAN_POINT('',(233.54792491327,-18.47050975703,
    655.604347789));
#3726 = CARTESIAN_POINT('',(233.64111613107,-18.47763824009,
    655.52403470296));
#3727 = CARTESIAN_POINT('',(233.73995574238,-18.48533310578,
    655.44801171823));
#3728 = CARTESIAN_POINT('',(233.84444954799,-18.49351814929,
    655.37667820801));
#3729 = CARTESIAN_POINT('',(233.95458953688,-18.50210034608,
    655.31048891344));
#3730 = CARTESIAN_POINT('',(234.07034266243,-18.51096743739,
    655.24996026401));
#3731 = CARTESIAN_POINT('',(234.19163898554,-18.51998606436,
    655.1956768603));
#3732 = CARTESIAN_POINT('',(234.41739636773,-18.53604557409,
    655.11126963382));
#3733 = CARTESIAN_POINT('',(234.51984816111,-18.54309523958,
    655.07842048345));
#3734 = CARTESIAN_POINT('',(234.62553286623,-18.55006576809,
    655.05013231166));
#3735 = CARTESIAN_POINT('',(234.73423753923,-18.55686487626,
    655.02677970025));
#3736 = CARTESIAN_POINT('',(234.84571753004,-18.56339410132,
    655.00873033464));
#3737 = CARTESIAN_POINT('',(234.95969602153,-18.56955122595,
    654.99634516918));
#3738 = CARTESIAN_POINT('',(235.07586356866,-18.57523270314,
    654.98997859243));
#3739 = CARTESIAN_POINT('',(235.19387763769,-18.58033608104,
    654.98997859243));
#3740 = PCURVE('',#3561,#3741);
#3741 = DEFINITIONAL_REPRESENTATION('',(#3742),#3808);
#3742 = B_SPLINE_CURVE_WITH_KNOTS('',8,(#3743,#3744,#3745,#3746,#3747,
    #3748,#3749,#3750,#3751,#3752,#3753,#3754,#3755,#3756,#3757,#3758,
    #3759,#3760,#3761,#3762,#3763,#3764,#3765,#3766,#3767,#3768,#3769,
    #3770,#3771,#3772,#3773,#3774,#3775,#3776,#3777,#3778,#3779,#3780,
    #3781,#3782,#3783,#3784,#3785,#3786,#3787,#3788,#3789,#3790,#3791,
    #3792,#3793,#3794,#3795,#3796,#3797,#3798,#3799,#3800,#3801,#3802,
    #3803,#3804,#3805,#3806,#3807),.UNSPECIFIED.,.T.,.F.,(9,7,7,7,7,7,7,
    7,7,9),(0.,9.809965180236E-02,0.229305935702,0.321564284832,
    0.471078564497,0.591453190147,0.730020362962,0.879535295434,
    0.947153511003,1.),.UNSPECIFIED.);
#3743 = CARTESIAN_POINT('',(4.666402324174,4.650768448035));
#3744 = CARTESIAN_POINT('',(4.677448173016,4.576068804521));
#3745 = CARTESIAN_POINT('',(4.689247180057,4.519437795735));
#3746 = CARTESIAN_POINT('',(4.701568633274,4.485076523734));
#3747 = CARTESIAN_POINT('',(4.714145228805,4.475427259382));
#3748 = CARTESIAN_POINT('',(4.726692716393,4.491202981245));
#3749 = CARTESIAN_POINT('',(4.738928333584,4.531397820657));
#3750 = CARTESIAN_POINT('',(4.750589124566,4.59327895114));
#3751 = CARTESIAN_POINT('',(4.77597909687,4.778130366323));
#3752 = CARTESIAN_POINT('',(4.789096321714,4.914801727206));
#3753 = CARTESIAN_POINT('',(4.800740588296,5.075278140541));
#3754 = CARTESIAN_POINT('',(4.810907984517,5.253948501788));
#3755 = CARTESIAN_POINT('',(4.819624179078,5.446262205331));
#3756 = CARTESIAN_POINT('',(4.826930721608,5.648520232822));
#3757 = CARTESIAN_POINT('',(4.832877413536,5.857756072252));
#3758 = CARTESIAN_POINT('',(4.840770300128,6.221932055282));
#3759 = CARTESIAN_POINT('',(4.843387668397,6.374904555151));
#3760 = CARTESIAN_POINT('',(4.845377279286,6.529792467641));
#3761 = CARTESIAN_POINT('',(4.846749233246,6.685987196815));
#3762 = CARTESIAN_POINT('',(4.847510127176,6.842946071854));
#3763 = CARTESIAN_POINT('',(4.84766289165,7.000161878803));
#3764 = CARTESIAN_POINT('',(4.847206582327,7.157132846105));
#3765 = CARTESIAN_POINT('',(4.84440133866,7.566471864945));
#3766 = CARTESIAN_POINT('',(4.841055451826,7.817311112995));
#3767 = CARTESIAN_POINT('',(4.836081227361,8.063912612919));
#3768 = CARTESIAN_POINT('',(4.829424259709,8.303867427155));
#3769 = CARTESIAN_POINT('',(4.821010012511,8.533881179414));
#3770 = CARTESIAN_POINT('',(4.810755127695,8.749494712242));
#3771 = CARTESIAN_POINT('',(4.798585188183,8.944651076873));
#3772 = CARTESIAN_POINT('',(4.773107812048,9.244603018553));
#3773 = CARTESIAN_POINT('',(4.76018895564,9.363074661493));
#3774 = CARTESIAN_POINT('',(4.745982911721,9.455377351699));
#3775 = CARTESIAN_POINT('',(4.730872360002,9.513996494935));
#3776 = CARTESIAN_POINT('',(4.715321427858,9.534718703874));
#3777 = CARTESIAN_POINT('',(4.699823042846,9.516641298646));
#3778 = CARTESIAN_POINT('',(4.684857508109,9.462268070526));
#3779 = CARTESIAN_POINT('',(4.654709337009,9.280224633726));
#3780 = CARTESIAN_POINT('',(4.640120026649,9.144436063428));
#3781 = CARTESIAN_POINT('',(4.62718749613,8.979266085823));
#3782 = CARTESIAN_POINT('',(4.615937921217,8.791819672242));
#3783 = CARTESIAN_POINT('',(4.606353484932,8.587892724175));
#3784 = CARTESIAN_POINT('',(4.598390950085,8.372232296368));
#3785 = CARTESIAN_POINT('',(4.591990764237,8.148669171745));
#3786 = CARTESIAN_POINT('',(4.581805012313,7.67391175572));
#3787 = CARTESIAN_POINT('',(4.578238698511,7.420660998342));
#3788 = CARTESIAN_POINT('',(4.576329091186,7.163553386286));
#3789 = CARTESIAN_POINT('',(4.576042566371,6.9048968895));
#3790 = CARTESIAN_POINT('',(4.577372954018,6.646800939818));
#3791 = CARTESIAN_POINT('',(4.580340232769,6.391456913646));
#3792 = CARTESIAN_POINT('',(4.58498973037,6.141426368763));
#3793 = CARTESIAN_POINT('',(4.594286445932,5.791035635198));
#3794 = CARTESIAN_POINT('',(4.597540392564,5.683692747225));
#3795 = CARTESIAN_POINT('',(4.601159638686,5.57844937144));
#3796 = CARTESIAN_POINT('',(4.605151346457,5.475678811897));
#3797 = CARTESIAN_POINT('',(4.609522947452,5.375811125435));
#3798 = CARTESIAN_POINT('',(4.614281712554,5.279342899624));
#3799 = CARTESIAN_POINT('',(4.619434307939,5.186847399915));
#3800 = CARTESIAN_POINT('',(4.629325482313,5.030316979831));
#3801 = CARTESIAN_POINT('',(4.633913058403,4.964408298574));
#3802 = CARTESIAN_POINT('',(4.638746639817,4.901679814297));
#3803 = CARTESIAN_POINT('',(4.643822124769,4.842556349837));
#3804 = CARTESIAN_POINT('',(4.649133733982,4.78746709173));
#3805 = CARTESIAN_POINT('',(4.65467400936,4.736845903151));
#3806 = CARTESIAN_POINT('',(4.660433812661,4.691131636839));
#3807 = CARTESIAN_POINT('',(4.666402324174,4.650768448035));
#3808 = ( GEOMETRIC_REPRESENTATION_CONTEXT(2) 
PARAMETRIC_REPRESENTATION_CONTEXT() REPRESENTATION_CONTEXT('2D SPACE',''
  ) );
#3809 = PCURVE('',#3810,#3815);
#3810 = CYLINDRICAL_SURFACE('',#3811,2.5);
#3811 = AXIS2_PLACEMENT_3D('',#3812,#3813,#3814);
#3812 = CARTESIAN_POINT('',(235.19387763769,-13.6,657.48997859243));
#3813 = DIRECTION('',(0.,-1.,0.));
#3814 = DIRECTION('',(0.,-0.,-1.));
#3815 = DEFINITIONAL_REPRESENTATION('',(#3816),#3882);
#3816 = B_SPLINE_CURVE_WITH_KNOTS('',8,(#3817,#3818,#3819,#3820,#3821,
    #3822,#3823,#3824,#3825,#3826,#3827,#3828,#3829,#3830,#3831,#3832,
    #3833,#3834,#3835,#3836,#3837,#3838,#3839,#3840,#3841,#3842,#3843,
    #3844,#3845,#3846,#3847,#3848,#3849,#3850,#3851,#3852,#3853,#3854,
    #3855,#3856,#3857,#3858,#3859,#3860,#3861,#3862,#3863,#3864,#3865,
    #3866,#3867,#3868,#3869,#3870,#3871,#3872,#3873,#3874,#3875,#3876,
    #3877,#3878,#3879,#3880,#3881),.UNSPECIFIED.,.F.,.F.,(9,7,7,7,7,7,7,
    7,7,9),(0.,9.809965180236E-02,0.229305935702,0.321564284832,
    0.471078564497,0.591453190147,0.730020362962,0.879535295434,
    0.947153511003,1.),.UNSPECIFIED.);
#3817 = CARTESIAN_POINT('',(0.,4.980336081049));
#3818 = CARTESIAN_POINT('',(8.736285855907E-02,4.98978083806));
#3819 = CARTESIAN_POINT('',(0.177558584116,4.997278327273));
#3820 = CARTESIAN_POINT('',(0.269413474329,5.002013679533));
#3821 = CARTESIAN_POINT('',(0.362004283909,5.003375241888));
#3822 = CARTESIAN_POINT('',(0.454513422203,5.001164604165));
#3823 = CARTESIAN_POINT('',(0.5461171982,4.995658212993));
#3824 = CARTESIAN_POINT('',(0.635872376814,4.987526745025));
#3825 = CARTESIAN_POINT('',(0.83851767859,4.964366216403));
#3826 = CARTESIAN_POINT('',(0.949138054217,4.947919356873));
#3827 = CARTESIAN_POINT('',(1.055327378013,4.929863902102));
#3828 = CARTESIAN_POINT('',(1.157730584023,4.911623847348));
#3829 = CARTESIAN_POINT('',(1.256878601252,4.894305400475));
#3830 = CARTESIAN_POINT('',(1.353243816276,4.878699341088));
#3831 = CARTESIAN_POINT('',(1.447262962305,4.865349064091));
#3832 = CARTESIAN_POINT('',(1.604153233534,4.847027980758));
#3833 = CARTESIAN_POINT('',(1.668137473773,4.840728547296));
#3834 = CARTESIAN_POINT('',(1.731524395966,4.835816703281));
#3835 = CARTESIAN_POINT('',(1.794490500711,4.832375465908));
#3836 = CARTESIAN_POINT('',(1.8572047057,4.830454791813));
#3837 = CARTESIAN_POINT('',(1.919834233877,4.830075716378));
#3838 = CARTESIAN_POINT('',(1.982549198243,4.831231626407));
#3839 = CARTESIAN_POINT('',(2.147586171608,4.838189435114));
#3840 = CARTESIAN_POINT('',(2.250222616761,4.846424345964));
#3841 = CARTESIAN_POINT('',(2.354306827873,4.858430691879));
#3842 = CARTESIAN_POINT('',(2.460624638325,4.873859020602));
#3843 = CARTESIAN_POINT('',(2.569963288766,4.892126424436));
#3844 = CARTESIAN_POINT('',(2.683148643363,4.912266352076));
#3845 = CARTESIAN_POINT('',(2.801125221403,4.932792914903));
#3846 = CARTESIAN_POINT('',(3.025042311396,4.966921566901));
#3847 = CARTESIAN_POINT('',(3.131444344439,4.981489598929));
#3848 = CARTESIAN_POINT('',(3.241903395496,4.993729120427));
#3849 = CARTESIAN_POINT('',(3.35477014767,5.001922841839));
#3850 = CARTESIAN_POINT('',(3.46876107358,5.004802623034));
#3851 = CARTESIAN_POINT('',(3.582684765189,5.002166437627));
#3852 = CARTESIAN_POINT('',(3.695274564503,4.994776674849));
#3853 = CARTESIAN_POINT('',(3.93091653904,4.971485931802));
#3854 = CARTESIAN_POINT('',(4.050757452877,4.95468653066));
#3855 = CARTESIAN_POINT('',(4.165462900756,4.935498336502));
#3856 = CARTESIAN_POINT('',(4.27579367223,4.915756181297));
#3857 = CARTESIAN_POINT('',(4.382356126069,4.896898915362));
#3858 = CARTESIAN_POINT('',(4.485675863227,4.879944099118));
#3859 = CARTESIAN_POINT('',(4.586221696772,4.865574003462));
#3860 = CARTESIAN_POINT('',(4.790467522831,4.841897821886));
#3861 = CARTESIAN_POINT('',(4.894334272451,4.833018817031));
#3862 = CARTESIAN_POINT('',(4.996949210768,4.828072681607));
#3863 = CARTESIAN_POINT('',(5.099061894948,4.827307535643));
#3864 = CARTESIAN_POINT('',(5.201380697318,4.830772658805));
#3865 = CARTESIAN_POINT('',(5.304614680116,4.838334835449));
#3866 = CARTESIAN_POINT('',(5.409517220081,4.849637989685));
#3867 = CARTESIAN_POINT('',(5.565588478035,4.870509757032));
#3868 = CARTESIAN_POINT('',(5.614723826726,4.877638240098));
#3869 = CARTESIAN_POINT('',(5.664472072204,4.885333105789));
#3870 = CARTESIAN_POINT('',(5.714915423518,4.893518149294));
#3871 = CARTESIAN_POINT('',(5.766138063272,4.90210034608));
#3872 = CARTESIAN_POINT('',(5.818227570612,4.910967437392));
#3873 = CARTESIAN_POINT('',(5.871277742108,4.919986064362));
#3874 = CARTESIAN_POINT('',(5.967686020175,4.936045574094));
#3875 = CARTESIAN_POINT('',(6.010672995582,4.943095239587));
#3876 = CARTESIAN_POINT('',(6.054347874474,4.950065768099));
#3877 = CARTESIAN_POINT('',(6.098709294644,4.956864876267));
#3878 = CARTESIAN_POINT('',(6.143761012893,4.963394101322));
#3879 = CARTESIAN_POINT('',(6.18951252398,4.96955122595));
#3880 = CARTESIAN_POINT('',(6.235979679568,4.975232703142));
#3881 = CARTESIAN_POINT('',(6.28318530718,4.980336081049));
#3882 = ( GEOMETRIC_REPRESENTATION_CONTEXT(2) 
PARAMETRIC_REPRESENTATION_CONTEXT() REPRESENTATION_CONTEXT('2D SPACE',''
  ) );
#3883 = ADVANCED_FACE('',(#3884,#4147),#3573,.F.);
#3884 = FACE_BOUND('',#3885,.F.);
#3885 = EDGE_LOOP('',(#3886,#3909,#3910,#3933,#3961,#3989,#4015,#4041,
    #4067,#4093,#4121));
#3886 = ORIENTED_EDGE('',*,*,#3887,.T.);
#3887 = EDGE_CURVE('',#3888,#3550,#3890,.T.);
#3888 = VERTEX_POINT('',#3889);
#3889 = CARTESIAN_POINT('',(221.04942851514,-7.,644.8925757244));
#3890 = SURFACE_CURVE('',#3891,(#3895,#3902),.PCURVE_S1.);
#3891 = LINE('',#3892,#3893);
#3892 = CARTESIAN_POINT('',(221.04942851514,-7.,644.8925757244));
#3893 = VECTOR('',#3894,1.);
#3894 = DIRECTION('',(0.,1.,0.));
#3895 = PCURVE('',#3573,#3896);
#3896 = DEFINITIONAL_REPRESENTATION('',(#3897),#3901);
#3897 = LINE('',#3898,#3899);
#3898 = CARTESIAN_POINT('',(-17.6,-7.));
#3899 = VECTOR('',#3900,1.);
#3900 = DIRECTION('',(0.,1.));
#3901 = ( GEOMETRIC_REPRESENTATION_CONTEXT(2) 
PARAMETRIC_REPRESENTATION_CONTEXT() REPRESENTATION_CONTEXT('2D SPACE',''
  ) );
#3902 = PCURVE('',#3657,#3903);
#3903 = DEFINITIONAL_REPRESENTATION('',(#3904),#3908);
#3904 = LINE('',#3905,#3906);
#3905 = CARTESIAN_POINT('',(0.,0.));
#3906 = VECTOR('',#3907,1.);
#3907 = DIRECTION('',(0.,-1.));
#3908 = ( GEOMETRIC_REPRESENTATION_CONTEXT(2) 
PARAMETRIC_REPRESENTATION_CONTEXT() REPRESENTATION_CONTEXT('2D SPACE',''
  ) );
#3909 = ORIENTED_EDGE('',*,*,#3549,.T.);
#3910 = ORIENTED_EDGE('',*,*,#3911,.T.);
#3911 = EDGE_CURVE('',#3552,#3912,#3914,.T.);
#3912 = VERTEX_POINT('',#3913);
#3913 = CARTESIAN_POINT('',(221.04942851514,7.,644.8925757244));
#3914 = SURFACE_CURVE('',#3915,(#3919,#3926),.PCURVE_S1.);
#3915 = LINE('',#3916,#3917);
#3916 = CARTESIAN_POINT('',(221.04942851514,-7.,644.8925757244));
#3917 = VECTOR('',#3918,1.);
#3918 = DIRECTION('',(0.,1.,0.));
#3919 = PCURVE('',#3573,#3920);
#3920 = DEFINITIONAL_REPRESENTATION('',(#3921),#3925);
#3921 = LINE('',#3922,#3923);
#3922 = CARTESIAN_POINT('',(-17.6,-7.));
#3923 = VECTOR('',#3924,1.);
#3924 = DIRECTION('',(0.,1.));
#3925 = ( GEOMETRIC_REPRESENTATION_CONTEXT(2) 
PARAMETRIC_REPRESENTATION_CONTEXT() REPRESENTATION_CONTEXT('2D SPACE',''
  ) );
#3926 = PCURVE('',#3600,#3927);
#3927 = DEFINITIONAL_REPRESENTATION('',(#3928),#3932);
#3928 = LINE('',#3929,#3930);
#3929 = CARTESIAN_POINT('',(0.,0.));
#3930 = VECTOR('',#3931,1.);
#3931 = DIRECTION('',(0.,-1.));
#3932 = ( GEOMETRIC_REPRESENTATION_CONTEXT(2) 
PARAMETRIC_REPRESENTATION_CONTEXT() REPRESENTATION_CONTEXT('2D SPACE',''
  ) );
#3933 = ORIENTED_EDGE('',*,*,#3934,.F.);
#3934 = EDGE_CURVE('',#3935,#3912,#3937,.T.);
#3935 = VERTEX_POINT('',#3936);
#3936 = CARTESIAN_POINT('',(211.65250230728,7.,641.47237429115));
#3937 = SURFACE_CURVE('',#3938,(#3942,#3949),.PCURVE_S1.);
#3938 = LINE('',#3939,#3940);
#3939 = CARTESIAN_POINT('',(211.65250230728,7.,641.47237429115));
#3940 = VECTOR('',#3941,1.);
#3941 = DIRECTION('',(0.939692620786,0.,0.342020143326));
#3942 = PCURVE('',#3573,#3943);
#3943 = DEFINITIONAL_REPRESENTATION('',(#3944),#3948);
#3944 = LINE('',#3945,#3946);
#3945 = CARTESIAN_POINT('',(-27.6,7.));
#3946 = VECTOR('',#3947,1.);
#3947 = DIRECTION('',(1.,0.));
#3948 = ( GEOMETRIC_REPRESENTATION_CONTEXT(2) 
PARAMETRIC_REPRESENTATION_CONTEXT() REPRESENTATION_CONTEXT('2D SPACE',''
  ) );
#3949 = PCURVE('',#3950,#3955);
#3950 = PLANE('',#3951);
#3951 = AXIS2_PLACEMENT_3D('',#3952,#3953,#3954);
#3952 = CARTESIAN_POINT('',(211.65250230728,7.,641.47237429115));
#3953 = DIRECTION('',(0.,1.,0.));
#3954 = DIRECTION('',(-0.342020143326,0.,0.939692620786));
#3955 = DEFINITIONAL_REPRESENTATION('',(#3956),#3960);
#3956 = LINE('',#3957,#3958);
#3957 = CARTESIAN_POINT('',(0.,0.));
#3958 = VECTOR('',#3959,1.);
#3959 = DIRECTION('',(0.,1.));
#3960 = ( GEOMETRIC_REPRESENTATION_CONTEXT(2) 
PARAMETRIC_REPRESENTATION_CONTEXT() REPRESENTATION_CONTEXT('2D SPACE',''
  ) );
#3961 = ORIENTED_EDGE('',*,*,#3962,.F.);
#3962 = EDGE_CURVE('',#3963,#3935,#3965,.T.);
#3963 = VERTEX_POINT('',#3964);
#3964 = CARTESIAN_POINT('',(211.65250230728,1.,641.47237429115));
#3965 = SURFACE_CURVE('',#3966,(#3970,#3977),.PCURVE_S1.);
#3966 = LINE('',#3967,#3968);
#3967 = CARTESIAN_POINT('',(211.65250230728,-7.,641.47237429115));
#3968 = VECTOR('',#3969,1.);
#3969 = DIRECTION('',(0.,1.,0.));
#3970 = PCURVE('',#3573,#3971);
#3971 = DEFINITIONAL_REPRESENTATION('',(#3972),#3976);
#3972 = LINE('',#3973,#3974);
#3973 = CARTESIAN_POINT('',(-27.6,-7.));
#3974 = VECTOR('',#3975,1.);
#3975 = DIRECTION('',(0.,1.));
#3976 = ( GEOMETRIC_REPRESENTATION_CONTEXT(2) 
PARAMETRIC_REPRESENTATION_CONTEXT() REPRESENTATION_CONTEXT('2D SPACE',''
  ) );
#3977 = PCURVE('',#3978,#3983);
#3978 = PLANE('',#3979);
#3979 = AXIS2_PLACEMENT_3D('',#3980,#3981,#3982);
#3980 = CARTESIAN_POINT('',(211.65250230728,-7.,641.47237429115));
#3981 = DIRECTION('',(0.939692620786,0.,0.342020143326));
#3982 = DIRECTION('',(-0.342020143326,0.,0.939692620786));
#3983 = DEFINITIONAL_REPRESENTATION('',(#3984),#3988);
#3984 = LINE('',#3985,#3986);
#3985 = CARTESIAN_POINT('',(0.,0.));
#3986 = VECTOR('',#3987,1.);
#3987 = DIRECTION('',(0.,-1.));
#3988 = ( GEOMETRIC_REPRESENTATION_CONTEXT(2) 
PARAMETRIC_REPRESENTATION_CONTEXT() REPRESENTATION_CONTEXT('2D SPACE',''
  ) );
#3989 = ORIENTED_EDGE('',*,*,#3990,.F.);
#3990 = EDGE_CURVE('',#3991,#3963,#3993,.T.);
#3991 = VERTEX_POINT('',#3992);
#3992 = CARTESIAN_POINT('',(223.86850637749,1.,645.91863615438));
#3993 = SURFACE_CURVE('',#3994,(#3998,#4004),.PCURVE_S1.);
#3994 = LINE('',#3995,#3996);
#3995 = CARTESIAN_POINT('',(224.15041416373,1.,646.02124219738));
#3996 = VECTOR('',#3997,1.);
#3997 = DIRECTION('',(-0.939692620786,0.,-0.342020143326));
#3998 = PCURVE('',#3573,#3999);
#3999 = DEFINITIONAL_REPRESENTATION('',(#4000),#4003);
#4000 = B_SPLINE_CURVE_WITH_KNOTS('',1,(#4001,#4002),.UNSPECIFIED.,.F.,
  .F.,(2,2),(0.3,13.3),.PIECEWISE_BEZIER_KNOTS.);
#4001 = CARTESIAN_POINT('',(-14.6,1.));
#4002 = CARTESIAN_POINT('',(-27.6,1.));
#4003 = ( GEOMETRIC_REPRESENTATION_CONTEXT(2) 
PARAMETRIC_REPRESENTATION_CONTEXT() REPRESENTATION_CONTEXT('2D SPACE',''
  ) );
#4004 = PCURVE('',#4005,#4010);
#4005 = PLANE('',#4006);
#4006 = AXIS2_PLACEMENT_3D('',#4007,#4008,#4009);
#4007 = CARTESIAN_POINT('',(211.05482982982,1.,640.19066152703));
#4008 = DIRECTION('',(0.,1.,0.));
#4009 = DIRECTION('',(-0.342020143326,0.,0.939692620786));
#4010 = DEFINITIONAL_REPRESENTATION('',(#4011),#4014);
#4011 = B_SPLINE_CURVE_WITH_KNOTS('',1,(#4012,#4013),.UNSPECIFIED.,.F.,
  .F.,(2,2),(0.3,13.3),.PIECEWISE_BEZIER_KNOTS.);
#4012 = CARTESIAN_POINT('',(1.,14.));
#4013 = CARTESIAN_POINT('',(1.,1.));
#4014 = ( GEOMETRIC_REPRESENTATION_CONTEXT(2) 
PARAMETRIC_REPRESENTATION_CONTEXT() REPRESENTATION_CONTEXT('2D SPACE',''
  ) );
#4015 = ORIENTED_EDGE('',*,*,#4016,.F.);
#4016 = EDGE_CURVE('',#4017,#3991,#4019,.T.);
#4017 = VERTEX_POINT('',#4018);
#4018 = CARTESIAN_POINT('',(223.86850637749,1.787984326755E-15,
    645.91863615438));
#4019 = SURFACE_CURVE('',#4020,(#4024,#4030),.PCURVE_S1.);
#4020 = LINE('',#4021,#4022);
#4021 = CARTESIAN_POINT('',(223.86850637749,-0.5,645.91863615438));
#4022 = VECTOR('',#4023,1.);
#4023 = DIRECTION('',(0.,1.,-0.));
#4024 = PCURVE('',#3573,#4025);
#4025 = DEFINITIONAL_REPRESENTATION('',(#4026),#4029);
#4026 = B_SPLINE_CURVE_WITH_KNOTS('',1,(#4027,#4028),.UNSPECIFIED.,.F.,
  .F.,(2,2),(-0.5,1.5),.PIECEWISE_BEZIER_KNOTS.);
#4027 = CARTESIAN_POINT('',(-14.6,-1.));
#4028 = CARTESIAN_POINT('',(-14.6,1.));
#4029 = ( GEOMETRIC_REPRESENTATION_CONTEXT(2) 
PARAMETRIC_REPRESENTATION_CONTEXT() REPRESENTATION_CONTEXT('2D SPACE',''
  ) );
#4030 = PCURVE('',#4031,#4036);
#4031 = PLANE('',#4032);
#4032 = AXIS2_PLACEMENT_3D('',#4033,#4034,#4035);
#4033 = CARTESIAN_POINT('',(224.21052652082,-1.,644.97894353359));
#4034 = DIRECTION('',(0.939692620786,0.,0.342020143326));
#4035 = DIRECTION('',(-0.342020143326,0.,0.939692620786));
#4036 = DEFINITIONAL_REPRESENTATION('',(#4037),#4040);
#4037 = B_SPLINE_CURVE_WITH_KNOTS('',1,(#4038,#4039),.UNSPECIFIED.,.F.,
  .F.,(2,2),(-0.5,1.5),.PIECEWISE_BEZIER_KNOTS.);
#4038 = CARTESIAN_POINT('',(1.,0.));
#4039 = CARTESIAN_POINT('',(1.,-2.));
#4040 = ( GEOMETRIC_REPRESENTATION_CONTEXT(2) 
PARAMETRIC_REPRESENTATION_CONTEXT() REPRESENTATION_CONTEXT('2D SPACE',''
  ) );
#4041 = ORIENTED_EDGE('',*,*,#4042,.F.);
#4042 = EDGE_CURVE('',#4043,#4017,#4045,.T.);
#4043 = VERTEX_POINT('',#4044);
#4044 = CARTESIAN_POINT('',(223.86850637749,-1.,645.91863615438));
#4045 = SURFACE_CURVE('',#4046,(#4050,#4056),.PCURVE_S1.);
#4046 = LINE('',#4047,#4048);
#4047 = CARTESIAN_POINT('',(223.86850637749,-0.5,645.91863615438));
#4048 = VECTOR('',#4049,1.);
#4049 = DIRECTION('',(0.,1.,-0.));
#4050 = PCURVE('',#3573,#4051);
#4051 = DEFINITIONAL_REPRESENTATION('',(#4052),#4055);
#4052 = B_SPLINE_CURVE_WITH_KNOTS('',1,(#4053,#4054),.UNSPECIFIED.,.F.,
  .F.,(2,2),(-0.5,1.5),.PIECEWISE_BEZIER_KNOTS.);
#4053 = CARTESIAN_POINT('',(-14.6,-1.));
#4054 = CARTESIAN_POINT('',(-14.6,1.));
#4055 = ( GEOMETRIC_REPRESENTATION_CONTEXT(2) 
PARAMETRIC_REPRESENTATION_CONTEXT() REPRESENTATION_CONTEXT('2D SPACE',''
  ) );
#4056 = PCURVE('',#4057,#4062);
#4057 = PLANE('',#4058);
#4058 = AXIS2_PLACEMENT_3D('',#4059,#4060,#4061);
#4059 = CARTESIAN_POINT('',(224.21052652082,-1.,644.97894353359));
#4060 = DIRECTION('',(0.939692620786,0.,0.342020143326));
#4061 = DIRECTION('',(-0.342020143326,0.,0.939692620786));
#4062 = DEFINITIONAL_REPRESENTATION('',(#4063),#4066);
#4063 = B_SPLINE_CURVE_WITH_KNOTS('',1,(#4064,#4065),.UNSPECIFIED.,.F.,
  .F.,(2,2),(-0.5,1.5),.PIECEWISE_BEZIER_KNOTS.);
#4064 = CARTESIAN_POINT('',(1.,0.));
#4065 = CARTESIAN_POINT('',(1.,-2.));
#4066 = ( GEOMETRIC_REPRESENTATION_CONTEXT(2) 
PARAMETRIC_REPRESENTATION_CONTEXT() REPRESENTATION_CONTEXT('2D SPACE',''
  ) );
#4067 = ORIENTED_EDGE('',*,*,#4068,.T.);
#4068 = EDGE_CURVE('',#4043,#4069,#4071,.T.);
#4069 = VERTEX_POINT('',#4070);
#4070 = CARTESIAN_POINT('',(211.65250230728,-1.,641.47237429115));
#4071 = SURFACE_CURVE('',#4072,(#4076,#4082),.PCURVE_S1.);
#4072 = LINE('',#4073,#4074);
#4073 = CARTESIAN_POINT('',(224.15041416373,-1.,646.02124219738));
#4074 = VECTOR('',#4075,1.);
#4075 = DIRECTION('',(-0.939692620786,0.,-0.342020143326));
#4076 = PCURVE('',#3573,#4077);
#4077 = DEFINITIONAL_REPRESENTATION('',(#4078),#4081);
#4078 = B_SPLINE_CURVE_WITH_KNOTS('',1,(#4079,#4080),.UNSPECIFIED.,.F.,
  .F.,(2,2),(0.3,13.3),.PIECEWISE_BEZIER_KNOTS.);
#4079 = CARTESIAN_POINT('',(-14.6,-1.));
#4080 = CARTESIAN_POINT('',(-27.6,-1.));
#4081 = ( GEOMETRIC_REPRESENTATION_CONTEXT(2) 
PARAMETRIC_REPRESENTATION_CONTEXT() REPRESENTATION_CONTEXT('2D SPACE',''
  ) );
#4082 = PCURVE('',#4083,#4088);
#4083 = PLANE('',#4084);
#4084 = AXIS2_PLACEMENT_3D('',#4085,#4086,#4087);
#4085 = CARTESIAN_POINT('',(211.05482982982,-1.,640.19066152703));
#4086 = DIRECTION('',(0.,1.,0.));
#4087 = DIRECTION('',(-0.342020143326,0.,0.939692620786));
#4088 = DEFINITIONAL_REPRESENTATION('',(#4089),#4092);
#4089 = B_SPLINE_CURVE_WITH_KNOTS('',1,(#4090,#4091),.UNSPECIFIED.,.F.,
  .F.,(2,2),(0.3,13.3),.PIECEWISE_BEZIER_KNOTS.);
#4090 = CARTESIAN_POINT('',(1.,14.));
#4091 = CARTESIAN_POINT('',(1.,1.));
#4092 = ( GEOMETRIC_REPRESENTATION_CONTEXT(2) 
PARAMETRIC_REPRESENTATION_CONTEXT() REPRESENTATION_CONTEXT('2D SPACE',''
  ) );
#4093 = ORIENTED_EDGE('',*,*,#4094,.F.);
#4094 = EDGE_CURVE('',#4095,#4069,#4097,.T.);
#4095 = VERTEX_POINT('',#4096);
#4096 = CARTESIAN_POINT('',(211.65250230728,-7.,641.47237429115));
#4097 = SURFACE_CURVE('',#4098,(#4102,#4109),.PCURVE_S1.);
#4098 = LINE('',#4099,#4100);
#4099 = CARTESIAN_POINT('',(211.65250230728,-7.,641.47237429115));
#4100 = VECTOR('',#4101,1.);
#4101 = DIRECTION('',(0.,1.,0.));
#4102 = PCURVE('',#3573,#4103);
#4103 = DEFINITIONAL_REPRESENTATION('',(#4104),#4108);
#4104 = LINE('',#4105,#4106);
#4105 = CARTESIAN_POINT('',(-27.6,-7.));
#4106 = VECTOR('',#4107,1.);
#4107 = DIRECTION('',(0.,1.));
#4108 = ( GEOMETRIC_REPRESENTATION_CONTEXT(2) 
PARAMETRIC_REPRESENTATION_CONTEXT() REPRESENTATION_CONTEXT('2D SPACE',''
  ) );
#4109 = PCURVE('',#4110,#4115);
#4110 = PLANE('',#4111);
#4111 = AXIS2_PLACEMENT_3D('',#4112,#4113,#4114);
#4112 = CARTESIAN_POINT('',(211.65250230728,-7.,641.47237429115));
#4113 = DIRECTION('',(0.939692620786,0.,0.342020143326));
#4114 = DIRECTION('',(-0.342020143326,0.,0.939692620786));
#4115 = DEFINITIONAL_REPRESENTATION('',(#4116),#4120);
#4116 = LINE('',#4117,#4118);
#4117 = CARTESIAN_POINT('',(0.,0.));
#4118 = VECTOR('',#4119,1.);
#4119 = DIRECTION('',(0.,-1.));
#4120 = ( GEOMETRIC_REPRESENTATION_CONTEXT(2) 
PARAMETRIC_REPRESENTATION_CONTEXT() REPRESENTATION_CONTEXT('2D SPACE',''
  ) );
#4121 = ORIENTED_EDGE('',*,*,#4122,.T.);
#4122 = EDGE_CURVE('',#4095,#3888,#4123,.T.);
#4123 = SURFACE_CURVE('',#4124,(#4128,#4135),.PCURVE_S1.);
#4124 = LINE('',#4125,#4126);
#4125 = CARTESIAN_POINT('',(211.65250230728,-7.,641.47237429115));
#4126 = VECTOR('',#4127,1.);
#4127 = DIRECTION('',(0.939692620786,0.,0.342020143326));
#4128 = PCURVE('',#3573,#4129);
#4129 = DEFINITIONAL_REPRESENTATION('',(#4130),#4134);
#4130 = LINE('',#4131,#4132);
#4131 = CARTESIAN_POINT('',(-27.6,-7.));
#4132 = VECTOR('',#4133,1.);
#4133 = DIRECTION('',(1.,0.));
#4134 = ( GEOMETRIC_REPRESENTATION_CONTEXT(2) 
PARAMETRIC_REPRESENTATION_CONTEXT() REPRESENTATION_CONTEXT('2D SPACE',''
  ) );
#4135 = PCURVE('',#4136,#4141);
#4136 = PLANE('',#4137);
#4137 = AXIS2_PLACEMENT_3D('',#4138,#4139,#4140);
#4138 = CARTESIAN_POINT('',(211.65250230728,-7.,641.47237429115));
#4139 = DIRECTION('',(0.,1.,0.));
#4140 = DIRECTION('',(-0.342020143326,0.,0.939692620786));
#4141 = DEFINITIONAL_REPRESENTATION('',(#4142),#4146);
#4142 = LINE('',#4143,#4144);
#4143 = CARTESIAN_POINT('',(0.,0.));
#4144 = VECTOR('',#4145,1.);
#4145 = DIRECTION('',(0.,1.));
#4146 = ( GEOMETRIC_REPRESENTATION_CONTEXT(2) 
PARAMETRIC_REPRESENTATION_CONTEXT() REPRESENTATION_CONTEXT('2D SPACE',''
  ) );
#4147 = FACE_BOUND('',#4148,.F.);
#4148 = EDGE_LOOP('',(#4149,#4180));
#4149 = ORIENTED_EDGE('',*,*,#4150,.F.);
#4150 = EDGE_CURVE('',#4151,#4153,#4155,.T.);
#4151 = VERTEX_POINT('',#4152);
#4152 = CARTESIAN_POINT('',(223.86850637749,1.787984326755E-15,
    645.91863615438));
#4153 = VERTEX_POINT('',#4154);
#4154 = CARTESIAN_POINT('',(251.30753090444,-3.57596865351E-15,
    655.90562433949));
#4155 = SURFACE_CURVE('',#4156,(#4161,#4168),.PCURVE_S1.);
#4156 = CIRCLE('',#4157,14.6);
#4157 = AXIS2_PLACEMENT_3D('',#4158,#4159,#4160);
#4158 = CARTESIAN_POINT('',(237.58801864097,0.,650.91213024693));
#4159 = DIRECTION('',(-0.342020143326,0.,0.939692620786));
#4160 = DIRECTION('',(0.939692620786,0.,0.342020143326));
#4161 = PCURVE('',#3573,#4162);
#4162 = DEFINITIONAL_REPRESENTATION('',(#4163),#4167);
#4163 = CIRCLE('',#4164,14.6);
#4164 = AXIS2_PLACEMENT_2D('',#4165,#4166);
#4165 = CARTESIAN_POINT('',(0.,0.));
#4166 = DIRECTION('',(1.,0.));
#4167 = ( GEOMETRIC_REPRESENTATION_CONTEXT(2) 
PARAMETRIC_REPRESENTATION_CONTEXT() REPRESENTATION_CONTEXT('2D SPACE',''
  ) );
#4168 = PCURVE('',#4169,#4174);
#4169 = CYLINDRICAL_SURFACE('',#4170,14.6);
#4170 = AXIS2_PLACEMENT_3D('',#4171,#4172,#4173);
#4171 = CARTESIAN_POINT('',(237.58801864097,0.,650.91213024693));
#4172 = DIRECTION('',(-0.342020143326,0.,0.939692620786));
#4173 = DIRECTION('',(0.939692620786,0.,0.342020143326));
#4174 = DEFINITIONAL_REPRESENTATION('',(#4175),#4179);
#4175 = LINE('',#4176,#4177);
#4176 = CARTESIAN_POINT('',(0.,0.));
#4177 = VECTOR('',#4178,1.);
#4178 = DIRECTION('',(1.,0.));
#4179 = ( GEOMETRIC_REPRESENTATION_CONTEXT(2) 
PARAMETRIC_REPRESENTATION_CONTEXT() REPRESENTATION_CONTEXT('2D SPACE',''
  ) );
#4180 = ORIENTED_EDGE('',*,*,#4181,.F.);
#4181 = EDGE_CURVE('',#4153,#4151,#4182,.T.);
#4182 = SURFACE_CURVE('',#4183,(#4188,#4195),.PCURVE_S1.);
#4183 = CIRCLE('',#4184,14.6);
#4184 = AXIS2_PLACEMENT_3D('',#4185,#4186,#4187);
#4185 = CARTESIAN_POINT('',(237.58801864097,0.,650.91213024693));
#4186 = DIRECTION('',(-0.342020143326,0.,0.939692620786));
#4187 = DIRECTION('',(0.939692620786,0.,0.342020143326));
#4188 = PCURVE('',#3573,#4189);
#4189 = DEFINITIONAL_REPRESENTATION('',(#4190),#4194);
#4190 = CIRCLE('',#4191,14.6);
#4191 = AXIS2_PLACEMENT_2D('',#4192,#4193);
#4192 = CARTESIAN_POINT('',(0.,0.));
#4193 = DIRECTION('',(1.,0.));
#4194 = ( GEOMETRIC_REPRESENTATION_CONTEXT(2) 
PARAMETRIC_REPRESENTATION_CONTEXT() REPRESENTATION_CONTEXT('2D SPACE',''
  ) );
#4195 = PCURVE('',#4196,#4201);
#4196 = CYLINDRICAL_SURFACE('',#4197,14.6);
#4197 = AXIS2_PLACEMENT_3D('',#4198,#4199,#4200);
#4198 = CARTESIAN_POINT('',(237.58801864097,0.,650.91213024693));
#4199 = DIRECTION('',(-0.342020143326,0.,0.939692620786));
#4200 = DIRECTION('',(0.939692620786,0.,0.342020143326));
#4201 = DEFINITIONAL_REPRESENTATION('',(#4202),#4206);
#4202 = LINE('',#4203,#4204);
#4203 = CARTESIAN_POINT('',(0.,0.));
#4204 = VECTOR('',#4205,1.);
#4205 = DIRECTION('',(1.,0.));
#4206 = ( GEOMETRIC_REPRESENTATION_CONTEXT(2) 
PARAMETRIC_REPRESENTATION_CONTEXT() REPRESENTATION_CONTEXT('2D SPACE',''
  ) );
#4207 = ADVANCED_FACE('',(#4208),#3657,.T.);
#4208 = FACE_BOUND('',#4209,.T.);
#4209 = EDGE_LOOP('',(#4210,#4233,#4254,#4255));
#4210 = ORIENTED_EDGE('',*,*,#4211,.F.);
#4211 = EDGE_CURVE('',#4212,#3612,#4214,.T.);
#4212 = VERTEX_POINT('',#4213);
#4213 = CARTESIAN_POINT('',(216.26114650858,-7.,658.0482724154));
#4214 = SURFACE_CURVE('',#4215,(#4219,#4226),.PCURVE_S1.);
#4215 = LINE('',#4216,#4217);
#4216 = CARTESIAN_POINT('',(216.26114650858,-7.,658.0482724154));
#4217 = VECTOR('',#4218,1.);
#4218 = DIRECTION('',(0.,1.,0.));
#4219 = PCURVE('',#3657,#4220);
#4220 = DEFINITIONAL_REPRESENTATION('',(#4221),#4225);
#4221 = LINE('',#4222,#4223);
#4222 = CARTESIAN_POINT('',(14.,0.));
#4223 = VECTOR('',#4224,1.);
#4224 = DIRECTION('',(0.,-1.));
#4225 = ( GEOMETRIC_REPRESENTATION_CONTEXT(2) 
PARAMETRIC_REPRESENTATION_CONTEXT() REPRESENTATION_CONTEXT('2D SPACE',''
  ) );
#4226 = PCURVE('',#3628,#4227);
#4227 = DEFINITIONAL_REPRESENTATION('',(#4228),#4232);
#4228 = LINE('',#4229,#4230);
#4229 = CARTESIAN_POINT('',(-17.6,-7.));
#4230 = VECTOR('',#4231,1.);
#4231 = DIRECTION('',(0.,1.));
#4232 = ( GEOMETRIC_REPRESENTATION_CONTEXT(2) 
PARAMETRIC_REPRESENTATION_CONTEXT() REPRESENTATION_CONTEXT('2D SPACE',''
  ) );
#4233 = ORIENTED_EDGE('',*,*,#4234,.F.);
#4234 = EDGE_CURVE('',#3888,#4212,#4235,.T.);
#4235 = SURFACE_CURVE('',#4236,(#4240,#4247),.PCURVE_S1.);
#4236 = LINE('',#4237,#4238);
#4237 = CARTESIAN_POINT('',(221.04942851514,-7.,644.8925757244));
#4238 = VECTOR('',#4239,1.);
#4239 = DIRECTION('',(-0.342020143326,0.,0.939692620786));
#4240 = PCURVE('',#3657,#4241);
#4241 = DEFINITIONAL_REPRESENTATION('',(#4242),#4246);
#4242 = LINE('',#4243,#4244);
#4243 = CARTESIAN_POINT('',(0.,0.));
#4244 = VECTOR('',#4245,1.);
#4245 = DIRECTION('',(1.,0.));
#4246 = ( GEOMETRIC_REPRESENTATION_CONTEXT(2) 
PARAMETRIC_REPRESENTATION_CONTEXT() REPRESENTATION_CONTEXT('2D SPACE',''
  ) );
#4247 = PCURVE('',#4136,#4248);
#4248 = DEFINITIONAL_REPRESENTATION('',(#4249),#4253);
#4249 = LINE('',#4250,#4251);
#4250 = CARTESIAN_POINT('',(0.,10.));
#4251 = VECTOR('',#4252,1.);
#4252 = DIRECTION('',(1.,0.));
#4253 = ( GEOMETRIC_REPRESENTATION_CONTEXT(2) 
PARAMETRIC_REPRESENTATION_CONTEXT() REPRESENTATION_CONTEXT('2D SPACE',''
  ) );
#4254 = ORIENTED_EDGE('',*,*,#3887,.T.);
#4255 = ORIENTED_EDGE('',*,*,#3644,.T.);
#4256 = ADVANCED_FACE('',(#4257),#3600,.T.);
#4257 = FACE_BOUND('',#4258,.T.);
#4258 = EDGE_LOOP('',(#4259,#4282,#4283,#4284));
#4259 = ORIENTED_EDGE('',*,*,#4260,.F.);
#4260 = EDGE_CURVE('',#3586,#4261,#4263,.T.);
#4261 = VERTEX_POINT('',#4262);
#4262 = CARTESIAN_POINT('',(216.26114650858,7.,658.0482724154));
#4263 = SURFACE_CURVE('',#4264,(#4268,#4275),.PCURVE_S1.);
#4264 = LINE('',#4265,#4266);
#4265 = CARTESIAN_POINT('',(216.26114650858,-7.,658.0482724154));
#4266 = VECTOR('',#4267,1.);
#4267 = DIRECTION('',(0.,1.,0.));
#4268 = PCURVE('',#3600,#4269);
#4269 = DEFINITIONAL_REPRESENTATION('',(#4270),#4274);
#4270 = LINE('',#4271,#4272);
#4271 = CARTESIAN_POINT('',(14.,0.));
#4272 = VECTOR('',#4273,1.);
#4273 = DIRECTION('',(0.,-1.));
#4274 = ( GEOMETRIC_REPRESENTATION_CONTEXT(2) 
PARAMETRIC_REPRESENTATION_CONTEXT() REPRESENTATION_CONTEXT('2D SPACE',''
  ) );
#4275 = PCURVE('',#3628,#4276);
#4276 = DEFINITIONAL_REPRESENTATION('',(#4277),#4281);
#4277 = LINE('',#4278,#4279);
#4278 = CARTESIAN_POINT('',(-17.6,-7.));
#4279 = VECTOR('',#4280,1.);
#4280 = DIRECTION('',(0.,1.));
#4281 = ( GEOMETRIC_REPRESENTATION_CONTEXT(2) 
PARAMETRIC_REPRESENTATION_CONTEXT() REPRESENTATION_CONTEXT('2D SPACE',''
  ) );
#4282 = ORIENTED_EDGE('',*,*,#3585,.F.);
#4283 = ORIENTED_EDGE('',*,*,#3911,.T.);
#4284 = ORIENTED_EDGE('',*,*,#4285,.T.);
#4285 = EDGE_CURVE('',#3912,#4261,#4286,.T.);
#4286 = SURFACE_CURVE('',#4287,(#4291,#4298),.PCURVE_S1.);
#4287 = LINE('',#4288,#4289);
#4288 = CARTESIAN_POINT('',(221.04942851514,7.,644.8925757244));
#4289 = VECTOR('',#4290,1.);
#4290 = DIRECTION('',(-0.342020143326,0.,0.939692620786));
#4291 = PCURVE('',#3600,#4292);
#4292 = DEFINITIONAL_REPRESENTATION('',(#4293),#4297);
#4293 = LINE('',#4294,#4295);
#4294 = CARTESIAN_POINT('',(0.,-14.));
#4295 = VECTOR('',#4296,1.);
#4296 = DIRECTION('',(1.,0.));
#4297 = ( GEOMETRIC_REPRESENTATION_CONTEXT(2) 
PARAMETRIC_REPRESENTATION_CONTEXT() REPRESENTATION_CONTEXT('2D SPACE',''
  ) );
#4298 = PCURVE('',#3950,#4299);
#4299 = DEFINITIONAL_REPRESENTATION('',(#4300),#4304);
#4300 = LINE('',#4301,#4302);
#4301 = CARTESIAN_POINT('',(0.,10.));
#4302 = VECTOR('',#4303,1.);
#4303 = DIRECTION('',(1.,0.));
#4304 = ( GEOMETRIC_REPRESENTATION_CONTEXT(2) 
PARAMETRIC_REPRESENTATION_CONTEXT() REPRESENTATION_CONTEXT('2D SPACE',''
  ) );
#4305 = ADVANCED_FACE('',(#4306,#4485),#3628,.T.);
#4306 = FACE_BOUND('',#4307,.T.);
#4307 = EDGE_LOOP('',(#4308,#4309,#4310,#4333,#4356,#4377,#4398,#4419,
    #4440,#4463,#4484));
#4308 = ORIENTED_EDGE('',*,*,#3611,.F.);
#4309 = ORIENTED_EDGE('',*,*,#4260,.T.);
#4310 = ORIENTED_EDGE('',*,*,#4311,.F.);
#4311 = EDGE_CURVE('',#4312,#4261,#4314,.T.);
#4312 = VERTEX_POINT('',#4313);
#4313 = CARTESIAN_POINT('',(206.86422030072,7.,654.62807098215));
#4314 = SURFACE_CURVE('',#4315,(#4319,#4326),.PCURVE_S1.);
#4315 = LINE('',#4316,#4317);
#4316 = CARTESIAN_POINT('',(206.86422030072,7.,654.62807098215));
#4317 = VECTOR('',#4318,1.);
#4318 = DIRECTION('',(0.939692620786,0.,0.342020143326));
#4319 = PCURVE('',#3628,#4320);
#4320 = DEFINITIONAL_REPRESENTATION('',(#4321),#4325);
#4321 = LINE('',#4322,#4323);
#4322 = CARTESIAN_POINT('',(-27.6,7.));
#4323 = VECTOR('',#4324,1.);
#4324 = DIRECTION('',(1.,0.));
#4325 = ( GEOMETRIC_REPRESENTATION_CONTEXT(2) 
PARAMETRIC_REPRESENTATION_CONTEXT() REPRESENTATION_CONTEXT('2D SPACE',''
  ) );
#4326 = PCURVE('',#3950,#4327);
#4327 = DEFINITIONAL_REPRESENTATION('',(#4328),#4332);
#4328 = LINE('',#4329,#4330);
#4329 = CARTESIAN_POINT('',(14.,0.));
#4330 = VECTOR('',#4331,1.);
#4331 = DIRECTION('',(0.,1.));
#4332 = ( GEOMETRIC_REPRESENTATION_CONTEXT(2) 
PARAMETRIC_REPRESENTATION_CONTEXT() REPRESENTATION_CONTEXT('2D SPACE',''
  ) );
#4333 = ORIENTED_EDGE('',*,*,#4334,.F.);
#4334 = EDGE_CURVE('',#4335,#4312,#4337,.T.);
#4335 = VERTEX_POINT('',#4336);
#4336 = CARTESIAN_POINT('',(206.86422030072,1.,654.62807098215));
#4337 = SURFACE_CURVE('',#4338,(#4342,#4349),.PCURVE_S1.);
#4338 = LINE('',#4339,#4340);
#4339 = CARTESIAN_POINT('',(206.86422030072,-7.,654.62807098215));
#4340 = VECTOR('',#4341,1.);
#4341 = DIRECTION('',(0.,1.,0.));
#4342 = PCURVE('',#3628,#4343);
#4343 = DEFINITIONAL_REPRESENTATION('',(#4344),#4348);
#4344 = LINE('',#4345,#4346);
#4345 = CARTESIAN_POINT('',(-27.6,-7.));
#4346 = VECTOR('',#4347,1.);
#4347 = DIRECTION('',(0.,1.));
#4348 = ( GEOMETRIC_REPRESENTATION_CONTEXT(2) 
PARAMETRIC_REPRESENTATION_CONTEXT() REPRESENTATION_CONTEXT('2D SPACE',''
  ) );
#4349 = PCURVE('',#3978,#4350);
#4350 = DEFINITIONAL_REPRESENTATION('',(#4351),#4355);
#4351 = LINE('',#4352,#4353);
#4352 = CARTESIAN_POINT('',(14.,0.));
#4353 = VECTOR('',#4354,1.);
#4354 = DIRECTION('',(0.,-1.));
#4355 = ( GEOMETRIC_REPRESENTATION_CONTEXT(2) 
PARAMETRIC_REPRESENTATION_CONTEXT() REPRESENTATION_CONTEXT('2D SPACE',''
  ) );
#4356 = ORIENTED_EDGE('',*,*,#4357,.F.);
#4357 = EDGE_CURVE('',#4358,#4335,#4360,.T.);
#4358 = VERTEX_POINT('',#4359);
#4359 = CARTESIAN_POINT('',(219.08022437094,1.,659.07433284538));
#4360 = SURFACE_CURVE('',#4361,(#4365,#4371),.PCURVE_S1.);
#4361 = LINE('',#4362,#4363);
#4362 = CARTESIAN_POINT('',(219.36213215717,1.,659.17693888838));
#4363 = VECTOR('',#4364,1.);
#4364 = DIRECTION('',(-0.939692620786,0.,-0.342020143326));
#4365 = PCURVE('',#3628,#4366);
#4366 = DEFINITIONAL_REPRESENTATION('',(#4367),#4370);
#4367 = B_SPLINE_CURVE_WITH_KNOTS('',1,(#4368,#4369),.UNSPECIFIED.,.F.,
  .F.,(2,2),(0.3,13.3),.PIECEWISE_BEZIER_KNOTS.);
#4368 = CARTESIAN_POINT('',(-14.6,1.));
#4369 = CARTESIAN_POINT('',(-27.6,1.));
#4370 = ( GEOMETRIC_REPRESENTATION_CONTEXT(2) 
PARAMETRIC_REPRESENTATION_CONTEXT() REPRESENTATION_CONTEXT('2D SPACE',''
  ) );
#4371 = PCURVE('',#4005,#4372);
#4372 = DEFINITIONAL_REPRESENTATION('',(#4373),#4376);
#4373 = B_SPLINE_CURVE_WITH_KNOTS('',1,(#4374,#4375),.UNSPECIFIED.,.F.,
  .F.,(2,2),(0.3,13.3),.PIECEWISE_BEZIER_KNOTS.);
#4374 = CARTESIAN_POINT('',(15.,14.));
#4375 = CARTESIAN_POINT('',(15.,1.));
#4376 = ( GEOMETRIC_REPRESENTATION_CONTEXT(2) 
PARAMETRIC_REPRESENTATION_CONTEXT() REPRESENTATION_CONTEXT('2D SPACE',''
  ) );
#4377 = ORIENTED_EDGE('',*,*,#4378,.F.);
#4378 = EDGE_CURVE('',#4379,#4358,#4381,.T.);
#4379 = VERTEX_POINT('',#4380);
#4380 = CARTESIAN_POINT('',(219.08022437094,1.787984326755E-15,
    659.07433284538));
#4381 = SURFACE_CURVE('',#4382,(#4386,#4392),.PCURVE_S1.);
#4382 = LINE('',#4383,#4384);
#4383 = CARTESIAN_POINT('',(219.08022437094,-0.5,659.07433284538));
#4384 = VECTOR('',#4385,1.);
#4385 = DIRECTION('',(0.,1.,-0.));
#4386 = PCURVE('',#3628,#4387);
#4387 = DEFINITIONAL_REPRESENTATION('',(#4388),#4391);
#4388 = B_SPLINE_CURVE_WITH_KNOTS('',1,(#4389,#4390),.UNSPECIFIED.,.F.,
  .F.,(2,2),(-0.5,1.5),.PIECEWISE_BEZIER_KNOTS.);
#4389 = CARTESIAN_POINT('',(-14.6,-1.));
#4390 = CARTESIAN_POINT('',(-14.6,1.));
#4391 = ( GEOMETRIC_REPRESENTATION_CONTEXT(2) 
PARAMETRIC_REPRESENTATION_CONTEXT() REPRESENTATION_CONTEXT('2D SPACE',''
  ) );
#4392 = PCURVE('',#4031,#4393);
#4393 = DEFINITIONAL_REPRESENTATION('',(#4394),#4397);
#4394 = B_SPLINE_CURVE_WITH_KNOTS('',1,(#4395,#4396),.UNSPECIFIED.,.F.,
  .F.,(2,2),(-0.5,1.5),.PIECEWISE_BEZIER_KNOTS.);
#4395 = CARTESIAN_POINT('',(15.,0.));
#4396 = CARTESIAN_POINT('',(15.,-2.));
#4397 = ( GEOMETRIC_REPRESENTATION_CONTEXT(2) 
PARAMETRIC_REPRESENTATION_CONTEXT() REPRESENTATION_CONTEXT('2D SPACE',''
  ) );
#4398 = ORIENTED_EDGE('',*,*,#4399,.F.);
#4399 = EDGE_CURVE('',#4400,#4379,#4402,.T.);
#4400 = VERTEX_POINT('',#4401);
#4401 = CARTESIAN_POINT('',(219.08022437094,-1.,659.07433284538));
#4402 = SURFACE_CURVE('',#4403,(#4407,#4413),.PCURVE_S1.);
#4403 = LINE('',#4404,#4405);
#4404 = CARTESIAN_POINT('',(219.08022437094,-0.5,659.07433284538));
#4405 = VECTOR('',#4406,1.);
#4406 = DIRECTION('',(0.,1.,-0.));
#4407 = PCURVE('',#3628,#4408);
#4408 = DEFINITIONAL_REPRESENTATION('',(#4409),#4412);
#4409 = B_SPLINE_CURVE_WITH_KNOTS('',1,(#4410,#4411),.UNSPECIFIED.,.F.,
  .F.,(2,2),(-0.5,1.5),.PIECEWISE_BEZIER_KNOTS.);
#4410 = CARTESIAN_POINT('',(-14.6,-1.));
#4411 = CARTESIAN_POINT('',(-14.6,1.));
#4412 = ( GEOMETRIC_REPRESENTATION_CONTEXT(2) 
PARAMETRIC_REPRESENTATION_CONTEXT() REPRESENTATION_CONTEXT('2D SPACE',''
  ) );
#4413 = PCURVE('',#4057,#4414);
#4414 = DEFINITIONAL_REPRESENTATION('',(#4415),#4418);
#4415 = B_SPLINE_CURVE_WITH_KNOTS('',1,(#4416,#4417),.UNSPECIFIED.,.F.,
  .F.,(2,2),(-0.5,1.5),.PIECEWISE_BEZIER_KNOTS.);
#4416 = CARTESIAN_POINT('',(15.,0.));
#4417 = CARTESIAN_POINT('',(15.,-2.));
#4418 = ( GEOMETRIC_REPRESENTATION_CONTEXT(2) 
PARAMETRIC_REPRESENTATION_CONTEXT() REPRESENTATION_CONTEXT('2D SPACE',''
  ) );
#4419 = ORIENTED_EDGE('',*,*,#4420,.T.);
#4420 = EDGE_CURVE('',#4400,#4421,#4423,.T.);
#4421 = VERTEX_POINT('',#4422);
#4422 = CARTESIAN_POINT('',(206.86422030072,-1.,654.62807098215));
#4423 = SURFACE_CURVE('',#4424,(#4428,#4434),.PCURVE_S1.);
#4424 = LINE('',#4425,#4426);
#4425 = CARTESIAN_POINT('',(219.36213215717,-1.,659.17693888838));
#4426 = VECTOR('',#4427,1.);
#4427 = DIRECTION('',(-0.939692620786,0.,-0.342020143326));
#4428 = PCURVE('',#3628,#4429);
#4429 = DEFINITIONAL_REPRESENTATION('',(#4430),#4433);
#4430 = B_SPLINE_CURVE_WITH_KNOTS('',1,(#4431,#4432),.UNSPECIFIED.,.F.,
  .F.,(2,2),(0.3,13.3),.PIECEWISE_BEZIER_KNOTS.);
#4431 = CARTESIAN_POINT('',(-14.6,-1.));
#4432 = CARTESIAN_POINT('',(-27.6,-1.));
#4433 = ( GEOMETRIC_REPRESENTATION_CONTEXT(2) 
PARAMETRIC_REPRESENTATION_CONTEXT() REPRESENTATION_CONTEXT('2D SPACE',''
  ) );
#4434 = PCURVE('',#4083,#4435);
#4435 = DEFINITIONAL_REPRESENTATION('',(#4436),#4439);
#4436 = B_SPLINE_CURVE_WITH_KNOTS('',1,(#4437,#4438),.UNSPECIFIED.,.F.,
  .F.,(2,2),(0.3,13.3),.PIECEWISE_BEZIER_KNOTS.);
#4437 = CARTESIAN_POINT('',(15.,14.));
#4438 = CARTESIAN_POINT('',(15.,1.));
#4439 = ( GEOMETRIC_REPRESENTATION_CONTEXT(2) 
PARAMETRIC_REPRESENTATION_CONTEXT() REPRESENTATION_CONTEXT('2D SPACE',''
  ) );
#4440 = ORIENTED_EDGE('',*,*,#4441,.F.);
#4441 = EDGE_CURVE('',#4442,#4421,#4444,.T.);
#4442 = VERTEX_POINT('',#4443);
#4443 = CARTESIAN_POINT('',(206.86422030072,-7.,654.62807098215));
#4444 = SURFACE_CURVE('',#4445,(#4449,#4456),.PCURVE_S1.);
#4445 = LINE('',#4446,#4447);
#4446 = CARTESIAN_POINT('',(206.86422030072,-7.,654.62807098215));
#4447 = VECTOR('',#4448,1.);
#4448 = DIRECTION('',(0.,1.,0.));
#4449 = PCURVE('',#3628,#4450);
#4450 = DEFINITIONAL_REPRESENTATION('',(#4451),#4455);
#4451 = LINE('',#4452,#4453);
#4452 = CARTESIAN_POINT('',(-27.6,-7.));
#4453 = VECTOR('',#4454,1.);
#4454 = DIRECTION('',(0.,1.));
#4455 = ( GEOMETRIC_REPRESENTATION_CONTEXT(2) 
PARAMETRIC_REPRESENTATION_CONTEXT() REPRESENTATION_CONTEXT('2D SPACE',''
  ) );
#4456 = PCURVE('',#4110,#4457);
#4457 = DEFINITIONAL_REPRESENTATION('',(#4458),#4462);
#4458 = LINE('',#4459,#4460);
#4459 = CARTESIAN_POINT('',(14.,0.));
#4460 = VECTOR('',#4461,1.);
#4461 = DIRECTION('',(0.,-1.));
#4462 = ( GEOMETRIC_REPRESENTATION_CONTEXT(2) 
PARAMETRIC_REPRESENTATION_CONTEXT() REPRESENTATION_CONTEXT('2D SPACE',''
  ) );
#4463 = ORIENTED_EDGE('',*,*,#4464,.T.);
#4464 = EDGE_CURVE('',#4442,#4212,#4465,.T.);
#4465 = SURFACE_CURVE('',#4466,(#4470,#4477),.PCURVE_S1.);
#4466 = LINE('',#4467,#4468);
#4467 = CARTESIAN_POINT('',(206.86422030072,-7.,654.62807098215));
#4468 = VECTOR('',#4469,1.);
#4469 = DIRECTION('',(0.939692620786,0.,0.342020143326));
#4470 = PCURVE('',#3628,#4471);
#4471 = DEFINITIONAL_REPRESENTATION('',(#4472),#4476);
#4472 = LINE('',#4473,#4474);
#4473 = CARTESIAN_POINT('',(-27.6,-7.));
#4474 = VECTOR('',#4475,1.);
#4475 = DIRECTION('',(1.,0.));
#4476 = ( GEOMETRIC_REPRESENTATION_CONTEXT(2) 
PARAMETRIC_REPRESENTATION_CONTEXT() REPRESENTATION_CONTEXT('2D SPACE',''
  ) );
#4477 = PCURVE('',#4136,#4478);
#4478 = DEFINITIONAL_REPRESENTATION('',(#4479),#4483);
#4479 = LINE('',#4480,#4481);
#4480 = CARTESIAN_POINT('',(14.,0.));
#4481 = VECTOR('',#4482,1.);
#4482 = DIRECTION('',(0.,1.));
#4483 = ( GEOMETRIC_REPRESENTATION_CONTEXT(2) 
PARAMETRIC_REPRESENTATION_CONTEXT() REPRESENTATION_CONTEXT('2D SPACE',''
  ) );
#4484 = ORIENTED_EDGE('',*,*,#4211,.T.);
#4485 = FACE_BOUND('',#4486,.T.);
#4486 = EDGE_LOOP('',(#4487,#4513));
#4487 = ORIENTED_EDGE('',*,*,#4488,.F.);
#4488 = EDGE_CURVE('',#4489,#4491,#4493,.T.);
#4489 = VERTEX_POINT('',#4490);
#4490 = CARTESIAN_POINT('',(219.08022437094,1.787984326755E-15,
    659.07433284538));
#4491 = VERTEX_POINT('',#4492);
#4492 = CARTESIAN_POINT('',(246.51924889788,-3.57596865351E-15,
    669.06132103049));
#4493 = SURFACE_CURVE('',#4494,(#4499,#4506),.PCURVE_S1.);
#4494 = CIRCLE('',#4495,14.6);
#4495 = AXIS2_PLACEMENT_3D('',#4496,#4497,#4498);
#4496 = CARTESIAN_POINT('',(232.79973663441,0.,664.06782693794));
#4497 = DIRECTION('',(-0.342020143326,0.,0.939692620786));
#4498 = DIRECTION('',(0.939692620786,0.,0.342020143326));
#4499 = PCURVE('',#3628,#4500);
#4500 = DEFINITIONAL_REPRESENTATION('',(#4501),#4505);
#4501 = CIRCLE('',#4502,14.6);
#4502 = AXIS2_PLACEMENT_2D('',#4503,#4504);
#4503 = CARTESIAN_POINT('',(0.,0.));
#4504 = DIRECTION('',(1.,0.));
#4505 = ( GEOMETRIC_REPRESENTATION_CONTEXT(2) 
PARAMETRIC_REPRESENTATION_CONTEXT() REPRESENTATION_CONTEXT('2D SPACE',''
  ) );
#4506 = PCURVE('',#4169,#4507);
#4507 = DEFINITIONAL_REPRESENTATION('',(#4508),#4512);
#4508 = LINE('',#4509,#4510);
#4509 = CARTESIAN_POINT('',(0.,14.));
#4510 = VECTOR('',#4511,1.);
#4511 = DIRECTION('',(1.,0.));
#4512 = ( GEOMETRIC_REPRESENTATION_CONTEXT(2) 
PARAMETRIC_REPRESENTATION_CONTEXT() REPRESENTATION_CONTEXT('2D SPACE',''
  ) );
#4513 = ORIENTED_EDGE('',*,*,#4514,.F.);
#4514 = EDGE_CURVE('',#4491,#4489,#4515,.T.);
#4515 = SURFACE_CURVE('',#4516,(#4521,#4528),.PCURVE_S1.);
#4516 = CIRCLE('',#4517,14.6);
#4517 = AXIS2_PLACEMENT_3D('',#4518,#4519,#4520);
#4518 = CARTESIAN_POINT('',(232.79973663441,0.,664.06782693794));
#4519 = DIRECTION('',(-0.342020143326,0.,0.939692620786));
#4520 = DIRECTION('',(0.939692620786,0.,0.342020143326));
#4521 = PCURVE('',#3628,#4522);
#4522 = DEFINITIONAL_REPRESENTATION('',(#4523),#4527);
#4523 = CIRCLE('',#4524,14.6);
#4524 = AXIS2_PLACEMENT_2D('',#4525,#4526);
#4525 = CARTESIAN_POINT('',(0.,0.));
#4526 = DIRECTION('',(1.,0.));
#4527 = ( GEOMETRIC_REPRESENTATION_CONTEXT(2) 
PARAMETRIC_REPRESENTATION_CONTEXT() REPRESENTATION_CONTEXT('2D SPACE',''
  ) );
#4528 = PCURVE('',#4196,#4529);
#4529 = DEFINITIONAL_REPRESENTATION('',(#4530),#4534);
#4530 = LINE('',#4531,#4532);
#4531 = CARTESIAN_POINT('',(0.,14.));
#4532 = VECTOR('',#4533,1.);
#4533 = DIRECTION('',(1.,0.));
#4534 = ( GEOMETRIC_REPRESENTATION_CONTEXT(2) 
PARAMETRIC_REPRESENTATION_CONTEXT() REPRESENTATION_CONTEXT('2D SPACE',''
  ) );
#4535 = ADVANCED_FACE('',(#4536),#3810,.F.);
#4536 = FACE_BOUND('',#4537,.F.);
#4537 = EDGE_LOOP('',(#4538,#4539,#4562,#4790));
#4538 = ORIENTED_EDGE('',*,*,#3670,.F.);
#4539 = ORIENTED_EDGE('',*,*,#4540,.F.);
#4540 = EDGE_CURVE('',#4541,#3671,#4543,.T.);
#4541 = VERTEX_POINT('',#4542);
#4542 = CARTESIAN_POINT('',(235.19387763769,-14.57494044189,
    654.98997859243));
#4543 = SEAM_CURVE('',#4544,(#4548,#4555),.PCURVE_S1.);
#4544 = LINE('',#4545,#4546);
#4545 = CARTESIAN_POINT('',(235.19387763769,-13.6,654.98997859243));
#4546 = VECTOR('',#4547,1.);
#4547 = DIRECTION('',(0.,-1.,0.));
#4548 = PCURVE('',#3810,#4549);
#4549 = DEFINITIONAL_REPRESENTATION('',(#4550),#4554);
#4550 = LINE('',#4551,#4552);
#4551 = CARTESIAN_POINT('',(6.28318530718,-0.));
#4552 = VECTOR('',#4553,1.);
#4553 = DIRECTION('',(0.,1.));
#4554 = ( GEOMETRIC_REPRESENTATION_CONTEXT(2) 
PARAMETRIC_REPRESENTATION_CONTEXT() REPRESENTATION_CONTEXT('2D SPACE',''
  ) );
#4555 = PCURVE('',#3810,#4556);
#4556 = DEFINITIONAL_REPRESENTATION('',(#4557),#4561);
#4557 = LINE('',#4558,#4559);
#4558 = CARTESIAN_POINT('',(0.,-0.));
#4559 = VECTOR('',#4560,1.);
#4560 = DIRECTION('',(0.,1.));
#4561 = ( GEOMETRIC_REPRESENTATION_CONTEXT(2) 
PARAMETRIC_REPRESENTATION_CONTEXT() REPRESENTATION_CONTEXT('2D SPACE',''
  ) );
#4562 = ORIENTED_EDGE('',*,*,#4563,.T.);
#4563 = EDGE_CURVE('',#4541,#4541,#4564,.T.);
#4564 = SURFACE_CURVE('',#4565,(#4638,#4714),.PCURVE_S1.);
#4565 = B_SPLINE_CURVE_WITH_KNOTS('',8,(#4566,#4567,#4568,#4569,#4570,
    #4571,#4572,#4573,#4574,#4575,#4576,#4577,#4578,#4579,#4580,#4581,
    #4582,#4583,#4584,#4585,#4586,#4587,#4588,#4589,#4590,#4591,#4592,
    #4593,#4594,#4595,#4596,#4597,#4598,#4599,#4600,#4601,#4602,#4603,
    #4604,#4605,#4606,#4607,#4608,#4609,#4610,#4611,#4612,#4613,#4614,
    #4615,#4616,#4617,#4618,#4619,#4620,#4621,#4622,#4623,#4624,#4625,
    #4626,#4627,#4628,#4629,#4630,#4631,#4632,#4633,#4634,#4635,#4636,
    #4637),.UNSPECIFIED.,.T.,.F.,(9,7,7,7,7,7,7,7,7,7,9),(0.,
    0.124548276874,0.222851883812,0.309041104036,0.469997423347,
    0.581878426804,0.7183569102,0.859812503423,0.911356742891,
    0.949430250815,1.),.UNSPECIFIED.);
#4566 = CARTESIAN_POINT('',(235.19387763769,-14.57494044189,
    654.98997859243));
#4567 = CARTESIAN_POINT('',(235.47464647856,-14.59041861252,
    654.98997859243));
#4568 = CARTESIAN_POINT('',(235.76514609295,-14.60167926413,
    655.02601584547));
#4569 = CARTESIAN_POINT('',(236.05478137412,-14.60668924774,
    655.10246097552));
#4570 = CARTESIAN_POINT('',(236.33288497766,-14.60413209988,
    655.2191902575));
#4571 = CARTESIAN_POINT('',(236.58968466305,-14.59408435357,
    655.37213490174));
#4572 = CARTESIAN_POINT('',(236.81728901873,-14.57826774786,
    655.55377132494));
#4573 = CARTESIAN_POINT('',(237.01084997645,-14.55913460887,
    655.75348332315));
#4574 = CARTESIAN_POINT('',(237.29429929335,-14.52327716356,
    656.11890398061));
#4575 = CARTESIAN_POINT('',(237.40034222901,-14.50652706447,
    656.28665374507));
#4576 = CARTESIAN_POINT('',(237.48831909728,-14.48957390144,
    656.4587147425));
#4577 = CARTESIAN_POINT('',(237.55918447961,-14.47302753581,
    656.63331916883));
#4578 = CARTESIAN_POINT('',(237.61386824526,-14.45737801656,
    656.80906678045));
#4579 = CARTESIAN_POINT('',(237.65323295855,-14.44300385422,
    656.9848374508));
#4580 = CARTESIAN_POINT('',(237.67804286533,-14.43018851253,
    657.159726428));
#4581 = CARTESIAN_POINT('',(237.69850260079,-14.40946264901,
    657.48492461066));
#4582 = CARTESIAN_POINT('',(237.69737362176,-14.40113741105,
    657.63567892726));
#4583 = CARTESIAN_POINT('',(237.68597406641,-14.39431432927,
    657.78477001552));
#4584 = CARTESIAN_POINT('',(237.66464915198,-14.38909728451,
    657.93176127309));
#4585 = CARTESIAN_POINT('',(237.63367812141,-14.38555541117,
    658.07625324442));
#4586 = CARTESIAN_POINT('',(237.59327891427,-14.38372724536,
    658.2178623613));
#4587 = CARTESIAN_POINT('',(237.54361215547,-14.38362272299,
    658.35619990269));
#4588 = CARTESIAN_POINT('',(237.37492514212,-14.38821155885,
    658.74230922086));
#4589 = CARTESIAN_POINT('',(237.23325875491,-14.39714188753,
    658.98058784312));
#4590 = CARTESIAN_POINT('',(237.0604885469,-14.41186653071,
    659.20336096541));
#4591 = CARTESIAN_POINT('',(236.85657123898,-14.43193178735,
    659.40759752245));
#4592 = CARTESIAN_POINT('',(236.62122979339,-14.45647949194,
    659.58915003381));
#4593 = CARTESIAN_POINT('',(236.35436288179,-14.48409083916,
    659.74243553935));
#4594 = CARTESIAN_POINT('',(236.05658549774,-14.5124597713,
    659.86001222272));
#4595 = CARTESIAN_POINT('',(235.50420349852,-14.55645941236,
    659.9814612819));
#4596 = CARTESIAN_POINT('',(235.25892971885,-14.57375006696,
    660.01021239216));
#4597 = CARTESIAN_POINT('',(235.00144228911,-14.58859835581,
    660.01122573791));
#4598 = CARTESIAN_POINT('',(234.73894308587,-14.59927854217,
    659.98062280442));
#4599 = CARTESIAN_POINT('',(234.4789549418,-14.60445481462,
    659.9171670343));
#4600 = CARTESIAN_POINT('',(234.22871127397,-14.60368214345,
    659.82203727042));
#4601 = CARTESIAN_POINT('',(233.99458545149,-14.59741971508,
    659.69869229199));
#4602 = CARTESIAN_POINT('',(233.52147836394,-14.57374841644,
    659.37474910828));
#4603 = CARTESIAN_POINT('',(233.29965378512,-14.55453668987,
    659.16785886664));
#4604 = CARTESIAN_POINT('',(233.11579341537,-14.53140221157,
    658.94122337898));
#4605 = CARTESIAN_POINT('',(232.96856380236,-14.50666898067,
    658.70188973936));
#4606 = CARTESIAN_POINT('',(232.85606730491,-14.48228698024,
    658.4555459171));
#4607 = CARTESIAN_POINT('',(232.776101171,-14.45972018272,
    658.20683536153));
#4608 = CARTESIAN_POINT('',(232.72627555747,-14.43998659858,
    657.95949613483));
#4609 = CARTESIAN_POINT('',(232.68125145485,-14.40681440158,
    657.46476453539));
#4610 = CARTESIAN_POINT('',(232.68792443032,-14.39349481622,
    657.21565085947));
#4611 = CARTESIAN_POINT('',(232.72222341876,-14.38444829045,
    656.97154687265));
#4612 = CARTESIAN_POINT('',(232.78273443744,-14.3800698562,
    656.73428844721));
#4613 = CARTESIAN_POINT('',(232.86849365477,-14.38051720918,
    656.50556625158));
#4614 = CARTESIAN_POINT('',(232.97892805115,-14.38574706938,
    656.28712828993));
#4615 = CARTESIAN_POINT('',(233.11380597685,-14.39550624694,
    656.08097757932));
#4616 = CARTESIAN_POINT('',(233.33123819741,-14.4142892852,
    655.82000732267));
#4617 = CARTESIAN_POINT('',(233.39255036234,-14.41983704083,
    655.75229556397));
#4618 = CARTESIAN_POINT('',(233.45710579888,-14.42589064693,
    655.68669325004));
#4619 = CARTESIAN_POINT('',(233.52490766566,-14.43241971114,
    655.62333761092));
#4620 = CARTESIAN_POINT('',(233.59595977264,-14.43938829416,
    655.56238068733));
#4621 = CARTESIAN_POINT('',(233.67026454924,-14.44675421416,
    655.50399109369));
#4622 = CARTESIAN_POINT('',(233.7478210125,-14.45446835115,
    655.44835578121));
#4623 = CARTESIAN_POINT('',(233.88830748479,-14.46838734314,
    655.35677380209));
#4624 = CARTESIAN_POINT('',(233.94976697165,-14.47446015555,
    655.3194788123));
#4625 = CARTESIAN_POINT('',(234.01299639594,-14.48066931884,
    655.2838826596));
#4626 = CARTESIAN_POINT('',(234.07798713015,-14.4869892128,
    655.25007753119));
#4627 = CARTESIAN_POINT('',(234.14472657738,-14.49339163299,
    655.21816199817));
#4628 = CARTESIAN_POINT('',(234.21319802973,-14.49984575694,
    655.18824104027));
#4629 = CARTESIAN_POINT('',(234.28338052665,-14.50631811038,
    655.1604260706));
#4630 = CARTESIAN_POINT('',(234.45070501277,-14.52134538566,
    655.10084450118));
#4631 = CARTESIAN_POINT('',(234.5492343739,-14.52989543179,
    655.07074196666));
#4632 = CARTESIAN_POINT('',(234.65067194223,-14.53832777718,
    655.0448601091));
#4633 = CARTESIAN_POINT('',(234.75482697572,-14.54653894972,
    655.0235253797));
#4634 = CARTESIAN_POINT('',(234.86148243015,-14.55441936737,
    655.00705814938));
#4635 = CARTESIAN_POINT('',(234.97039454452,-14.56185580581,
    654.99577292948));
#4636 = CARTESIAN_POINT('',(235.08129242647,-14.56873386603,
    654.98997859243));
#4637 = CARTESIAN_POINT('',(235.19387763769,-14.57494044189,
    654.98997859243));
#4638 = PCURVE('',#3810,#4639);
#4639 = DEFINITIONAL_REPRESENTATION('',(#4640),#4713);
#4640 = B_SPLINE_CURVE_WITH_KNOTS('',8,(#4641,#4642,#4643,#4644,#4645,
    #4646,#4647,#4648,#4649,#4650,#4651,#4652,#4653,#4654,#4655,#4656,
    #4657,#4658,#4659,#4660,#4661,#4662,#4663,#4664,#4665,#4666,#4667,
    #4668,#4669,#4670,#4671,#4672,#4673,#4674,#4675,#4676,#4677,#4678,
    #4679,#4680,#4681,#4682,#4683,#4684,#4685,#4686,#4687,#4688,#4689,
    #4690,#4691,#4692,#4693,#4694,#4695,#4696,#4697,#4698,#4699,#4700,
    #4701,#4702,#4703,#4704,#4705,#4706,#4707,#4708,#4709,#4710,#4711,
    #4712),.UNSPECIFIED.,.F.,.F.,(9,7,7,7,7,7,7,7,7,7,9),(0.,
    0.124548276874,0.222851883812,0.309041104036,0.469997423347,
    0.581878426804,0.7183569102,0.859812503423,0.911356742891,
    0.949430250815,1.),.UNSPECIFIED.);
#4641 = CARTESIAN_POINT('',(0.,0.974940441894));
#4642 = CARTESIAN_POINT('',(0.112307536349,0.990418612527));
#4643 = CARTESIAN_POINT('',(0.228507742363,1.001679264138));
#4644 = CARTESIAN_POINT('',(0.346518310467,1.006689247742));
#4645 = CARTESIAN_POINT('',(0.464869817081,1.004132099884));
#4646 = CARTESIAN_POINT('',(0.582209668815,0.99408435357));
#4647 = CARTESIAN_POINT('',(0.697100128265,0.978267747862));
#4648 = CARTESIAN_POINT('',(0.807675758232,0.959134608879));
#4649 = CARTESIAN_POINT('',(0.992662578151,0.923277163562));
#4650 = CARTESIAN_POINT('',(1.071680226712,0.906527064479));
#4651 = CARTESIAN_POINT('',(1.14845729198,0.889573901441));
#4652 = CARTESIAN_POINT('',(1.223281685211,0.873027535816));
#4653 = CARTESIAN_POINT('',(1.296408430783,0.857378016562));
#4654 = CARTESIAN_POINT('',(1.368075969835,0.843003854222));
#4655 = CARTESIAN_POINT('',(1.438517088928,0.830188512533));
#4656 = CARTESIAN_POINT('',(1.56885355123,0.80946264901));
#4657 = CARTESIAN_POINT('',(1.62900800791,0.801137411056));
#4658 = CARTESIAN_POINT('',(1.688584229385,0.794314329277));
#4659 = CARTESIAN_POINT('',(1.747726395604,0.789097284514));
#4660 = CARTESIAN_POINT('',(1.806572133128,0.785555411174));
#4661 = CARTESIAN_POINT('',(1.865256974341,0.783727245368));
#4662 = CARTESIAN_POINT('',(1.92391762359,0.783622722995));
#4663 = CARTESIAN_POINT('',(2.092457572114,0.788211558855));
#4664 = CARTESIAN_POINT('',(2.202484129907,0.797141887538));
#4665 = CARTESIAN_POINT('',(2.313821356352,0.811866530717));
#4666 = CARTESIAN_POINT('',(2.42742900322,0.831931787359));
#4667 = CARTESIAN_POINT('',(2.544235456443,0.856479491941));
#4668 = CARTESIAN_POINT('',(2.665278862644,0.884090839169));
#4669 = CARTESIAN_POINT('',(2.791710664655,0.912459771309));
#4670 = CARTESIAN_POINT('',(3.017940900313,0.956459412369));
#4671 = CARTESIAN_POINT('',(3.116231392873,0.973750066962));
#4672 = CARTESIAN_POINT('',(3.218126695337,0.988598355811));
#4673 = CARTESIAN_POINT('',(3.32230863832,0.999278542178));
#4674 = CARTESIAN_POINT('',(3.427750238838,1.004454814629));
#4675 = CARTESIAN_POINT('',(3.53352003137,1.003682143456));
#4676 = CARTESIAN_POINT('',(3.638666640657,0.997419715081));
#4677 = CARTESIAN_POINT('',(3.868020342195,0.973748416446));
#4678 = CARTESIAN_POINT('',(3.987987977625,0.954536689879));
#4679 = CARTESIAN_POINT('',(4.102933024405,0.931402211576));
#4680 = CARTESIAN_POINT('',(4.21354028232,0.906668980672));
#4681 = CARTESIAN_POINT('',(4.320329467357,0.882286980244));
#4682 = CARTESIAN_POINT('',(4.42372171689,0.859720182721));
#4683 = CARTESIAN_POINT('',(4.524055838516,0.839986598586));
#4684 = CARTESIAN_POINT('',(4.722766291304,0.806814401586));
#4685 = CARTESIAN_POINT('',(4.821759780246,0.793494816227));
#4686 = CARTESIAN_POINT('',(4.919332100253,0.784448290458));
#4687 = CARTESIAN_POINT('',(5.016100473451,0.7800698562));
#4688 = CARTESIAN_POINT('',(5.112648117952,0.780517209183));
#4689 = CARTESIAN_POINT('',(5.209557719877,0.78574706938));
#4690 = CARTESIAN_POINT('',(5.30744530963,0.795506246941));
#4691 = CARTESIAN_POINT('',(5.443317158307,0.814289285204));
#4692 = CARTESIAN_POINT('',(5.479824450836,0.819837040832));
#4693 = CARTESIAN_POINT('',(5.51658680249,0.825890646939));
#4694 = CARTESIAN_POINT('',(5.553639281318,0.832419711145));
#4695 = CARTESIAN_POINT('',(5.591017544255,0.839388294162));
#4696 = CARTESIAN_POINT('',(5.628758260189,0.846754214163));
#4697 = CARTESIAN_POINT('',(5.666899533029,0.854468351156));
#4698 = CARTESIAN_POINT('',(5.733980031292,0.868387343148));
#4699 = CARTESIAN_POINT('',(5.762721066972,0.874460155557));
#4700 = CARTESIAN_POINT('',(5.79171939363,0.880669318843));
#4701 = CARTESIAN_POINT('',(5.820989743639,0.886989212803));
#4702 = CARTESIAN_POINT('',(5.850547026708,0.893391632993));
#4703 = CARTESIAN_POINT('',(5.880406736659,0.899845756944));
#4704 = CARTESIAN_POINT('',(5.910585358217,0.906318110387));
#4705 = CARTESIAN_POINT('',(5.981631762287,0.921345385664));
#4706 = CARTESIAN_POINT('',(6.022798966303,0.92989543179));
#4707 = CARTESIAN_POINT('',(6.064597388312,0.938327777188));
#4708 = CARTESIAN_POINT('',(6.107025973339,0.946538949724));
#4709 = CARTESIAN_POINT('',(6.150088081703,0.954419367374));
#4710 = CARTESIAN_POINT('',(6.193791961767,0.961855805818));
#4711 = CARTESIAN_POINT('',(6.238151222692,0.968733866034));
#4712 = CARTESIAN_POINT('',(6.28318530718,0.974940441894));
#4713 = ( GEOMETRIC_REPRESENTATION_CONTEXT(2) 
PARAMETRIC_REPRESENTATION_CONTEXT() REPRESENTATION_CONTEXT('2D SPACE',''
  ) );
#4714 = PCURVE('',#4169,#4715);
#4715 = DEFINITIONAL_REPRESENTATION('',(#4716),#4789);
#4716 = B_SPLINE_CURVE_WITH_KNOTS('',8,(#4717,#4718,#4719,#4720,#4721,
    #4722,#4723,#4724,#4725,#4726,#4727,#4728,#4729,#4730,#4731,#4732,
    #4733,#4734,#4735,#4736,#4737,#4738,#4739,#4740,#4741,#4742,#4743,
    #4744,#4745,#4746,#4747,#4748,#4749,#4750,#4751,#4752,#4753,#4754,
    #4755,#4756,#4757,#4758,#4759,#4760,#4761,#4762,#4763,#4764,#4765,
    #4766,#4767,#4768,#4769,#4770,#4771,#4772,#4773,#4774,#4775,#4776,
    #4777,#4778,#4779,#4780,#4781,#4782,#4783,#4784,#4785,#4786,#4787,
    #4788),.UNSPECIFIED.,.T.,.F.,(9,7,7,7,7,7,7,7,7,7,9),(0.,
    0.124548276874,0.222851883812,0.309041104036,0.469997423347,
    0.581878426804,0.7183569102,0.859812503423,0.911356742891,
    0.949430250815,1.),.UNSPECIFIED.);
#4717 = CARTESIAN_POINT('',(4.653790357128,4.650768448035));
#4718 = CARTESIAN_POINT('',(4.671892414489,4.554739848838));
#4719 = CARTESIAN_POINT('',(4.691445522905,4.48924706984));
#4720 = CARTESIAN_POINT('',(4.711872133645,4.462020894066));
#4721 = CARTESIAN_POINT('',(4.732493342561,4.47659350463));
#4722 = CARTESIAN_POINT('',(4.752604948499,4.532483793012));
#4723 = CARTESIAN_POINT('',(4.771534407861,4.625320925203));
#4724 = CARTESIAN_POINT('',(4.788719014201,4.746787069702));
#4725 = CARTESIAN_POINT('',(4.815635164856,4.993224789003));
#4726 = CARTESIAN_POINT('',(4.826449883606,5.11458918475));
#4727 = CARTESIAN_POINT('',(4.83621107396,5.246183773275));
#4728 = CARTESIAN_POINT('',(4.844935491912,5.38602087603));
#4729 = CARTESIAN_POINT('',(4.852646532736,5.532466660423));
#4730 = CARTESIAN_POINT('',(4.859370021467,5.68417353742));
#4731 = CARTESIAN_POINT('',(4.865131003911,5.840029930878));
#4732 = CARTESIAN_POINT('',(4.874178016783,6.138618621768));
#4733 = CARTESIAN_POINT('',(4.877683557224,6.2806674742));
#4734 = CARTESIAN_POINT('',(4.88048173494,6.424666147213));
#4735 = CARTESIAN_POINT('',(4.882583230631,6.570086297559));
#4736 = CARTESIAN_POINT('',(4.883995722425,6.716457053098));
#4737 = CARTESIAN_POINT('',(4.884723716459,6.863343437882));
#4738 = CARTESIAN_POINT('',(4.884768315892,7.010325236664));
#4739 = CARTESIAN_POINT('',(4.882929152379,7.430843670253));
#4740 = CARTESIAN_POINT('',(4.87934056344,7.703205091336));
#4741 = CARTESIAN_POINT('',(4.873353765765,7.971634241768));
#4742 = CARTESIAN_POINT('',(4.864901419219,8.233297654198));
#4743 = CARTESIAN_POINT('',(4.853879545685,8.484392724355));
#4744 = CARTESIAN_POINT('',(4.840166868676,8.719707842143));
#4745 = CARTESIAN_POINT('',(4.823646472706,8.932039647452));
#4746 = CARTESIAN_POINT('',(4.790800305645,9.235090202702));
#4747 = CARTESIAN_POINT('',(4.77564248497,9.345995982133));
#4748 = CARTESIAN_POINT('',(4.759066433637,9.435014103279));
#4749 = CARTESIAN_POINT('',(4.741446561465,9.49603676762));
#4750 = CARTESIAN_POINT('',(4.723232154834,9.525329030989));
#4751 = CARTESIAN_POINT('',(4.704903994254,9.521524668993));
#4752 = CARTESIAN_POINT('',(4.686943613877,9.48569405031));
#4753 = CARTESIAN_POINT('',(4.648870013209,9.34309918492));
#4754 = CARTESIAN_POINT('',(4.629707539363,9.224554425774));
#4755 = CARTESIAN_POINT('',(4.612498689048,9.074470680429));
#4756 = CARTESIAN_POINT('',(4.597325686862,8.89992611872));
#4757 = CARTESIAN_POINT('',(4.584209547274,8.706914714942));
#4758 = CARTESIAN_POINT('',(4.573128960331,8.500553269744));
#4759 = CARTESIAN_POINT('',(4.564027139477,8.285171787063));
#4760 = CARTESIAN_POINT('',(4.549362592518,7.835675303837));
#4761 = CARTESIAN_POINT('',(4.543880266948,7.599302728809));
#4762 = CARTESIAN_POINT('',(4.540315220851,7.358189068748));
#4763 = CARTESIAN_POINT('',(4.538624945862,7.114543089862));
#4764 = CARTESIAN_POINT('',(4.538789483762,6.870283150613));
#4765 = CARTESIAN_POINT('',(4.540812181732,6.627247821873));
#4766 = CARTESIAN_POINT('',(4.544721345586,6.38739855286));
#4767 = CARTESIAN_POINT('',(4.552706645693,6.067800529203));
#4768 = CARTESIAN_POINT('',(4.555097020672,5.983202293777));
#4769 = CARTESIAN_POINT('',(4.557747782885,5.899477023812));
#4770 = CARTESIAN_POINT('',(4.560661998104,5.816752593055));
#4771 = CARTESIAN_POINT('',(4.563843078529,5.735170569957));
#4772 = CARTESIAN_POINT('',(4.567294700456,5.654888569341));
#4773 = CARTESIAN_POINT('',(4.571020721941,5.576082604064));
#4774 = CARTESIAN_POINT('',(4.577982962291,5.441974490703));
#4775 = CARTESIAN_POINT('',(4.581092900197,5.385908281504));
#4776 = CARTESIAN_POINT('',(4.584356423404,5.330833102723));
#4777 = CARTESIAN_POINT('',(4.587774936882,5.276838532784));
#4778 = CARTESIAN_POINT('',(4.591349737863,5.224021506607));
#4779 = CARTESIAN_POINT('',(4.595082012342,5.17248638731));
#4780 = CARTESIAN_POINT('',(4.598972831575,5.122345037917));
#4781 = CARTESIAN_POINT('',(4.608402834537,5.009128332068));
#4782 = CARTESIAN_POINT('',(4.61406949474,4.947142176303));
#4783 = CARTESIAN_POINT('',(4.620019852375,4.888127494079));
#4784 = CARTESIAN_POINT('',(4.626248879975,4.83245628681));
#4785 = CARTESIAN_POINT('',(4.632749808161,4.780503838187));
#4786 = CARTESIAN_POINT('',(4.639514134373,4.732649063361));
#4787 = CARTESIAN_POINT('',(4.646531631604,4.689274858113));
#4788 = CARTESIAN_POINT('',(4.653790357128,4.650768448035));
#4789 = ( GEOMETRIC_REPRESENTATION_CONTEXT(2) 
PARAMETRIC_REPRESENTATION_CONTEXT() REPRESENTATION_CONTEXT('2D SPACE',''
  ) );
#4790 = ORIENTED_EDGE('',*,*,#4540,.T.);
#4791 = ADVANCED_FACE('',(#4792),#4136,.F.);
#4792 = FACE_BOUND('',#4793,.F.);
#4793 = EDGE_LOOP('',(#4794,#4795,#4816,#4817));
#4794 = ORIENTED_EDGE('',*,*,#4122,.F.);
#4795 = ORIENTED_EDGE('',*,*,#4796,.T.);
#4796 = EDGE_CURVE('',#4095,#4442,#4797,.T.);
#4797 = SURFACE_CURVE('',#4798,(#4802,#4809),.PCURVE_S1.);
#4798 = LINE('',#4799,#4800);
#4799 = CARTESIAN_POINT('',(211.65250230728,-7.,641.47237429115));
#4800 = VECTOR('',#4801,1.);
#4801 = DIRECTION('',(-0.342020143326,0.,0.939692620786));
#4802 = PCURVE('',#4136,#4803);
#4803 = DEFINITIONAL_REPRESENTATION('',(#4804),#4808);
#4804 = LINE('',#4805,#4806);
#4805 = CARTESIAN_POINT('',(0.,0.));
#4806 = VECTOR('',#4807,1.);
#4807 = DIRECTION('',(1.,0.));
#4808 = ( GEOMETRIC_REPRESENTATION_CONTEXT(2) 
PARAMETRIC_REPRESENTATION_CONTEXT() REPRESENTATION_CONTEXT('2D SPACE',''
  ) );
#4809 = PCURVE('',#4110,#4810);
#4810 = DEFINITIONAL_REPRESENTATION('',(#4811),#4815);
#4811 = LINE('',#4812,#4813);
#4812 = CARTESIAN_POINT('',(0.,0.));
#4813 = VECTOR('',#4814,1.);
#4814 = DIRECTION('',(1.,0.));
#4815 = ( GEOMETRIC_REPRESENTATION_CONTEXT(2) 
PARAMETRIC_REPRESENTATION_CONTEXT() REPRESENTATION_CONTEXT('2D SPACE',''
  ) );
#4816 = ORIENTED_EDGE('',*,*,#4464,.T.);
#4817 = ORIENTED_EDGE('',*,*,#4234,.F.);
#4818 = ADVANCED_FACE('',(#4819),#4110,.F.);
#4819 = FACE_BOUND('',#4820,.F.);
#4820 = EDGE_LOOP('',(#4821,#4822,#4823,#4824));
#4821 = ORIENTED_EDGE('',*,*,#4441,.F.);
#4822 = ORIENTED_EDGE('',*,*,#4796,.F.);
#4823 = ORIENTED_EDGE('',*,*,#4094,.T.);
#4824 = ORIENTED_EDGE('',*,*,#4825,.T.);
#4825 = EDGE_CURVE('',#4069,#4421,#4826,.T.);
#4826 = SURFACE_CURVE('',#4827,(#4831,#4837),.PCURVE_S1.);
#4827 = LINE('',#4828,#4829);
#4828 = CARTESIAN_POINT('',(211.82351237894,-1.,641.00252798075));
#4829 = VECTOR('',#4830,1.);
#4830 = DIRECTION('',(-0.342020143326,0.,0.939692620786));
#4831 = PCURVE('',#4110,#4832);
#4832 = DEFINITIONAL_REPRESENTATION('',(#4833),#4836);
#4833 = B_SPLINE_CURVE_WITH_KNOTS('',1,(#4834,#4835),.UNSPECIFIED.,.F.,
  .F.,(2,2),(0.5,14.5),.PIECEWISE_BEZIER_KNOTS.);
#4834 = CARTESIAN_POINT('',(0.,-6.));
#4835 = CARTESIAN_POINT('',(14.,-6.));
#4836 = ( GEOMETRIC_REPRESENTATION_CONTEXT(2) 
PARAMETRIC_REPRESENTATION_CONTEXT() REPRESENTATION_CONTEXT('2D SPACE',''
  ) );
#4837 = PCURVE('',#4083,#4838);
#4838 = DEFINITIONAL_REPRESENTATION('',(#4839),#4842);
#4839 = B_SPLINE_CURVE_WITH_KNOTS('',1,(#4840,#4841),.UNSPECIFIED.,.F.,
  .F.,(2,2),(0.5,14.5),.PIECEWISE_BEZIER_KNOTS.);
#4840 = CARTESIAN_POINT('',(1.,1.));
#4841 = CARTESIAN_POINT('',(15.,1.));
#4842 = ( GEOMETRIC_REPRESENTATION_CONTEXT(2) 
PARAMETRIC_REPRESENTATION_CONTEXT() REPRESENTATION_CONTEXT('2D SPACE',''
  ) );
#4843 = ADVANCED_FACE('',(#4844),#4083,.T.);
#4844 = FACE_BOUND('',#4845,.T.);
#4845 = EDGE_LOOP('',(#4846,#4867,#4868,#4869));
#4846 = ORIENTED_EDGE('',*,*,#4847,.F.);
#4847 = EDGE_CURVE('',#4043,#4400,#4848,.T.);
#4848 = SURFACE_CURVE('',#4849,(#4853,#4860),.PCURVE_S1.);
#4849 = LINE('',#4850,#4851);
#4850 = CARTESIAN_POINT('',(224.21052652082,-1.,644.97894353359));
#4851 = VECTOR('',#4852,1.);
#4852 = DIRECTION('',(-0.342020143326,0.,0.939692620786));
#4853 = PCURVE('',#4083,#4854);
#4854 = DEFINITIONAL_REPRESENTATION('',(#4855),#4859);
#4855 = LINE('',#4856,#4857);
#4856 = CARTESIAN_POINT('',(0.,14.));
#4857 = VECTOR('',#4858,1.);
#4858 = DIRECTION('',(1.,0.));
#4859 = ( GEOMETRIC_REPRESENTATION_CONTEXT(2) 
PARAMETRIC_REPRESENTATION_CONTEXT() REPRESENTATION_CONTEXT('2D SPACE',''
  ) );
#4860 = PCURVE('',#4057,#4861);
#4861 = DEFINITIONAL_REPRESENTATION('',(#4862),#4866);
#4862 = LINE('',#4863,#4864);
#4863 = CARTESIAN_POINT('',(0.,0.));
#4864 = VECTOR('',#4865,1.);
#4865 = DIRECTION('',(1.,0.));
#4866 = ( GEOMETRIC_REPRESENTATION_CONTEXT(2) 
PARAMETRIC_REPRESENTATION_CONTEXT() REPRESENTATION_CONTEXT('2D SPACE',''
  ) );
#4867 = ORIENTED_EDGE('',*,*,#4068,.T.);
#4868 = ORIENTED_EDGE('',*,*,#4825,.T.);
#4869 = ORIENTED_EDGE('',*,*,#4420,.F.);
#4870 = ADVANCED_FACE('',(#4871),#4057,.F.);
#4871 = FACE_BOUND('',#4872,.F.);
#4872 = EDGE_LOOP('',(#4873,#4874,#4875,#4894));
#4873 = ORIENTED_EDGE('',*,*,#4847,.F.);
#4874 = ORIENTED_EDGE('',*,*,#4042,.T.);
#4875 = ORIENTED_EDGE('',*,*,#4876,.T.);
#4876 = EDGE_CURVE('',#4017,#4379,#4877,.T.);
#4877 = SURFACE_CURVE('',#4878,(#4882,#4888),.PCURVE_S1.);
#4878 = LINE('',#4879,#4880);
#4879 = CARTESIAN_POINT('',(223.86850637749,0.,645.91863615438));
#4880 = VECTOR('',#4881,1.);
#4881 = DIRECTION('',(-0.342020143326,0.,0.939692620786));
#4882 = PCURVE('',#4057,#4883);
#4883 = DEFINITIONAL_REPRESENTATION('',(#4884),#4887);
#4884 = B_SPLINE_CURVE_WITH_KNOTS('',1,(#4885,#4886),.UNSPECIFIED.,.F.,
  .F.,(2,2),(-5.99999982117E-07,14.0000006),.PIECEWISE_BEZIER_KNOTS.);
#4885 = CARTESIAN_POINT('',(0.9999994,-1.));
#4886 = CARTESIAN_POINT('',(15.0000006,-1.));
#4887 = ( GEOMETRIC_REPRESENTATION_CONTEXT(2) 
PARAMETRIC_REPRESENTATION_CONTEXT() REPRESENTATION_CONTEXT('2D SPACE',''
  ) );
#4888 = PCURVE('',#4031,#4889);
#4889 = DEFINITIONAL_REPRESENTATION('',(#4890),#4893);
#4890 = B_SPLINE_CURVE_WITH_KNOTS('',1,(#4891,#4892),.UNSPECIFIED.,.F.,
  .F.,(2,2),(-5.99999982117E-07,14.0000006),.PIECEWISE_BEZIER_KNOTS.);
#4891 = CARTESIAN_POINT('',(0.9999994,-1.));
#4892 = CARTESIAN_POINT('',(15.0000006,-1.));
#4893 = ( GEOMETRIC_REPRESENTATION_CONTEXT(2) 
PARAMETRIC_REPRESENTATION_CONTEXT() REPRESENTATION_CONTEXT('2D SPACE',''
  ) );
#4894 = ORIENTED_EDGE('',*,*,#4399,.F.);
#4895 = ADVANCED_FACE('',(#4896),#4031,.F.);
#4896 = FACE_BOUND('',#4897,.F.);
#4897 = EDGE_LOOP('',(#4898,#4899,#4900,#4921));
#4898 = ORIENTED_EDGE('',*,*,#4876,.F.);
#4899 = ORIENTED_EDGE('',*,*,#4016,.T.);
#4900 = ORIENTED_EDGE('',*,*,#4901,.T.);
#4901 = EDGE_CURVE('',#3991,#4358,#4902,.T.);
#4902 = SURFACE_CURVE('',#4903,(#4907,#4914),.PCURVE_S1.);
#4903 = LINE('',#4904,#4905);
#4904 = CARTESIAN_POINT('',(224.21052652082,1.,644.97894353359));
#4905 = VECTOR('',#4906,1.);
#4906 = DIRECTION('',(-0.342020143326,0.,0.939692620786));
#4907 = PCURVE('',#4031,#4908);
#4908 = DEFINITIONAL_REPRESENTATION('',(#4909),#4913);
#4909 = LINE('',#4910,#4911);
#4910 = CARTESIAN_POINT('',(0.,-2.));
#4911 = VECTOR('',#4912,1.);
#4912 = DIRECTION('',(1.,0.));
#4913 = ( GEOMETRIC_REPRESENTATION_CONTEXT(2) 
PARAMETRIC_REPRESENTATION_CONTEXT() REPRESENTATION_CONTEXT('2D SPACE',''
  ) );
#4914 = PCURVE('',#4005,#4915);
#4915 = DEFINITIONAL_REPRESENTATION('',(#4916),#4920);
#4916 = LINE('',#4917,#4918);
#4917 = CARTESIAN_POINT('',(0.,14.));
#4918 = VECTOR('',#4919,1.);
#4919 = DIRECTION('',(1.,0.));
#4920 = ( GEOMETRIC_REPRESENTATION_CONTEXT(2) 
PARAMETRIC_REPRESENTATION_CONTEXT() REPRESENTATION_CONTEXT('2D SPACE',''
  ) );
#4921 = ORIENTED_EDGE('',*,*,#4378,.F.);
#4922 = ADVANCED_FACE('',(#4923),#4005,.F.);
#4923 = FACE_BOUND('',#4924,.F.);
#4924 = EDGE_LOOP('',(#4925,#4926,#4927,#4946));
#4925 = ORIENTED_EDGE('',*,*,#4901,.F.);
#4926 = ORIENTED_EDGE('',*,*,#3990,.T.);
#4927 = ORIENTED_EDGE('',*,*,#4928,.T.);
#4928 = EDGE_CURVE('',#3963,#4335,#4929,.T.);
#4929 = SURFACE_CURVE('',#4930,(#4934,#4940),.PCURVE_S1.);
#4930 = LINE('',#4931,#4932);
#4931 = CARTESIAN_POINT('',(211.82351237894,1.,641.00252798075));
#4932 = VECTOR('',#4933,1.);
#4933 = DIRECTION('',(-0.342020143326,0.,0.939692620786));
#4934 = PCURVE('',#4005,#4935);
#4935 = DEFINITIONAL_REPRESENTATION('',(#4936),#4939);
#4936 = B_SPLINE_CURVE_WITH_KNOTS('',1,(#4937,#4938),.UNSPECIFIED.,.F.,
  .F.,(2,2),(0.5,14.5),.PIECEWISE_BEZIER_KNOTS.);
#4937 = CARTESIAN_POINT('',(1.,1.));
#4938 = CARTESIAN_POINT('',(15.,1.));
#4939 = ( GEOMETRIC_REPRESENTATION_CONTEXT(2) 
PARAMETRIC_REPRESENTATION_CONTEXT() REPRESENTATION_CONTEXT('2D SPACE',''
  ) );
#4940 = PCURVE('',#3978,#4941);
#4941 = DEFINITIONAL_REPRESENTATION('',(#4942),#4945);
#4942 = B_SPLINE_CURVE_WITH_KNOTS('',1,(#4943,#4944),.UNSPECIFIED.,.F.,
  .F.,(2,2),(0.5,14.5),.PIECEWISE_BEZIER_KNOTS.);
#4943 = CARTESIAN_POINT('',(0.,-8.));
#4944 = CARTESIAN_POINT('',(14.,-8.));
#4945 = ( GEOMETRIC_REPRESENTATION_CONTEXT(2) 
PARAMETRIC_REPRESENTATION_CONTEXT() REPRESENTATION_CONTEXT('2D SPACE',''
  ) );
#4946 = ORIENTED_EDGE('',*,*,#4357,.F.);
#4947 = ADVANCED_FACE('',(#4948),#3978,.F.);
#4948 = FACE_BOUND('',#4949,.F.);
#4949 = EDGE_LOOP('',(#4950,#4951,#4952,#4953));
#4950 = ORIENTED_EDGE('',*,*,#4334,.F.);
#4951 = ORIENTED_EDGE('',*,*,#4928,.F.);
#4952 = ORIENTED_EDGE('',*,*,#3962,.T.);
#4953 = ORIENTED_EDGE('',*,*,#4954,.T.);
#4954 = EDGE_CURVE('',#3935,#4312,#4955,.T.);
#4955 = SURFACE_CURVE('',#4956,(#4960,#4967),.PCURVE_S1.);
#4956 = LINE('',#4957,#4958);
#4957 = CARTESIAN_POINT('',(211.65250230728,7.,641.47237429115));
#4958 = VECTOR('',#4959,1.);
#4959 = DIRECTION('',(-0.342020143326,0.,0.939692620786));
#4960 = PCURVE('',#3978,#4961);
#4961 = DEFINITIONAL_REPRESENTATION('',(#4962),#4966);
#4962 = LINE('',#4963,#4964);
#4963 = CARTESIAN_POINT('',(0.,-14.));
#4964 = VECTOR('',#4965,1.);
#4965 = DIRECTION('',(1.,0.));
#4966 = ( GEOMETRIC_REPRESENTATION_CONTEXT(2) 
PARAMETRIC_REPRESENTATION_CONTEXT() REPRESENTATION_CONTEXT('2D SPACE',''
  ) );
#4967 = PCURVE('',#3950,#4968);
#4968 = DEFINITIONAL_REPRESENTATION('',(#4969),#4973);
#4969 = LINE('',#4970,#4971);
#4970 = CARTESIAN_POINT('',(0.,0.));
#4971 = VECTOR('',#4972,1.);
#4972 = DIRECTION('',(1.,0.));
#4973 = ( GEOMETRIC_REPRESENTATION_CONTEXT(2) 
PARAMETRIC_REPRESENTATION_CONTEXT() REPRESENTATION_CONTEXT('2D SPACE',''
  ) );
#4974 = ADVANCED_FACE('',(#4975),#3950,.T.);
#4975 = FACE_BOUND('',#4976,.T.);
#4976 = EDGE_LOOP('',(#4977,#4978,#4979,#4980));
#4977 = ORIENTED_EDGE('',*,*,#3934,.F.);
#4978 = ORIENTED_EDGE('',*,*,#4954,.T.);
#4979 = ORIENTED_EDGE('',*,*,#4311,.T.);
#4980 = ORIENTED_EDGE('',*,*,#4285,.F.);
#4981 = ADVANCED_FACE('',(#4982,#5008),#4169,.F.);
#4982 = FACE_BOUND('',#4983,.F.);
#4983 = EDGE_LOOP('',(#4984,#5005,#5006,#5007));
#4984 = ORIENTED_EDGE('',*,*,#4985,.T.);
#4985 = EDGE_CURVE('',#4153,#4491,#4986,.T.);
#4986 = SURFACE_CURVE('',#4987,(#4991,#4998),.PCURVE_S1.);
#4987 = LINE('',#4988,#4989);
#4988 = CARTESIAN_POINT('',(251.30753090444,-3.57596865351E-15,
    655.90562433949));
#4989 = VECTOR('',#4990,1.);
#4990 = DIRECTION('',(-0.342020143326,0.,0.939692620786));
#4991 = PCURVE('',#4169,#4992);
#4992 = DEFINITIONAL_REPRESENTATION('',(#4993),#4997);
#4993 = LINE('',#4994,#4995);
#4994 = CARTESIAN_POINT('',(6.28318530718,-0.));
#4995 = VECTOR('',#4996,1.);
#4996 = DIRECTION('',(0.,1.));
#4997 = ( GEOMETRIC_REPRESENTATION_CONTEXT(2) 
PARAMETRIC_REPRESENTATION_CONTEXT() REPRESENTATION_CONTEXT('2D SPACE',''
  ) );
#4998 = PCURVE('',#4196,#4999);
#4999 = DEFINITIONAL_REPRESENTATION('',(#5000),#5004);
#5000 = LINE('',#5001,#5002);
#5001 = CARTESIAN_POINT('',(0.,-0.));
#5002 = VECTOR('',#5003,1.);
#5003 = DIRECTION('',(0.,1.));
#5004 = ( GEOMETRIC_REPRESENTATION_CONTEXT(2) 
PARAMETRIC_REPRESENTATION_CONTEXT() REPRESENTATION_CONTEXT('2D SPACE',''
  ) );
#5005 = ORIENTED_EDGE('',*,*,#4488,.F.);
#5006 = ORIENTED_EDGE('',*,*,#4876,.F.);
#5007 = ORIENTED_EDGE('',*,*,#4150,.T.);
#5008 = FACE_BOUND('',#5009,.F.);
#5009 = EDGE_LOOP('',(#5010));
#5010 = ORIENTED_EDGE('',*,*,#4563,.F.);
#5011 = ADVANCED_FACE('',(#5012),#4196,.F.);
#5012 = FACE_BOUND('',#5013,.F.);
#5013 = EDGE_LOOP('',(#5014,#5015,#5016,#5017));
#5014 = ORIENTED_EDGE('',*,*,#4514,.F.);
#5015 = ORIENTED_EDGE('',*,*,#4985,.F.);
#5016 = ORIENTED_EDGE('',*,*,#4181,.T.);
#5017 = ORIENTED_EDGE('',*,*,#4876,.T.);
#5018 = ( GEOMETRIC_REPRESENTATION_CONTEXT(3) 
GLOBAL_UNCERTAINTY_ASSIGNED_CONTEXT((#5022)) 
GLOBAL_UNIT_ASSIGNED_CONTEXT((#5019,#5020,#5021)) REPRESENTATION_CONTEXT
('Context #1','3D Context with UNIT and UNCERTAINTY') );
#5019 = ( LENGTH_UNIT() NAMED_UNIT(*) SI_UNIT(.MILLI.,.METRE.) );
#5020 = ( NAMED_UNIT(*) PLANE_ANGLE_UNIT() SI_UNIT($,.RADIAN.) );
#5021 = ( NAMED_UNIT(*) SI_UNIT($,.STERADIAN.) SOLID_ANGLE_UNIT() );
#5022 = UNCERTAINTY_MEASURE_WITH_UNIT(LENGTH_MEASURE(1.E-07),#5019,
  'distance_accuracy_value','confusion accuracy');
#5023 = CONTEXT_DEPENDENT_SHAPE_REPRESENTATION(#5024,#5026);
#5024 = ( REPRESENTATION_RELATIONSHIP('','',#3542,#10) 
REPRESENTATION_RELATIONSHIP_WITH_TRANSFORMATION(#5025) 
SHAPE_REPRESENTATION_RELATIONSHIP() );
#5025 = ITEM_DEFINED_TRANSFORMATION('','',#11,#31);
#5026 = PRODUCT_DEFINITION_SHAPE('Placement','Placement of an item',
  #5027);
#5027 = NEXT_ASSEMBLY_USAGE_OCCURRENCE('384','=>[0:1:1:8]','',#5,#3537,$
  );
#5028 = PRODUCT_RELATED_PRODUCT_CATEGORY('part',$,(#3539));
#5029 = SHAPE_DEFINITION_REPRESENTATION(#5030,#5036);
#5030 = PRODUCT_DEFINITION_SHAPE('','',#5031);
#5031 = PRODUCT_DEFINITION('design','',#5032,#5035);
#5032 = PRODUCT_DEFINITION_FORMATION('','',#5033);
#5033 = PRODUCT('COMPOUND','COMPOUND','',(#5034));
#5034 = PRODUCT_CONTEXT('',#2,'mechanical');
#5035 = PRODUCT_DEFINITION_CONTEXT('part definition',#2,'design');
#5036 = SHAPE_REPRESENTATION('',(#11,#5037,#5041),#5045);
#5037 = AXIS2_PLACEMENT_3D('',#5038,#5039,#5040);
#5038 = CARTESIAN_POINT('',(0.,0.,0.));
#5039 = DIRECTION('',(0.,0.,1.));
#5040 = DIRECTION('',(1.,0.,-0.));
#5041 = AXIS2_PLACEMENT_3D('',#5042,#5043,#5044);
#5042 = CARTESIAN_POINT('',(0.,0.,0.));
#5043 = DIRECTION('',(0.,0.,1.));
#5044 = DIRECTION('',(1.,0.,-0.));
#5045 = ( GEOMETRIC_REPRESENTATION_CONTEXT(3) 
GLOBAL_UNCERTAINTY_ASSIGNED_CONTEXT((#5049)) 
GLOBAL_UNIT_ASSIGNED_CONTEXT((#5046,#5047,#5048)) REPRESENTATION_CONTEXT
('Context #1','3D Context with UNIT and UNCERTAINTY') );
#5046 = ( LENGTH_UNIT() NAMED_UNIT(*) SI_UNIT(.MILLI.,.METRE.) );
#5047 = ( NAMED_UNIT(*) PLANE_ANGLE_UNIT() SI_UNIT($,.RADIAN.) );
#5048 = ( NAMED_UNIT(*) SI_UNIT($,.STERADIAN.) SOLID_ANGLE_UNIT() );
#5049 = UNCERTAINTY_MEASURE_WITH_UNIT(LENGTH_MEASURE(1.E-07),#5046,
  'distance_accuracy_value','confusion accuracy');
#5050 = CONTEXT_DEPENDENT_SHAPE_REPRESENTATION(#5051,#5053);
#5051 = ( REPRESENTATION_RELATIONSHIP('','',#5036,#10) 
REPRESENTATION_RELATIONSHIP_WITH_TRANSFORMATION(#5052) 
SHAPE_REPRESENTATION_RELATIONSHIP() );
#5052 = ITEM_DEFINED_TRANSFORMATION('','',#11,#35);
#5053 = PRODUCT_DEFINITION_SHAPE('Placement','Placement of an item',
  #5054);
#5054 = NEXT_ASSEMBLY_USAGE_OCCURRENCE('387','=>[0:1:1:9]','',#5,#5031,$
  );
#5055 = PRODUCT_RELATED_PRODUCT_CATEGORY('part',$,(#5033));
#5056 = SHAPE_DEFINITION_REPRESENTATION(#5057,#5063);
#5057 = PRODUCT_DEFINITION_SHAPE('','',#5058);
#5058 = PRODUCT_DEFINITION('design','',#5059,#5062);
#5059 = PRODUCT_DEFINITION_FORMATION('','',#5060);
#5060 = PRODUCT('SOLID','SOLID','',(#5061));
#5061 = PRODUCT_CONTEXT('',#2,'mechanical');
#5062 = PRODUCT_DEFINITION_CONTEXT('part definition',#2,'design');
#5063 = ADVANCED_BREP_SHAPE_REPRESENTATION('',(#11,#5064),#5162);
#5064 = MANIFOLD_SOLID_BREP('',#5065);
#5065 = CLOSED_SHELL('',(#5066,#5154,#5158));
#5066 = ADVANCED_FACE('',(#5067),#5080,.T.);
#5067 = FACE_BOUND('',#5068,.T.);
#5068 = EDGE_LOOP('',(#5069,#5103,#5126,#5153));
#5069 = ORIENTED_EDGE('',*,*,#5070,.F.);
#5070 = EDGE_CURVE('',#5071,#5071,#5073,.T.);
#5071 = VERTEX_POINT('',#5072);
#5072 = CARTESIAN_POINT('',(213.95682440793,12.,653.76032335327));
#5073 = SURFACE_CURVE('',#5074,(#5079,#5091),.PCURVE_S1.);
#5074 = CIRCLE('',#5075,4.);
#5075 = AXIS2_PLACEMENT_3D('',#5076,#5077,#5078);
#5076 = CARTESIAN_POINT('',(213.95682440793,12.,649.76032335327));
#5077 = DIRECTION('',(0.,1.,0.));
#5078 = DIRECTION('',(0.,-0.,1.));
#5079 = PCURVE('',#5080,#5085);
#5080 = CYLINDRICAL_SURFACE('',#5081,4.);
#5081 = AXIS2_PLACEMENT_3D('',#5082,#5083,#5084);
#5082 = CARTESIAN_POINT('',(213.95682440793,-12.,649.76032335327));
#5083 = DIRECTION('',(0.,1.,0.));
#5084 = DIRECTION('',(0.,-0.,1.));
#5085 = DEFINITIONAL_REPRESENTATION('',(#5086),#5090);
#5086 = LINE('',#5087,#5088);
#5087 = CARTESIAN_POINT('',(0.,24.));
#5088 = VECTOR('',#5089,1.);
#5089 = DIRECTION('',(1.,0.));
#5090 = ( GEOMETRIC_REPRESENTATION_CONTEXT(2) 
PARAMETRIC_REPRESENTATION_CONTEXT() REPRESENTATION_CONTEXT('2D SPACE',''
  ) );
#5091 = PCURVE('',#5092,#5097);
#5092 = PLANE('',#5093);
#5093 = AXIS2_PLACEMENT_3D('',#5094,#5095,#5096);
#5094 = CARTESIAN_POINT('',(213.95682440793,12.,649.76032335327));
#5095 = DIRECTION('',(0.,1.,0.));
#5096 = DIRECTION('',(0.,-0.,1.));
#5097 = DEFINITIONAL_REPRESENTATION('',(#5098),#5102);
#5098 = CIRCLE('',#5099,4.);
#5099 = AXIS2_PLACEMENT_2D('',#5100,#5101);
#5100 = CARTESIAN_POINT('',(0.,0.));
#5101 = DIRECTION('',(1.,0.));
#5102 = ( GEOMETRIC_REPRESENTATION_CONTEXT(2) 
PARAMETRIC_REPRESENTATION_CONTEXT() REPRESENTATION_CONTEXT('2D SPACE',''
  ) );
#5103 = ORIENTED_EDGE('',*,*,#5104,.F.);
#5104 = EDGE_CURVE('',#5105,#5071,#5107,.T.);
#5105 = VERTEX_POINT('',#5106);
#5106 = CARTESIAN_POINT('',(213.95682440793,-12.,653.76032335327));
#5107 = SEAM_CURVE('',#5108,(#5112,#5119),.PCURVE_S1.);
#5108 = LINE('',#5109,#5110);
#5109 = CARTESIAN_POINT('',(213.95682440793,-12.,653.76032335327));
#5110 = VECTOR('',#5111,1.);
#5111 = DIRECTION('',(0.,1.,0.));
#5112 = PCURVE('',#5080,#5113);
#5113 = DEFINITIONAL_REPRESENTATION('',(#5114),#5118);
#5114 = LINE('',#5115,#5116);
#5115 = CARTESIAN_POINT('',(6.28318530718,-0.));
#5116 = VECTOR('',#5117,1.);
#5117 = DIRECTION('',(0.,1.));
#5118 = ( GEOMETRIC_REPRESENTATION_CONTEXT(2) 
PARAMETRIC_REPRESENTATION_CONTEXT() REPRESENTATION_CONTEXT('2D SPACE',''
  ) );
#5119 = PCURVE('',#5080,#5120);
#5120 = DEFINITIONAL_REPRESENTATION('',(#5121),#5125);
#5121 = LINE('',#5122,#5123);
#5122 = CARTESIAN_POINT('',(0.,-0.));
#5123 = VECTOR('',#5124,1.);
#5124 = DIRECTION('',(0.,1.));
#5125 = ( GEOMETRIC_REPRESENTATION_CONTEXT(2) 
PARAMETRIC_REPRESENTATION_CONTEXT() REPRESENTATION_CONTEXT('2D SPACE',''
  ) );
#5126 = ORIENTED_EDGE('',*,*,#5127,.T.);
#5127 = EDGE_CURVE('',#5105,#5105,#5128,.T.);
#5128 = SURFACE_CURVE('',#5129,(#5134,#5141),.PCURVE_S1.);
#5129 = CIRCLE('',#5130,4.);
#5130 = AXIS2_PLACEMENT_3D('',#5131,#5132,#5133);
#5131 = CARTESIAN_POINT('',(213.95682440793,-12.,649.76032335327));
#5132 = DIRECTION('',(0.,1.,0.));
#5133 = DIRECTION('',(0.,-0.,1.));
#5134 = PCURVE('',#5080,#5135);
#5135 = DEFINITIONAL_REPRESENTATION('',(#5136),#5140);
#5136 = LINE('',#5137,#5138);
#5137 = CARTESIAN_POINT('',(0.,0.));
#5138 = VECTOR('',#5139,1.);
#5139 = DIRECTION('',(1.,0.));
#5140 = ( GEOMETRIC_REPRESENTATION_CONTEXT(2) 
PARAMETRIC_REPRESENTATION_CONTEXT() REPRESENTATION_CONTEXT('2D SPACE',''
  ) );
#5141 = PCURVE('',#5142,#5147);
#5142 = PLANE('',#5143);
#5143 = AXIS2_PLACEMENT_3D('',#5144,#5145,#5146);
#5144 = CARTESIAN_POINT('',(213.95682440793,-12.,649.76032335327));
#5145 = DIRECTION('',(0.,1.,0.));
#5146 = DIRECTION('',(0.,-0.,1.));
#5147 = DEFINITIONAL_REPRESENTATION('',(#5148),#5152);
#5148 = CIRCLE('',#5149,4.);
#5149 = AXIS2_PLACEMENT_2D('',#5150,#5151);
#5150 = CARTESIAN_POINT('',(0.,0.));
#5151 = DIRECTION('',(1.,0.));
#5152 = ( GEOMETRIC_REPRESENTATION_CONTEXT(2) 
PARAMETRIC_REPRESENTATION_CONTEXT() REPRESENTATION_CONTEXT('2D SPACE',''
  ) );
#5153 = ORIENTED_EDGE('',*,*,#5104,.T.);
#5154 = ADVANCED_FACE('',(#5155),#5092,.T.);
#5155 = FACE_BOUND('',#5156,.T.);
#5156 = EDGE_LOOP('',(#5157));
#5157 = ORIENTED_EDGE('',*,*,#5070,.T.);
#5158 = ADVANCED_FACE('',(#5159),#5142,.F.);
#5159 = FACE_BOUND('',#5160,.T.);
#5160 = EDGE_LOOP('',(#5161));
#5161 = ORIENTED_EDGE('',*,*,#5127,.F.);
#5162 = ( GEOMETRIC_REPRESENTATION_CONTEXT(3) 
GLOBAL_UNCERTAINTY_ASSIGNED_CONTEXT((#5166)) 
GLOBAL_UNIT_ASSIGNED_CONTEXT((#5163,#5164,#5165)) REPRESENTATION_CONTEXT
('Context #1','3D Context with UNIT and UNCERTAINTY') );
#5163 = ( LENGTH_UNIT() NAMED_UNIT(*) SI_UNIT(.MILLI.,.METRE.) );
#5164 = ( NAMED_UNIT(*) PLANE_ANGLE_UNIT() SI_UNIT($,.RADIAN.) );
#5165 = ( NAMED_UNIT(*) SI_UNIT($,.STERADIAN.) SOLID_ANGLE_UNIT() );
#5166 = UNCERTAINTY_MEASURE_WITH_UNIT(LENGTH_MEASURE(1.E-07),#5163,
  'distance_accuracy_value','confusion accuracy');
#5167 = CONTEXT_DEPENDENT_SHAPE_REPRESENTATION(#5168,#5170);
#5168 = ( REPRESENTATION_RELATIONSHIP('','',#5063,#5036) 
REPRESENTATION_RELATIONSHIP_WITH_TRANSFORMATION(#5169) 
SHAPE_REPRESENTATION_RELATIONSHIP() );
#5169 = ITEM_DEFINED_TRANSFORMATION('','',#11,#5037);
#5170 = PRODUCT_DEFINITION_SHAPE('Placement','Placement of an item',
  #5171);
#5171 = NEXT_ASSEMBLY_USAGE_OCCURRENCE('385','=>[0:1:1:10]','',#5031,
  #5058,$);
#5172 = PRODUCT_RELATED_PRODUCT_CATEGORY('part',$,(#5060));
#5173 = SHAPE_DEFINITION_REPRESENTATION(#5174,#5180);
#5174 = PRODUCT_DEFINITION_SHAPE('','',#5175);
#5175 = PRODUCT_DEFINITION('design','',#5176,#5179);
#5176 = PRODUCT_DEFINITION_FORMATION('','',#5177);
#5177 = PRODUCT('SOLID','SOLID','',(#5178));
#5178 = PRODUCT_CONTEXT('',#2,'mechanical');
#5179 = PRODUCT_DEFINITION_CONTEXT('part definition',#2,'design');
#5180 = ADVANCED_BREP_SHAPE_REPRESENTATION('',(#11,#5181),#5369);
#5181 = MANIFOLD_SOLID_BREP('',#5182);
#5182 = CLOSED_SHELL('',(#5183,#5271,#5275,#5310,#5365));
#5183 = ADVANCED_FACE('',(#5184),#5197,.T.);
#5184 = FACE_BOUND('',#5185,.T.);
#5185 = EDGE_LOOP('',(#5186,#5220,#5243,#5270));
#5186 = ORIENTED_EDGE('',*,*,#5187,.F.);
#5187 = EDGE_CURVE('',#5188,#5188,#5190,.T.);
#5188 = VERTEX_POINT('',#5189);
#5189 = CARTESIAN_POINT('',(235.19387763769,-23.6,653.28997859243));
#5190 = SURFACE_CURVE('',#5191,(#5196,#5208),.PCURVE_S1.);
#5191 = CIRCLE('',#5192,4.2);
#5192 = AXIS2_PLACEMENT_3D('',#5193,#5194,#5195);
#5193 = CARTESIAN_POINT('',(235.19387763769,-23.6,657.48997859243));
#5194 = DIRECTION('',(0.,-1.,0.));
#5195 = DIRECTION('',(0.,-0.,-1.));
#5196 = PCURVE('',#5197,#5202);
#5197 = CYLINDRICAL_SURFACE('',#5198,4.2);
#5198 = AXIS2_PLACEMENT_3D('',#5199,#5200,#5201);
#5199 = CARTESIAN_POINT('',(235.19387763769,-19.1,657.48997859243));
#5200 = DIRECTION('',(0.,-1.,0.));
#5201 = DIRECTION('',(0.,-0.,-1.));
#5202 = DEFINITIONAL_REPRESENTATION('',(#5203),#5207);
#5203 = LINE('',#5204,#5205);
#5204 = CARTESIAN_POINT('',(0.,4.5));
#5205 = VECTOR('',#5206,1.);
#5206 = DIRECTION('',(1.,0.));
#5207 = ( GEOMETRIC_REPRESENTATION_CONTEXT(2) 
PARAMETRIC_REPRESENTATION_CONTEXT() REPRESENTATION_CONTEXT('2D SPACE',''
  ) );
#5208 = PCURVE('',#5209,#5214);
#5209 = PLANE('',#5210);
#5210 = AXIS2_PLACEMENT_3D('',#5211,#5212,#5213);
#5211 = CARTESIAN_POINT('',(235.19387763769,-23.6,657.48997859243));
#5212 = DIRECTION('',(0.,-1.,0.));
#5213 = DIRECTION('',(0.,-0.,-1.));
#5214 = DEFINITIONAL_REPRESENTATION('',(#5215),#5219);
#5215 = CIRCLE('',#5216,4.2);
#5216 = AXIS2_PLACEMENT_2D('',#5217,#5218);
#5217 = CARTESIAN_POINT('',(0.,0.));
#5218 = DIRECTION('',(1.,0.));
#5219 = ( GEOMETRIC_REPRESENTATION_CONTEXT(2) 
PARAMETRIC_REPRESENTATION_CONTEXT() REPRESENTATION_CONTEXT('2D SPACE',''
  ) );
#5220 = ORIENTED_EDGE('',*,*,#5221,.F.);
#5221 = EDGE_CURVE('',#5222,#5188,#5224,.T.);
#5222 = VERTEX_POINT('',#5223);
#5223 = CARTESIAN_POINT('',(235.19387763769,-19.1,653.28997859243));
#5224 = SEAM_CURVE('',#5225,(#5229,#5236),.PCURVE_S1.);
#5225 = LINE('',#5226,#5227);
#5226 = CARTESIAN_POINT('',(235.19387763769,-19.1,653.28997859243));
#5227 = VECTOR('',#5228,1.);
#5228 = DIRECTION('',(0.,-1.,0.));
#5229 = PCURVE('',#5197,#5230);
#5230 = DEFINITIONAL_REPRESENTATION('',(#5231),#5235);
#5231 = LINE('',#5232,#5233);
#5232 = CARTESIAN_POINT('',(6.28318530718,-0.));
#5233 = VECTOR('',#5234,1.);
#5234 = DIRECTION('',(0.,1.));
#5235 = ( GEOMETRIC_REPRESENTATION_CONTEXT(2) 
PARAMETRIC_REPRESENTATION_CONTEXT() REPRESENTATION_CONTEXT('2D SPACE',''
  ) );
#5236 = PCURVE('',#5197,#5237);
#5237 = DEFINITIONAL_REPRESENTATION('',(#5238),#5242);
#5238 = LINE('',#5239,#5240);
#5239 = CARTESIAN_POINT('',(0.,-0.));
#5240 = VECTOR('',#5241,1.);
#5241 = DIRECTION('',(0.,1.));
#5242 = ( GEOMETRIC_REPRESENTATION_CONTEXT(2) 
PARAMETRIC_REPRESENTATION_CONTEXT() REPRESENTATION_CONTEXT('2D SPACE',''
  ) );
#5243 = ORIENTED_EDGE('',*,*,#5244,.T.);
#5244 = EDGE_CURVE('',#5222,#5222,#5245,.T.);
#5245 = SURFACE_CURVE('',#5246,(#5251,#5258),.PCURVE_S1.);
#5246 = CIRCLE('',#5247,4.2);
#5247 = AXIS2_PLACEMENT_3D('',#5248,#5249,#5250);
#5248 = CARTESIAN_POINT('',(235.19387763769,-19.1,657.48997859243));
#5249 = DIRECTION('',(0.,-1.,0.));
#5250 = DIRECTION('',(0.,-0.,-1.));
#5251 = PCURVE('',#5197,#5252);
#5252 = DEFINITIONAL_REPRESENTATION('',(#5253),#5257);
#5253 = LINE('',#5254,#5255);
#5254 = CARTESIAN_POINT('',(0.,0.));
#5255 = VECTOR('',#5256,1.);
#5256 = DIRECTION('',(1.,0.));
#5257 = ( GEOMETRIC_REPRESENTATION_CONTEXT(2) 
PARAMETRIC_REPRESENTATION_CONTEXT() REPRESENTATION_CONTEXT('2D SPACE',''
  ) );
#5258 = PCURVE('',#5259,#5264);
#5259 = PLANE('',#5260);
#5260 = AXIS2_PLACEMENT_3D('',#5261,#5262,#5263);
#5261 = CARTESIAN_POINT('',(235.19387763769,-19.1,657.48997859243));
#5262 = DIRECTION('',(0.,-1.,0.));
#5263 = DIRECTION('',(0.,-0.,-1.));
#5264 = DEFINITIONAL_REPRESENTATION('',(#5265),#5269);
#5265 = CIRCLE('',#5266,4.2);
#5266 = AXIS2_PLACEMENT_2D('',#5267,#5268);
#5267 = CARTESIAN_POINT('',(0.,0.));
#5268 = DIRECTION('',(1.,0.));
#5269 = ( GEOMETRIC_REPRESENTATION_CONTEXT(2) 
PARAMETRIC_REPRESENTATION_CONTEXT() REPRESENTATION_CONTEXT('2D SPACE',''
  ) );
#5270 = ORIENTED_EDGE('',*,*,#5221,.T.);
#5271 = ADVANCED_FACE('',(#5272),#5209,.T.);
#5272 = FACE_BOUND('',#5273,.T.);
#5273 = EDGE_LOOP('',(#5274));
#5274 = ORIENTED_EDGE('',*,*,#5187,.T.);
#5275 = ADVANCED_FACE('',(#5276,#5279),#5259,.F.);
#5276 = FACE_BOUND('',#5277,.F.);
#5277 = EDGE_LOOP('',(#5278));
#5278 = ORIENTED_EDGE('',*,*,#5244,.T.);
#5279 = FACE_BOUND('',#5280,.F.);
#5280 = EDGE_LOOP('',(#5281));
#5281 = ORIENTED_EDGE('',*,*,#5282,.F.);
#5282 = EDGE_CURVE('',#5283,#5283,#5285,.T.);
#5283 = VERTEX_POINT('',#5284);
#5284 = CARTESIAN_POINT('',(235.19387763769,-19.1,654.98997859243));
#5285 = SURFACE_CURVE('',#5286,(#5291,#5298),.PCURVE_S1.);
#5286 = CIRCLE('',#5287,2.5);
#5287 = AXIS2_PLACEMENT_3D('',#5288,#5289,#5290);
#5288 = CARTESIAN_POINT('',(235.19387763769,-19.1,657.48997859243));
#5289 = DIRECTION('',(0.,-1.,0.));
#5290 = DIRECTION('',(0.,-0.,-1.));
#5291 = PCURVE('',#5259,#5292);
#5292 = DEFINITIONAL_REPRESENTATION('',(#5293),#5297);
#5293 = CIRCLE('',#5294,2.5);
#5294 = AXIS2_PLACEMENT_2D('',#5295,#5296);
#5295 = CARTESIAN_POINT('',(0.,0.));
#5296 = DIRECTION('',(1.,0.));
#5297 = ( GEOMETRIC_REPRESENTATION_CONTEXT(2) 
PARAMETRIC_REPRESENTATION_CONTEXT() REPRESENTATION_CONTEXT('2D SPACE',''
  ) );
#5298 = PCURVE('',#5299,#5304);
#5299 = CYLINDRICAL_SURFACE('',#5300,2.5);
#5300 = AXIS2_PLACEMENT_3D('',#5301,#5302,#5303);
#5301 = CARTESIAN_POINT('',(235.19387763769,-10.4,657.48997859243));
#5302 = DIRECTION('',(0.,-1.,0.));
#5303 = DIRECTION('',(0.,-0.,-1.));
#5304 = DEFINITIONAL_REPRESENTATION('',(#5305),#5309);
#5305 = LINE('',#5306,#5307);
#5306 = CARTESIAN_POINT('',(0.,8.7));
#5307 = VECTOR('',#5308,1.);
#5308 = DIRECTION('',(1.,0.));
#5309 = ( GEOMETRIC_REPRESENTATION_CONTEXT(2) 
PARAMETRIC_REPRESENTATION_CONTEXT() REPRESENTATION_CONTEXT('2D SPACE',''
  ) );
#5310 = ADVANCED_FACE('',(#5311),#5299,.T.);
#5311 = FACE_BOUND('',#5312,.T.);
#5312 = EDGE_LOOP('',(#5313,#5314,#5337,#5364));
#5313 = ORIENTED_EDGE('',*,*,#5282,.F.);
#5314 = ORIENTED_EDGE('',*,*,#5315,.F.);
#5315 = EDGE_CURVE('',#5316,#5283,#5318,.T.);
#5316 = VERTEX_POINT('',#5317);
#5317 = CARTESIAN_POINT('',(235.19387763769,-10.4,654.98997859243));
#5318 = SEAM_CURVE('',#5319,(#5323,#5330),.PCURVE_S1.);
#5319 = LINE('',#5320,#5321);
#5320 = CARTESIAN_POINT('',(235.19387763769,-10.4,654.98997859243));
#5321 = VECTOR('',#5322,1.);
#5322 = DIRECTION('',(0.,-1.,0.));
#5323 = PCURVE('',#5299,#5324);
#5324 = DEFINITIONAL_REPRESENTATION('',(#5325),#5329);
#5325 = LINE('',#5326,#5327);
#5326 = CARTESIAN_POINT('',(6.28318530718,-0.));
#5327 = VECTOR('',#5328,1.);
#5328 = DIRECTION('',(0.,1.));
#5329 = ( GEOMETRIC_REPRESENTATION_CONTEXT(2) 
PARAMETRIC_REPRESENTATION_CONTEXT() REPRESENTATION_CONTEXT('2D SPACE',''
  ) );
#5330 = PCURVE('',#5299,#5331);
#5331 = DEFINITIONAL_REPRESENTATION('',(#5332),#5336);
#5332 = LINE('',#5333,#5334);
#5333 = CARTESIAN_POINT('',(0.,-0.));
#5334 = VECTOR('',#5335,1.);
#5335 = DIRECTION('',(0.,1.));
#5336 = ( GEOMETRIC_REPRESENTATION_CONTEXT(2) 
PARAMETRIC_REPRESENTATION_CONTEXT() REPRESENTATION_CONTEXT('2D SPACE',''
  ) );
#5337 = ORIENTED_EDGE('',*,*,#5338,.T.);
#5338 = EDGE_CURVE('',#5316,#5316,#5339,.T.);
#5339 = SURFACE_CURVE('',#5340,(#5345,#5352),.PCURVE_S1.);
#5340 = CIRCLE('',#5341,2.5);
#5341 = AXIS2_PLACEMENT_3D('',#5342,#5343,#5344);
#5342 = CARTESIAN_POINT('',(235.19387763769,-10.4,657.48997859243));
#5343 = DIRECTION('',(0.,-1.,0.));
#5344 = DIRECTION('',(0.,-0.,-1.));
#5345 = PCURVE('',#5299,#5346);
#5346 = DEFINITIONAL_REPRESENTATION('',(#5347),#5351);
#5347 = LINE('',#5348,#5349);
#5348 = CARTESIAN_POINT('',(0.,0.));
#5349 = VECTOR('',#5350,1.);
#5350 = DIRECTION('',(1.,0.));
#5351 = ( GEOMETRIC_REPRESENTATION_CONTEXT(2) 
PARAMETRIC_REPRESENTATION_CONTEXT() REPRESENTATION_CONTEXT('2D SPACE',''
  ) );
#5352 = PCURVE('',#5353,#5358);
#5353 = PLANE('',#5354);
#5354 = AXIS2_PLACEMENT_3D('',#5355,#5356,#5357);
#5355 = CARTESIAN_POINT('',(235.19387763769,-10.4,657.48997859243));
#5356 = DIRECTION('',(0.,-1.,0.));
#5357 = DIRECTION('',(0.,-0.,-1.));
#5358 = DEFINITIONAL_REPRESENTATION('',(#5359),#5363);
#5359 = CIRCLE('',#5360,2.5);
#5360 = AXIS2_PLACEMENT_2D('',#5361,#5362);
#5361 = CARTESIAN_POINT('',(0.,0.));
#5362 = DIRECTION('',(1.,0.));
#5363 = ( GEOMETRIC_REPRESENTATION_CONTEXT(2) 
PARAMETRIC_REPRESENTATION_CONTEXT() REPRESENTATION_CONTEXT('2D SPACE',''
  ) );
#5364 = ORIENTED_EDGE('',*,*,#5315,.T.);
#5365 = ADVANCED_FACE('',(#5366),#5353,.F.);
#5366 = FACE_BOUND('',#5367,.T.);
#5367 = EDGE_LOOP('',(#5368));
#5368 = ORIENTED_EDGE('',*,*,#5338,.F.);
#5369 = ( GEOMETRIC_REPRESENTATION_CONTEXT(3) 
GLOBAL_UNCERTAINTY_ASSIGNED_CONTEXT((#5373)) 
GLOBAL_UNIT_ASSIGNED_CONTEXT((#5370,#5371,#5372)) REPRESENTATION_CONTEXT
('Context #1','3D Context with UNIT and UNCERTAINTY') );
#5370 = ( LENGTH_UNIT() NAMED_UNIT(*) SI_UNIT(.MILLI.,.METRE.) );
#5371 = ( NAMED_UNIT(*) PLANE_ANGLE_UNIT() SI_UNIT($,.RADIAN.) );
#5372 = ( NAMED_UNIT(*) SI_UNIT($,.STERADIAN.) SOLID_ANGLE_UNIT() );
#5373 = UNCERTAINTY_MEASURE_WITH_UNIT(LENGTH_MEASURE(1.E-07),#5370,
  'distance_accuracy_value','confusion accuracy');
#5374 = CONTEXT_DEPENDENT_SHAPE_REPRESENTATION(#5375,#5377);
#5375 = ( REPRESENTATION_RELATIONSHIP('','',#5180,#5036) 
REPRESENTATION_RELATIONSHIP_WITH_TRANSFORMATION(#5376) 
SHAPE_REPRESENTATION_RELATIONSHIP() );
#5376 = ITEM_DEFINED_TRANSFORMATION('','',#11,#5041);
#5377 = PRODUCT_DEFINITION_SHAPE('Placement','Placement of an item',
  #5378);
#5378 = NEXT_ASSEMBLY_USAGE_OCCURRENCE('386','=>[0:1:1:11]','',#5031,
  #5175,$);
#5379 = PRODUCT_RELATED_PRODUCT_CATEGORY('part',$,(#5177));
ENDSEC;
END-ISO-10303-21;
